pnl_net,equity,drawdown,rolling_sharpe,rolling_expectancy,rolling_winrate
-0.06960724949118643,-0.06960724949118643,0.0,,,
-0.19796327410399925,-0.2675705235951857,-0.19796327410399925,,,
-0.7374793637087877,-1.0050498873039735,-0.935442637812787,,,
-0.30292077446397697,-1.3079706617679505,-1.2383634122767642,,,
-0.3612073103832042,-1.6691779721511546,-1.5995707226599682,,,
-0.28212940000000875,-1.9513073721511633,-1.881700122659977,,,
-0.45835005980798704,-2.4096574319591504,-2.340050182467964,,,
-0.29019434065438954,-2.69985177261354,-2.6302445231223537,,,
-0.10920627765600127,-2.8090580502695413,-2.739450800778355,,,
-0.09823415457920066,-2.907292204848742,-2.8376849553575556,,-0.2907292204848742,
-0.13097254801677652,-3.0382647528655187,-2.9686575033743323,,-0.27620588662413803,
-0.09483157724797439,-3.133096330113493,-3.0634890806223067,,-0.26109136084279105,
-0.40998359999995804,-3.5430799301134512,-3.473472680622265,,-0.272544610008727,
-0.32277000974401826,-3.8658499398574695,-3.796242690366283,,-0.2761321385612478,
-0.19993958060799516,-4.065789520465465,-3.9961822709742787,,-0.27105263469769764,
-0.3044149743199922,-4.370204494785457,-4.300597245294271,-11.607093974773269,-0.273137780924091,0.0
-0.379271792899984,-4.749476287685441,-4.679869038194255,-12.093931371035932,-0.27938095809914354,0.0
-0.270009616464009,-5.01948590414945,-4.949878654658264,-12.42022663913624,-0.2788603280083028,0.0
-0.7862895898799791,-5.8057754940294295,-5.736168244538243,-11.276099364737492,-0.30556713126470675,0.0
-0.1424098259167857,-5.948185319946215,-5.878578070455029,-11.061461470043113,-0.2974092659973107,0.0
-0.188337199999984,-6.136522519946199,-6.066915270455013,-11.05041876170478,-0.2922153580926761,0.0
-0.40202042908800073,-6.5385429490342,-6.468935699543014,-11.414538082252648,-0.2972064976833727,0.0
-0.20006078060799207,-6.738603729642192,-6.668996480151006,-11.436206980109402,-0.2929827708540083,0.0
-0.16045245035519415,-6.899056179997387,-6.8294489305062,-11.336281529077553,-0.2874606741665577,0.0
-1.3091933737063077,-8.208249553703695,-8.138642304212508,-8.715948075252108,-0.32832998214814774,0.0
-0.19452598060801363,-8.402775534311708,-8.333168284820522,-8.707087037007584,-0.32318367439660406,0.0
-0.2134791820479774,-8.616254716359686,-8.5466474668685,-8.733188654604364,-0.3191205450503587,0.0
-0.13612027822077077,-8.752374994580457,-8.68276774508927,-8.634304983514635,-0.31258482123501624,0.0
-0.395036445935994,-9.14741144051645,-9.077804191025264,-8.851243620544262,-0.31542798070746375,0.0
-0.4791274680815889,-9.62653890859804,-9.556931659106853,-9.094550275918381,-0.32088463028660125,0.0
-0.16036797039357914,-9.78690687899162,-9.717299629500433,-9.035578282734193,-0.3157066735158586,0.0
-0.44452943897599084,-10.23143631796761,-10.161829068476424,-9.257972588389109,-0.31973238493648776,0.0
-0.13743783959359696,-10.368874157561207,-10.29926690807002,-9.16205330480016,-0.314208307804885,0.0
-0.29899636422398274,-10.66787052178519,-10.598263272294004,-9.28605662093994,-0.31376089769956433,0.0
-0.4753166448800029,-11.143187166665193,-11.073579917174007,-9.4983909271243,-0.31837677619043403,0.0
-0.18036809445598856,-11.323555261121182,-11.253948011629996,-9.472632154816862,-0.3145432016978105,0.0
-0.19277207942243596,-11.516327340543619,-11.446720091052432,-9.468462015325711,-0.3112520902849626,0.0
-0.2550451951520015,-11.77137253569562,-11.701765286204434,-9.542622334922399,-0.3097729614656741,0.0
-0.18449807815034186,-11.955870613845963,-11.886263364354777,-9.5307967451152,-0.3065607849704092,0.0
-0.2927023999999751,-12.248573013845938,-12.178965764354752,-9.640857216268953,-0.30621432534614834,0.0
-0.18279847539998362,-12.431371489245922,-12.361764239754736,-9.62928088070247,-0.3032041826645346,0.0
-0.3616917623000101,-12.793063251545933,-12.723456002054746,-9.782732322751299,-0.30459674408442683,0.0
-0.16671980601602793,-12.95978305756196,-12.890175808070774,-9.749947475757887,-0.30139030366423153,0.0
-0.18426107523358637,-13.144044132795546,-13.07443688330436,-9.743812575820606,-0.2987282757453532,0.0
-0.24502449124001652,-13.389068624035563,-13.319461374544376,-9.807863898665369,-0.2975348583119013,0.0
-0.1206289878815585,-13.50969761191712,-13.440090362425934,-9.716502151377137,-0.2936890785199373,0.0
-0.3561058193919776,-13.865803431309098,-13.796196181817912,-9.857020791711301,-0.29501709428317224,0.0
-0.48198306662398954,-14.347786497933088,-14.278179248441901,-10.0117849036426,-0.29891221870693924,0.0
-0.06553236678398695,-14.413318864717075,-14.343711615225889,-9.832500078638926,-0.29414936458606267,0.0
-0.1313937425231786,-14.544712607240253,-14.475105357749067,-9.764778261725017,-0.290894252144805,0.0
-0.36723701967997624,-14.91194962692023,-14.842342377429043,-10.067009051692974,-0.2968468475485808,0.0
-0.2716752940719893,-15.18362492099222,-15.114017671501033,-10.138607021501384,-0.29832108794794054,0.0
-0.2044388399999908,-15.38806376099221,-15.318456511501024,-10.235166907149335,-0.2876602774737646,0.0
-0.15630296427358015,-15.54436672526579,-15.474759475774604,-10.088537788622661,-0.2847279212699567,0.0
-0.387309446999965,-15.931676172265755,-15.862068922774569,-10.095229057113274,-0.2852499640022919,0.0
-0.17187847371997428,-16.103554645985728,-16.03394739649454,-9.985722424686129,-0.28304494547669123,0.0
-0.1519499344048324,-16.25550458039056,-16.185897330899373,-9.807255324418387,-0.2769169429686281,0.0
0.08939477519199229,-16.16610980519857,-16.09650255570738,-9.239309289778692,-0.2693251606517005,0.02
-0.22250786017595525,-16.388617665374525,-16.319010415883337,-9.369465434904326,-0.27159119230209955,0.02
-0.25187687644000023,-16.640494541814526,-16.570887292323338,-9.544184150609329,-0.27466404673931555,0.02
-0.18755549603998728,-16.828050037854513,-16.758442788363325,-9.614024891336534,-0.2757957056997798,0.02
-0.14657776440479608,-16.97462780225931,-16.90502055276812,-9.688094032645534,-0.27683062944291625,0.02
-0.17313446831999904,-17.14776227057931,-17.078155021088122,-9.541263127044612,-0.272093646809317,0.02
-0.32201919112799327,-17.469781461707303,-17.400174212216115,-9.540913819086057,-0.27207863043699654,0.02
-0.4573800431999732,-17.927161504907275,-17.857554255416087,-9.655657555725282,-0.2772274396888361,0.02
-0.13341596543998135,-18.060577470347255,-17.990970220856067,-9.492066279710519,-0.2738074595112359,0.02
-0.18915117062398762,-18.24972864097124,-18.180121391480053,-9.370792895030213,-0.27000504706571593,0.02
0.3970776701360031,-17.85265097083524,-17.78304372134405,-8.097578297593614,-0.2566633013337157,0.04
-0.12743566444798304,-17.98008663528322,-17.910479385792033,-8.135841780076062,-0.24348622282507576,0.04
-0.42366965088960207,-18.403756286172822,-18.334149036681634,-8.285651294799205,-0.24911141932453212,0.04
-0.8167489229087921,-19.220505209081615,-19.150897959590427,-8.160863252769888,-0.2616796537827083,0.04
-0.09635085667998594,-19.316856065761602,-19.247248816270414,-7.961278581309249,-0.255566262334548,0.04
-2.0728998312799862,-21.38975589704159,-21.3201486475504,-6.08058273305981,-0.2930230433479879,0.04
-0.16872983492158292,-21.55848573196317,-21.488878482471982,-6.085133119122812,-0.29318859103931566,0.04
1.4104893914400076,-20.147996340523164,-20.078389091031976,-4.352278538962697,-0.23879493573638932,0.06
-0.2903979999999427,-20.438394340523107,-20.36878709103192,-4.3870744660554655,-0.2407123761242279,0.06
-0.14667021435917238,-20.58506455488228,-20.51545730539109,-4.360401545263151,-0.2393761967704518,0.06
-0.37805120000000125,-20.96311575488228,-20.893508505391093,-4.446357796998012,-0.2442148152060364,0.06
-0.13813703920477083,-21.101252794087053,-21.031645544595865,-4.356514485576488,-0.23907682707141198,0.06
-0.2865528599999904,-21.387805654087042,-21.318198404595854,-4.3023941060813815,-0.23522533490977998,0.06
-0.4415904328320279,-21.829396086919072,-21.759788837427884,-4.394870621970109,-0.24084978415854896,0.06
-0.17376809128798607,-22.003164178207058,-21.93355692871587,-4.307100073413421,-0.23543455720478884,0.06
-0.2784209999999784,-22.281585178207035,-22.211977928715847,-4.361064336538322,-0.2382542204129165,0.06
-0.05686249245604147,-22.338447670663076,-22.268840421171888,-4.264417496409524,-0.23341154297755767,0.06
-0.2456443898239662,-22.58409206048704,-22.514484810995853,-4.197178853430746,-0.22881809787643692,0.06
-0.21828510622560998,-22.802377166712652,-22.732769917221464,-4.211731031135316,-0.22957643811182937,0.06
-0.13706117731601453,-22.939438344028666,-22.869831094537478,-4.189276345706728,-0.22846222006970096,0.06
-0.16774476721599726,-23.107183111244662,-23.037575861753474,-4.156469798330494,-0.22671621151098084,0.06
-0.11925957828476907,-23.22644268952943,-23.156835440038243,-4.129862656053916,-0.2254114415136694,0.06
-0.138002914347985,-23.364445603877417,-23.29483835438623,-4.072456345038156,-0.22231745180062962,0.06
-0.08747453831997717,-23.451920142197395,-23.382312892706206,-4.033086022551639,-0.22041097305902949,0.06
-0.17507942163599022,-23.626999563833383,-23.557392314342195,-3.969741229940266,-0.21667872624574908,0.06
-0.5476925252943823,-24.174692089127767,-24.10508483963658,-4.080897130684717,-0.22429818063131615,0.06
-0.9334881536175801,-25.108180242745348,-25.03857299325416,-4.218785962020551,-0.23928272219899605,0.06
-1.163668986912002,-26.27184922965735,-26.20224198016616,-4.3231740764556505,-0.25765561211243576,0.06
-0.2058055825280079,-26.477654812185357,-26.40804756269417,-4.355740485178963,-0.2593591440053647,0.06
-0.3295165140951883,-26.807171326280546,-26.737564076789358,-4.3479015850199385,-0.2588273578994289,0.06
-0.14750020981439374,-26.95467153609494,-26.88506428660375,-4.245033778070566,-0.252137700763237,0.06
-0.24478556155194486,-27.199457097646885,-27.129849848155697,-4.3140614946542115,-0.2557227646585962,0.06
-0.31315811999998,-27.512615217646864,-27.443007968155676,-4.37858524688703,-0.25935805220813224,0.06
-0.21308986501438132,-27.725705082661246,-27.656097833170058,-4.32899932139607,-0.2562751091148203,0.06
-0.3405965348296082,-28.066301617490854,-27.996694367999666,-4.350601175228715,-0.2576535339299727,0.06
-0.43148199999998876,-28.497783617490843,-28.428176367999654,-4.420637522525877,-0.26219439712997267,0.06
-0.2934680456105004,-28.79125166310134,-28.721644413610154,-4.469587233924217,-0.2649376987567111,0.06
-0.37075768078271953,-29.162009343884062,-29.092402094392874,-4.464963983693709,-0.26460666343236616,0.06
-0.3516895884799933,-29.513698932364054,-29.444091682872866,-4.526074835078539,-0.2682028857275665,0.06
-0.38751599999997455,-29.901214932364027,-29.83160768287284,-4.605683071616122,-0.2729142070394694,0.06
-0.4063211999999927,-30.30753613236402,-30.237928882872833,-4.805510774453693,-0.2828285265433091,0.04
-0.3025199000000065,-30.610056032364028,-30.54044878287284,-4.833643389308922,-0.2844287673397901,0.04
-0.2446099615040016,-30.85466599386803,-30.78505874437684,-4.831027023919276,-0.2842834290410701,0.04
-0.24978178987199917,-31.104447783740028,-31.03484053424884,-4.854487961127637,-0.2855279549177104,0.04
-0.3580575900159834,-31.462505373756013,-31.392898124264825,-4.9306595282012164,-0.2897575514299341,0.04
-0.32248730770396516,-31.78499268145998,-31.71538543196879,-4.985236394636093,-0.29274460821761344,0.04
-0.6212681746343334,-32.40626085609431,-32.33665360660313,-5.056375058637272,-0.29872958788774023,0.04
-0.3616033298863549,-32.76786418598067,-32.698256936489486,-5.030124107311668,-0.29681405362146784,0.04
-0.3294446840879735,-33.097308870068645,-33.02770162057746,-5.104313308658958,-0.3007346279944277,0.04
-0.22857628480800027,-33.325885154876644,-33.25627790538546,-5.119842888652611,-0.301523130278108,0.04
-0.33462247655197214,-33.660507631428615,-33.59090038193743,-5.529345213318542,-0.31615713321186745,0.02
-0.4184045502621605,-34.078912181690775,-34.00930493219959,-5.640395408269469,-0.321976510928151,0.02
0.25903116902402307,-33.819881012666755,-33.75027376317557,-5.298803382788672,-0.30832249452987853,0.04
-0.20672594748556683,-34.02660696015232,-33.95699971066114,-5.167756857749343,-0.296122035021414,0.04
-0.30118739999997923,-34.3277943601523,-34.25818711066112,-5.252294722947009,-0.3002187658878139,0.04
-0.6158241186799948,-34.9436184788323,-34.874011229341114,-6.011908993719516,-0.27107725163581403,0.04
-0.4046651999999947,-35.348283678832296,-35.27867642934111,-6.112798157388527,-0.27579595893738224,0.04
-0.5123934832640114,-35.86067716209631,-35.791069912605124,-10.527872093972997,-0.31425361643146266,0.02
-0.39558527999999793,-36.25626244209631,-36.18665519260512,-10.584520985128362,-0.3163573620314638,0.02
-0.40357478000000324,-36.659837222096314,-36.59022997260513,-10.811041720191485,-0.3214954533442804,0.02
-0.40061918399997476,-37.060456406096286,-36.9908491566051,-10.818755218767405,-0.32194681302427985,0.02
-0.20667042747116293,-37.267126833567445,-37.19751958407626,-10.91569752392514,-0.3233174807896077,0.02
-0.15550506418560378,-37.42263189775305,-37.353024648261865,-10.762470555372175,-0.32069652487332,0.02
-0.1406618362799671,-37.56329373403302,-37.49368648454183,-10.522666679315629,-0.31467795294227874,0.02
-0.4316385999999752,-37.994932334032995,-37.92532508454181,-10.713125762925515,-0.31983536311651856,0.02
-0.29332436340542095,-38.28825669743841,-38.21864944794723,-10.725557103436227,-0.3201334303846274,0.02
-0.29185519999997434,-38.580111897438385,-38.5105046479472,-11.057198161776835,-0.32483328453550603,0.02
-0.16911916563198331,-38.74923106307037,-38.679623813579184,-10.959835486610398,-0.3233027800516664,0.02
-0.30103199999996266,-39.05026306307033,-38.98065581357915,-11.04305115642188,-0.32495771792715344,0.02
-0.3884846799999517,-39.43874774307029,-39.3691404935791,-11.299160464678309,-0.32998618798083224,0.02
-0.2790319999999904,-39.71777974307028,-39.6481724935791,-11.439865762305818,-0.332211932636512,0.02
-0.38263679999996636,-40.100416543070246,-40.03080929357906,-11.745006213027784,-0.33747947707081594,0.02
-0.30424952000000005,-40.404666063070245,-40.33505881357906,-11.975093618107824,-0.34080440918385635,0.02
-0.4425181589087871,-40.847184221979035,-40.77757697248785,-12.398342159254463,-0.3479052815956325,0.02
-0.24489836140793542,-41.09208258338697,-41.022475333895784,-12.509760015233313,-0.34930166039107136,0.02
-0.34772478771200466,-41.43980737109897,-41.37020012160779,-12.495918894343312,-0.3453023056394239,0.02
-0.4057785300000077,-41.84558590109898,-41.775978651607794,-13.395882328367511,-0.33474811316707237,0.02
-0.567978040166385,-42.413563941265366,-42.34395669177418,-16.817024447237774,-0.32283429423216004,0.02
-0.5126744000000142,-42.92623834126538,-42.8566310917742,-16.949557586973885,-0.32897167058160015,0.02
-0.8909356155599878,-43.81717395682537,-43.74756670733419,-15.206550187227444,-0.34020005261089614,0.02
-0.5072860165559838,-44.32445997338135,-44.25485272389017,-15.601959525751461,-0.347395768745728,0.02
-0.30936060000000937,-44.633820573381364,-44.56421332389018,-15.718186999254158,-0.3486872695146892,0.02
-0.6327590130579106,-45.26657958643928,-45.19697233694809,-15.52545881746926,-0.3550792873758478,0.02
-0.2988143999999646,-45.56539398643924,-45.495786736948055,-15.703691525449743,-0.3567937780755595,0.02
-0.30405759999999576,-45.86945158643923,-45.79984433694805,-15.656418389932309,-0.3560629993789673,0.02
-0.40489439999999777,-46.27434598643923,-46.204738736948045,-15.653131061377692,-0.35553124737896746,0.02
-0.393579048816001,-46.66792503525523,-46.598317785764046,-15.75720301934358,-0.35753346744307746,0.02
-0.4003777400000085,-47.06830277525524,-46.998695525764056,-15.773245949225068,-0.35812586862742324,0.02
-0.2616095669759775,-47.32991234223122,-47.26030509274003,-15.638709781004815,-0.356324268197343,0.02
-0.5263358715359518,-47.85624821376717,-47.78664096427598,-15.595929490203403,-0.3591006656280624,0.02
-0.44639994640634073,-48.302648160173504,-48.23304091068232,-15.59923655413828,-0.35990224055618947,0.02
-0.18919179999997615,-48.49183996017348,-48.422232710682295,-15.354060498866476,-0.3576356785561889,0.02
-0.3191159087999688,-48.81095586897345,-48.74134861948227,-15.483250750163647,-0.35912579750210816,0.02
-1.4444462232959743,-50.25540209226943,-50.18579484277824,-12.155040840185844,-0.3830190861705877,0.02
-0.3853440207359997,-50.64074611300543,-50.57113886351424,-12.173910620581658,-0.383564814784988,0.02
-0.5515539363999631,-51.19230004940539,-51.122692799914205,-12.261546941276329,-0.3881461473589079,0.02
-0.39908454205699984,-51.591384591462386,-51.5217773419712,-12.25699395075663,-0.38370247470736124,0.02
-0.24159593285517603,-51.83298052431756,-51.76337327482638,-12.132339582286198,-0.3813023267667377,0.02
-0.32537878070399895,-52.15835930502156,-52.08875205553038,-12.128676848752448,-0.38122100869905823,0.02
-0.3065439777279829,-52.464903282749546,-52.39529603325836,-12.222524174013547,-0.3827803625574579,0.02
-0.3793415049863894,-52.84424478773594,-52.774637538244754,-12.256950922441053,-0.38367474312614624,0.02
-0.6001148649040056,-53.444359652639946,-53.37475240314876,-12.260994913051077,-0.38730894941898314,0.02
-0.6918828729119975,-54.13624252555194,-54.06663527606076,-13.850681835245163,-0.4063272302577036,0.0
-1.1155712153825803,-55.25181374093452,-55.18220649144334,-13.167855547623342,-0.42450413561564376,0.0
-0.5697246384479915,-55.82153837938252,-55.75193112989133,-13.323074565201427,-0.42987488038460403,0.0
-0.46157804367997546,-56.283116423062495,-56.21350917357131,-13.314843070782647,-0.42678995888460364,0.0
-0.5593618311640114,-56.842478254226506,-56.77287100473532,-13.368220268598296,-0.429883891507884,0.0
-0.5584896622079799,-57.40096791643449,-57.331360666943304,-13.371854780071208,-0.4308058150867633,0.0
-0.40086895999999017,-57.80183687643448,-57.732229626943294,-13.376023583593584,-0.4309114886867632,0.0
-0.9776481113599329,-58.77948498779441,-58.70987773830323,-13.020271873575075,-0.44239295531396183,0.0
-0.5785658040831976,-59.35805079187761,-59.288443542386425,-13.088414741980362,-0.44595188771562627,0.0
-0.40506209999999077,-59.7631128918776,-59.69350564238641,-13.335004988345641,-0.4499197211662028,0.0
-0.3602480134399744,-60.12336090531757,-60.053753655826384,-13.648296465314717,-0.45401458015129026,0.0
-0.6458011037026479,-60.769162009020214,-60.69955475952903,-14.122803574226738,-0.46411736549974386,0.0
-0.3433201873759887,-61.1124821963962,-61.042874946905016,-14.034319524709227,-0.4623509972472641,0.0
-0.13242375056064948,-61.24490594695685,-61.175298697465664,-13.736198164222314,-0.4591329849903687,0.0
-0.3658643889119942,-61.61077033586884,-61.54116308637766,-13.828571334224064,-0.4606131687686091,0.0
-0.3350915801279989,-61.94586191599684,-61.87625466650566,-14.106764955222602,-0.46393261705852934,0.0
-0.4087367713919715,-62.354598687388815,-62.28499143789763,-14.23484435513777,-0.46608671248636957,0.0
-0.30145379999997246,-62.65605248738879,-62.58644523789761,-14.126631775427844,-0.46434609488637,0.0
-0.3037875200000033,-62.95984000738879,-62.89023275789761,-14.164193695890143,-0.4648412052863703,0.0
-0.19429794911997758,-63.15413795650877,-63.084530707017585,-13.881016551438709,-0.4610744282687705,0.0
-0.3116929199999911,-63.46583087650876,-63.39622362701758,-13.891241596721752,-0.46122329626877034,0.0
-0.38528219999997115,-63.85111307650873,-63.78150582701755,-13.843330594051691,-0.460078577090594,0.0
-0.3774628846455924,-64.22857596115432,-64.15896871166314,-14.024615263715074,-0.4627298675553471,0.0
-0.4045111399999769,-64.6330871011543,-64.56347985166312,-14.084681562317943,-0.4638655946011066,0.0
-0.40587399999998464,-65.03896110115429,-64.9693538516631,-14.084768320483724,-0.46386750400110605,0.0
-0.6721728741479501,-65.71113397530223,-65.64152672581105,-14.064435329503752,-0.46595140068073737,0.0
1.0357375397712523,-64.67539643553098,-64.6057891860398,-9.776617864117876,-0.4349831618853121,0.02
-0.28032619476799714,-64.95572263029898,-64.8861153808078,-9.691426837815861,-0.42277097346947223,0.02
-0.6366847436940399,-65.59240737399301,-65.52280012450183,-9.711757394770183,-0.42535894801223334,0.02
-0.886279785895972,-66.47868715988898,-66.4090799103978,-9.780992801288868,-0.4368973317301526,0.02
-0.6017265582327602,-67.08041371812173,-67.01080646863055,-9.778094055304251,-0.43627668263364966,0.02
-0.20644339999999,-67.28685711812172,-67.21724986863053,-9.70383484509246,-0.4344292626336501,0.02
0.044128838368874046,-67.24272827975284,-67.17312103026165,-9.354636293119928,-0.4274655338662727,0.04
-0.6000951451439261,-67.84282342489676,-67.77321617540558,-9.41438094739867,-0.43136954876915135,0.04
-0.5251065529776079,-68.36792997787437,-68.29832272838318,-9.465470124544252,-0.4340000988523835,0.04
-0.1155337575200017,-68.48346373539437,-68.41385648590318,-9.254755153023073,-0.42830321920278336,0.04
-0.44578713463197417,-68.92925087002634,-68.85964362053515,-9.35899158138576,-0.43198677055590323,0.04
-0.2180549688757045,-69.14730583890204,-69.07769858941086,-9.195281603017074,-0.4258211525026983,0.04
-0.5958021657055749,-69.74310800460762,-69.67350075511644,-9.23569966946709,-0.428809196888683,0.04
-0.832730599479979,-70.5758386040876,-70.50623135459641,-9.428049481713696,-0.441679972878283,0.04
-0.31243239999999994,-70.8882710040876,-70.81866375459641,-9.423751736778687,-0.4415463027022837,0.04
-0.29954999999999266,-71.1878210040876,-71.11821375459641,-9.893473487567828,-0.4186483782363641,0.04
-0.08785587573599955,-71.27567687982359,-71.20606963033241,-9.6388379830015,-0.41269861533636404,0.04
-0.33147401003200916,-71.6071508898556,-71.53754364036442,-9.550270651719405,-0.408297016809005,0.04
-0.32584558564794613,-71.93299647550354,-71.86338922601236,-9.509137457801932,-0.40683223768082394,0.04
-0.38451070491917144,-72.31750718042271,-72.24789993093152,-9.60454747915619,-0.4096905331221038,0.04
-0.4916975846223073,-72.80920476504501,-72.73959751555383,-9.683526033387507,-0.41301690920046996,0.04
-0.4032875136705408,-73.21249227871554,-73.14288502922436,-9.741138343238982,-0.4149517799193211,0.04
-0.46558681857598233,-73.67807909729153,-73.60847184780035,-9.780394703268152,-0.416676686191113,0.04
-0.5124040254399791,-74.19048312273151,-74.12087587324032,-9.765769825752635,-0.4149224694018324,0.04
-0.4312335999999478,-74.62171672273145,-74.55210947324026,-9.727284921335732,-0.4097094839435914,0.04
-0.4815327166319818,-75.10324943936342,-75.03364218987224,-10.008591352491468,-0.3970287139685794,0.04
-0.3396122681743865,-75.44286170753782,-75.37325445804663,-9.927442417818177,-0.3924264665631074,0.04
-0.4424245306415786,-75.88528623817939,-75.8156789886882,-9.920659217286625,-0.3920433963023395,0.04
-0.30922061872637796,-76.19450685690576,-76.12489960741458,-9.822264693291727,-0.3870405720535868,0.04
-0.6042433540063643,-76.79875021091213,-76.72914296142095,-9.823066307207402,-0.3879556458895545,0.04
-0.19042849613599713,-76.98917870704813,-76.91957145755694,-9.669542988797406,-0.38374683661227466,0.04
-0.6051211460639913,-77.59429985311212,-77.52469260362093,-9.873875029071817,-0.3762962973063558,0.04
-0.335257180127964,-77.92955703324009,-77.8599497837489,-9.800882787071115,-0.37143012482725113,0.04
-0.6117045747119865,-78.54126160795208,-78.4716543584609,-9.833890121931486,-0.375562974321491,0.04
-0.30533880000001634,-78.8466004079521,-78.77699315846091,-9.798906763874875,-0.37446479005269184,0.04
-0.20641119999999638,-79.05301160795209,-78.9834043584609,-9.634141018974818,-0.3656769919786388,0.04
-0.29241991999998634,-79.34543152795207,-79.27582427846089,-9.600905262465387,-0.3646589866311188,0.04
-0.22522228192799282,-79.57065380988007,-79.50104656038889,-9.696479681121115,-0.36651495725846567,0.04
-0.31063670501597507,-79.88129051489605,-79.81168326540487,-9.663118153862623,-0.3654104035805452,0.04
-0.2998371746079437,-80.181127689504,-80.11152044001281,-9.639948991910384,-0.3647053154701442,0.04
-0.3878472837119592,-80.56897497321596,-80.49936772372477,-9.630806191890693,-0.36428752571654394,0.04
-0.6417283269839047,-81.21070330019987,-81.14109605070868,-9.715168022345912,-0.3710930162562226,0.04
-0.4311087291966097,-81.64181202939648,-81.57220477990529,-9.783512760307135,-0.3736394404401547,0.04
-0.2520431602559684,-81.89385518965244,-81.82424794016126,-9.837312759914912,-0.37479434466287453,0.04
-0.3363260817839705,-82.23018127143641,-82.16057402194522,-9.853657740064756,-0.37528700789855407,0.04
-0.4312335999999478,-82.66141487143635,-82.59180762194516,-9.873721232322415,-0.3762060358985536,0.04
-0.3000395999999769,-82.96145447143633,-82.89184722194514,-9.825395702642037,-0.37465757020564133,0.04
-0.2777447561696007,-83.23919922760592,-83.16959197811474,-9.747945609202166,-0.37212224252903375,0.04
-0.30039680000001096,-83.53959602760594,-83.46998877811475,-9.687656780008794,-0.37001269852903435,0.04
-0.5886496453119437,-84.12824567291788,-84.0586384234267,-9.702140913033329,-0.3683422339523142,0.04
-0.9125580160399649,-85.04080368895785,-84.97119643946667,-14.964148686213669,-0.40730814506853846,0.02
-0.34403374467836983,-85.38483743363622,-85.31523018414504,-15.060650860549938,-0.408582296066746,0.02
-0.15179720647680545,-85.53663464011302,-85.46702739062184,-14.666541300568554,-0.3988845453224013,0.02
-0.2093249525241397,-85.74595959263716,-85.67635234314598,-15.052590564015222,-0.3853454486549646,0.02
-0.4571248401279658,-86.20308443276512,-86.13347718327394,-15.13528092687556,-0.3824534142928687,0.02
-0.4317869982069639,-86.63487143097208,-86.5652641814809,-15.45743034557255,-0.3869602862570083,0.02
-0.39697310275997055,-87.03184453373206,-86.96223728424087,-16.863247016930853,-0.3957823250795851,0.0
-0.36068459857835006,-87.3925291323104,-87.32292188281922,-16.917072472001376,-0.39099411414827356,0.0
-0.3933283199999535,-87.78585745231035,-87.71625020281917,-16.91954419935274,-0.38835854948872045,0.0
-0.2983754599999905,-88.08423291231034,-88.01462566281916,-17.53058912146512,-0.3920153835383203,0.0
-0.4016983999999547,-88.4859313123103,-88.41632406281911,-17.511034362070188,-0.3911336088456799,0.0
-0.7536984799679818,-89.23962979227828,-89.1700225427871,-17.337426406300434,-0.40184647906752546,0.0
-0.5808286838479355,-89.82045847612622,-89.75085122663504,-17.360664073128632,-0.40154700943037264,0.0
-0.4015935999999768,-90.22205207612619,-90.152444826635,-18.33756905332302,-0.39292426944077263,0.0
-0.20634679999998295,-90.42839887612617,-90.35879162663498,-18.019261961403267,-0.3908025574407722,0.0
-0.10565093260803349,-90.5340498087342,-90.46444255924301,-17.31653802745751,-0.38692457609293307,0.0
-0.348646387711947,-90.88269619644615,-90.81308894695496,-18.213898616585247,-0.392140386332452,0.0
-0.3055457999999765,-91.18824199644612,-91.11863474695494,-18.16002466982824,-0.3916218221318114,0.0
-0.4015261677143317,-91.58976816416046,-91.52016091466928,-18.264357790098305,-0.39313543377313903,0.0
-0.2815049951769838,-91.87127315933745,-91.80166590984626,-18.07390928310425,-0.3910753195782954,0.0
-0.29266012000000985,-92.16393327933746,-92.09432602984627,-17.899354957985615,-0.38709457028584937,0.0
-0.289833573119995,-92.45376685245745,-92.38415960296626,-17.72679068044433,-0.38482549147483847,0.0
-0.4078099199999585,-92.86157677245741,-92.79196952296623,-17.719196750041768,-0.383669953503318,0.0
-0.05428716726397846,-92.91586393972139,-92.8462566902302,-16.683014906469435,-0.374507616339798,0.0
-0.2854054587526045,-93.201269398474,-93.13166214898281,-16.52494099397256,-0.3715910535148511,0.0
-0.373775620064015,-93.575045018538,-93.50543776904682,-16.509712547166764,-0.36943591158349176,0.0
-0.7736202309143695,-94.34866524945238,-94.2790579999612,-15.918620727425314,-0.37811607083829135,0.0
-0.4284599999999571,-94.77712524945234,-94.70751799996115,-15.91592021833493,-0.37783678022545897,0.0
-0.30596397407996523,-95.0830892235323,-95.01348197404111,-15.910594625965988,-0.3777716473325307,0.0
-0.3585432101759929,-95.44163243370829,-95.37202518421711,-16.002351408646998,-0.3728576444559233,0.0
-0.27867599135997034,-95.72030842506827,-95.65070117557708,-16.225610948796017,-0.3746225943604028,0.0
-0.18099174772800858,-95.90130017279628,-95.8316929233051,-15.973907686869362,-0.36614000639368316,0.0
-0.730848082799949,-96.63214825559623,-96.56254100610505,-15.572662255885886,-0.3740518244471228,0.0
-0.15587961566636838,-96.7880278712626,-96.71842062177141,-15.262242508708587,-0.3649353252662105,0.0
-0.15616496271597588,-96.94419283397858,-96.87458558448739,-14.932094132692905,-0.3619518485205297,0.0
-0.6086641628879776,-97.55285699686655,-97.48324974737537,-15.093167897432131,-0.3699969077782893,0.0
-1.0002560060387928,-98.55311300290535,-98.48350575341416,-13.995424739947845,-0.38415362949906545,0.0
-0.4027631999999698,-98.95587620290532,-98.88626895341413,-14.221547542289738,-0.3877044478605049,0.0
-0.47040641689600227,-99.42628261980131,-99.35667537031013,-14.337255836263134,-0.3908998420981055,0.0
-0.4042030279999879,-99.8304856478013,-99.76087839831011,-14.4462392614941,-0.3929871591659464,0.0
-0.4808370453599926,-100.31132269316129,-100.2417154436701,-14.485203051379516,-0.39484695439890705,0.0
-0.49026372220961456,-100.8015864153709,-100.73197916587972,-14.580816904086447,-0.3918176623034212,0.0
-0.40185467999995805,-101.20344109537086,-101.13383384587968,-14.564935590472013,-0.39123258131948824,0.0
-0.19413843487085164,-101.39757953024171,-101.32797228075053,-14.444333973824595,-0.39007448681178586,0.0
-0.48213226565997896,-101.8797117959017,-101.81010454641051,-14.531765878286294,-0.39299061048930606,0.0
-0.19102819999998633,-102.07073999590169,-102.0011327464105,-14.206588714280336,-0.3881865024893068,0.0
-0.15318331403515795,-102.22392330993685,-102.15431606044567,-13.924781176603672,-0.3852493767700104,0.0
-0.5172720510719846,-102.74119536100883,-102.67158811151765,-14.080560647628259,-0.3900399226680581,0.0
-0.3030416399999891,-103.04423700100882,-102.97462975151764,-14.084185901041213,-0.3900928194680576,0.0
-0.5154839999999484,-103.55972100100877,-103.49011375151758,-14.11926859607611,-0.38862950656181783,0.0
-0.31869680057600147,-103.87841780158477,-103.80881055209359,-14.812267859772895,-0.37675228225253854,0.0
-0.278819991359972,-104.15723779294474,-104.08763054345356,-14.72264729164525,-0.3754480071861706,0.0
-1.1038302144143584,-105.2610680073591,-105.19146075786792,-13.649567432496585,-0.39448866734492155,0.0
-0.6141511970663666,-105.87521920442546,-105.80561195493428,-13.894199482236957,-0.4025851922357662,0.0
-0.482030744471997,-106.35724994889746,-106.28764269940628,-13.900386060749033,-0.40308331032264677,0.0
-0.7474563866639832,-107.10470633556145,-107.03509908607026,-13.744692496874551,-0.4093966980917872,0.0
-0.6274912545279722,-107.73219759008941,-107.66259034059823,-13.75648832960092,-0.41400706112714725,0.0
-0.7834576133999633,-108.51565520348937,-108.44604795399819,-13.650829176239824,-0.4224625214235795,0.0
-0.7924500907199893,-109.30810529420937,-109.23849804471818,-13.538241043891482,-0.4304449568379802,0.0
-1.2185694695119444,-110.52667476372132,-110.45706751423013,-12.717708708241075,-0.44884883702821926,0.0
-0.3583768364319918,-110.8850516001533,-110.81544435066212,-12.681101934358878,-0.44798240575686,0.0
-0.8490813080383894,-111.7341329081917,-111.66452565870051,-12.60005810926466,-0.4498900623182682,0.0
-0.5614087236155711,-112.29554163180727,-112.22593438231608,-12.598504620886894,-0.4495016631136209,0.0
-0.45606795907199715,-112.75160959087927,-112.68200234138808,-12.633629165056625,-0.45059115029506125,0.0
-0.6396000787199975,-113.39120966959926,-113.32160242010808,-12.932996975501464,-0.4592562158694616,0.0
-0.7458284442495887,-114.13703811384885,-114.06743086435766,-13.402643810455311,-0.47205976610229267,0.0
-0.5161344276479702,-114.65317254149682,-114.58356529200563,-13.527988479002731,-0.4754095269010131,0.0
-2.4840174900822465,-117.13719003157907,-117.06758278208788,-9.809003714107062,-0.5189789607026585,0.0
-1.8892323089199077,-119.02642234049897,-118.95681509100778,-9.239560742143027,-0.5487330835267701,0.0
-0.5621264587519781,-119.58854879925094,-119.51894154975976,-9.372837637240256,-0.5543455127982699,0.0
-0.6384946070159765,-120.22704340626692,-120.15743615677573,-9.524586671168247,-0.5612622025385893,0.0
-0.6259500513599927,-120.85299345762691,-120.78338620813572,-9.67874372338589,-0.5679845321033893,0.0
-0.7120080950400101,-121.56500155266691,-121.49539430317573,-9.786262492644857,-0.5740684956041903,0.0
-0.31266599999999123,-121.8776675526669,-121.80806030317572,-9.993067599642234,-0.5792360722589105,0.0
-0.3873337999999519,-122.26500135266686,-122.19539410317567,-10.058048883003348,-0.5812746390838575,0.0
-0.29473200000000876,-122.55973335266687,-122.49012610317568,-10.007394731133411,-0.5796937666825773,0.0
-0.3337737303599908,-122.89350708302686,-122.82389983353568,-9.844389035372034,-0.5708968366714898,0.0
-0.5925771417215783,-123.48608422474844,-123.41647697525725,-9.912996897752667,-0.5741791795059222,0.0
-0.2794655907839822,-123.76554981553242,-123.69594256604124,-9.895060320683372,-0.5736492118400025,0.0
0.7767389067296792,-122.98881090880275,-122.91920365931156,-8.644975240051496,-0.550943569501889,0.02
-0.3068450989951898,-123.29565600779793,-123.22604875830675,-8.660027266152486,-0.5515069516545935,0.02
-0.4561417998728063,-123.75179780767074,-123.68219055817956,-8.802922999589908,-0.5570099526974894,0.02
-0.31640400000000224,-124.06820180767075,-123.99859455817956,-8.661446686203114,-0.5487210710414905,0.02
-0.23645006425942036,-124.30465187193016,-124.23504462243898,-8.711636721336395,-0.5503324800133516,0.02
-0.26855279637498686,-124.57320466830515,-124.50359741881397,-8.78082445746206,-0.5525802366865318,0.02
-0.49527771946394694,-125.0684823877691,-124.99887513827791,-8.74484145002168,-0.5503125078180511,0.02
-1.3050388574399356,-126.37352124520903,-126.30391399571785,-8.682965438302242,-0.556408164846074,0.02
-0.410836399999956,-126.78435764520898,-126.7147503957178,-8.68650777029416,-0.5565696288460737,0.02
-0.3124200000000066,-127.09677764520899,-127.0271703957178,-8.615526699795797,-0.5534099005081538,0.02
-0.21409692699595934,-127.31087457220495,-127.24126732271377,-8.518370748603772,-0.5496077784880733,0.02
-0.3873705999999931,-127.69824517220495,-127.62863792271376,-8.480676373480225,-0.5477384495808733,0.02
-0.2947536000000042,-127.99299877220496,-127.92339152271377,-8.396042778184976,-0.5438282471366811,0.02
-0.3322559769599698,-128.3252547491649,-128.25564749967373,-8.364784739357413,-0.5424362730758813,0.02
-0.30672837782399354,-128.6319831269889,-128.56237587749771,-8.426002446020702,-0.5446880719349442,0.02
-0.2944535245519842,-128.92643665154088,-128.8568294020497,-8.344804642076088,-0.5409344971127843,0.02
-0.08441047112796381,-129.01084712266885,-128.94123987317766,-8.27819083229297,-0.5388021425353438,0.02
-0.08226133948718947,-129.09310846215604,-129.02350121266485,-8.233253386377523,-0.5373837030443844,0.02
-0.262901116632,-129.35600957878805,-129.28640232929686,-8.127259536228694,-0.5322962843555847,0.02
-0.16304849244001,-129.51905807122805,-129.44945082173686,-8.05325841663164,-0.5294964214043851,0.02
-0.18907744146716804,-129.7081355126952,-129.63852826320402,-7.912508996879538,-0.5229682902337295,0.02
-0.1663883520223915,-129.8745238647176,-129.8049166152264,-7.835999952759095,-0.5199221212626574,0.02
-0.36289919078395977,-130.23742305550155,-130.16781580601037,-7.873376924116371,-0.5216037052511371,0.02
-0.21895770275998802,-130.45638075826153,-130.38677350877035,-7.69909141066927,-0.5039062550180496,0.02
-0.2956594483506135,-130.75204020661215,-130.68243295712097,-7.591431141876474,-0.49753642004373455,0.02
-0.46117279041120507,-131.21321299702336,-131.14360574753218,-7.584687119879829,-0.4971192609625188,0.02
-0.14424761669199265,-131.35746061371535,-131.28785336422416,-7.38188903272479,-0.48505508556307897,0.02
-0.593781339707706,-131.95124195342305,-131.88163470393187,-7.3745291791843295,-0.4843808872666736,0.02
-0.19105059999999177,-132.14229255342303,-132.07268530393185,-7.197624104244333,-0.4725327469986742,0.02
-0.28187199999998647,-132.42416455342303,-132.35455730393184,-7.065466723954553,-0.4623211851842741,0.02
-2.24609416501118,-134.6702587184342,-134.60065146894303,-6.62206269188655,-0.4828716790942589,0.02
-0.19857167999998782,-134.8688303984342,-134.799223148943,-6.562252030400561,-0.4796755759656188,0.02
-0.10990400861436292,-134.97873440704856,-134.90912715755738,-6.362542829225198,-0.4648920299771382,0.02
-0.19118159999999595,-135.16991600704856,-135.10030875755737,-6.2465113800608645,-0.4574874875048267,0.02
-0.14805416692127693,-135.31797017396983,-135.24836292447864,-6.140947853005188,-0.45132721166181233,0.02
-0.17547409465441757,-135.49344426862424,-135.42383701913306,-6.006569221683539,-0.4420446919805008,0.02
-0.11769403860476968,-135.61113830722903,-135.54153105773784,-5.834782347593212,-0.4294820038676043,0.02
-0.24857101295999584,-135.859709320189,-135.79010207069783,-5.757028871598109,-0.42413073557384484,0.02
-0.15286718713599148,-136.012576507325,-135.94296925783382,-6.19261207916886,-0.37750772951491973,0.02
-0.36507043849598586,-136.377646945821,-136.3080396963298,-6.577443769764812,-0.3470244921064413,0.02
-0.33475729647357466,-136.71240424229458,-136.6427969928034,-6.513357359926552,-0.34247710886087324,0.02
-0.8013851056127732,-137.51378934790736,-137.44418209841618,-6.517838974477642,-0.34573491883280916,0.02
-0.15037798761598545,-137.66416733552336,-137.59456008603217,-6.358845649304521,-0.33622347755792903,0.02
-0.24203896697903787,-137.9062063025024,-137.8365990530112,-6.2424537385418155,-0.3268240949967096,0.02
-0.20130637349981842,-138.10751267600222,-138.03790542651103,-6.193001017792471,-0.3245969024667062,0.02
-0.2418025992479984,-138.3493152752502,-138.27970802575902,-6.13635438445031,-0.3216862784516671,0.02
-0.12206761136878586,-138.47138288661898,-138.4017756371278,-6.053532532712796,-0.31823299067904265,0.02
-0.14064358531197643,-138.61202647193096,-138.54241922243978,-5.966879011020592,-0.31437038777808235,0.02
-0.12439018075200696,-138.73641665268298,-138.6668094031918,-5.808304232851419,-0.3050066485586909,0.02
-0.6503834344184569,-139.38680008710142,-139.31719283761024,-5.900190762814258,-0.3124250054313804,0.02
-0.06265433932797745,-139.44945442642938,-139.3798471769382,-6.793041582593738,-0.3292128703525335,0.0
-0.1920345284231743,-139.64148895485255,-139.57188170536136,-6.735314421209729,-0.32691665894109323,0.0
-0.2982361200000264,-139.93972507485256,-139.87011782536138,-6.679541232537692,-0.3237585453436376,0.0
-0.19118159999999595,-140.13090667485255,-140.06129942536137,-6.618182869248399,-0.3212540973436375,0.0
-0.12355934401437992,-140.25446601886694,-140.18485876937575,-6.554093012135117,-0.31899628293873666,0.0
-0.13424750406398495,-140.3887135229309,-140.31910627343973,-6.481838060266503,-0.31631017709251663,0.0
-0.2742049799999833,-140.6629185029309,-140.5933112534397,-6.408065063561508,-0.31188872230323733,0.0
-0.19030000000001018,-140.8532185029309,-140.78361125343972,-6.524095859569634,-0.2895939451544389,0.0
-0.08076727424797814,-140.9339857771789,-140.8643785276877,-6.3581492009641405,-0.2829925626393993,0.0
-0.3643136383039834,-141.2982994154829,-141.2286921659917,-6.377802855376345,-0.2840304354054789,0.0
-0.16754399351999047,-141.46584340900287,-141.3962361595117,-6.351368037863129,-0.2830993767359595,0.0
-0.5105017258563029,-141.97634513485917,-141.906737885368,-6.380633073460869,-0.2855619992530857,0.0
-0.11160208092000382,-142.08794721577917,-142.01833996628798,-6.280309364429161,-0.2818989688714857,0.0
0.6418298968712058,-141.44611731890797,-141.37651006941678,-5.416168262144996,-0.26241725139486216,0.02
0.10513551714561542,-141.34098180176235,-141.27137455227117,-5.18911044579443,-0.25417997349546995,0.04
-0.18857393275774167,-141.5295557345201,-141.45994848502892,-5.144825594897958,-0.2520623816595851,0.04
-0.22923235875916886,-141.75878809327926,-141.68918084378808,-5.216130340670453,-0.2549588194122092,0.04
-0.1841369744752008,-141.94292506775446,-141.87331781826327,-5.268860633040854,-0.2569963321119695,0.04
-0.48365489793596084,-142.42657996569042,-142.35697271619924,-5.336829495234624,-0.26141140773804866,0.04
-0.3407012938055698,-142.767281259496,-142.69767401000482,-5.411180106223986,-0.26496446376535987,0.04
-0.3289818292319987,-143.096263088728,-143.0266558392368,-5.469259720802252,-0.2677625515206565,0.04
-0.3242145560639945,-143.420477644792,-143.3508703953008,-5.537241314442293,-0.27091907560148853,0.04
-0.20060800000000445,-143.621085644792,-143.55147839530082,-5.472749945704435,-0.2676732517858094,0.04
-0.5944884770879827,-144.21557412188,-144.1459668723888,-5.5791117615079004,-0.2751838672723693,0.04
0.3690104691208296,-143.84656365275916,-143.77695640326797,-5.140896463793092,-0.26189046892294043,0.06
-0.3243828960000114,-144.17094654875916,-144.10133929926798,-5.101437965959173,-0.25915467103471657,0.06
-0.12056779754878458,-144.29151434630793,-144.22190709681675,-5.089752461750031,-0.2586810746518524,0.06
-0.27198018799999324,-144.56349453430792,-144.49388728481674,-5.0075889586932,-0.25224505161769817,0.06
-0.095943492119993,-144.65943802642792,-144.58983077693674,-4.961814733274331,-0.2503429094600982,0.06
-0.2877845493367964,-144.94722257576473,-144.87761532627354,-4.963999709672592,-0.2504611604468344,0.06
-0.19335999999997922,-145.1405825757647,-145.07097532627353,-6.902677952998199,-0.20940647714661037,0.06
-0.6411356098752177,-145.78171818563993,-145.71211093614875,-6.925241083226052,-0.218257755744115,0.06
-0.31106042553600044,-146.09277861117593,-146.02317136168475,-7.058491900174789,-0.22228088408254773,0.06
-0.38728544000000964,-146.48006405117593,-146.41045680168475,-7.1463932133454655,-0.22620296088254796,0.06
-0.06284593865597851,-146.5429099898319,-146.47330274034073,-7.063799949571536,-0.224498796317242,0.06
-0.26780753880000485,-146.81071752863193,-146.74111027914074,-7.122889846739253,-0.22634546520015378,0.06
-0.18836849371197165,-146.9990860223439,-146.92947877285272,-7.182270130259695,-0.2277589543022978,0.06
-0.28779301944,-147.2868790417839,-147.2172717922927,-7.20251025710493,-0.2285433944318979,0.06
-0.1738481254359996,-147.4607271672199,-147.3911199177287,-7.219670879411689,-0.22896301319789805,0.06
-0.2476056109439817,-147.70833277816388,-147.6387255286727,-7.171959306517358,-0.22661371664685795,0.06
-0.9930016930039613,-148.70133447116785,-148.63172722167667,-6.850319764906374,-0.2397786045774657,0.06
-0.4067538267119799,-149.10808829787985,-149.03848104838866,-6.963437372974387,-0.23188597899944985,0.06
-0.33659026763597016,-149.44467856551583,-149.37507131602464,-7.070652501872994,-0.23561022459984954,0.06
-0.13293718627199214,-149.57761575178782,-149.50800850229663,-6.992256787523137,-0.2334281889857086,0.06
1.1076863158817147,-148.4699294359061,-148.4003221864149,-4.8582511822208065,-0.20724833519807795,0.08
-0.21026240230399532,-148.68019183821008,-148.6105845887189,-4.844105529793977,-0.2066175312591979,0.08
-0.23073836553438093,-148.91093020374447,-148.8413229542533,-4.898725789794716,-0.2087909463425098,0.08
-0.7065154679277115,-149.6174456716722,-149.547838422181,-5.03473177975584,-0.22010838399482452,0.08
-0.3127474217454265,-149.9301930934176,-149.86058584392643,-5.121592148019224,-0.2238755288146929,0.08
-0.11341618055999333,-150.0436092739776,-149.97400202448642,-4.968010205017377,-0.21313618373752363,0.08
-0.4170562310559902,-150.4606655050336,-150.39105825554242,-5.124087776373736,-0.22022422157208388,0.08
-0.28787401943998303,-150.74853952447359,-150.6789322749824,-5.166674360490514,-0.22214101139242004,0.08
-0.12350505696800423,-150.8720445814416,-150.80243733195042,-5.08356453769434,-0.2186463901317796,0.08
-0.2407521099023825,-151.112796691344,-151.0431894418528,-5.106788794907649,-0.21963780032982735,0.08
-0.209314633980004,-151.322111325324,-151.2525040758328,-5.151833723265559,-0.22135290612913983,0.08
-0.2954166231839872,-151.61752794850798,-151.5479206990168,-5.228340757132517,-0.22457628851153988,0.08
-0.8041375885607858,-152.42166553706878,-152.3520582875776,-5.2903226831339065,-0.23517494068275593,0.08
-0.17808699361599473,-152.59975253068478,-152.5301452811936,-5.284163656137105,-0.2349306805550756,0.08
-0.27010236729200565,-152.86985489797678,-152.8002476484856,-5.382009771477032,-0.2387173824159562,0.08
-0.15404398848000417,-153.02389888645678,-152.9542916369656,-5.292304719765985,-0.23451198941947657,0.08
-0.19395383819616002,-153.21785272465294,-153.14824547516176,-5.305767145170079,-0.23504018631299994,0.08
-0.18033966038956584,-153.3981923850425,-153.32858513555132,-5.196616541713339,-0.2284369450036652,0.08
-0.21156339009837655,-153.60975577514088,-153.5401485256497,-5.249471674072917,-0.23043617118723264,0.08
-0.08449067112799143,-153.69424644626886,-153.62463919677768,-6.07320758330773,-0.2449625825472166,0.06
-0.1003679738879869,-153.79461442015685,-153.72500717066566,-6.254422726404349,-0.24907265236788867,0.04
-0.14745118727036752,-153.94206560742722,-153.87245835793604,-6.2285622190489836,-0.2482501974581412,0.04
-0.17119655548799087,-154.11326216291522,-154.04365491342404,-6.195145258103706,-0.2470894813927176,0.04
-0.27639526000000736,-154.38965742291523,-154.32005017342405,-6.2439791786029115,-0.24893464710321375,0.04
-0.23409417118318884,-154.62375159409842,-154.55414434460724,-6.162455926007055,-0.24394343256815834,0.04
-0.16654299227197605,-154.7902945863704,-154.72068733687922,-6.077551183139962,-0.24046026653748645,0.04
-0.29445759999997667,-155.0847521863704,-155.0151449368792,-6.063931085996387,-0.239769781952846,0.04
-0.2035651086871725,-155.28831729505757,-155.21871004556638,-6.007603474626711,-0.23735679300530957,0.04
-0.18388919567998657,-155.47220649073756,-155.40259924124638,-5.997985566346866,-0.2370224169189092,0.04
-0.510391257023995,-155.98259774776156,-155.91299049827037,-5.996414566630756,-0.23534047251762943,0.04
-0.08425007112801983,-156.06684781888958,-155.9972405693984,-6.528035420280753,-0.24440568332260643,0.02
-0.8051872929224002,-156.87203511181198,-156.8024278623208,-6.508907016427222,-0.2540217712610542,0.02
-0.5185894341503934,-157.39062454596237,-157.32101729647118,-6.670085130291086,-0.26198220399308636,0.02
-0.12710558041599068,-157.51773012637835,-157.44812287688717,-6.581254043646325,-0.25908471184140636,0.02
-0.20167919999997766,-157.71940932637833,-157.64980207688714,-6.655223249991316,-0.26119942599900603,0.02
-0.49785872688639127,-158.21726805326472,-158.14766080377353,-6.714995128064552,-0.26540090954999795,0.02
-0.08841637563518343,-158.3056844288999,-158.2360771794087,-6.639897932758716,-0.26330203706270205,0.02
0.19855683749762232,-158.10712759140227,-158.0375203419111,-6.1722340610754305,-0.2465081881152452,0.04
-0.5289968764079955,-158.63612446781028,-158.5665172183191,-6.223363918428401,-0.2508669171326851,0.04
-0.1296141834399868,-158.76573865125027,-158.6961314017591,-6.099452530026984,-0.24571349200148468,0.04
-0.17052719251200188,-158.93626584376227,-158.8666585942711,-6.174270428267682,-0.24786711707860512,0.04
-0.35694101010958446,-159.29320685387185,-159.22359960438067,-6.209942640908001,-0.24964978650479672,0.04
0.0013694794400319343,-159.29183737443182,-159.22223012494064,-6.071725855804677,-0.24585502704175663,0.06
-0.2669678559359871,-159.5588052303678,-159.4891979808766,-6.062417235695411,-0.24543852377167638,0.06
-0.15581438871996692,-159.71461961908776,-159.64501236959657,-6.0513668848782665,-0.24507784903735572,0.06
-0.29581174184959785,-160.01043136093736,-159.94082411144618,-6.073305941700323,-0.24604197165546807,0.06
-0.38001800781477213,-160.39044936875214,-160.32084211926096,-6.199096026351457,-0.2337822979516843,0.06
-0.45296798554223855,-160.8434173542944,-160.7738101048032,-6.207840919731699,-0.23470658112828943,0.06
-0.15323461585198428,-160.99665197014636,-160.92704472065518,-6.114626377840847,-0.23103946809260972,0.06
-0.17845520543638,-161.17510717558275,-161.10549992609157,-6.1446623607071995,-0.23194982847589748,0.06
-0.3485586023999855,-161.52366577798273,-161.45405852849154,-9.899219536933353,-0.2610747268415315,0.04
-0.08909322246000193,-161.61275900044274,-161.54315175095155,-9.73288729907006,-0.2586513432446516,0.04
-0.12430911799197913,-161.7370681184347,-161.66746086894352,-9.606537924345599,-0.25652275829380355,0.04
-0.48153605068797933,-162.2186041691227,-162.14899691963151,-9.870770048607918,-0.2520231699490089,0.04
0.9068640364084096,-161.31174013271428,-161.2421328832231,-6.638614980194441,-0.22763094078593224,0.06
-0.28746142030398425,-161.59920155301828,-161.5295943035271,-6.751708664308481,-0.23111184558081205,0.06
-0.2953036843007934,-161.89450523731907,-161.82489798782788,-6.715915729661548,-0.2286767946457081,0.06
-0.23096638387199014,-162.12547162119105,-162.05586437169987,-6.686601788098351,-0.22753864193434825,0.06
-0.6352405776879831,-162.76071219887905,-162.69110494938786,-6.812906828822754,-0.2377733523487478,0.06
-0.1529623058879922,-162.91367450476704,-162.84406725527586,-6.75480554148829,-0.23601755626846,0.06
-0.3330333295919987,-163.24670783435906,-163.17710058486787,-6.816256548822557,-0.2384919301806999,0.06
-0.8837650054559928,-164.13047283981504,-164.06086559032386,-6.72046224840031,-0.25025889782614,0.06
-1.573333031452811,-165.70380587126786,-165.63419862177668,-6.001088358621398,-0.2656428066839805,0.06
-0.20358483999999683,-165.90739071126785,-165.83778346177667,-6.0149592249644135,-0.26615276361166057,0.06
-0.17652359395199668,-166.08391430521985,-166.01430705572866,-5.96788321322782,-0.26428118814486035,0.06
-0.18154128254266005,-166.26545558776252,-166.19584833827133,-5.983550081323607,-0.2648311340261135,0.06
-0.26977859999995824,-166.53523418776248,-166.4656269382713,-6.020958066940181,-0.26634762926218947,0.06
-0.30512027430000616,-166.8403544620625,-166.7707472125713,-6.08123101307201,-0.2688432415403983,0.06
-0.14582998319999668,-166.9861844452625,-166.9165771957713,-6.04422078503149,-0.2675285734024307,0.06
-0.1666299908800004,-167.1528144361425,-167.08320718665132,-6.095951330045045,-0.26917135979747087,0.06
-0.2446659736910351,-167.39748040983355,-167.32787316034236,-6.179280986905413,-0.2720573197935318,0.06
-0.16775588783200035,-167.56523629766554,-167.49562904817435,-6.191479824892252,-0.27246341380476446,0.06
-0.05525312817358055,-167.6204894258391,-167.55088217634793,-6.115676842971084,-0.2701445452584763,0.06
-0.5153266572607687,-168.13581608309988,-168.0662088336087,-6.186598696469356,-0.2749231732036915,0.06
-0.5152128654000157,-168.65102894849989,-168.5814216990087,-6.27856430260947,-0.28054554708802804,0.06
-0.12179425262641064,-168.7728232011263,-168.70321595163512,-6.25092204845262,-0.27965057229511675,0.06
-0.20159645137630455,-168.9744196525026,-168.90481240301142,-6.205874008963367,-0.27779334932264327,0.06
-0.14114350306560913,-169.11556315556822,-169.04595590607704,-6.169930813127605,-0.276544917210212,0.06
-0.16437327472797256,-169.2799364302962,-169.21032918080502,-6.1587767348014815,-0.2761545987911717,0.06
-0.061987746030377794,-169.3419241763266,-169.2723169268354,-5.966504614155473,-0.2671865285712994,0.06
-0.16920839011198213,-169.51113256643856,-169.44152531694738,-6.018878799131495,-0.26888569495097864,0.06
-0.21102516933046386,-169.72215773576903,-169.65255048627785,-5.9285681144499565,-0.2570024524791399,0.06
-0.30085502039999656,-170.02301275616904,-169.95340550667785,-5.870408771989668,-0.252647764204132,0.06
-0.49404164392959526,-170.51705440009863,-170.44744715060745,-6.015121911063867,-0.25998648547440406,0.06
-0.14753498631997863,-170.6645893864186,-170.59498213692743,-5.9841852296849805,-0.2589036012008041,0.06
-0.3531689198111935,-171.0177583062298,-170.94815105673862,-5.948288710146844,-0.2560098050593001,0.06
-0.30195669240000483,-171.31971499862982,-171.25010774913864,-6.0651527962510645,-0.2602806113945966,0.06
-0.3217612652543952,-171.64147626388421,-171.57186901439303,-6.458206003712188,-0.27068697344963694,0.04
-0.27074532412398916,-171.9122215880082,-171.84261433851702,-6.384637930489956,-0.26552194240395677,0.04
-0.29284961977598273,-172.2050712077842,-172.135463958293,-6.476828278444618,-0.2687866511306767,0.04
-0.3020191999999761,-172.50709040778418,-172.437483158293,-6.546965611079906,-0.27141649128043616,0.04
-0.38092213899999205,-172.88801254678418,-172.818405297293,-6.554976919898462,-0.2718961138582443,0.04
-0.19563967999998017,-173.08365222678415,-173.01404497729297,-6.7044597899446545,-0.2758362970470446,0.02
-0.30456270842400146,-173.38821493520817,-173.31860768571698,-6.722164866215868,-0.27658819409680485,0.02
-0.23744475809999435,-173.62565969330817,-173.55605244381698,-6.772402503681919,-0.2782208014844054,0.02
-0.30820679999995887,-173.93386649330813,-173.86425924381695,-6.777965679965434,-0.27846870264741264,0.02
-0.21143500503998877,-174.14530149834812,-174.07569424885693,-6.700972259019642,-0.2750970425919169,0.02
-0.14757298631996726,-174.2928744846681,-174.2232672351769,-6.565639297180562,-0.26898914260747153,0.02
-1.0748355012263822,-175.36770998589446,-175.29810273640328,-6.549102440004937,-0.2874211603149595,0.02
-0.2792496172799917,-175.64695960317445,-175.57735235368327,-6.603275977682876,-0.2894370485518317,0.02
-0.4045675049199772,-176.05152710809443,-175.98191985860325,-6.622150745567546,-0.29055722660223154,0.02
-0.20888903999999672,-176.26041614809444,-176.19080889860325,-6.700609593572046,-0.2929531429530315,0.02
-0.16268053167199578,-176.42309667976645,-176.35348943027526,-6.726260533835531,-0.2937205712266318,0.02
-0.25489897111678794,-176.67799565088325,-176.60838840139206,-6.64676104953164,-0.28918782963520795,0.02
-0.2901696195839938,-176.96816527046724,-176.89855802097605,-8.653807808624714,-0.31312850275505605,0.0
-0.35091561545598526,-177.31908088592323,-177.24947363643204,-8.68796723549579,-0.3143975866580961,0.0
-0.1736879919359952,-177.49276887785922,-177.42316162836804,-8.595665247803723,-0.3119652728108001,0.0
-0.1483999899199875,-177.64116886777921,-177.57156161828803,-8.524246262836652,-0.31031394493176007,0.0
-0.2694977999999979,-177.91066666777922,-177.84105941828804,-8.460515674726325,-0.30299908937800035,0.0
-0.2788766278727933,-178.18954329565202,-178.11993604616083,-8.56058059787829,-0.30551737581769634,0.0
-0.3618601085688383,-178.55140340422085,-178.48179615472966,-8.573503705706907,-0.30609391139723313,0.0
-0.22353500455997702,-178.77493840878083,-178.70533115928964,-8.67306281697178,-0.29288931137931284,0.0
-0.18354911666880638,-178.95848752544964,-178.88888027595846,-12.177073401194658,-0.26509363308363276,0.0
-0.3582915586879989,-179.31677908413764,-179.24717183464645,-12.296268158679473,-0.26818776745739276,0.0
-0.30430933900796997,-179.6210884231456,-179.55148117365442,-12.452375615045362,-0.27074348235851226,0.0
-0.12737411056239645,-179.748462533708,-179.6788552842168,-12.337272861522539,-0.26966013891890694,0.0
-0.14997058369033356,-179.89843311739833,-179.82882586790714,-12.15641119615431,-0.26726397859271445,0.0
-0.128881956320005,-180.02731507371834,-179.95770782422716,-11.912123540253976,-0.2637392122331145,0.0
-0.14354617942921324,-180.17086125314756,-180.10125400365638,-11.907419526882563,-0.2636935361576988,0.0
-0.1608370089695778,-180.33169826211713,-180.26209101262594,-11.896573475726717,-0.2635776765194904,0.0
-0.06884380755200299,-180.40054206966914,-180.33093482017796,-11.565063517109024,-0.2600612331967097,0.0
-1.23011006358238,-181.63065213325152,-181.56104488376033,-9.539344897672814,-0.28130831671171724,0.0
-0.15871438564799017,-181.7893665188995,-181.7197592694083,-9.690725244560722,-0.2833775418612055,0.0
-0.14130898823999188,-181.93067550713948,-181.8610682576483,-9.516316863052792,-0.2758971884807899,0.0
-0.20243223523326276,-182.13310774237274,-182.06350049288156,-9.422014761967349,-0.2696415758774549,0.0
-0.11521997599999517,-182.24832771837274,-182.17872046888155,-9.412855595193658,-0.26951009034492657,0.0
-0.08385772699199817,-182.33218544536473,-182.26257819587354,-9.264005968223477,-0.26715531585724045,0.0
-0.16317520705677344,-182.4953606524215,-182.42575340293033,-9.29063578665338,-0.2675959499370637,0.0
0.2748234325200123,-182.2205372199015,-182.15092997041032,-8.434873462752378,-0.25881201579210406,0.02
-0.19590255482557675,-182.41643977472708,-182.3468325252359,-8.586500494258294,-0.26149031196800804,0.02
-0.12396717889920354,-182.54040695362627,-182.4707997041351,-8.53774355514447,-0.26058548774375245,0.02
0.048923884240008375,-182.49148306938628,-182.4218758198951,-8.206896041799755,-0.255386506672343,0.04
-0.439054604832793,-182.93053767421907,-182.86093042472788,-8.242629985023806,-0.25815049836099896,0.04
-0.1452323567040497,-183.0757700309231,-183.00616278143193,-8.095048853493067,-0.25117431261648804,0.04
-0.09412345283997575,-183.16989348376308,-183.1002862342719,-8.037500839811239,-0.25010608194688794,0.04
-0.14596916417439038,-183.31586264793748,-183.2462553984463,-7.905366591008326,-0.2459620868341519,0.04
-0.37532003839998457,-183.69118268633747,-183.62157543684629,-7.930452595928231,-0.24742935375415148,0.04
-0.25044961036799485,-183.94163229670548,-183.8720250472143,-7.893856420379573,-0.2460031206564235,0.04
-0.19445997177597718,-184.13609226848146,-184.06648501899028,-7.84178576587341,-0.24447741360946323,0.04
-0.35661640703918995,-184.49270867552065,-184.42310142602946,-7.866274541625759,-0.24575274935472738,0.04
-0.35157723599999546,-184.84428591152064,-184.77467866202946,-7.885111081212376,-0.2467439100747278,0.04
-0.5408578165615587,-185.3851437280822,-185.315536478591,-7.878675884231344,-0.24994262362595912,0.04
-0.4111107488399843,-185.79625447692217,-185.726647227431,-7.979552248233021,-0.25425204500275916,0.04
-0.1870868941199764,-185.98334137104214,-185.91373412155096,-7.903161573007877,-0.2519025287166787,0.04
-0.5221452598079739,-186.50548663085013,-186.43587938135894,-7.970850208034845,-0.2575965387508383,0.04
-0.6963480960479855,-187.2018347268981,-187.13222747740693,-7.932029236479532,-0.2653593646717988,0.04
-1.1850913012556596,-188.38692602815377,-188.31731877866258,-7.483174392412348,-0.28483249059611226,0.04
-0.5822697492239972,-188.96919577737776,-188.89958852788658,-7.642424592549016,-0.2935264258541928,0.04
-0.11163945190397798,-189.08083522928175,-189.01122797979056,-7.798696455268529,-0.2742625048677448,0.04
-0.2550643334359729,-189.3358995627177,-189.26629231322653,-7.784524283867479,-0.2737787991908644,0.04
-0.2864359757599878,-189.6223355384777,-189.55272828898651,-7.7389300406443455,-0.2714161686076646,0.04
-0.23332140849598526,-189.85565694697368,-189.7860496974825,-7.755978979840267,-0.27190481597758437,0.04
-0.4048034279839623,-190.26046037495763,-190.19085312546645,-7.888257358659907,-0.27674727390382364,0.04
-0.45420259489197046,-190.7146629698496,-190.6450557203584,-7.962870431735697,-0.28073334637932734,0.04
-0.41784608784680927,-191.1325090576964,-191.06290180820523,-8.01163430179594,-0.28328687574458367,0.04
-0.2079805457343982,-191.3404896034308,-191.2708823539396,-7.92991371181785,-0.28042817435015194,0.04
-0.26668040000001586,-191.6071700034308,-191.53756275393962,-7.99707071480042,-0.2822880225114323,0.04
-0.1857629954399973,-191.7929329988708,-191.72332574937963,-8.029379178052434,-0.2830352826218325,0.04
-0.14701828283998952,-191.9399512817108,-191.8703440322196,-7.9369031474450855,-0.2805856922786324,0.04
-0.29557638000001496,-192.23552766171082,-192.16592041221963,-7.946075890790094,-0.2809196873211768,0.04
-0.2206999232927809,-192.4562275850036,-192.38662033551242,-7.870405652570136,-0.27809648361565564,0.04
-0.937341500183918,-193.39356908518752,-193.32396183569634,-7.766703141680136,-0.2923726135281345,0.04
-0.12695358036796717,-193.5205226655555,-193.4509154160643,-7.719812341676693,-0.29124070280211767,0.04
-0.22465638473594746,-193.74517905029143,-193.67557180080024,-7.649418901429833,-0.28856799932307664,0.04
-0.2261584018719902,-193.97133745216343,-193.90173020267224,-7.604219923583084,-0.28700498058035706,0.04
-0.08865896817598695,-194.05999642033942,-193.99038917084823,-7.569023061776256,-0.28623067773262884,0.04
-0.2958372000000015,-194.3558336203394,-194.28622637084823,-7.666459713551487,-0.28914801005882224,0.04
-0.3869309999999989,-194.74276462033941,-194.67315737084823,-7.822519465603939,-0.2943089909324221,0.04
-0.08326857040798108,-194.8260331907474,-194.75642594125623,-7.7666610175053625,-0.29310343875199746,0.04
-0.2735067999999947,-195.09953999074742,-195.02993274125623,-7.845525830944246,-0.2953568345726058,0.04
-0.21121239999998473,-195.3107523907474,-195.24114514125623,-7.971528156825592,-0.2982042064215655,0.04
-0.23113300470400466,-195.5418853954514,-195.47227814596022,-8.60324105541223,-0.2782246652439979,0.04
-0.37215965279995916,-195.91404504825135,-195.84443779876017,-8.745904339345065,-0.2824935705870373,0.04
-0.29587950251997297,-196.20992455077132,-196.14031730128013,-8.87610569119481,-0.2855849808726369,0.04
-0.16805899016000575,-196.37798354093133,-196.30837629144014,-8.84300224468079,-0.28489751597117174,0.04
-0.22376300455998976,-196.60174654549132,-196.53213929600014,-8.954122535014093,-0.28706837654237166,0.04
-0.2911202870000175,-196.89286683249134,-196.82325958300015,-9.158825120335544,-0.291213627742532,0.04
-0.2905579999999679,-197.1834248324913,-197.11381758300013,-9.269658331098723,-0.293761283601396,0.04
-0.1968280964720095,-197.38025292896333,-197.31064567947215,-10.238382821149013,-0.3031943141812364,0.02
-0.16126220397118182,-197.5415151329345,-197.47190788344332,-10.194990393486693,-0.3025015071641485,0.02
-0.13454533927997445,-197.6760604722145,-197.6064532227233,-10.210630931423836,-0.30271307037176387,0.02
-0.46878760665149355,-198.14484807886598,-198.0752408293748,-10.812378865476386,-0.31306730018959394,0.0
-0.21625108176158675,-198.36109916062756,-198.29149191113638,-10.677581584457549,-0.3086112297281698,0.0
-0.29129994239996476,-198.65239910302753,-198.58279185353635,-10.848541001781133,-0.3115325814420881,0.0
-0.3362373343440039,-198.98863643737153,-198.91902918788034,-11.14723009496489,-0.31637485907216867,0.0
-0.40349677119598565,-199.39213320856751,-199.32252595907633,-11.39331416329722,-0.3215254112126006,0.0
-0.19760279999997765,-199.58973600856748,-199.5201287590763,-11.234036189743106,-0.3179710664446005,0.0
-0.34592833866236805,-199.93566434722985,-199.86605709773866,-11.312691065243344,-0.3198806410104879,0.0
-0.3802350316799422,-200.3158993789098,-200.2462921294186,-11.48084606468611,-0.3235961422085672,0.0
-0.49442889839994175,-200.81032827730974,-200.74072102781855,-11.498687183547077,-0.32635239203578226,0.0
-0.4903197243360113,-201.30064800164575,-201.23104075215457,-11.522697127442292,-0.3291272418025025,0.0
-0.18256352130157918,-201.48321152294733,-201.41360427345614,-11.344121193878252,-0.32196135589730296,0.0
-0.2658711999999808,-201.74908272294732,-201.67947547345614,-11.256380819854645,-0.3190565649205029,0.0
-0.3058175999999592,-202.05490032294728,-201.9852930734561,-11.389950250811646,-0.3214311790381026,0.0
-0.209168697815989,-202.26406902076326,-202.19446177127207,-11.252219477454467,-0.31517164779826284,0.0
-0.15146491599599626,-202.41553393675926,-202.34592668726808,-11.225058836549543,-0.30427398419722307,0.0
-0.23114134649919987,-202.64667528325845,-202.57706803376726,-13.927781669138378,-0.2851949851020939,0.0
-0.23544176356799912,-202.88211704682644,-202.81250979733525,-14.199415557566574,-0.27825842538897394,0.0
-0.12577878051199617,-203.00789582733844,-202.93828857784726,-14.247393509062213,-0.27854121196113424,0.0
-0.10623956112000363,-203.11413538845844,-203.04452813896725,-13.888165171682068,-0.2755647165148149,0.0
-0.3128594028461037,-203.42699479130454,-203.35738754181335,-13.90591004620914,-0.27609318505653724,0.0
-0.0912965745119724,-203.5182913658165,-203.44868411632532,-13.545247351590234,-0.27325268837685696,0.0
-0.28511699999998275,-203.8034083658165,-203.7338011163253,-13.543243532234271,-0.27085895981717734,0.0
-0.14230772016143836,-203.94571608597792,-203.87610883648674,-13.359103845353514,-0.2646210623225667,0.0
-0.2544256087359936,-204.20014169471392,-204.13053444522274,-13.357892529864646,-0.2613526527403504,0.0
-0.20385823999999675,-204.4039999347139,-204.33439268522272,-13.35049361734368,-0.26127020662566236,0.0
-0.567374462975986,-204.97137439768989,-204.9017671481987,-13.046277869591107,-0.2672840878851818,0.0
-0.5571614983495953,-205.52853589603947,-205.4589286465483,-12.956060066154992,-0.2747120579433738,0.0
-0.15953916851197927,-205.68807506455144,-205.61846781506026,-12.985466710742855,-0.27496247565681353,0.0
-0.11357368091998296,-205.80164874547143,-205.73204149598024,-12.673242149206741,-0.2713224216752129,0.0
-0.2804209233695667,-206.082069668841,-206.01246241934982,-12.743226268950007,-0.2725168416767486,0.0
-0.40864717336796264,-206.49071684220897,-206.42110959271778,-15.496929185456864,-0.26194295514042953,0.0
-0.5326051297420853,-207.02332197195105,-206.95371472245986,-15.427847776323977,-0.2700559861279119,0.0
-0.3151614652287879,-207.33848343717983,-207.26887618768865,-15.533186874840526,-0.27186608773776866,0.0
-0.3683807869463622,-207.7068642241262,-207.63725697463502,-15.626266736877044,-0.2747105354392561,0.0
-1.0768525759999852,-208.7837168001262,-208.71410955063502,-12.616530369356532,-0.2944744075957361,0.0
-0.32875169236000057,-209.1124684924862,-209.042861242995,-12.639392607473608,-0.2951326974429361,0.0
-0.38198820000000155,-209.49445669248618,-209.424849442995,-12.63925597997497,-0.2950338414429361,0.0
-0.14566638732798018,-209.64012307981417,-209.570515830323,-12.799394472294134,-0.2962817977813361,0.0
-0.41018184871998975,-210.05030492853416,-209.98069767904298,-12.859625513082133,-0.299015298755736,0.0
-0.23667259255998058,-210.28697752109414,-210.21737027160296,-12.899840910220439,-0.2995245026069359,0.0
-0.127513714299997,-210.41449123539414,-210.34488398590295,-12.694815898927974,-0.2974521167988558,0.0
-0.5729811130943854,-210.98747234848852,-210.91786509899734,-12.552228353398352,-0.30146854600474426,0.0
-0.37576754259999473,-211.3632398910885,-211.29363264159733,-12.595361633743044,-0.3030663068063447,0.0
-0.6132108504959908,-211.9764507415845,-211.90684349209332,-12.646131482197092,-0.3119693440130644,0.0
-0.057959949599969474,-212.03441069118446,-211.96480344169328,-12.286871450463597,-0.30865328291386407,0.0
-0.37843460000000284,-212.41284529118445,-212.34323804169327,-12.339155157441139,-0.31039956917386374,0.0
-0.15115598982397146,-212.56400128100842,-212.49439403151723,-12.134434457940893,-0.3076115289703438,0.0
-0.739273798917002,-213.3032750799254,-213.23366783043423,-11.952387198568433,-0.31846044301924364,0.0
-0.40132010110396765,-213.7045951810294,-213.6349879315382,-12.198046234267178,-0.3232616009618994,0.0
-0.6496266507640043,-214.35422183179338,-214.2846145823022,-12.358044217255822,-0.33356322719157994,0.0
-0.23192338382399322,-214.58614521561736,-214.51653796612618,-12.213005319113032,-0.32882594273502996,0.0
-0.2698758400000234,-214.8560210556174,-214.7864138061262,-12.284247597912666,-0.3298984378997987,0.0
-0.5811815477887996,-215.43720260340618,-215.367595353915,-12.297286668674015,-0.33569607000757534,0.0
-0.301459536799183,-215.73866214020535,-215.66905489071416,-12.268028797501378,-0.33500051405667897,0.0
-0.16872054994878283,-215.90738269015412,-215.83777544066294,-12.025785986691591,-0.33030498963173494,0.0
-0.1954543319400325,-216.10283702209415,-216.03322977260297,-12.02238985791192,-0.33026202027053597,0.0
-0.14415996159999894,-216.24699698369415,-216.17738973420296,-11.771211481754895,-0.32622665272928864,0.0
-0.2268185845919617,-216.4738155682861,-216.40420831879493,-11.640828092060362,-0.323158323787529,0.0
-0.1442622822159868,-216.6180778505021,-216.5484706010109,-11.38790983407089,-0.3161549914638499,0.0
-0.13624611787843807,-216.75432396838053,-216.68471671888935,-11.13420320864751,-0.30907351933469845,0.0
-0.29649735599997873,-217.0508213243805,-216.98121407488932,-11.263476053378069,-0.31135219602866643,0.0
-0.37894179999996647,-217.4297631243805,-217.3601558748893,-11.338626748113084,-0.31361360802866617,0.0
-0.31583952991357067,-217.74560265429406,-217.67599540480288,-11.346045102833754,-0.3138140466269384,0.0
-0.057749949600013645,-217.80335260389407,-217.73374535440288,-11.08075002928829,-0.3107856716626189,0.0
-0.19403119894399673,-217.99738380283807,-217.9277765533469,-11.144552836208108,-0.3116369973215789,0.0
-0.09265370590000538,-218.09003750873808,-218.0204302592469,-10.931214105062699,-0.308867244509595,0.0
-0.27050771999997814,-218.36054522873806,-218.29093797924688,-10.96687662231489,-0.3095685636382346,0.0
-0.0910773670719986,-218.45162259581005,-218.38201534631887,-10.9042142381731,-0.30887453536943466,0.0
-0.28859644799996964,-218.74021904381001,-218.67061179431883,-11.148374587679683,-0.31252167310703394,0.0
-0.5046513674080118,-219.24487041121802,-219.17526316172683,-11.182713725094207,-0.3163575123982721,0.0
-0.1837199711999806,-219.428590382418,-219.35898313292682,-11.34264165630727,-0.31820598033203223,0.0
-0.319083636772783,-219.74767401919078,-219.6780667696996,-11.370085312482189,-0.3188853130674883,0.0
-0.05396429859918492,-219.80163831778998,-219.7320310682988,-11.197027738148153,-0.3171184446362432,0.0
-0.17049687485759857,-219.97213519264758,-219.9025279431564,-11.089677360854852,-0.3154398699586753,0.0
0.09179302677600623,-219.88034216587158,-219.8107349163804,-10.495491798434777,-0.3095268446231552,0.02
-0.17105544310954746,-220.05139760898112,-219.98179035948993,-10.347475412823345,-0.3016004642258265,0.02
-0.1914335976960006,-220.24283120667712,-220.17322395718594,-10.23194846424417,-0.2942859062127546,0.02
0.26097755254943844,-219.9818536541277,-219.9122464046365,-9.314962499673824,-0.28587557179152623,0.04
-0.45500175550402766,-220.4368554096317,-220.36724816014052,-9.544389314930593,-0.2927041332832071,0.04
0.25843215360004546,-220.17842325603166,-220.10881600654048,-8.66086187498859,-0.28192707174381487,0.06
-0.20759040000000512,-220.38601365603168,-220.3164064065405,-8.555664595441915,-0.27790593627645577,0.06
-1.4647523059567646,-221.85076596198843,-221.78115871249724,-7.447243574447927,-0.29654887980074934,0.06
0.24048332940803666,-221.61028263258038,-221.5406753830892,-6.926137318143719,-0.28543598390801284,0.08
-0.2052688200000043,-221.8155514525804,-221.7459442030892,-6.847773182166851,-0.28217374456908567,0.08
-0.816332696311957,-222.63188414889234,-222.56227689940116,-7.014610481027425,-0.2769633469753251,0.08
-0.35553997516797814,-222.9874241240603,-222.91781687456913,-7.02504600609968,-0.27749911263148463,0.08
-0.39395399999999686,-223.38137812406032,-223.31177087456913,-7.028725605661737,-0.27773842863148457,0.08
-0.2881572680000247,-223.66953539206034,-223.59992814256915,-7.117036857312454,-0.28058824624492545,0.08
0.774792325562917,-222.89474306649743,-222.82513581700624,-5.770377009965814,-0.2568887627592673,0.1
-0.29401919999996134,-223.18876226649738,-223.1191550170062,-5.795611229547314,-0.2580356949080669,0.1
-0.19707839999999346,-223.38584066649736,-223.31623341700617,-5.834764281661237,-0.2594269886220668,0.1
-0.3472930177826202,-223.73313368427998,-223.6635264347888,-5.787134469167282,-0.25491322671583155,0.1
-0.229993403120008,-223.96312708739998,-223.8935198379088,-5.729462699236533,-0.2519977439262318,0.1
-0.20777199999998322,-224.17089908739996,-224.10129183790878,-5.622244012367242,-0.24388896691631168,0.1
-0.0946681683199754,-224.26556725571993,-224.19596000622874,-5.6465726757391765,-0.24462313129071178,0.1
-0.2056506999999744,-224.4712179557199,-224.40161070622872,-5.576908568526937,-0.2411674532907112,0.1
-0.11876716428798823,-224.5899851200079,-224.5203778705167,-5.557853532138733,-0.24051967677999156,0.1
-0.39481959999997507,-224.98480472000787,-224.9151974705167,-5.534695926260016,-0.233630592801651,0.1
-0.2933551999999832,-225.27815992000785,-225.20855267051667,-5.4988616286960665,-0.2314712947795713,0.1
-0.07892525807036574,-225.35708517807822,-225.28747792858704,-5.32356849025532,-0.22005726692569855,0.1
-0.031867916115206146,-225.38895309419343,-225.31934584470224,-5.205810862068281,-0.2160561575715228,0.1
-0.5555423470464183,-225.94449544123984,-225.87488819174865,-5.276072841173236,-0.22176948771245072,0.1
-0.38035153999999816,-226.32484698123983,-226.25523973174865,-5.243110527443547,-0.21775288755667468,0.1
-0.2966499999999771,-226.6214969812398,-226.55188973174862,-5.241270005785791,-0.2176566968206906,0.1
-0.29513802000001516,-226.91663500123983,-226.84702775174864,-5.300132513143301,-0.2201850462217152,0.1
-0.19352498199997384,-227.1101599832398,-227.04055273374863,-5.299142833641612,-0.22014645922291404,0.1
-0.3033856000000129,-227.41354558323982,-227.34393833374864,-5.375393725233371,-0.22333097199091434,0.1
-0.23461678444799305,-227.6481623676878,-227.57855511819662,-5.379076607593422,-0.22348693598803496,0.1
-0.18002997551997113,-227.82819234320777,-227.7585850937166,-5.39905599243539,-0.2242022898541146,0.1
-0.5402766489535888,-228.36846899216135,-228.29886174267017,-5.536848078602414,-0.23228290047561767,0.1
-0.5285727226079737,-228.89704171476933,-228.82743446527815,-5.595219324463616,-0.23692440780777754,0.1
-0.3982247994239897,-229.29526651419332,-229.22565926470213,-5.600679015760735,-0.23731006779625802,0.1
-0.20394560000000067,-229.4992121141933,-229.42960486470213,-5.551144520070797,-0.23507218919798661,0.1
-0.27014960000000054,-229.7693617141933,-229.69975446470212,-5.671174081804575,-0.23932018220598636,0.1
-0.15103406598400088,-229.9203957801773,-229.85078853068612,-5.647177997720734,-0.2384602395467864,0.1
-0.8229522531400184,-230.74334803331732,-230.67374078382613,-5.795141094016355,-0.2530662104915867,0.1
-0.2714988599999793,-231.0148468933173,-230.9452396438261,-5.795573429841715,-0.25308603329158674,0.1
-0.6097482640799763,-231.62459515739727,-231.55498790790608,-5.973536980550737,-0.26345945123174624,0.1
-0.6023194150079392,-232.2269145724052,-232.15730732291402,-6.046430469088976,-0.26973391057190566,0.1
-0.11454180753276919,-232.34145637993797,-232.27184913044678,-5.891787057077305,-0.26193171937440085,0.1
-0.31397300407996764,-232.65542938401794,-232.58582213452675,-5.952642388354795,-0.2645367800320006,0.1
-1.6697639329679002,-234.32519331698583,-234.25558606749465,-5.5606443857854275,-0.29155038595590294,0.1
-0.6390617558077123,-234.96425507279355,-234.89464782330236,-5.759799348484568,-0.30325233510007343,0.1
-0.47394562150395725,-235.4382006942975,-235.36859344480632,-5.8709750115451,-0.3093213100330006,0.1
-0.4007375999999827,-235.8389382942975,-235.7693310448063,-6.1278275934210065,-0.3191719225685204,0.08
-0.3102879999999821,-236.14922629429748,-236.0796190448063,-6.191453462264977,-0.3219565737063291,0.08
-0.39275036000000607,-236.54197665429749,-236.4723694048063,-6.274842489969615,-0.3259829089524092,0.08
-0.20465355128399462,-236.74663020558148,-236.6770229560903,-6.620104191422357,-0.33529553102907783,0.06
-0.6766399216617905,-237.42327012724328,-237.3536628777521,-6.655317194584031,-0.3397282943522331,0.06
-0.46801171303197203,-237.89128184027527,-237.82167459078408,-7.135336456621113,-0.3542571716848735,0.04
-0.6442986905279547,-238.53558053080323,-238.46597328131205,-7.276624546437161,-0.3629913374954325,0.04
-0.16396237446399697,-238.69954290526724,-238.62993565577605,-7.525171810324823,-0.33697553886557713,0.04
-0.15842675268861084,-238.85796965795583,-238.78836240846465,-7.948740764460753,-0.3449537405075101,0.02
-0.12216253797437543,-238.9801321959302,-238.910524946439,-7.8853705327599295,-0.34329161486699755,0.02
-0.09337495799998535,-239.0735071539302,-239.003899904439,-7.693985787024715,-0.32883246010075806,0.02
-0.10205651153600598,-239.1755636654662,-239.10595641597502,-7.534697527961611,-0.32376279082811865,0.02
-0.4796582558399675,-239.65522192130618,-239.585614671815,-7.558859788923759,-0.32547687594491803,0.02
0.5578089666359869,-239.0974129546702,-239.02780570517902,-6.63929832272201,-0.30855755125219775,0.04
-0.3090816023039964,-239.4064945569742,-239.336887307483,-8.054477093089936,-0.33023502980953606,0.02
-0.39468808377437653,-239.80118264074858,-239.7315753912574,-8.10103961484244,-0.3322484074850244,0.02
-0.2698863919359954,-240.07106903268456,-240.00146178319338,-8.150596978448363,-0.33370456732374437,0.02
-0.19120859870398504,-240.26227763138854,-240.19267038189736,-8.055503220177252,-0.33058287894217175,0.02
-0.4297070103439621,-240.69198464173252,-240.62237739224133,-8.153889834597077,-0.33457715108665076,0.02
-0.2968880000000025,-240.9888726417325,-240.91926539224133,-8.211793150955817,-0.33635947108665115,0.02
-0.4967055248119614,-241.48557816654449,-241.4159709170533,-8.444350043829575,-0.3444002182164909,0.02
-0.6066376452620388,-242.0922158118065,-242.02260856231533,-8.593278929767752,-0.35241995712173213,0.02
-0.6394834520567707,-242.73169926386328,-242.6620920143721,-8.823757572042254,-0.36283428287710784,0.02
-0.6440579795584079,-243.37575724342167,-243.3061499939305,-8.86479370210973,-0.36781905046827645,0.02
-0.31045199999998396,-243.68620924342167,-243.6166019939305,-8.875364921022168,-0.3681609864682765,0.02
-0.053517351887959974,-243.73972659530963,-243.67011934581845,-8.847363615305834,-0.36765282834462837,0.02
-0.5510016399359802,-244.2907282352456,-244.22112098575442,-9.187604719314796,-0.37803550282104387,0.02
-1.1377324570799914,-245.4284606923256,-245.3588534428344,-8.919798025248465,-0.3896793050217153,0.02
-0.3624221970431478,-245.79088288936873,-245.72127563987755,-8.910983445347247,-0.3893207181625783,0.02
-0.24218455023359503,-246.03306743960232,-245.96346019011114,-8.873969993564137,-0.3882314091672507,0.02
-0.3990130199999834,-246.4320804596023,-246.36247321011112,-8.929639354190964,-0.39030890916725,0.02
-0.35716201872000986,-246.7892424783223,-246.71963522883112,-9.040702840011855,-0.3935816499016508,0.02
-1.1711588573951999,-247.9604013357175,-247.89079408622632,-8.908575068926394,-0.4109371150495545,0.02
-0.5182651245598588,-248.47866646027737,-248.40905921078618,-9.049590038132857,-0.4166100818517918,0.02
-0.35721601382400797,-248.83588247410137,-248.76627522461018,-9.17262043096631,-0.42015380261787255,0.02
-0.40122339999998313,-249.23710587410136,-249.16749862461018,-9.124489206531626,-0.4173727376388004,0.02
-0.295698680000007,-249.53280455410138,-249.4631973046102,-9.021500637141381,-0.4127152567866411,0.02
-0.2699535919360061,-249.80275814603738,-249.7331508965462,-8.948471860800415,-0.41014983263688143,0.02
-0.2704687999999924,-250.07322694603738,-250.0036196965462,-8.997305768487916,-0.4114802966368813,0.02
-0.16807949114398568,-250.24130643718138,-250.1716991876902,-8.91941611699777,-0.4094388944597609,0.02
-0.36784799193600526,-250.60915442911738,-250.5395471796262,-9.070866560797189,-0.41377517297880106,0.02
-0.3930934399999575,-251.00224786911733,-250.93264061962614,-9.031813931872492,-0.40517799671599986,0.02
-0.2784999759999903,-251.2807478451173,-251.21114059562612,-9.03657312029615,-0.40531801903600007,0.02
-0.20076521999997818,-251.48151306511727,-251.41190581562608,-8.85710939432433,-0.3971383581544001,0.02
-0.16001757062398236,-251.64153063574125,-251.57192338625006,-8.651036211279287,-0.388292321266721,0.02
-0.38649919999997784,-252.02802983574122,-251.95842258625004,-8.83953434237252,-0.3937314691160651,0.02
-0.3951882799999945,-252.4232181157412,-252.35361086625002,-8.881814857415941,-0.3953557746344657,0.02
-0.4906949624728667,-252.91391307821408,-252.8443058287229,-10.216241283534798,-0.37177439522456496,0.02
-0.1343486529335951,-253.04826173114768,-252.9786544816565,-9.969263364560277,-0.3616801331670827,0.02
-0.2827500180000082,-253.33101174914768,-253.2614044996565,-9.874528016740662,-0.3578562210970037,0.02
-0.5051498551199349,-253.8361616042676,-253.76655435477642,-9.902579842489889,-0.3599444661994028,0.02
-0.39445626000000245,-254.2306178642676,-254.16101061477642,-9.95102538415373,-0.3616278313994032,0.02
-0.19892565598080214,-254.42954352024842,-254.35993627075723,-9.807659732118134,-0.35775133731901904,0.02
-0.6739906647084611,-255.10353418495689,-255.0339269354657,-9.957564113158508,-0.36713807958750844,0.02
-0.8566593225343807,-255.96019350749125,-255.89058625800007,-9.849852115871474,-0.37073846760496015,0.02
-0.6341007389152064,-256.59429424640643,-256.52468699691525,-9.855875502420377,-0.3740602481226249,0.02
-0.9791893352160084,-257.57348358162244,-257.50387633213126,-9.650133424974452,-0.38075806101638593,0.02
-0.16834997599997792,-257.74183355762244,-257.67222630813126,-9.654693975976162,-0.3808458130471055,0.02
-0.6359422525119947,-258.37777581013444,-258.30816856064325,-9.88278260429866,-0.3903961230435732,0.02
-0.41446079999994545,-258.7922366101344,-258.7226293606432,-10.126064251940063,-0.3962420882840846,0.02
-0.3922450191999858,-259.1844816293344,-259.11487437984323,-10.406693407940585,-0.4022194895080846,0.02
-0.42882303815998507,-259.6133046674944,-259.5436974180032,-10.707808720608687,-0.40875482004056424,0.02
-0.5046888247679966,-260.11799349226237,-260.0483862427712,-10.714801786472474,-0.4092554314191248,0.02
-0.3627639135599711,-260.4807574058223,-260.41115015633113,-13.020223551457182,-0.42766688902304395,0.0
-0.6496837774560056,-261.1304411832783,-261.06083393378714,-13.147650148239727,-0.4344789325260841,0.0
-0.32313600979200424,-261.4535771930703,-261.38396994357913,-13.078713907194143,-0.43304789104643665,0.0
-0.8393432419327276,-262.29292043500305,-262.22331318551187,-13.110757894991542,-0.44443702804637136,0.0
-1.3378557775439375,-263.630776212547,-263.5611689630558,-12.349646889556,-0.4673699716231704,0.0
-0.5897561632516337,-264.22053237579865,-264.15092512630747,-12.411635362195245,-0.4705709546813238,0.0
-0.6290500600000358,-264.8495824357987,-264.7799751863075,-12.599583364705566,-0.47721419588132447,0.0
-0.7433879122399493,-265.59297034803865,-265.52336309854746,-12.608690583958527,-0.4821478436298843,0.0
0.2625524485632311,-265.33041789947544,-265.26081064998425,-11.366738637920191,-0.46476404175337893,0.02
-0.23189975089916182,-265.5623176503746,-265.4927104008834,-11.140250481254764,-0.4566123677302267,0.02
-0.5472987603177573,-266.10961641069235,-266.04000916120117,-11.128998079534938,-0.4546771833454137,0.02
-0.48611905413199535,-266.5957354648244,-266.5261282153332,-11.242547461203328,-0.45819052442805386,0.02
-0.3708135338255698,-266.96654899864996,-266.89694174915877,-11.621701888346282,-0.46453644806680616,0.02
-0.44020519239357603,-267.40675419104355,-267.33714694155236,-11.57660073117215,-0.46232051911595795,0.02
-0.6632393443103883,-268.06999353535394,-268.00038628586276,-11.9884609899049,-0.4528306568605659,0.02
-0.6062072259999722,-268.6762007613539,-268.60659351186274,-12.093557924653762,-0.45770635743970245,0.02
-0.9283966427039211,-269.60459740405787,-269.5349901545667,-12.177655656499748,-0.47143059928910896,0.02
-0.6092629487424267,-270.2138603528003,-270.1442531033091,-12.265229563621203,-0.47563559786395787,0.02
-0.2796336725759924,-270.49349402537626,-270.4238867758851,-12.185990025059853,-0.47408503094107746,0.02
-0.207312559999997,-270.70080658537626,-270.63119933588507,-12.423485331468823,-0.4548081049931734,0.02
-0.38143699999996467,-271.0822435853762,-271.012636335885,-12.346924296672709,-0.45207154250197545,0.02
-0.2711071999999761,-271.35335078537616,-271.283743535885,-12.256805919654143,-0.4503493662254949,0.02
-0.3648775126000191,-271.71822829797617,-271.648621048485,-12.228210801454118,-0.4496224484774956,0.02
-0.47012692042396853,-272.18835521840015,-272.11874796890896,-12.366853625762689,-0.4531110132859748,0.02
-0.37423341627200946,-272.5625886346722,-272.492981385181,-12.475071671771365,-0.4551966097726949,0.02
-0.657150783839971,-273.2197394185122,-273.150132169021,-12.680029229725566,-0.4629302494494945,0.02
-0.7180102911839226,-273.9377497096961,-273.8681424602049,-13.03601770597724,-0.4739288654502933,0.02
-0.4113729019070259,-274.34912261160315,-274.27951536211197,-13.074566475311878,-0.47479936364971365,0.02
-0.4679046604287968,-274.81702727203196,-274.7474200225408,-13.129195737545928,-0.4762955880582904,0.02
-0.37930000000001074,-275.19632727203197,-275.1267200225408,-13.245125259869596,-0.4783115885382908,0.02
-0.09678597263997327,-275.29311324467193,-275.22350599518074,-13.05150983845089,-0.4762320035910907,0.02
-0.33032802736477423,-275.6234412720367,-275.5538340225455,-13.304263472956428,-0.47963821272590657,0.02
-0.5055544836799857,-276.1289957557167,-276.0593885062255,-13.387392893087315,-0.48201931839950674,0.02
-0.7188324975358977,-276.8478282532526,-276.7782210037614,-13.47098620060895,-0.48849220275022476,0.02
-0.7515635402304053,-277.599391793483,-277.5297845439918,-13.476520740523494,-0.4937095743053756,0.02
-0.5405534279164913,-278.1399452213995,-278.0703379719083,-13.972151599326239,-0.5018336698050334,0.02
-0.38455900000000465,-278.5245042213995,-278.45489697190834,-14.104381217181585,-0.5038698494450334,0.02
-0.30772014162557737,-278.8322243630251,-278.7626171135339,-13.911915176300678,-0.4999212551751463,0.02
-0.43010760910076773,-279.2623319721259,-279.1927247226347,-13.945315836683994,-0.5006342821571615,0.02
-0.5733343388079954,-279.83566631093385,-279.76605906144266,-14.352491848580211,-0.5081224558137054,0.02
-0.27924000000000204,-280.11490631093386,-280.0452990614427,-14.080685385540807,-0.5002274425195362,0.02
-0.2775473960735859,-280.39245370700746,-280.3228464575163,-13.941867672723374,-0.4886452039903203,0.02
-0.18236833591194468,-280.5748220429194,-280.5052147934282,-13.53384326241097,-0.47961055593025514,0.02
-0.41232366000001486,-280.9871457029194,-280.9175384534282,-13.777204958186804,-0.46827324242593527,0.02
-0.21785398723196364,-281.2049996901514,-281.1353924406602,-13.872036237929228,-0.46926332265057497,0.02
-0.32744000359996167,-281.53243969375137,-281.4628324442602,-13.71259997178388,-0.46309327767233427,0.02
-0.3621763944799551,-281.8946160882313,-281.82500883874013,-13.663045592343328,-0.46204758956193454,0.02
-0.3374000080639966,-282.2320160962953,-282.1624088468041,-13.605400904651557,-0.46095068933921474,0.02
-0.207312559999997,-282.4393286562953,-282.3697214068041,-13.33066780598047,-0.4565204797760149,0.02
-0.3778293199999857,-282.8171579762953,-282.7475507268041,-13.248561569939667,-0.4539832896806547,0.02
-0.3607316193919905,-283.17788959568725,-283.10828234619606,-13.24652974549021,-0.45394264379729515,0.02
-0.30182511391435723,-283.4797147096016,-283.4101074601104,-13.082774036133346,-0.44698547052646215,0.02
-0.18357691176959406,-283.6632916213712,-283.59368437188,-12.883182829466733,-0.444194288566014,0.02
-0.2634799904000046,-283.9267716117712,-283.85716436228,-12.833218259950296,-0.43267702353535953,0.02
-0.21264160000000512,-284.13941321177117,-284.06980596228,-14.339374447400001,-0.41017273998448084,0.02
-0.1322400092604072,-284.27165322103156,-284.2020459715404,-13.881695715466888,-0.40102241690465634,0.02
-0.24715206162397152,-284.51880528265553,-284.44919803316435,-13.720401003468485,-0.39338445693713503,0.02
-0.1431763580479793,-284.6619816407035,-284.59237439121233,-13.52434711987696,-0.38138022585329556,0.02
-0.3953091150847993,-285.0572907557883,-284.9876835062971,-15.76927741014059,-0.3945374571262562,0.0
-0.17834697143997935,-285.23563772722827,-285.1660304777371,-15.625794412240895,-0.3934664015370726,0.0
-0.10464731209438269,-285.3402850393226,-285.27067778983144,-15.012117382934475,-0.3846133725726051,0.0
-0.3571569354079643,-285.69744197473057,-285.6278347252394,-14.956548020527109,-0.3820341301981245,0.0
-0.40109796459997915,-286.0985399393305,-286.02893268983934,-14.979254179973708,-0.3826398188136126,0.0
-0.3127371365519719,-286.4112770758825,-286.3416698263913,-14.873767276795283,-0.3800904576967806,0.0
0.01965497763834434,-286.3916220982441,-286.32201484875293,-14.04021403628624,-0.36643257125780593,0.02
-0.3786082625279306,-286.770230360772,-286.70062311128083,-14.10977372265944,-0.36188059198836514,0.02
-0.46083923587519215,-287.2310695966472,-287.16146234715603,-15.290026618428357,-0.3525294438517906,0.02
-0.20116198128000393,-287.4322315779272,-287.362624328436,-15.20338442460543,-0.344367424502542,0.02
-0.3576596052791725,-287.7898911832064,-287.7202839337152,-15.296959844187466,-0.3459279431566057,0.02
-0.16591236539197388,-287.9558035485984,-287.8861962991072,-15.182423942534017,-0.34509993926444515,0.02
-0.3439700343199877,-288.29977358291836,-288.2301663334272,-15.157363816203985,-0.3443505999508457,0.02
-0.2895710997423431,-288.5893446826607,-288.5197374331695,-15.187576497356169,-0.34471987794569303,0.02
-0.12769958017600241,-288.7170442628367,-288.6474370133455,-14.72044983960294,-0.33997631929721267,0.02
-0.22229246147996584,-288.93933672431666,-288.8697294748255,-14.529376250809557,-0.33501963011833263,0.02
-0.23841393535513888,-289.1777506596718,-289.1081434101806,-14.371480015897182,-0.33230324049999527,0.02
-0.37827135999995765,-289.5560220196718,-289.4864147701806,-14.720082919922065,-0.326725652023195,0.02
-0.21178079999998461,-289.7678028196718,-289.6981955701806,-15.185938421571423,-0.31660106219951617,0.02
-0.2786041599999656,-290.04640697967176,-289.9767997301806,-15.113544934383913,-0.31394568736137496,0.02
-0.29712599999996747,-290.34353297967175,-290.27392573018057,-15.11826686134173,-0.31053011415279835,0.02
-0.1853578714240084,-290.52889085109575,-290.45928360160457,-14.857848686466719,-0.3066512715812783,0.02
-0.22303998079997728,-290.7519308318957,-290.68232358240454,-15.250171297633676,-0.30917635174447844,0.02
-0.3539885871839904,-291.1059194190797,-291.03631216958854,-15.262009287633258,-0.3096495629408627,0.02
-0.5271442055527262,-291.6330636246324,-291.56345637514124,-15.21751340740938,-0.31008135737831755,0.02
-0.5303439333999841,-292.1634075580324,-292.09380030854123,-15.978512270186679,-0.3063115860955993,0.02
-0.5400295170399596,-292.7034370750724,-292.6338298255812,-17.165648366052643,-0.30208090563179035,0.02
-0.6448647429223875,-293.34830181799475,-293.27869456850357,-16.646902677750262,-0.3041671319319083,0.02
-0.27838500000001093,-293.62668681799477,-293.5570795685036,-16.590661739555642,-0.3020436519319084,0.02
-0.4077794400000147,-294.0344662579948,-293.9648590085036,-16.591340629499303,-0.3040448378993971,0.02
-0.2790319999999904,-294.31349825799475,-294.24389100850357,-16.582466245832364,-0.3010233257173816,0.02
-0.49818674993980666,-294.81168500793456,-294.7420777584434,-16.865937773993984,-0.2995203739400178,0.02
-0.7594764580759551,-295.5711614660105,-295.5015542165193,-15.495186040592433,-0.3091251031015369,0.02
-0.4035761327975822,-295.9747375988081,-295.9051303493169,-15.562162633721625,-0.3116456778360168,0.02
-0.3510244984399865,-296.32576209724806,-296.2561548477569,-15.855480930083871,-0.31501880108657765,0.02
-0.32806873370875317,-296.6538308309568,-296.5842235814656,-15.846640513497551,-0.31333370256075244,0.02
-0.44021717577596015,-297.09404800673275,-297.02444075724156,-16.022502961314444,-0.3177809663316324,0.02
-0.7339748344559128,-297.82802284118867,-297.7584155916975,-15.174417046749427,-0.32591166294875135,0.02
-0.34087693639997235,-298.16889977758865,-298.09929252809746,-15.161817361712208,-0.3254856737871517,0.02
-1.6161462551863743,-299.785046032775,-299.71543878328384,-10.51798649624891,-0.35106059872959927,0.02
-0.6093520017575702,-300.39439803453257,-300.3247907850414,-10.677130762575109,-0.3591013875647508,0.02
-0.9409745499791657,-301.33537258451173,-301.26576533502055,-10.417656539433958,-0.3703642921643343,0.02
-0.03217399902227444,-301.367546583534,-301.29793933404284,-10.055966258670985,-0.36379313975694005,0.02
-0.30189798012798275,-301.669444563662,-301.5998373141708,-10.056020411762713,-0.36379459708121253,0.02
-0.32550718425596115,-301.994951747918,-301.9253444984268,-10.183491868660965,-0.36663320253093984,0.02
-0.22598995535992716,-302.2209417032779,-302.1513344537867,-10.148407644085847,-0.3658834018301383,0.02
-0.28253999999998847,-302.5034817032779,-302.4338744537867,-10.21335725091619,-0.367281369830138,0.02
-0.2722305599999981,-302.7757122632779,-302.7061050137867,-10.366197638139388,-0.3700811808449298,0.02
-0.2886392183359857,-303.06435148161387,-302.9947442321227,-10.40334617155668,-0.3709109239791701,0.02
-0.31417700407998506,-303.37852848569383,-303.30892123620265,-10.58155213240662,-0.37433093689981023,0.02
-0.31053399999996667,-303.6890624856938,-303.6194552362026,-10.527759908326926,-0.3726354345981136,0.02
-0.46110901281597044,-304.1501714985098,-304.0805642490186,-10.74171832183081,-0.37829067542563344,0.02
-0.5255064119519521,-304.67567791046173,-304.60607066097054,-11.082619777847263,-0.38670785742278474,0.02
-0.2569749867999833,-304.93265289726173,-304.86304564777055,-10.996771648825618,-0.3847042184506251,0.02
-0.27546501295677334,-305.2081179102185,-305.1385106607273,-10.904741818870399,-0.382191559417761,0.02
-0.40105439999996295,-305.60917231021847,-305.5395650607273,-10.963396671873161,-0.3839579046867208,0.02
-0.0753110212583768,-305.6844833314768,-305.61487608198564,-11.141532414041082,-0.3858572246646553,0.0
-0.16293718508560237,-305.8474205165624,-305.7778132670712,-10.928573777904132,-0.38154380311580866,0.0
-0.20105798127999813,-306.0484784978424,-305.9788712483512,-10.735914663659054,-0.3763481780239048,0.0
-0.401277804771176,-306.44975630261354,-306.38014905312235,-10.905013372482532,-0.38035049449372826,0.0
-0.32025353660960576,-306.7700098392231,-306.70040258973194,-10.878077162472675,-0.3796023731203369,0.0
-0.7028935325119312,-307.4729033717351,-307.4032961222439,-11.089566041513837,-0.39034199646273615,0.0
-0.28439519539200364,-307.75729856712707,-307.6876913176359,-11.03968274156851,-0.38915049968417637,0.0
-0.28221359999996654,-308.03951216712704,-307.96990491763586,-11.032812314589696,-0.3890033496893288,0.0
-0.5338565015263818,-308.5733686686534,-308.50376141916223,-11.35601417338558,-0.3971264881163365,0.0
-0.9235930062399622,-309.4969616748934,-309.4273544254022,-11.326698051929252,-0.4111524990115364,0.0
-0.2720195999999985,-309.7689812748934,-309.6993740254022,-11.363344235966224,-0.41182461230443357,0.0
-0.23705415287677303,-310.0060354277702,-309.936428178279,-11.235871849803072,-0.40900026816196994,0.0
-0.678002585627985,-310.6840380133982,-310.614430763907,-11.441849238178515,-0.41832470387452986,0.0
-0.32074971251986556,-311.00478772591805,-310.93518047642686,-11.482159669509777,-0.4191676149249279,0.0
-0.4327700845899045,-311.43755781050794,-311.36795056101676,-11.582710490898528,-0.42188049661672666,0.0
-0.3019895999999603,-311.7395474105079,-311.6699401610167,-11.720920333515744,-0.42421313118824566,0.0
-0.6753198959199107,-312.4148673064278,-312.34526005693664,-11.937191059056948,-0.4332587294906443,0.0
-0.4568805628799606,-312.8717478693078,-312.8021406198166,-12.004715446894771,-0.4353165690045638,0.0
-0.17851899471999091,-313.0502668640278,-312.9806596145366,-11.714698665913751,-0.42834406478790904,0.0
-0.30687499880001046,-313.3571418628278,-313.2875346133366,-11.586658059266245,-0.4238746860959096,0.0
-0.27350985110393045,-313.63065171393174,-313.56104446444056,-11.427813925986484,-0.4185442927771889,0.0
-0.1910518004975793,-313.8217035144293,-313.75209626493813,-11.185982453623438,-0.4094680339286928,0.0
-0.7865231462400353,-314.60822666066935,-314.53861941117816,-11.263930372228428,-0.4196307968534933,0.0
-0.8076549042911743,-315.4158815649605,-315.3462743154693,-11.242563871201456,-0.42762830613931657,0.0
-0.388888219151995,-315.8047697841125,-315.73516253462134,-11.332994401875604,-0.42982543052235656,0.0
-1.2447582922392164,-317.04952807635175,-316.97992082686056,-10.7940257325725,-0.44475686136834475,0.0
-0.46836354428000376,-317.51789162063176,-317.4482843711406,-10.780717273680239,-0.43893460309242577,0.0
-0.4805614714320298,-317.9984530920638,-317.9288458425726,-10.818059035575821,-0.4404743098651147,0.0
-0.32181601267201093,-318.3202691047358,-318.25066185524463,-10.795820275044521,-0.4398901401497552,0.0
-0.5912664455039432,-318.91153555023976,-318.8419283007486,-10.913150206916628,-0.44515409438565895,0.0
-0.13157998183679767,-319.04311553207657,-318.9735082825854,-10.639248361318923,-0.4389813505068757,0.0
-0.3155841115439901,-319.3586996436206,-319.2890923941294,-10.530004081186688,-0.43061353604863734,0.0
-0.41518079999998003,-319.77388044362056,-319.70427319412937,-10.576372651997923,-0.4320996133206375,0.0
-0.27192508000001336,-320.0458055236206,-319.9761982741294,-12.194626762407443,-0.40521518981691024,0.0
-0.10597383793757953,-320.15177936155817,-320.082172112067,-11.800508248682702,-0.3951476265405104,0.0
-0.2359414856591805,-320.38772084721734,-320.31811359772615,-12.000186765481036,-0.3810469652541107,0.0
-0.4206038200000006,-320.80832466721733,-320.73871741772615,-12.555420351820754,-0.3888155616736652,0.0
-0.5097666493919856,-321.3180913166093,-321.2484840671181,-12.67326487888048,-0.3929729350589453,0.0
-0.29736399999999286,-321.6154553166093,-321.54584806711813,-12.643090408568161,-0.3924100713738259,0.0
-0.37899999999996287,-321.9944553166093,-321.9248480671181,-12.816366355156985,-0.3954702722666266,0.0
-0.3556956074880081,-322.3501509240973,-322.2805436746061,-12.894366429475706,-0.39693338441638704,0.0
-0.329995734878372,-322.6801466589757,-322.6105394094845,-12.962400302404774,-0.3980886879139545,0.0
-0.10937175086158132,-322.7895184098372,-322.71991116034604,-12.657205836739797,-0.3945033385644664,0.0
-0.174963197432806,-322.96448160727005,-322.89487435777886,-12.462212821695037,-0.3917190624315229,0.0
-0.7539316847104098,-323.7184132919805,-323.6488060424893,-12.44398246578545,-0.40058701612573167,0.0
-0.26279099351996815,-323.98120428550044,-323.91159703600925,-12.286344405994898,-0.3966206557398116,0.0
-0.5943236929919451,-324.5755279784924,-324.5059207290012,-12.276362850000849,-0.3979970013606115,0.0
-0.36614152803279837,-324.9416695065252,-324.87206225703403,-12.388843223835085,-0.40018033218526783,0.0
-0.5242355152799338,-325.46590502180516,-325.39629777231397,-12.546244716201318,-0.40515574223173106,0.0
-0.37477442534397176,-325.8406794471491,-325.77107219765793,-12.527824840799038,-0.4046301427386112,0.0
-0.3802199948159597,-326.22089944196506,-326.1512921924739,-12.992864690147423,-0.41072832220976285,0.0
-0.9219769022399508,-327.14287634420504,-327.07326909471385,-12.991985833030038,-0.42590911655284985,0.0
-0.24291737183521322,-327.38579371604027,-327.3161864665491,-13.059165552871457,-0.4267463043639541,0.0
-0.47362963031998184,-327.85942334636024,-327.78981609686906,-13.09990320671845,-0.4281933408749303,0.0
-0.20501588831279216,-328.06443923467305,-327.99483198518186,-12.937947404535146,-0.42588858790899403,0.0
-0.2593720513087892,-328.32381128598183,-328.25420403649065,-12.794102829673456,-0.4170181582849311,0.0
-0.3824490203999807,-328.7062603063818,-328.6366530568906,-12.89459334066313,-0.4189792347850907,0.0
-0.30372899999999525,-329.0099893063818,-328.9403820568906,-12.921138160031628,-0.41940954278509124,0.0
-0.3788999999999839,-329.38888930638177,-329.3192820568906,-12.854822606513595,-0.41631041275456326,0.0
-0.3213039037979124,-329.7101932101797,-329.6405859606885,-13.139627069549205,-0.4042646307057223,0.0
-0.28163927999999044,-329.99183249017966,-329.9222252406885,-13.152700592906886,-0.4044570243057221,0.0
-0.389534615599997,-330.38136710577965,-330.31175985628846,-13.331813781349013,-0.40750663356018657,0.0
-0.599855482456765,-330.9812225882364,-330.9116153387452,-13.385073682872314,-0.40594369149676224,0.0
-0.39558807999998147,-331.3768106682364,-331.3072034187452,-13.455692541316457,-0.40744045884636454,0.0
-0.28038507999996887,-331.65719574823635,-331.58758849874516,-13.311451991561421,-0.4043927587545658,0.0
-0.3046896606423932,-331.96188540887874,-331.89227815938756,-13.314804641571545,-0.4044467599674145,0.0
-0.21071007768001349,-332.17259548655875,-332.10298823706756,-13.123626578964764,-0.3951545636026165,0.0
-0.2545574861999876,-332.42715297275873,-332.35754572326755,-12.946075346130739,-0.391108102069017,0.0
-0.2585176696399611,-332.6856706423987,-332.6160633929075,-13.078788264765873,-0.3927080755674165,0.0
-0.21244897960001452,-332.8981196219987,-332.82851237250753,-12.944452581334874,-0.3908195551834165,0.0
-0.2897639999999708,-333.1878836219987,-333.1182763725075,-12.965335357496365,-0.39114463816133743,0.0
-0.2593940116895651,-333.44727763368826,-333.3776703841971,-13.076242375452782,-0.39251148238517714,0.0
-0.054469747727985254,-333.50174738141624,-333.43214013192505,-12.735457367443324,-0.37787041441493613,0.0
1.098399952644039,-332.4033474287722,-332.333740179281,-8.366199868385797,-0.3397493172762318,0.02
-0.25157186090401673,-332.6549192896762,-332.585312040185,-8.293561696640246,-0.33700299011127227,0.02
-0.4047462146559966,-333.05966550433214,-332.99005825484096,-8.820884050079172,-0.32020274855960784,0.02
-0.18530866337197746,-333.24497416770413,-333.17536691821294,-8.671987784099702,-0.31454165094144737,0.02
-0.2724285820800017,-333.51740274978414,-333.44779550029295,-8.592110605783505,-0.31037899315440676,0.02
-0.2676450000000126,-333.78504774978416,-333.71544050029297,-8.559971672287926,-0.30929557290096676,0.02
-0.16285630817277483,-333.9479040579569,-333.87829680846573,-8.40268362617771,-0.3007273701543435,0.02
-0.41496319999996545,-334.3628672579569,-334.2932600084657,-8.584085646122054,-0.3063950345176068,0.02
-0.37293935279995216,-334.73580661075687,-334.6661993612657,-8.610442878582207,-0.307542139342726,0.02
-0.39647228291189085,-335.13227889366874,-335.06267164417756,-8.604938933926519,-0.3071679690009642,0.02
-0.11383043195996038,-335.2461093256287,-335.1765020761375,-8.469122383871525,-0.30400607604016316,0.02
-0.208628980559989,-335.4547383061887,-335.3851310566975,-8.566745125405458,-0.30605917889261136,0.02
-0.16674872510718153,-335.6214870312959,-335.5518797818047,-8.508839173336847,-0.30467532368157135,0.02
-0.25656478112157427,-335.8780518124175,-335.8084445629263,-8.432570348178201,-0.30139454290400286,0.02
-0.1169608492919485,-335.99501266170944,-335.92540541221825,-8.228873456119425,-0.29353842690200216,0.02
-0.40447963583996316,-336.3994922975494,-336.3298850480582,-8.27325744861149,-0.29568073961880154,0.02
-0.11467151080066361,-336.5141638083501,-336.4445565588589,-8.094439449794804,-0.29039416983481553,0.02
-0.11030216212798272,-336.62446597047807,-336.5548587209869,-7.924502787014052,-0.28548630092761507,0.02
0.08537809235201593,-336.53908787812605,-336.46948062863487,-7.541898651239334,-0.2771788243830073,0.04
0.07032129763202999,-336.46876658049405,-336.39915933100286,-7.3447812605012635,-0.27358496341313504,0.06
-0.30351718799998284,-336.77228376849405,-336.70267651900286,-7.423614955956305,-0.27615604322447856,0.06
-0.3116550000000007,-337.083938768494,-337.01433151900284,-7.438369386069585,-0.2673105095302704,0.06
-0.3773836799999666,-337.461322448494,-337.3917151990028,-7.488433917694,-0.26960236325987036,0.06
-0.2970919999999897,-337.75841444849397,-337.6888071990028,-7.446656816771702,-0.2636577294000313,0.06
-0.5403933427200006,-338.29880779121396,-338.2292005417228,-7.467488378890416,-0.2671427656937753,0.06
-0.36023829079035663,-338.6590460820043,-338.5894388325131,-7.443542622666799,-0.26386282120398374,0.06
-0.20425607999999004,-338.8633021620043,-338.7936949125131,-7.3582713298858655,-0.2604524542971042,0.06
-0.31556437828240075,-339.17886654028666,-339.1092592907955,-7.335088128892842,-0.259159341966433,0.06
-0.49687537107995505,-339.67574191136663,-339.60613466187544,-7.579203510310234,-0.25065731134323305,0.06
-0.46259251928481043,-340.1383344306514,-340.0687271811602,-7.650890008703268,-0.255050814292225,0.06
-0.6535478895359204,-340.7918823201873,-340.7222750706961,-7.609153277777679,-0.25864917947654376,0.06
-0.8383932030791987,-341.6302755232665,-341.5606682737753,-7.5672130789990035,-0.2713167257718719,0.06
-0.2956950599999739,-341.92597058326646,-341.8563633337753,-7.586972637114989,-0.27204318594569554,0.06
-0.3862103999999631,-342.31218098326644,-342.24257373377526,-7.58807397321886,-0.2721184135376952,0.06
-0.29659392000000045,-342.60877490326646,-342.5391676537753,-7.584567949448238,-0.2719757119376953,0.06
-0.487114664191957,-343.0958895674584,-343.02628231796723,-7.604090273214009,-0.2741400052215348,0.06
-0.13079560395788206,-343.2266851714163,-343.1570779219251,-7.478181439601584,-0.2703298392247342,0.06
-0.40310563472001376,-343.6297908061363,-343.56018355664514,-7.5255921109698685,-0.27275916631913466,0.06
-0.3990252289440115,-344.02881603508035,-343.95920878558917,-7.528187941027903,-0.27294897858601497,0.06
-0.1347439614191949,-344.16355999649954,-344.09395274700836,-7.375701196139214,-0.26364674816526357,0.06
-0.5929600296959261,-344.75652002619546,-344.6869127767043,-7.382558240483822,-0.26759418715918243,0.06
-0.18682684964798352,-344.9433468758434,-344.87373962635223,-7.324043206961853,-0.26572302255214275,0.06
-0.2356019870399917,-345.17894886288343,-345.10934161339225,-7.286740691649335,-0.2643412690800947,0.06
-0.11901272825359904,-345.29796159113704,-345.22835434164585,-7.216390092556941,-0.26250732209156635,0.06
-0.3079730471547174,-345.6059346382917,-345.53632738880054,-7.243627068790872,-0.263575633310661,0.06
-0.6074236729759708,-346.2133583112677,-346.1437510617765,-7.3086873423781,-0.2705537533773812,0.06
-0.41822819999995886,-346.63158651126764,-346.56197926177646,-7.400895097132773,-0.27466933778538005,0.06
-0.22922944418878963,-346.8608159554564,-346.79120870596523,-7.366387130735993,-0.2734586466691564,0.06
-0.34598789032799204,-347.2068038457844,-347.1371965962932,-7.407760488527957,-0.275190524241925,0.06
-0.2675780230975734,-347.474381868882,-347.4047746193908,-7.577119728341345,-0.27945268974931675,0.06
-0.6716389549840275,-348.146020823866,-348.07641357437484,-12.472150551494348,-0.31485346790187807,0.04
0.17561402477044175,-347.9704067990956,-347.9007995496044,-11.3335594849025,-0.3063097501883889,0.06
-0.2929400800000056,-348.2633468790956,-348.1937396296044,-11.281012354964357,-0.30407362749526906,0.06
-0.21204231999999051,-348.47538919909556,-348.4057819496044,-11.31846486030098,-0.30460830062782934,0.06
-0.1284839800799905,-348.60387317917554,-348.53426592968435,-11.121053920549747,-0.3017294085878291,0.06
-0.3354269877599773,-348.93930016693554,-348.86969291744435,-11.171378184698176,-0.30308504834302846,0.06
-0.15624268768798685,-349.09554285462355,-349.02593560513236,-11.160749371536316,-0.30295277593333264,0.06
-0.9555475391535679,-350.0510903937771,-349.9814831442859,-10.459869814292434,-0.31376446271640474,0.06
-0.35334997588800277,-350.4044403696651,-350.3348331201739,-10.451321888688796,-0.31337267517816575,0.06
-0.3219580097440089,-350.72639837940915,-350.65679112991796,-10.417721934994495,-0.3118823897148081,0.06
-0.5502112591359957,-351.27660963854515,-351.20700238905397,-10.676498036569852,-0.3206100062583288,0.06
-0.7095145957151969,-351.98612423426033,-351.91651698476915,-10.697477295952954,-0.330627718561433,0.06
-0.8167740364799985,-352.80289827074034,-352.73329102124916,-10.677763288354768,-0.3436282247888893,0.06
-0.4192745497999895,-353.2221728205403,-353.15256557104914,-10.783855270207303,-0.34688242016245757,0.06
-0.2697710037719713,-353.4919438243123,-353.4223365748211,-10.979896972814695,-0.34993862325205805,0.06
-0.5516323880407729,-354.04357621235306,-353.9739689628619,-10.991865575724322,-0.3528816782960743,0.06
-0.7992430136063832,-354.84281922595943,-354.77321197646825,-11.134334697250136,-0.36657310835218865,0.06
-0.13915646589596026,-354.9819756918554,-354.9123684423642,-11.18072752489407,-0.36715019442754815,0.06
-0.43885497815998664,-355.4208306700154,-355.3512234205242,-11.964228729789301,-0.3776348558377882,0.04
-0.16839589531862875,-355.589226565334,-355.5196193158428,-12.519144278000777,-0.3824091996968014,0.02
-0.2501706864399983,-355.839397251774,-355.76979000228283,-12.454335682833282,-0.3813422696656017,0.02
-0.19916861576553035,-356.03856586753955,-355.96895861804836,-12.307363378047361,-0.37909254198091236,0.02
-0.2462109877600005,-356.2847768552995,-356.21516960580834,-12.177835506194588,-0.37646908813611296,0.02
-0.20036215583998895,-356.4851390111395,-356.4155317616483,-12.05354842848442,-0.374534491252913,0.02
-0.24190396236799624,-356.7270429735075,-356.6574357240163,-11.890277167348897,-0.3685647036458729,0.02
-0.1864213296167678,-356.9134643031243,-356.8438570536331,-11.699240695507228,-0.36508836442240117,0.02
-0.10148161930560427,-357.0149459224299,-356.9453386729387,-11.53102300846033,-0.3630328752085134,0.02
-0.1809047675519749,-357.19585068998185,-357.12624344049067,-11.375560535332191,-0.3603396829939049,0.02
-0.16352487139201605,-357.3593755613739,-357.2897683118827,-11.125528986522896,-0.3536726730001461,0.02
-0.2842739755200151,-357.6436495368939,-357.57404228740273,-11.030126410427604,-0.3501063021248503,0.02
-0.6728051487759777,-358.3164546856699,-358.2468474361787,-11.01593999840179,-0.3504914473096513,0.02
-0.4541618962240252,-358.77061658189393,-358.70100933240275,-11.300750241441655,-0.34280682117254785,0.02
-0.38070815999995367,-359.15132474189386,-359.0817174924027,-11.359090176529206,-0.3445070831725475,0.02
-0.2971135999999937,-359.44843834189385,-359.37883109240266,-11.299480698544622,-0.3427251471725481,0.02
-0.5348033481599783,-359.98324169005383,-359.91363444056265,-11.37369872275258,-0.3474893357357477,0.02
-0.42964954323194615,-360.4128912332858,-360.3432839837946,-11.367326384906061,-0.34634003331654745,0.02
-0.5180648538559784,-360.9309560871418,-360.8613488376506,-11.671865254776137,-0.3540854183145094,0.02
-0.39620339999998766,-361.3271594871418,-361.2575522376506,-11.668912554996108,-0.3539473736201088,0.02
-0.337583352563136,-361.6647428397049,-361.5951355902137,-11.633053495058315,-0.3527185360924914,0.02
-0.6434954199999586,-362.30823825970486,-362.2386310102137,-11.88652895559744,-0.36289356526410654,0.02
-0.5007826854709101,-362.8090209451758,-362.7394136956846,-11.913604314227243,-0.36105001837960626,0.02
-0.49734089793838,-363.3063618431142,-363.236754593623,-12.154860160232095,-0.3672602993454142,0.02
-0.47993571542398933,-363.7862975585382,-363.716690309047,-12.332356162699497,-0.37214697391309415,0.02
-0.6729031776951706,-364.45920073623336,-364.38959348674217,-12.64337348174668,-0.38322478290192563,0.02
-0.4578489075327058,-364.91704964376606,-364.8474423942749,-12.74377513408371,-0.38622230010948533,0.02
-0.27869997600003704,-365.1957496197661,-365.1261423702749,-12.636082141646034,-0.3796478261699667,0.02
-0.7539371055359223,-365.949686725302,-365.8800794758108,-12.487832062952577,-0.3863620042806859,0.02
-0.6463643614719575,-366.59605108677397,-366.5264438372828,-12.653660030000163,-0.3947047026263493,0.02
-0.3781821093999716,-366.97423319617394,-366.90462594668276,-12.679831442541746,-0.3953485870077889,0.02
-0.4434752107519875,-367.41770840692595,-367.34810115743477,-12.831333700338453,-0.3988665307608772,0.02
-0.2855153200000105,-367.70322372692596,-367.63361647743477,-12.75443008409641,-0.39114405806119684,0.02
-0.41848185970081386,-368.1217055866268,-368.0520983371356,-14.165495260267278,-0.40302597575062193,0.0
-1.1609688175359445,-369.2826744041627,-369.21306715467153,-13.10901670890521,-0.42038655050134077,0.0
-0.27098513999997004,-369.5536595441627,-369.4840522946715,-13.20020038445797,-0.4215654069013403,0.0
-0.3438720129599854,-369.8975315571227,-369.8279243076315,-13.551497048548345,-0.4258731675589402,0.0
-0.34104958617596093,-370.2385811432987,-370.1689738938075,-13.557783014572053,-0.4259856195272599,0.0
-0.26723999999999054,-370.5058211432987,-370.4362138938075,-13.762381631732332,-0.4282055657735,0.0
-0.3814867799999866,-370.8873079232987,-370.8177006738075,-14.250883449393646,-0.4167243505904284,0.0
-0.2721505627142282,-371.1594584860129,-371.0898512365217,-14.14004778395005,-0.41510036232695285,0.0
-0.3307714279631824,-371.49022991397607,-371.4206226644849,-14.151195037107968,-0.4152766306913363,0.0
-0.35078400863998765,-371.84101392261607,-371.7714066731249,-14.063845096167702,-0.41128808568141617,0.0
-0.28957185511199235,-372.1305857777281,-372.0609785282369,-14.033848246027736,-0.4028892308693521,0.0
-0.3212279538479964,-372.45181373157607,-372.3822064820849,-14.289133360808314,-0.392978309216712,0.0
-0.42002151400319465,-372.87183524557923,-372.80222799608805,-14.28952606641724,-0.39299324850077616,0.0
-0.12026224002234473,-372.99209748560156,-372.9224902361104,-13.96550517907221,-0.39000307322578365,0.0
-0.31381351029601556,-373.3059109958976,-373.2363037464064,-13.871704720261084,-0.3852466956708885,0.0
-0.29739799999997063,-373.6033089958976,-373.5337017464064,-14.143201796273349,-0.37520979539876015,0.0
-0.27775679078397986,-373.8810657866816,-373.8114585371904,-14.440229441489175,-0.37798180189652064,0.0
-0.39620339999998766,-374.27726918668156,-374.2076619371904,-14.422002812058649,-0.37712877033332065,0.0
-0.7635303866879233,-375.0407995733695,-374.9711923238783,-14.46563697856213,-0.3890314601607065,0.0
-0.38573856769839004,-375.4265381410679,-375.3569308915767,-14.646211720601796,-0.39174281778587433,0.0
-0.30135562093437784,-375.7278937620023,-375.6582865125111,-14.843976213458015,-0.3937865578892513,0.0
-0.23587198704000678,-375.9637657490423,-375.8941584995511,-14.822891426262881,-0.3935797778748515,0.0
-0.17002549004000025,-376.1337912390823,-376.06418398959113,-14.74731766351635,-0.3929730445588517,0.0
-0.23186174402560733,-376.3656529831079,-376.2960457336167,-14.72679065139218,-0.39277220019200393,0.0
-0.24164238214398262,-376.6072953652519,-376.5376881157607,-14.851115671904996,-0.3938766212425481,0.0
-0.27344495539204194,-376.88074032064395,-376.81113307115277,-15.295337814424485,-0.3973158879642769,0.0
-0.19252214445915533,-377.0732624651031,-377.0036552156119,-15.326539942847823,-0.3975482355024205,0.0
-0.48563627724794967,-377.55889874235106,-377.4892914928599,-15.80724568079616,-0.40399046361953916,0.0
-0.39861359942396535,-377.95751234177504,-377.88790509228386,-15.968094036244679,-0.40627725609761817,0.0
-0.36468511873274123,-378.32219746050777,-378.2525902110166,-16.083699586336323,-0.4001148554967535,0.0
-0.13166151883680313,-378.45385897934455,-378.38425172985336,-15.49221113123961,-0.3936648479490091,0.0
-0.6567121528799624,-379.1105711322245,-379.0409638827333,-15.390941323236838,-0.3991849278066092,0.0
-0.30998500600000334,-379.42055613822447,-379.3509488887333,-15.412167127465695,-0.39944235592660937,0.0
-0.5231903341591787,-379.9437464723836,-379.87413922289244,-15.417036799565935,-0.39921009564659343,0.0
0.04364049165599371,-379.90010598072763,-379.83049873123645,-14.262024282453465,-0.3897442949488346,0.02
-0.32781715217515095,-380.2279231329028,-380.1583158834116,-14.173573737490726,-0.38593934091521803,0.02
-1.3278042630400089,-381.5557273959428,-381.48612014645164,-12.258025284908772,-0.4045713581760185,0.02
-0.431325934775983,-381.9870533307188,-381.91744608122764,-12.3237658590266,-0.4064462098202754,0.02
-0.2850199999999987,-382.2720733307188,-382.2024660812276,-12.20557087871256,-0.3992767014202762,0.02
-0.29751699999999437,-382.56959033071877,-382.4999830812276,-12.083047229800156,-0.39521138771085795,0.02
-0.5257142179199557,-383.09530454863875,-383.02569729914757,-12.085529091887866,-0.3957788541104894,0.02
-0.8463527610984076,-383.94165730973714,-383.87205006024595,-11.888317583081605,-0.4031071950239778,0.02
-0.6548874170399821,-384.5965447267771,-384.5269374772859,-11.897167247163518,-0.402746879810874,0.02
-0.5000739621695801,-385.0966186889467,-385.0270114394555,-11.908818369181898,-0.4035913809036115,0.02
-1.0481625794079186,-386.1447812683546,-386.07517401886344,-11.603690667134384,-0.41898063297176913,0.02
-0.4983347679232029,-386.64311603627783,-386.57350878678665,-11.655395460713125,-0.4138685862195148,0.02
-0.4729057265203064,-387.11602176279814,-387.04641451330696,-11.652664691429989,-0.41039941352048165,0.02
-0.6414014959199835,-387.7574232587181,-387.68781600922694,-11.706383864779164,-0.41566380125088204,0.02
-0.284579975519996,-388.0420032342381,-387.9723959847469,-11.587685589805256,-0.4124858965462421,0.02
-0.6185178473280242,-388.6605210815661,-388.59091383207493,-11.73022836901531,-0.4191459470928024,0.02
-0.3602751907839904,-389.0207962723501,-388.9511890228589,-11.691428306444685,-0.41798181371446597,0.02
-0.26682417082555393,-389.2876204431756,-389.21801319368444,-12.288504983657813,-0.40009892078025816,0.02
-0.16148623638766973,-389.4491066795633,-389.3794994300721,-12.129986276616274,-0.3979089427080122,0.02
-0.28099341553917145,-389.73010009510244,-389.66049284561126,-12.067741625363883,-0.39665137075959583,0.02
-0.10102854916796897,-389.8311286442704,-389.7615213947792,-11.742314741937289,-0.39185095001943604,0.02
-0.284375975519971,-390.1155046197904,-390.0458973702992,-11.761000538843108,-0.39219366952983564,0.02
-0.3539401419135101,-390.46944476170387,-390.3998375122127,-11.741663562798013,-0.39164273676810607,0.02
-0.3845775023440183,-390.8540222640479,-390.7844150145567,-11.839938496892891,-0.39389127556070186,0.02
-0.5090537985920417,-391.36307606263995,-391.29346881314876,-11.928502734494662,-0.39745692297327906,0.02
-0.6777848002559238,-392.0408608628959,-391.9712536134047,-11.965751836400504,-0.4039969388055978,0.02
-0.2793803599999984,-392.3202412228959,-392.2506339734047,-11.954610400102087,-0.4037931089033579,0.02
-0.5435778947759851,-392.8638191176719,-392.7942118681807,-12.061482581428555,-0.4082401077219177,0.02
-0.537624187263966,-393.40144330493587,-393.3318360554447,-12.096547686125946,-0.4105921611871331,0.02
-0.34588807296001955,-393.7473313778959,-393.6777241284047,-12.405437520227546,-0.41510467784588656,0.02
-0.6769180790799543,-394.4242494569758,-394.35464220748463,-12.498834888992347,-0.4223667692215654,0.02
-0.3221328126719735,-394.74638226964777,-394.6767750201566,-12.525727062285249,-0.4228614654750054,0.02
-0.5470548105599773,-395.29343708020775,-395.22382983071657,-12.701060539873906,-0.42824742587052533,0.02
-0.3148425539863801,-395.6082796341941,-395.5386723847029,-12.62683396574509,-0.4266202089502532,0.02
-0.6347974226799359,-396.24307705687403,-396.17346980738284,-12.708589429443728,-0.42404554967009356,0.02
-0.6168404872079819,-396.859917544082,-396.7903102945908,-12.767919282661646,-0.4286675880602854,0.02
-0.21296439999997946,-397.072881944082,-397.0032746945908,-12.64775515347917,-0.4268997636415973,0.02
-0.6126149486927863,-397.6854968927748,-397.6158896432836,-12.88194083353458,-0.43443462287465295,0.02
-0.27606279711793574,-397.96155968989274,-397.89195244040155,-13.048622987522174,-0.4365553690162116,0.02
-1.4791682903039938,-399.44072798019675,-399.37112073070557,-11.818160515241077,-0.46150149994177936,0.02
0.535954355484819,-398.90477362471194,-398.83516637522075,-10.234252205770243,-0.4459495651892034,0.04
-0.8112777177600079,-399.7160513424719,-399.64644409298074,-10.374647206414862,-0.45670622043656267,0.04
-0.17180096606394463,-399.88785230853586,-399.81824505904467,-10.353092245933881,-0.45629179686865845,0.04
-0.2890270787615838,-400.17687938729745,-400.10727213780626,-10.236145411661726,-0.4523596128989312,0.04
-0.5102402488159842,-400.68711963611344,-400.61751238662225,-10.286440255566914,-0.4545921458867715,0.04
-0.08591072209601397,-400.77303035820944,-400.70342310871825,-10.031377165214547,-0.44901665795403695,0.04
-0.7601506775999816,-401.53318103580943,-401.46357378631825,-10.324374218264044,-0.46158644112930053,0.04
-0.38857589999999115,-401.9217569358094,-401.8521496863182,-10.239505798827729,-0.4562237160717011,0.04
-0.5310360518400107,-402.45279298764945,-402.38318573815826,-10.35623932510942,-0.4606447369885013,0.04
-0.5337552633600079,-402.9865482510095,-402.9169410015183,-10.359491315884153,-0.4608560355725178,0.04
-0.8204072282518805,-403.8069554792614,-403.7373482297702,-10.903511087207264,-0.47813698997067533,0.02
-0.9899503067663691,-404.79690578602776,-404.7272985365366,-10.946058932032447,-0.49137965306249975,0.02
-0.43742701224001135,-405.23433279826776,-405.1647255487766,-11.38518638383135,-0.47357210804649974,0.02
-0.4545199823119907,-405.68885278057974,-405.61924553108855,-11.398226186370625,-0.47403598899721994,0.02
-0.7802545825279844,-406.4691073631077,-406.3995001136165,-11.565538079707059,-0.4839406806477796,0.02
-0.6673772396159298,-407.1364846027236,-407.0668773532324,-11.747476482369414,-0.4913378854400983,0.02
-0.32443797988796164,-407.4609225826116,-407.3913153331204,-11.616929228817417,-0.48731236067945843,0.02
-0.3481432702079548,-407.8090658528196,-407.7394586033284,-11.530447390212581,-0.4773481708616494,0.02
-0.3570251999999495,-408.1660910528195,-408.09648380332834,-11.411634664200832,-0.47139092652084874,0.02
-0.2154863758080149,-408.38157742862757,-408.3119701791364,-11.191451080927573,-0.4656991747936175,0.02
-1.5655735641168027,-409.94715099274435,-409.87754374325317,-10.444045057913588,-0.4760473944877951,0.02
-0.16625249099998796,-410.1134034837443,-410.04379623425314,-10.207095108629767,-0.46940574894933085,0.02
-0.3091238204351747,-410.4225273041795,-410.3529200546883,-10.111854357193522,-0.4661301108276282,0.02
-0.279719880000004,-410.7022471841795,-410.6326399346883,-9.953610591513153,-0.45889647850922866,0.02
-0.09192929174397046,-410.79417647592345,-410.72456922643227,-9.775264813857666,-0.4550434648337081,0.02
-0.09875245010396475,-410.8929289260274,-410.82332167653624,-9.46944342887336,-0.44464815688922693,0.02
-0.31573157302400146,-411.2086604990514,-411.1390532495602,-9.442371108080035,-0.4437572845340271,0.02
-0.2348286825023736,-411.4434891815538,-411.3738819320626,-9.418249167510679,-0.44311737476756347,0.02
-0.054301015835982375,-411.49779019738975,-411.42818294789856,-9.312607907154877,-0.44097367035652973,0.02
-0.19809018050238086,-411.69588037789214,-411.62627312840095,-9.250189701410656,-0.43931560565579386,0.02
-0.33764761022397427,-412.03352798811613,-411.96392073862495,-9.438308581976766,-0.44404798687691405,0.02
-0.46331670239997025,-412.4968446905161,-412.42723744102494,-9.536603609723171,-0.44762680141451405,0.02
-0.5490800888320544,-413.0459247793482,-412.976317529857,-9.619093628639908,-0.45152960035288486,0.02
-0.429619206911956,-413.47554398626016,-413.405936736769,-9.641823396654802,-0.45243043444424375,0.02
-0.29149967999997145,-413.7670436662601,-413.69743641676894,-9.530290567806995,-0.4480793520724023,0.02
-0.6606390679543723,-414.4276827342145,-414.3580754847233,-9.529542338402232,-0.44773643742637126,0.02
-0.3159711999999869,-414.7436539342145,-414.6740466847233,-9.554652473181067,-0.44846825422637104,0.02
-0.3236964895512111,-415.0673504237657,-414.9977431742745,-9.45619302211358,-0.44407062612187553,0.02
-0.4898737070735734,-415.55722413083924,-415.48761688134806,-9.441595337769014,-0.4431156165180677,0.02
-0.3016040599999875,-415.85882819083923,-415.78922094134805,-9.413724830208084,-0.4422299362588671,0.02
-0.18415579303998098,-416.0429839838792,-415.973376734388,-9.198380308265255,-0.43237469053806754,0.02
-0.29377279999997374,-416.3367567838792,-416.267149534388,-9.18046437964793,-0.4318074902846276,0.02
-0.38280555310401576,-416.7195623369832,-416.649955087492,-9.120044383677095,-0.4285225051355084,0.02
-1.3012104806399842,-418.0207728176232,-417.951165568132,-8.965985826841488,-0.44824986366858044,0.02
-0.5405316269759767,-418.56130444459916,-418.491697195108,-8.947240426718169,-0.4463645477545012,0.02
-0.4172987862544026,-418.97860323085354,-418.90899598136235,-8.88799168637261,-0.4423737137354296,0.02
-0.2624496157679995,-419.2410528466215,-419.17144559713034,-8.922515164254206,-0.4433634180507901,0.02
-0.4766543871888117,-419.71770723381036,-419.6480999843192,-8.88790603233464,-0.44064420682071054,0.02
-0.6296165814959462,-420.3473238153063,-420.2777165658151,-9.026035267265483,-0.4477152825082708,0.02
-0.3222120467743931,-420.6695358620807,-420.5999286125895,-9.422338622425926,-0.42457615763767875,0.02
-0.28587156000000197,-420.95540742208067,-420.8858001725895,-10.812181478798601,-0.44101267594737514,0.0
-0.37082882505599307,-421.32623624713665,-421.25662899764546,-10.773887686533739,-0.4322036980932949,0.0
-0.5744844440639869,-421.90072069120066,-421.8311134417095,-11.044610473323996,-0.44025736765329576,0.0
-0.501046825919955,-422.4017675171206,-422.33216026762943,-11.179270749365019,-0.4444977625964631,0.0
-0.9271883486719747,-423.3289558657926,-423.2593486163014,-11.077781037159932,-0.452836724593583,0.0
-0.8185407826559854,-424.14749664844857,-424.0778893989574,-11.45218130627355,-0.4674893258047824,0.0
-0.37910651697404896,-424.5266031654226,-424.45699591593143,-11.376277808155823,-0.4598684425922637,0.0
-0.4996674262719499,-425.0262705916946,-424.9566633422034,-11.43648572552824,-0.4620902731177029,0.0
-0.9782160493139072,-426.0044866410085,-425.9348793915173,-11.306442882412679,-0.4710338730671808,0.0
-0.515562044815984,-426.52004868582446,-426.4504414363333,-11.30025859013912,-0.47067000869630043,0.0
-0.7724826818399402,-427.2925313676644,-427.22292411817324,-11.318123127319343,-0.4697115177680616,0.0
-0.24879001079998764,-427.54132137846443,-427.47171412897325,-11.269878362099385,-0.4548883118487339,0.0
-0.6246862227759599,-428.1660076012404,-428.0964003517492,-11.324050313950432,-0.45863349605945286,0.0
-0.19590162145440038,-428.3619092226948,-428.2923019732036,-11.105084173875492,-0.4534611288423011,0.0
-0.5056629045759434,-428.86757212727076,-428.7979648777796,-11.112216281886484,-0.44796929528326035,0.0
-0.4562586712319567,-429.32383079850274,-429.25422354901156,-11.074409188045198,-0.4437469239155808,0.0
-0.3859776233999692,-429.7098084219027,-429.64020117241154,-11.120336088837206,-0.444977716785821,0.0
-0.23529748351198043,-429.9451059054147,-429.87549865592354,-11.016788222347737,-0.4427208010519015,0.0
-0.40410369999996276,-430.34920960541467,-430.2796023559235,-11.048289916624192,-0.4436623710519017,0.0
-0.507446799999949,-430.85665640541464,-430.78704915592346,-11.263345519966176,-0.44950157953574044,0.0
-0.7332481550399932,-431.5899045604546,-431.52029731096343,-12.927713974435633,-0.43285507135420426,0.0
-0.6718338362176146,-432.26173839667223,-432.19213114718104,-13.274968164249042,-0.4429666982585567,0.0
-0.23958201046397437,-432.5013204071362,-432.431713157645,-13.178120768679936,-0.44157586205913274,0.0
-0.28269092160317877,-432.7840113287394,-432.7144040792482,-13.182132254325552,-0.44163528289119625,0.0
-0.27754066084159235,-433.06155198958095,-432.99194474008976,-13.526470071087282,-0.4453475102731487,0.0
-0.34569151475999377,-433.40724350434095,-433.33763625484977,-13.966592920094849,-0.45028629156626926,0.0
-0.2832983999999794,-433.69054190434093,-433.62093465484975,-13.920358859433748,-0.44963762810578883,0.0
-0.2684939999999761,-433.9590359043409,-433.8894286548497,-13.977025059181864,-0.4503109344557409,0.0
-0.43212052979676663,-434.39115643413766,-434.32154918464647,-14.669084774442204,-0.4578673247349566,0.0
-0.21002400000000165,-434.60118043413763,-434.53157318464645,-14.695025940427186,-0.458106001124909,0.0
-0.42239766547195373,-435.0235780996096,-434.9539708501184,-14.790176021268401,-0.45980100222986864,0.0
-0.37992911385597594,-435.40350721346556,-435.3338999639744,-14.717574261856875,-0.45813325045898873,0.0
-0.24032984748422292,-435.6438370609498,-435.5742298114586,-14.40881037678461,-0.45195824563203213,0.0
-0.7997458063359881,-436.4435828672858,-436.3739756177946,-14.306466577864756,-0.4593607776205127,0.0
-0.2083014626083105,-436.6518843298941,-436.5822770804029,-14.159604965817328,-0.4576968132726795,0.0
-0.23824491097599365,-436.89012924087007,-436.8205219913789,-13.8892055361016,-0.4492489301331119,0.0
-0.3032825599999942,-437.1934118008701,-437.1238045513789,-13.871975372067759,-0.44899515733311207,0.0
-0.2803859999999881,-437.47379780087005,-437.40419055137886,-13.811788376134231,-0.44812894754208765,0.0
-0.6932382110079668,-438.167036011878,-438.0974287623868,-13.787321276647582,-0.4521962376207755,0.0
-0.31797877283200143,-438.48501478471,-438.41540753521883,-13.809299358002326,-0.45252373187741574,0.0
-0.28309399999996576,-438.76810878470997,-438.6985015352188,-13.98346525142013,-0.45450249601661546,0.0
-0.39117806000000827,-439.15928684471,-439.0896795952188,-14.102296888648274,-0.45645060121661607,0.0
-0.6779806540799822,-439.83726749878997,-439.7676602492988,-14.171753462961458,-0.4623541032361355,0.0
-0.35710680575997195,-440.19437430454997,-440.1247670550588,-15.876589318493203,-0.4434720297385353,0.0
-0.27266400000000274,-440.46703830455,-440.3974310550588,-15.611651009686177,-0.4381146771990158,0.0
0.04075204110326458,-440.42628626344674,-440.35667901395556,-14.481242618260804,-0.42895366065186247,0.02
-0.33236393932798247,-440.75865020277473,-440.68904295328355,-14.590075632940422,-0.430351947123062,0.02
-0.30392879999995687,-441.06257900277467,-440.9929717532835,-14.429101599264925,-0.426897435379285,0.02
-0.19778237158399042,-441.26036137435864,-441.19075412486745,-14.112474978537636,-0.41826075118104583,0.02
-0.47420745895039657,-441.734568833309,-441.66496158381784,-14.236315382813249,-0.4213006594245659,0.02
-0.20693650261599067,-441.941505335925,-441.8718980864338,-14.094770873939726,-0.41972195827688574,0.02
0.32798778902918124,-441.6135175468958,-441.54391029740464,-12.203069040211227,-0.40574562599518216,0.04
-0.48326421035992967,-442.09678175725577,-442.0271745077646,-12.198240953719624,-0.40392122132110103,0.04
-0.3595343910840104,-442.4563161483398,-442.3867088988486,-12.13018025616265,-0.4010909726243822,0.04
-0.6898352508159145,-443.1461513991557,-443.0765441496645,-12.437369624662836,-0.39634391066726093,0.04
-0.46245847356800146,-443.6086098727237,-443.53900262323253,-12.661727798084684,-0.3892222644855013,0.04
-0.8223430222391439,-444.43095289496284,-444.36134564547166,-12.474521417132147,-0.39808699459080316,0.04
-0.41574376823994863,-444.8466966632028,-444.7770894137116,-12.446754591759621,-0.3964085214301632,0.04
-0.6333581598791581,-445.48005482308196,-445.4104475735908,-12.980657339053005,-0.3895113636414682,0.04
-0.6396000320415525,-446.1196548551235,-446.0500476056323,-12.930888779693568,-0.39199212338597955,0.04
-0.7013226216319663,-446.82097747675544,-446.75137022726426,-13.024122643054305,-0.39056892218182004,0.04
-0.4644183801599531,-447.2853958569154,-447.2157886074242,-13.213789202571439,-0.39488148956901936,0.04
-0.3130175999999865,-447.59841345691535,-447.52880620742417,-13.147454321598868,-0.38864811711349995,0.04
-0.2991413999999585,-447.8975548569153,-447.8279476074241,-13.307004824940153,-0.3907129126844111,0.04
-0.3105647999999559,-448.20811965691524,-448.13851240742406,-13.197249861719229,-0.3868109505928913,0.04
-0.2575301680140695,-448.4656498249293,-448.3960425754381,-13.028019765457724,-0.38283638052853364,0.04
-0.8287011592495805,-449.2943509841789,-449.2247437346877,-12.765633065321943,-0.39169085124552583,0.04
-0.169418814916789,-449.4637697990957,-449.3941625496045,-12.656031215148829,-0.39037327787362197,0.04
-0.6519941706023887,-450.1157639696981,-450.0461567202069,-12.639902090467995,-0.3953310872856705,0.04
-0.3701446424031929,-450.4859086121013,-450.4163013626101,-12.58382099370964,-0.39258504413373535,0.04
-0.3088051469567989,-450.7947137590581,-450.7251065095669,-12.606970191904471,-0.38409618397207157,0.04
-0.9407845670399654,-451.735498326098,-451.66589107660684,-12.203911140507172,-0.3894751985885185,0.04
-0.8417106448640412,-452.5772089709621,-452.5076017214709,-12.170444968551024,-0.4015177712765199,0.04
-0.477145228799975,-453.0543541997621,-452.9847469502709,-12.309055383847955,-0.40540685742045574,0.04
-0.17008346443917133,-453.2244376642013,-453.1548304147101,-12.15715121122319,-0.4032577134924074,0.04
-0.04774172536320295,-453.2721793895645,-453.2025721400733,-11.721831967929045,-0.39729871770447156,0.04
-0.10300055915200801,-453.3751799487165,-453.3055726992253,-11.47064605198728,-0.39369276088751215,0.04
-0.24997921094397652,-453.6251591596605,-453.5555519101693,-11.450195444122581,-0.3933224651063922,0.04
-0.4486783790170923,-454.0738375386776,-454.0042302891864,-11.456819589617854,-0.3936536220907986,0.04
-0.36570551420317127,-454.43954305288077,-454.3699358033896,-11.613382005984702,-0.39676725237486205,0.04
-0.43975662057596887,-454.8792996734567,-454.80969242396554,-11.621184267688403,-0.39711443147694225,0.04
-0.21299727793997636,-455.0922969513967,-455.0226897019055,-11.458806646914567,-0.3937757947586223,0.04
-0.864134208263978,-455.95643115966067,-455.8868239101695,-11.459045674043477,-0.4062518819742174,0.04
-0.20834477407999882,-456.16477593374066,-456.0951686842495,-11.34914506327694,-0.3944238613290976,0.04
-0.7790141412959395,-456.9437900750366,-456.8741828255454,-11.476468794512215,-0.4058381149028502,0.04
-0.3198936196191787,-457.26368369465575,-457.19407644516457,-11.561234605006234,-0.4074710890757139,0.04
-0.04864736496958581,-457.31233105962536,-457.2427238101342,-11.208255897385738,-0.40237838517510577,0.04
-0.2059159999999917,-457.51824705962537,-457.4486398101342,-11.12608879646128,-0.4008889851751058,0.04
-0.25547426407996243,-457.77372132370533,-457.70411407421415,-10.999197136945835,-0.39213370623654575,0.04
-0.9536769285599009,-458.72739825226523,-458.65779100277405,-10.852217219855355,-0.4048476693511037,0.04
-0.5038154241103043,-459.23121367637555,-459.16160642688436,-10.98002647006567,-0.40926209783331047,0.04
-0.5737275939559627,-459.8049412703315,-459.7353340208403,-11.036658666175825,-0.4129130885124296,0.04
-0.20597999999999983,-460.0109212703315,-459.9413140208403,-10.833825395206556,-0.4034730754308299,0.04
-0.39705600000000935,-460.4079772703315,-460.33837002084033,-10.85863149699597,-0.40427205931563065,0.04
-0.4094934363519238,-460.8174707066834,-460.74786345719224,-10.96011153468861,-0.40700864804266906,0.04
-0.6017675624959232,-461.41923826917935,-461.34963101968816,-11.597097563831355,-0.41985904011465286,0.02
-0.2851979999999759,-461.7044362691793,-461.63482901968814,-11.552663814871995,-0.41891572132809274,0.02
-0.87216554919355,-462.57660181837286,-462.5069945688817,-11.54438034066184,-0.43028045631196454,0.02
-0.17443565203676092,-462.75103747040964,-462.68143022091846,-11.512988455694169,-0.42981352192102,0.02
-0.14019719416956028,-462.8912346645792,-462.821627415088,-11.206647844656818,-0.42313331662540327,0.02
-0.6354898870240148,-463.5267245516032,-463.457117302112,-11.442193043053763,-0.4317043843135637,0.02
-0.17439878413679893,-463.70112333574,-463.63151608624884,-12.662383180144488,-0.4417521157768834,0.0
-0.3704082591839674,-464.071531594924,-464.0019243454328,-12.59124793612668,-0.4394949967533641,0.0
-0.5394181124327959,-464.6109497073568,-464.5413424578656,-12.68818902185888,-0.4430926711803398,0.0
-0.7050003212160195,-465.3159500285728,-465.2463427790816,-12.68085213379242,-0.4433959725883419,0.0
-0.2760591904000071,-465.5920092189728,-465.5224019694816,-12.519176545146854,-0.439667986924982,0.0
-0.6440282376079521,-466.23603745658073,-466.16643020708955,-12.635277550543947,-0.4361016912323582,0.0
-0.3469032362879786,-466.5829406928687,-466.5133334433775,-12.579668377895223,-0.4347248805933188,0.0
-0.1531822291327891,-466.73612292200147,-466.6665156725103,-12.22988755530068,-0.4251213619783914,0.0
-0.3918670266399732,-467.12798994864147,-467.0583826991503,-12.18069954009775,-0.42016670187035987,0.0
-0.38234241689600057,-467.51033236553747,-467.4407251160463,-12.159658465868503,-0.41378709777564054,0.0
-0.43684404297641066,-467.9471764085139,-467.8775691590227,-12.147748017446636,-0.41323561103196965,0.0
-0.47150529950718334,-468.41868170802104,-468.34907445852986,-12.256084485469794,-0.4164053650221136,0.0
-0.3442031873279676,-468.76288489534903,-468.69327764585785,-12.300906859802549,-0.4173066007686738,0.0
-0.7639531082399722,-469.526838003589,-469.4572307540978,-12.345667130305433,-0.4263743669334741,0.0
-0.5752416422400237,-470.102079645829,-470.0324723963378,-12.547266823454994,-0.4327285964179932,0.0
-0.30981119846400496,-470.411890844293,-470.3422835948018,-12.560924934689814,-0.4223507972022817,0.0
-0.4666278561119748,-470.878518700405,-470.8089114509138,-12.88390369895499,-0.4282949780261854,0.0
-0.5528061646799582,-471.43132486508495,-471.36171761559376,-12.905615957975003,-0.42631121790773685,0.0
-0.14402318874397932,-471.5753480538289,-471.50574080433773,-12.595577503813855,-0.42178878883455256,0.0
-0.1898986705520173,-471.7652467243809,-471.69563947488973,-12.434570191000446,-0.4194106593064568,0.0
-0.4312151674879768,-472.19646189186886,-472.1268546423777,-12.769914680540905,-0.40921927131541713,0.0
-0.8276177966243458,-473.0240796884932,-472.954472439002,-12.791036570062596,-0.4089374143506232,0.0
-0.12637554971517953,-473.1504552382084,-473.0808479887172,-12.396430323679418,-0.40192202076892736,0.0
-0.10859440865513395,-473.2590496468635,-473.1894423973723,-12.283439888099487,-0.4006922396532465,0.0
-0.6461026900296096,-473.90515233689314,-473.83554508740195,-12.82383048195114,-0.4126594589465747,0.0
-0.22862710852000878,-474.13377944541315,-474.06417219592197,-13.060110838827073,-0.4151719899339347,0.0
-0.34222803168000815,-474.47600747709316,-474.406400227602,-13.176003991821457,-0.41701696634865537,0.0
-0.296884020159996,-474.77289149725317,-474.703284247762,-13.046345104761896,-0.41398107917151344,0.0
-0.42007193669599757,-475.19296343394916,-475.123356184458,-13.086728258603696,-0.41506840762137,0.0
-1.0550835142559976,-476.2480469482052,-476.178439698714,-12.513007556631319,-0.42737494549497057,0.0
-0.41227801290396476,-476.66032496110915,-476.59071771161797,-12.731664073414482,-0.43136056019425034,0.0
-1.0832540685410057,-477.74357902965016,-477.673971780159,-12.36130664971738,-0.43574295739979085,0.0
-1.010278476475944,-478.7538575061261,-478.6842502566349,-12.3013637128989,-0.4517816314477098,0.0
-0.5812404661439665,-479.3350979722701,-479.2654907227789,-12.36179802964586,-0.4478261579446703,0.0
-0.28105002111997834,-479.6161479933901,-479.5465407438989,-12.31893734834808,-0.4470492859746863,0.0
-1.3216839924429276,-480.937831985833,-480.8682247363418,-12.015438256121907,-0.47251001852415314,0.0
-0.9512177447039649,-481.88904973053695,-481.81944248104577,-12.16539674738646,-0.4874160534182326,0.0
-0.3579744376319839,-482.24702416816893,-482.17741691867775,-12.273660289762203,-0.48946605688927297,0.0
-0.3323411917223627,-482.5793653598913,-482.5097581104001,-12.272366961483089,-0.47703934215252225,0.0
-0.6921469039800181,-483.27151226387133,-483.20190501438015,-12.296491462819334,-0.4808059717499165,0.0
1.8627998565624415,-481.4087124073089,-481.3391051578177,-7.127452410368937,-0.4320754227395484,0.02
-0.15130738896556786,-481.56001979627445,-481.49041254678326,-7.098740244599247,-0.43098197051885984,0.02
-1.1731230023039343,-482.7331427985784,-482.6635355490872,-7.148828124330428,-0.44650331056493825,0.02
-0.18088994758801266,-482.9140327461664,-482.8444254966752,-7.051038262913606,-0.44193124078966006,0.02
-0.2817368000000021,-483.1957695461664,-483.1261622966752,-6.9496003319021975,-0.4355306255397416,0.02
-0.20121919999998178,-483.39698874616636,-483.3273814966752,-6.911490110172796,-0.4338510495397418,0.02
-0.0878021991319875,-483.48479094529836,-483.4151836958072,-6.69039905446775,-0.41816378253851055,0.02
-0.27525780000000555,-483.7600487452984,-483.6904414958072,-6.736188243728815,-0.4201802254977754,0.02
-0.17904779659198886,-483.93909654189036,-483.8694892923992,-6.755689734786203,-0.420957237546224,0.02
-0.2504351628799927,-484.18953170477033,-484.11992445527915,-6.638912275696901,-0.4132561430633435,0.02
-0.23625928351196102,-484.4257909882823,-484.3561837387911,-6.667673653905128,-0.4144933530508468,0.02
-0.6182999285119778,-485.0440909167943,-484.9744836673031,-6.734069572602542,-0.419451186437407,0.02
-0.6537763153039771,-485.69786723209825,-485.62825998260706,-6.756782336151369,-0.4217383504948306,0.02
-0.29893820580799224,-485.99680543790623,-485.92719818841505,-6.650080869393694,-0.4136171081866701,0.02
-0.4305279647615747,-486.4273334026678,-486.3577261531766,-6.7063816611809886,-0.41670648367390145,0.02
-0.9584263170942957,-487.38575971976206,-487.3161524702709,-6.724555224139367,-0.4229944452636283,0.02
0.7808859741999961,-486.6048737455621,-486.5352664960709,-5.953517200433025,-0.4004386610538688,0.04
-0.23108498036799793,-486.8359587259301,-486.7663514764389,-5.98530754709785,-0.40199671607857296,0.04
-0.30227086511997064,-487.13822959105005,-487.06862234155886,-5.956071505753855,-0.4002047928481729,0.04
-0.12070747218885114,-487.2589370632389,-487.1893298137477,-5.85839406293614,-0.39497209395403,0.04
-0.3323411917223627,-487.59127825496125,-487.52167100547007,-5.826893276138192,-0.39288203692894896,0.04
-0.9600557827559733,-488.55133403771725,-488.48172678822607,-5.8918114527707015,-0.40265304659392476,0.04
-0.11517198115582668,-488.66650601887306,-488.5968987693819,-5.805382688643581,-0.3980724224704819,0.04
-0.42587330328001083,-489.0923793221531,-489.0227720726619,-5.739923833596833,-0.39131082637128267,0.04
-0.13816896644795323,-489.230548288601,-489.16094103910984,-5.605328720483189,-0.38256937285544124,0.04
-0.02403679365353173,-489.25458508225455,-489.18497783276337,-5.492978391401887,-0.3768538847592318,0.04
0.06993097029603201,-489.18465411195854,-489.11504686246735,-5.2949230823877365,-0.36612270823107174,0.06
-0.2591557555744105,-489.44380986753293,-489.37420261804175,-5.215472902691566,-0.3602497000489608,0.06
-0.25339598483199544,-489.6972058523649,-489.6275986028737,-5.254984065697321,-0.362437155970721,0.06
-0.23292058996797005,-489.9301264423329,-489.8605191928417,-5.27034811084717,-0.3632975943590402,0.06
-1.4659275217439596,-491.3960539640768,-491.32644671458564,-5.3109437680218035,-0.3839918414441598,0.06
-0.27509747999997824,-491.6711514440768,-491.60154419458564,-5.196227956096406,-0.3729414351116725,0.06
-0.2310052432089767,-491.9021566872858,-491.8325494377946,-5.233695387021732,-0.37503402898154836,0.06
-0.18725342399998376,-492.0894101112858,-492.01980286179463,-5.263004123529099,-0.3766072092884454,0.06
-0.5251412261759967,-492.6145513374618,-492.54494408797063,-5.239614571717539,-0.3741879800113731,0.06
-0.41787702684641037,-493.0324283643082,-492.962821114817,-5.296769420499709,-0.3779729783779011,0.06
-2.296868146070324,-495.3292965103785,-495.25968926088734,-5.159620750310522,-0.41706578066570743,0.06
-0.24023235279995697,-495.5695288631785,-495.4999216136873,-5.142965629809847,-0.4159327473185066,0.06
-0.5018971855359688,-496.0714260487145,-496.0018187992233,-5.162058348406227,-0.41756925229530606,0.06
-0.35430047183993346,-496.4257265205544,-496.3561192710632,-5.052867144846512,-0.4035535914469848,0.06
-0.3788989003359673,-496.8046254208904,-496.7350181713992,-5.04442781456069,-0.40288600919562484,0.06
-0.4807812202223519,-497.28540664111273,-497.21579939162154,-4.966359037253028,-0.3908365522292518,0.06
-0.5246679127679904,-497.8100745538807,-497.74046730438954,-4.901954057776855,-0.38112434095509273,0.06
-0.3503384684799836,-498.16041302236073,-498.09080577286954,-4.84900563440669,-0.37650630100181304,0.06
-0.3749464140160077,-498.5353594363767,-498.46575218688554,-4.874693214762776,-0.37838422885973366,0.06
-0.3157236034559735,-498.8510830398327,-498.7814757903415,-4.760918462067139,-0.3582650210799946,0.06
-0.2593445355695787,-499.1104275754023,-499.0408203259111,-4.634916954069787,-0.34442755689730686,0.06
-0.19199298046399058,-499.30242055586626,-499.2328133063751,-4.586508846143634,-0.341107927753947,0.06
-0.23485833946398507,-499.53727889533025,-499.46767164583906,-4.558477538505732,-0.3391582707087794,0.06
-0.08208920630720307,-499.61936810163746,-499.5497608521463,-4.404997325884237,-0.32695711675532313,0.06
-0.6589294242399784,-500.27829752587746,-500.2086902763863,-6.3035189873523,-0.3773917023713716,0.04
-0.4313519976672272,-500.70964952354467,-500.6400422740535,-6.414909341382859,-0.3829925945454047,0.04
-0.9255540278942086,-501.6352035514389,-501.5655963019477,-6.453014510569138,-0.3780412150572101,0.04
-0.34914004344000005,-501.9843435948789,-501.9147363453877,-6.525147709559799,-0.38140621697425,0.04
-0.5745935121127741,-502.55893710699166,-502.4893298575005,-6.615418270914095,-0.3872633512165054,0.04
-0.21806073695998157,-502.7769978439516,-502.70739059446043,-6.62348753174014,-0.3876001819557054,0.04
-3.0274057428383943,-505.80440358679,-505.7347963372988,-5.712271675918058,-0.4463922528298335,0.04
-0.5917729107040071,-506.39617649749397,-506.3265692480028,-5.79520527686534,-0.4527225550439135,0.04
-0.23172748379998698,-506.62790398129397,-506.5582967318028,-5.813669733328427,-0.4537761487880735,0.04
-0.6564516225919621,-507.28435560388596,-507.21474835439477,-5.918398530360046,-0.4618964779823129,0.04
-0.41391717347200735,-507.69827277735794,-507.62866552786676,-5.973592493035297,-0.4654496357815138,0.04
-0.2829674411557539,-507.9812402185137,-507.9116329690225,-5.886028744529958,-0.4587429860343894,0.04
-0.48068162282550203,-508.4619218413392,-508.392314591848,-5.848962708986924,-0.4552810921848199,0.04
-0.2644683168959582,-508.7263901582351,-508.65678290874393,-5.837805189815373,-0.45459169440657926,0.04
-0.1867130145711986,-508.9131031728063,-508.8434959233151,-5.761898434772727,-0.4497153954027716,0.04
-0.3604893645120063,-509.27359253731834,-509.20398528782715,-5.656794888196835,-0.4377566563511259,0.04
-0.19984004636641553,-509.47343258368477,-509.4038253341936,-6.218564474701041,-0.45737117676245403,0.02
-0.5434085659199539,-510.0168411496047,-509.94723390011353,-6.31418370443672,-0.4636176484734932,0.02
-0.7009107852607365,-510.7177519348655,-510.6481446853743,-6.416321616544852,-0.4715904468763085,0.02
-0.8958261759999611,-511.61357811086543,-511.54397086137425,-6.616267503972502,-0.4870928209525307,0.02
-0.48255043798063746,-512.0961285488461,-512.0265212993548,-6.663070584464492,-0.4900970058776962,0.02
-0.4313523870391795,-512.5274809358853,-512.457873686394,-6.573728742916857,-0.4795229379633604,0.02
-1.0045845712063748,-513.5320655070916,-513.4624582576004,-6.785243748914796,-0.49731118976437133,0.02
-0.3218754110879908,-513.8539409181795,-513.7843336686883,-6.7504698469298425,-0.4952312319205309,0.02
-0.28287503999994706,-514.1368159581795,-514.0672087086882,-6.810912585286308,-0.4981253533915708,0.02
-0.33294283018801146,-514.4697587883675,-514.4001515388762,-6.94737426511008,-0.5043034741222604,0.02
-0.0741653050743803,-514.5439240934419,-514.4743168439506,-7.025889613814166,-0.5071853996296687,0.0
-0.2991599999999638,-514.8430840934418,-514.7734768439506,-7.041914090025478,-0.5079854845181796,0.0
-0.29541779184797573,-515.1385018852898,-515.0688946357985,-7.058901964266062,-0.5088259206584993,0.0
-0.21608029554958455,-515.3545821808393,-515.2849749313481,-7.051632233161769,-0.5084891147701316,0.0
-0.5104352538559809,-515.8650174346953,-515.7954101852041,-7.044680694118771,-0.4893792694123721,0.0
-0.4363528372595699,-516.301370271955,-516.2317630224637,-7.103962082954207,-0.49260437655756384,0.0
-0.17833499351999665,-516.479705265475,-516.4100980159837,-7.079860641939869,-0.49155097156378424,0.0
-0.4991166514079779,-516.978821916883,-516.9092146673918,-7.197969409484898,-0.4977882361119441,0.0
-0.14337213587196096,-517.1221940527549,-517.0525868032637,-7.051693111531238,-0.49015285430586336,0.0
-0.30777973326405395,-517.429973786019,-517.3603665365277,-7.011951453259223,-0.48795090843421635,0.0
-1.0509746083199993,-518.480948394339,-518.4113411448477,-7.666213380691584,-0.4630330376792098,0.0
-0.23927639155198552,-518.720224785891,-518.6506175363997,-7.665717436244492,-0.4630139184542504,0.0
-0.6476805714015985,-519.3679053572926,-519.2982981078013,-7.700423325123632,-0.465929586171563,0.0
-0.9816001147567854,-520.3495054720494,-520.2798982225581,-7.803769387528001,-0.47847557902989996,0.0
-0.46329222067197096,-520.8127976927213,-520.7431904432301,-7.8353955360114185,-0.4801634454366201,0.0
-0.5822999913599415,-521.3950976840813,-521.32549043459,-7.864246118669638,-0.48219382085937185,0.0
-1.394427748896023,-522.7895254329774,-522.7199181834861,-7.8160206163532555,-0.49958901758193247,0.0
-0.29960319999996377,-523.0891286329773,-523.0195213834861,-7.793408425341936,-0.4985743122123321,0.0
-0.3306590249688105,-523.4197876579461,-523.3501804084549,-7.774673820967286,-0.49768856443138815,0.0
-0.3240411412969048,-523.743828799243,-523.6742215497518,-7.778395985508508,-0.4978549151882068,0.0
-0.32369700897596715,-524.067525808219,-523.9979185587277,-7.808666700069681,-0.49914196465633454,0.0
-0.23233500647999072,-524.299860814699,-524.2302535652077,-7.83018107797875,-0.4999488051766546,0.0
-0.09479359009120958,-524.3946544047901,-524.3250471552989,-7.750840429948814,-0.4971475101891991,0.0
-0.18850006841681924,-524.583154473207,-524.5135472237157,-7.813413316374901,-0.49927572743139137,0.0
-0.6457564597903833,-525.2289109329973,-525.1593036835061,-7.810834642254751,-0.49901226814239946,0.0
-0.2835986399999786,-525.5125095729973,-525.442902323506,-7.748880847567857,-0.4960572009890545,0.0
-0.3053424073919839,-525.8178519803893,-525.748244730898,-7.613219451495008,-0.4836529685790101,0.0
-0.6476805714015985,-526.4655325517908,-526.3959253022996,-7.704523267949585,-0.489623779138242,0.0
-0.8848646923703677,-527.3503972441612,-527.2807899946699,-7.745958067355553,-0.49582920274339387,0.0
-0.990251634183946,-528.3406488783451,-528.2710416288538,-7.927331391335029,-0.5112730206878732,0.0
-1.30666734667468,-529.6473162250197,-529.5777089755285,-11.066989915543058,-0.47685825276459887,0.0
-0.7274263276799735,-530.3747425526997,-530.3051353032084,-11.07141839171271,-0.4795713211041182,0.0
-0.7497883087439381,-531.1245308614436,-531.0549236119524,-11.303123074455259,-0.4899325376029972,0.0
-0.5058456524160053,-531.6303765138597,-531.5607692643684,-11.267179586792283,-0.4869204181994781,0.0
-0.43493843244795044,-532.0653149463077,-531.9957076968165,-11.280092977220464,-0.48734084337899697,0.0
-1.008223553584008,-533.0735384998917,-533.0039312504005,-11.352456209370192,-0.501845965627562,0.0
-0.04536196469119111,-533.1189004645829,-533.0492932150917,-10.9294947861688,-0.49313957246487583,0.0
-0.934931995603178,-534.0538324601861,-533.9842252106948,-11.08185733281819,-0.5065488460390202,0.0
-1.0511581953599993,-535.1049906555461,-535.0353834060548,-11.26826181333479,-0.5238377496547962,0.0
-0.2419641501759519,-535.346954805722,-535.2773475562308,-11.163175106205891,-0.5214672453680752,0.0
1.7393159728113912,-533.6076388329107,-533.5380315834194,-7.488096707085951,-0.482684124984519,0.02
-0.19942150462080763,-533.8070603375314,-533.7374530880402,-7.355151734048746,-0.4758043837585361,0.02
-0.8297771322399914,-534.6368374697714,-534.5672302202802,-7.368875625902125,-0.4783817106981212,0.02
-0.36486782164800335,-535.0017052914194,-534.9320980419282,-7.263095012473337,-0.467762543611082,0.02
-0.38787583999999925,-535.3895811314194,-535.3199738819281,-7.2316078472547956,-0.46586905165146925,0.02
-0.20371847999999365,-535.5932996114194,-535.5236923619282,-7.138099774411894,-0.46131637351068555,0.02
-0.44474118440313437,-536.0380407958226,-535.9684335463313,-7.0675040876638375,-0.45011950577462073,0.02
-0.797535968216008,-536.8355767640386,-536.7659695145474,-7.18164760714737,-0.4596327169171811,0.02
-0.2985306373919569,-537.1341074014306,-537.0645001519393,-7.188398362994662,-0.4599458288650213,0.02
-0.21836987272343086,-537.352477274154,-537.2828700246628,-7.137966706487073,-0.45765436971572965,0.02
-1.574324325580759,-538.9268015997347,-538.8571943502435,-7.243260014667257,-0.4876575501258572,0.02
-0.14298935237273902,-539.0697909521075,-539.0001837026163,-7.170724741427661,-0.4845341371733128,0.02
-0.2659929776543839,-539.3357839297619,-539.2661766802706,-7.158260693804836,-0.48394564088944086,0.02
-1.039170192480053,-540.3749541222419,-540.3053468727506,-7.330577787360426,-0.5004074388280503,0.02
-0.3063747918703872,-540.6813289141123,-540.6117216646211,-7.259360832945614,-0.49632622958833833,0.02
-0.03810177771115322,-540.7194306918235,-540.6498234423323,-7.081561449453099,-0.4883612083973701,0.02
-0.43923579632795706,-541.1586664881514,-541.0890592386602,-7.186012189338261,-0.49357922445352925,0.02
-0.05692053773278524,-541.2155870258842,-541.145979776393,-7.002043272836474,-0.4847353021800254,0.02
-0.15517367738285112,-541.3707607032671,-541.3011534537759,-7.007769551483686,-0.48497133301024326,0.02
-0.2644271902480022,-541.6351878935152,-541.565580644024,-6.990220205705729,-0.4841042821499222,0.02
-0.28961910980800887,-541.9248070033232,-541.8551997538319,-6.855234925990532,-0.4688771721796824,0.02
-0.3017616773696074,-542.2265686806928,-542.1569614312016,-6.8808252922317426,-0.4701268778960348,0.02
-0.705172490419159,-542.931741171112,-542.8621339216207,-6.89067459563581,-0.471276716276386,0.02
-0.6134748781439858,-543.5452160492559,-543.4756087997647,-6.854593379423336,-0.46391421154413004,0.02
-1.0631665967999218,-544.6083826460558,-544.5387753965646,-6.926243585608978,-0.4759116990666891,0.02
-0.7457145430055865,-545.3540971890613,-545.2844899395701,-6.955875189076949,-0.479179990099602,0.02
-0.3892069999999531,-545.7433041890613,-545.67369693957,-6.916336850845541,-0.4590755751216806,0.02
-0.6101924386623668,-546.3534966277236,-546.2838893782324,-7.011362515983384,-0.46528735989492864,0.02
-0.9391932209743639,-547.292689848698,-547.2230825992068,-7.1305896182047634,-0.47745804381503976,0.02
-0.31273263999998563,-547.6054224886981,-547.5358152392068,-7.126069156418692,-0.4772318737891013,0.02
-0.852536380427128,-548.4579588691253,-548.388351619634,-7.247993411746995,-0.4878086612181246,0.02
-0.2050882623167517,-548.663047131442,-548.5934398819508,-7.235218285906608,-0.4872637263348597,0.02
-0.4156229872883359,-549.0786701187303,-549.0090628692391,-7.379786307735851,-0.49368031427880227,0.02
-0.44374583489596775,-549.5224159536263,-549.452808704135,-7.486925560124159,-0.4987852296083852,0.02
-0.3474075587839804,-549.8698235124102,-549.800216262919,-7.3975145173186245,-0.4928182515882572,0.02
-1.039170192480053,-550.9089937048902,-550.839386455399,-7.542099985530876,-0.5079296826378586,0.02
0.3116436836783884,-550.5973500212118,-550.5277427717206,-7.164659083103392,-0.4955899608164512,0.04
-0.35236687119997007,-550.9497168924117,-550.8801096429205,-7.080564487912397,-0.48968368681241864,0.04
-0.5312494513143247,-551.4809663437261,-551.4113590942349,-7.024553860983906,-0.4826113819912978,0.04
-1.2880020374143637,-552.7689683811404,-552.6993611316492,-6.996788392227421,-0.48856639005590613,0.04
-0.03287042608317825,-552.8018388072236,-552.7322315577323,-6.770581360227509,-0.4630904516440761,0.04
-0.06874005506476524,-552.8705788622883,-552.8009716127971,-6.556439156350429,-0.4499167261917719,0.04
-0.18170619265599164,-553.0522850549443,-552.982677805453,-6.397515196798023,-0.438555083870013,0.04
-0.36743054132394837,-553.4197155962682,-553.350108346777,-6.35709209287286,-0.43578678164817186,0.04
-0.1530203063759793,-553.5727359026442,-553.503128653153,-6.2540176848836975,-0.43014841912673246,0.04
-0.2963548544135642,-553.8690907570578,-553.7994835075666,-6.132232402087556,-0.4159110451433235,0.04
-0.3496620837189415,-554.2187528407768,-554.1491455912856,-6.258746026814271,-0.42199704752387857,0.04
-0.2026023962559806,-554.4213552370328,-554.3517479875416,-6.102413520413668,-0.4073504555369346,0.04
-0.6183839999999876,-555.0397392370328,-554.9701319875415,-6.075523899301377,-0.3986949716297344,0.04
-0.3775783199999537,-555.4173175570328,-555.3477103075415,-6.123823159995376,-0.40140725502621444,0.04
-0.3124776199999624,-555.7297951770328,-555.6601879275415,-8.969859615505094,-0.44244312688244153,0.02
-0.0920678735791958,-555.8218630506119,-555.7522558011207,-8.880117980491287,-0.4402960542616093,0.02
-0.9314173583231897,-556.7532804089351,-556.6836731594439,-8.8570048917663,-0.4423288587832732,0.02
-0.4158372315360089,-557.1691176404711,-557.0995103909798,-8.88122789595807,-0.4433482469810333,0.02
-0.4085416044959753,-557.5776592449671,-557.5080519954759,-8.890844968185055,-0.44376156227095287,0.02
-0.08585188146078324,-557.6635111264279,-557.5939038769367,-8.794191593276595,-0.4414042303001686,0.02
-0.43022183542422326,-558.0937329618522,-558.024125712361,-8.788329619800615,-0.44111384332059045,0.02
-0.6183839999999876,-558.7121169618522,-558.642509712361,-8.784325512475272,-0.43753080395627003,0.02
-0.21463553193597595,-558.9267524937882,-558.8571452442969,-8.729396598258633,-0.4358529018471504,0.02
-0.6428073781583074,-559.5695598719465,-559.4999526224552,-8.905180431743084,-0.4443416519558479,0.02
-0.5345270976079933,-560.1040869695545,-560.0344797200632,-9.533978354476224,-0.42354570739639263,0.02
-0.38339027999995384,-560.4874772495544,-560.4178700000632,-9.719594126369605,-0.4283537259489369,0.02
-0.3405545138879711,-560.8280317634424,-560.7584245139511,-9.772330645648214,-0.42984495667360867,0.02
-0.03788455086077869,-560.8659163143031,-560.7963090648119,-9.554783778875109,-0.40981924384122315,0.02
-0.10302042239997611,-560.9689367367031,-560.8993294872118,-9.376142178831628,-0.405752156451815,0.02
-0.4183479056686131,-561.3872846423717,-561.3176773928805,-9.69573554070412,-0.41335707901096413,0.02
-0.6004019956799584,-561.9876866380516,-561.9180793885604,-9.73520495248898,-0.4165804029980042,0.02
-0.4068630707631916,-562.3945497088148,-562.3249424593236,-10.044315927172637,-0.42357925365861226,0.02
-0.6227972784319817,-563.0173469872468,-562.9477397377556,-10.308757947319004,-0.43293172567959487,0.02
-0.6531183372167075,-563.6704653244635,-563.6008580749723,-10.473614100978322,-0.44070554861896905,0.02
-3.1129457300087595,-566.7834110544723,-566.713803804981,-7.367348380254376,-0.49717208102298405,0.02
-0.3813606412320113,-567.1647716957043,-567.0951644462131,-7.39903466248272,-0.4987640603002321,0.02
-0.6435386427904135,-567.8083103384947,-567.7387030890035,-7.387814456268662,-0.49753138334765723,0.02
-0.237221614792444,-568.0455319532872,-567.975924703796,-7.259611050896029,-0.49000631808062634,0.02
-1.075215795359905,-569.1207477486471,-569.0511404991558,-7.258736058649114,-0.490247302051826,0.02
-0.2292777338879769,-569.3500254825351,-569.2804182330439,-7.106582646435975,-0.4799185658694738,0.02
-0.854812564479988,-570.2048380470151,-570.1352307975238,-7.204154337367527,-0.4892306771590745,0.02
-0.6531183372167075,-570.8579563842318,-570.7883491347405,-7.212984073344802,-0.4900891951301613,0.02
-0.2681444000000035,-571.1261007842318,-571.0564935347405,-7.065044933937936,-0.4766682187106741,0.02
-0.11324877926400137,-571.2393495634958,-571.1697423140046,-6.973993524590284,-0.47267854149595445,0.02
-0.3643262959279485,-571.6036758594238,-571.5340686099325,-6.871133044938844,-0.46291433980597085,0.02
-0.5852829507839777,-572.1889588102077,-572.1193515607165,-7.000798183358949,-0.4705182335753154,0.02
-3.0818427876936076,-575.2708015979014,-575.2011943484101,-6.179292580043641,-0.5238426295834208,0.02
-0.21831330114323294,-575.4891148990446,-575.4195076495533,-6.1115128929505635,-0.5193339789083661,0.02
-0.6124019985600021,-576.1015168976046,-576.0319096481134,-6.177698945044639,-0.5246338677038865,0.02
-0.10630115439999152,-576.2078180520045,-576.1382108025133,-5.975786512794124,-0.5059764869422854,0.02
-0.6544271915999073,-576.8622452436044,-576.7926379941132,-6.322403047443631,-0.5252979044478513,0.0
-0.46163219589766,-577.3238774395021,-577.2542701900109,-6.35350951736151,-0.5274832109418051,0.0
-0.35412187388796124,-577.67799931339,-577.6083920638988,-6.305460633747347,-0.5239406593932777,0.0
-0.3695344407223858,-578.0475337541125,-577.9779265046212,-6.188673915015127,-0.5055713074594382,0.0
-0.14575678703998704,-578.1932905411525,-578.1236832916612,-6.2339404483713405,-0.5078290346785743,0.0
-1.7443096386687629,-579.9376001798212,-579.8679929303299,-6.402910276626114,-0.5413404263506544,0.0
-1.0512193910399268,-580.9888195708611,-580.9192123213699,-6.587343038827436,-0.5587306903183331,0.0
-0.34175642227995157,-581.330575993141,-581.2609687436498,-6.5793746098126995,-0.5582172079374531,0.0
-0.06972106543357405,-581.4002970585746,-581.3306898090833,-6.546237944161468,-0.5565512231186049,0.0
-0.3929583358079799,-581.7932553943825,-581.7236481448913,-6.576451139330817,-0.5584832927464933,0.0
-0.20262482116800884,-581.9958802155505,-581.9262729660593,-6.526888633435311,-0.5555425474954747,0.0
-0.3317432822633933,-582.3276234978139,-582.2580162483226,-6.570818340495528,-0.558125365215623,0.0
-0.22678380647999644,-582.5544073042938,-582.4848000548026,-6.46017703018269,-0.5502933613452231,0.0
-0.31009387723203513,-582.8645011815258,-582.7948939320346,-6.439404552583895,-0.5489436724898646,0.0
-0.6184079999999633,-583.4829091815258,-583.4133019320345,-6.520690566480691,-0.5550622800898648,0.0
-0.2010189999999758,-583.6839281815257,-583.6143209320345,-6.562476071408335,-0.5572413026182804,0.0
-0.3238697055439674,-584.0077978870697,-583.9381906375785,-6.435988839102392,-0.545090349562696,0.0
-0.3432729618017636,-584.3510708488715,-584.2814635993802,-6.414576789181564,-0.543639064168011,0.0
-0.576925046207962,-584.9279958950794,-584.8583886455882,-6.457498287435044,-0.5470067330022507,0.0
-0.6184079999999633,-585.5464038950794,-585.4767966455881,-6.62271579802561,-0.5576578553730343,0.0
-0.29887660580800446,-585.8452805008874,-585.7756732513961,-6.5821710140795995,-0.55503095078071,0.0
-0.20153223999997572,-586.0468127408874,-585.9772054913961,-6.461984525610656,-0.5466939155807097,0.0
-0.7643923104479861,-586.8112050513354,-586.7415978018441,-6.604679107860606,-0.5576890511509499,0.0
-0.16900397465599573,-586.9802090259914,-586.9106017765001,-6.467225563454276,-0.5482129830809037,0.0
-0.18753019786690994,-587.1677392238582,-587.098131974367,-6.362816022470694,-0.541273045086082,0.0
-0.15428720786153327,-587.3220264317198,-587.2524191822286,-6.287479909508276,-0.5366909836433136,0.0
-2.118014463039965,-589.4400408947597,-589.3704336452685,-6.301809091719007,-0.5722401826263535,0.0
-0.36107378168401155,-589.8011146764437,-589.7315074269525,-6.410894775991228,-0.5787039672428181,0.0
-0.4003844275199712,-590.2014991039637,-590.1318918544724,-6.508203118064204,-0.584651247345218,0.0
-0.23462119049597213,-590.4361202944597,-590.3665130449684,-6.452254999231244,-0.5809767130417652,0.0
-0.1580617171560104,-590.5941820116157,-590.5245747621244,-6.326817210959937,-0.5721299074712863,0.0
-1.2670034428798393,-591.8611854544955,-591.7915782050043,-6.447918194128934,-0.5893327149136192,0.0
-0.19325473630012585,-592.0544401907956,-591.9848329413044,-6.330918095765453,-0.580741864070982,0.0
-1.3026002774400063,-593.3570404682356,-593.2874332187444,-6.395848669188912,-0.5937315028754481,0.0
-0.36501244964794205,-593.7220529178835,-593.6524456683923,-6.932750294211539,-0.5387728372682318,0.0
-0.946793047703978,-594.6688459655875,-594.5992387160962,-7.04676178535157,-0.5500814853976711,0.0
-1.7461044963431558,-596.4149504619306,-596.3453432124394,-7.014580617702116,-0.5721328024687259,0.0
-0.7558893979560071,-597.1708398598867,-597.1012326103954,-7.159818384676629,-0.5825061581319972,0.0
-0.18148709945215658,-597.3523269593388,-597.2827197098476,-6.960740564344352,-0.5646315842138422,0.0
-0.46542349110400505,-597.8177504504429,-597.7481432009516,-7.041201029925183,-0.5693544993581628,0.0
-0.3433255990375653,-598.1610760494805,-598.0914687999892,-6.92223831236758,-0.5591247600493143,0.0
-0.5339114814079686,-598.6949875308884,-598.6253802813972,-6.8945147329688,-0.5567406229331395,0.0
-1.5675524491872042,-600.2625399800756,-600.1929327305844,-7.024073662289003,-0.5827287839168835,0.0
0.7210880061664052,-599.5414519739093,-599.471844724418,-6.549693945884629,-0.5660420482082754,0.02
0.42951998163203625,-599.1119319922773,-599.042324742786,-6.211889945362371,-0.5501651226570757,0.04
-0.12260976944154267,-599.2345417617188,-599.1649345122275,-6.079987596862196,-0.5409116590302271,0.04
-0.15340537122216913,-599.387947132941,-599.3183398834498,-6.6106259291916,-0.48234291070079827,0.04
-0.37429763394807514,-599.7622447668891,-599.6926375173979,-6.668058351579865,-0.4854625973568951,0.04
-1.3142211062399527,-601.0764658731291,-601.0068586236379,-6.695912916455294,-0.4994989795104941,0.04
-0.9495940425047693,-602.0260599156338,-601.9564526661426,-6.913621055037358,-0.5163648372725896,0.04
-0.07912544755997952,-602.1051853631938,-602.0355781137025,-6.71981128530566,-0.5048588023917912,0.04
-0.5737590681599656,-602.6789444313537,-602.6093371818624,-6.749031839364798,-0.5071013398370373,0.04
-0.42509809849595326,-603.1040425298496,-603.0344352803584,-6.771950876123655,-0.5085208643291971,0.04
-0.5444254909439363,-603.6484680207935,-603.5788607713023,-6.823043568878788,-0.512018685333628,0.04
-1.0153136651839911,-604.6637816859775,-604.5941744364862,-7.028871098542609,-0.5294098228965082,0.04
-0.36338854139998955,-605.0271702273775,-604.9575629778863,-7.041427562028102,-0.5017914009511327,0.04
-0.4557640105599938,-605.4829342379375,-605.4133269884462,-6.958920293500945,-0.48988229334153405,0.04
-0.25883645571590924,-605.7417706936534,-605.6721634441622,-6.9266170697189295,-0.4882238940102532,0.04
-0.11727865132801085,-605.8590493449814,-605.7894420954901,-6.950637196371751,-0.48917504572814197,0.04
-0.9919207037303466,-606.8509700487117,-606.7813627992205,-7.053857345953354,-0.5011542930865892,0.04
-0.6818998244967809,-607.5328698732085,-607.4632626237172,-7.206226545859418,-0.5107397931531646,0.04
-0.22844598367999736,-607.7613158568885,-607.6917086073972,-7.163560329095618,-0.5086738471814968,0.04
-0.2845439927039969,-608.0458598495925,-607.9762526001012,-7.188186177710136,-0.5098290509059767,0.04
-0.5351465666559188,-608.5810064162484,-608.5113991667572,-7.26328446110778,-0.5143301046944545,0.04
-0.22546084787194476,-608.8064672641204,-608.7368600146292,-7.132550378280776,-0.5064711616518941,0.04
-0.13969440515014497,-608.9461616692706,-608.8765544197794,-7.103692809326233,-0.5052446697548975,0.04
-0.19688291999998359,-609.1430445892706,-609.0734373397794,-7.050759186039711,-0.5027049340440177,0.04
-0.3095499999999554,-609.4525945892706,-609.3829873397793,-7.0380140903644595,-0.5020304748079816,0.04
-0.2688938999999658,-609.7214884892705,-609.6518812397793,-6.938882418513353,-0.4958698518838217,0.04
-0.61437699523201,-610.3358654845025,-610.2662582350113,-6.93801837671111,-0.4957892317884627,0.04
-0.7877866147199473,-611.1236520992225,-611.0540448497312,-7.063324898872502,-0.5055674319667015,0.04
0.22603716824801376,-610.8976149309744,-610.8280076814832,-6.827785732569343,-0.4970160438017417,0.06
-0.20084998128000492,-611.0984649122545,-611.0288576627632,-6.670466660677575,-0.48574519721838205,0.06
-0.12512068048799435,-611.2235855927424,-611.1539783432512,-6.650971528241981,-0.48486753133502203,0.06
-0.9215075974910725,-612.1450931902335,-612.0754859407423,-6.8288662351921205,-0.4995470793275053,0.06
-0.7757098527999913,-612.9208030430335,-612.8511957935423,-7.012054229354099,-0.5119755322262745,0.06
-0.6444801562319913,-613.5652831992655,-613.4956759497743,-7.36764693442265,-0.482504846090115,0.06
-0.6239189553119161,-614.1892021545774,-614.1195949050862,-7.4465736760120675,-0.48776174956267304,0.06
-0.4325480326400289,-614.6217501872175,-614.5521429377262,-7.457996198390259,-0.4884050216650742,0.06
-1.2364882289279069,-615.8582384161454,-615.7886311666541,-7.597444658605122,-0.5084423624337129,0.06
-0.3302900119420602,-616.1885284280875,-616.1189211785962,-7.680404085271163,-0.5118869283294338,0.06
-0.35203092748799275,-616.5405593555755,-616.4709521060843,-7.600440302525728,-0.49358747802159697,0.06
-0.8784830250560418,-617.4190423806316,-617.3494351311404,-7.79354397330427,-0.5072920437967153,0.06
-0.13264586205597395,-617.5516882426875,-617.4820809931963,-7.6233709178239435,-0.4838929554890347,0.06
-0.24015119323198394,-617.7918394359195,-617.7222321864283,-7.567157440404877,-0.4813957303607155,0.06
-0.5147550491999625,-618.3065944851195,-618.2369872356282,-7.513169805092493,-0.47275497039063524,0.06
-0.6751099094399994,-618.9817043945595,-618.9120971450683,-7.835392074754339,-0.451335078652572,0.06
-0.4872079857599128,-619.4689123803195,-619.3993051308282,-7.785829665778929,-0.4459614504086501,0.06
-0.8875079831471957,-620.3564203634667,-620.2868131139754,-7.976603920705447,-0.46008186808255097,0.06
-0.7394897133120022,-621.0959100767786,-621.0263028272874,-8.034750634675127,-0.46556319252671086,0.06
-0.12312531728198645,-621.2190353940606,-621.1494281445694,-7.911126465237686,-0.46115918689159924,0.06
-0.14579596063999445,-621.3648313547006,-621.2952241052094,-7.736570576990088,-0.4533968764762399,0.06
-0.38701875462400054,-621.7518501093247,-621.6822428598334,-7.941933386227375,-0.4297862025849758,0.06
-0.07219162199995344,-621.8240417313247,-621.7544344818334,-9.012986425851533,-0.445651795148303,0.04
-0.5324877029999971,-622.3565294343247,-622.2869221848334,-10.063393941957473,-0.46489194884094365,0.02
-0.32486158178717534,-622.6813910161119,-622.6117837666206,-10.245847134148182,-0.46893698508785625,0.02
-0.6659906366254698,-623.3473816527373,-623.2777744032461,-10.536427650779778,-0.4791886903959223,0.02
-0.3308240124799869,-623.6782056652173,-623.6085984157261,-10.506169022264723,-0.4783192179665605,0.02
-0.43256972352771306,-624.1107753887451,-624.0411681392538,-10.895232954051071,-0.4606861903123158,0.02
-0.21701818478395235,-624.327793573529,-624.2581863240378,-10.780832287232776,-0.44603467315789935,0.02
-0.20706239999999637,-624.534855973529,-624.4652487240378,-10.942660230787807,-0.4485934122066997,0.02
-0.18840768771999594,-624.723263661249,-624.6536564117578,-10.692414354389124,-0.44088638459790025,0.02
-0.18682550611195087,-624.910089167361,-624.8404819178697,-10.499122023102391,-0.43612093275022024,0.02
-0.843987030640017,-625.754076198001,-625.6844689485098,-10.45967799347851,-0.4421121635441419,0.02
-0.2579389905487921,-626.0120151885499,-625.9424079390586,-10.466332681684083,-0.4269646700514379,0.02
-0.39227975999996245,-626.4042949485498,-626.3346876990586,-10.484095696475036,-0.42754249442343734,0.02
-0.6413865350400068,-627.0456814835899,-626.9760742340986,-10.519307497747842,-0.4312549449130376,0.02
-0.2007979812799836,-627.2464794648698,-627.1768722153786,-10.462007949057808,-0.4300941754243191,0.02
-0.4562127744720124,-627.7026922393418,-627.6330849898505,-10.754243051052423,-0.4368728578871991,0.02
-0.3804998928719864,-628.0831921322138,-628.0135848827225,-10.872953824227857,-0.42464444167003196,0.02
-0.24549698775998471,-628.3286891199738,-628.2590818704825,-10.702787329956399,-0.41591638493529604,0.02
-0.44474776567998103,-628.7734368856537,-628.7038296361625,-10.864949998449942,-0.42024242057529565,0.02
-0.6976476233599747,-629.4710845090137,-629.4014772595225,-10.99780433171239,-0.42850449318841527,0.02
-0.16232718823999026,-629.6334116972537,-629.5638044477624,-10.726605397915835,-0.4210481056200967,0.02
-0.4932123195731975,-630.1266240168269,-630.0570167673357,-10.911978902885567,-0.42640313505412175,0.02
-0.8495596958640428,-630.976183712691,-630.9065764631997,-11.149283631511384,-0.44060044086839967,0.02
-0.45940231324797753,-631.435586025939,-631.3659787764477,-11.37047279873968,-0.44585082873335957,0.02
-0.9063518003239298,-632.3419378262629,-632.2723305767717,-11.401751265457444,-0.45778686473983904,0.02
-0.7304904634400051,-633.0724282897029,-633.0028210402116,-11.582321738750567,-0.4670187960086398,0.02
-1.0017547820159063,-634.0741830717188,-634.0045758222276,-11.413412771255917,-0.47476635174431775,0.02
-0.1712097029159775,-634.2453927746349,-634.1757855251436,-11.13426985666824,-0.46243481350823834,0.02
-0.7729364345599832,-635.0183292091948,-634.9487219597036,-12.190820399943773,-0.48241428556439836,0.0
-0.2893159999999774,-635.3076452091948,-635.2380379597035,-12.301933712044804,-0.4841836059387978,0.0
-0.45331723830398235,-635.7609624474987,-635.6913551980075,-12.683621326005186,-0.49074753709511754,0.0
-0.4400342500607659,-636.2009966975595,-636.1313894480683,-12.758656717385374,-0.4811180701465114,0.0
-0.3882327583392008,-636.5892294558987,-636.5196222064075,-12.69894365143816,-0.4733685282572956,0.0
-0.15578534415750944,-636.7450148000562,-636.675407550565,-12.318855601241467,-0.463594632015806,0.0
-0.8943607748927731,-637.639375574949,-637.5697683254577,-12.19283488721971,-0.4690034684074231,0.0
-0.41150864937594595,-638.0508842243249,-637.9812769748337,-12.178656538459498,-0.46858268074214143,0.0
-0.2455309877599625,-638.2964152120849,-638.2268079625936,-12.659799221347031,-0.44876353591878254,0.0
-0.41632797503997865,-638.7127431871248,-638.6431359376336,-12.734988481187584,-0.45048429518074085,0.0
-0.2658262089600242,-638.9785693960848,-638.9089621465936,-12.63734786488418,-0.44876020081018153,0.0
-0.2850255927039834,-639.2635949887888,-639.1939877392975,-12.638070656662839,-0.4368910521631404,0.0
-0.46002828062395823,-639.7236232694128,-639.6540160199215,-13.034553955820307,-0.4434387005345,0.0
-0.3377480638367415,-640.0613713332496,-639.9917640837583,-13.161127166219607,-0.44539063794659517,0.0
-0.31790814028798564,-640.3792794735375,-640.3096722240463,-13.020563045573297,-0.4414536997683556,0.0
-0.5269691951999931,-640.9062486687375,-640.8366414192462,-13.041914907434316,-0.4384908854835555,0.0
-0.9139351745175508,-641.820183843255,-641.7505765937638,-12.80654840887308,-0.4470254292587083,0.0
-0.36988620239997666,-642.1900700456549,-642.1204627961637,-12.927152612397899,-0.4366729936437639,0.0
-0.35946487219996787,-642.5495349178549,-642.4799276683636,-12.904183384022529,-0.42907249682152326,0.0
-0.5555080628527851,-643.1050429807077,-643.0354357312165,-13.36238311917351,-0.4377201517329392,0.0
0.064769065040005,-643.0402739156677,-642.9706666661765,-12.84157224795254,-0.4335088512193392,0.02
-0.4781458290879378,-643.5184197447556,-643.4488124952644,-12.896318408686163,-0.435331392708618,0.02
-0.26214299352000864,-643.7805627382756,-643.7109554887844,-13.249645816536306,-0.439130420139019,0.02
-0.32150080153600513,-644.1020635398116,-644.0324562903204,-13.112229057339029,-0.4349106821097392,0.02
-0.33007200815997423,-644.4321355479716,-644.3625282984804,-13.118042590477081,-0.4350148906371952,0.02
-0.29298233102319937,-644.7251178789948,-644.6555106295035,-12.978233987501069,-0.4275547245251497,0.02
-0.39943199999995066,-645.1245498789947,-645.0549426295034,-13.040713317829756,-0.42892688427554904,0.02
-0.4172691160551456,-645.5418189950499,-645.4722117455586,-13.03112544680196,-0.4286208721260977,0.02
-0.6847551562463519,-646.2265741512962,-646.1569669018049,-13.27521543053951,-0.43797561155534576,0.02
0.22864353747022248,-645.9979306138259,-645.9283233643347,-12.17364689656366,-0.42926149280594134,0.04
-0.8087196201840334,-646.8066502340099,-646.7370429845187,-12.370680274871155,-0.4416677314552221,0.04
-0.2623244261783786,-647.0689746601882,-646.999367410697,-12.477539261222173,-0.44317770985655064,0.04
-0.5460923726719615,-647.6150670328602,-647.545459783369,-12.617252309448943,-0.4372198166971895,0.04
-0.36680088999996724,-647.9818679228601,-647.9122606733689,-12.738391645301132,-0.43939705468621304,0.04
-0.4028256680593577,-648.3846935909195,-648.3150863414282,-12.74640216349185,-0.43960797284740094,0.04
0.5846191814720243,-647.8000744094475,-647.7304671599562,-10.440083439572872,-0.4150878585171603,0.06
-0.2925175399999805,-648.0925919494474,-648.0229846999562,-10.527679936020052,-0.4169222496915602,0.06
-0.5862952099199654,-648.6788871593674,-648.6092799098761,-10.557348031402494,-0.4195238984005193,0.06
-0.9368216542399996,-649.6157088136074,-649.5461015641162,-10.497323247635395,-0.4306503336278795,0.06
-1.2319037633279817,-650.8476125769354,-650.7780053274441,-10.282885827530224,-0.4503784691392395,0.06
-0.8320677934799273,-651.6796803704153,-651.6100731209241,-10.307570560182507,-0.45812486969523847,0.06
-1.0343874491279497,-652.7140678195433,-652.644460570052,-10.182017226851821,-0.4648596662105979,0.06
-0.6092051365279703,-653.3232729560713,-653.25366570658,-10.45295767185982,-0.4737972251763576,0.06
-0.21531840422398374,-653.5385913602953,-653.4689841108041,-10.265695982455316,-0.4682393468693732,0.06
-0.061527539039961415,-653.6001188993353,-653.530511649844,-9.912929362450031,-0.4524787037328916,0.06
-0.44405283628800407,-654.0441717356233,-653.9745644861321,-9.906186371757954,-0.4521717141936922,0.06
-0.5555382491847685,-654.5997099848081,-654.5301027353169,-9.943347444974334,-0.445155443170909,0.06
-1.045116463611977,-655.6448264484201,-655.5752191989288,-9.816633878190435,-0.4514479631743484,0.06
-0.48226599866917924,-656.1270924470892,-656.057485197598,-9.882175445728583,-0.44105818750741377,0.06
-0.7044017109080162,-656.8314941579972,-656.761886908506,-10.130420475958383,-0.45172202766725456,0.06
-0.5594940647999596,-657.3909882227972,-657.321380973306,-10.129349842578304,-0.44745318027205405,0.06
-0.45739628396002124,-657.8483845067573,-657.778777257266,-10.23219916825947,-0.450814785951255,0.06
-0.8219533887488071,-658.6703378955061,-658.6007306460149,-10.25781779151522,-0.4581875089601515,0.06
-0.6923371474079771,-659.3626750429141,-659.2930677934229,-10.315896026680035,-0.4632335669070957,0.06
-0.5071423957599352,-659.8698174386741,-659.8002101891828,-10.372952259986304,-0.46561175965551044,0.06
-0.8269201171199518,-660.696737555794,-660.6271303063028,-10.64502869399383,-0.4790344551147593,0.06
-0.5003100489599961,-661.1970476047541,-661.1274403552628,-10.655845901899578,-0.4711534405961037,0.06
-0.6668936615239471,-661.8639412662781,-661.7943340167868,-10.734690488253719,-0.47626114083906373,0.06
-0.40125833999996674,-662.265199606278,-662.1955923567867,-10.858082794553887,-0.4793756878838638,0.06
-1.0854096544799847,-663.350609260758,-663.2810020112668,-10.776242002028248,-0.49275732147266393,0.06
-0.32126351582398244,-663.671872776582,-663.6022655270907,-10.823444626500372,-0.4938660676099431,0.06
-0.7436919428208326,-664.4155647194028,-664.3459574699116,-11.009065186441074,-0.5030393946122801,0.06
-0.5092471443199696,-664.9248118637228,-664.8552046142315,-11.032574111998091,-0.5040237718862003,0.06
-0.15257618588798103,-665.0773880496107,-665.0077808001195,-10.85296835660316,-0.5003203343272251,0.06
-0.2848019254499755,-665.3621899750607,-665.2925827255694,-10.825215165347087,-0.49965821003046496,0.06
-0.6096088542399744,-665.9717988293006,-665.9021915798094,-10.849615062196463,-0.5013110032112645,0.06
-0.280788030753524,-666.2525868600542,-666.1829796105629,-10.706387529405438,-0.48864806033598407,0.06
-0.34326341817597594,-666.5958502782302,-666.5262430287389,-10.687522237731212,-0.488115604651504,0.06
-0.39876723263999536,-666.9946175108702,-666.9250102613789,-10.713569780659933,-0.4889016518603045,0.06
-0.2239013851680042,-667.2185188960382,-667.1489116465469,-10.504279404757494,-0.48226951830660897,0.06
-0.23505323670399492,-667.4535721327421,-667.3839648832509,-10.885588055616322,-0.4882659643414889,0.04
-0.2741327900159926,-667.7277049227581,-667.6580976732669,-10.746741246327222,-0.4841857035600501,0.04
-0.6783266526959573,-668.4060315754541,-668.3364243259629,-10.94776375198769,-0.492509376743569,0.04
-0.3605974921439442,-668.766629067598,-668.6970218181068,-10.978034010029063,-0.4932913105557277,0.04
-0.4859693290143933,-669.2525983966125,-669.1829911471212,-11.0771683505252,-0.4964092569728162,0.04
-0.4190169719999728,-669.6716153686125,-669.6020081191213,-11.173223463130274,-0.4989299497923516,0.04
-0.4787577477119796,-670.1503731163244,-670.0807658668332,-11.219582109206879,-0.5005164647465922,0.04
-0.38272691777279233,-670.5331000340972,-670.4634927846059,-11.196312168776048,-0.49982562078094517,0.04
-0.3995873970399537,-670.9326874311371,-670.8630801816458,-11.097299789651208,-0.4941222655968172,0.04
-0.3765542820479605,-671.3092417131851,-671.2396344636938,-12.011410011449195,-0.5062262219871808,0.02
-0.4700175694399159,-671.779259282625,-671.7096520331338,-11.976050457022836,-0.49945218097229854,0.02
-0.4069079999999967,-672.1861672826251,-672.1165600331339,-12.112547032572644,-0.5023438524487308,0.02
-0.49656884866398165,-672.6827361312891,-672.6131288817978,-12.091378047699955,-0.5013533819685713,0.02
-0.48318823818715295,-673.1659243694762,-673.096317119985,-12.173098339232917,-0.5036811289323149,0.02
-0.17966976385917816,-673.3455941333353,-673.2759868838441,-11.935136898486515,-0.49921801084831136,0.02
-0.3618979670879232,-673.7074921004232,-673.637884850932,-14.482451386860426,-0.5181483538195103,0.0
-0.10798952282397739,-673.8154816232473,-673.745874373756,-14.124197387586177,-0.5144577934759903,0.0
-0.743584408879973,-674.5590660321272,-674.489458782636,-14.111263515677258,-0.5176035774551905,0.0
-0.6859967878847903,-675.2450628200121,-675.1754555705209,-14.293911895296015,-0.5125870801280863,0.0
-0.3207519497159825,-675.565814769728,-675.4962075202368,-14.993891296372492,-0.49436404385584626,0.0
-0.3593216139391604,-675.9251363836672,-675.855529134176,-14.986201878356074,-0.4849091202650309,0.0
-0.22820598031999018,-676.1533423639872,-676.083735114496,-15.230534048296274,-0.46878549088887167,0.0
-0.17248188470302023,-676.3258242486903,-676.2562169991991,-14.748012966099525,-0.46005102585237273,0.0
-0.3003840000000033,-676.6262082486903,-676.5566009991991,-14.908786949137788,-0.46175233776789315,0.0
-0.3430975544947203,-676.9693058031851,-676.8996985536938,-15.577906220572162,-0.46738373807698835,0.0
-0.32737360673597193,-677.296679409921,-677.2270721604298,-15.43583431396034,-0.4650501534859477,0.0
-0.5271895823639514,-677.8238689922849,-677.7542617427937,-15.431789216482796,-0.4644831801495312,0.0
-0.26234399183995466,-678.0862129841249,-678.0166057346337,-16.044458067925337,-0.4488277307140908,0.0
-0.4027427743079258,-678.4889557584329,-678.4193485089417,-15.984011621758853,-0.4472372662268658,0.0
-0.23675586479998784,-678.7257116232329,-678.6561043737416,-15.755572566456218,-0.4378843493047052,0.0
-0.2680220428031115,-678.993733666036,-678.9241264165447,-15.496287584892883,-0.43205490886476833,0.0
-0.3605974921439442,-679.3543311581799,-679.2847239086886,-15.409905038409516,-0.43011893302844667,0.0
-0.27697380000000027,-679.6313049581798,-679.5616977086886,-15.573035980822238,-0.4192193412534706,0.0
-0.3391426104639965,-679.9704475686439,-679.9008403191526,-15.618308311990344,-0.41215545051459096,0.0
-0.356042366748385,-680.3264899353923,-680.256882685901,-15.532056108893991,-0.4091334499343599,0.0
-0.2344912065279896,-680.5609811419203,-680.491373892429,-15.78524225973119,-0.39728487172252075,0.0
-0.53792980494869,-681.098910946869,-681.0293036973777,-15.769700843248158,-0.3980372668422946,0.0
-0.8391008084159486,-681.938011755285,-681.8684045057937,-15.33138353248048,-0.40148140978013463,0.0
-0.25079598444796997,-682.188807739733,-682.1192004902417,-15.118663087578742,-0.3984721626690947,0.0
-0.48433709185835006,-682.6731448315913,-682.6035375821001,-17.18049837800381,-0.386450711416662,0.0
-0.21920988168796823,-682.8923547132794,-682.8227474637881,-16.933107491059747,-0.38440963873394174,0.0
-0.3742232912880409,-683.2665780045674,-683.1969707550761,-17.52765159996465,-0.3770202657032859,0.0
-0.10932695512002041,-683.3759049596873,-683.3062977101961,-16.789823137263223,-0.36902186191928693,0.0
-0.615650555839959,-683.9915555155272,-683.921948266036,-17.14258090176818,-0.3782833493183265,0.0
-0.5262630838400171,-684.5178185993673,-684.448211349876,-17.276532632803544,-0.3831125724861273,0.0
-0.43135653144478914,-684.949175130812,-684.8795678813208,-17.471919306588337,-0.3795475260302236,0.0
-0.3026399999999638,-685.251815130812,-685.1822078813208,-17.52063628378337,-0.3799845654151524,0.0
-0.27187919999996424,-685.523694330812,-685.4540870813207,-17.379326653548205,-0.3785568810516321,0.0
-0.23653484920004259,-685.7602291800121,-685.6906219305208,-17.092332680860927,-0.3753122333828331,0.0
-0.10778592350154342,-685.8680151035136,-685.7984078540223,-16.655637932028085,-0.3729899241495038,0.0
-0.19639692000000125,-686.0644120235136,-685.9948047740223,-16.541297581453794,-0.372216797815424,0.0
-0.3387962572631619,-686.4032082807768,-686.3336010312855,-16.655357780554148,-0.37351006716036733,0.0
-0.36789641644793974,-686.7711046972247,-686.7014974477335,-17.033310224755912,-0.36730146243540707,0.0
-0.3674530218879539,-687.1385577191127,-687.0689504696214,-17.040004737277112,-0.36743857303028726,0.0
-0.34951993540800064,-687.4880776545207,-687.4184704050294,-17.016973766122153,-0.3647095851581594,0.0
-0.29791925862398394,-687.7859969131447,-687.7163896636534,-16.895007625966283,-0.3622876308906396,0.0
-0.526178929663975,-688.3121758428086,-688.2425685933174,-16.842449442196443,-0.36323605452967955,0.0
-0.3335925164000009,-688.6457683592087,-688.5761611097174,-16.79363111433095,-0.3622533665022237,0.0
-0.18850895578616964,-688.8342773149948,-688.7646700655035,-16.40237395571461,-0.35803179767714793,0.0
-0.37010704640002096,-689.2043843613948,-689.1347771119035,-16.39783028225513,-0.3579028529641892,0.0
-0.5044398850079403,-689.7088242464027,-689.6392169969115,-16.36846488048327,-0.3585912992755497,0.0
-0.3391850927871801,-690.0480093391899,-689.9784020896986,-16.320584299499206,-0.3572368411312934,0.0
-0.42696899788799403,-690.4749783370779,-690.4053710875867,-16.357314037885725,-0.35584484411577355,0.0
-0.7370010840959715,-691.2119794211739,-691.1423721716826,-15.761385718014239,-0.36092110103395003,0.0
-0.062399942399969766,-691.2743793635739,-691.2047721140826,-15.334918096917738,-0.3585757046047658,0.0
-0.6873642964080098,-691.9617436599818,-691.8921364104906,-15.041131939937005,-0.36508503119116753,0.0
-0.6972487940880103,-692.6589924540698,-692.5893852045785,-15.333773744984592,-0.3768702166164482,0.0
-0.7976986949759849,-693.4566911490458,-693.3870838995546,-15.165599323517226,-0.37795250233836847,0.0
-0.5331508315199719,-693.9898419805658,-693.9202347310745,-15.400541518139748,-0.3748955832110721,0.0
-0.4920827328000206,-694.4819247133657,-694.4123174638745,-15.488004396655002,-0.3783221988727528,0.0
-0.2769253000000105,-694.7588500133658,-694.6892427638745,-15.370212868267872,-0.37667427259396985,0.0
-0.16627781919997814,-694.9251278325657,-694.8555205830745,-15.207921957950596,-0.37543570937156956,0.0
-0.45626344420798703,-695.3813912767737,-695.3117840272824,-15.624914572358904,-0.3811113405616689,0.0
0.24730064906403043,-695.1340906277096,-695.0644833782184,-13.535319694793904,-0.37015764758038827,0.02
-0.5075354635040148,-695.6416260912137,-695.5720188417224,-13.591758028222316,-0.37344640576057414,0.02
-0.33934380238942013,-695.9809698936031,-695.9113626441118,-13.603940867918002,-0.37368580967364307,0.02
-0.27731799999999274,-696.2582878936031,-696.1886806441119,-13.477587796337696,-0.368688378026364,0.02
-0.31508159999997576,-696.5733694936031,-696.5037622441118,-13.546922190613843,-0.3697431301895644,0.02
-0.3997200000000009,-696.9730894936031,-696.9034822441118,-13.545400148775201,-0.3696826747034059,0.02
-0.41003820000001007,-697.3831276936031,-697.3135204441119,-13.733889240393525,-0.37314832140740634,0.02
-0.8024361713759685,-698.185563864979,-698.1159566154878,-13.526673351133539,-0.38383660397886343,0.02
-0.7249125007360293,-698.9104763657151,-698.8408691162239,-13.411711159895255,-0.39112290415070516,0.02
-0.34081588448320677,-699.2512922501983,-699.181685000707,-13.489100047398258,-0.3923997458403693,0.02
-0.5518027302144148,-699.8030949804127,-699.7334877309214,-13.566011191315111,-0.3966529482353776,0.02
-0.6090512148800031,-700.4121461952926,-700.3425389458014,-13.605464421383127,-0.40171312519801006,0.02
-0.46651577457594806,-700.8786619698685,-700.8090547203773,-13.841739039347194,-0.4063536165589692,0.02
-0.33988822841680255,-701.2185501982854,-701.1489429487941,-13.750539066144276,-0.4023927850283314,0.02
-0.7684919071532766,-701.9870421054386,-701.9174348559474,-13.887696021926397,-0.40098060700307797,0.02
-0.28276660702973333,-702.2698087124684,-702.2002014629771,-13.938634017307376,-0.40162001945471326,0.02
-0.5358941451519841,-702.8057028576203,-702.7360956081291,-13.937087900140726,-0.40265116052058597,0.02
-0.6798004625280304,-703.4855033201484,-703.4158960706571,-14.124827699914325,-0.4118629721373871,0.02
-0.5157810455039681,-704.0012843656524,-703.9316771161612,-14.191970348924508,-0.41469412722170573,0.02
-0.695098698719937,-704.6963830643723,-704.6267758148811,-14.666904286466812,-0.426409562093704,0.02
-0.7854640963199399,-705.4818471606923,-705.412239911201,-14.470293259394543,-0.42980583290330365,0.02
-0.4920827328000206,-705.9739298934923,-705.904322644001,-14.465157298800822,-0.4291222258825038,0.02
-0.29779200316795995,-706.2717218966602,-706.202114647169,-14.320263984375533,-0.42645093531696715,0.02
-0.7949843005439614,-707.0667061972042,-706.997098947713,-14.283159180007862,-0.4362978213278471,0.02
-0.7866281627903596,-707.8533343599946,-707.7837271105034,-14.344877095452212,-0.446592800583655,0.02
-0.26033521428477624,-708.1136695742794,-708.0440623247881,-14.388232590491672,-0.4470688078853497,0.02
-0.21853918415997983,-708.3322087584394,-708.2626015089481,-14.65241835114343,-0.4492838730985184,0.02
-1.1007832780799522,-709.4329920365193,-709.363384787028,-14.235758720893445,-0.4673716002601174,0.02
-0.6727412989743522,-710.1057333354936,-710.0361260860024,-14.376865182473338,-0.4740505010943412,0.02
-0.3970525424223712,-710.5027858779159,-710.4331786284247,-14.408755955239936,-0.4746336236138298,0.02
-0.48497096255997113,-710.9877568404759,-710.9181495909846,-14.511319766456886,-0.47698398242727014,0.02
-0.7459527304320134,-711.7337095709079,-711.6641023214166,-14.610015130009348,-0.48491263832775044,0.02
-0.6091906247199687,-712.3429001956279,-712.2732929461366,-14.855572716243055,-0.4911380656496702,0.02
-0.4982057461039895,-712.8411059417318,-712.7714986922406,-14.841892255096857,-0.4905786019784704,0.02
-0.8757055823999501,-713.7168115241318,-713.6472042746406,-14.852996825743432,-0.5014208632984695,0.02
-1.0585297232639141,-714.7753412473957,-714.7057339979044,-14.862397713607873,-0.5188212786480243,0.02
-1.110279516910844,-715.8856207643065,-715.8160135148153,-14.548824806066378,-0.5336247280582408,0.02
-0.35382745438640106,-716.2394482186929,-716.1698409692017,-14.400437691739889,-0.53061247944581,0.02
-0.3859560172799981,-716.625404235973,-716.5557969864817,-14.459437763571403,-0.5315478979356664,0.02
-0.7623527976000011,-717.3877570335729,-717.3181497840817,-14.555808302030943,-0.5382555739299065,0.02
-0.30303263420561827,-717.6907896677785,-717.6211824182873,-14.295894419255351,-0.5295762049320994,0.02
-1.0176534019440258,-718.7084430697225,-718.6388358202313,-14.807933281894744,-0.5486812741229805,0.02
-0.4703781399679686,-719.1788212096905,-719.1092139601992,-14.72095770947806,-0.5443415509941797,0.02
-0.5167881281279404,-719.6956093378184,-719.6260020883271,-14.67338709122548,-0.5407323376749783,0.02
-0.6940983017159073,-720.3897076395343,-720.3201003900431,-14.710013945488999,-0.5386603298097767,0.02
-0.35907601324799593,-720.7487836527823,-720.6791764032911,-14.546509545702873,-0.5351788334443373,0.02
-0.44803681022394304,-721.1968204630062,-721.127213213515,-14.510354884216273,-0.5342979149928158,0.02
-0.6693304435199249,-721.8661509065262,-721.7965436570349,-14.835714473917085,-0.5421460178632139,0.02
-0.2965899158935975,-722.1627408224198,-722.0931335729285,-15.09196910822522,-0.5447522597970864,0.02
-0.2014703686464071,-722.3642111910661,-722.2946039415749,-14.707367549117908,-0.5396563982858548,0.02
-0.49517810378397914,-722.8593892948501,-722.7897820453588,-16.75686982036496,-0.5545059733428149,0.0
-0.26695199193602137,-723.1263412867861,-723.0567340372949,-16.37590574421292,-0.5496943039114551,0.0
-0.7734940739199908,-723.8998353607061,-723.8302281112149,-16.628474118618783,-0.5583773093420665,0.0
-0.4754978048880051,-724.3753331655942,-724.3057259161029,-16.967372355529776,-0.5623409054398267,0.0
-0.3696821694719778,-724.7450153350661,-724.6754080855749,-17.07535054294526,-0.5634329168292669,0.0
-0.4169880015839509,-725.1620033366501,-725.0923960871588,-17.102669749950426,-0.5637782768609457,0.0
-0.14871028259838306,-725.3107136192484,-725.2411063697572,-16.502681468778096,-0.5585517185129132,0.0
-0.7972973960831089,-726.1080110153315,-726.0384037658403,-16.506795403576078,-0.558448943007056,0.0
-0.29919917999999984,-726.4072101953315,-726.3376029458402,-16.15417537822433,-0.5499346765923354,0.0
-0.4838629926239173,-726.8910731879554,-726.8214659384641,-16.350835846166355,-0.5527956187551497,0.0
-1.2664598214151657,-728.1575330093706,-728.0879257598793,-15.476398263717966,-0.5670887605791647,0.0
-0.4344485380415751,-728.5919815474122,-728.5223742979209,-15.346336973698081,-0.5635967070423962,0.0
-0.8942453697599304,-729.4862269171721,-729.4166196676808,-15.361577089884289,-0.5721512989460757,0.0
-0.7087578170399815,-730.1949847342121,-730.1253774847208,-15.645615977367488,-0.5795286907185394,0.0
-0.40496802150398703,-730.5999527557161,-730.5303455062249,-15.467107538406571,-0.5722582130055536,0.0
-0.589735245503948,-731.18968800122,-731.1200807517288,-15.831794171095904,-0.578397585775038,0.0
-0.6991646811143826,-731.8888526823345,-731.8192454328432,-15.892041882931661,-0.5816629964942859,0.0
-0.4263280963200079,-732.3151807786545,-732.2455735291633,-15.722551367814983,-0.5765935491701254,0.0
-0.31143597868797657,-732.6266167573425,-732.5570095078513,-15.460616461765024,-0.5725066478338056,0.0
-0.8959711071358785,-733.5225878644784,-733.4529806149872,-15.371306969778725,-0.5765240960021244,0.0
-0.7717666965119236,-734.2943545609903,-734.2247473114991,-15.376118546663127,-0.5762501480059641,0.0
-0.3045923999999671,-734.5989469609902,-734.529339711499,-15.134464582188908,-0.572500341349963,0.0
-0.2594015865599946,-734.8583485475502,-734.788741298059,-15.066782025921082,-0.5717325330178037,0.0
-0.5427754314943947,-735.4011239790447,-735.3315167295534,-15.039240738113167,-0.5666883556368124,0.0
-0.23335042931680597,-735.6344744083615,-735.5648671588702,-14.629361131248272,-0.5556228009673413,0.0
-0.2935865199999895,-735.9280609283614,-735.8584536788702,-14.684696094815614,-0.5562878270816456,0.0
-0.43349302951998003,-736.3615539578815,-736.2919467083902,-15.008661155193503,-0.5605869039888456,0.0
-0.5281541236320175,-736.8897080815135,-736.8201008320223,-15.371834432784114,-0.5491343208998869,0.0
-0.30922100263998265,-737.1989290841535,-737.1293218346623,-15.074960381186017,-0.5418639149731995,0.0
-0.7573253519039134,-737.9562544360574,-737.8866471865662,-15.221657213653266,-0.5490693711628303,0.0
-0.10041129057958915,-738.056665726637,-737.9870584771458,-14.579483163441694,-0.5413781777232227,0.0
-0.3848009652000136,-738.441466691837,-738.3718594423458,-14.426757237329474,-0.5341551424185826,0.0
-1.1821073903520285,-739.6235740821891,-739.5539668326978,-13.930990220343396,-0.5456134777312238,0.0
-0.5278056542399681,-740.151379736429,-740.0817724869378,-13.949648840573749,-0.5462054758939435,0.0
-0.5025577413999679,-740.653937477829,-740.5843302283378,-13.959809327970328,-0.5387425190739438,0.0
-0.6180776510719957,-741.272015128901,-741.2024078794097,-14.25362514759383,-0.5299334776301055,0.0
-0.2208072233740887,-741.4928223522751,-741.4232151027838,-14.317987359828228,-0.5121440317593704,0.0
-0.4025794800000057,-741.8954018322751,-741.8257945827838,-14.374729250495909,-0.5131190722716424,0.0
-0.4437072501119076,-742.3391090823869,-742.2695018328957,-14.432978989921153,-0.5142740969282806,0.0
-0.28062599672960997,-742.6197350791165,-742.5501278296252,-14.188522442147896,-0.5046395609108728,0.0
-0.245730761695996,-742.8654658408125,-742.7958585913212,-14.09775096197604,-0.5034935234606803,0.0
-0.499061853617579,-743.3645276944301,-743.2949204449388,-14.43113929330707,-0.49312169249415144,0.0
-0.572946593119979,-743.93747428755,-743.8678670380588,-14.477182564511212,-0.4951730615571916,0.0
-0.7113147774479472,-744.6487890649979,-744.5791818155067,-14.478756957173838,-0.4990635945435918,0.0
-0.24565426382375322,-744.8944433288217,-744.8248360793305,-14.165817968204976,-0.49009471378574865,0.0
-0.6779681136000468,-745.5724114424218,-745.5028041929305,-14.31172334970813,-0.49647255579278976,0.0
-0.5837428981775707,-746.1561543405993,-746.0865470911081,-14.378254225305868,-0.4991866775518623,0.0
-0.3400523035977743,-746.4962066441971,-746.4265993947058,-14.202227316258796,-0.4926011147534193,0.0
-0.47657593828002304,-746.9727825824771,-746.9031753329858,-14.399220488744556,-0.49620083520114777,0.0
-0.43876317167998063,-747.411545754157,-747.3419385046658,-14.748839729346077,-0.5009466912618192,0.0
-0.5232717555200008,-747.934817509677,-747.8652102601858,-14.764232251311684,-0.5015085642965397,0.0
-0.8434248401280071,-748.778242349805,-748.7086351003138,-14.96107009390367,-0.5130380212603793,0.0
-0.43770529963760607,-749.2159476494427,-749.1463403999514,-14.929705239053693,-0.5063222457747316,0.0
-0.3682623694399533,-749.5842100188827,-749.5146027693914,-14.820456063972616,-0.5041775370657706,0.0
-0.1947482783999666,-749.7789582972827,-749.7093510477914,-14.525478917120937,-0.5006788592443304,0.0
-0.422338289023942,-750.2012965863066,-750.1316893368154,-14.530705363370602,-0.5007858649931303,0.0
-0.4714324529759245,-750.6727290392826,-750.6031217897913,-15.038378066179645,-0.5072403084006811,0.0
-0.3187091916500406,-750.9914382309325,-750.9218309814413,-14.894475002561268,-0.4976685443120197,0.0
-0.6281684044799581,-751.6196066354125,-751.5499993859213,-15.158128134009166,-0.5042479288016188,0.0
-0.37028385888003257,-751.9898904942926,-751.9202832448013,-15.042955330401073,-0.5019763461267411,0.0
0.416607929692854,-751.5732825645997,-751.5036753151085,-13.549561435647535,-0.4683149911045808,0.02
-0.18147223705917326,-751.7547548016589,-751.6851475521677,-13.227508035962112,-0.46325546508493276,0.02
-0.20224098128000767,-751.956995782939,-751.8873885334477,-13.107063698838566,-0.4494153773153343,0.02
-0.4442519782511608,-752.4012477611901,-752.3316405116989,-13.106706922621711,-0.44412526053955786,0.02
-0.7953460860799308,-753.19659384727,-753.1269865977788,-13.06946980147254,-0.45193282183107675,0.02
-0.350053513079993,-753.54664736035,-753.4770401108588,-12.952001559426336,-0.4471391871825976,0.02
-0.37759919208003634,-753.9242465524301,-753.8546393029388,-12.89787200494749,-0.4407078774019107,0.02
-0.11003198039566701,-754.0342785328257,-753.9646712833345,-12.485649438053422,-0.43438195508342387,0.02
-0.9586992648960528,-754.9929777977218,-754.9233705482305,-12.354728586811763,-0.4473272208075854,0.02
-0.3026399999999638,-755.2956177977218,-755.2260105482305,-12.386298210930507,-0.43546059866486714,0.02
-0.280191396015984,-755.5758091937378,-755.5062019442465,-12.294751901341671,-0.42562909265494836,0.02
-0.11734415508478563,-755.6931533488225,-755.6235460993313,-12.027674252841264,-0.42188412775664474,0.02
-0.8493769507199633,-756.5425302995425,-756.4729230500512,-12.07433278166629,-0.43368363503984403,0.02
-0.5278713816434393,-757.0704016811859,-757.0007944316947,-12.071713380165248,-0.43338555404282497,0.02
-1.0197118555967557,-758.0901135367826,-758.0205062872914,-11.979814711817713,-0.449112782568424,0.02
-0.33286851685758345,-758.4229820536402,-758.353374804149,-12.019097369750686,-0.4498984225055759,0.02
-0.6403032184000441,-759.0632852720403,-758.993678022549,-12.069228070362598,-0.45403462628317715,0.02
-0.39337199999998274,-759.4566572720403,-759.387050022549,-12.001265012230515,-0.4513389838105365,0.02
-0.3452320336943888,-759.8018893057347,-759.7322820562434,-12.035683293636252,-0.45205920443162456,0.02
-0.6517076446463734,-760.4535969503811,-760.3839897008899,-12.071439014239388,-0.44994685028647374,0.02
-0.3196889850208014,-760.7732859354019,-760.7036786859106,-12.37977332181538,-0.454332404175298,0.02
-0.2478254613359518,-761.0211113967379,-760.9515041472466,-12.23728859588549,-0.45159289409801673,0.02
-0.18524006416793962,-761.2063514609058,-761.1367442114146,-12.62604285058159,-0.43165554757433505,0.02
-0.3682623694399533,-761.5746138303458,-761.5050065808546,-12.545026738878933,-0.42846468187833464,0.02
-0.31533279999997677,-761.8899466303458,-761.8203393808545,-12.421326666556268,-0.4247201830503349,0.02
-0.23308318387200702,-762.1230298142178,-762.0534225647266,-12.203710135585606,-0.4170202937063351,0.02
-0.546323871271982,-762.6693536854898,-762.5997464359986,-12.445277360222867,-0.423530626664293,0.02
-0.47644332891994046,-763.1457970144097,-763.0761897649185,-12.483833208685441,-0.4250079036426917,0.02
-0.49244995872000635,-763.6382469731298,-763.5686397236385,-12.503514390306133,-0.4259827578148536,0.02
-0.2852639740799853,-763.9235109472097,-763.8539036977185,-12.509098202798837,-0.42607551736186117,0.02
-0.4884257466239307,-764.4119366938336,-764.3423294443423,-12.717134559984414,-0.4309294170604198,0.02
-0.15274596478718178,-764.5646826586208,-764.4950754091295,-12.362179199751886,-0.42400309928381186,0.02
-0.2216214807146413,-764.7863041393354,-764.7166968898441,-12.123752914139331,-0.41697659703570517,0.02
-0.47695166479998774,-765.2632558041354,-765.1936485546441,-12.161722967960042,-0.41228933478274593,0.02
-0.48830206540798404,-765.7515578695434,-765.6819506200521,-12.35478666394421,-0.4171422908144306,0.02
-0.18244380943655322,-765.9340016789799,-765.8643944294887,-12.09922709162592,-0.40723180473116066,0.02
-0.0879494911232262,-766.0219511701032,-765.952343920612,-11.669691035800195,-0.3973159365900738,0.02
-0.5860192590703155,-766.6079704291735,-766.5383631796823,-11.751251526557619,-0.4022352756995246,0.02
-0.3731197855999796,-766.9810902147735,-766.9114829652823,-11.700579054423901,-0.40016615264592376,0.02
-0.3026399999999638,-767.2837302147735,-767.2141229652823,-11.605802988742452,-0.3974436892123234,0.02
-0.2878867199999918,-767.5716169347735,-767.5020096852822,-11.478003085538502,-0.3927359885019232,0.02
-0.5103461018879522,-768.0819630366615,-768.0123557871702,-11.671608600756874,-0.38607441373712215,0.02
-0.3424673852620658,-768.4244304219235,-768.3548231724322,-11.616032806555696,-0.38416965544961135,0.02
-0.14993929822798163,-768.5743697201515,-768.5047624706602,-11.372962930309134,-0.3798031940253719,0.02
-0.2961739999999867,-768.8705437201514,-768.8009364706602,-11.490424144199146,-0.3818317084573723,0.02
-0.6114223410559758,-769.4819660612075,-769.4123588117162,-11.499817977219458,-0.38561338949801305,0.02
-0.5204633119935358,-770.002429373201,-769.9328221237098,-11.50703625204968,-0.38659400667836524,0.02
-0.28965600000000313,-770.2920853732011,-770.2224781237098,-11.480038280427893,-0.3860129428453645,0.02
-0.5222144056319549,-770.8142997788331,-770.7446925293418,-11.499314213283295,-0.38389386286840443,0.02
-0.42908635914552373,-771.2433861379786,-771.1737788884874,-11.530842927052147,-0.3850699128737143,0.02
-0.4688554251519871,-771.7122415631306,-771.6426343136394,-13.777402350681374,-0.402779179970611,0.0
-0.07429337898402688,-771.7865349421147,-771.7169276926235,-13.519639540127415,-0.40063560280910815,0.0
-0.4926553103847462,-772.2791902524995,-772.2095830030082,-13.818560648496915,-0.4064438893912029,0.0
-0.3282911320319576,-772.6074813845314,-772.5378741350402,-13.72572556964417,-0.40412467246681877,0.0
-0.45446444294397714,-773.0619458274754,-772.9923385779841,-13.996761343389073,-0.39730703960409974,0.0
-0.2905732348519608,-773.3525190623274,-773.2829118128361,-13.923477820138999,-0.3961174340395391,0.0
-0.3543642783999435,-773.7068833407274,-773.6372760912361,-13.902370829804065,-0.39565273576593724,0.0
-0.45219632687999767,-774.1590796676073,-774.0894724181161,-14.433461925903647,-0.4024960226956239,0.0
-0.3825807364079504,-774.5416604040153,-774.472053154524,-15.3187021449636,-0.3909736521258618,0.0
-0.40692365971203776,-774.9485840637273,-774.878976814236,-15.437272779312616,-0.39305932532010324,0.0
-0.5902843982399821,-775.5388684619672,-775.469261212476,-15.564907676519837,-0.39926118536458327,0.0
-0.579553071759987,-776.1184215337272,-776.048814284236,-16.17928927629591,-0.4085053636980873,0.0
-0.3095846225103741,-776.4280061562375,-776.3583989067463,-16.786360325335984,-0.3977095171338955,0.0
-0.35524138708798614,-776.7832475433255,-776.7136402938343,-16.7347166014165,-0.39425691724278644,0.0
-0.0902860678127389,-776.8735336111382,-776.803926361647,-18.145731886883063,-0.3756684014871061,0.0
-0.3757631942399518,-777.2492968053782,-777.179689555887,-18.20304935220226,-0.37652629503475343,0.0
-0.2202676471247887,-777.469564452503,-777.3999572030118,-18.21634848527204,-0.3681255836092484,0.0
-0.5277260922960023,-777.9972905447991,-777.9276832953078,-18.13326306877789,-0.37081266545516867,0.0
-0.389850321599914,-778.387140866399,-778.3175336169078,-18.17978577568695,-0.37170503121327925,0.0
-0.22684760317964753,-778.6139884695787,-778.5443812200874,-18.306737078484208,-0.3632078303839447,0.0
-0.4772389850799743,-779.0912274546587,-779.0216202051674,-18.366783906690316,-0.3663588303851282,0.0
-0.6298525435679938,-779.7210799982266,-779.6514727487354,-18.274132133717647,-0.3739993720297691,0.0
-0.08357336601597842,-779.8046533642427,-779.7350461147514,-17.76788009452773,-0.37196603806672984,0.0
-0.0668175756047937,-779.8714709398474,-779.8018636903562,-16.79428427257032,-0.36593714219002665,0.0
-0.7027126397440142,-780.5741835795915,-780.5045763301002,-16.42003899572966,-0.37368473898490734,0.0
-0.3208791526944079,-780.8950627322859,-780.8254554827946,-16.60744770937819,-0.3754406583613554,0.0
-0.49235815224000035,-781.3874208845258,-781.3178136350346,-16.6616666387552,-0.3743613439807158,0.0
-0.4159155009599484,-781.8033363854857,-781.7337291359945,-16.665775461366625,-0.3731507874215159,0.0
-0.37721601868799376,-782.1805524041738,-782.1109451546826,-16.659368158883645,-0.37084610862087564,0.0
-0.3972099851173992,-782.5777623892911,-782.5081551397999,-16.806679614414314,-0.3730850288416239,0.0
-0.5070165868799854,-783.0847789761712,-783.0151717266799,-16.791922957326545,-0.373456845646745,0.0
-0.7161772266959185,-783.800956202867,-783.7313489533758,-16.878025122708323,-0.38472547088491976,0.0
-0.28100195583996646,-784.081958158707,-784.0123509092158,-17.034802084845005,-0.38591308038742633,0.0
-0.4605891796799883,-784.5425473383871,-784.4729400888958,-17.03840569734994,-0.3855858306850263,0.0
-0.6594166081719899,-785.2019639465591,-785.1323566970678,-16.776421618712096,-0.3890081215403064,0.0
-0.4974442312319588,-785.699408177791,-785.6298009282998,-17.260626327135824,-0.3953081299762145,0.0
-0.679351630848018,-786.3787598086391,-786.3091525591478,-17.919662092264605,-0.40713617277071035,0.0
-0.27614210039999276,-786.654901909039,-786.5852946595478,-17.76260504218477,-0.40093862959730386,0.0
-0.175631719259913,-786.830533628299,-786.7609263788078,-17.25742180388704,-0.3969888682705026,0.0
-0.2639098458336256,-787.0944434741326,-787.0248362246414,-17.166888862920707,-0.39621426518717584,0.0
-0.05864426594399879,-787.1530877400767,-787.0834804905854,-16.35826864583296,-0.39162941610605595,0.0
-0.7025276666879392,-787.8556154067646,-787.7860081572734,-16.066449421378703,-0.3954730474020557,0.0
-0.3205161430719584,-788.1761315498366,-788.1065243003453,-16.033804782398477,-0.3950340225582535,0.0
-0.5019150727039496,-788.6780466225405,-788.6084393730492,-16.60157811128,-0.40207353804777285,0.0
-0.008770872759951143,-788.6868174953004,-788.6172102458091,-15.62605407665904,-0.3963254755029722,0.0
-0.3795122663999933,-789.0663297617003,-788.9967225122091,-15.674213792456767,-0.3916872740098525,0.0
-0.3506604709566801,-789.416990232657,-789.3473829831657,-15.615911047393354,-0.38829121718911536,0.0
-0.659517105077565,-790.0765073377346,-790.0069000882434,-15.607915608727348,-0.3956884392906666,0.0
-0.4757221380160025,-790.5522294757506,-790.4826222262593,-15.618192049888322,-0.3947585939383476,0.0
-0.5607663600800289,-791.1129958358306,-791.0433885863393,-15.595795179621849,-0.39739219395703773,0.0
-0.5271086050399585,-791.6401044408706,-791.5704971913793,-15.585679698977108,-0.3985572575547971,0.0
-0.6557566728239748,-792.2958611136945,-792.2262538642033,-16.26975061282951,-0.41018652343159606,0.0
-0.5166425103359478,-792.8125036240305,-792.7428963745392,-16.26566098064193,-0.4106662674306202,0.0
-0.6048556228800397,-793.4173592469105,-793.3477519974192,-16.33478271630601,-0.4161975572475818,0.0
-0.1894064251631281,-793.6067656720736,-793.5371584225824,-15.890725890453384,-0.4108963968919647,0.0
-0.42421920460796314,-794.0309848766816,-793.9613776271904,-16.064685525328862,-0.4135693162870849,0.0
-0.4926263236439795,-794.5236112003256,-794.4540039508344,-16.16058146688174,-0.41633455719196555,0.0
-0.28590081279993046,-794.8095120131255,-794.7399047636343,-15.958676841920777,-0.4130086469103642,0.0
-0.18978424273438277,-794.9992962558599,-794.9296890063687,-15.587113414921237,-0.4091527170368929,0.0
-0.3887007753599979,-795.3879970312199,-795.3183897817287,-15.571391045797473,-0.4087882593498521,0.0
-0.9358903629999467,-796.3238873942199,-796.2542801447287,-14.82567813180164,-0.4157003786450514,0.0
-0.3279080067199811,-796.6517954009399,-796.5821881514487,-14.722812145318981,-0.4106674773442512,0.0
-0.4212482399999693,-797.0730436409399,-797.0034363914486,-14.842438513025227,-0.41290074969404317,0.0
-0.3192540093599632,-797.3922976502998,-797.3226904008086,-14.795858730481358,-0.41218100213948267,0.0
-0.35222406112000715,-797.7445217114198,-797.6749144619286,-15.391493943924251,-0.417419762005628,0.0
-0.505040679999935,-798.2495623914198,-798.1799551419285,-15.463268527330024,-0.42000531172082767,0.0
-0.5384478269279638,-798.7880102183477,-798.7184029688565,-15.817612243987048,-0.42636891531689114,0.0
-0.44268578060795494,-799.2306959989556,-799.1610887494644,-15.79872380208704,-0.4246681090831303,0.0
-0.7491740032492846,-799.979870002205,-799.9102627527137,-15.632825105487319,-0.43185458271611765,0.0
-0.6240489326399307,-800.6039189348448,-800.5343116853536,-15.954904514648572,-0.4397986093053234,0.0
-0.38220161132001934,-800.9861205461649,-800.9165132966737,-15.878699911296145,-0.43789786183012425,0.0
-0.8132011361919529,-801.7993216823569,-801.7297144328656,-15.593533850619922,-0.4415648336826034,0.0
-0.27595725900001106,-802.0752789413569,-802.0056716918657,-16.14329003056369,-0.4454125115422841,0.0
-1.3882924271199557,-803.4635713684769,-803.3939641189857,-14.592116135212255,-0.4718420085725873,0.0
-0.595447444353595,-804.0590188128305,-803.9894115633392,-14.633238412572256,-0.4696967046647789,0.0
-0.4097595545567976,-804.4687783673872,-804.399171117896,-14.742267462545527,-0.4714743127020267,0.0
-0.6961273189315595,-805.1649056863188,-805.0952984368275,-14.728666270870116,-0.4755496960358579,0.0
-0.4936400456960226,-805.6585457320148,-805.5889384825235,-14.786317454022765,-0.4771041869305794,0.0
-1.1417839607999856,-806.8003296928148,-806.7307224433235,-14.160142963207802,-0.49239554577281924,0.0
-0.8597316237959673,-807.6600613166107,-807.5904540671195,-14.144491353965249,-0.5016459785463906,0.0
-0.6272590243199372,-808.2873203409307,-808.2177130914395,-14.177488890475429,-0.5040508272951897,0.0
-0.5534788522079769,-808.8407991931387,-808.7711919436474,-14.182981785457331,-0.5007968598054309,0.0
-0.3995545917599967,-809.2403537848986,-809.1707465354074,-14.338593086293193,-0.5031679125238313,0.0
-0.32933603512863985,-809.5696898200273,-809.500082570536,-14.19922463049024,-0.5005428496328045,0.0
-0.3791274714935768,-809.9488172915209,-809.8792100420296,-14.067556961298306,-0.4949370668992361,0.0
-0.41553499999998234,-810.3643522915208,-810.2947450420296,-14.007051330659074,-0.4932988822745966,0.0
-0.6220392191999404,-810.9863915107208,-810.9167842612295,-14.015486575092979,-0.49215263404163506,0.0
-1.0726888032671726,-812.0590803139879,-811.9894730644967,-13.858465363990284,-0.5080835680989787,0.0
-0.718539396847973,-812.7776197108359,-812.7080124613447,-14.309033177737208,-0.5189417216507399,0.0
-0.6140905662720064,-813.3917102771079,-813.3221030276167,-14.632763203927105,-0.5259453360595074,0.0
-3.287724431417562,-816.6794347085255,-816.6098274590342,-9.142440013328162,-0.5905269393689787,0.0
-0.9545650909439575,-817.6339997994694,-817.5643925499782,-9.16845353958874,-0.5955676878540992,0.0
-0.35453816245680525,-817.9885379619262,-817.918930712435,-9.186587094185763,-0.5962481282417961,0.0
