pnl,volatility,atr,trend_strength
-0.06960724949118643,0.0012931830777757878,,0.8238521179629419
-0.19796327410399925,0.0022802540854551688,,0.9566537476422856
-0.7374793637087877,0.002826240556552042,,0.9566537476422856
-0.30292077446397697,0.0010395010395010693,,1.0
-0.3612073103832042,0.0016400164001640772,,0.8913781356305902
-0.28212940000000875,0.0,,0.9022439472722752
-0.45835005980798704,0.0051124744376278165,,0.8566980716846962
-0.29019434065438954,0.0020097896204091274,,0.8434710219580873
-0.10920627765600127,0.000920810313075405,,0.8392723956144714
-0.09823415457920066,0.0010381857703662858,,0.8434710219580873
-0.13097254801677652,0.0013078306359326963,,0.9566537476422856
-0.09483157724797439,0.0009993337774817537,,0.8046664264408198
-0.40998359999995804,0.000520020800831976,,1.0
-0.32277000974401826,0.00028781119585564687,,0.9022439472722752
-0.19993958060799516,0.0005754567688103394,,0.8988764418712236
-0.3044149743199922,0.000520020800831976,,1.0
-0.379271792899984,0.0014250089063056802,,0.8345414953581334
-0.270009616464009,0.0013628620102215043,,0.8358805843432995
-0.7862895898799791,0.0018205461638490985,,1.0
-0.1424098259167857,0.0006810884441994226,,0.8345414953581334
-0.188337199999984,0.0,,0.800215996462442
-0.40202042908800073,0.0008635578583765759,,0.8988764418712236
-0.20006078060799207,0.00057520851308609,,0.9016643442196853
-0.16045245035519415,0.0008703220191470659,,0.9079836294129007
-1.3091933737063077,0.0025137262684394486,,0.9671435046720456
-0.19452598060801363,0.0008068065131288535,,0.8891878368474793
-0.2134791820479774,0.0007782101167315758,,0.9179946485639269
-0.13612027822077077,0.0011217419993401747,,0.9671435046720456
-0.395036445935994,0.0022018586277240356,,0.8427113800295829
-0.4791274680815889,0.0014382576535853836,,0.8968505168065106
-0.16036797039357914,0.001957372770769974,,0.9079836294129007
-0.44452943897599084,0.0007199424046075521,,0.9016643442196853
-0.13743783959359696,0.0011017260374587678,,0.9569269288077147
-0.29899636422398274,0.004415760869565109,,0.8391969296807761
-0.4753166448800029,0.0012980269989615796,,0.9179946485639269
-0.18036809445598856,0.00038929440389284353,,0.8427113800295829
-0.19277207942243596,0.0012310217480508321,,0.8968505168065106
-0.2550451951520015,0.000733837234901218,,0.8891878368474793
-0.18449807815034186,0.001631498803567606,,0.946073883429636
-0.2927023999999751,0.0,,0.9270775424090278
-0.18279847539998362,0.0007182876023560636,,0.9107994862172764
-0.3616917623000101,0.00039627501486034274,,0.9671435046720456
-0.16671980601602793,0.0009189487226611742,,0.9624536363023005
-0.18426107523358637,0.0006162628523239062,,0.84436765384129
-0.24502449124001652,0.0002592688618096681,,0.9029953716684223
-0.1206289878815585,0.0022823606129767824,,0.946073883429636
-0.3561058193919776,0.0005871559633026876,,0.8885104650163114
-0.48198306662398954,0.001700102006120369,,0.8441615255155092
-0.06553236678398695,0.001356391997287255,,0.8441615255155092
-0.1313937425231786,0.0007134286733470188,,0.84436765384129
-0.36723701967997624,0.0005751258087706053,,0.9107994862172764
-0.2716752940719893,0.0001666666666666483,,0.9360703957135892
-0.2044388399999908,0.0007453255128163481,,0.84420834444393
-0.15630296427358015,0.0011929938723496496,,0.9550646574673449
-0.387309446999965,0.0005868114134819276,,0.8885104650163114
-0.17187847371997428,0.0010373443983402787,,0.9029953716684223
-0.1519499344048324,0.004119241192411875,,0.9550646574673449
0.08939477519199229,0.0030498136225006996,,0.8331342201529548
-0.22250786017595525,0.0008665511265166,,0.9550646574673449
-0.25187687644000023,0.000778614066960724,,0.8841648556117864
-0.18755549603998728,0.0011644832605530587,,0.84420834444393
-0.14657776440479608,0.00074385510996118,,0.8650535796510658
-0.17313446831999904,0.0008655666756829678,,0.9554545311258564
-0.32201919112799327,0.0013497098123903747,,0.8115917444661672
-0.4573800431999732,0.0012987012987012998,,0.8931276449916827
-0.13341596543998135,0.0010376134889753864,,0.8931276449916827
-0.18915117062398762,0.005181347150259096,,0.8947877882653569
0.3970776701360031,0.006118286879673772,,0.8280297751150836
-0.12743566444798304,0.0006739452756437305,,0.8115917444661672
-0.42366965088960207,0.0019050079106261034,,0.8650535796510658
-0.8167489229087921,0.0029235017053759514,,0.9554545311258564
-0.09635085667998594,0.0015637216575449294,,0.8931276449916827
-2.0728998312799862,0.012079378774805853,,0.8947877882653569
-0.16872983492158292,0.0004456824512534328,,0.8050528624862584
1.4104893914400076,0.018125854993160148,,0.8280297751150836
-0.2903979999999427,0.0005893186003682593,,0.9175296696518052
-0.14667021435917238,0.000777554590811926,,0.8650535796510658
-0.37805120000000125,0.0020190995907230806,,0.9762206661060548
-0.13813703920477083,0.0023919043238271923,,0.9620692545227076
-0.2865528599999904,0.0006208609271523643,,0.9148489184819167
-0.4415904328320279,0.0008980691513247526,,0.9539037043273433
-0.17376809128798607,0.0017253278122843355,,0.8611402493387098
-0.2784209999999784,0.0005213764337851355,,0.8961899811075943
-0.05686249245604147,0.009186351706036827,,0.8859869807212097
-0.2456443898239662,0.00029435572889834126,,0.9175296696518052
-0.21828510622560998,0.00026975991367691023,,0.8115917444661672
-0.13706117731601453,0.0005564210994880313,,0.8050528624862584
-0.16774476721599726,0.0008972633467923839,,0.9539037043273433
-0.11925957828476907,0.0016584848082791576,,0.8603795808739894
-0.138002914347985,0.0010362694300518431,,0.9148489184819167
-0.08747453831997717,0.0021717340461075304,,0.9589057540022936
-0.17507942163599022,0.0005311732288692433,,0.8603795808739894
-0.5476925252943823,0.0023277617923765535,,0.8896117155313931
-0.9334881536175801,0.00404415783145704,,0.9762206661060548
-1.163668986912002,0.0040389205067009,,0.9917657898999219
-0.2058055825280079,0.0005224660397073615,,0.8961899811075943
-0.3295165140951883,0.0003348214285714537,,1.0
-0.14750020981439374,0.0007818608287723924,,0.8050528624862584
-0.24478556155194486,0.0007911392405064615,,1.0
-0.31315811999998,0.0011055831951355167,,0.972768770585192
-0.21308986501438132,0.0004533385143449047,,0.8896117155313931
-0.3405965348296082,0.00041740582281121123,,1.0
-0.43148199999998876,0.0018026137899954952,,1.0
-0.2934680456105004,0.0022007580388800946,,0.9729124657494261
-0.37075768078271953,0.0007499625018748757,,1.0
-0.3516895884799933,0.000304199554907925,,1.0
-0.38751599999997455,0.0021940030583072734,,0.9963277989677588
-0.4063211999999927,0.0005224660397073615,,1.0
-0.3025199000000065,0.0005586592178771575,,0.9501932087659031
-0.2446099615040016,0.0007920792079207049,,1.0
-0.24978178987199917,0.000722543352601237,,0.9262439612497024
-0.3580575900159834,0.00020815653371334517,,1.0
-0.32248730770396516,0.0008107311320753824,,0.9175296696518052
-0.6212681746343334,0.0006003301815998295,,1.0
-0.3616033298863549,0.000208724692131143,,1.0
-0.3294446840879735,0.001005025125628061,,1.0
-0.22857628480800027,0.00043365134431911967,,0.9262439612497024
-0.33462247655197214,0.0004518752824220017,,1.0
-0.4184045502621605,0.0014071581523401413,,0.9729124657494261
0.25903116902402307,0.009640666082383825,,0.9006354997489163
-0.20672594748556683,0.0008321198252548027,,0.9457406237436102
-0.30118739999997923,0.0005158057622871733,,0.9452159163461405
-0.6158241186799948,0.0008937548877220678,,0.9501932087659031
-0.4046651999999947,0.0011867088607595824,,1.0
-0.5123934832640114,0.001153217797994726,,1.0
-0.39558527999999793,0.0004463289444320282,,1.0
-0.40357478000000324,0.0004174929548065155,,1.0
-0.40061918399997476,0.0008999550022498769,,1.0
-0.20667042747116293,0.0006244796003331026,,0.9457406237436102
-0.15550506418560378,0.0013315579227696785,,0.9963277989677588
-0.1406618362799671,0.001569037656903738,,1.0
-0.4316385999999752,0.001808318264014468,,1.0
-0.29332436340542095,0.0018359853121175116,,0.9729124657494261
-0.29185519999997434,0.0013007660066483768,,0.9262439612497024
-0.16911916563198331,0.003479853479853503,,0.972768770585192
-0.30103199999996266,0.0011062762740615508,,0.9452159163461405
-0.3884846799999517,0.0016674448075768705,,0.9963277989677588
-0.2790319999999904,0.0007448789571695764,,0.8844463951797011
-0.38263679999996636,0.0010999083409716681,,0.9855657854736815
-0.30424952000000005,0.0008947545017336124,,0.9538642364777887
-0.4425181589087871,0.0018711133124209092,,0.9006354997489163
-0.24489836140793542,0.0007927070947286305,,1.0
-0.34772478771200466,0.00030478023740766904,,1.0
-0.4057785300000077,0.0009006304413089056,,1.0
-0.567978040166385,0.0009404388714734247,,1.0
-0.5126744000000142,0.0013586956521739644,,1.0
-0.8909356155599878,0.001307873397855089,,1.0
-0.5072860165559838,0.0012283640424343828,,1.0
-0.30936060000000937,0.0020554984583761203,,0.9655631269675689
-0.6327590130579106,0.0024816936793406576,,0.9767268918171941
-0.2988143999999646,0.0014459224985540788,,0.9408561616626396
-0.30405759999999576,,,0.9485632064414735
-0.40489439999999777,0.0019825535289452836,,1.0
-0.393579048816001,0.0032188841201717163,,0.803816640909891
-0.4003777400000085,0.0002087029114055332,,1.0
-0.2616095669759775,0.0004968107952178902,,1.0
-0.5263358715359518,0.001065672039429822,,1.0
-0.44639994640634073,0.0013138195484127568,,0.9767268918171941
-0.18919179999997615,0.0014234875444840264,,0.803816640909891
-0.3191159087999688,0.001116071428571471,,0.8844463951797011
-1.4444462232959743,0.0036264732547597496,,1.0
-0.3853440207359997,0.0007229612492771197,,0.9408561616626396
-0.5515539363999631,0.0012290502793295976,,0.9538642364777887
-0.39908454205699984,0.0008255870841487252,,0.9767268918171941
-0.24159593285517603,0.0011155734047300632,,1.0
-0.32537878070399895,0.0007923930269412756,,1.0
-0.3065439777279829,0.0004646542331602314,,1.0
-0.3793415049863894,0.00031311971610481417,,1.0
-0.6001148649040056,0.000525053400317382,,0.9832550719269219
-0.6918828729119975,0.0016787912702852592,,0.9941792645506533
-1.1155712153825803,0.0017974835230676841,,1.0
-0.5697246384479915,0.0018276762402088208,,1.0
-0.46157804367997546,0.0014889261120416583,,0.8844463951797011
-0.5593618311640114,0.0016752289479562842,,0.9538642364777887
-0.5584896622079799,0.0017336030049118446,,0.9408561616626396
-0.40086895999999017,0.0014508928571429142,,1.0
-0.9776481113599329,0.001808318264014468,,1.0
-0.5785658040831976,0.0013301409949455023,,1.0
-0.40506209999999077,0.00020861583394171532,,1.0
-0.3602480134399744,0.0011049723756906497,,0.9485632064414735
-0.6458011037026479,0.0004590103736344138,,0.9815327986941771
-0.3433201873759887,0.00026567481402771153,,1.0
-0.13242375056064948,0.0013454925997906204,,1.0
-0.3658643889119942,0.00024022292687610465,,1.0
-0.3350915801279989,0.0007923930269412756,,1.0
-0.4087367713919715,0.00045146726862297515,,1.0
-0.30145379999997246,0.0005888847994112138,,0.9459117871664117
-0.3037875200000033,0.0007809885083119869,,0.953016273581266
-0.19429794911997758,0.001043024771838361,,1.0
-0.3116929199999911,0.002070822116380262,,0.971761657531833
-0.38528219999997115,0.0013474196317847889,,0.9832550719269219
-0.3774628846455924,0.0014489522960320022,,1.0
-0.4045111399999769,0.0019440705847166128,,1.0
-0.40587399999998464,0.0005220569042025005,,1.0
-0.6721728741479501,0.0009968102073365979,,1.0
1.0357375397712523,0.012228639713204498,,0.8027384039314236
-0.28032619476799714,0.0002886419396738028,,0.947823897239083
-0.6366847436940399,0.0012871590560833259,,0.9815327986941771
-0.886279785895972,0.0013556258472662058,,1.0
-0.6017265582327602,0.001338538761851591,,1.0
-0.20644339999999,0.0012709030100334297,,0.8349346942774825
0.044128838368874046,0.004752330469749674,,1.0
-0.6000951451439261,0.0009135347383603435,,1.0
-0.5251065529776079,0.001787709497206631,,0.953016273581266
-0.1155337575200017,0.003220093382708079,,0.9287699380212806
-0.44578713463197417,0.001326357674452895,,0.9459117871664117
-0.2180549688757045,0.0009471432936144275,,1.0
-0.5958021657055749,0.0009400459578023069,,1.0
-0.832730599479979,0.002380952380952339,,1.0
-0.31243239999999994,0.00020751193193614987,,0.971761657531833
-0.29954999999999266,0.0,,0.9432117848334887
-0.08785587573599955,0.003217733285663253,,0.8003216652416116
-0.33147401003200916,0.00028864193967396306,,0.9210075698704439
-0.32584558564794613,0.0015634883693174384,,0.9832550719269219
-0.38451070491917144,0.0002087029114055332,,1.0
-0.4916975846223073,0.0014974543276430757,,1.0
-0.4032875136705408,0.0005499373682442135,,1.0
-0.46558681857598233,0.00046533271288962797,,0.9961112606687198
-0.5124040254399791,0.00078267675450045,,1.0
-0.4312335999999478,0.0,,1.0
-0.4815327166319818,0.00044834432844438355,,1.0
-0.3396122681743865,0.0007804660497267509,,0.9565263773371406
-0.4424245306415786,0.0004455831569566489,,1.0
-0.30922061872637796,0.0006682258603408453,,1.0
-0.6042433540063643,0.011412845521874576,,0.9287699380212806
-0.19042849613599713,0.000356323630937855,,0.8349346942774825
-0.6051211460639913,0.00020868113522529472,,1.0
-0.335257180127964,0.0011881188118810573,,1.0
-0.6117045747119865,0.0020746887966805573,,0.9444629863690488
-0.30533880000001634,0.0012257633162469244,,0.9565263773371406
-0.20641119999999638,0.0004900432129014354,,0.8349346942774825
-0.29241991999998634,0.0029231570095703697,,0.9287699380212806
-0.22522228192799282,0.0005010020040079608,,0.9432117848334887
-0.31063670501597507,0.0004328379743182325,,0.9210075698704439
-0.2998371746079437,0.0005215123859192528,,1.0
-0.3878472837119592,0.0007127583749108266,,0.8003216652416116
-0.6417283269839047,0.0003698268971522339,,0.9907170035694334
-0.4311087291966097,0.0005980861244018635,,1.0
-0.2520431602559684,0.0011885895404121333,,1.0
-0.3363260817839705,0.0005922842964623091,,1.0
-0.4312335999999478,0.0,,1.0
-0.3000395999999769,0.0,,0.9444629863690488
-0.2777447561696007,0.0010716800881839772,,1.0
-0.30039680000001096,0.000167084377610675,,0.9432117848334887
-0.5886496453119437,0.0009448011914101848,,1.0
-0.9125580160399649,0.0022563176895306378,,1.0
-0.34403374467836983,0.0003130870381966421,,1.0
-0.15179720647680545,0.0038275985805989255,,0.9260937151368291
-0.2093249525241397,0.00122406512026449,,0.9951401643102995
-0.4571248401279658,0.0011540680900171839,,0.9213177637383293
-0.4317869982069639,0.0005979967110180391,,1.0
-0.39697310275997055,0.0005489522172895158,,0.9908600990451201
-0.36068459857835006,0.0004660918200885385,,1.0
-0.3933283199999535,0.0005570409982174075,,1.0
-0.2983754599999905,0.000445881172667435,,0.940665933065097
-0.4016983999999547,0.0,,1.0
-0.7536984799679818,0.0015854141894570408,,1.0
-0.5808286838479355,0.00044563279857411147,,1.0
-0.4015935999999768,0.000782268578878807,,1.0
-0.20634679999998295,0.0005347355287197743,,0.8286052641920657
-0.10565093260803349,0.001998183469573097,,0.9933064604823577
-0.348646387711947,0.00025606555278164303,,1.0
-0.3055457999999765,0.0,,0.9566707225952146
-0.4015261677143317,0.0007973951757592464,,0.9961112606687198
-0.2815049951769838,0.0010463378176382753,,1.0
-0.29266012000000985,0.0033976895710916164,,0.9289332845976807
-0.289833573119995,0.0005572893446276694,,1.0
-0.4078099199999585,0.0002087246921309982,,1.0
-0.05428716726397846,0.0014295925661186972,,0.8067214389710331
-0.2854054587526045,0.0005982650314089935,,1.0
-0.373775620064015,0.0005763688760807882,,0.9213177637383293
-0.7736202309143695,0.0015607580824971647,,0.940665933065097
-0.4284599999999571,0.0,,1.0
-0.30596397407996523,0.00052164840897244,,1.0
-0.3585432101759929,0.0007593629451132463,,0.9499023782992594
-0.27867599135997034,0.0006867345770859823,,0.9562292665886255
-0.18099174772800858,0.0010926971407756946,,1.0
-0.730848082799949,0.0018972614999105783,,0.9908600990451201
-0.15587961566636838,0.00310559006211189,,0.959069888694415
-0.15616496271597588,0.0023994811932554496,,0.847165090722874
-0.6086641628879776,0.001248411619145289,,0.8286052641920657
-1.0002560060387928,0.002910806753071691,,1.0
-0.4027631999999698,0.000952641794777121,,1.0
-0.47040641689600227,0.0008484343984121254,,1.0
-0.4042030279999879,0.0011612982091560068,,1.0
-0.4808370453599926,0.001296082949308773,,0.9240221969578188
-0.49026372220961456,0.0005319502626504205,,1.0
-0.40185467999995805,0.0005563591854902455,,1.0
-0.19413843487085164,0.0010458688181682447,,1.0
-0.48213226565997896,0.0006261740763931394,,1.0
-0.19102819999998633,0.002863278453829717,,0.8067214389710331
-0.15318331403515795,0.0016587186398507915,,0.9619630362907725
-0.5172720510719846,0.001398395525134329,,0.9504539410344652
-0.3030416399999891,0.0012250807439581131,,0.9505780201979293
-0.5154839999999484,0.0,,1.0
-0.31869680057600147,0.0005313308065601414,,0.9499023782992594
-0.278819991359972,0.0008009153318077429,,0.9562292665886255
-1.1038302144143584,0.0057241213673845754,,0.9289332845976807
-0.6141511970663666,0.0009389671361501602,,1.0
-0.482030744471997,0.0013233348037053549,,0.9320612481298556
-0.7474563866639832,0.0018112703916870652,,0.974865525087538
-0.6274912545279722,0.0011357819298693415,,1.0
-0.7834576133999633,0.003717472118959074,,0.9677040391018803
-0.7924500907199893,0.0018257694314031778,,1.0
-1.2185694695119444,0.0027624309392264342,,1.0
-0.3583768364319918,0.001470391658869191,,0.8286052641920657
-0.8490813080383894,0.0009968102073364133,,1.0
-0.5614087236155711,0.0022434938677834662,,1.0
-0.45606795907199715,0.002559252253254666,,0.9278739070790283
-0.6396000787199975,0.002107481559536356,,0.9694019290624142
-0.7458284442495887,0.002002447435754807,,1.0
-0.5161344276479702,0.0015020533388727265,,1.0
-2.4840174900822465,0.004194605186613996,,1.0
-1.8892323089199077,0.0040540540540540074,,1.0
-0.5621264587519781,0.0037531613555893133,,0.9342105963438962
-0.6384946070159765,0.003927168868261299,,0.8100028845859824
-0.6259500513599927,0.0028638375423066646,,1.0
-0.7120080950400101,0.005146386093321126,,0.9557572679933586
-0.31266599999999123,0.004466631634261667,,0.9694019290624142
-0.3873337999999519,0.0020772992735389032,,0.974865525087538
-0.29473200000000876,0.0012456950245473824,,0.9320612481298556
-0.3337737303599908,0.003248703856166929,,0.8362509635572307
-0.5925771417215783,0.003121098626716694,,1.0
-0.2794655907839822,0.001532180837659374,,0.9342105963438962
0.7767389067296792,0.006896551724137977,,1.0
-0.3068450989951898,0.0009984468604393915,,1.0
-0.4561417998728063,0.0037462139327275484,,0.9345017726252
-0.31640400000000224,0.0011373976342128967,,0.9557572679933586
-0.23645006425942036,0.0018599262127634375,,1.0
-0.26855279637498686,0.0017843866171003506,,1.0
-0.49527771946394694,0.00826446280991732,,1.0
-1.3050388574399356,0.003986951794128271,,1.0
-0.410836399999956,0.0005188067444877652,,1.0
-0.3124200000000066,0.0005247966413014379,,0.9694019290624142
-0.21409692699595934,0.007885453413571391,,0.9619630362907725
-0.3873705999999931,0.0005698005698005914,,0.974865525087538
-0.2947536000000042,0.0004394960445355508,,0.9320612481298556
-0.3322559769599698,0.000896458987001445,,1.0
-0.30672837782399354,0.003512725344644769,,1.0
-0.2944535245519842,0.002132196162046871,,0.8100028845859824
-0.08441047112796381,0.0011746280344558436,,0.8457053640364319
-0.08226133948718947,0.0016602102933037585,,0.9278739070790283
-0.262901116632,0.00337690199038561,,0.8153125794805763
-0.16304849244001,0.000323774283071092,,0.8063596181515265
-0.18907744146716804,0.0009668063164678563,,0.8689227263119438
-0.1663883520223915,0.0005548773721008587,,0.83226643143465
-0.36289919078395977,0.0005264081417793248,,1.0
-0.21895770275998802,0.0011755051345177757,,0.8362509635572307
-0.2956594483506135,0.0005953266855187574,,0.8637008475537913
-0.46117279041120507,0.0006231176653858603,,1.0
-0.14424761669199265,0.0005551854319342049,,0.83226643143465
-0.593781339707706,0.0017099758771260182,,0.9868236410303282
-0.19105059999999177,0.0,,0.8084501302058087
-0.28187199999998647,0.0,,0.9032034161552281
-2.24609416501118,0.003093721565059208,,1.0
-0.19857167999998782,0.0004631161098245897,,0.8287703271437733
-0.10990400861436292,0.0014614541468761836,,1.0
-0.19118159999999595,0.0,,0.806382996396075
-0.14805416692127693,0.0008935219657483141,,0.8637008475537913
-0.17547409465441757,0.005413012882970661,,0.9218724547962753
-0.11769403860476968,0.0011895106785617673,,0.9218724547962753
-0.24857101295999584,0.0005552213945310081,,0.8063596181515265
-0.15286718713599148,0.0010381520892811095,,0.8494942789903377
-0.36507043849598586,0.001568627450980437,,0.8457053640364319
-0.33475729647357466,0.0018042399639152309,,0.8689227263119438
-0.8013851056127732,0.007884310618066529,,0.8153125794805763
-0.15037798761598545,0.0008077928248990001,,0.8226175123920446
-0.24203896697903787,0.0014631915866483575,,0.9868236410303282
-0.20130637349981842,0.0017881090746535327,,0.8637008475537913
-0.2418025992479984,0.0005193456245130563,,0.8449009077690844
-0.12206761136878586,0.0009993337774817537,,0.83226643143465
-0.14064358531197643,0.0007844442331463642,,0.8225923156855512
-0.12439018075200696,0.0007836990595610423,,0.8457053640364319
-0.6503834344184569,0.0017696414950419564,,0.9870242104185548
-0.06265433932797745,0.001793721973094172,,0.9032034161552281
-0.1920345284231743,0.00039703546850188253,,0.8287703271437733
-0.2982361200000264,0.00249146942533705,,0.9387688561106209
-0.19118159999999595,0.0,,0.806382996396075
-0.12355934401437992,0.002418730650154776,,0.8853339541442187
-0.13424750406398495,0.0006616382162232962,,0.8345614846548616
-0.2742049799999833,0.002062786050409336,,0.8853339541442187
-0.19030000000001018,0.0,,0.8063596181515265
-0.08076727424797814,0.0041296310862896065,,0.8000419047696724
-0.3643136383039834,0.0018210197710717439,,0.8449009077690844
-0.16754399351999047,0.0005549132947976267,,0.8166426961119548
-0.5105017258563029,0.0019411676870240394,,0.8756901755631487
-0.11160208092000382,0.0008316699933465485,,0.8080975735713047
0.6418298968712058,0.00748584991783822,,0.997253060879544
0.10513551714561542,0.003298969072164957,,0.8148273439095357
-0.18857393275774167,0.0010429082240762905,,0.8756901755631487
-0.22923235875916886,0.003116883116883092,,0.9870242104185548
-0.1841369744752008,0.0012220864348405618,,0.8528509065761909
-0.48365489793596084,0.0004492362982928526,,0.9098384063274195
-0.3407012938055698,0.0009257422469086902,,0.8345614846548616
-0.3289818292319987,0.001568627450980437,,0.8520582431314307
-0.3242145560639945,0.0016647640791476474,,0.8225923156855512
-0.20060800000000445,0.0002392153735746388,,0.81784338662487
-0.5944884770879827,0.0022192203782324268,,0.8853339541442187
0.3690104691208296,0.006771653543307084,,0.8000419047696724
-0.3243828960000114,0.0004997501249374762,,0.8078533632740107
-0.12056779754878458,0.002593473092716761,,0.9387688561106209
-0.27198018799999324,0.0005966587112171336,,0.8824434990820946
-0.095943492119993,0.0015678218089419476,,0.9334081893788612
-0.2877845493367964,0.0011113580795731161,,0.8528509065761909
-0.19335999999997922,0.0,,0.8148273439095357
-0.6411356098752177,0.0015298941313260977,,0.9870242104185548
-0.31106042553600044,0.0010403120936281181,,0.8449009077690844
-0.38728544000000964,0.0,,0.9949438900301153
-0.06284593865597851,0.0017969451931716099,,0.9098384063274195
-0.26780753880000485,0.0005089529449866547,,0.8166426961119548
-0.18836849371197165,0.0007794232268122173,,0.8458049163013277
-0.28779301944,0.0007833920877400449,,0.8515190440062861
-0.1738481254359996,0.001966346463799882,,0.8903996481384486
-0.2476056109439817,0.0005584534404296176,,0.8291293596729757
-0.9930016930039613,0.0030051263920805467,,1.0
-0.4067538267119799,0.001616379310344889,,0.9334081893788612
-0.33659026763597016,0.0,,0.8273099375050997
-0.13293718627199214,0.0007864180968682217,,0.8036319169008421
1.1076863158817147,0.002561287961946703,,0.997253060879544
-0.21026240230399532,0.0003189589180914224,,0.81784338662487
-0.23073836553438093,0.0004441976679622251,,0.8543230077419379
-0.7065154679277115,0.001863619699376832,,1.0
-0.3127474217454265,0.0008953887479480568,,0.8824434990820946
-0.11341618055999333,0.0008329168748957938,,0.8165299528986871
-0.4170562310559902,0.0009000900090010009,,0.9163245781260819
-0.28787401943998303,0.0007830853563037508,,0.8515190440062861
-0.12350505696800423,0.0017774426370784449,,0.9497026252307301
-0.2407521099023825,0.0004137360364087543,,0.8315837197159024
-0.209314633980004,0.0009024979854955259,,0.8903996481384486
-0.2954166231839872,0.0009722222222222179,,0.8181086762770033
-0.8041375885607858,0.0020896215463199396,,1.0
-0.17808699361599473,0.0005197505197506068,,0.8458049163013277
-0.27010236729200565,0.001124859392575951,,0.8273099375050997
-0.15404398848000417,0.0007362808317598016,,0.8291293596729757
-0.19395383819616002,0.0011934954497986267,,0.892329692275105
-0.18033966038956584,0.002165624523410065,,0.9949074077175398
-0.21156339009837655,0.0013325930038866752,,0.8460966675217736
-0.08449067112799143,0.0011741682974560567,,0.8456527065895364
-0.1003679738879869,0.0007798284377436106,,0.8573425363175451
-0.14745118727036752,0.0005289605924360255,,0.8342684011123562
-0.17119655548799087,0.0026515751147696844,,0.8042901531791691
-0.27639526000000736,0.000597193191997561,,0.892329692275105
-0.23409417118318884,0.0010001111234580827,,0.8460966675217736
-0.16654299227197605,0.00032398407849678094,,0.8181086762770033
-0.29445759999997667,0.0,,0.9313335992118807
-0.2035651086871725,0.0011915309645290646,,0.9949074077175398
-0.18388919567998657,0.000499079080268571,,0.8180804205308899
-0.510391257023995,0.00157932056984463,,0.8839587437879766
-0.08425007112801983,0.0011755485893415634,,0.8456527065895364
-0.8051872929224002,0.003656307129798906,,0.861302343301116
-0.5185894341503934,0.001653803748621852,,0.861302343301116
-0.12710558041599068,0.000781657113079643,,0.8573425363175451
-0.20167919999997766,0.000939391417054208,,0.8180804205308899
-0.49785872688639127,0.002904318829667036,,0.9497026252307301
-0.08841637563518343,0.0027721674389132246,,0.8042901531791691
0.19855683749762232,0.0028949545078577592,,0.832488854798179
-0.5289968764079955,0.0017771554741773067,,0.9678977925904771
-0.1296141834399868,0.0010650120392665162,,0.8181086762770033
-0.17052719251200188,0.0005471891133156362,,0.8332333473093657
-0.35694101010958446,0.0011623401782254233,,0.8839587437879766
0.0013694794400319343,0.0022482014388490726,,0.9313335992118807
-0.2669678559359871,0.0008612123219608562,,0.8342684011123562
-0.15581438871996692,0.0004633705574349353,,0.8323764674610195
-0.29581174184959785,0.0011119759813188355,,0.8460966675217736
-0.38001800781477213,0.0014954389113205414,,0.892329692275105
-0.45296798554223855,0.0030294684659873646,,0.9949074077175398
-0.15323461585198428,0.0005554938340185353,,0.867085292553729
-0.17845520543638,0.0007472724555372584,,0.9112724696189174
-0.3485586023999855,0.0011769321302470262,,0.8456527065895364
-0.08909322246000193,0.0011252316653428877,,0.8435071940197167
-0.12430911799197913,0.004595151323086652,,0.8133474148635564
-0.48153605068797933,0.0015637216575449294,,0.8772258804653613
0.9068640364084096,0.015448986160283208,,0.9678977925904771
-0.28746142030398425,0.0008344149823844807,,0.8323764674610195
-0.2953036843007934,0.0020025839793280883,,0.8934834363536467
-0.23096638387199014,0.0004506534474988238,,0.9395626146812663
-0.6352405776879831,0.004725747358360403,,0.9718767139415899
-0.1529623058879922,0.0005551854319342049,,0.8658999110468326
-0.3330333295919987,0.002352941176470547,,0.8597612385026792
-0.8837650054559928,0.009194673430564319,,0.8133474148635564
-1.573333031452811,0.0028740903809698097,,1.0
-0.20358483999999683,0.0,,0.8430280268955879
-0.17652359395199668,0.0013216803200610141,,0.8332333473093657
-0.18154128254266005,0.001189749847467993,,0.9998219632273537
-0.26977859999995824,0.0,,0.8772258804653613
-0.30512027430000616,0.0011262753411952,,0.8435071940197167
-0.14582998319999668,0.0006484483557201695,,0.8661733732955841
-0.1666299908800004,0.0003713330857778689,,0.8450924941939714
-0.2446659736910351,0.0002986411826189933,,0.9170055204862269
-0.16775588783200035,0.00046405920919552934,,0.8473268181180038
-0.05525312817358055,0.004306449040353035,,0.9718767139415899
-0.5153266572607687,0.001034393586759763,,0.8628955880047576
-0.5152128654000157,0.004959422903516736,,0.9483533841485514
-0.12179425262641064,0.005655042412818084,,0.8165822741139632
-0.20159645137630455,0.0007468259895445352,,0.9170055204862269
-0.14114350306560913,0.0007774322523323037,,0.8658999110468326
-0.16437327472797256,0.000780640124902334,,0.8762199204782999
-0.061987746030377794,0.0013899000595672495,,0.84291611436014
-0.16920839011198213,0.0007833920877398275,,0.8621041670859089
-0.21102516933046386,0.00131325779555939,,0.9998219632273537
-0.30085502039999656,0.0007878759790517841,,0.8661733732955841
-0.49404164392959526,0.005966015021573561,,0.9718767139415899
-0.14753498631997863,0.0007429420505200436,,0.8450924941939714
-0.3531689198111935,0.0,,0.8546512817671171
-0.30195669240000483,0.0008853069572915731,,0.9487653097634141
-0.3217612652543952,0.0012841091492775852,,0.9863658686903392
-0.27074532412398916,0.0007777777777777847,,0.8658999110468326
-0.29284961977598273,0.0011750881316099587,,0.8621041670859089
-0.3020191999999761,0.0004496402877697346,,0.9483533841485514
-0.38092213899999205,0.001917990993781437,,0.8473268181180038
-0.19563967999998017,0.0,,0.8209433315073809
-0.30456270842400146,0.0002605523710266923,,0.8762199204782999
-0.23744475809999435,0.0008617261036724048,,0.84291611436014
-0.30820679999995887,0.0003349522693017736,,0.9623505585903969
-0.21143500503998877,0.0011035903472631377,,0.8029215864555188
-0.14757298631996726,0.0011150343802267659,,0.8392950351199915
-1.0748355012263822,0.009420631182289266,,0.8165822741139632
-0.2792496172799917,0.0006950558361521972,,0.8439415989087191
-0.4045675049199772,0.00513946142727131,,0.9863658686903392
-0.20888903999999672,0.0,,0.8578672180381348
-0.16268053167199578,0.0003868335912223906,,0.8247967294651715
-0.25489897111678794,0.0009995557529987422,,0.8567616246235059
-0.2901696195839938,0.0015655577299413363,,0.8556817779616136
-0.35091561545598526,0.0004496402877697346,,0.9140644681074932
-0.1736879919359952,0.00032413409890727214,,0.8439415989087191
-0.1483999899199875,0.0008820935019112686,,0.8029215864555188
-0.2694977999999979,0.0005209690023443031,,0.8759780323273177
-0.2788766278727933,0.000728911271618839,,0.844594529858248
-0.3618601085688383,0.0011896772619119206,,0.9487653097634141
-0.22353500455997702,0.0007432181345224665,,0.8392950351199915
-0.18354911666880638,0.00014061730999080538,,0.8247967294651715
-0.3582915586879989,0.0004494382022471415,,0.9140644681074932
-0.30430933900796997,0.00023159942563350178,,0.8439415989087191
-0.12737411056239645,0.0007770870337476326,,0.8567616246235059
-0.14997058369033356,0.0014633700192067123,,0.9290339727209762
-0.128881956320005,0.0011701771982613222,,0.968570735116566
-0.14354617942921324,0.002093301435406717,,0.9119421677517029
-0.1608370089695778,0.00044439506721488995,,0.8523243570402297
-0.06884380755200299,0.001324327903588783,,0.844594529858248
-1.23011006358238,0.004539870747209436,,0.9863658686903392
-0.15871438564799017,0.0018199985725502082,,0.8485392671091232
-0.14130898823999188,0.0008825476207987718,,0.8029215864555188
-0.20243223523326276,0.0005987127675498474,,0.9200953497604649
-0.11521997599999517,0.0018577001671930414,,0.8487620614717251
-0.08385772699199817,0.001566579634464688,,0.9968163120378284
-0.16317520705677344,0.0011603762061806174,,0.9290339727209762
0.2748234325200123,0.003519749706687354,,0.8556817779616136
-0.19590255482557675,0.0025214592274678048,,0.9740018241740325
-0.12396717889920354,0.0014516798009124973,,0.8664469944346485
0.048923884240008375,0.0026048450117218047,,0.8759780323273177
-0.439054604832793,0.002749830157549005,,0.8628955880047576
-0.1452323567040497,0.0022492127755285173,,0.9235148974452605
-0.09412345283997575,0.0013513513513514024,,0.9235148974452605
-0.14596916417439038,0.0006221484861053971,,0.8664469944346485
-0.37532003839998457,0.0016734845667533713,,0.8487620614717251
-0.25044961036799485,0.000555967383246994,,0.8473671634922466
-0.19445997177597718,0.002693820376057324,,0.9700299949237814
-0.35661640703918995,0.0015270216438720487,,0.8388977039919958
-0.35157723599999546,0.001668096463635504,,0.8331899996484129
-0.5408578165615587,0.0022228033472801987,,0.9968163120378284
-0.4111107488399843,0.0015698587127156824,,0.8528619593428531
-0.1870868941199764,0.00023155652294732875,,0.856838078387484
-0.5221452598079739,0.0018276762402088208,,0.8834145875636706
-0.6963480960479855,0.0,,0.9349009436595758
-1.1850913012556596,0.0023977221639443114,,0.9200953497604649
-0.5822697492239972,0.0014460511679644618,,0.8523243570402297
-0.11163945190397798,0.0020350238312001044,,0.9700299949237814
-0.2550643334359729,0.0007476076555024915,,1.0
-0.2864359757599878,0.0005212405525149283,,0.994773897059408
-0.23332140849598526,0.0003577817531305509,,0.825986439078768
-0.4048034279839623,0.0013249907986750268,,0.9152241338109011
-0.45420259489197046,0.0017881306785231229,,0.8702820112935186
-0.41784608784680927,0.002105070474098445,,0.9352894537965808
-0.2079805457343982,0.00044444444444442636,,0.8720141010378176
-0.26668040000001586,0.0009168114263655555,,0.8702820112935186
-0.1857629954399973,0.0007425283088917607,,0.845864010663355
-0.14701828283998952,0.001058855721984922,,0.8469557051346656
-0.29557638000001496,0.0010364905648874356,,0.9352894537965808
-0.2206999232927809,0.00046403712296974966,,0.8519069339272468
-0.937341500183918,0.0032986551636639983,,0.8867198343260188
-0.12695358036796717,0.0011750881316099587,,0.8576489905049857
-0.22465638473594746,0.00044117647058834996,,0.9152241338109011
-0.2261584018719902,0.0005594105954746902,,0.8469557051346656
-0.08865896817598695,0.002145922746781078,,0.825986439078768
-0.2958372000000015,0.0004500450045004005,,0.9349009436595758
-0.3869309999999989,0.001043024771838361,,0.994773897059408
-0.08326857040798108,0.0011930801352158379,,0.8519069339272468
-0.2735067999999947,0.0035443037974683855,,0.8867198343260188
-0.21121239999998473,0.0,,0.8642159804491983
-0.23113300470400466,0.00018533104758372605,,0.856838078387484
-0.37215965279995916,0.0005020080321284587,,0.9669338942364737
-0.29587950251997297,0.0003678363863752998,,0.9090055743057099
-0.16805899016000575,0.001176009408075135,,0.8576489905049857
-0.22376300455998976,0.0001855976243503714,,0.845864010663355
-0.2911202870000175,0.002411992794553158,,0.9256554774780263
-0.2905579999999679,0.001350742908599781,,0.9238000717345431
-0.1968280964720095,0.0001852967063510242,,0.8598065780225504
-0.16126220397118182,0.004228442969544463,,0.9700299949237814
-0.13454533927997445,0.001304801670146139,,0.9947209685846875
-0.46878760665149355,0.0008987417615338421,,1.0
-0.21625108176158675,7.026666198229282e-05,,0.8576832497127571
-0.29129994239996476,0.0008555888284543748,,0.9256554774780263
-0.3362373343440039,0.0014807502467916666,,0.8055926511951979
-0.40349677119598565,0.0005561735261402489,,0.8602604210656424
-0.19760279999997765,0.0003581661891117084,,0.82642767380464
-0.34592833866236805,0.0015468651810315328,,0.8731819502373289
-0.3802350316799422,0.0006620567897601154,,0.9090055743057099
-0.49442889839994175,0.00045024763619986034,,0.9238000717345431
-0.4903197243360113,0.0009127656800104397,,0.9975992315780619
-0.18256352130157918,0.00653209830272527,,0.9585842290750045
-0.2658711999999808,0.0,,0.8684934542740577
-0.3058175999999592,0.0,,0.9571470972406366
-0.209168697815989,0.0005837294354503245,,0.8420472713242741
-0.15146491599599626,0.0006672597864767639,,0.8602604210656424
-0.23114134649919987,0.0004645298294512874,,0.8441900927999464
-0.23544176356799912,0.0007836990595610423,,0.9947209685846875
-0.12577878051199617,0.0011769321302470262,,0.8513684957189427
-0.10623956112000363,0.0012078461687119529,,0.8731819502373289
-0.3128594028461037,0.0033923168607315713,,0.9256554774780263
-0.0912965745119724,0.0010748835542817,,0.82642767380464
-0.28511699999998275,0.0016187182694429988,,0.9090055743057099
-0.14230772016143836,0.0038922155688622725,,0.9258499800073786
-0.2544256087359936,0.00226335977890546,,0.8420472713242741
-0.20385823999999675,0.0012610340479192654,,0.8441900927999464
-0.567374462975986,0.005565664133576048,,0.9585842290750045
-0.5571614983495953,0.004639339053066466,,0.8809723067776553
-0.15953916851197927,0.0009021199819577013,,0.9238000717345431
-0.11357368091998296,0.0008238589553468758,,0.8055926511951979
-0.2804209233695667,0.00010540739959936227,,0.8697455613044044
-0.40864717336796264,0.0003243293332714177,,0.8598065780225504
-0.5326051297420853,0.0017999100044997537,,0.9258499800073786
-0.3151614652287879,0.0017817371937638472,,0.8602604210656424
-0.3683807869463622,0.0026970954356847535,,0.8684934542740577
-1.0768525759999852,0.0018440463645943408,,0.9463302484183821
-0.32875169236000057,0.0013170892327954986,,0.8058504393598018
-0.38198820000000155,0.0026798156286847465,,0.9842651109433771
-0.14566638732798018,0.0007318209034661346,,0.8207792848073885
-0.41018184871998975,0.00274725274725288,,0.8513684957189427
-0.23667259255998058,0.0002316101537892195,,0.8712115540835074
-0.127513714299997,0.0035449768943468835,,0.8918995472791503
-0.5729811130943854,0.0023686373084544914,,0.8731819502373289
-0.37576754259999473,0.002510760401721786,,0.82642767380464
-0.6132108504959908,0.0020925974365682003,,1.0
-0.057959949599969474,0.001566170712607719,,0.8728572230352958
-0.37843460000000284,0.0,,0.9772928511411832
-0.15115598982397146,0.001368962873726957,,0.8058504393598018
-0.739273798917002,0.0018985209909053553,,0.9522483569354893
-0.40132010110396765,0.0012262780674809441,,0.8595441677706812
-0.6496266507640043,0.0022462295432667447,,0.9842651109433771
-0.23192338382399322,0.001350742908599581,,0.942229251095231
-0.2698758400000234,0.001688292894698733,,0.8779736197750538
-0.5811815477887996,0.0010428888019814462,,0.9848092175053131
-0.301459536799183,0.00020746887966811332,,0.8845807087312424
-0.16872054994878283,0.0004641294258055081,,0.8620496239990771
-0.1954543319400325,0.0011114816049794694,,0.8792890298255257
-0.14415996159999894,0.0013150973172015618,,0.9463302484183821
-0.2268185845919617,0.0008822880670539591,,0.9230387064168566
-0.1442622822159868,0.0006426735218509241,,0.8595441677706812
-0.13624611787843807,0.0011627906976743763,,0.9522483569354893
-0.29649735599997873,0.0011970671853958094,,0.936360566500225
-0.37894179999996647,0.001340257999664974,,0.9772928511411832
-0.31583952991357067,0.0005966982695748789,,0.8620496239990771
-0.057749949600013645,0.001958480219349786,,0.8728572230352958
-0.19403119894399673,0.0004654461633937221,,0.8207792848073885
-0.09265370590000538,0.00335549224438115,,0.8918995472791503
-0.27050771999997814,0.000667631022588233,,0.8792890298255257
-0.0910773670719986,0.002148227712137449,,0.8426545515204286
-0.28859644799996964,0.0011965300628178574,,0.9198433799252023
-0.5046513674080118,0.000324314306893857,,0.8712115540835074
-0.1837199711999806,0.001052908660173731,,0.9463302484183821
-0.319083636772783,0.0004653327128896972,,1.0
-0.05396429859918492,0.0015956675209129758,,0.8734462946822135
-0.17049687485759857,0.0020273694880891214,,0.8901745569288004
0.09179302677600623,0.0014342058085333668,,0.8393569599279886
-0.17105544310954746,0.0012272950417279937,,0.9520597582745995
-0.1914335976960006,0.0008588196001717965,,0.8355855714157367
0.26097755254943844,0.004437483685721689,,1.0
-0.45500175550402766,0.0003242692361141895,,0.871693267311385
0.25843215360004546,0.003348961821835234,,0.9834384375329013
-0.20759040000000512,0.0015704750687081115,,0.8547106551267473
-1.4647523059567646,0.005823893994443275,,0.985604309419678
0.24048332940803666,0.0036036036036036067,,0.942229251095231
-0.2052688200000043,0.0021912350597611202,,0.8490686427482559
-0.816332696311957,0.002518615856329357,,0.8058504393598018
-0.35553997516797814,0.002229902999219598,,0.8591544082599765
-0.39395399999999686,0.0023584905660376217,,1.0
-0.2881572680000247,0.0031512605042017085,,0.9198433799252023
0.774792325562917,0.008919311346193731,,0.8789118405121982
-0.29401919999996134,0.001356238698010901,,0.9297778817613621
-0.19707839999999346,0.0012620027434842077,,0.8210224706029497
-0.3472930177826202,0.0017500767577524694,,0.9520597582745995
-0.229993403120008,0.0018548657316546232,,0.8355855714157367
-0.20777199999998322,0.0007867820613689142,,0.8547106551267473
-0.0946681683199754,0.0032315978456012792,,0.8393569599279886
-0.2056506999999744,0.0005992010652463831,,0.8490686427482559
-0.11876716428798823,0.0011116772430403148,,0.871693267311385
-0.39481959999997507,0.002100288789708499,,1.0
-0.2933551999999832,0.0018099547511312233,,0.9297778817613621
-0.07892525807036574,0.0036434296818071412,,0.8734462946822135
-0.031867916115206146,0.005324298160696895,,0.985604309419678
-0.5555423470464183,0.0049996835643312774,,0.8901745569288004
-0.38035153999999816,0.0004177545691905835,,0.9821262651048497
-0.2966499999999771,0.0008016491067338151,,0.9251736879817385
-0.29513802000001516,0.0008933556672249156,,0.9340789132972019
-0.19352498199997384,0.000558451228592724,,0.874078866879462
-0.3033856000000129,0.0005904930617064599,,0.947565850596175
-0.23461678444799305,0.0005609783462358717,,0.939968096133516
-0.18002997551997113,0.0010125849848112742,,0.9023554128485392
-0.5402766489535888,0.002721943048576176,,0.8789118405121982
-0.5285727226079737,0.0019180184129767967,,0.8190024659957341
-0.3982247994239897,0.0008499940141266366,,0.9916894504087493
-0.20394560000000067,0.0032385750269879683,,0.8454193397444105
-0.27014960000000054,0.0007870916961825186,,0.8782140330589425
-0.15103406598400088,0.0006694934166479649,,0.8591544082599765
-0.8229522531400184,0.0024320249039350163,,1.0
-0.2714988599999793,0.0,,0.8810175819706878
-0.6097482640799763,0.0002642007926023487,,0.9600813269773308
-0.6023194150079392,0.0017366136034731967,,0.9023554128485392
-0.11454180753276919,0.00543975871169274,,0.8295578592855182
-0.31397300407996764,0.0014904838339830201,,0.9251736879817385
-1.6697639329679002,0.0022634676324128082,,1.0
-0.6390617558077123,0.0019067535982285775,,0.9897012276457631
-0.47394562150395725,0.0005996002664888673,,0.9893364683917113
-0.4007375999999827,0.001017915309446179,,0.9916894504087493
-0.3102879999999821,0.0005282620179609677,,0.9600813269773308
-0.39275036000000607,0.0008735743751516953,,1.0
-0.20465355128399462,0.0024735172339625097,,0.8295578592855182
-0.6766399216617905,0.0008903079237405231,,0.9897012276457631
-0.46801171303197203,0.0002625360987135442,,1.0
-0.6442986905279547,0.0032467532467532895,,0.8454193397444105
-0.16396237446399697,0.0015735641227380467,,0.8782140330589425
-0.15842675268861084,0.0018061408789885399,,0.9198433799252023
-0.12216253797437543,0.0014629049111807863,,0.9821262651048497
-0.09337495799998535,0.0013037809647979193,,0.874078866879462
-0.10205651153600598,0.002258355916892454,,1.0
-0.4796582558399675,0.0007225433526010766,,0.9023554128485392
0.5578089666359869,0.005170565609433225,,0.8891618294414166
-0.3090816023039964,0.0006574200272588281,,0.939968096133516
-0.39468808377437653,0.001117443289753046,,0.9340789132972019
-0.2698863919359954,0.0011077468429213757,,0.947565850596175
-0.19120859870398504,0.0005496015388843704,,0.8190024659957341
-0.4297070103439621,0.0010041280821152835,,0.993070322256282
-0.2968880000000025,0.0011449507671169896,,0.9251736879817385
-0.4967055248119614,0.0007730419199550158,,0.8345328093529075
-0.6066376452620388,0.0021084337349397777,,1.0
-0.6394834520567707,0.0016725904244198973,,0.9821262651048497
-0.6440579795584079,0.0023022185014650266,,1.0
-0.31045199999998396,0.0018523418893887581,,0.9600813269773308
-0.053517351887959974,0.0014281790716836901,,0.8190024659957341
-0.5510016399359802,0.0010654591463008156,,0.9893364683917113
-1.1377324570799914,0.001576044129235591,,1.0
-0.3624221970431478,0.00285225328009131,,0.8891618294414166
-0.24218455023359503,0.003914209115281447,,0.8295578592855182
-0.3990130199999834,0.002624327516074081,,1.0
-0.35716201872000986,0.0011185682326622349,,0.874078866879462
-1.1711588573951999,0.0015873015873015886,,0.8825160862209149
-0.5182651245598588,0.001356238698010901,,1.0
-0.35721601382400797,0.0008334134692438083,,0.939968096133516
-0.40122339999998313,0.0,,1.0
-0.295698680000007,0.0014515408664583283,,0.9340789132972019
-0.2699535919360061,0.0004429024876355901,,0.947565850596175
-0.2704687999999924,0.0007867820613691325,,0.8782140330589425
-0.16807949114398568,0.0025252525252524474,,0.8454193397444105
-0.36784799193600526,0.0011727257497068063,,0.9916894504087493
-0.3930934399999575,0.001164709307968597,,1.0
-0.2784999759999903,0.0005282620179609677,,0.9758467921350469
-0.20076521999997818,0.0,,0.8345328093529075
-0.16001757062398236,0.0008665511265165294,,0.904243152184702
-0.38649919999997784,0.00044563279857395686,,0.993070322256282
-0.3951882799999945,0.0,,1.0
-0.4906949624728667,0.000766894690021159,,0.9897012276457631
-0.1343486529335951,0.003037246230084687,,0.847612322862997
-0.2827500180000082,0.002880806625855322,,0.856078187233273
-0.5051498551199349,0.000916170407695934,,0.9313038365692793
-0.39445626000000245,0.0008727695888285823,,1.0
-0.19892565598080214,0.0007807271916127972,,0.9421869307512908
-0.6739906647084611,0.0012022843402464975,,1.0
-0.8566593225343807,0.0005220296512841355,,0.9913241847451162
-0.6341007389152064,0.0012641383898870492,,0.9968218154032724
-0.9791893352160084,0.0027137042062416227,,1.0
-0.16834997599997792,0.0009310986964619043,,0.8734868743687274
-0.6359422525119947,0.0013119916032537403,,1.0
-0.41446079999994545,0.0013531799729364518,,1.0
-0.3922450191999858,0.0006567776247076029,,0.9707468829535377
-0.42882303815998507,0.0019669551534225037,,0.8760308488351812
-0.5046888247679966,0.0008250825082508563,,0.9991011210153493
-0.3627639135599711,0.0006644518272424518,,0.9552452839468394
-0.6496837774560056,0.0011676786548342232,,1.0
-0.32313600979200424,0.00043358866888289926,,0.904243152184702
-0.8393432419327276,0.0015590200445434435,,1.0
-1.3378557775439375,0.0016704948841093493,,1.0
-0.5897561632516337,0.0024832914341775696,,0.9950857453567663
-0.6290500600000358,0.002908514013749371,,0.9758467921350469
-0.7433879122399493,0.0009154365488043133,,0.9313038365692793
0.2625524485632311,0.004822029059069924,,0.8825160862209149
-0.23189975089916182,0.0003865752943243682,,0.8759929172567105
-0.5472987603177573,0.0013509456619632933,,1.0
-0.48611905413199535,0.0006261087342168892,,0.9913241847451162
-0.3708135338255698,0.005048357955149264,,0.847612322862997
-0.44020519239357603,0.0002657983919198103,,0.9968218154032724
-0.6632393443103883,0.0021336436815051775,,1.0
-0.6062072259999722,0.0005591798695247183,,0.8734868743687274
-0.9283966427039211,0.0005242463958059711,,1.0
-0.6092629487424267,0.0013382402141184106,,0.9421869307512908
-0.2796336725759924,0.0010818608005770734,,0.856078187233273
-0.207312559999997,0.00038642591161385155,,0.8526605696855659
-0.38143699999996467,0.00378283339549261,,0.9832791892083466
-0.2711071999999761,0.0007852375343542737,,0.8797852225961225
-0.3648775126000191,0.0005282958456736428,,0.9592298162479082
-0.47012692042396853,0.0010040040638258408,,0.9805763507651072
-0.37423341627200946,0.0007377895824111789,,0.9527569792380596
-0.657150783839971,0.0,,0.9918101295389663
-0.7180102911839226,0.0011559023262533042,,0.8976770796680149
-0.4113729019070259,0.0007956179809664296,,0.9695910410119741
-0.4679046604287968,0.0004447903925275033,,0.9864859232509866
-0.37930000000001074,0.0,,0.9775722165154431
-0.09678597263997327,0.001081081081081162,,0.8634729354627719
-0.33032802736477423,0.0020285261489699823,,0.8927183710202438
-0.5055544836799857,0.0,,0.9265224476469421
-0.7188324975358977,0.0004514672686231756,,1.0
-0.7515635402304053,0.00020846362309783327,,1.0
-0.5405534279164913,0.0013499325033747502,,1.0
-0.38455900000000465,0.00010428616122636482,,0.9897963743844178
-0.30772014162557737,0.000664407680552714,,0.9888122314040948
-0.43010760910076773,0.0009190287317403391,,1.0
-0.5733343388079954,0.0013102725366876322,,1.0
-0.27924000000000204,0.00037257824143075867,,0.8794049944359662
-0.2775473960735859,0.000556854883617268,,0.9302631304468464
-0.18236833591194468,0.003769978229703072,,0.9790261738725771
-0.41232366000001486,0.0,,1.0
-0.21785398723196364,0.00039246467817913847,,0.8797852225961225
-0.32744000359996167,0.0005281182984987473,,0.9592298162479082
-0.3621763944799551,0.0008719541328237876,,0.9805763507651072
-0.3374000080639966,0.0007373543725113478,,0.9527569792380596
-0.207312559999997,0.0,,0.8526605696855659
-0.3778293199999857,0.0009667907381446736,,0.9776851075245955
-0.3607316193919905,0.001154901111592353,,0.8976770796680149
-0.30182511391435723,0.000489446313857356,,0.9695910410119741
-0.18357691176959406,0.0010446591799425013,,0.9901520812449951
-0.2634799904000046,0.00026364355391507774,,0.9511380166324022
-0.21264160000000512,0.0021645021645021263,,0.8664396451886309
-0.1322400092604072,0.001348314606741492,,1.0
-0.24715206162397152,0.0007853403141361844,,1.0
-0.1431763580479793,0.0008720270447838842,,0.9702918625690424
-0.3953091150847993,0.000889284126278464,,0.9864859232509866
-0.17834697143997935,0.0008003658815458121,,0.9191918308772897
-0.10464731209438269,0.0014589412255106423,,0.9959376763562833
-0.3571569354079643,0.0007794232268121967,,0.9108084965045067
-0.40109796459997915,0.0005440609348247513,,0.9466949890859324
-0.3127371365519719,0.0005771172990911369,,0.8943360780238051
0.01965497763834434,0.004312805226105068,,0.8967980417018543
-0.3786082625279306,0.0005160719551755713,,0.9429079033588755
-0.46083923587519215,0.0003511605857358183,,0.8797417057177241
-0.20116198128000393,0.0011173184357540999,,0.8789647331154498
-0.3576596052791725,0.0006256517205422784,,0.9763214550629702
-0.16591236539197388,0.0009299236134174775,,0.9666458940153986
-0.3439700343199877,0.0014220860909040834,,0.835497699241649
-0.2895710997423431,0.0010705983115135357,,0.9446021173371595
-0.12769958017600241,0.0007852375343540557,,0.8618593567707642
-0.22229246147996584,0.0008382229673093981,,0.9848523559744001
-0.23841393535513888,0.0047147322138052375,,0.9790261738725771
-0.37827135999995765,0.0016462499394761217,,0.9776851075245955
-0.21178079999998461,0.001081081081081162,,0.8664396451886309
-0.2786041599999656,0.0029767559693457354,,0.8967980417018543
-0.29712599999996747,0.0009152270907219879,,0.9191918308772897
-0.1853578714240084,0.0010436234606552807,,0.9959376763562833
-0.22303998079997728,0.00079155672823222,,0.9511380166324022
-0.3539885871839904,0.0010482180293499893,,1.0
-0.5271442055527262,0.0006645843025187014,,0.9666458940153986
-0.5303439333999841,0.0006887603914722874,,0.9466949890859324
-0.5400295170399596,0.0013152702880441863,,0.9702918625690424
-0.6448647429223875,0.0028018608585324654,,0.9790261738725771
-0.27838500000001093,0.0004330254041569962,,0.8943360780238051
-0.4077794400000147,0.0,,1.0
-0.2790319999999904,0.00018632383081805694,,0.8789647331154498
-0.49818674993980666,0.0016499175041247525,,1.0
-0.7594764580759551,0.00031279324366596025,,0.9763214550629702
-0.4035761327975822,0.0008896797153024548,,0.8605800486207387
-0.3510244984399865,0.005532124664512241,,0.835497699241649
-0.32806873370875317,0.0005268703898840305,,0.8797417057177241
-0.44021717577596015,0.0007855459544384662,,0.8618593567707642
-0.7339748344559128,0.0010328292143121122,,0.9429079033588755
-0.34087693639997235,0.0025296964364275943,,0.8289553883078022
-1.6161462551863743,0.0029090909090910195,,0.9776851075245955
-0.6093520017575702,0.0019285761787589592,,0.9666458940153986
-0.9409745499791657,0.0027156883225401746,,1.0
-0.03217399902227444,0.002356974501821281,,0.9446021173371595
-0.30189798012798275,0.0009205791279606469,,0.9900913296668608
-0.32550718425596115,0.0005031024652022103,,1.0
-0.22598995535992716,0.0013537906137184627,,1.0
-0.28253999999998847,0.0004330254041569962,,0.9029375348544787
-0.2722305599999981,0.0007380073800737584,,0.8816799998545228
-0.2886392183359857,0.0010803024846955957,,0.8664396451886309
-0.31417700407998506,0.0009159606136937136,,0.9191918308772897
-0.31053399999996667,0.0005281225244257258,,0.9511380166324022
-0.46110901281597044,0.0013109596224436298,,1.0
-0.5255064119519521,0.0007371369600472592,,0.9592289099207322
-0.2569749867999833,0.0006569144248793812,,0.9612685628235951
-0.27546501295677334,0.0008704061895551587,,0.9969203221579347
-0.40105439999996295,0.0005741558115333767,,0.9900913296668608
-0.0753110212583768,0.0033614511321113888,,0.8962525849786909
-0.16293718508560237,0.0008893829905504238,,0.8703288784725896
-0.20105798127999813,0.0005590756615728874,,0.8933997288027387
-0.401277804771176,0.00020850708924095336,,0.9840033397578978
-0.32025353660960576,0.00046652670865405144,,1.0
-0.7028935325119312,0.001047668936615914,,1.0
-0.28439519539200364,0.002159050017992046,,0.8782181908619423
-0.28221359999996654,0.0005779511631268126,,0.9029375348544787
-0.5338565015263818,0.004570557988954475,,0.8962525849786909
-0.9235930062399622,0.0065983952702702705,,1.0
-0.2720195999999985,0.0011778563015313016,,0.8813969633881227
-0.23705415287677303,0.0005561735261400945,,0.8703288784725896
-0.678002585627985,0.00020833333333339712,,1.0
-0.32074971251986556,0.0008628700384974048,,0.9869451590061628
-0.4327700845899045,0.0014406130268198368,,0.9577923381507932
-0.3019895999999603,0.0,,0.9486916960493655
-0.6753198959199107,0.0006864203180414401,,0.9324286832055683
-0.4568805628799606,0.0002640612622128043,,0.9684877901692225
-0.17851899471999091,0.00021941854086667909,,0.8289553883078022
-0.30687499880001046,0.0006894671861722765,,0.9612685628235951
-0.27350985110393045,0.0033912674862229034,,1.0
-0.1910518004975793,0.0007023458350891205,,0.8816799998545228
-0.7865231462400353,0.0011183597390494366,,0.8933997288027387
-0.8076549042911743,0.0004169707078077595,,0.9840033397578978
-0.388888219151995,0.001254612546125487,,0.9592289099207322
-1.2447582922392164,0.0017912470952750027,,0.9969203221579347
-0.46836354428000376,0.0014457134595923101,,0.9076555618382696
-0.4805614714320298,0.00014038535780712627,,0.8926451587670439
-0.32181601267201093,0.0007852375343542737,,0.8751982268952119
-0.5912664455039432,0.0015188480673554742,,0.993041543337978
-0.13157998183679767,0.0007302662152293633,,0.853413977617528
-0.3155841115439901,0.0007194244604315753,,0.8715191994886834
-0.41518079999998003,0.0015731515469323267,,1.0
-0.27192508000001336,0.0010637269122908755,,0.8817053259459988
-0.10597383793757953,0.005417795374036327,,0.9007864055997769
-0.2359414856591805,0.0011114816049794694,,0.8670732399241439
-0.4206038200000006,0.0014002333722286477,,1.0
-0.5097666493919856,0.0013550135501355527,,0.9523341564589316
-0.29736399999999286,0.0005718206770355678,,0.9367486917175684
-0.37899999999996287,0.0007921837866385302,,0.9738325495181848
-0.3556956074880081,0.0007535190944945447,,0.9732479376846476
-0.329995734878372,0.0008335938314056136,,0.9834491503718046
-0.10937175086158132,0.005472478523703465,,0.9075151550364767
-0.174963197432806,0.0035992166410840354,,1.0
-0.7539316847104098,0.003368756316418087,,0.9650736632211144
-0.26279099351996815,0.0005592841163311174,,0.8995940294127484
-0.5943236929919451,0.0006636678711008781,,0.9592818248526013
-0.36614152803279837,0.0016603573088928751,,0.853413977617528
-0.5242355152799338,0.0010106843777072394,,0.9076555618382696
-0.37477442534397176,0.0007849293563578412,,0.8751982268952119
-0.3802199948159597,0.0004300201870587977,,0.993041543337978
-0.9219769022399508,0.0005241090146749947,,1.0
-0.24291737183521322,0.0002457174950855061,,0.8926451587670439
-0.47362963031998184,0.00043271311120738205,,0.8949039217974362
-0.20501588831279216,0.0005967378331786682,,0.8666872711355178
-0.2593720513087892,0.000555123792605844,,0.8670732399241439
-0.3824490203999807,0.0008003658815458121,,0.9367486917175684
-0.30372899999999525,0.0,,0.9523341564589316
-0.3788999999999839,0.00026385224274403426,,0.9738325495181848
-0.3213039037979124,0.0009783838322071168,,0.9531779551828111
-0.28163927999999044,0.00038603263730478676,,0.9021570536777805
-0.389534615599997,0.000400583249210851,,0.9732479376846476
-0.599855482456765,0.0011471477734904473,,0.9834491503718046
-0.39558807999998147,0.0,,1.0
-0.28038507999996887,0.0,,0.9007864055997769
-0.3046896606423932,0.000870869417968972,,0.8826053466972886
-0.21071007768001349,0.0010403598421101726,,0.9531779551828111
-0.2545574861999876,0.00036845393524825496,,0.9696600394092272
-0.2585176696399611,0.0007047384703591479,,0.9806196876605038
-0.21244897960001452,0.0006856359273226178,,0.928332157997241
-0.2897639999999708,0.00018635855385771741,,0.8994236849294657
-0.2593940116895651,0.0006250000000000469,,0.9767508168021848
-0.054469747727985254,0.001598604853945708,,0.8826053466972886
1.098399952644039,0.002485659655831749,,0.9075151550364767
-0.25157186090401673,0.0007857517024619355,,1.0
-0.4047462146559966,0.000589622641509369,,0.9518628664753512
-0.18530866337197746,0.00224685440383467,,0.936170989225922
-0.2724285820800017,0.0007215007215006421,,0.8949039217974362
-0.2676450000000126,0.0007843137254901096,,0.8727631761492581
-0.16285630817277483,0.0005308207816337635,,0.8666872711355178
-0.41496319999996545,0.0005242463958061166,,1.0
-0.37293935279995216,0.0005278437582476178,,0.9692026032036722
-0.39647228291189085,0.0008724543455398162,,0.9806196876605038
-0.11383043195996038,0.0032766092379241337,,1.0
-0.208628980559989,0.0007454342154304724,,0.8994236849294657
-0.16674872510718153,0.0012258999219882992,,0.9108084965045067
-0.25656478112157427,0.0006658528465209688,,0.8450026333488441
-0.1169608492919485,0.004727226268046623,,0.9163326407905122
-0.40447963583996316,0.0005896661015699211,,0.9518628664753512
-0.11467151080066361,0.0011988610819720256,,0.914171395566668
-0.11030216212798272,0.0011769321302472439,,0.8727631761492581
0.08537809235201593,0.0025170801869832215,,0.8715191994886834
0.07032129763202999,0.0027063599458729036,,0.9454514147131133
-0.30351718799998284,0.002175578366784226,,0.9531779551828111
-0.3116550000000007,0.000657356784403139,,0.9696600394092272
-0.3773836799999666,0.0007296226808421995,,0.9767508168021848
-0.2970919999999897,0.001028924202583782,,0.928332157997241
-0.5403933427200006,0.0010562450488513344,,0.9692026032036722
-0.36023829079035663,0.0008632138114211087,,0.8666872711355178
-0.20425607999999004,0.0007773459189339325,,0.8450026333488441
-0.31556437828240075,0.0002455451101445717,,0.9021570536777805
-0.49687537107995505,0.0011153245594468,,0.9273043213033649
-0.46259251928481043,0.0009712038071190066,,0.8826053466972886
-0.6535478895359204,0.0007060034223216443,,0.9806196876605038
-0.8383932030791987,0.0033301312840219046,,0.9163326407905122
-0.2956950599999739,0.0004912108347074611,,0.933953214569534
-0.3862103999999631,0.0003691162074112407,,0.976148924283764
-0.29659392000000045,0.0,,0.9367706084519669
-0.487114664191957,0.0010495932826028757,,1.0
-0.13079560395788206,0.002577398668343955,,0.9613816120054457
-0.40310563472001376,0.000800732097918059,,0.9284329829723748
-0.3990252289440115,0.0013005780346820983,,0.8949039217974362
-0.1347439614191949,0.0007296987386634706,,0.8667777203868813
-0.5929600296959261,0.0018024513338139887,,0.8683941454109645
-0.18682684964798352,0.006179359881694241,,1.0
-0.2356019870399917,0.0005594927265945755,,0.8994236849294657
-0.11901272825359904,0.0008644766591301451,,0.8597344321944496
-0.3079730471547174,0.0008999550022498769,,0.914171395566668
-0.6074236729759708,0.0008496888463379363,,0.9884071073822658
-0.41822819999995886,0.0005247966413014379,,1.0
-0.22922944418878963,0.001115822361080117,,0.9335749824280714
-0.34598789032799204,0.0003690569791884247,,0.976148924283764
-0.2675780230975734,0.0018945834345397853,,1.0
-0.6716389549840275,0.005964825974664921,,0.9613816120054457
0.17561402477044175,0.0035335689045935675,,0.8792003346983669
-0.2929400800000056,0.0008995502248875456,,0.9292210559722228
-0.21204231999999051,0.0006255864873319205,,0.8667777203868813
-0.1284839800799905,0.0007849293563580591,,0.864652781295185
-0.3354269877599773,0.0007921837866385302,,0.9794108220433917
-0.15624268768798685,0.0026302811112937233,,0.8530250082292863
-0.9555475391535679,0.005638495546869943,,0.9250251029659144
-0.35334997588800277,0.001317957166392069,,0.8530250082292863
-0.3219580097440089,0.00028864193967396306,,0.9021620467249468
-0.5502112591359957,0.0017706949977866,,0.9518628664753512
-0.7095145957151969,0.002137894174238364,,1.0
-0.8167740364799985,0.0014919806042522454,,0.9036547452092993
-0.4192745497999895,0.002355712603062603,,0.864652781295185
-0.2697710037719713,0.00017551865763328707,,0.933953214569534
-0.5516323880407729,0.0009310986964618332,,0.8597344321944496
-0.7992430136063832,0.001897956905213714,,0.9335749824280714
-0.13915646589596026,0.0010099552734093692,,0.9031070012926061
-0.43885497815998664,0.000744878957169444,,0.9132856378027756
-0.16839589531862875,0.003140007388252784,,0.977932960573322
-0.2501706864399983,0.0006630322675702822,,0.9576537752508192
-0.19916861576553035,0.005403400964136305,,1.0
-0.2462109877600005,0.0012580054894784118,,0.9284329829723748
-0.20036215583998895,0.0017711399918622836,,0.9884071073822658
-0.24190396236799624,0.0014281817160646155,,0.9935424157932182
-0.1864213296167678,0.0006257822277847778,,0.8808970448121859
-0.10148161930560427,0.0015641293013555512,,0.8796787869432763
-0.1809047675519749,0.0017207609812386903,,0.9126985072598984
-0.16352487139201605,0.0013126804935678668,,1.0
-0.2842739755200151,0.0013199577613516086,,0.9794108220433917
-0.6728051487759777,0.001697463504534625,,1.0
-0.4541618962240252,0.0007840062720500901,,0.8712777442047511
-0.38070815999995367,0.0017279191865486973,,0.9833935741723051
-0.2971135999999937,0.0018945726067090547,,0.9388043378733962
-0.5348033481599783,0.0004576659038901098,,0.9389367368451367
-0.42964954323194615,0.002539682539682636,,1.0
-0.5180648538559784,0.0019121677608515183,,0.9293861835082378
-0.39620339999998766,0.0005040322580644607,,1.0
-0.337583352563136,0.0032051282051282597,,1.0
-0.6434954199999586,0.0005282620179609677,,0.9779120300881567
-0.5007826854709101,0.0022485384500074037,,0.931546197190669
-0.49734089793838,0.0025451768897939136,,0.9293861835082378
-0.47993571542398933,0.0007221259387638012,,0.9031070012926061
-0.6729031776951706,0.0008733200718063501,,1.0
-0.4578489075327058,7.019514249620947e-05,,0.9012500520935722
-0.27869997600003704,0.0005279831045405965,,0.9779120300881567
-0.7539371055359223,0.001125519355340758,,0.9985443076693161
-0.6463643614719575,0.0010684572186692022,,0.9126985072598984
-0.3781821093999716,0.000801010505560791,,0.977932960573322
-0.4434752107519875,0.0007547654606478573,,0.9935424157932182
-0.2855153200000105,0.0014065596828847131,,0.9129298488121077
-0.41848185970081386,0.0002456657541937214,,0.9012500520935722
-1.1609688175359445,0.00131337010769635,,1.0
-0.27098513999997004,0.0,,0.8796787869432763
-0.3438720129599854,0.0007451564828613851,,0.9132856378027756
-0.34104958617596093,0.00032102728731949517,,0.9937800328927582
-0.26723999999999054,0.00039200313602504505,,0.8712777442047511
-0.3814867799999866,0.00046592119275816517,,0.9833935741723051
-0.2721505627142282,0.0002994460248540598,,0.931546197190669
-0.3307714279631824,0.0006691947356681296,,0.9388043378733962
-0.35078400863998765,0.00034317089910756543,,0.9389367368451367
-0.28957185511199235,0.0021623332102737015,,1.0
-0.3212279538479964,0.0010117068940598843,,0.9114281096446337
-0.42002151400319465,0.0007019185774450689,,1.0
-0.12026224002234473,0.0016016262666707633,,0.9872262328610601
-0.31381351029601556,0.009487666034155606,,0.8806471168653944
-0.29739799999997063,0.0008004574042309518,,0.9331293786710531
-0.27775679078397986,0.0006730735168345072,,0.9033778878191171
-0.39620339999998766,0.0001680672268907378,,1.0
-0.7635303866879233,0.0008499024407761399,,1.0
-0.38573856769839004,0.0015051466304136835,,1.0
-0.30135562093437784,0.0005214308061319688,,0.983055207293375
-0.23587198704000678,0.00037250884708504416,,0.8993451847807186
-0.17002549004000025,0.0007843137254901096,,0.8652165251390749
-0.23186174402560733,0.0008918617614270043,,0.9407878368450104
-0.24164238214398262,0.00047577110348530403,,0.9033778878191171
-0.27344495539204194,0.0010495932826028757,,1.0
-0.19252214445915533,0.001048218029350114,,0.9345724764856087
-0.48563627724794967,0.000561833825606817,,0.9937800328927582
-0.39861359942396535,0.0005743687926287856,,1.0
-0.36468511873274123,0.0007762845082722652,,1.0
-0.13166151883680313,0.0013869625520111345,,0.9872262328610601
-0.6567121528799624,0.000792393026941393,,0.9795270715300834
-0.30998500600000334,0.0001754324409669643,,0.9103570527596736
-0.5231903341591787,0.0,,0.9860107625649549
0.04364049165599371,0.005311999999999983,,0.9129298488121077
-0.32781715217515095,0.004006959455897036,,1.0
-1.3278042630400089,0.0027137042062416227,,0.9454514147131133
-0.431325934775983,0.0013015184381778913,,0.9114281096446337
-0.2850199999999987,0.00021055586749018984,,0.9103570527596736
-0.29751699999999437,0.00043340075122808144,,0.9362437875978102
-0.5257142179199557,0.0015698587127156824,,0.8652165251390749
-0.8463527610984076,0.00052164840897244,,0.983055207293375
-0.6548874170399821,0.000558971492453906,,0.8993451847807186
-0.5000739621695801,0.00014034102869968596,,0.9308050253514267
-1.0481625794079186,0.001050420168067111,,1.0
-0.4983347679232029,0.0016728002676479822,,0.9407878368450104
-0.4729057265203064,0.0011988610819721557,,0.9345724764856087
-0.6414014959199835,0.0010297482837528995,,0.9331293786710531
-0.284579975519996,0.0010562450488513344,,0.9795270715300834
-0.6185178473280242,0.0009365488176072422,,1.0
-0.3602751907839904,0.0006905301022947278,,0.9937800328927582
-0.26682417082555393,0.0006257822277847778,,0.9968845352756832
-0.16148623638766973,0.0008980691513246413,,0.9296188544082291
-0.28099341553917145,0.000932028493442522,,0.9860107625649549
-0.10102854916796897,0.0013531799729364518,,0.9729577025419693
-0.284375975519971,0.0005278437582476178,,0.9850978618676396
-0.3539401419135101,0.0013873046212658773,,0.9872262328610601
-0.3845775023440183,0.0011506744230647156,,0.9244603727161237
-0.5090537985920417,0.0007083227928156291,,0.9123625864530585
-0.6777848002559238,0.00038531314720569157,,1.0
-0.2793803599999984,0.0,,0.898578454972451
-0.5435778947759851,0.001260850589205135,,1.0
-0.537624187263966,0.0006119796276534053,,0.9123625864530585
-0.34588807296001955,0.001172459173296632,,1.0
-0.6769180790799543,0.0008720507727339122,,1.0
-0.3221328126719735,0.0011764705882351646,,0.8761169135563369
-0.5470548105599773,0.00018621973929232793,,0.909293684952594
-0.3148425539863801,0.0006683747354350505,,0.9404635331082246
-0.6347974226799359,0.0005782853838368599,,0.9362437875978102
-0.6168404872079819,0.0002623983206507189,,1.0
-0.21296439999997946,0.0010359869138495163,,0.8616641806058356
-0.6126149486927863,0.00019968051118212358,,1.0
-0.27606279711793574,0.0010164792853842712,,1.0
-1.4791682903039938,0.013028280902446752,,0.8809662166827343
0.535954355484819,0.005830903790087515,,0.898578454972451
-0.8112777177600079,0.0015326649211315551,,0.9244603727161237
-0.17180096606394463,0.000903342366757102,,0.9729577025419693
-0.2890270787615838,3.508033396481443e-05,,0.9308050253514267
-0.5102402488159842,0.001621342766600324,,0.9576537752508192
-0.08591072209601397,0.0054875474883916845,,1.0
-0.7601506775999816,0.0003361909564632341,,1.0
-0.38857589999999115,0.0003130870381966421,,0.9968845352756832
-0.5310360518400107,0.0017152658662091245,,0.9386787213957072
-0.5337552633600079,0.002352018816150488,,0.8761169135563369
-0.8204072282518805,0.0017558451159781266,,0.9975868175771212
-0.9899503067663691,0.00478835472131776,,0.9310966197494837
-0.43742701224001135,0.0007919746568110121,,0.9850978618676396
-0.4545199823119907,0.0008982035928143606,,0.9296188544082291
-0.7802545825279844,0.0008347379404446292,,1.0
-0.6673772396159298,0.0009697114809051007,,1.0
-0.32443797988796164,0.0009115770282588507,,0.8073128076477519
-0.3481432702079548,0.0015643332029720608,,0.8687933381182704
-0.3570251999999495,0.0009135548703893022,,0.8310987558282048
-0.2154863758080149,0.0009306089419380528,,0.9044832012900939
-1.5655735641168027,0.00632211158526957,,0.9301894847225674
-0.16625249099998796,0.0005888414544383276,,0.839448579504309
-0.3091238204351747,0.0008346374543557302,,1.0
-0.279719880000004,0.0023046302116069345,,0.9006423618933099
-0.09192929174397046,0.0016809547823163572,,1.0
-0.09875245010396475,0.0022583559168926548,,0.9592622404486216
-0.31573157302400146,0.0010498687664040839,,1.0
-0.2348286825023736,0.0011315228966986386,,1.0
-0.054301015835982375,0.002227667631989309,,0.8234562084407064
-0.19809018050238086,0.002325468727290295,,0.8986727733884088
-0.33764761022397427,0.001156069364161883,,0.931492438271886
-0.46331670239997025,0.001319609395618986,,0.8803944670002557
-0.5490800888320544,0.001267996725679283,,1.0
-0.429619206911956,0.001149095087618544,,1.0
-0.29149967999997145,0.0016476932294786886,,0.9259335807637801
-0.6606390679543723,0.000984524505430342,,0.9975868175771212
-0.3159711999999869,0.0012145626056416893,,0.9044832012900939
-0.3236964895512111,0.001821493624772397,,0.8073128076477519
-0.4898737070735734,0.0019060931444182902,,0.9310966197494837
-0.3016040599999875,0.0,,0.947457078993405
-0.18415579303998098,0.0008713647750789923,,0.8616641806058356
-0.29377279999997374,0.0016422970968425635,,0.9301894847225674
-0.38280555310401576,0.0009045680687472745,,0.9592622404486216
-1.3012104806399842,0.0018089725036179467,,0.9063283278880788
-0.5405316269759767,0.0007878151260504792,,1.0
-0.4172987862544026,0.00013322675193173624,,1.0
-0.2624496157679995,0.001560236264348677,,0.8234562084407064
-0.4766543871888117,0.002036462373933221,,0.8986727733884088
-0.6296165814959462,0.0004330879168470723,,0.931492438271886
-0.3222120467743931,0.0020989695967433978,,0.8052230488097581
-0.28587156000000197,0.004078389830508378,,0.9097766695158013
-0.37082882505599307,0.0011760094080753528,,0.8687933381182704
-0.5744844440639869,0.0009398496240602208,,1.0
-0.501046825919955,0.000685949468389188,,0.8310987558282048
-0.9271883486719747,0.0006264255196119155,,1.0
-0.8185407826559854,0.0009219790219837896,,1.0
-0.37910651697404896,0.0005992509363295376,,0.9259335807637801
-0.4996674262719499,0.0010337323177366771,,0.8729839187954367
-0.9782160493139072,0.0015385088771962068,,0.9932319831369294
-0.515562044815984,7.015820675611076e-05,,0.9517205413434213
-0.7724826818399402,0.001056803170409512,,0.8890187722123202
-0.24879001079998764,0.0008837825894830535,,0.8360466557293067
-0.6246862227759599,0.0011774600504624439,,1.0
-0.19590162145440038,0.0016572120594047436,,0.8052230488097581
-0.5056629045759434,0.0008303587250956179,,0.9102821054692277
-0.4562586712319567,0.0009255730386018592,,0.8729839187954367
-0.3859776233999692,0.0015985244389793935,,0.9932319831369294
-0.23529748351198043,0.0004520795660035668,,0.95265863505708
-0.40410369999996276,0.0,,1.0
-0.507446799999949,0.0,,1.0
-0.7332481550399932,0.0,,1.0
-0.6718338362176146,0.0,,1.0
-0.23958201046397437,0.0005563591854900911,,0.8219830460630553
-0.28269092160317877,0.0003871092615890065,,0.8912500355772683
-0.27754066084159235,0.001367365542388276,,0.8069198429196749
-0.34569151475999377,0.001010101010101059,,0.909019844468639
-0.2832983999999794,0.0,,0.9063283278880788
-0.2684939999999761,0.0010342387458494437,,0.8729839187954367
-0.43212052979676663,0.00020865936358886015,,1.0
-0.21002400000000165,0.0005712327202103029,,0.826495617745725
-0.42239766547195373,0.0010532363079279233,,1.0
-0.37992911385597594,0.0008500002529761829,,0.9102821054692277
-0.24032984748422292,0.0008000492337990631,,0.9932319831369294
-0.7997458063359881,0.0006903194734308295,,1.0
-0.2083014626083105,0.0011979634621144346,,0.9391088502488014
-0.23824491097599365,0.0005151225255720973,,0.8360466557293067
-0.3032825599999942,3.5081564637817925e-05,,0.9517205413434213
-0.2803859999999881,0.0,,0.8890187722123202
-0.6932382110079668,0.0,,1.0
-0.31797877283200143,0.0005249343832020419,,1.0
-0.28309399999996576,0.0010822510822511633,,0.9063283278880788
-0.39117806000000827,0.0005215395848545778,,1.0
-0.6779806540799822,0.00036898593040607413,,1.0
-0.35710680575997195,0.0006857142857143117,,0.8202427836171962
-0.27266400000000274,0.0005278437582476178,,0.8816626239959304
0.04075204110326458,0.0029546773597847425,,0.9097766695158013
-0.33236393932798247,0.0005153500699404734,,0.8194502428289676
-0.30392879999995687,0.0,,0.95265863505708
-0.19778237158399042,0.0008602847036319426,,0.9089793901846371
-0.47420745895039657,0.0007326495271080258,,1.0
-0.20693650261599067,0.0005560498220639957,,0.8219830460630553
0.32798778902918124,0.005006827492034547,,0.8069198429196749
-0.48326421035992967,0.0005769508149429625,,0.909019844468639
-0.3595343910840104,0.0031198268177767617,,0.8052230488097581
-0.6898352508159145,0.002312381753205781,,1.0
-0.46245847356800146,0.0012527915463805047,,0.8813117435795152
-0.8223430222391439,0.003791269548733605,,0.9412954494347616
-0.41574376823994863,0.0005581603036390942,,0.8436882963829426
-0.6333581598791581,0.0011990407673861203,,0.9319327974021776
-0.6396000320415525,0.0003859107493685061,,0.9585037559459197
-0.7013226216319663,0.0,,1.0
-0.4644183801599531,0.0018484288354898646,,0.8816626239959304
-0.3130175999999865,0.0,,0.9731892563969168
-0.2991413999999585,0.0016393442622950941,,0.9412954494347616
-0.3105647999999559,0.0,,0.9672182316177542
-0.2575301680140695,0.0008310249307479197,,0.9661885335306348
-0.8287011592495805,0.0007304601899196558,,1.0
-0.169418814916789,0.0007783831869232002,,0.806703926442403
-0.6519941706023887,0.00126498002663113,,1.0
-0.3701446424031929,0.0,,0.8146816070418058
-0.3088051469567989,0.003054600992745375,,0.8220396954974445
-0.9407845670399654,0.0006577786334247296,,1.0
-0.8417106448640412,0.0009665013662585173,,0.9089793901846371
-0.477145228799975,0.0006857926620185424,,0.8202427836171962
-0.17008346443917133,0.0021228605545974173,,1.0
-0.04774172536320295,0.006896804725044912,,0.8094148564773685
-0.10300055915200801,0.001571986123156929,,0.8813117435795152
-0.24997921094397652,0.0006694934166478968,,0.8436882963829426
-0.4486783790170923,0.0011976047904191907,,0.9319327974021776
-0.36570551420317127,0.0003860597339697434,,0.9585037559459197
-0.43975662057596887,0.0015862944162435646,,0.9330387923132425
-0.21299727793997636,0.0011693171188026528,,1.0
-0.864134208263978,0.0021867115222875826,,1.0
-0.20834477407999882,0.0006826732472996021,,0.9113532702080687
-0.7790141412959395,0.001050420168067111,,0.9731892563969168
-0.3198936196191787,0.00041946308724830506,,1.0
-0.04864736496958581,0.00435865504358664,,0.8162822418614551
-0.2059159999999917,0.0001747980111871787,,0.8009916913615424
-0.25547426407996243,0.000790722192936245,,0.8879796448259825
-0.9536769285599009,0.0013562386980107005,,0.9699359181457334
-0.5038154241103043,0.000953728771843472,,0.9787498993563531
-0.5737275939559627,0.001147028154327414,,1.0
-0.20597999999999983,0.00033023174498353266,,0.8009916913615424
-0.39705600000000935,6.649378283137178e-05,,1.0
-0.4094934363519238,0.0004098339919349592,,0.9113532702080687
-0.6017675624959232,0.0003046629465716453,,0.9988643173703923
-0.2851979999999759,0.0005711022272985727,,0.8207862273122838
-0.87216554919355,0.005206018665481653,,0.8082576123323952
-0.17443565203676092,0.002665206279664142,,0.8162822418614551
-0.14019719416956028,0.003471309104297042,,0.9330387923132425
-0.6354898870240148,0.003085918466785793,,0.8796585903034106
-0.17439878413679893,0.0002457692577766975,,0.8288105762768125
-0.3704082591839674,0.0002230649118894343,,0.8425358711811027
-0.5394181124327959,0.0005983545250560455,,0.9257546875065763
-0.7050003212160195,0.0,,1.0
-0.2760591904000071,0.00042005324048308883,,0.9100604596052659
-0.6440282376079521,0.0005247966413014379,,0.9786699481232204
-0.3469032362879786,0.0015459363957597105,,0.8194502428289676
-0.1531822291327891,0.00045620437956202524,,0.8291305161342148
-0.3918670266399732,0.000790722192936245,,0.8879796448259825
-0.38234241689600057,0.0004514672686231756,,0.9699359181457334
-0.43684404297641066,0.0008923076923076942,,0.9787498993563531
-0.47150529950718334,0.0006249349026143579,,1.0
-0.3442031873279676,0.00026595744680859207,,1.0
-0.7639531082399722,0.0,,0.9711041019658078
-0.5752416422400237,0.0008819897689187899,,0.9988643173703923
-0.30981119846400496,0.00041474887461430193,,0.9100604596052659
-0.4666278561119748,0.00048069989905313046,,0.8831063392674297
-0.5528061646799582,0.0019007277071792315,,0.8999939660773465
-0.14402318874397932,0.0004914177401805223,,0.8072297646045079
-0.1898986705520173,0.0007847240387129662,,0.9711041019658078
-0.4312151674879768,0.0008920606601247903,,0.8347641677758406
-0.8276177966243458,0.0014956625785222245,,0.9123695967131863
-0.12637554971517953,0.004158332456047963,,0.9429901190652406
-0.10859440865513395,0.0018877057115199167,,0.8912500355772683
-0.6461026900296096,0.0,,0.9815134574703093
-0.22862710852000878,0.00036762002793924486,,0.8117436390569349
-0.34222803168000815,0.001599268905643263,,0.8207862273122838
-0.296884020159996,0.0013168290755859607,,0.8584215062106677
-0.42007193669599757,0.001041232819658361,,0.870835312545298
-1.0550835142559976,0.0020119760479042677,,0.9092084785557422
-0.41227801290396476,0.0016626762436818317,,0.8881357156488856
-1.0832540685410057,0.00209111277072431,,0.9123695967131863
-1.010278476475944,0.0021798101143188755,,0.882249477114709
-0.5812404661439665,0.00180505415162455,,0.9553988391428734
-0.28105002111997834,0.0015972618368510377,,0.8115447710574384
-1.3216839924429276,0.003075787401574774,,0.9796693581273223
-0.9512177447039649,0.001676164934629569,,0.9028296241173068
-0.3579744376319839,0.00178332590280874,,0.8347641677758406
-0.3323411917223627,0.0,,0.8207286728305891
-0.6921469039800181,0.001678204321376205,,1.0
1.8627998565624415,0.008933780630105047,,0.8269344090439696
-0.15130738896556786,0.0043085329970575514,,0.9429901190652406
-1.1731230023039343,0.006009995571582076,,0.8082576123323952
-0.18088994758801266,0.0004210083149142511,,0.8072297646045079
-0.2817368000000021,0.0011713520749665894,,0.9028296241173068
-0.20121919999998178,0.0010008896797153403,,0.8347641677758406
-0.0878021991319875,0.0023586141831333776,,0.9429901190652406
-0.27525780000000555,0.0008225275788658191,,0.8891669853475345
-0.17904779659198886,0.0011026979342790815,,0.8117436390569349
-0.2504351628799927,0.0013147515119642107,,0.8584215062106677
-0.23625928351196102,0.00045045045045060084,,0.9553988391428734
-0.6182999285119778,0.0007836515127001873,,0.9100604596052659
-0.6537763153039771,0.0010044002295770634,,0.90851758590097
-0.29893820580799224,0.0009295020753538372,,0.8831063392674297
-0.4305279647615747,0.00013279330721726476,,0.8881357156488856
-0.9584263170942957,0.00098180590924426,,0.9796693581273223
0.7808859741999961,0.00849072007837591,,0.8999939660773465
-0.23108498036799793,0.0007847240387131114,,0.9711041019658078
-0.30227086511997064,0.0002329780418195232,,0.8137932631932677
-0.12070747218885114,0.0013519134775374908,,0.870835312545298
-0.3323411917223627,0.0,,0.8207286728305891
-0.9600557827559733,0.0027225130890051975,,1.0
-0.11517198115582668,0.0008939213349225163,,0.9123695967131863
-0.42587330328001083,0.000812299165004215,,0.9227225154709768
-0.13816896644795323,0.0010053619302949814,,0.8934773109278262
-0.02403679365353173,0.0021003500583430526,,0.9815134574703093
0.06993097029603201,0.004854017242628241,,0.8269344090439696
-0.2591557555744105,0.0003984328308652931,,0.8948259114106232
-0.25339598483199544,0.0005911718339464372,,0.9180526486438793
-0.23292058996797005,0.00036831822694811223,,0.8837369498503473
-1.4659275217439596,0.0040523017073697,,0.8772544733873299
-0.27509747999997824,0.0011624527753560452,,0.8891669853475345
-0.2310052432089767,0.0010120526267366015,,0.9898075121349484
-0.18725342399998376,0.0007882291119285637,,0.8381577388706672
-0.5251412261759967,0.0,,0.9636514626764187
-0.41787702684641037,0.002557811765934171,,0.9574959414726784
-2.296868146070324,0.00448544040513642,,0.8436078295299665
-0.24023235279995697,0.0006833712984054929,,0.8065556689316068
-0.5018971855359688,0.000261506276150744,,0.9328068295219467
-0.35430047183993346,1.9410314641094414e-05,,0.8137932631932677
-0.3788989003359673,0.00032037419706205933,,0.8837369498503473
-0.4807812202223519,0.00046761748889406556,,1.0
-0.5246679127679904,0.0018026137899954952,,0.9636514626764187
-0.3503384684799836,0.00011646414845286197,,0.8137932631932677
-0.3749464140160077,0.0006622248733684222,,0.9180526486438793
-0.3157236034559735,0.0006810279938349302,,0.9227225154709768
-0.2593445355695787,0.00019933554817277242,,0.8948259114106232
-0.19199298046399058,0.00157036876590682,,0.8772544733873299
-0.23485833946398507,0.007862318840579528,,0.8436078295299665
-0.08208920630720307,0.004179073290497743,,0.9574959414726784
-0.6589294242399784,0.0008386447500839584,,0.8934773109278262
-0.4313519976672272,0.00045620437956218353,,0.8332783147188445
-0.9255540278942086,0.0012591364166819215,,0.9898075121349484
-0.34914004344000005,0.0002629503023928188,,0.8381577388706672
-0.5745935121127741,0.0009696029475929055,,0.8891669853475345
-0.21806073695998157,0.0015956234328697685,,0.8065556689316068
-3.0274057428383943,0.005534959009973381,,1.0
-0.5917729107040071,0.0019807209824377553,,0.9387003853198826
-0.23172748379998698,0.0009021199819575009,,0.9422991979415312
-0.6564516225919621,0.0007845188284517964,,0.9328068295219467
-0.41391717347200735,0.0008492228809485222,,0.8837369498503473
-0.2829674411557539,0.000767224182906238,,0.9482174978911861
-0.48068162282550203,0.0004678362573100847,,1.0
-0.2644683168959582,0.0013068478829064308,,0.9201016944978412
-0.1867130145711986,0.002343947207096693,,0.8581118783557375
-0.3604893645120063,0.00035264322123557736,,0.863103990398657
-0.19984004636641553,0.0011701380762928737,,0.9774917310191111
-0.5434085659199539,0.0005973358819663958,,0.8885065156906538
-0.7009107852607365,0.0008639021796915951,,0.8848246252430798
-0.8958261759999611,3.881686204483699e-05,,1.0
-0.48255043798063746,0.0033208581519162082,,1.0
-0.4313523870391795,0.0011147191392429107,,0.8925841478307824
-1.0045845712063748,0.004911069816830307,,0.9231098283111543
-0.3218754110879908,0.00033523298692587656,,0.8895372022161575
-0.28287503999994706,0.0,,0.9063293683020089
-0.33294283018801146,0.0,,0.8216758031487712
-0.0741653050743803,0.007267494153624632,,0.8529207818877803
-0.2991599999999638,0.0,,0.9422991979415312
-0.29541779184797573,0.0005975698824779679,,0.8734232468979897
-0.21608029554958455,0.0006778348019754758,,0.8916652404379537
-0.5104352538559809,0.0015702695629416106,,0.912274728052911
-0.4363528372595699,0.0015362871013334825,,0.9482174978911861
-0.17833499351999665,0.0007894736842105562,,0.8289541530247831
-0.4991166514079779,0.0016243460812650273,,0.8832537931456068
-0.14337213587196096,0.0036259335425912705,,0.9017059022447325
-0.30777973326405395,0.0006200662993965383,,0.8832537931456068
-1.0509746083199993,1.940918442614103e-05,,1.0
-0.23927639155198552,0.00032065670493159075,,0.8705240253004256
-0.6476805714015985,0.0,,0.983169020894104
-0.9816001147567854,0.003331218274111651,,0.9313995470056226
-0.46329222067197096,0.0006688963210701605,,0.8832602543289705
-0.5822999913599415,0.00011645510655649312,,1.0
-1.394427748896023,0.0031354741053086967,,0.9123612122739257
-0.29960319999996377,0.0,,0.9434943772233553
-0.3306590249688105,0.0005314908317833146,,0.8734232468979897
-0.3240411412969048,0.0006751365617135401,,0.9561792620562157
-0.32369700897596715,0.0002613012803762451,,0.912274728052911
-0.23233500647999072,0.0007890583903207969,,0.8289541530247831
-0.09479359009120958,0.0015917652676819196,,0.9313995470056226
-0.18850006841681924,0.006760865676980872,,0.8529207818877803
-0.6457564597903833,0.004142709188957518,,0.8723416579636372
-0.2835986399999786,0.0,,0.9079872047817688
-0.3053424073919839,0.0004970099241658176,,0.8705240253004256
-0.6476805714015985,0.0,,0.983169020894104
-0.8848646923703677,0.00184046108393469,,0.8916652404379537
-0.990251634183946,0.001992164154326281,,0.8734232468979897
-1.30666734667468,0.002792267566738278,,0.9561792620562157
-0.7274263276799735,0.001840652116749965,,0.8289541530247831
-0.7497883087439381,0.00131285282919784,,0.8832537931456068
-0.5058456524160053,0.002657266811279895,,0.9123612122739257
-0.43493843244795044,0.0009025270758121749,,0.9434943772233553
-1.008223553584008,0.0013061650992685489,,0.912274728052911
-0.04536196469119111,0.0026744778400406006,,0.8120739861318379
-0.934931995603178,0.0018860624818647178,,0.8893098455006901
-1.0511581953599993,5.822077317190302e-05,,1.0
-0.2419641501759519,0.0008689984792526862,,0.9190559234717879
1.7393159728113912,0.007203008315237462,,0.9094621891541075
-0.19942150462080763,0.00131523569023569,,0.9094621891541075
-0.8297771322399914,0.0,,0.8959033046337415
-0.36486782164800335,0.0008973927535536098,,0.8823429620942265
-0.38787583999999925,0.0,,0.9959212267561446
-0.20371847999999365,0.0,,0.8421809435482369
-0.44474118440313437,0.0013160310950601972,,0.9342379258584623
-0.797535968216008,0.0016097299230907426,,0.863693029629717
-0.2985306373919569,0.0006307871747876923,,0.8455130293263675
-0.21836987272343086,0.0009168423947922747,,0.8980320406314222
-1.574324325580759,0.002343017806935237,,0.9983807134854721
-0.14298935237273902,0.0011862396204034102,,0.897401083450197
-0.2659929776543839,0.0015296367112810083,,0.8120739861318379
-1.039170192480053,1.940579457015278e-05,,1.0
-0.3063747918703872,0.0009638089730614845,,0.8607784964527717
-0.03810177771115322,0.0034520633924368252,,0.9168691235572006
-0.43923579632795706,0.0005284650492432176,,0.8605129192882325
-0.05692053773278524,0.0029932492676092103,,0.8081689628116902
-0.15517367738285112,0.001988618980603401,,0.8980320406314222
-0.2644271902480022,0.000595514584152132,,0.8455130293263675
-0.28961910980800887,0.00033617212012538054,,0.8605129192882325
-0.3017616773696074,0.00010514510023823949,,0.9719041248041691
-0.705172490419159,0.001038205980066475,,0.8967631106032175
-0.6134748781439858,0.003697427206901913,,0.9110892831732276
-1.0631665967999218,1.940541799259767e-05,,1.0
-0.7457145430055865,0.006377957777919515,,0.8081689628116902
-0.3892069999999531,0.0,,0.9983807134854721
-0.6101924386623668,0.0012050515762074617,,0.8607784964527717
-0.9391932209743639,0.0029244346963288015,,0.9168691235572006
-0.31273263999998563,0.0,,0.9719041248041691
-0.852536380427128,0.0005607345622765595,,0.9763279623253033
-0.2050882623167517,0.0005284713964856438,,0.897401083450197
-0.4156229872883359,0.0006425751965975244,,0.8868652841548288
-0.44374583489596775,0.000560177349765167,,0.838942977612559
-0.3474075587839804,6.404508774171197e-05,,0.8509819418323912
-1.039170192480053,5.821738371081133e-05,,1.0
0.3116436836783884,0.004244804865686796,,0.8065798546852865
-0.35236687119997007,0.0,,0.8534863233330299
-0.5312494513143247,0.0,,0.9721297554434148
-1.2880020374143637,0.004078644635013601,,0.9415585550314713
-0.03287042608317825,0.0015261350629531855,,0.8065798546852865
-0.06874005506476524,0.005345700428364114,,0.8887646402842716
-0.18170619265599164,0.00035227054377748285,,0.8509819418323912
-0.36743054132394837,0.0007785130400934799,,1.0
-0.1530203063759793,0.0009197641075583157,,0.8138184430483645
-0.2963548544135642,0.0009262935027127249,,0.895216463462114
-0.3496620837189415,0.0007651109410864502,,0.8868652841548288
-0.2026023962559806,0.0004170141784820277,,0.838942977612559
-0.6183839999999876,1.940541799259767e-05,,1.0
-0.3775783199999537,0.0,,0.9763279623253033
-0.3124776199999624,0.0,,0.9721297554434148
-0.0920678735791958,0.0019982158786797676,,0.9107327098584836
-0.9314173583231897,0.002097095522701089,,0.9415585550314713
-0.4158372315360089,0.001539171925504137,,0.9083026249033732
-0.4085416044959753,0.00032033827722081795,,0.8509819418323912
-0.08585188146078324,0.0022570993648627726,,0.9487274482949808
-0.43022183542422326,0.0005811641635823971,,0.815923988825703
-0.6183839999999876,0.0,,1.0
-0.21463553193597595,0.00246495147126798,,0.9353225557757364
-0.6428073781583074,0.0,,0.9770529518914799
-0.5345270976079933,0.0018919941618466178,,0.8138184430483645
-0.38339027999995384,0.0,,0.9876618244870048
-0.3405545138879711,0.000128106584678518,,0.8641654252728344
-0.03788455086077869,0.0024144446777240158,,0.9414907684821491
-0.10302042239997611,0.001352813852813824,,0.9309207994795383
-0.4183479056686131,0.0005505934173497222,,0.815923988825703
-0.6004019956799584,5.821625397814599e-05,,1.0
-0.4068630707631916,0.0043498249460692745,,0.8961532532886661
-0.6227972784319817,0.002769514822032952,,0.9336942962181718
-0.6531183372167075,0.0,,0.9891483817531774
-3.1129457300087595,0.008219081021716952,,0.8961532532886661
-0.3813606412320113,9.60891707505511e-05,,0.8632718610187777
-0.6435386427904135,0.0023080151070079616,,0.9414907684821491
-0.237221614792444,0.0005506944869363443,,0.8070482074076346
-1.075215795359905,3.8808576695414396e-05,,1.0
-0.2292777338879769,0.0010281719103434103,,0.9336942962181718
-0.854812564479988,0.0011891891891891782,,0.9309207994795383
-0.6531183372167075,0.0,,0.9891483817531774
-0.2681444000000035,0.0,,0.8731447806300225
-0.11324877926400137,0.000865894577335114,,0.8244530658763709
-0.3643262959279485,0.0002242188375854616,,0.8632718610187777
-0.5852829507839777,0.0017875920084122158,,0.9402199593805242
-3.0818427876936076,0.010105338332440632,,0.903232380408471
-0.21831330114323294,0.0007644792367439227,,0.8054954645932425
-0.6124019985600021,1.9405041429657558e-05,,1.0
-0.10630115439999152,0.00123196961141623,,0.9314986003741825
-0.6544271915999073,0.0,,0.9904596285733694
-0.46163219589766,0.0,,0.8800298512068406
-0.35412187388796124,4.804612427926444e-05,,0.8637126655704331
-0.3695344407223858,0.00042834414392366453,,0.8054954645932425
-0.14575678703998704,0.0009193661781407359,,0.8244530658763709
-1.7443096386687629,0.0063633973179068075,,0.9402199593805242
-1.0512193910399268,0.0,,1.0
-0.34175642227995157,0.0,,0.8361634460253289
-0.06972106543357405,0.003010775406718747,,0.9371361674992429
-0.3929583358079799,8.007943880322004e-05,,0.868334672297393
-0.20262482116800884,0.0013337437160151511,,0.9426909938722703
-0.3317432822633933,0.000489416370977646,,0.8009445588053716
-0.22678380647999644,0.0005405113237122922,,0.8324056016042484
-0.31009387723203513,0.0003203023654328595,,0.868334672297393
-0.6184079999999633,1.9404664881331607e-05,,1.0
-0.2010189999999758,0.0,,0.8361634460253289
-0.3238697055439674,0.0022020791724279053,,0.9426909938722703
-0.3432729618017636,0.0005199730837462275,,0.8009445588053716
-0.576925046207962,0.0014597750865052697,,0.8324056016042484
-0.6184079999999633,0.0,,1.0
-0.29887660580800446,0.0001762227455503975,,0.869179157666367
-0.20153223999997572,0.0,,0.8375441497639271
-0.7643923104479861,0.0032259716319319844,,0.9539294699726149
-0.16900397465599573,0.0005285750896976565,,0.869179157666367
-0.18753019786690994,0.0007034929956566835,,0.8008173611119682
-0.15428720786153327,0.0009352349777882933,,0.8387255476424982
-2.118014463039965,0.006338809360308579,,0.9371361674992429
-0.36107378168401155,0.00017513748292407612,,1.0
-0.4003844275199712,0.001136732705423834,,0.8339802943110054
-0.23462119049597213,0.00028877623050770654,,0.8695902502018718
-0.1580617171560104,0.0009276437847866501,,0.9332200158161398
-1.2670034428798393,0.0003492839678657338,,1.0
-0.19325473630012585,0.0006731328213444804,,0.8008173611119682
-1.3026002774400063,0.00042705178973519257,,1.0
-0.36501244964794205,0.0003689622535573066,,0.8695902502018718
-0.946793047703978,0.0031420987052386516,,0.8187454612850186
-1.7461044963431558,0.0038873209436071665,,0.9011042025986978
-0.7558893979560071,0.00028014147144316454,,1.0
-0.18148709945215658,0.0015630267553403939,,0.8008173611119682
-0.46542349110400505,0.00024102967878792753,,0.8695902502018718
-0.3433255990375653,0.0,,0.8387255476424982
-0.5339114814079686,0.0024998641378185626,,0.8187454612850186
-1.5675524491872042,0.004485023226013153,,0.9011042025986978
0.7210880061664052,0.005148607535689164,,0.8387255476424982
0.42951998163203625,0.002713600973853014,,0.923080494874452
-0.12260976944154267,0.002995538559592085,,0.9392822850659425
-0.15340537122216913,0.0028922631959509143,,0.8064404186711773
-0.37429763394807514,0.002943155062226591,,1.0
-1.3142211062399527,0.0004272010563516676,,1.0
-0.9495940425047693,0.0007005008581134741,,1.0
-0.07912544755997952,0.00146721102322026,,0.9392822850659425
-0.5737590681599656,0.0003700604968464703,,1.0
-0.42509809849595326,0.0006094433243102094,,0.923080494874452
-0.5444254909439363,0.0008293269230769545,,1.0
-1.0153136651839911,0.003869209809264242,,0.8007168623297317
-0.36338854139998955,0.0018089725036179467,,0.8064404186711773
-0.4557640105599938,0.00021369181754611152,,0.9808591607449463
-0.25883645571590924,0.0016323262188548346,,0.8146851357283519
-0.11727865132801085,0.001083423618634767,,0.8064404186711773
-0.9919207037303466,0.0008303385886909041,,0.9927763644307056
-0.6818998244967809,0.0,,1.0
-0.22844598367999736,0.001146657493406695,,0.9143506529424388
-0.2845439927039969,0.0009295946357817369,,0.923080494874452
-0.5351465666559188,0.0008046864941418823,,1.0
-0.22546084787194476,0.001356238698010901,,0.9075071720348257
-0.13969440515014497,0.0013542211689391926,,0.8146851357283519
-0.19688291999998359,0.0016504126031507466,,0.8250640954438885
-0.3095499999999554,0.0010587612493382751,,0.9515735792130409
-0.2688938999999658,0.0004906943324803669,,0.8740362745749706
-0.61437699523201,0.001694266819697274,,0.8007168623297317
-0.7877866147199473,0.00021373749149914773,,0.9808591607449463
0.22603716824801376,0.003359227377703137,,1.0
-0.20084998128000492,0.0009328358208954694,,0.8912534150350512
-0.12512068048799435,0.001576044129235591,,0.8508404539775365
-0.9215075974910725,0.0021556369907307924,,0.8753003482238153
-0.7757098527999913,0.0010517811685442047,,0.9459328842841533
-0.6444801562319913,0.0011430411333816894,,1.0
-0.6239189553119161,0.0003974562798090669,,0.9384775149424507
-0.4325480326400289,0.0011473152822397388,,0.9143506529424388
-1.2364882289279069,0.001610170509847278,,1.0
-0.3302900119420602,0.0018012608826178111,,0.8250640954438885
-0.35203092748799275,0.0,,0.8432689869558951
-0.8784830250560418,0.000256970319928127,,1.0
-0.13264586205597395,0.0010869565217392118,,0.9230788007896733
-0.24015119323198394,0.0002101944298476248,,0.8740362745749706
-0.5147550491999625,0.00132450331125825,,0.9515735792130409
-0.6751099094399994,0.00044398046485961983,,1.0
-0.4872079857599128,0.000687600275040136,,0.9143506529424388
-0.8875079831471957,0.0007118090753438188,,0.9927763644307056
-0.7394897133120022,0.0009049773755657122,,0.9075071720348257
-0.12312531728198645,0.0007494004796162764,,0.8250640954438885
-0.14579596063999445,0.0010582010582010591,,0.9515735792130409
-0.38701875462400054,0.000670043958944547,,0.9459328842841533
-0.07219162199995344,0.0018135654697134583,,0.9230788007896733
-0.5324877029999971,0.00041823504809701594,,1.0
-0.32486158178717534,0.0018375114844468086,,0.8089862265304671
-0.6659906366254698,0.0004821764795495239,,0.991612978450473
-0.3308240124799869,0.0007461294534601594,,0.8912534150350512
-0.43256972352771306,0.0010760291450178706,,0.8753003482238153
-0.21701818478395235,0.0004520795660037676,,0.900431515745749
-0.20706239999999637,0.0,,0.8432689869558951
-0.18840768771999594,0.0010506960861571093,,0.8508404539775365
-0.18682550611195087,0.0007237794446638379,,0.8089862265304671
-0.843987030640017,0.0011477103179159376,,0.9102227917165605
-0.2579389905487921,0.0003972983710767084,,0.9384775149424507
-0.39227975999996245,0.0,,1.0
-0.6413865350400068,0.0003600403245163595,,1.0
-0.2007979812799836,0.0005593884020138194,,0.8961641931933031
-0.4562127744720124,0.0,,0.8740362745749706
-0.3804998928719864,0.00028962188254215605,,1.0
-0.24549698775998471,0.000458557835607169,,0.9102227917165605
-0.44474776567998103,0.0007938608097380561,,0.9512866145259421
-0.6976476233599747,0.0005939538543544295,,0.9427649855813138
-0.16232718823999026,0.000741805368816481,,0.8623964904915935
-0.4932123195731975,0.0005224018191874857,,0.8689661155572854
-0.8495596958640428,0.0007562714209857713,,1.0
-0.45940231324797753,0.0005252100840335555,,0.8507709336559355
-0.9063518003239298,0.0007337419210723175,,0.991612978450473
-0.7304904634400051,0.0009045680687472745,,0.900431515745749
-1.0017547820159063,0.0014289659810031554,,1.0
-0.1712097029159775,0.0014467021766291998,,0.8089862265304671
-0.7729364345599832,0.0007940709370037358,,0.9512866145259421
-0.2893159999999774,0.0001324678765398877,,0.9205847431669447
-0.45331723830398235,0.0014498006524103352,,0.929832463663316
-0.4400342500607659,0.00021061499578761843,,1.0
-0.3882327583392008,3.502504290571259e-05,,1.0
-0.15578534415750944,0.00044950554390176775,,0.8361055085793644
-0.8943607748927731,0.0,,1.0
-0.41150864937594595,0.0005899269965342776,,0.9279947725064229
-0.2455309877599625,0.0005731972945086559,,0.9102227917165605
-0.41632797503997865,0.0007316429582364652,,1.0
-0.2658262089600242,0.0009326618168252987,,0.8961641931933031
-0.2850255927039834,0.0010552804610764646,,0.9427649855813138
-0.46002828062395823,0.00036978680986529824,,1.0
-0.3377480638367415,0.0011982671213937018,,0.8689661155572854
-0.31790814028798564,0.001576976148235701,,0.8178457336864012
-0.5269691951999931,0.0010570824524312906,,0.9614995549406262
-0.9139351745175508,,,1.0
-0.36988620239997666,0.0005587840858291244,,0.9299942422984033
-0.35946487219996787,0.0,,0.8623964904915935
-0.5555080628527851,0.0008279100298343293,,0.991612978450473
0.064769065040005,0.002887139107611522,,0.8507709336559355
-0.4781458290879378,0.0022593764121102092,,0.900431515745749
-0.26214299352000864,0.0007465472191115929,,0.9003423662358843
-0.32150080153600513,0.0014610241373363242,,0.9438109678459783
-0.33007200815997423,0.0016060571297466012,,0.9263915040860708
-0.29298233102319937,0.0016905910921217774,,0.8830232128816007
-0.39943199999995066,0.0015723836616134365,,1.0
-0.4172691160551456,0.0008473698998832154,,0.9966404149548083
-0.6847551562463519,0.004416403785488998,,1.0
0.22864353747022248,0.002896451846488135,,0.9359489769138609
-0.8087196201840334,0.0003152585119799443,,1.0
-0.2623244261783786,0.0023432343234322758,,0.8178457336864012
-0.5460923726719615,0.0004315421794403844,,0.9438109678459783
-0.36680088999996724,0.0,,0.8676343049079689
-0.4028256680593577,0.0022546219750488885,,0.8361055085793644
0.5846191814720243,0.006693268116874665,,0.9479121486296695
-0.2925175399999805,0.0,,0.9275321791693365
-0.5862952099199654,0.002105263157894651,,0.8672620008462242
-0.9368216542399996,0.0023860021208908645,,0.9614995549406262
-1.2319037633279817,0.0019591346153845757,,1.0
-0.8320677934799273,0.0017905102954342003,,0.9299942422984033
-1.0343874491279497,0.0010783493208008097,,1.0
-0.6092051365279703,0.0011555683952044241,,0.9098125159865257
-0.21531840422398374,0.0008908685968819093,,0.8056357723904427
-0.061527539039961415,0.001803426510369704,,0.9034153133532787
-0.44405283628800407,0.0012547977561263913,,0.9279947725064229
-0.5555382491847685,0.0013035166838299692,,0.9966404149548083
-1.045116463611977,0.0033755274261603467,,1.0
-0.48226599866917924,0.002399335568611689,,0.8830232128816007
-0.7044017109080162,0.000638243553740214,,1.0
-0.5594940647999596,0.0022413149047440686,,0.9003423662358843
-0.45739628396002124,0.00046349942062587894,,0.864170296192482
-0.8219533887488071,0.004451900122588709,,0.9442014012356981
-0.6923371474079771,0.001576044129235591,,1.0
-0.5071423957599352,0.0005897530409140522,,0.9371312930973736
-0.8269201171199518,0.001089324618736465,,0.9359489769138609
-0.5003100489599961,0.0018369690011481071,,0.9263915040860708
-0.6668936615239471,0.00036064851698069467,,0.9989991670725835
-0.40125833999996674,0.0,,1.0
-1.0854096544799847,0.0016500137501145166,,1.0
-0.32126351582398244,0.0009980039920160428,,0.8014169335106741
-0.7436919428208326,0.002207432788613606,,0.8379260864645472
-0.5092471443199696,0.0026369951119114593,,0.9442014012356981
-0.15257618588798103,0.0005561993047510135,,0.864170296192482
-0.2848019254499755,0.0017999100044997537,,0.8416823508953568
-0.6096088542399744,0.001057921184871728,,0.9629042700659654
-0.280788030753524,0.0006750329845662121,,0.8868719235874258
-0.34326341817597594,0.0010052496369932248,,0.9444529935225823
-0.39876723263999536,0.00037271710771517,,0.92209691828379
-0.2239013851680042,0.0004325259515570458,,0.9098125159865257
-0.23505323670399492,0.0005115203273729236,,0.8056357723904427
-0.2741327900159926,0.0009580000608254514,,0.9510909772739677
-0.6783266526959573,0.00024110328864882064,,1.0
-0.3605974921439442,0.0,,0.8657618987467258
-0.4859693290143933,0.000920628657855009,,0.8379260864645472
-0.4190169719999728,0.00044247787610630966,,0.9371312930973736
-0.4787577477119796,0.0007435746752857079,,1.0
-0.38272691777279233,0.0005028745194960014,,0.9989991670725835
-0.3995873970399537,0.00036271309394265137,,0.9407799092733171
-0.3765542820479605,0.0005587840858293229,,0.9444529935225823
-0.4700175694399159,0.0003439972480220289,,0.9340716304600736
-0.4069079999999967,0.0,,1.0
-0.49656884866398165,0.0002782028098483488,,0.864170296192482
-0.48318823818715295,0.0,,0.9092063117187439
-0.17966976385917816,0.001136049617734676,,0.8868719235874258
-0.3618979670879232,0.00043271311120738205,,0.9098125159865257
-0.10798952282397739,0.0011831208097803933,,0.8236370195885578
-0.743584408879973,0.00018309988098517103,,1.0
-0.6859967878847903,0.0,,1.0
-0.3207519497159825,0.0,,0.8014169335106741
-0.3593216139391604,0.004323138469479958,,0.9442014012356981
-0.22820598031999018,0.0007926023778071634,,0.9629042700659654
-0.17248188470302023,0.0007488392990863856,,0.8416823508953568
-0.3003840000000033,0.00037285607755398995,,0.92209691828379
-0.3430975544947203,0.0007989674881691953,,0.8597889972613123
-0.32737360673597193,4.4502792550318534e-05,,0.8056357723904427
-0.5271895823639514,0.0003950107333440408,,0.9877882605660113
-0.26234399183995466,0.0005734602592041268,,0.9280092647730869
-0.4027427743079258,0.00024527839097380604,,0.8922830397617537
-0.23675586479998784,0.0006024096385542535,,0.8662814902420833
-0.2680220428031115,0.0007959671000265918,,0.9370816266242892
-0.3605974921439442,0.0,,0.8657618987467258
-0.27697380000000027,0.00028024942198565296,,0.8922830397617537
-0.3391426104639965,0.0008115086683881231,,0.9290479560632774
-0.356042366748385,0.0005838608567389623,,0.8597889972613123
-0.2344912065279896,0.00026246719160102097,,0.8532161336829511
-0.53792980494869,0.003334402051939677,,0.9548984921171517
-0.8391008084159486,0.0004205214465937592,,1.0
-0.25079598444796997,0.0009376251222714534,,0.9510909772739677
-0.48433709185835006,0.0009483384843448886,,0.9877882605660113
-0.21920988168796823,0.0005900140128329035,,0.9290479560632774
-0.3742232912880409,0.0006107753632506035,,1.0
-0.10932695512002041,0.0012620468104634274,,0.9280092647730869
-0.615650555839959,0.0007251631617115065,,0.9406036197017928
-0.5262630838400171,0.0005592841163311174,,0.8918415882942412
-0.43135653144478914,0.00180695183652013,,0.8236370195885578
-0.3026399999999638,0.0007932310946589407,,0.9464260383731713
-0.27187919999996424,0.0,,0.8813877166444273
-0.23653484920004259,0.0011591783743682231,,0.8662814902420833
-0.10778592350154342,0.0019865427747517124,,0.9548984921171517
-0.19639692000000125,0.0023638333497488155,,0.8236370195885578
-0.3387962572631619,0.0005594074424868904,,0.9877882605660113
-0.36789641644793974,0.0014156489190681816,,1.0
-0.3674530218879539,0.0008519226575930465,,0.9231512907254753
-0.34951993540800064,0.0005904059040589756,,0.9290479560632774
-0.29791925862398394,0.0005247966413014379,,0.8532161336829511
-0.526178929663975,0.0007556877562505462,,1.0
-0.3335925164000009,0.0013769363166952011,,0.9280092647730869
-0.18850895578616964,0.000769230769230762,,0.8597889972613123
-0.37010704640002096,0.0007455731593662469,,0.8918415882942412
-0.5044398850079403,0.0007826475849733284,,0.9375037693767007
-0.3391850927871801,0.0008992805755395577,,0.8322724669468863
-0.42696899788799403,0.0003907102300116106,,0.931750562197598
-0.7370010840959715,0.0005523004514454937,,1.0
-0.062399942399969766,0.0021147237642083023,,0.9464260383731713
-0.6873642964080098,0.0005250721974272341,,1.0
-0.6972487940880103,0.0005951519245926499,,1.0
-0.7976986949759849,0.0006961818130648145,,1.0
-0.5331508315199719,0.0010332950631458484,,0.9398636509727365
-0.4920827328000206,0.000559492726594443,,0.8981706475460369
-0.2769253000000105,0.0,,0.8922830397617537
-0.16627781919997814,0.0010206922149022,,0.8662814902420833
-0.45626344420798703,0.0013550135501355527,,0.8813877166444273
0.24730064906403043,0.003986951794128271,,0.9406036197017928
-0.5075354635040148,0.0005591590248265495,,0.9375037693767007
-0.33934380238942013,0.0011995801469485972,,0.8322724669468863
-0.27731799999999274,0.0009021199819577013,,0.8945782780158938
-0.31508159999997576,0.0006192704790717173,,0.931750562197598
-0.3997200000000009,0.0005162808567861681,,1.0
-0.41003820000001007,0.00046656799021810226,,1.0
-0.8024361713759685,0.0006191134236526265,,1.0
-0.7249125007360293,0.000464338781574986,,0.8847193464755442
-0.34081588448320677,0.0005254124487722283,,0.9218936130900369
-0.5518027302144148,0.002736925410538759,,0.8194914811432633
-0.6090512148800031,0.0010590415673815206,,0.95980588902595
-0.46651577457594806,0.0008865248226951019,,0.9436309933749543
-0.33988822841680255,0.0012823042020122797,,0.8319976129975489
-0.7684919071532766,0.0022793075833179733,,0.8919839919719192
-0.28276660702973333,0.0005998800239952806,,0.8390422342838841
-0.5358941451519841,0.0005990334240343562,,0.9440615076445874
-0.6798004625280304,0.0010563084420650093,,1.0
-0.5157810455039681,0.001455074572571684,,0.9517867423750029
-0.695098698719937,0.0006265292943177334,,1.0
-0.7854640963199399,0.0010332950631456446,,0.9398636509727365
-0.4920827328000206,0.0005599104143337279,,0.8981706475460369
-0.29779200316795995,0.0006961849067112489,,0.9065305845054019
-0.7949843005439614,0.00026274303730948234,,1.0
-0.7866281627903596,0.0035729298024379267,,1.0
-0.26033521428477624,0.0011173184357541545,,0.8319976129975489
-0.21853918415997983,0.0004638003803162608,,0.9065305845054019
-1.1007832780799522,0.0010989010989010104,,1.0
-0.6727412989743522,0.0007688364941056445,,0.952884046199428
-0.3970525424223712,0.00039914848323579355,,0.8030457083228174
-0.48497096255997113,0.00021005461419970766,,0.9243891166738252
-0.7459527304320134,0.0008951549737049229,,0.9423944136959832
-0.6091906247199687,0.0002644802962179026,,0.9651410883527081
-0.4982057461039895,0.0014036643026004824,,0.9529960513095753
-0.8757055823999501,0.000611502687393382,,1.0
-1.0585297232639141,0.0018867924528301117,,1.0
-1.110279516910844,0.0019063432032714136,,0.8980488008834955
-0.35382745438640106,0.0015006002400961074,,0.8390422342838841
-0.3859560172799981,0.00045876820736338294,,0.9422440318517293
-0.7623527976000011,0.0009328358208954694,,0.913791089052452
-0.30303263420561827,0.0007976194128293315,,0.8980488008834955
-1.0176534019440258,0.0007880220646178683,,1.0
-0.4703781399679686,0.00032991072108325603,,0.9440615076445874
-0.5167881281279404,0.0007680583724363911,,1.0
-0.6940983017159073,0.0,,1.0
-0.35907601324799593,0.0021834061135370796,,0.9517867423750029
-0.44803681022394304,0.0006394779964798673,,1.0
-0.6693304435199249,0.0004573728503477074,,1.0
-0.2965899158935975,0.0005319856363877958,,0.8030457083228174
-0.2014703686464071,0.0007886435331229415,,0.8319976129975489
-0.49517810378397914,0.0,,0.9243891166738252
-0.26695199193602137,0.00044722719141318865,,0.9423944136959832
-0.7734940739199908,0.0007932310946589407,,0.9651410883527081
-0.4754978048880051,0.0002951376079096554,,0.9529960513095753
-0.3696821694719778,0.0007874015748032086,,1.0
-0.4169880015839509,0.0001286732182779136,,1.0
-0.14871028259838306,0.003587214143872942,,0.952884046199428
-0.7972973960831089,0.00023540489642175433,,1.0
-0.29919917999999984,0.0,,0.9424194532872922
-0.4838629926239173,0.0002783576896311454,,0.9065305845054019
-1.2664598214151657,0.0025900635742877086,,1.0
-0.4344485380415751,0.0008990110878034056,,0.8390422342838841
-0.8942453697599304,0.0011463945890175153,,0.9395180299073935
-0.7087578170399815,0.0009319664492077756,,0.9131643797700691
-0.40496802150398703,0.0010100497411430357,,0.9428228466139501
-0.589735245503948,0.0012843287881697633,,1.0
-0.6991646811143826,0.0014721345951629993,,1.0
-0.4263280963200079,0.0005725409366770618,,0.9395180299073935
-0.31143597868797657,0.0004436397645111201,,1.0
-0.8959711071358785,0.000889316365788781,,1.0
-0.7717666965119236,0.0007826475849731298,,0.9422387848565446
-0.3045923999999671,0.0003632401017071885,,0.9539457506041973
-0.2594015865599946,0.0003550397898163522,,0.9428228466139501
-0.5427754314943947,0.001676638832270313,,0.8312587585814986
-0.23335042931680597,0.0006443298969071999,,0.842746879497689
-0.2935865199999895,0.0,,0.9298731797624209
-0.43349302951998003,0.0015852047556142094,,0.9624890585107144
-0.5281541236320175,0.00037565962280215726,,1.0
-0.30922100263998265,0.0011069293779057317,,0.9378142321607091
-0.7573253519039134,0.0008201862305207453,,1.0
-0.10041129057958915,0.0011981428785382948,,0.8347231930426463
-0.3848009652000136,0.0007450176941702207,,0.9131643797700691
-1.1821073903520285,0.00217864923747293,,0.9539457506041973
-0.5278056542399681,0.0005279831045405965,,0.9624890585107144
-0.5025577413999679,0.00013914011409477527,,0.8973554003404607
-0.6180776510719957,0.0010506960861571093,,1.0
-0.2208072233740887,0.0006139866150918371,,0.842746879497689
-0.4025794800000057,0.0,,1.0
-0.4437072501119076,0.0003353828954723436,,0.9422387848565446
-0.28062599672960997,0.0010510411876765429,,0.8312587585814986
-0.245730761695996,0.0007871949619521568,,1.0
-0.499061853617579,0.0,,0.9298731797624209
-0.572946593119979,0.0002950722927116819,,0.9378142321607091
-0.7113147774479472,0.0004019098757294664,,1.0
-0.24565426382375322,0.0007497375918429545,,0.8347231930426463
-0.6779681136000468,0.000802568218298518,,0.9395180299073935
-0.5837428981775707,0.0009557004722283395,,0.9920643716332178
-0.3400523035977743,0.00044964028776984383,,0.8336100246638581
-0.47657593828002304,0.0,,0.8973554003404607
-0.43876317167998063,0.00018632383081792453,,0.9131643797700691
-0.5232717555200008,0.0007459770523248603,,0.9428228466139501
-0.8434248401280071,0.0008760770947844311,,1.0
-0.43770529963760607,0.0004661494134656507,,0.9920643716332178
-0.3682623694399533,0.0004584001833602264,,0.9228204733709465
-0.1947482783999666,0.0013206550449022434,,0.9406661624674125
-0.422338289023942,0.0003805792924269795,,0.9394084909223726
-0.4714324529759245,0.000782735100078237,,0.935677972007976
-0.3187091916500406,0.0006140431672345726,,0.8180313653222169
-0.6281684044799581,0.0003625815808556526,,0.9541707541066385
-0.37028385888003257,0.000558971492453906,,0.8926803740573919
0.416607929692854,0.0029399412011760022,,1.0
-0.18147223705917326,0.0015762511493497395,,0.8306893873883923
-0.20224098128000767,0.0005565088345776877,,0.8915184735864504
-0.4442519782511608,0.00021009138975455895,,0.9393847062414764
-0.7953460860799308,0.00026260504201677776,,1.0
-0.350053513079993,0.0005901881224641343,,0.9319812045519361
-0.37759919208003634,0.0003857466608802987,,1.0
-0.11003198039566701,0.0008996851102114154,,0.8336100246638581
-0.9586992648960528,0.0007199769607372837,,1.0
-0.3026399999999638,0.0,,0.9406661624674125
-0.280191396015984,0.00011185682326615725,,0.935677972007976
-0.11734415508478563,0.0014157014157014027,,1.0
-0.8493769507199633,0.0010873504893078017,,0.9541707541066385
-0.5278713816434393,0.0010746415302895548,,0.8180313653222169
-1.0197118555967557,0.000842459983150766,,1.0
-0.33286851685758345,0.0007230182726435673,,0.8306893873883923
-0.6403032184000441,0.0009174311926604494,,0.9228204733709465
-0.39337199999998274,0.00027462467960455086,,0.9985998710816146
-0.3452320336943888,0.0003960918933192797,,0.917874485477907
-0.6517076446463734,0.0005863027246789218,,0.9990452550604888
-0.3196889850208014,0.0001400315070892351,,0.9417250219056862
-0.2478254613359518,0.0007876082961407783,,1.0
-0.18524006416793962,0.001810282404055034,,0.940738309756153
-0.3682623694399533,0.0004584001833602264,,0.9334128614285132
-0.31533279999997677,0.0005125680675168822,,0.9464744640657647
-0.23308318387200702,0.0004474773464592862,,0.9441069181210054
-0.546323871271982,0.0003687315634217883,,0.9306937345592655
-0.47644332891994046,0.00027840935455428233,,0.8910739261871304
-0.49244995872000635,0.0,,0.8976389649645158
-0.2852639740799853,0.0005490985631921139,,0.9985998710816146
-0.4884257466239307,0.0004018840323436269,,0.9139186193319863
-0.15274596478718178,0.0008403067119499247,,0.9417250219056862
-0.2216214807146413,0.0006001500375093268,,0.83773319436963
-0.47695166479998774,0.0013452706777380447,,0.8910739261871304
-0.48830206540798404,0.0006235909243537044,,1.0
-0.18244380943655322,0.0008896797153024929,,0.8213056772936578
-0.0879494911232262,0.001683501683501615,,1.0
-0.5860192590703155,0.00046476517517515624,,0.9990452550604888
-0.3731197855999796,0.0007882291119284471,,1.0
-0.3026399999999638,0.0002643404705260084,,0.9499789257976556
-0.2878867199999918,0.0009240924092409322,,0.917874485477907
-0.5103461018879522,0.00067144136078785,,0.9441069181210054
-0.3424673852620658,0.0009007656508033022,,0.83773319436963
-0.14993929822798163,0.0010843135966353832,,0.8298962311227228
-0.2961739999999867,0.0008030285648731987,,0.9334128614285132
-0.6114223410559758,0.0006190285311264936,,0.9464744640657647
-0.5204633119935358,0.0010938807026575092,,0.9584269876817326
-0.28965600000000313,0.00018642803877699497,,0.8976389649645158
-0.5222144056319549,0.0004179862707586305,,0.9139186193319863
-0.42908635914552373,0.0006323777403035887,,1.0
-0.4688554251519871,0.000517430299094995,,0.9448342114586602
-0.07429337898402688,0.001449800652410134,,0.940738309756153
-0.4926553103847462,0.000537369377051262,,0.9990452550604888
-0.3282911320319576,0.0005897530409140522,,0.9306937345592655
-0.45446444294397714,0.0006840437788018692,,1.0
-0.2905732348519608,0.0004298302170642919,,0.8213056772936578
-0.3543642783999435,0.0005286809410520168,,0.9499789257976556
-0.45219632687999767,0.0005494505494504402,,0.9985998710816146
-0.3825807364079504,0.0004476776720762547,,0.955056948837558
-0.40692365971203776,0.00033746324061116633,,0.914531731358891
-0.5902843982399821,0.0004592422502871797,,0.9402382683064789
-0.579553071759987,0.00018554596901380272,,0.8985146097644403
-0.3095846225103741,6.993496048681726e-05,,0.9417250219056862
-0.35524138708798614,0.0002630194634402656,,1.0
-0.0902860678127389,0.0014764817549040416,,1.0
-0.3757631942399518,0.0005881223294446036,,1.0
-0.2202676471247887,0.0005320210148300641,,0.8015484351633189
-0.5277260922960023,0.0003968242216767143,,1.0
-0.389850321599914,0.00044247787610630966,,0.925442753632969
-0.22684760317964753,0.0006006006006006803,,0.8510221361395114
-0.4772389850799743,0.0016663580818367188,,0.8985146097644403
-0.6298525435679938,0.0005601613264619096,,0.955056948837558
-0.08357336601597842,0.001814882032667878,,0.8355316966218467
-0.0668175756047937,0.0022683191426410816,,0.8336913373136139
-0.7027126397440142,0.0005261773217573743,,1.0
-0.3208791526944079,0.000598643075695136,,0.8015484351633189
-0.49235815224000035,0.00018646280067136146,,0.9062989485204056
-0.4159155009599484,0.0007329363261567796,,1.0
-0.37721601868799376,0.0009547557501180149,,0.9448342114586602
-0.3972099851173992,0.0009013068949977361,,0.8510221361395114
-0.5070165868799854,0.00040222025581208273,,0.914531731358891
-0.7161772266959185,0.0005493277028476388,,1.0
-0.28100195583996646,0.0007934408886538253,,0.9564457860318497
-0.4605891796799883,0.0008040431886055219,,0.9402382683064789
-0.6594166081719899,0.0001748496293187666,,1.0
-0.4974442312319588,0.0009595512252731612,,0.925442753632969
-0.679351630848018,0.0011177212907878555,,1.0
-0.27614210039999276,0.0007458512026850484,,0.9062989485204056
-0.175631719259913,0.0012666244458518997,,1.0
-0.2639098458336256,0.003162310422717123,,0.9584269876817326
-0.05864426594399879,0.0014479399763064526,,0.8336913373136139
-0.7025276666879392,0.0005263157894736262,,1.0
-0.3205161430719584,0.0007325031630818339,,0.8015484351633189
-0.5019150727039496,0.0006955903632808971,,0.9448342114586602
-0.008770872759951143,0.0016672069652202324,,0.8985146097644403
-0.3795122663999933,0.0009165902841429361,,1.0
-0.3506604709566801,0.0006008712633317806,,0.8510221361395114
-0.659517105077565,0.00013985524981657987,,1.0
-0.4757221380160025,0.0006680026720107381,,0.8996604714056888
-0.5607663600800289,0.0018175209014903687,,0.8355316966218467
-0.5271086050399585,0.0007938608097380561,,0.9564457860318497
-0.6557566728239748,0.000560349658186597,,0.955056948837558
-0.5166425103359478,0.00024137875545110032,,0.914531731358891
-0.6048556228800397,0.0006894174422613154,,0.9402382683064789
-0.1894064251631281,0.00219510620440317,,0.9584269876817326
-0.42421920460796314,0.0002962655724591524,,1.0
-0.4926263236439795,0.0009877193560070172,,0.84887538398264
-0.28590081279993046,0.0011006145097679954,,1.0
-0.18978424273438277,0.0006664001066239437,,0.8223378892759401
-0.3887007753599979,0.0005743165632895711,,0.9670232828880363
-0.9358903629999467,0.0015427634750747289,,1.0
-0.3279080067199811,0.0007469654528477899,,0.9223281852628614
-0.4212482399999693,0.0,,1.0
-0.3192540093599632,0.00027833186435957414,,0.8977069271666507
-0.35222406112000715,0.0,,0.8532177012302538
-0.505040679999935,0.0002447124628561947,,1.0
-0.5384478269279638,0.0007898894154817455,,1.0
-0.44268578060795494,0.000665464428132354,,0.9624063664693957
-0.7491740032492846,0.0007513148009015471,,1.0
-0.6240489326399307,0.0002644802962180201,,0.9718018771487053
-0.38220161132001934,0.0003340385257766028,,0.8996604714056888
-0.8132011361919529,0.0005600985773495022,,0.9767421455879934
-0.27595725900001106,0.0010889292196008074,,0.851717963758122
-1.3882924271199557,0.0015609218620879783,,1.0
-0.595447444353595,0.0013332444503700136,,0.8223378892759401
-0.4097595545567976,0.00013986992097344043,,1.0
-0.6961273189315595,0.002425991892887839,,0.8140148172149557
-0.4936400456960226,0.0013301803133313804,,0.947837811519711
-1.1417839607999856,0.0015531128474938379,,1.0
-0.8597316237959673,0.003359824255346776,,0.9752453976247718
-0.6272590243199372,0.0004022849786788961,,0.9314834376652328
-0.5534788522079769,0.0009984238531459053,,1.0
-0.3995545917599967,0.0006644027757270787,,0.9609337435116794
-0.32933603512863985,0.0007049376283446106,,0.8162432928347831
-0.3791274714935768,0.0025992827295759097,,0.84887538398264
-0.41553499999998234,0.0009377141414506072,,1.0
-0.6220392191999404,0.0003734129947721438,,0.9223281852628614
-1.0726888032671726,0.0008454872120060307,,1.0
-0.718539396847973,0.0003538684252855513,,1.0
-0.6140905662720064,0.001503030303030314,,0.986057410312792
-3.287724431417562,0.006974041069352949,,0.9788949686987113
-0.9545650909439575,0.0007894736842105854,,1.0
-0.35453816245680525,0.0018065957167257823,,0.8570469768088579
-0.5358560624639566,0.0007772849892551642,,0.9655511595467788
