pnl,score,entry_efficiency,entry_delay,slippage,mfe,mae,profit_capture_ratio
-0.06960724949118643,0.32385211796294194,1.0,0,,0.0007000000000000339,0.0,-99.43892784454722
-0.19796327410399925,0.4566537476422856,1.0,0,,0.12999999999999545,-0.28999999999999204,-1.522794416184663
-0.7374793637087877,0.4566537476422856,1.0,0,,0.0,-0.5200000000000102,
-0.30292077446397697,0.5349763630442276,1.0,0,,0.00019999999999997797,-0.00020000000000003348,-1514.6038723200518
-0.3612073103832042,0.3913781356305902,1.0,0,,0.0,-8.000000000000368e-05,
-0.28212940000000875,0.4022439472722752,,0,,0.0,0.0,
-0.45835005980798704,0.35669807168469625,1.0,0,,9.999999999998899e-05,-0.0014000000000000123,-4583.500598080375
-0.29019434065438954,0.3434710219580873,1.0,0,,0.012000000000000455,-0.05000000000000071,-24.18286172119821
-0.10920627765600127,0.3392723956144714,1.0,0,,0.0004999999999999449,0.0,-218.4125553120266
-0.09823415457920066,0.3434710219580873,1.0,0,,0.03200000000000003,0.0,-3.069817330600018
-0.13097254801677652,0.4566537476422856,1.0,0,,0.21000000000000796,-0.030000000000001137,-0.6236788000798645
-0.09483157724797439,0.30466642644081976,1.0,0,,0.0006000000000000449,0.0,-158.05262874661216
-0.40998359999995804,0.5361724282598392,1.0,0,,0.0,-0.00019999999999997797,
-0.32277000974401826,0.4022439472722752,1.0,0,,0.0,-0.000200000000000089,
-0.19993958060799516,0.39887644187122356,1.0,0,,0.00040000000000006697,0.0,-499.84895151990423
-0.3044149743199922,0.5387942598351533,1.0,0,,0.00019999999999997797,0.0,-1522.0748716001287
-0.379271792899984,0.33454149535813343,1.0,0,,0.0,-0.04400000000000048,
-0.270009616464009,0.3358805843432995,1.0,0,,9.999999999998899e-05,-0.00030000000000002247,-2700.0961646403875
-0.7862895898799791,0.5387942598351533,1.0,0,,0.0,-0.0006999999999999784,
-0.1424098259167857,0.33454149535813343,1.0,0,,0.018000000000000682,-0.0030000000000001137,-7.911656995376683
-0.188337199999984,0.300215996462442,,0,,0.0,0.0,
-0.40202042908800073,0.39887644187122356,1.0,0,,0.0,-0.0006000000000000449,
-0.20006078060799207,0.40166434421968533,1.0,0,,0.00040000000000006697,0.0,-500.15195151989644
-0.16045245035519415,0.4079836294129007,1.0,0,,0.1599999999999966,0.0,-1.0028278147199847
-1.3091933737063077,0.4671435046720455,1.0,0,,0.0,-0.00037999999999999146,
-0.19452598060801363,0.3891878368474792,1.0,0,,0.0007999999999999119,-0.00029999999999996696,-243.1574757600438
-0.2134791820479774,0.4179946485639269,1.0,0,,0.00020000000000003348,-9.999999999998899e-05,-1067.3959102397082
-0.13612027822077077,0.4671435046720455,1.0,0,,0.00017000000000000348,0.0,-800.707518945694
-0.395036445935994,0.3427113800295829,1.0,0,,0.010000000000001563,-0.05799999999999983,-39.50364459359323
-0.4791274680815889,0.3968505168065106,1.0,0,,0.0,-7.000000000000062e-05,
-0.16036797039357914,0.4079836294129007,1.0,0,,0.160000000000025,-0.19999999999998863,-1.0022998149597129
-0.44452943897599084,0.40166434421968533,1.0,0,,0.0,-0.0004999999999999449,
-0.13743783959359696,0.45692692880771474,1.0,0,,0.0006000000000000449,0.0,-229.0630659893111
-0.29899636422398274,0.3391969296807761,1.0,0,,0.0007999999999999674,-0.0005000000000000004,-373.7454552799936
-0.4753166448800029,0.4179946485639269,1.0,0,,0.0,-0.0005000000000000004,
-0.18036809445598856,0.3427113800295829,1.0,0,,0.007999999999999119,-0.003999999999997783,-22.546011807001054
-0.19277207942243596,0.3968505168065106,1.0,0,,2.9999999999995308e-05,-3.0000000000002247e-05,-6425.73598074887
-0.2550451951520015,0.3891878368474792,1.0,0,,0.00019999999999997797,-0.0007999999999999119,-1275.225975760148
-0.18449807815034186,0.4460738834296361,1.0,0,,0.20000000000001705,-0.09999999999999432,-0.9224903907516306
-0.2927023999999751,0.42707754240902784,,0,,0.0,0.0,
-0.18279847539998362,0.41079948621727636,1.0,0,,0.000500000000000056,0.0,-365.59695079992633
-0.3616917623000101,0.4671435046720455,1.0,0,,0.0,-6.0000000000004494e-05,
-0.16671980601602793,0.4624536363023005,1.0,0,,0.0004999999999999449,0.0,-333.43961203209255
-0.18426107523358637,0.34436765384129,1.0,0,,0.006000000000000227,-0.012999999999998124,-30.710179205596564
-0.24502449124001652,0.40299537166842225,1.0,0,,9.999999999998899e-05,0.0,-2450.244912400435
-0.1206289878815585,0.4460738834296361,1.0,0,,0.4199999999999875,0.0,-0.2872118759084812
-0.3561058193919776,0.38851046501631137,1.0,0,,0.0,-0.0007999999999999119,
-0.48198306662398954,0.34416152551550916,1.0,0,,0.0,-0.0005000000000000004,
-0.06553236678398695,0.34416152551550916,1.0,0,,0.00040000000000001146,0.0,-163.83091695996268
-0.1313937425231786,0.34436765384129,1.0,0,,0.022000000000002018,0.0,-5.972442841962115
-0.36723701967997624,0.41079948621727636,1.0,0,,0.0,-0.00039999999999995595,
-0.2716752940719893,0.4360703957135892,1.0,0,,9.999999999998899e-05,0.0,-2716.7529407201923
-0.2044388399999908,0.34420834444393,1.0,0,,0.022999999999999687,0.0,-8.888645217391025
-0.15630296427358015,0.45506465746734487,1.0,0,,0.18000000000000682,-0.03999999999999204,-0.8683498015198567
-0.387309446999965,0.38851046501631137,1.0,0,,0.00039999999999995595,-0.00039999999999995595,-968.2736175000191
-0.17187847371997428,0.40299537166842225,1.0,0,,0.00030000000000002247,-9.999999999998899e-05,-572.9282457332047
-0.1519499344048324,0.45506465746734487,1.0,0,,0.3199999999999932,-0.4399999999999977,-0.4748435450151114
0.08939477519199229,0.3331342201529548,1.0,0,,0.0008999999999999564,0.0,99.32752799110736
-0.22250786017595525,0.45506465746734487,1.0,0,,0.160000000000025,0.0,-1.390674126099503
-0.25187687644000023,0.38416485561178637,1.0,0,,0.00029999999999996696,0.0,-839.5895881334266
-0.18755549603998728,0.34420834444393,1.0,0,,0.009000000000000341,-0.02699999999999747,-20.839499559997797
-0.14657776440479608,0.3650535796510658,1.0,0,,0.01899999999999835,-0.004000000000001336,-7.714619179200463
-0.17313446831999904,0.45545453112585643,1.0,0,,0.1599999999999966,0.0,-1.0820904270000171
-0.32201919112799327,0.3115917444661672,1.0,0,,0.0,-0.00010000000000000286,
-0.4573800431999732,0.39312764499168273,1.0,0,,0.0,-0.0005000000000000004,
-0.13341596543998135,0.39312764499168273,1.0,0,,0.00040000000000001146,0.0,-333.5399135999438
-0.18915117062398762,0.3947877882653569,1.0,0,,0.0012000000000000066,0.0,-157.6259755199888
0.3970776701360031,0.3280297751150836,1.0,0,,0.0018000000000000238,0.0,220.5987056311099
-0.12743566444798304,0.3115917444661672,1.0,0,,5.000000000000837e-05,0.0,-2548.713288959234
-0.42366965088960207,0.3650535796510658,1.0,0,,0.009000000000000341,-0.05000000000000071,-47.07440565439845
-0.8167489229087921,0.45545453112585643,1.0,0,,0.009999999999990905,-0.5300000000000011,-81.6748922909535
-0.09635085667998594,0.39312764499168273,1.0,0,,0.0005000000000000004,-9.999999999998899e-05,-192.7017133599717
-2.0728998312799862,0.3947877882653569,1.0,0,,9.999999999998899e-05,-0.002700000000000008,-20728.998312802145
-0.16872983492158292,0.3050528624862584,1.0,0,,0.00039999999999995595,0.0,-421.8245873040037
1.4104893914400076,0.3280297751150836,1.0,0,,0.0049000000000000155,-0.00040000000000001146,287.8549778448986
-0.2903979999999427,0.4175296696518052,1.0,0,,0.0007999999999999119,0.0,-362.99749999996834
-0.14667021435917238,0.3650535796510658,1.0,0,,0.02400000000000091,0.0,-6.1112589316319506
-0.37805120000000125,0.47622066610605485,1.0,0,,0.28000000000000114,-0.09000000000000341,-1.3501828571428562
-0.13813703920477083,0.46206925452270764,1.0,0,,0.0006000000000000449,-0.0007000000000000339,-230.2283986746008
-0.2865528599999904,0.41484891848191674,1.0,0,,3.0000000000002247e-05,0.0,-9551.761999998966
-0.4415904328320279,0.4539037043273433,1.0,0,,0.0,-0.002000000000000224,
-0.17376809128798607,0.3611402493387098,1.0,0,,0.0005000000000000004,0.0,-347.5361825759718
-0.2784209999999784,0.3961899811075943,1.0,0,,0.00019999999999997797,0.0,-1392.1050000000453
-0.05686249245604147,0.3859869807212098,1.0,0,,0.0019000000000000128,-0.00020000000000000573,-29.927627608442677
-0.2456443898239662,0.4175296696518052,1.0,0,,0.00039999999999995595,0.0,-614.1109745599831
-0.21828510622560998,0.3115917444661672,1.0,0,,0.0,-2.0000000000006124e-05,
-0.13706117731601453,0.3050528624862584,1.0,0,,0.0004999999999999449,0.0,-274.1223546320592
-0.16774476721599726,0.4539037043273433,1.0,0,,0.002000000000000224,0.0,-83.87238360798925
-0.11925957828476907,0.3603795808739894,1.0,0,,0.000130000000000019,-0.00011999999999998123,-917.3813714211666
-0.138002914347985,0.41484891848191674,1.0,0,,5.000000000000143e-05,0.0,-2760.058286959621
-0.08747453831997717,0.45890575400229366,1.0,0,,0.0010000000000000009,-0.00029999999999996696,-87.4745383199771
-0.17507942163599022,0.3603795808739894,1.0,0,,3.999999999998449e-05,-4.000000000001225e-05,-4376.985540901453
-0.5476925252943823,0.38961171553139307,1.0,0,,0.010999999999999233,-0.06099999999999994,-49.79022957222004
-0.9334881536175801,0.47622066610605485,1.0,0,,0.0800000000000125,-0.6599999999999966,-11.668601920217927
-1.163668986912002,0.4917657898999219,1.0,0,,0.0,-0.0021999999999999797,
-0.2058055825280079,0.3961899811075943,1.0,0,,0.00019999999999997797,0.0,-1029.0279126401529
-0.3295165140951883,0.5106400212289325,1.0,0,,3.0000000000002247e-05,0.0,-10983.88380317212
-0.14750020981439374,0.3050528624862584,1.0,0,,0.0004999999999999449,-0.00019999999999997797,-295.00041962882
-0.24478556155194486,0.527019484367361,1.0,0,,0.0001000000000000445,-9.999999999998899e-05,-2447.855615518359
-0.31315811999998,0.47276877058519196,1.0,0,,0.0006000000000000449,0.0,-521.9301999999276
-0.21308986501438132,0.38961171553139307,1.0,0,,0.013999999999999346,0.0,-15.22070464388509
-0.3405965348296082,0.525323960151343,1.0,0,,1.9999999999992246e-05,-2.0000000000006124e-05,-17029.826741487013
-0.43148199999998876,0.5780327065339623,1.0,0,,0.0040000000000000036,0.0,-107.8704999999971
-0.2934680456105004,0.47291246574942614,1.0,0,,5.100000000000171e-09,-2.099999999999946e-09,-57542754.04127265
-0.37075768078271953,0.5203141415639265,1.0,0,,3.000000000000398e-06,-1.999999999999398e-06,-123585.89359422344
-0.3516895884799933,0.5074187059814624,1.0,0,,0.12000000000000455,-0.06999999999993634,-2.9307465706665
-0.38751599999997455,0.49632779896775875,1.0,0,,0.00030999999999997696,-2.0000000000020002e-05,-1250.0516129032367
-0.4063211999999927,0.52935205484272,1.0,0,,0.00019999999999997797,0.0,-2031.6060000001874
-0.3025199000000065,0.4501932087659031,1.0,0,,0.000500000000000056,0.0,-605.0397999999453
-0.2446099615040016,0.527019484367361,1.0,0,,9.999999999998899e-05,-9.999999999998899e-05,-2446.0996150402852
-0.24978178987199917,0.42624396124970243,1.0,0,,0.00019999999999997797,-0.000300000000000078,-1248.9089493601334
-0.3580575900159834,0.5074187059814624,1.0,0,,0.12999999999999545,0.0,-2.7542891539691996
-0.32248730770396516,0.4175296696518052,1.0,0,,9.999999999998899e-05,-0.0009999999999998899,-3224.8730770400066
-0.6212681746343334,0.5203141415639265,1.0,0,,2.999999999999531e-06,-1.0000000000001327e-06,-207089.39154481018
-0.3616033298863549,0.525323960151343,1.0,0,,2.0000000000006124e-05,0.0,-18080.16649431221
-0.3294446840879735,0.5106400212289325,1.0,0,,3.0000000000002247e-05,-5.9999999999990616e-05,-10981.489469598295
-0.22857628480800027,0.42624396124970243,1.0,0,,0.00029999999999996696,0.0,-761.9209493600848
-0.33462247655197214,0.5780327065339623,1.0,0,,0.0009999999999998899,0.0,-334.622476552009
-0.4184045502621605,0.47291246574942614,1.0,0,,0.0,-4.599999999999922e-09,
0.25903116902402307,0.4006354997489163,1.0,0,,0.0,-1.759999999999991,
-0.20672594748556683,0.44574062374361023,1.0,0,,3.0000000000002247e-05,-9.999999999996123e-06,-6890.864916185044
-0.30118739999997923,0.44521591634614055,1.0,0,,0.0005999999999999339,-9.999999999998899e-05,-501.9790000000207
-0.6158241186799948,0.4501932087659031,1.0,0,,0.0007000000000000339,-9.999999999998899e-05,-879.7487409713784
-0.4046651999999947,0.527019484367361,1.0,0,,0.00030000000000002247,0.0,-1348.883999999881
-0.5123934832640114,0.5074187059814624,1.0,0,,0.7200000000000273,0.0,-0.7116576156444332
-0.39558527999999793,0.5106400212289325,1.0,0,,3.999999999999837e-05,0.0,-9889.63200000035
-0.40357478000000324,0.525323960151343,1.0,0,,4.000000000001225e-05,0.0,-10089.369499996992
-0.40061918399997476,0.5203141415639265,1.0,0,,5.999999999999929e-06,0.0,-66769.86399999658
-0.20667042747116293,0.44574062374361023,1.0,0,,3.0000000000002247e-05,0.0,-6889.014249038249
-0.15550506418560378,0.49632779896775875,1.0,0,,0.00010999999999999899,-9.000000000000674e-05,-1413.6824016873202
-0.1406618362799671,0.52935205484272,1.0,0,,0.00020000000000003348,-0.00039999999999995595,-703.3091813997177
-0.4316385999999752,0.5780327065339623,1.0,0,,0.0040000000000000036,0.0,-107.9096499999937
-0.29332436340542095,0.47291246574942614,1.0,0,,4.599999999999922e-09,-1.4000000000001052e-09,-63766165.95770129
-0.29185519999997434,0.42624396124970243,1.0,0,,0.0009000000000000119,0.0,-324.28355555552275
-0.16911916563198331,0.47276877058519196,1.0,0,,0.0004999999999999449,-0.0014000000000000679,-338.2383312640039
-0.30103199999996266,0.44521591634614055,1.0,0,,0.000400000000000178,-0.0010999999999998789,-752.5799999995718
-0.3884846799999517,0.49632779896775875,1.0,0,,0.0,-0.0002500000000000002,
-0.2790319999999904,0.38444639517970114,1.0,0,,0.04000000000000625,0.0,-6.97579999999867
-0.38263679999996636,0.4855657854736814,1.0,0,,0.0006000000000000449,0.0,-637.7279999998962
-0.30424952000000005,0.45386423647778873,1.0,0,,0.0008000000000000229,0.0,-380.3118999999892
-0.4425181589087871,0.4006354997489163,1.0,0,,0.06999999999999318,-0.27000000000001023,-6.32168798441186
-0.24489836140793542,0.5286785222658251,1.0,0,,0.0001000000000000445,-9.999999999998899e-05,-2448.9836140782645
-0.34772478771200466,0.5108507754295918,1.0,0,,0.15999999999996817,-0.029999999999972715,-2.1732799232004614
-0.4057785300000077,0.5288658974139828,1.0,0,,3.000000000000398e-06,-2.999999999999531e-06,-135259.5099999846
-0.567978040166385,0.5189613891882293,1.0,0,,0.0,-9.000000000000674e-05,
-0.5126744000000142,0.5921740061426701,1.0,0,,0.002000000000000224,-0.0009999999999998899,-256.3371999999784
-0.8909356155599878,0.5339014813467415,1.0,0,,9.999999999998899e-05,-0.00040000000000001146,-8909.356155600859
-0.5072860165559838,0.5115923814653622,1.0,0,,2.0000000000006124e-05,-8.999999999999286e-05,-25364.300827791423
-0.30936060000000937,0.46556312696756885,1.0,0,,0.0005999999999999894,0.0,-515.6010000000247
-0.6327590130579106,0.476726891817194,1.0,0,,0.0,-8.099999999999973e-09,
-0.2988143999999646,0.44085616166263963,1.0,0,,0.0009000000000000119,-9.999999999998899e-05,-332.0159999999563
-0.30405759999999576,0.4485632064414735,,0,,,,
-0.40489439999999777,0.5286785222658251,1.0,0,,0.0005000000000000004,0.0,-809.7887999999948
-0.393579048816001,0.303816640909891,1.0,0,,0.0,-0.0009000000000000119,
-0.4003777400000085,0.5189613891882293,1.0,0,,1.9999999999992246e-05,0.0,-20018.887000008184
-0.2616095669759775,0.5108507754295918,1.0,0,,0.19000000000005457,-0.12000000000000455,-1.3768924577679071
-0.5263358715359518,0.5084066604721703,1.0,0,,0.0,-0.00015999999999999348,
-0.44639994640634073,0.476726891817194,1.0,0,,2.6000000000001953e-09,-1.699999999999916e-09,-171692287.07934892
-0.18919179999997615,0.303816640909891,1.0,0,,0.00030000000000002247,-9.999999999998899e-05,-630.6393333332067
-0.3191159087999688,0.38444639517970114,1.0,0,,0.030000000000001137,-0.030000000000001137,-10.637196959998558
-1.4444462232959743,0.5921740061426701,1.0,0,,0.0,-0.008000000000000007,
-0.3853440207359997,0.44085616166263963,1.0,0,,0.0,-0.000500000000000056,
-0.5515539363999631,0.45386423647778873,1.0,0,,9.999999999998899e-05,-0.0010000000000000009,-5515.5393640002385
-0.39908454205699984,0.476726891817194,1.0,0,,2.699999999999991e-09,0.0,-147809089.65074116
-0.24159593285517603,0.5115923814653622,1.0,0,,3.999999999999837e-05,-6.0000000000004494e-05,-6039.898321379646
-0.32537878070399895,0.5286785222658251,1.0,0,,9.999999999998899e-05,-9.999999999998899e-05,-3253.7878070403476
-0.3065439777279829,0.5108507754295918,1.0,0,,0.2899999999999636,0.0,-1.0570481990621428
-0.3793415049863894,0.5189613891882293,1.0,0,,2.0000000000006124e-05,-9.999999999996123e-06,-18967.075249313664
-0.6001148649040056,0.48325507192692185,1.0,0,,0.028999999999996362,-0.015000000000000568,-20.693616031175203
-0.6918828729119975,0.49417926455065325,1.0,0,,0.0030000000000001137,-0.011999999999998678,-230.62762430399042
-1.1155712153825803,0.5288658974139828,1.0,0,,1.999999999999398e-06,-1.000000000000046e-05,-557785.6076914581
-0.5697246384479915,0.5339014813467415,1.0,0,,9.999999999998899e-05,-0.0005999999999999894,-5697.2463844805425
-0.46157804367997546,0.38444639517970114,1.0,0,,0.00999999999999801,-0.07000000000000028,-46.15780436800673
-0.5593618311640114,0.45386423647778873,1.0,0,,0.00019999999999997797,-0.0013000000000000789,-2796.809155820365
-0.5584896622079799,0.44085616166263963,1.0,0,,0.0,-0.0011999999999999789,
-0.40086895999999017,0.5189644890676894,1.0,0,,0.0,-0.0001300000000000051,
-0.9776481113599329,0.5921740061426701,1.0,0,,0.0,-0.0040000000000000036,
-0.5785658040831976,0.5084066604721703,1.0,0,,0.0,-0.00020000000000000573,
-0.40506209999999077,0.5278707891032226,1.0,0,,1.9999999999992246e-05,0.0,-20253.105000007392
-0.3602480134399744,0.4485632064414735,1.0,0,,0.00029999999999996696,-0.0012000000000000899,-1200.8267114667137
-0.6458011037026479,0.48153279869417703,1.0,0,,1.499999999999901e-09,0.0,-430534069.135127
-0.3433201873759887,0.5105822997487952,1.0,0,,4.000000000001225e-05,0.0,-8583.004684397089
-0.13242375056064948,0.5283173985227609,1.0,0,,7.999999999999327e-06,-1.0000000000001327e-06,-16552.968820082577
-0.3658643889119942,0.5276679900529864,1.0,0,,0.14999999999997726,0.0,-2.439095926080331
-0.3350915801279989,0.5512986537032678,1.0,0,,9.999999999998899e-05,-9.999999999998899e-05,-3350.9158012803578
-0.4087367713919715,0.6152697872288455,1.0,0,,0.0009999999999998899,0.0,-408.7367713920165
-0.30145379999997246,0.44591178716641167,1.0,0,,0.000700000000000145,-9.999999999998899e-05,-430.64828571415717
-0.3037875200000033,0.45301627358126595,1.0,0,,0.0007000000000000339,0.0,-433.98217142855515
-0.19429794911997758,0.529349403273892,1.0,0,,0.00040000000000001146,0.0,-485.74487279993
-0.3116929199999911,0.47176165753183297,1.0,0,,0.00010000000000000286,0.0,-3116.929199999822
-0.38528219999997115,0.48325507192692185,1.0,0,,0.11299999999999955,0.0,-3.409576991150201
-0.3774628846455924,0.5189644890676894,1.0,0,,0.00012999999999999123,0.0,-2903.560651120137
-0.4045111399999769,0.5283173985227609,1.0,0,,1.299999999999999e-05,0.0,-31116.241538459784
-0.40587399999998464,0.529349403273892,1.0,0,,0.00019999999999997797,0.0,-2029.3700000001468
-0.6721728741479501,0.5105822997487952,1.0,0,,0.00015000000000001124,0.0,-4481.152494319332
1.0357375397712523,0.3027384039314236,1.0,0,,0.0030699999999999894,0.0,337.37379145643513
-0.28032619476799714,0.447823897239083,1.0,0,,9.999999999998899e-05,-9.999999999998899e-05,-2803.26194768028
-0.6366847436940399,0.48153279869417703,1.0,0,,0.0,-4.199999999999892e-09,
-0.886279785895972,0.6152697872288455,1.0,0,,0.0,-0.0030000000000001137,
-0.6017265582327602,0.5189644890676894,1.0,0,,1.9999999999992246e-05,-0.00010000000000000286,-30086.327911649674
-0.20644339999999,0.3349346942774824,1.0,0,,0.2799999999999727,-0.29000000000002046,-0.7372978571428933
0.044128838368874046,0.5027628674370701,1.0,0,,0.0010000000000000009,-0.0016000000000000458,44.12883836887401
-0.6000951451439261,0.5276679900529864,1.0,0,,0.0,-0.5699999999999363,
-0.5251065529776079,0.45301627358126595,1.0,0,,0.0,-0.0015999999999999348,
-0.1155337575200017,0.4287699380212806,1.0,0,,0.0007999999999999952,0.0,-144.417196900003
-0.44578713463197417,0.44591178716641167,1.0,0,,9.999999999998899e-05,-0.0017000000000000348,-4457.871346320233
-0.2180549688757045,0.5027437746347478,1.0,0,,1.3999999999996817e-09,-1.7000000000003395e-09,-155753549.19696718
-0.5958021657055749,0.5278707891032226,1.0,0,,0.0,-8.999999999999286e-05,
-0.832730599479979,0.5512986537032678,1.0,0,,0.0,-0.0005999999999999894,
-0.31243239999999994,0.47176165753183297,1.0,0,,0.0,-1.0000000000003062e-05,
-0.29954999999999266,0.44321178483348866,,0,,0.0,0.0,
-0.08785587573599955,0.3003216652416117,1.0,0,,0.0,-0.0009000000000000119,
-0.33147401003200916,0.42100756987044385,1.0,0,,0.0,-0.000200000000000089,
-0.32584558564794613,0.48325507192692185,1.0,0,,0.029000000000010573,-0.10199999999998965,-11.236054677511287
-0.38451070491917144,0.5290450995587955,1.0,0,,1.9999999999992246e-05,0.0,-19225.535245966024
-0.4916975846223073,0.5205318410339252,1.0,0,,0.0,-1.000000000000046e-05,
-0.4032875136705408,0.5027437746347478,1.0,0,,1.8000000000001352e-09,0.0,-224048618.70583916
-0.46558681857598233,0.4961112606687198,1.0,0,,0.0,-6.999999999998674e-05,
-0.5124040254399791,0.5289989115961762,1.0,0,,0.0,-0.00030000000000002247,
-0.4312335999999478,0.5762002731983245,,0,,0.0,0.0,
-0.4815327166319818,0.5197129377337006,1.0,0,,0.10000000000002274,-0.18000000000006366,-4.815327166318723
-0.3396122681743865,0.45652637733714063,1.0,0,,9.999999999998899e-05,-0.0005999999999999339,-3396.122681744239
-0.4424245306415786,0.5145898978523092,1.0,0,,9.999999999996123e-06,-3.0000000000002247e-05,-44242.45306417501
-0.30922061872637796,0.5145898978523092,1.0,0,,3.999999999999837e-05,-2.0000000000006124e-05,-7730.515468159764
-0.6042433540063643,0.4287699380212806,1.0,0,,0.0,-0.002819999999999989,
-0.19042849613599713,0.3349346942774824,1.0,0,,0.08999999999997499,-0.07000000000005002,-2.115872179289445
-0.6051211460639913,0.5290450995587955,1.0,0,,1.9999999999992246e-05,0.0,-30256.05730321129
-0.335257180127964,0.5515135395244517,1.0,0,,9.999999999998899e-05,-0.00019999999999997797,-3352.5718012800094
-0.6117045747119865,0.4444629863690488,1.0,0,,0.0,-0.00010000000000000286,
-0.30533880000001634,0.45652637733714063,1.0,0,,0.0009000000000000119,-0.00019999999999997797,-339.26533333334703
-0.20641119999999638,0.3349346942774824,1.0,0,,0.21999999999997044,0.0,-0.9382327272728369
-0.29241991999998634,0.4287699380212806,1.0,0,,0.0007300000000000084,0.0,-400.57523287668903
-0.22522228192799282,0.44321178483348866,1.0,0,,0.00029999999999996696,0.0,-750.7409397600587
-0.31063670501597507,0.42100756987044385,1.0,0,,0.0,-0.00029999999999996696,
-0.2998371746079437,0.5289989115961762,1.0,0,,0.00020000000000003348,0.0,-1499.1858730394674
-0.3878472837119592,0.3003216652416117,1.0,0,,0.0,-0.00019999999999997797,
-0.6417283269839047,0.4907170035694334,1.0,0,,0.027999999999991587,-0.0030000000000001137,-22.918868820860624
-0.4311087291966097,0.5205318410339252,1.0,0,,3.000000000000398e-06,-9.999999999992654e-07,-143702.90973218417
-0.2520431602559684,0.5515135395244517,1.0,0,,0.00030000000000002247,0.0,-840.1438675198317
-0.3363260817839705,0.5197129377337006,1.0,0,,0.2300000000000182,-0.13999999999998636,-1.462287312104104
-0.4312335999999478,0.5762002731983245,,0,,0.0,0.0,
-0.3000395999999769,0.4444629863690488,,0,,0.0,0.0,
-0.2777447561696007,0.5027437746347478,1.0,0,,4.0000000000003005e-10,-3.100000000000021e-09,-694361890.4239496
-0.30039680000001096,0.44321178483348866,1.0,0,,9.999999999998899e-05,0.0,-3003.9680000004405
-0.5886496453119437,0.5119049752459199,1.0,0,,0.0,-0.5899999999999181,
-0.9125580160399649,0.5707877177889384,1.0,0,,0.0,-0.004999999999999893,
-0.34403374467836983,0.5329052869239825,1.0,0,,0.0,-3.0000000000002247e-05,
-0.15179720647680545,0.42609371513682914,1.0,0,,0.0006399999999999739,-0.00032000000000004247,-237.18313512001816
-0.2093249525241397,0.4951401643102995,1.0,0,,3.7000000000000662e-09,-3.000000000002343e-10,-56574311.49300972
-0.4571248401279658,0.4213177637383293,1.0,0,,0.0,-0.0007999999999999119,
-0.4317869982069639,0.521703114014552,1.0,0,,9.999999999992654e-07,-3.000000000000398e-06,-431786.9982072811
-0.39697310275997055,0.49086009904512007,1.0,0,,0.019000000000005457,-0.026999999999986812,-20.893321197887186
-0.36068459857835006,0.5340199355583306,1.0,0,,1.9999999999999185e-05,0.0,-18034.229928918237
-0.3933283199999535,0.506081832007835,1.0,0,,0.0,-4.999999999999449e-05,
-0.2983754599999905,0.4406659330650971,1.0,0,,9.999999999998899e-05,-0.00029999999999996696,-2983.7546000002335
-0.4016983999999547,0.5210549754420339,,0,,0.0,0.0,
-0.7536984799679818,0.5559956227234764,1.0,0,,0.0001000000000000445,-0.00029999999999996696,-7536.984799676464
-0.5808286838479355,0.506081832007835,1.0,0,,4.000000000001225e-05,0.0,-14520.717096193941
-0.4015935999999768,0.5210549754420339,1.0,0,,0.00030000000000002247,0.0,-1338.6453333331558
-0.20634679999998295,0.3286052641920657,1.0,0,,0.2400000000000091,0.0,-0.8597783333332297
-0.10565093260803349,0.4933064604823577,1.0,0,,0.00039999999999995595,-0.0007000000000000339,-264.1273315201128
-0.348646387711947,0.5119049752459199,1.0,0,,0.16000000000008185,0.0,-2.179039923198554
-0.3055457999999765,0.4566707225952146,,0,,0.0,0.0,
-0.4015261677143317,0.4961112606687198,1.0,0,,7.00000000000145e-05,-4.999999999999449e-05,-5736.088110203551
-0.2815049951769838,0.521703114014552,1.0,0,,3.9999999999996635e-06,-3.000000000000398e-06,-70376.24879425186
-0.29266012000000985,0.42893328459768065,1.0,0,,0.0008499999999999897,0.0,-344.30602352942753
-0.289833573119995,0.5220630272333616,1.0,0,,4.999999999999449e-05,0.0,-5796.671462400539
-0.4078099199999585,0.5329052869239825,1.0,0,,0.0,-1.9999999999992246e-05,
-0.05428716726397846,0.3067214389710331,1.0,0,,0.00040000000000001146,0.0,-135.71791815994226
-0.2854054587526045,0.5321895193419504,1.0,0,,4.000000000000531e-06,0.0,-71351.36468814165
-0.373775620064015,0.4213177637383293,1.0,0,,0.0,-0.00040000000000006697,
-0.7736202309143695,0.4406659330650971,1.0,0,,9.999999999998899e-05,-0.0012999999999999678,-7736.202309144547
-0.4284599999999571,0.5707877177889384,,0,,0.0,0.0,
-0.30596397407996523,0.5434594441593704,1.0,0,,0.00020000000000003348,0.0,-1529.81987039957
-0.3585432101759929,0.4499023782992594,1.0,0,,0.1799999999998363,-1.3200000000001637,-1.9919067232017722
-0.27867599135997034,0.4562292665886255,1.0,0,,0.0,-0.006000000000000227,
-0.18099174772800858,0.5158628839616801,1.0,0,,0.0004999999999999449,-9.999999999998899e-05,-361.983495456057
-0.730848082799949,0.49086009904512007,1.0,0,,0.029000000000010573,-0.12999999999999545,-25.20165802757526
-0.15587961566636838,0.459069888694415,1.0,0,,0.0001500000000000043,0.0,-1039.1974377757595
-0.15616496271597588,0.347165090722874,1.0,0,,0.0259999999999998,-0.047999999999998266,-6.006344719845272
-0.6086641628879776,0.3286052641920657,1.0,0,,0.0,-0.5600000000000023,
-1.0002560060387928,0.5271680308338913,1.0,0,,2.4000000000001803e-09,-7.099999999999898e-09,-416773335.8494657
-0.4027631999999698,0.5069068007193421,1.0,0,,0.06799999999999784,-0.012000000000000455,-5.922988235293862
-0.47040641689600227,0.5135756599187902,1.0,0,,0.0,-0.5300000000000864,
-0.4042030279999879,0.5271680308338913,1.0,0,,3.8000000000002855e-09,0.0,-106369217.89472567
-0.4808370453599926,0.42402219695781884,1.0,0,,0.0,-0.0009000000000000119,
-0.49026372220961456,0.5137496665461191,1.0,0,,0.0,-7.999999999999674e-05,
-0.40185467999995805,0.5220630272333616,1.0,0,,5.000000000000837e-05,0.0,-8037.0935999978155
-0.19413843487085164,0.5321895193419504,1.0,0,,7.000000000000062e-06,0.0,-27734.062124407134
-0.48213226565997896,0.5494115736727858,1.0,0,,9.999999999996123e-06,-4.999999999999449e-05,-48213.22656601659
-0.19102819999998633,0.3067214389710331,1.0,0,,0.0,-0.0008000000000000229,
-0.15318331403515795,0.4619630362907725,1.0,0,,8.000000000000368e-05,0.0,-1914.7914254393863
-0.5172720510719846,0.45045394103446523,1.0,0,,0.00039999999999995595,-0.0015000000000000568,-1293.1801276801039
-0.3030416399999891,0.45057802019792925,1.0,0,,0.0,-0.0010999999999999899,
-0.5154839999999484,0.5955665386890016,,0,,0.0,0.0,
-0.31869680057600147,0.4499023782992594,1.0,0,,0.0,-1.0499999999999545,
-0.278819991359972,0.4562292665886255,1.0,0,,0.0,-0.006999999999999673,
-1.1038302144143584,0.42893328459768065,1.0,0,,0.0002899999999999847,-0.0011400000000000299,-3806.3110841876432
-0.6141511970663666,0.5512806067020328,1.0,0,,0.0,-8.999999999999286e-05,
-0.482030744471997,0.4320612481298556,1.0,0,,0.0,-0.0018000000000000238,
-0.7474563866639832,0.47486552508753793,1.0,0,,0.006999999999990791,-0.14499999999999602,-106.77948380928092
-0.6274912545279722,0.5135756599187902,1.0,0,,0.01999999999998181,-0.6899999999999409,-31.374562726427143
-0.7834576133999633,0.4677040391018803,1.0,0,,0.00040000000000001146,-0.0006999999999999784,-1958.6440334998522
-0.7924500907199893,0.5434594441593704,1.0,0,,0.0,-0.0006999999999999784,
-1.2185694695119444,0.5891978902966775,1.0,0,,0.0,-0.0006999999999999784,
-0.3583768364319918,0.3286052641920657,1.0,0,,0.11000000000001364,-0.5500000000000114,-3.2579712402904306
-0.8490813080383894,0.5152992565167709,1.0,0,,0.0,-0.00014999999999998348,
-0.5614087236155711,0.5333620801875962,1.0,0,,0.0,-1.5000000000000256e-05,
-0.45606795907199715,0.4278739070790283,1.0,0,,0.0,-0.0022999999999999687,
-0.6396000787199975,0.4694019290624142,1.0,0,,0.0,-0.008000000000000007,
-0.7458284442495887,0.5080209121545,1.0,0,,1.9999999999992246e-05,-0.00016000000000000736,-37291.4222124939
-0.5161344276479702,0.5070758301782774,1.0,0,,0.10999999999989996,-0.8300000000000409,-4.69213116044036
-2.4840174900822465,0.5227238888463648,1.0,0,,0.0,-1.369999999999997e-08,
-1.8892323089199077,0.570730318944402,1.0,0,,0.0,-0.008999999999999897,
-0.5621264587519781,0.43421059634389625,1.0,0,,0.0,-7.420000000000073,
-0.6384946070159765,0.3100028845859823,1.0,0,,0.0,-0.0010999999999999899,
-0.6259500513599927,0.5387795511482009,1.0,0,,0.0,-0.0010999999999999899,
-0.7120080950400101,0.45575726799335864,1.0,0,,0.0,-0.04499999999999993,
-0.31266599999999123,0.4694019290624142,1.0,0,,0.0,-0.016999999999999904,
-0.3873337999999519,0.47486552508753793,1.0,0,,0.05500000000000682,-0.12000000000000455,-7.042432727270979
-0.29473200000000876,0.4320612481298556,1.0,0,,0.0004999999999999449,-0.0011999999999998678,-589.4640000000825
-0.3337737303599908,0.3362509635572307,1.0,0,,0.0,-1.4599999999999795,
-0.5925771417215783,0.5512806067020328,1.0,0,,0.0,-0.0003000000000000086,
-0.2794655907839822,0.43421059634389625,1.0,0,,0.1999999999998181,-2.8400000000001455,-1.3973279539211818
0.7767389067296792,0.518367522835583,1.0,0,,0.0015999999999999348,-0.0022000000000000908,485.46181670606927
-0.3068450989951898,0.5080209121545,1.0,0,,3.999999999999837e-05,-5.000000000000837e-05,-7671.127474880058
-0.4561417998728063,0.43450177262519996,1.0,0,,0.0,-0.0009399999999999964,
-0.31640400000000224,0.45575726799335864,1.0,0,,0.006000000000000227,-0.0039999999999995595,-52.733999999998375
-0.23645006425942036,0.5227238888463648,1.0,0,,3.4000000000002554e-09,-2.699999999999991e-09,-69544136.54688312
-0.26855279637498686,0.5333620801875962,1.0,0,,7.000000000000062e-06,-4.999999999999796e-06,-38364.685196426355
-0.49527771946394694,0.5405836287274799,1.0,0,,9.999999999998899e-05,-0.0020000000000000018,-4952.777194640015
-1.3050388574399356,0.518367522835583,1.0,0,,0.0,-0.0021999999999999797,
-0.410836399999956,0.5387795511482009,1.0,0,,0.00020000000000003348,0.0,-2054.1819999994364
-0.3124200000000066,0.4694019290624142,1.0,0,,0.0019999999999997797,0.0,-156.2100000000205
-0.21409692699595934,0.4619630362907725,1.0,0,,0.0,-0.00038000000000000533,
-0.3873705999999931,0.47486552508753793,1.0,0,,0.04800000000000182,0.0,-8.070220833332884
-0.2947536000000042,0.4320612481298556,1.0,0,,0.0005999999999999339,0.0,-491.25600000006114
-0.3322559769599698,0.570730318944402,1.0,0,,0.0009999999999998899,-0.001000000000000334,-332.25597696000636
-0.30672837782399354,0.5152992565167709,1.0,0,,0.0,-0.0005300000000000027,
-0.2944535245519842,0.3100028845859823,1.0,0,,9.999999999998899e-05,-0.0005000000000000004,-2944.5352455201664
-0.08441047112796381,0.34570536403643193,1.0,0,,0.00030000000000002247,0.0,-281.3682370931916
-0.08226133948718947,0.4278739070790283,1.0,0,,0.00029999999999996696,-0.0011999999999999789,-274.2044649573284
-0.262901116632,0.31531257948057634,1.0,0,,0.0007999999999999674,-4.999999999999449e-05,-328.62639579001336
-0.16304849244001,0.30635961815152646,1.0,0,,0.0006999999999997009,0.0,-232.9264177715424
-0.18907744146716804,0.3689227263119438,1.0,0,,0.01799999999999713,-0.012000000000000455,-10.504302303733233
-0.1663883520223915,0.33226643143464996,1.0,0,,3.999999999999837e-05,-1.0000000000010001e-05,-4159.708800559957
-0.36289919078395977,0.5070758301782774,1.0,0,,0.0,-0.3300000000000409,
-0.21895770275998802,0.3362509635572307,1.0,0,,0.09000000000003183,-0.4399999999999977,-2.4328633639990063
-0.2956594483506135,0.3637008475537913,1.0,0,,4.000000000000531e-06,0.0,-73914.86208764356
-0.46117279041120507,0.5512806067020328,1.0,0,,0.0,-6.0000000000004494e-05,
-0.14424761669199265,0.33226643143464996,1.0,0,,4.999999999999449e-05,0.0,-2884.952333840171
-0.593781339707706,0.48682364103032816,1.0,0,,4.0000000000003005e-10,-5.199999999999967e-09,-1484453349.2691534
-0.19105059999999177,0.30845013020580875,,0,,0.0,0.0,
-0.28187199999998647,0.40320341615522814,,0,,0.0,0.0,
-2.24609416501118,0.531514559104056,1.0,0,,0.0,-0.0017000000000000348,
-0.19857167999998782,0.3287703271437733,1.0,0,,3.0000000000002247e-05,-3.999999999998449e-05,-6619.055999999098
-0.10990400861436292,0.531514559104056,1.0,0,,0.0008000000000000229,0.0,-137.38001076794973
-0.19118159999999595,0.306382996396075,,0,,0.0,0.0,
-0.14805416692127693,0.3637008475537913,1.0,0,,3.9999999999996635e-06,-2.0000000000002655e-06,-37013.541730322344
-0.17547409465441757,0.42187245479627533,1.0,0,,0.7099999999999795,-0.29000000000002046,-0.24714661218932765
-0.11769403860476968,0.42187245479627533,1.0,0,,0.21999999999999886,0.0,-0.5349729027489558
-0.24857101295999584,0.30635961815152646,1.0,0,,0.0,-0.0011999999999998678,
-0.15286718713599148,0.3494942789903377,1.0,0,,0.00019999999999997797,-0.00020000000000003348,-764.3359356800416
-0.36507043849598586,0.34570536403643193,1.0,0,,0.0,-0.00040000000000001146,
-0.33475729647357466,0.3689227263119438,1.0,0,,0.0,-0.05600000000000094,
-0.8013851056127732,0.31531257948057634,1.0,0,,0.0,-0.0019899999999999918,
-0.15037798761598545,0.3226175123920446,1.0,0,,0.04400000000001114,-0.0239999999999867,-3.4176815367260764
-0.24203896697903787,0.48682364103032816,1.0,0,,3.500000000000051e-09,-1.299999999999886e-09,-69153990.56543837
-0.20130637349981842,0.3637008475537913,1.0,0,,4.999999999999796e-06,-7.000000000000062e-06,-40261.274699965325
-0.2418025992479984,0.34490090776908444,1.0,0,,0.00019999999999997797,0.0,-1209.0129962401252
-0.12206761136878586,0.33226643143464996,1.0,0,,6.0000000000004494e-05,-3.0000000000002247e-05,-2034.460189479612
-0.14064358531197643,0.32259231568555125,1.0,0,,0.060000000000002274,-0.006000000000000227,-2.3440597551995186
-0.12439018075200696,0.34570536403643193,1.0,0,,0.00019999999999997797,0.0,-621.9509037601033
-0.6503834344184569,0.4870242104185548,1.0,0,,3.999999999999877e-09,-1.8000000000001352e-09,-162595858.60461923
-0.06265433932797745,0.40320341615522814,1.0,0,,0.0040000000000000036,0.0,-15.66358483199435
-0.1920345284231743,0.3287703271437733,1.0,0,,0.0,-6.0000000000004494e-05,
-0.2982361200000264,0.43876885611062083,1.0,0,,0.37999999999999545,-0.07999999999998408,-0.784831894736921
-0.19118159999999595,0.306382996396075,,0,,0.0,0.0,
-0.12355934401437992,0.3853339541442186,1.0,0,,0.018000000000000682,-0.05699999999999861,-6.864408000798624
-0.13424750406398495,0.3345614846548616,1.0,0,,9.999999999998899e-05,0.0,-1342.4750406399974
-0.2742049799999833,0.3853339541442186,1.0,0,,0.06299999999999883,-0.0010000000000012221,-4.352459999999815
-0.19030000000001018,0.30635961815152646,,0,,0.0,0.0,
-0.08076727424797814,0.3000419047696724,1.0,0,,0.00030999999999997696,-0.0007400000000000184,-260.5395943483359
-0.3643136383039834,0.34490090776908444,1.0,0,,0.0,-0.0006999999999999784,
-0.16754399351999047,0.31664269611195484,1.0,0,,0.0011999999999998678,0.0,-139.61999460000743
-0.5105017258563029,0.37569017556314865,1.0,0,,0.0,-1.299999999999999e-05,
-0.11160208092000382,0.3080975735713047,1.0,0,,0.0004999999999999449,0.0,-223.2041618400322
0.6418298968712058,0.497253060879544,1.0,0,,9.999999999998899e-05,-0.0040000000000000036,6418.298968712766
0.10513551714561542,0.3148273439095357,1.0,0,,0.00016000000000000042,0.0,657.0969821600946
-0.18857393275774167,0.37569017556314865,1.0,0,,5.999999999999929e-06,-1.0000000000001327e-06,-31428.988792957316
-0.22923235875916886,0.4870242104185548,1.0,0,,4.399999999999907e-09,-5.800000000000012e-09,-52098263.35435766
-0.1841369744752008,0.3528509065761909,1.0,0,,3.0000000000002247e-05,-7.999999999999674e-05,-6137.8991491729
-0.48365489793596084,0.4098384063274195,1.0,0,,0.0,-0.0009999999999998899,
-0.3407012938055698,0.3345614846548616,1.0,0,,0.00014000000000000123,0.0,-2433.580670039763
-0.3289818292319987,0.35205824313143075,1.0,0,,0.0,-0.00040000000000001146,
-0.3242145560639945,0.32259231568555125,1.0,0,,0.01100000000000989,-0.12899999999999068,-29.47405055124573
-0.20060800000000445,0.31784338662487005,1.0,0,,0.14999999999997726,0.0,-1.337386666666899
-0.5944884770879827,0.3853339541442186,1.0,0,,0.008000000000002672,-0.06099999999999994,-74.31105963597302
0.3690104691208296,0.3000419047696724,1.0,0,,0.0015299999999999758,-0.00019000000000002348,241.1833131508728
-0.3243828960000114,0.3078533632740107,1.0,0,,0.00029999999999996696,0.0,-1081.276320000157
-0.12056779754878458,0.43876885611062083,1.0,0,,0.06999999999999318,-0.410000000000025,-1.7223971078399476
-0.27198018799999324,0.3824434990820947,1.0,0,,3.9999999999996635e-06,0.0,-67995.04700000402
-0.095943492119993,0.43340818937886116,1.0,0,,0.21999999999999886,-0.06999999999999318,-0.43610678236360684
-0.2877845493367964,0.3528509065761909,1.0,0,,0.0,-9.999999999998899e-05,
-0.19335999999997922,0.3148273439095357,,0,,0.0,0.0,
-0.6411356098752177,0.4870242104185548,1.0,0,,0.0,-4.999999999999952e-09,
-0.31106042553600044,0.34490090776908444,1.0,0,,0.0,-0.00040000000000001146,
-0.38728544000000964,0.49494389003011535,,0,,0.0,0.0,
-0.06284593865597851,0.4098384063274195,1.0,0,,0.0040000000000000036,0.0,-15.711484663994614
-0.26780753880000485,0.31664269611195484,1.0,0,,0.0,-0.0010999999999996568,
-0.18836849371197165,0.3458049163013277,1.0,0,,0.00030000000000002247,0.0,-627.8949790398584
-0.28779301944,0.3515190440062861,1.0,0,,0.0001000000000000445,-9.999999999998899e-05,-2877.93019439872
-0.1738481254359996,0.3903996481384487,1.0,0,,0.02300000000000324,-0.0379999999999967,-7.5586141493902215
-0.2476056109439817,0.32912935967297574,1.0,0,,0.01999999999999602,-0.027000000000001023,-12.380280547201549
-0.9930016930039613,0.5120963166192275,1.0,0,,0.0,-0.00016999999999999654,
-0.4067538267119799,0.43340818937886116,1.0,0,,0.30000000000001137,0.0,-1.3558460890398816
-0.33659026763597016,0.32730993750509974,,0,,0.0,0.0,
-0.13293718627199214,0.3036319169008421,1.0,0,,0.0017000000000000348,0.0,-78.19834486587612
1.1076863158817147,0.497253060879544,1.0,0,,0.0014000000000000679,0.0,791.2045113440436
-0.21026240230399532,0.31784338662487005,1.0,0,,0.0,-0.20000000000004547,
-0.23073836553438093,0.354323007741938,1.0,0,,0.0,-3.999999999999837e-05,
-0.7065154679277115,0.5004638724891467,1.0,0,,0.0,-6.1000000000002465e-09,
-0.3127474217454265,0.3824434990820947,1.0,0,,1.0000000000001327e-06,-4.999999999999796e-06,-312747.421745385
-0.11341618055999333,0.3165299528986872,1.0,0,,0.0004999999999999449,0.0,-226.83236112001165
-0.4170562310559902,0.4163245781260819,1.0,0,,0.0,-0.002000000000000224,
-0.28787401943998303,0.3515190440062861,1.0,0,,9.999999999998899e-05,-9.999999999998899e-05,-2878.740194400147
-0.12350505696800423,0.4497026252307302,1.0,0,,0.21999999999999886,-0.10999999999998522,-0.5613866225818404
-0.2407521099023825,0.3315837197159024,1.0,0,,0.0,-1.9999999999999185e-05,
-0.209314633980004,0.3903996481384487,1.0,0,,0.010000000000001563,-0.01799999999999713,-20.931463397997128
-0.2954166231839872,0.31810867627700334,1.0,0,,0.0,-0.0020999999999999908,
-0.8041375885607858,0.5055561498129717,1.0,0,,0.0,-8.99999999999998e-05,
-0.17808699361599473,0.3458049163013277,1.0,0,,9.999999999998899e-05,-0.0001000000000000445,-1780.8699361601434
-0.27010236729200565,0.32730993750509974,1.0,0,,0.0,-0.00017000000000000348,
-0.15404398848000417,0.32912935967297574,1.0,0,,0.04199999999998738,-0.020000000000010232,-3.667714011429773
-0.19395383819616002,0.39232969227510495,1.0,0,,3.9999999999996635e-06,-4.000000000000531e-06,-48488.459549044084
-0.18033966038956584,0.4949074077175398,1.0,0,,3.500000000000051e-09,-3.599999999999847e-09,-51525617.25416091
-0.21156339009837655,0.34609666752177354,1.0,0,,6.0000000000004494e-05,-5.9999999999990616e-05,-3526.056501639345
-0.08449067112799143,0.3456527065895364,1.0,0,,0.00030000000000002247,0.0,-281.635570426617
-0.1003679738879869,0.3573425363175451,1.0,0,,0.00029999999999996696,0.0,-334.5599129599932
-0.14745118727036752,0.3342684011123563,1.0,0,,8.00000000000245e-05,0.0,-1843.1398408790296
-0.17119655548799087,0.3042901531791691,1.0,0,,0.0006700000000000039,0.0,-255.5172469969998
-0.27639526000000736,0.39232969227510495,1.0,0,,3.9999999999996635e-06,0.0,-69098.81500000766
-0.23409417118318884,0.34609666752177354,1.0,0,,4.999999999999449e-05,-3.999999999999837e-05,-4681.883423664292
-0.16654299227197605,0.31810867627700334,1.0,0,,0.000700000000000145,0.0,-237.91856038848795
-0.29445759999997667,0.4313335992118807,,0,,0.0,0.0,
-0.2035651086871725,0.4949074077175398,1.0,0,,3.100000000000021e-09,-8.000000000000601e-10,-65666164.09263585
-0.18388919567998657,0.3180804205308899,1.0,0,,0.04200000000000159,0.0,-4.378314182856657
-0.510391257023995,0.38395874378797656,1.0,0,,0.0,-0.04899999999999949,
-0.08425007112801983,0.3456527065895364,1.0,0,,0.00029999999999996696,0.0,-280.8335704267637
-0.8051872929224002,0.361302343301116,1.0,0,,0.00039999999999995595,-0.0016000000000000458,-2012.9682323062223
-0.5185894341503934,0.361302343301116,1.0,0,,0.0,-0.0009000000000000119,
-0.12710558041599068,0.3573425363175451,1.0,0,,0.00029999999999996696,0.0,-423.6852680533489
-0.20167919999997766,0.3180804205308899,1.0,0,,0.06499999999999773,-0.014000000000010004,-3.102756923076688
-0.49785872688639127,0.4497026252307302,1.0,0,,0.01999999999998181,-0.5200000000000102,-24.892936344342203
-0.08841637563518343,0.3042901531791691,1.0,0,,0.00028000000000000247,-0.00041999999999997595,-315.7727701256523
0.19855683749762232,0.332488854798179,1.0,0,,0.00014000000000000123,0.0,1418.263124983004
-0.5289968764079955,0.46789779259047715,1.0,0,,0.21999999999999886,-0.10999999999998522,-2.4045312563999923
-0.1296141834399868,0.31810867627700334,1.0,0,,0.0015000000000000568,-0.0007999999999999119,-86.40945562665459
-0.17052719251200188,0.3332333473093657,1.0,0,,0.04099999999999682,-0.0049999999999954525,-4.159199817366223
-0.35694101010958446,0.38395874378797656,1.0,0,,0.006999999999997897,-0.028999999999999915,-50.9915728728131
0.0013694794400319343,0.4313335992118807,1.0,0,,0.0050000000000003375,0.0,0.2738958880063684
-0.2669678559359871,0.3342684011123563,1.0,0,,0.0,-0.00012999999999999123,
-0.15581438871996692,0.33237646746101945,1.0,0,,0.001000000000000334,0.0,-155.8143887199149
-0.29581174184959785,0.34609666752177354,1.0,0,,9.999999999996123e-06,-9.000000000000674e-05,-29581.174184971253
-0.38001800781477213,0.39232969227510495,1.0,0,,2.0000000000002655e-06,-8.000000000000194e-06,-190009.00390736084
-0.45296798554223855,0.4949074077175398,1.0,0,,6.000000000000451e-10,-9.300000000000063e-09,-754946642.5703409
-0.15323461585198428,0.367085292553729,1.0,0,,5.000000000000837e-05,0.0,-3064.6923170391724
-0.17845520543638,0.4112724696189174,1.0,0,,4.999999999999796e-06,0.0,-35691.04108727745
-0.3485586023999855,0.3456527065895364,1.0,0,,0.0,-0.00029999999999996696,
-0.08909322246000193,0.34350719401971674,1.0,0,,0.00017000000000000348,0.0,-524.0777791764712
-0.12430911799197913,0.31334741486355644,1.0,0,,0.0011599999999999944,0.0,-107.16303275170667
-0.48153605068797933,0.3772258804653613,1.0,0,,0.0,-0.0005999999999999894,
0.9068640364084096,0.46789779259047715,1.0,0,,2.5500000000000114,-0.3299999999999841,0.3556329554542767
-0.28746142030398425,0.33237646746101945,1.0,0,,0.0,-0.0017999999999998018,
-0.2953036843007934,0.3934834363536467,1.0,0,,0.012999999999998124,-0.04899999999999949,-22.71566802314123
-0.23096638387199014,0.4395626146812664,1.0,0,,0.0009999999999998899,0.0,-230.96638387201557
-0.6352405776879831,0.4718767139415899,1.0,0,,0.0,-0.8900000000000148,
-0.1529623058879922,0.36589991104683267,1.0,0,,4.999999999999449e-05,0.0,-3059.246117760181
-0.3330333295919987,0.3597612385026792,1.0,0,,9.999999999998899e-05,-0.0005000000000000004,-3330.333295920354
-0.8837650054559928,0.31334741486355644,1.0,0,,0.0,-0.0023199999999999887,
-1.573333031452811,0.5125998157892443,1.0,0,,0.0,-9.39999999999986e-09,
-0.20358483999999683,0.34302802689558787,,0,,0.0,0.0,
-0.17652359395199668,0.3332333473093657,1.0,0,,0.0,-0.1110000000000042,
-0.18154128254266005,0.4998219632273537,1.0,0,,3.900000000000081e-09,0.0,-46549046.805809304
-0.26977859999995824,0.3772258804653613,,0,,0.0,0.0,
-0.30512027430000616,0.34350719401971674,1.0,0,,0.0,-0.00017000000000000348,
-0.14582998319999668,0.3661733732955841,1.0,0,,0.0013999999999998458,0.0,-104.16427371429482
-0.1666299908800004,0.34509249419397137,1.0,0,,0.01999999999999602,0.0,-8.331499544001678
-0.2446659736910351,0.41700552048622685,1.0,0,,1.999999999999398e-06,0.0,-122332.98684555436
-0.16775588783200035,0.34732681811800376,1.0,0,,0.03900000000000148,0.0,-4.301433021333179
-0.05525312817358055,0.4718767139415899,1.0,0,,0.21999999999999886,-0.5900000000000034,-0.25115058260718565
-0.5153266572607687,0.36289558800475763,1.0,0,,0.0070000000000014495,-0.02499999999999858,-73.61809389438028
-0.5152128654000157,0.4483533841485514,1.0,0,,0.0,-0.01100000000000012,
-0.12179425262641064,0.3165822741139632,1.0,0,,0.0006899999999999684,-0.0007500000000000284,-176.51340960350177
-0.20159645137630455,0.41700552048622685,1.0,0,,5.000000000000664e-06,0.0,-40319.29027525556
-0.14114350306560913,0.36589991104683267,1.0,0,,5.9999999999990616e-05,-1.0000000000010001e-05,-2352.39171776052
-0.16437327472797256,0.37621992047829983,1.0,0,,0.00029999999999996696,0.0,-547.9109157599688
-0.061987746030377794,0.34291611436014,1.0,0,,0.00021000000000001573,0.0,-295.1797430017769
-0.16920839011198213,0.3621041670859088,1.0,0,,0.0,-0.00019999999999997797,
-0.21102516933046386,0.4998219632273537,1.0,0,,3.7000000000000662e-09,-6.000000000000451e-10,-57033829.548773
-0.30085502039999656,0.3661733732955841,1.0,0,,0.0,-0.0017000000000000348,
-0.49404164392959526,0.4718767139415899,1.0,0,,0.10000000000002274,-1.0199999999999818,-4.94041643929483
-0.14753498631997863,0.34509249419397137,1.0,0,,0.030000000000001137,-0.00999999999999801,-4.917832877332435
-0.3531689198111935,0.35465128176711713,,0,,0.0,0.0,
-0.30195669240000483,0.44876530976341417,1.0,0,,2.799999999999787e-09,-1.0000000000021927e-10,-107841675.85715279
-0.3217612652543952,0.48636586869033915,1.0,0,,0.23999999999998067,0.0,-1.3406719385600878
-0.27074532412398916,0.36589991104683267,1.0,0,,9.999999999996123e-06,-6.0000000000004494e-05,-27074.53241240941
-0.29284961977598273,0.3621041670859088,1.0,0,,0.0001000000000000445,-0.00019999999999997797,-2928.496197758524
-0.3020191999999761,0.4483533841485514,1.0,0,,0.0,-0.0009999999999998899,
-0.38092213899999205,0.34732681811800376,1.0,0,,0.012999999999991019,-0.14800000000001035,-29.301703000019632
-0.19563967999998017,0.32094333150738086,,0,,0.0,0.0,
-0.30456270842400146,0.37621992047829983,1.0,0,,0.0,-0.0001000000000000445,
-0.23744475809999435,0.34291611436014,1.0,0,,0.0,-0.000130000000000019,
-0.30820679999995887,0.46235055859039687,1.0,0,,0.0,-0.000200000000000089,
-0.21143500503998877,0.3029215864555188,1.0,0,,0.0,-0.0015000000000000568,
-0.14757298631996726,0.3392950351199915,1.0,0,,0.010000000000005116,-0.04999999999999716,-14.757298631989176
-1.0748355012263822,0.3165822741139632,1.0,0,,0.0004899999999999904,-0.0019100000000000228,-2193.5418392375573
-0.2792496172799917,0.3439415989087191,1.0,0,,0.0,-0.0015000000000000568,
-0.4045675049199772,0.48636586869033915,1.0,0,,0.5700000000000216,-0.38999999999998636,-0.7097675524911612
-0.20888903999999672,0.3578672180381348,,0,,0.0,0.0,
-0.16268053167199578,0.3247967294651714,1.0,0,,0.00010999999999999899,0.0,-1478.9139242908843
-0.25489897111678794,0.3567616246235059,1.0,0,,9.999999999996123e-06,-8.000000000001062e-05,-25489.897111688675
-0.2901696195839938,0.3556817779616136,1.0,0,,9.999999999998899e-05,-0.00030000000000002247,-2901.6961958402576
-0.35091561545598526,0.4140644681074932,1.0,0,,0.0,-0.0009999999999998899,
-0.1736879919359952,0.3439415989087191,1.0,0,,0.000700000000000145,0.0,-248.12570276565606
-0.1483999899199875,0.3029215864555188,1.0,0,,0.000700000000000145,-0.0004999999999999449,-211.99998559993827
-0.2694977999999979,0.37597803232731775,1.0,0,,0.0,-0.00019999999999997797,
-0.2788766278727933,0.344594529858248,1.0,0,,0.0,-0.00010999999999999899,
-0.3618601085688383,0.44876530976341417,1.0,0,,1.999999999995915e-10,-3.7000000000000662e-09,-1809300542.847887
-0.22353500455997702,0.3392950351199915,1.0,0,,0.0,-0.03999999999999915,
-0.18354911666880638,0.3247967294651714,1.0,0,,3.999999999998449e-05,0.0,-4588.7279167219385
-0.3582915586879989,0.4140644681074932,1.0,0,,0.0009999999999998899,0.0,-358.2915586880384
-0.30430933900796997,0.3439415989087191,1.0,0,,0.000500000000000167,0.0,-608.6186780157367
-0.12737411056239645,0.3567616246235059,1.0,0,,6.999999999998674e-05,0.0,-1819.6301508917225
-0.14997058369033356,0.42903397272097615,1.0,0,,3.2000000000002404e-09,-1.5999999999996967e-09,-46865807.40322571
-0.128881956320005,0.468570735116566,1.0,0,,0.0006999999999999229,0.0,-184.11708045717026
-0.14354617942921324,0.4119421677517029,1.0,0,,7.000000000000062e-06,-7.000000000000062e-06,-20506.597061315995
-0.1608370089695778,0.35232435704022974,1.0,0,,4.000000000001225e-05,0.0,-4020.925224238214
-0.06884380755200299,0.344594529858248,1.0,0,,0.00019999999999997797,0.0,-344.21903776005286
-1.23011006358238,0.48636586869033915,1.0,0,,0.0700000000000216,-0.7800000000000011,-17.57300090831429
-0.15871438564799017,0.3485392671091232,1.0,0,,0.045000000000001705,-0.10800000000000409,-3.5269863477329815
-0.14130898823999188,0.3029215864555188,1.0,0,,0.0006999999999999229,-0.000500000000000167,-201.86998320001064
-0.20243223523326276,0.420095349760465,1.0,0,,4.000000000000531e-06,0.0,-50608.058808308975
-0.11521997599999517,0.34876206147172506,1.0,0,,0.04999999999999716,-0.05000000000000426,-2.3043995200000342
-0.08385772699199817,0.4968163120378284,1.0,0,,0.00011999999999999511,0.0,-698.8143916000132
-0.16317520705677344,0.42903397272097615,1.0,0,,3.7000000000000662e-09,-1.0000000000021927e-10,-44101407.31264068
0.2748234325200123,0.3556817779616136,1.0,0,,0.0008999999999999564,0.0,305.3593694666951
-0.19590255482557675,0.4740018241740325,1.0,0,,0.21999999999999886,-0.25,-0.8904661582980807
-0.12396717889920354,0.36644699443464845,1.0,0,,3.999999999999837e-05,-3.0000000000002247e-05,-3099.179472480215
0.048923884240008375,0.37597803232731775,1.0,0,,0.0010000000000000009,0.0,48.923884240008334
-0.439054604832793,0.36289558800475763,1.0,0,,0.01799999999999713,-0.06700000000000017,-24.391922490714613
-0.1452323567040497,0.42351489744526044,1.0,0,,0.004999999999999893,0.0,-29.046471340810555
-0.09412345283997575,0.42351489744526044,1.0,0,,0.0030000000000001137,0.0,-31.374484279990728
-0.14596916417439038,0.36644699443464845,1.0,0,,3.0000000000002247e-05,0.0,-4865.638805812648
-0.37532003839998457,0.34876206147172506,1.0,0,,0.0,-0.0899999999999963,
-0.25044961036799485,0.3473671634922466,1.0,0,,0.0,-0.001200000000000312,
-0.19445997177597718,0.4700299949237814,1.0,0,,0.20999999999997954,-0.29000000000002046,-0.9259998655999816
-0.35661640703918995,0.33889770399199587,1.0,0,,0.0,-0.00023000000000000798,
-0.35157723599999546,0.33318999964841284,1.0,0,,0.015000000000000568,-0.125,-23.438482399998808
-0.5408578165615587,0.4968163120378284,1.0,0,,0.0,-0.0001699999999999896,
-0.4111107488399843,0.35286195934285314,1.0,0,,0.0,-0.00039999999999995595,
-0.1870868941199764,0.35683807838748405,1.0,0,,0.000500000000000167,0.0,-374.17378823982784
-0.5221452598079739,0.38341458756367064,1.0,0,,0.0,-0.0006999999999999784,
-0.6963480960479855,0.43490094365957577,,0,,0.0,0.0,
-1.1850913012556596,0.420095349760465,1.0,0,,1.0000000000001327e-06,-1.5000000000000256e-05,-1185091.3012555023
-0.5822697492239972,0.35232435704022974,1.0,0,,9.999999999996123e-06,-0.00012000000000000899,-58226.9749224223
-0.11163945190397798,0.4700299949237814,1.0,0,,0.2400000000000091,-0.13999999999998636,-0.46516438293322393
-0.2550643334359729,0.5325111681601611,1.0,0,,5.000000000000664e-06,0.0,-51012.86668718781
-0.2864359757599878,0.49477389705940794,1.0,0,,0.00019999999999997797,0.0,-1432.1798788000967
-0.23332140849598526,0.325986439078768,1.0,0,,0.0,-9.999999999998899e-05,
-0.4048034279839623,0.4152241338109011,1.0,0,,0.0,-0.0018000000000000238,
-0.45420259489197046,0.3702820112935186,1.0,0,,0.0,-0.37000000000000455,
-0.41784608784680927,0.43528945379658074,1.0,0,,2.0000000000001503e-10,-6.699999999999868e-09,-2089230439.2338893
-0.2079805457343982,0.3720141010378176,1.0,0,,3.999999999999837e-05,0.0,-5199.5136433601665
-0.26668040000001586,0.3702820112935186,1.0,0,,0.18999999999999773,0.0,-1.4035810526316792
-0.1857629954399973,0.345864010663355,1.0,0,,0.0,-0.03999999999999915,
-0.14701828283998952,0.34695570513466556,1.0,0,,0.04200000000000159,-0.046999999999997044,-3.5004353057139035
-0.29557638000001496,0.43528945379658074,1.0,0,,3.4000000000002554e-09,0.0,-86934229.41176258
-0.2206999232927809,0.3519069339272468,1.0,0,,0.0,-6.999999999998674e-05,
-0.937341500183918,0.3867198343260188,1.0,0,,0.0,-0.0005199999999999927,
-0.12695358036796717,0.35764899050498566,1.0,0,,0.00020000000000003348,-9.999999999998899e-05,-634.7679018397296
-0.22465638473594746,0.4152241338109011,1.0,0,,0.000600000000000156,0.0,-374.42730789314845
-0.2261584018719902,0.34695570513466556,1.0,0,,0.04099999999999682,-0.006000000000000227,-5.516058582244092
-0.08865896817598695,0.325986439078768,1.0,0,,0.0005999999999999894,0.0,-147.76494695998085
-0.2958372000000015,0.43490094365957577,1.0,0,,0.0009999999999998899,0.0,-295.8372000000341
-0.3869309999999989,0.49477389705940794,1.0,0,,0.00040000000000001146,0.0,-967.3274999999696
-0.08326857040798108,0.3519069339272468,1.0,0,,0.00018000000000001348,0.0,-462.60316893319356
-0.2735067999999947,0.3867198343260188,1.0,0,,0.0005600000000000049,0.0,-488.4049999999863
-0.21121239999998473,0.36421598044919834,,0,,0.0,0.0,
-0.23113300470400466,0.35683807838748405,1.0,0,,0.0,-0.00039999999999995595,
-0.37215965279995916,0.4669338942364737,1.0,0,,0.00029999999999996696,0.0,-1240.5321760000004
-0.29587950251997297,0.40900557430570994,1.0,0,,0.0004999999999999449,0.0,-591.7590050400111
-0.16805899016000575,0.35764899050498566,1.0,0,,0.00019999999999997797,-9.999999999998899e-05,-840.2949508001213
-0.22376300455998976,0.345864010663355,1.0,0,,0.0,-0.00999999999999801,
-0.2911202870000175,0.42565547747802635,1.0,0,,6.699999999999868e-09,-1.2000000000000902e-09,-43450789.10448108
-0.2905579999999679,0.42380007173454315,1.0,0,,0.0030000000000001137,0.0,-96.8526666666523
-0.1968280964720095,0.35980657802255045,1.0,0,,0.00039999999999995595,0.0,-492.0702411800779
-0.16126220397118182,0.4700299949237814,1.0,0,,0.06999999999999318,-0.7199999999999989,-2.3037457710171076
-0.13454533927997445,0.4947209685846875,1.0,0,,0.0005000000000000004,0.0,-269.0906785599486
-0.46878760665149355,0.5325111681601611,1.0,0,,9.999999999992654e-07,-5.000000000000664e-06,-468787.60665183794
-0.21625108176158675,0.35768324971275706,1.0,0,,0.0,-2.0000000000020002e-05,
-0.29129994239996476,0.42565547747802635,1.0,0,,2.799999999999787e-09,0.0,-104035693.71428105
-0.3362373343440039,0.30559265119519785,1.0,0,,0.0,-0.0026999999999999247,
-0.40349677119598565,0.3602604210656424,1.0,0,,9.999999999996123e-06,-4.000000000001225e-05,-40349.67711961421
-0.19760279999997765,0.32642767380464,1.0,0,,9.999999999998899e-05,0.0,-1976.027999999994
-0.34592833866236805,0.3731819502373289,1.0,0,,0.009999999999990905,-0.3100000000000023,-34.592833866268265
-0.3802350316799422,0.40900557430570994,1.0,0,,0.0004999999999999449,-0.00039999999999995595,-760.4700633599682
-0.49442889839994175,0.42380007173454315,1.0,0,,0.0009999999999998899,0.0,-494.4288983999962
-0.4903197243360113,0.49759923157806185,1.0,0,,2.999999999998837e-05,-4.000000000001225e-05,-16343.990811206713
-0.18256352130157918,0.4585842290750045,1.0,0,,1.0300000000000011,-0.18999999999999773,-0.17724613718599902
-0.2658711999999808,0.36849345427405766,,0,,0.0,0.0,
-0.3058175999999592,0.4571470972406366,,0,,0.0,0.0,
-0.209168697815989,0.3420472713242742,1.0,0,,0.02400000000000091,-0.025000000000005684,-8.715362408999212
-0.15146491599599626,0.3602604210656424,1.0,0,,4.999999999999449e-05,-9.999999999996123e-06,-3029.298319920259
-0.23114134649919987,0.34419009279994633,1.0,0,,0.0,-7.00000000000145e-05,
-0.23544176356799912,0.4947209685846875,1.0,0,,0.00029999999999996696,0.0,-784.8058785600834
-0.12577878051199617,0.35136849571894263,1.0,0,,9.999999999998899e-05,-0.00019999999999997797,-1257.7878051201003
-0.10623956112000363,0.3731819502373289,1.0,0,,0.12999999999999545,-0.12000000000000455,-0.8172273932308257
-0.3128594028461037,0.42565547747802635,1.0,0,,1.1099999999999775e-08,0.0,-28185531.787937842
-0.0912965745119724,0.32642767380464,1.0,0,,0.00030000000000002247,0.0,-304.3219150398852
-0.28511699999998275,0.40900557430570994,1.0,0,,0.0021999999999999797,0.0,-129.5986363636297
-0.14230772016143836,0.4258499800073786,1.0,0,,2.4000000000000583e-05,-1.999999999999398e-06,-5929.488340059787
-0.2544256087359936,0.3420472713242742,1.0,0,,0.18999999999999773,0.0,-1.3390821512420876
-0.20385823999999675,0.34419009279994633,1.0,0,,0.00018999999999999573,0.0,-1072.938105263165
-0.567374462975986,0.4585842290750045,1.0,0,,0.0,-1.0400000000000205,
-0.5571614983495953,0.38097230677765526,1.0,0,,0.00010999999999999899,-0.0006200000000000094,-5065.1045304509125
-0.15953916851197927,0.42380007173454315,1.0,0,,0.002000000000000224,0.0,-79.7695842559807
-0.11357368091998296,0.30559265119519785,1.0,0,,0.0015000000000000568,0.0,-75.71578727998578
-0.2804209233695667,0.3697455613044044,1.0,0,,0.0,-2.999999999997449e-05,
-0.40864717336796264,0.35980657802255045,1.0,0,,0.00019999999999997797,-0.0004999999999997229,-2043.2358668400382
-0.5326051297420853,0.4258499800073786,1.0,0,,0.0,-1.1999999999999858e-05,
-0.3151614652287879,0.3602604210656424,1.0,0,,0.0,-0.00015999999999999348,
-0.3683807869463622,0.36849345427405766,1.0,0,,0.00012000000000000205,-1.0000000000003062e-05,-3069.8398912196326
-1.0768525759999852,0.4463302484183821,1.0,0,,0.0,-0.007000000000000117,
-0.32875169236000057,0.3058504393598019,1.0,0,,0.0022999999999999687,-9.999999999998899e-05,-142.9355184173935
-0.38198820000000155,0.4842651109433771,1.0,0,,0.37999999999999545,-0.12000000000000455,-1.005232105263174
-0.14566638732798018,0.3207792848073885,1.0,0,,0.25,-0.07999999999998408,-0.5826655493119207
-0.41018184871998975,0.35136849571894263,1.0,0,,0.0001000000000000445,-0.0005999999999999894,-4101.818487198072
-0.23667259255998058,0.37121155408350737,1.0,0,,0.00039999999999995595,-0.00010000000000021103,-591.6814814000167
-0.127513714299997,0.39189954727915033,1.0,0,,0.00031999999999998696,-0.00023999999999999022,-398.48035718750685
-0.5729811130943854,0.3731819502373289,1.0,0,,0.009999999999990905,-0.47999999999998977,-57.29811130949065
-0.37576754259999473,0.32642767380464,1.0,0,,0.0,-0.0007000000000000339,
-0.6132108504959908,0.5212140400662146,1.0,0,,0.0,-0.0008000000000000229,
-0.057959949599969474,0.37285722303529584,1.0,0,,0.00040000000000001146,0.0,-144.89987399991952
-0.37843460000000284,0.47729285114118325,,0,,0.0,0.0,
-0.15115598982397146,0.3058504393598019,1.0,0,,0.0017000000000000348,-0.0008000000000001339,-88.9152881317461
-0.739273798917002,0.45224835693548926,1.0,0,,1.9999999999997267e-09,-4.199999999999892e-09,-369636899.45855147
-0.40132010110396765,0.35954416777068127,1.0,0,,0.001999999999995339,-0.10099999999999909,-200.66005055245148
-0.6496266507640043,0.4842651109433771,1.0,0,,0.4200000000000159,0.0,-1.5467301208666182
-0.23192338382399322,0.4422292510952311,1.0,0,,0.0009999999999998899,-0.0019999999999997797,-231.92338382401877
-0.2698758400000234,0.3779736197750539,1.0,0,,0.3499999999999943,0.0,-0.771073828571508
-0.5811815477887996,0.48480921750531314,1.0,0,,0.0,-7.999999999999674e-05,
-0.301459536799183,0.3845807087312424,1.0,0,,0.0,-1.0000000000003062e-05,
-0.16872054994878283,0.36204962399907714,1.0,0,,0.0,-6.999999999998674e-05,
-0.1954543319400325,0.3792890298255257,1.0,0,,5.9999999999990616e-05,-4.000000000001225e-05,-3257.572199001051
-0.14415996159999894,0.4463302484183821,1.0,0,,0.002000000000000224,-0.0030000000000001137,-72.0799807999914
-0.2268185845919617,0.42303870641685654,1.0,0,,0.000500000000000167,-0.0006999999999999229,-453.6371691837719
-0.1442622822159868,0.35954416777068127,1.0,0,,0.054000000000002046,0.0,-2.6715237447403952
-0.13624611787843807,0.45224835693548926,1.0,0,,2.799999999999787e-09,-1.0000000000000751e-09,-48659327.81373159
-0.29649735599997873,0.43636056650022503,1.0,0,,1.0000000000001327e-06,-7.000000000000062e-06,-296497.3559999394
-0.37894179999996647,0.47729285114118325,1.0,0,,0.0,-0.0008000000000000229,
-0.31583952991357067,0.36204962399907714,1.0,0,,8.999999999997899e-05,0.0,-3509.3281101516045
-0.057749949600013645,0.37285722303529584,1.0,0,,0.0005000000000000004,0.0,-115.49989920002719
-0.19403119894399673,0.3207792848073885,1.0,0,,0.0,-0.20999999999997954,
-0.09265370590000538,0.39189954727915033,1.0,0,,0.0004300000000000137,-9.999999999998899e-05,-215.47373465116843
-0.27050771999997814,0.3792890298255257,1.0,0,,6.0000000000004494e-05,0.0,-4508.461999999298
-0.0910773670719986,0.34265455152042856,1.0,0,,0.0005999999999999894,0.0,-151.795611786667
-0.28859644799996964,0.41984337992520226,1.0,0,,8.000000000000194e-06,0.0,-36074.555999995326
-0.5046513674080118,0.37121155408350737,1.0,0,,9.999999999976694e-05,-0.0005999999999999339,-5046.513674091879
-0.1837199711999806,0.4463302484183821,1.0,0,,0.0040000000000000036,0.0,-45.929992799995105
-0.319083636772783,0.5480718181185665,1.0,0,,1.9999999999999185e-05,0.0,-15954.1818386398
-0.05396429859918492,0.37344629468221346,1.0,0,,0.3300000000000125,0.0,-0.16352817757328142
-0.17049687485759857,0.39017455692880043,1.0,0,,0.0002500000000000002,-6.999999999998674e-05,-681.9874994303937
0.09179302677600623,0.3393569599279887,1.0,0,,0.00039999999999995595,0.0,229.48256694004084
-0.17105544310954746,0.45205975827459954,1.0,0,,3.999999999999877e-09,0.0,-42763860.77738818
-0.1914335976960006,0.33558557141573675,1.0,0,,0.06799999999999784,-0.0040000000000048885,-2.815199966117745
0.26097755254943844,0.5212140400662146,1.0,0,,0.0016999999999999793,0.0,153.51620738202448
-0.45500175550402766,0.37169326731138497,1.0,0,,0.00039999999999995595,-0.0002999999999997449,-1137.5043887601944
0.25843215360004546,0.48343843753290133,1.0,0,,0.0020000000000000018,0.0,129.21607680002262
-0.20759040000000512,0.35471065512674727,1.0,0,,0.00039999999999995595,0.0,-518.9760000000699
-1.4647523059567646,0.485604309419678,1.0,0,,0.0,-1.0900000000000034,
0.24048332940803666,0.4422292510952311,1.0,0,,0.008000000000000007,0.0,30.060416176004555
-0.2052688200000043,0.3490686427482559,1.0,0,,0.0003300000000000247,0.0,-622.0267272726937
-0.816332696311957,0.3058504393598019,1.0,0,,0.0006999999999999229,-0.0039000000000000146,-1166.189566160067
-0.35553997516797814,0.35915440825997647,1.0,0,,0.00016000000000000736,-3.999999999999837e-05,-2222.1248447997614
-0.39395399999999686,0.5071870370607396,1.0,0,,0.0006999999999999784,-0.00019999999999997797,-562.7914285714414
-0.2881572680000247,0.41984337992520226,1.0,0,,2.1000000000000185e-05,0.0,-13721.774666667723
0.774792325562917,0.3789118405121982,1.0,0,,0.0004299999999999998,0.0,1801.8426175881798
-0.29401919999996134,0.4297778817613621,1.0,0,,0.001000000000000334,-0.0019999999999997797,-294.01919999986313
-0.19707839999999346,0.32102247060294975,1.0,0,,0.0022999999999999687,0.0,-85.68626086956354
-0.3472930177826202,0.45205975827459954,1.0,0,,4.499999999999703e-09,-1.2000000000000902e-09,-77176226.17392069
-0.229993403120008,0.33558557141573675,1.0,0,,0.1279999999999859,-0.027000000000001023,-1.7968234618752603
-0.20777199999998322,0.35471065512674727,1.0,0,,0.00019999999999997797,0.0,-1038.8600000000306
-0.0946681683199754,0.3393569599279887,1.0,0,,0.0005000000000000004,-0.00039999999999995595,-189.33633663995064
-0.2056506999999744,0.3490686427482559,1.0,0,,9.000000000000674e-05,0.0,-2285.007777777322
-0.11876716428798823,0.37169326731138497,1.0,0,,0.0022999999999999687,-9.999999999976694e-05,-51.63789751651732
-0.39481959999997507,0.5071870370607396,1.0,0,,0.0005999999999999894,-0.00019999999999997797,-658.0326666666367
-0.2933551999999832,0.4297778817613621,1.0,0,,0.0009999999999998899,-0.0030000000000001137,-293.35520000001554
-0.07892525807036574,0.37344629468221346,1.0,0,,0.44999999999998863,-0.30000000000001137,-0.17538946237859496
-0.031867916115206146,0.485604309419678,1.0,0,,0.1599999999999966,-0.8299999999999841,-0.19917447572004265
-0.5555423470464183,0.39017455692880043,1.0,0,,6.0000000000004494e-05,-0.0007299999999999807,-9259.03911743961
-0.38035153999999816,0.4821262651048497,1.0,0,,3.999999999999837e-05,0.0,-9508.78850000034
-0.2966499999999771,0.4251736879817385,1.0,0,,0.006999999999999673,0.0,-42.37857142857013
-0.29513802000001516,0.43407891329720194,1.0,0,,0.0007999999999999119,0.0,-368.9225250000596
-0.19352498199997384,0.374078866879462,1.0,0,,0.030000000000001137,0.0,-6.450832733332216
-0.3033856000000129,0.447565850596175,1.0,0,,0.0007999999999999119,0.0,-379.2320000000579
-0.23461678444799305,0.43996809613351595,1.0,0,,0.2400000000000091,-0.11000000000001364,-0.977569935199934
-0.18002997551997113,0.4023554128485391,1.0,0,,0.000300000000000078,-0.00039999999999995595,-600.0999183997478
-0.5402766489535888,0.3789118405121982,1.0,0,,9.999999999999593e-05,-3.0000000000002247e-05,-5402.766489536109
-0.5285727226079737,0.3190024659957341,1.0,0,,0.0,-0.0035000000000000586,
-0.3982247994239897,0.49168945040874934,1.0,0,,0.07099999999999795,0.0,-5.608799991887341
-0.20394560000000067,0.3454193397444105,1.0,0,,0.0008999999999999564,0.0,-226.60622222223395
-0.27014960000000054,0.37821403305894247,1.0,0,,0.00019999999999997797,0.0,-1350.7480000001515
-0.15103406598400088,0.35915440825997647,1.0,0,,0.0,-5.9999999999990616e-05,
-0.8229522531400184,0.5045872763760382,1.0,0,,0.0,-0.5,
-0.2714988599999793,0.38101758197068786,,0,,0.0,0.0,
-0.6097482640799763,0.46008132697733084,1.0,0,,0.0,-0.0009999999999998899,
-0.6023194150079392,0.4023554128485391,1.0,0,,0.00019999999999997797,-0.0010000000000000009,-3011.5970750400274
-0.11454180753276919,0.3295578592855182,1.0,0,,0.8000000000000114,-0.20999999999997954,-0.14317725941595943
-0.31397300407996764,0.4251736879817385,1.0,0,,0.0,-0.0129999999999999,
-1.6697639329679002,0.5567371934856433,1.0,0,,0.0,-0.004999999999999893,
-0.6390617558077123,0.489701227645763,1.0,0,,9.999999999979575e-11,-6.1000000000002465e-09,-6390617558.090176
-0.47394562150395725,0.4893364683917113,1.0,0,,0.0,-8.999999999997899e-05,
-0.4007375999999827,0.49168945040874934,1.0,0,,0.036000000000001364,-0.04899999999999238,-11.131599999999098
-0.3102879999999821,0.46008132697733084,1.0,0,,0.002000000000000224,0.0,-155.1439999999737
-0.39275036000000607,0.5045872763760382,1.0,0,,0.14000000000001478,-0.03999999999999204,-2.8053597142854616
-0.20465355128399462,0.3295578592855182,1.0,0,,0.46000000000000796,0.0,-0.4448990245304154
-0.6766399216617905,0.489701227645763,1.0,0,,2.900000000000006e-09,0.0,-233324110.9178583
-0.46801171303197203,0.5427722707256434,1.0,0,,0.0,-9.999999999998899e-05,
-0.6442986905279547,0.3454193397444105,1.0,0,,0.0,-0.0009000000000000119,
-0.16396237446399697,0.37821403305894247,1.0,0,,0.00019999999999997797,-0.00020000000000003348,-819.8118723200752
-0.15842675268861084,0.41984337992520226,1.0,0,,3.9999999999996635e-06,-8.000000000000194e-06,-39606.68817215604
-0.12216253797437543,0.4821262651048497,1.0,0,,3.999999999999837e-05,-0.00010000000000000286,-3054.0634493595103
-0.09337495799998535,0.374078866879462,1.0,0,,0.04999999999999716,-0.020000000000003126,-1.8674991599998132
-0.10205651153600598,0.5567371934856433,1.0,0,,0.004999999999999893,0.0,-20.41130230720163
-0.4796582558399675,0.4023554128485391,1.0,0,,0.0004999999999999449,0.0,-959.3165116800407
0.5578089666359869,0.38916182944141664,1.0,0,,0.0008200000000000152,0.0,680.254837360947
-0.3090816023039964,0.43996809613351595,1.0,0,,0.049999999999954525,-0.36000000000001364,-6.18163204608555
-0.39468808377437653,0.43407891329720194,1.0,0,,9.999999999998899e-05,-0.0009000000000000119,-3946.8808377442
-0.2698863919359954,0.447565850596175,1.0,0,,0.0,-0.0014999999999998348,
-0.19120859870398504,0.3190024659957341,1.0,0,,0.001000000000000112,0.0,-191.20859870396364
-0.4297070103439621,0.49307032225628195,1.0,0,,0.0,-8.999999999999286e-05,
-0.2968880000000025,0.4251736879817385,1.0,0,,0.009999999999999787,0.0,-29.68880000000088
-0.4967055248119614,0.3345328093529075,1.0,0,,0.0,-0.00021999999999999797,
-0.6066376452620388,0.5507666190146072,1.0,0,,1.0000000000001327e-06,-1.299999999999999e-05,-606637.6452619582
-0.6394834520567707,0.4821262651048497,1.0,0,,0.0,-0.00016000000000000736,
-0.6440579795584079,0.509526313392602,1.0,0,,0.0,-0.00010999999999999899,
-0.31045199999998396,0.46008132697733084,1.0,0,,0.0,-0.007000000000000117,
-0.053517351887959974,0.3190024659957341,1.0,0,,0.0016000000000000458,-0.001000000000000112,-33.44834492997403
-0.5510016399359802,0.4893364683917113,1.0,0,,3.0000000000002247e-05,-0.00012999999999999123,-18366.721331197965
-1.1377324570799914,0.5427722707256434,1.0,0,,9.999999999998899e-05,-0.0005000000000000004,-11377.324570801167
-0.3624221970431478,0.38916182944141664,1.0,0,,0.00026999999999999247,-0.00018000000000001348,-1342.3044334931776
-0.24218455023359503,0.3295578592855182,1.0,0,,0.7299999999999898,0.0,-0.33175965785424444
-0.3990130199999834,0.514663748449873,1.0,0,,0.0,-0.00020000000000000573,
-0.35716201872000986,0.374078866879462,1.0,0,,0.0,-0.060000000000002274,
-1.1711588573951999,0.38251608622091493,1.0,0,,0.0002500000000000002,0.0,-4684.635429580795
-0.5182651245598588,0.5463277253149207,1.0,0,,0.001000000000000334,-0.0019999999999997797,-518.2651245596858
-0.35721601382400797,0.43996809613351595,1.0,0,,0.0,-0.5199999999999818,
-0.40122339999998313,0.5206314199224691,,0,,0.0,0.0,
-0.295698680000007,0.43407891329720194,1.0,0,,0.0,-0.0013000000000000789,
-0.2699535919360061,0.447565850596175,1.0,0,,0.0,-0.0005999999999999339,
-0.2704687999999924,0.37821403305894247,1.0,0,,0.0,-0.00020000000000003348,
-0.16807949114398568,0.3454193397444105,1.0,0,,0.0,-0.0006999999999999784,
-0.36784799193600526,0.49168945040874934,1.0,0,,0.0,-0.09799999999999898,
-0.3930934399999575,0.5045872763760382,1.0,0,,0.0,-0.2400000000000091,
-0.2784999759999903,0.4758467921350468,1.0,0,,0.002000000000000224,0.0,-139.24998799997957
-0.20076521999997818,0.3345328093529075,,0,,0.0,0.0,
-0.16001757062398236,0.40424315218470197,1.0,0,,0.000500000000000056,-9.999999999998899e-05,-320.0351412479289
-0.38649919999997784,0.49307032225628195,1.0,0,,0.0,-3.999999999999837e-05,
-0.3951882799999945,0.509526313392602,,0,,0.0,0.0,
-0.4906949624728667,0.489701227645763,1.0,0,,6.000000000000451e-10,-1.899999999999931e-09,-817824937.4547164
-0.1343486529335951,0.34761232286299704,1.0,0,,0.3100000000000023,-0.2599999999999909,-0.4333827513986907
-0.2827500180000082,0.35607818723327295,1.0,0,,0.0008000000000000229,0.0,-353.4375225000001
-0.5051498551199349,0.4313038365692793,1.0,0,,0.0,-0.008000000000000895,
-0.39445626000000245,0.5085436835425244,1.0,0,,0.15000000000000568,-0.030000000000001137,-2.6297083999999167
-0.19892565598080214,0.4421869307512908,1.0,0,,0.0005999999999999339,-0.00010000000000010001,-331.54275996804006
-0.6739906647084611,0.5569888478542844,1.0,0,,0.0,-8.000000000000194e-06,
-0.8566593225343807,0.49132418474511624,1.0,0,,0.0,-4.999999999999449e-05,
-0.6341007389152064,0.4968218154032724,1.0,0,,0.0,-0.00019000000000002348,
-0.9791893352160084,0.5463277253149207,1.0,0,,0.0,-0.006000000000000227,
-0.16834997599997792,0.3734868743687274,1.0,0,,0.05000000000000426,0.0,-3.3669995199992715
-0.6359422525119947,0.549482646199535,1.0,0,,0.0,-0.0005000000000000004,
-0.41446079999994545,0.5463277253149207,1.0,0,,0.0030000000000001137,0.0,-138.1535999999766
-0.3922450191999858,0.4707468829535378,1.0,0,,0.009999999999990905,-0.39999999999997726,-39.22450192003425
-0.42882303815998507,0.37603084883518123,1.0,0,,0.0,-0.0005000000000000004,
-0.5046888247679966,0.49910112101534937,1.0,0,,0.019000000000005457,-0.04999999999999716,-26.56256972462377
-0.3627639135599711,0.4552452839468394,1.0,0,,0.0,-0.0008999999999999009,
-0.6496837774560056,0.5370471031696494,1.0,0,,0.0,-5.000000000000143e-05,
-0.32313600979200424,0.40424315218470197,1.0,0,,0.0,-0.000300000000000078,
-0.8393432419327276,0.501308267541313,1.0,0,,1.0000000000010001e-05,-0.00012999999999999123,-83934.32419318882
-1.3378557775439375,0.5123554891757218,1.0,0,,0.0,-7.999999999999674e-05,
-0.5897561632516337,0.4950857453567663,1.0,0,,6.000000000000451e-10,-7.500000000000352e-09,-982926938.7526491
-0.6290500600000358,0.4758467921350468,1.0,0,,0.0,-0.01100000000000012,
-0.7433879122399493,0.4313038365692793,1.0,0,,0.0010000000000012221,-0.006999999999999673,-743.3879122390407
0.2625524485632311,0.38251608622091493,1.0,0,,0.0,-0.0007600000000000107,
-0.23189975089916182,0.3759929172567104,1.0,0,,0.00010999999999999899,0.0,-2108.179553628763
-0.5472987603177573,0.5569888478542844,1.0,0,,0.0,-8.99999999999946e-06,
-0.48611905413199535,0.49132418474511624,1.0,0,,0.0,-6.0000000000004494e-05,
-0.3708135338255698,0.34761232286299704,1.0,0,,0.5699999999999932,-0.37999999999999545,-0.6505500593431127
-0.44020519239357603,0.4968218154032724,1.0,0,,2.0000000000020002e-05,-1.9999999999992246e-05,-22010.25961965679
-0.6632393443103883,0.5085436835425244,1.0,0,,0.0,-0.4399999999999977,
-0.6062072259999722,0.3734868743687274,1.0,0,,0.0,-0.030000000000001137,
-0.9283966427039211,0.549482646199535,1.0,0,,9.999999999998899e-05,-9.999999999998899e-05,-9283.966427040234
-0.6092629487424267,0.4421869307512908,1.0,0,,0.0,-0.0011999999999999789,
-0.2796336725759924,0.35607818723327295,1.0,0,,0.0,-0.00030000000000002247,
-0.207312559999997,0.3526605696855659,1.0,0,,0.00010999999999999899,0.0,-1884.6596363636265
-0.38143699999996467,0.4832791892083465,1.0,0,,0.710000000000008,0.0,-0.5372352112675498
-0.2711071999999761,0.3797852225961225,1.0,0,,0.0,-0.00020000000000003348,
-0.3648775126000191,0.45922981624790815,1.0,0,,0.0,-0.3300000000000409,
-0.47012692042396853,0.4805763507651072,1.0,0,,0.0,-0.08399999999998897,
-0.37423341627200946,0.4527569792380596,1.0,0,,0.0,-0.001000000000000112,
-0.657150783839971,0.49181012953896625,,0,,0.0,0.0,
-0.7180102911839226,0.3976770796680149,1.0,0,,0.0,-0.0007999999999999119,
-0.4113729019070259,0.4695910410119741,1.0,0,,1.1000000000002944e-09,-1.499999999999901e-09,-373975365.3699235
-0.4679046604287968,0.48648592325098655,1.0,0,,9.999999999996123e-06,-3.0000000000002247e-05,-46790.466042897824
-0.37930000000001074,0.4775722165154431,,0,,0.0,0.0,
-0.09678597263997327,0.36347293546277193,1.0,0,,0.00030000000000002247,0.0,-322.61990879988673
-0.33032802736477423,0.39271837102024376,1.0,0,,0.00017000000000000348,-0.00015000000000001124,-1943.1060433221617
-0.5055544836799857,0.42652244764694214,,0,,0.0,0.0,
-0.7188324975358977,0.5602743891518276,1.0,0,,0.0,-0.001000000000000334,
-0.7515635402304053,0.5068521468396372,1.0,0,,0.0,-1.0000000000003062e-05,
-0.5405534279164913,0.5472653495405622,1.0,0,,0.0,-8.99999999999946e-06,
-0.38455900000000465,0.4897963743844178,1.0,0,,0.0,-9.999999999996123e-06,
-0.30772014162557737,0.48881223140409474,1.0,0,,0.0,-9.999999999998899e-05,
-0.43010760910076773,0.5031145875909736,1.0,0,,0.0,-0.18999999999999773,
-0.5733343388079954,0.5382139940668467,1.0,0,,0.0,-0.0005000000000000004,
-0.27924000000000204,0.3794049944359662,1.0,0,,0.0,-0.020000000000003126,
-0.2775473960735859,0.4302631304468464,1.0,0,,9.999999999998899e-05,-0.00039999999999995595,-2775.473960736165
-0.18236833591194468,0.47902617387257707,1.0,0,,0.39999999999997726,-0.3100000000000023,-0.4559208397798876
-0.41232366000001486,0.5412288245326937,,0,,0.0,0.0,
-0.21785398723196364,0.3797852225961225,1.0,0,,0.0001000000000000445,0.0,-2178.539872318667
-0.32744000359996167,0.45922981624790815,1.0,0,,0.009999999999990905,-0.31999999999993634,-32.74400036002595
-0.3621763944799551,0.4805763507651072,1.0,0,,0.016000000000005343,-0.05700000000000216,-22.636024654989633
-0.3374000080639966,0.4527569792380596,1.0,0,,9.999999999998899e-05,-0.0008999999999999009,-3374.0000806403377
-0.207312559999997,0.3526605696855659,,0,,0.0,0.0,
-0.3778293199999857,0.4776851075245955,1.0,0,,0.18000000000000682,-0.01999999999998181,-2.099051777777619
-0.3607316193919905,0.3976770796680149,1.0,0,,0.0,-0.0008000000000000229,
-0.30182511391435723,0.4695910410119741,1.0,0,,6.999999999998408e-10,-8.999999999998559e-10,-431178734.1634655
-0.18357691176959406,0.4901520812449951,1.0,0,,7.999999999999674e-05,0.0,-2294.7113971200192
-0.2634799904000046,0.45113801663240216,1.0,0,,0.0,-0.0009999999999998899,
-0.21264160000000512,0.3664396451886309,1.0,0,,0.0,-0.0005999999999999894,
-0.1322400092604072,0.530187865961093,1.0,0,,7.000000000000062e-06,-1.999999999999398e-06,-18891.429894343717
-0.24715206162397152,0.5317296665104996,1.0,0,,0.00030000000000002247,0.0,-823.8402054131767
-0.1431763580479793,0.4702918625690424,1.0,0,,0.05499999999999261,-0.018000000000000682,-2.6032065099636097
-0.3953091150847993,0.48648592325098655,1.0,0,,6.0000000000004494e-05,-2.0000000000006124e-05,-6588.485251412829
-0.17834697143997935,0.41919183087728973,1.0,0,,0.0039999999999995595,-0.0030000000000001137,-44.586742859999745
-0.10464731209438269,0.49593767635628333,1.0,0,,7.000000000000062e-05,0.0,-1494.961601348311
-0.3571569354079643,0.4108084965045067,1.0,0,,0.0007000000000000339,0.0,-510.22419343992425
-0.40109796459997915,0.4466949890859324,1.0,0,,0.2599999999999909,-0.08000000000004093,-1.542684479230743
-0.3127371365519719,0.3943360780238051,1.0,0,,0.00040000000000006697,0.0,-781.8428413797988
0.01965497763834434,0.3967980417018543,1.0,0,,0.0,-0.0006799999999999862,
-0.3786082625279306,0.44290790335887553,1.0,0,,0.000600000000000156,-9.999999999998899e-05,-631.0137708797204
-0.46083923587519215,0.3797417057177241,1.0,0,,9.999999999998899e-05,0.0,-4608.392358752429
-0.20116198128000393,0.3789647331154498,1.0,0,,0.030000000000001137,-0.02999999999999403,-6.7053993759998765
-0.3576596052791725,0.47632145506297024,1.0,0,,0.0,-6.0000000000004494e-05,
-0.16591236539197388,0.4666458940153986,1.0,0,,7.999999999999674e-05,-6.0000000000004494e-05,-2073.904567399758
-0.3439700343199877,0.33549769924164896,1.0,0,,0.0,-0.0025999999999999357,
-0.2895710997423431,0.44460211733715954,1.0,0,,2.900000000000006e-09,-6.000000000000451e-10,-99852103.35942844
-0.12769958017600241,0.36185935677076425,1.0,0,,0.00019999999999997797,0.0,-638.4979008800824
-0.22229246147996584,0.48485235597440013,1.0,0,,0.000500000000000056,0.0,-444.5849229598819
-0.23841393535513888,0.47902617387257707,1.0,0,,0.5900000000000034,-0.30000000000001137,-0.40409141585616526
-0.37827135999995765,0.4776851075245955,1.0,0,,0.28000000000000114,-0.060000000000002274,-1.350969142856986
-0.21178079999998461,0.3664396451886309,1.0,0,,0.00030000000000002247,0.0,-705.9359999998958
-0.2786041599999656,0.3967980417018543,1.0,0,,0.00028000000000000247,-0.00018999999999999573,-995.0148571427254
-0.29712599999996747,0.41919183087728973,1.0,0,,0.006000000000000227,-0.002000000000000668,-49.5209999999927
-0.1853578714240084,0.49593767635628333,1.0,0,,3.999999999999837e-05,-9.999999999996123e-06,-4633.9467856003985
-0.22303998079997728,0.45113801663240216,1.0,0,,0.0030000000000001137,0.0,-74.34666026665627
-0.3539885871839904,0.5317296665104996,1.0,0,,0.00019999999999997797,-0.00019999999999997797,-1769.942935920147
-0.5271442055527262,0.4666458940153986,1.0,0,,9.999999999998899e-05,0.0,-5271.442055527843
-0.5303439333999841,0.4466949890859324,1.0,0,,0.4199999999999591,-0.010000000000104592,-1.2627236509524662
-0.5400295170399596,0.4702918625690424,1.0,0,,0.09499999999999886,-0.015000000000000568,-5.684521231999643
-0.6448647429223875,0.47902617387257707,1.0,0,,0.3900000000000148,-0.13999999999998636,-1.653499340826572
-0.27838500000001093,0.3943360780238051,1.0,0,,0.00029999999999996696,0.0,-927.9500000001386
-0.4077794400000147,0.5329122235158765,,0,,0.0,0.0,
-0.2790319999999904,0.3789647331154498,1.0,0,,0.010000000000005116,0.0,-27.903199999984764
-0.49818674993980666,0.530187865961093,1.0,0,,2.0000000000002655e-06,-8.99999999999946e-06,-249093.37496987026
-0.7594764580759551,0.47632145506297024,1.0,0,,1.9999999999992246e-05,-1.0000000000010001e-05,-37973.82290381248
-0.4035761327975822,0.36058004862073867,1.0,0,,3.0000000000002247e-05,-4.999999999999449e-05,-13452.5377599184
-0.3510244984399865,0.33549769924164896,1.0,0,,0.0,-0.010099999999999998,
-0.32806873370875317,0.3797417057177241,1.0,0,,0.0,-0.00014999999999998348,
-0.44021717577596015,0.36185935677076425,1.0,0,,0.0,-0.00020000000000003348,
-0.7339748344559128,0.44290790335887553,1.0,0,,0.0,-0.0014000000000000679,
-0.34087693639997235,0.32895538830780224,1.0,0,,0.0045999999999999375,0.0,-74.10368182608195
-1.6161462551863743,0.4776851075245955,1.0,0,,0.05000000000001137,-0.5500000000000114,-32.32292510372014
-0.6093520017575702,0.4666458940153986,1.0,0,,0.0,-0.0002899999999999847,
-0.9409745499791657,0.5162826305684809,1.0,0,,0.0,-0.00012999999999999817,
-0.03217399902227444,0.44460211733715954,1.0,0,,4.399999999999907e-09,-3.300000000000036e-09,-7312272.505062527
-0.30189798012798275,0.49009132966686075,1.0,0,,0.05200000000000671,-0.025000000000005684,-5.805730387075842
-0.32550718425596115,0.5009383760562289,1.0,0,,0.000200000000000089,-9.999999999998899e-05,-1627.5359212790815
-0.22598995535992716,0.5410289231213221,1.0,0,,0.002000000000000224,-0.0009999999999998899,-112.99497767995094
-0.28253999999998847,0.4029375348544787,1.0,0,,0.00029999999999996696,0.0,-941.8000000000653
-0.2722305599999981,0.38167999985452283,1.0,0,,0.00020999999999998797,0.0,-1296.3360000000653
-0.2886392183359857,0.3664396451886309,1.0,0,,9.999999999998899e-05,-0.00019999999999997797,-2886.392183360175
-0.31417700407998506,0.41919183087728973,1.0,0,,0.0,-0.008000000000000895,
-0.31053399999996667,0.45113801663240216,1.0,0,,0.0,-0.002000000000000224,
-0.46110901281597044,0.5317296665104996,1.0,0,,0.0,-0.0005000000000000004,
-0.5255064119519521,0.4592289099207322,1.0,0,,0.001000000000000112,0.0,-525.5064119518934
-0.2569749867999833,0.46126856282359513,1.0,0,,0.2899999999999636,-0.12000000000000455,-0.8861206441379846
-0.27546501295677334,0.4969203221579347,1.0,0,,0.18000000000000682,0.0,-1.5303611830931272
-0.40105439999996295,0.49009132966686075,1.0,0,,0.04800000000000182,0.0,-8.35529999999891
-0.0753110212583768,0.3962525849786909,1.0,0,,0.0003200000000000147,-0.00020999999999998797,-235.34694143241666
-0.16293718508560237,0.37032887847258955,1.0,0,,5.000000000000837e-05,-3.0000000000002247e-05,-3258.7437017115017
-0.20105798127999813,0.39339972880273866,1.0,0,,0.00999999999999801,-0.020000000000003126,-20.105798128003812
-0.401277804771176,0.4840033397578978,1.0,0,,0.0,-1.9999999999992246e-05,
-0.32025353660960576,0.5514506111240021,1.0,0,,1.9999999999999185e-05,0.0,-16012.676830480941
-0.7028935325119312,0.5438194296373982,1.0,0,,0.00039999999999995595,0.0,-1757.2338312800216
-0.28439519539200364,0.3782181908619423,1.0,0,,0.00039999999999995595,-0.00020000000000003348,-710.9879884800874
-0.28221359999996654,0.4029375348544787,1.0,0,,0.00040000000000006697,0.0,-705.5339999997982
-0.5338565015263818,0.3962525849786909,1.0,0,,0.0007199999999999984,0.0,-741.4673632310873
-0.9235930062399622,0.5158788501386505,1.0,0,,0.2400000000000091,-1.009999999999991,-3.8483041926663635
-0.2720195999999985,0.3813969633881227,1.0,0,,9.999999999998899e-05,-0.00020000000000003348,-2720.196000000284
-0.23705415287677303,0.37032887847258955,1.0,0,,4.999999999999449e-05,0.0,-4741.083057535983
-0.678002585627985,0.5162826305684809,1.0,0,,1.0000000000003062e-05,0.0,-67800.25856277774
-0.32074971251986556,0.48694515900616275,1.0,0,,3.0000000000002247e-05,-0.00010000000000001674,-10691.657083994718
-0.4327700845899045,0.45779233815079323,1.0,0,,1.899999999999931e-09,-2.799999999999787e-09,-227773728.73153695
-0.3019895999999603,0.44869169604936554,,0,,0.0,0.0,
-0.6753198959199107,0.43242868320556827,1.0,0,,0.0030000000000001137,-0.0030000000000001137,-225.10663197329504
-0.4568805628799606,0.4684877901692225,1.0,0,,0.0,-0.0009999999999998899,
-0.17851899471999091,0.32895538830780224,1.0,0,,9.999999999998899e-05,-0.00029999999999996696,-1785.1899472001057
-0.30687499880001046,0.46126856282359513,1.0,0,,0.12999999999999545,-0.3000000000000682,-2.360576913846317
-0.27350985110393045,0.507485747217459,1.0,0,,0.28000000000000114,-0.3599999999999852,-0.9768208967997476
-0.1910518004975793,0.38167999985452283,1.0,0,,0.00019999999999997797,0.0,-955.2590024880018
-0.7865231462400353,0.39339972880273866,1.0,0,,0.00999999999999801,-0.05000000000000426,-78.65231462401917
-0.8076549042911743,0.4840033397578978,1.0,0,,0.0,-3.999999999999837e-05,
-0.388888219151995,0.4592289099207322,1.0,0,,0.0,-0.0017000000000000348,
-1.2447582922392164,0.4969203221579347,1.0,0,,0.06999999999999318,-0.30000000000001137,-17.782261317704826
-0.46836354428000376,0.4076555618382695,1.0,0,,0.0,-0.0010000000000000009,
-0.4805614714320298,0.3926451587670438,1.0,0,,3.999999999998449e-05,0.0,-12014.036785805403
-0.32181601267201093,0.3751982268952119,1.0,0,,0.0,-0.00020000000000003348,
-0.5912664455039432,0.493041543337978,1.0,0,,0.0,-0.12699999999999534,
-0.13157998183679767,0.3534139776175281,1.0,0,,5.999999999997674e-05,-5.000000000002225e-05,-2192.9996972808112
-0.3155841115439901,0.3715191994886834,1.0,0,,0.0,-0.00019999999999997797,
-0.41518079999998003,0.5450935779048811,1.0,0,,0.0,-0.0005999999999999894,
-0.27192508000001336,0.3817053259459988,1.0,0,,0.21999999999999886,0.0,-1.236023090909158
-0.10597383793757953,0.40078640559977685,1.0,0,,0.0,-0.0002600000000000033,
-0.2359414856591805,0.36707323992414387,1.0,0,,0.0,-0.00010000000000000286,
-0.4206038200000006,0.555433685431798,1.0,0,,0.0,-5.9999999999997555e-05,
-0.5097666493919856,0.4523341564589316,1.0,0,,0.0,-0.0030000000000001137,
-0.29736399999999286,0.43674869171756836,1.0,0,,0.0009999999999994458,-0.0039999999999995595,-297.36400000015766
-0.37899999999996287,0.4738325495181848,1.0,0,,0.0,-0.0030000000000001137,
-0.3556956074880081,0.47324793768464757,1.0,0,,0.0,-0.4700000000000273,
-0.329995734878372,0.4834491503718045,1.0,0,,7.999999999999674e-05,0.0,-4124.9466859798185
-0.10937175086158132,0.40751515503647673,1.0,0,,0.0007400000000000184,-0.00011999999999998123,-147.79966332645756
-0.174963197432806,0.507485747217459,1.0,0,,0.3400000000000034,-0.3400000000000034,-0.5145976395082478
-0.7539316847104098,0.46507366322111443,1.0,0,,2.1999999999997418e-09,-8.800000000000238e-09,-342696220.32295376
-0.26279099351996815,0.39959402941274835,1.0,0,,0.0,-0.030000000000001137,
-0.5943236929919451,0.4592818248526013,1.0,0,,9.999999999998899e-05,-0.0007999999999999119,-5943.2369299201055
-0.36614152803279837,0.3534139776175281,1.0,0,,0.0,-0.0002500000000000002,
-0.5242355152799338,0.4076555618382695,1.0,0,,0.0,-0.0007000000000000339,
-0.37477442534397176,0.3751982268952119,1.0,0,,0.0,-0.00019999999999997797,
-0.3802199948159597,0.493041543337978,1.0,0,,0.022999999999996135,-0.01300000000000523,-16.53130412243581
-0.9219769022399508,0.5450935779048811,1.0,0,,0.0,-0.00019999999999997797,
-0.24291737183521322,0.3926451587670438,1.0,0,,6.999999999995898e-05,0.0,-3470.248169076508
-0.47362963031998184,0.3949039217974361,1.0,0,,0.000300000000000078,0.0,-1578.765434399529
-0.20501588831279216,0.3666872711355178,1.0,0,,9.000000000000674e-05,0.0,-2277.954314586409
-0.2593720513087892,0.36707323992414387,1.0,0,,0.0,-5.000000000000837e-05,
-0.3824490203999807,0.43674869171756836,1.0,0,,0.0,-0.006999999999999673,
-0.30372899999999525,0.4523341564589316,,0,,0.0,0.0,
-0.3788999999999839,0.4738325495181848,1.0,0,,0.0009999999999998899,0.0,-378.90000000002567
-0.3213039037979124,0.4531779551828111,1.0,0,,2.599999999999772e-09,-6.000000000000451e-10,-123578424.53766946
-0.28163927999999044,0.4021570536777805,1.0,0,,0.00010999999999999899,0.0,-2560.3570909090276
-0.389534615599997,0.47324793768464757,1.0,0,,0.11000000000001364,-0.13999999999998636,-3.541223778181352
-0.599855482456765,0.4834491503718045,1.0,0,,0.0,-0.00010999999999999899,
-0.39558807999998147,0.5101797911550212,,0,,0.0,0.0,
-0.28038507999996887,0.40078640559977685,,0,,0.0,0.0,
-0.3046896606423932,0.38260534669728863,1.0,0,,0.18000000000000682,0.0,-1.6927203369021204
-0.21071007768001349,0.4531779551828111,1.0,0,,3.4000000000002554e-09,0.0,-61973552.25882284
-0.2545574861999876,0.46966003940922724,1.0,0,,0.2300000000000182,0.0,-1.1067716791302933
-0.2585176696399611,0.4806196876605038,1.0,0,,0.046999999999997044,-0.012000000000000455,-5.500375949786752
-0.21244897960001452,0.42833215799724106,1.0,0,,0.004999999999999005,-0.0010000000000012221,-42.48979592001136
-0.2897639999999708,0.3994236849294656,1.0,0,,0.0,-0.010000000000005116,
-0.2593940116895651,0.4767508168021848,1.0,0,,6.0000000000004494e-05,0.0,-4323.233528159095
-0.054469747727985254,0.38260534669728863,1.0,0,,0.3300000000000125,0.0,-0.16505984159994905
1.098399952644039,0.40751515503647673,1.0,0,,0.00039000000000000146,0.0,2816.4101349847047
-0.25157186090401673,0.5455298463545558,1.0,0,,0.00029999999999996696,0.0,-838.5728696801481
-0.4047462146559966,0.45186286647535123,1.0,0,,9.999999999998899e-05,-0.0006999999999999229,-4047.4621465604114
-0.18530866337197746,0.436170989225922,1.0,0,,3.9999999999996635e-06,-1.1000000000000593e-05,-46327.16584299826
-0.2724285820800017,0.3949039217974361,1.0,0,,0.0004999999999999449,0.0,-544.8571641600635
-0.2676450000000126,0.37276317614925814,1.0,0,,9.999999999998899e-05,-9.999999999998899e-05,-2676.450000000421
-0.16285630817277483,0.3666872711355178,1.0,0,,8.00000000000245e-05,0.0,-2035.703852159062
-0.41496319999996545,0.5455298463545558,1.0,0,,0.00020000000000003348,0.0,-2074.81599999948
-0.37293935279995216,0.4692026032036723,1.0,0,,0.002000000000000224,0.0,-186.4696763999552
-0.39647228291189085,0.4806196876605038,1.0,0,,0.060000000000002274,-0.01300000000000523,-6.607871381864597
-0.11383043195996038,0.513164133818702,1.0,0,,0.28999999999999204,-0.3300000000000125,-0.3925187308964259
-0.208628980559989,0.3994236849294656,1.0,0,,0.03999999999999915,0.0,-5.215724513999836
-0.16674872510718153,0.4108084965045067,1.0,0,,0.0007000000000000339,-0.00040000000000006697,-238.2124644388192
-0.25656478112157427,0.3450026333488441,1.0,0,,4.999999999999449e-05,-1.0000000000010001e-05,-5131.295622432051
-0.1169608492919485,0.41633264079051224,1.0,0,,0.0004900000000000182,-0.0002500000000000002,-238.69561079988603
-0.40447963583996316,0.45186286647535123,1.0,0,,0.0005999999999999339,-0.00019999999999997797,-674.1327264000129
-0.11467151080066361,0.41417139556666804,1.0,0,,4.999999999999796e-06,-2.999999999999531e-06,-22934.302160133655
-0.11030216212798272,0.37276317614925814,1.0,0,,0.00020000000000003348,-9.999999999998899e-05,-551.5108106398212
0.08537809235201593,0.3715191994886834,1.0,0,,0.0007000000000000339,0.0,121.96870336001685
0.07032129763202999,0.44545141471311334,1.0,0,,0.006000000000000227,0.0,11.720216272004555
-0.30351718799998284,0.4531779551828111,1.0,0,,6.700000000000292e-09,-4.0000000000003005e-10,-45301072.83581636
-0.3116550000000007,0.46966003940922724,1.0,0,,0.40000000000009095,-0.009999999999990905,-0.7791374999998245
-0.3773836799999666,0.4767508168021848,1.0,0,,7.000000000000062e-05,0.0,-5391.1954285709035
-0.2970919999999897,0.42833215799724106,1.0,0,,0.009000000000000341,0.0,-33.010222222219824
-0.5403933427200006,0.4692026032036723,1.0,0,,0.0040000000000000036,0.0,-135.09833568000002
-0.36023829079035663,0.3666872711355178,1.0,0,,0.000130000000000019,0.0,-2771.063775310031
-0.20425607999999004,0.3450026333488441,1.0,0,,5.000000000000837e-05,-1.9999999999992246e-05,-4085.121599999117
-0.31556437828240075,0.4021570536777805,1.0,0,,0.0,-7.00000000000145e-05,
-0.49687537107995505,0.42730432130336493,1.0,0,,0.0010000000000000009,0.0,-496.8753710799546
-0.46259251928481043,0.38260534669728863,1.0,0,,0.20000000000001705,0.0,-2.312962596423855
-0.6535478895359204,0.4806196876605038,1.0,0,,0.04999999999999716,-0.009000000000000341,-13.07095779071915
-0.8383932030791987,0.41633264079051224,1.0,0,,0.0005200000000000204,0.0,-1612.294621306088
-0.2956950599999739,0.43395321456953395,1.0,0,,0.0,-0.00013999999999997348,
-0.3862103999999631,0.476148924283764,1.0,0,,0.19000000000005457,-0.03999999999996362,-2.0326863157886956
-0.29659392000000045,0.4367706084519669,,0,,0.0,0.0,
-0.487114664191957,0.5455298463545558,1.0,0,,0.00019999999999997797,-0.00019999999999997797,-2435.573320960053
-0.13079560395788206,0.4613816120054457,1.0,0,,6.599999999999649e-09,-1.8000000000001352e-09,-19817515.751195308
-0.40310563472001376,0.42843298297237475,1.0,0,,0.005000000000000782,-0.0019999999999988916,-80.62112694399015
-0.3990252289440115,0.3949039217974361,1.0,0,,0.0,-0.0009000000000000119,
-0.1347439614191949,0.3667777203868813,1.0,0,,4.999999999999449e-05,-1.9999999999992246e-05,-2694.879228384195
-0.5929600296959261,0.3683941454109645,1.0,0,,9.999999999998899e-05,-0.00040000000000001146,-5929.600296959914
-0.18682684964798352,0.513164133818702,1.0,0,,0.44999999999998863,-0.7199999999999989,-0.4151707769955294
-0.2356019870399917,0.3994236849294656,1.0,0,,0.0,-0.030000000000001137,
-0.11901272825359904,0.35973443219444956,1.0,0,,7.00000000000145e-05,-5.999999999997674e-05,-1700.18183219392
-0.3079730471547174,0.41417139556666804,1.0,0,,1.0000000000001327e-06,-4.999999999999796e-06,-307973.0471546765
-0.6074236729759708,0.4884071073822657,1.0,0,,0.06499999999999773,-0.006000000000000227,-9.344979584246031
-0.41822819999995886,0.5524698441121002,1.0,0,,0.00019999999999997797,0.0,-2091.1410000000246
-0.22922944418878963,0.43357498242807135,1.0,0,,0.0004999999999999449,-0.000500000000000056,-458.45888837762976
-0.34598789032799204,0.476148924283764,1.0,0,,0.2300000000000182,0.0,-1.5042951753389768
-0.2675780230975734,0.5064442348569452,1.0,0,,0.18000000000000682,-0.21000000000000796,-1.4865445727642403
-0.6716389549840275,0.4613816120054457,1.0,0,,1.9400000000000187e-08,0.0,-34620564.68989799
0.17561402477044175,0.3792003346983669,1.0,0,,0.00016999999999999654,0.0,1033.0236751202665
-0.2929400800000056,0.4292210559722228,1.0,0,,4.999999999999796e-06,-1.0000000000001327e-06,-58588.01600000351
-0.21204231999999051,0.3667777203868813,1.0,0,,4.999999999999449e-05,-1.0000000000010001e-05,-4240.846400000278
-0.1284839800799905,0.364652781295185,1.0,0,,0.0001000000000000445,-9.999999999998899e-05,-1284.8398007993335
-0.3354269877599773,0.4794108220433917,1.0,0,,0.0009999999999998899,-0.002000000000000224,-335.42698776001424
-0.15624268768798685,0.3530250082292863,1.0,0,,0.0,-0.0047999999999999154,
-0.9555475391535679,0.42502510296591445,1.0,0,,0.00012999999999999123,-0.0007500000000000007,-7350.365685797172
-0.35334997588800277,0.3530250082292863,1.0,0,,0.0023999999999999577,0.0,-147.22915662000375
-0.3219580097440089,0.4021620467249468,1.0,0,,0.0,-0.000200000000000089,
-0.5502112591359957,0.45186286647535123,1.0,0,,0.0004999999999999449,-0.0019000000000000128,-1100.4225182721125
-0.7095145957151969,0.5064442348569452,1.0,0,,0.0,-0.4399999999999977,
-0.8167740364799985,0.40365474520929934,1.0,0,,0.0,-0.0800000000000054,
-0.4192745497999895,0.364652781295185,1.0,0,,0.0,-0.0006000000000000449,
-0.2697710037719713,0.43395321456953395,1.0,0,,4.999999999999449e-05,0.0,-5395.42007544002
-0.5516323880407729,0.35973443219444956,1.0,0,,3.0000000000002247e-05,-0.00010999999999999899,-18387.746268024384
-0.7992430136063832,0.43357498242807135,1.0,0,,0.0,-0.0016999999999999238,
-0.13915646589596026,0.4031070012926061,1.0,0,,0.0007000000000000339,0.0,-198.7949512799336
-0.43885497815998664,0.4132856378027756,1.0,0,,0.020000000000003126,-0.01999999999999602,-21.942748907995902
-0.16839589531862875,0.47793296057332196,1.0,0,,3.4000000000002554e-09,-6.800000000000087e-09,-49528204.50547533
-0.2501706864399983,0.4576537752508192,1.0,0,,0.0006999999999999229,-0.00019999999999997797,-357.3866949143226
-0.19916861576553035,0.5268072749565116,1.0,0,,0.8899999999999864,-0.13000000000002387,-0.2237849615343072
-0.2462109877600005,0.42843298297237475,1.0,0,,0.0039999999999995595,-0.006999999999999673,-61.552746940006905
-0.20036215583998895,0.4884071073822657,1.0,0,,0.04599999999999227,-0.10200000000000387,-4.355699040000492
-0.24190396236799624,0.49354241579321817,1.0,0,,0.4399999999999409,-0.4500000000000455,-0.5497817326546108
-0.1864213296167678,0.3808970448121859,1.0,0,,3.0000000000002247e-05,0.0,-6214.044320558462
-0.10148161930560427,0.3796787869432762,1.0,0,,4.999999999999449e-05,-0.00010000000000000286,-2029.632386112309
-0.1809047675519749,0.41269850725989843,1.0,0,,1.0599999999999454,-2.3400000000001455,-0.1706648750490417
-0.16352487139201605,0.5587173491996213,1.0,0,,0.00020000000000003348,-0.00029999999999996696,-817.6243569599434
-0.2842739755200151,0.4794108220433917,1.0,0,,0.0019999999999997797,-0.0030000000000001137,-142.1369877600232
-0.6728051487759777,0.5111981148489262,1.0,0,,0.3499999999999943,0.0,-1.9223004250742532
-0.4541618962240252,0.3712777442047511,1.0,0,,0.00019999999999997797,0.0,-2270.809481120376
-0.38070815999995367,0.4833935741723051,1.0,0,,0.00025999999999998247,0.0,-1464.2621538460744
-0.2971135999999937,0.43880433787339623,1.0,0,,0.0017000000000000348,0.0,-174.77270588234566
-0.5348033481599783,0.4389367368451367,1.0,0,,0.0039999999999995595,0.0,-133.7008370400093
-0.42964954323194615,0.5057707393419111,1.0,0,,0.4000000000000057,-0.0800000000000125,-1.0741238580798502
-0.5180648538559784,0.4293861835082378,1.0,0,,3.0000000000002247e-05,-0.00026999999999999247,-17268.828461864654
-0.39620339999998766,0.5103381081807129,1.0,0,,0.00029999999999996696,0.0,-1320.6780000001042
-0.337583352563136,0.5339189022848227,1.0,0,,0.00016000000000000736,-7.999999999999674e-05,-2109.8959535195027
-0.6434954199999586,0.4779120300881567,1.0,0,,0.002000000000000224,0.0,-321.7477099999433
-0.5007826854709101,0.431546197190669,1.0,0,,3.9999999999996635e-06,-1.0999999999999725e-05,-125195.67136773806
-0.49734089793838,0.4293861835082378,1.0,0,,0.00039000000000000146,-1.0000000000010001e-05,-1275.233071636867
-0.47993571542398933,0.4031070012926061,1.0,0,,0.000500000000000056,0.0,-959.8714308478712
-0.6729031776951706,0.5111981148489262,1.0,0,,0.18000000000000682,0.0,-3.7383509871952505
-0.4578489075327058,0.4012500520935723,1.0,0,,2.0000000000020002e-05,0.0,-22892.445376612395
-0.27869997600003704,0.4779120300881567,1.0,0,,0.0019999999999997797,0.0,-139.34998800003387
-0.7539371055359223,0.4985443076693161,1.0,0,,0.028999999999996362,-0.06499999999999773,-25.997831225379894
-0.6463643614719575,0.41269850725989843,1.0,0,,0.0,-2.1100000000001273,
-0.3781821093999716,0.47793296057332196,1.0,0,,1.0000000000000751e-09,-1.5999999999996967e-09,-378182109.3999432
-0.4434752107519875,0.49354241579321817,1.0,0,,0.05000000000006821,-0.4199999999999591,-8.86950421502765
-0.2855153200000105,0.4129298488121077,1.0,0,,0.00021999999999999797,0.0,-1297.7969090909687
-0.41848185970081386,0.4012500520935723,1.0,0,,5.999999999994898e-05,-1.0000000000010001e-05,-6974.697661686161
-1.1609688175359445,0.5587173491996213,1.0,0,,0.0,-0.0005000000000000004,
-0.27098513999997004,0.3796787869432762,,0,,0.0,0.0,
-0.3438720129599854,0.4132856378027756,1.0,0,,0.00999999999999801,-0.030000000000001137,-34.38720129600538
-0.34104958617596093,0.49378003289275824,1.0,0,,0.20000000000004547,0.0,-1.7052479308794168
-0.26723999999999054,0.3712777442047511,1.0,0,,9.999999999998899e-05,0.0,-2672.4000000001997
-0.3814867799999866,0.4833935741723051,1.0,0,,0.0,-6.999999999998674e-05,
-0.2721505627142282,0.431546197190669,1.0,0,,2.0000000000002655e-06,0.0,-136075.28135709604
-0.3307714279631824,0.43880433787339623,1.0,0,,0.0,-0.0006000000000000449,
-0.35078400863998765,0.4389367368451367,1.0,0,,0.0,-0.0029999999999983373,
-0.28957185511199235,0.5057707393419111,1.0,0,,0.05999999999997385,-0.35000000000002274,-4.826197585201975
-0.3212279538479964,0.4114281096446338,1.0,0,,0.00039999999999995595,-0.000300000000000078,-803.0698846200795
-0.42002151400319465,0.5575431551432959,1.0,0,,3.0000000000002247e-05,0.0,-14000.717133438773
-0.12026224002234473,0.48722623286106015,1.0,0,,2.900000000000006e-09,-2.299999999999961e-09,-41469737.93873947
-0.31381351029601556,0.38064711686539443,1.0,0,,0.0009000000000000119,-0.0020999999999999908,-348.6816781066793
-0.29739799999997063,0.4331293786710531,1.0,0,,0.004999999999999005,-0.002000000000000668,-59.47960000000596
-0.27775679078397986,0.4033778878191171,1.0,0,,0.6400000000001,-0.6900000000000546,-0.4339949855999007
-0.39620339999998766,0.5115314819450075,1.0,0,,9.999999999998899e-05,0.0,-3962.034000000313
-0.7635303866879233,0.5002977344646226,1.0,0,,0.01099999999999568,-0.060000000000002274,-69.41185333529302
-0.38573856769839004,0.5088695859258306,1.0,0,,0.0,-0.3100000000000023,
-0.30135562093437784,0.48305520729337503,1.0,0,,3.999999999999837e-05,-9.999999999996123e-06,-7533.890523359753
-0.23587198704000678,0.3993451847807185,1.0,0,,0.01999999999999602,0.0,-11.793599352002685
-0.17002549004000025,0.3652165251390748,1.0,0,,0.00019999999999997797,0.0,-850.1274502000949
-0.23186174402560733,0.44078783684501044,1.0,0,,0.000500000000000056,-0.00029999999999996696,-463.72348805116275
-0.24164238214398262,0.4033778878191171,1.0,0,,0.9400000000000546,0.0,-0.2570663639829453
-0.27344495539204194,0.5566958674330602,1.0,0,,0.00029999999999996696,-9.999999999998899e-05,-911.4831846402402
-0.19252214445915533,0.4345724764856087,1.0,0,,4.999999999999796e-06,-2.0000000000002655e-06,-38504.428891832635
-0.48563627724794967,0.49378003289275824,1.0,0,,0.3000000000000682,-0.049999999999954525,-1.6187875908261309
-0.39861359942396535,0.5002977344646226,1.0,0,,0.044999999999987494,-0.0030000000000001137,-8.858079987201691
-0.36468511873274123,0.5088695859258306,1.0,0,,0.11000000000001364,-0.04999999999998295,-3.3153192612063274
-0.13166151883680313,0.48722623286106015,1.0,0,,2.4000000000001803e-09,-2.099999999999946e-09,-54858966.18199718
-0.6567121528799624,0.4795270715300834,1.0,0,,0.0,-0.0030000000000001137,
-0.30998500600000334,0.41035705275967366,1.0,0,,0.0,-4.999999999999449e-05,
-0.5231903341591787,0.4860107625649549,,0,,0.0,0.0,
0.04364049165599371,0.4129298488121077,1.0,0,,7.999999999999674e-05,-0.0007500000000000007,545.5061456999435
-0.32781715217515095,0.5225460262140669,1.0,0,,0.0,-0.7599999999999909,
-1.3278042630400089,0.44545141471311334,1.0,0,,0.0009999999999998899,-0.0050000000000003375,-1327.804263040155
-0.431325934775983,0.4114281096446338,1.0,0,,9.999999999998899e-05,-0.0008000000000000229,-4313.259347760305
-0.2850199999999987,0.41035705275967366,1.0,0,,6.0000000000004494e-05,0.0,-4750.3333333329565
-0.29751699999999437,0.4362437875978102,1.0,0,,0.000300000000000078,0.0,-991.7233333330568
-0.5257142179199557,0.3652165251390748,1.0,0,,0.0,-0.00039999999999995595,
-0.8463527610984076,0.48305520729337503,1.0,0,,2.0000000000006124e-05,-3.0000000000002247e-05,-42317.638054907424
-0.6548874170399821,0.3993451847807185,1.0,0,,0.0,-0.030000000000001137,
-0.5000739621695801,0.43080502535142673,1.0,0,,3.999999999998449e-05,0.0,-12501.849054244349
-1.0481625794079186,0.5566958674330602,1.0,0,,0.0,-0.00039999999999995595,
-0.4983347679232029,0.44078783684501044,1.0,0,,0.0,-0.0014999999999999458,
-0.4729057265203064,0.4345724764856087,1.0,0,,0.0,-8.000000000000194e-06,
-0.6414014959199835,0.4331293786710531,1.0,0,,0.0,-0.009000000000000341,
-0.284579975519996,0.4795270715300834,1.0,0,,0.0,-0.0040000000000000036,
-0.6185178473280242,0.5575431551432959,1.0,0,,0.0,-4.000000000000531e-05,
-0.3602751907839904,0.49378003289275824,1.0,0,,0.0,-0.42999999999995,
-0.26682417082555393,0.49688453527568316,1.0,0,,6.0000000000004494e-05,0.0,-4447.069513758899
-0.16148623638766973,0.42961885440822917,1.0,0,,5.999999999999929e-06,0.0,-26914.372731278607
-0.28099341553917145,0.4860107625649549,1.0,0,,0.0,-0.00014000000000000123,
-0.10102854916796897,0.4729577025419694,1.0,0,,0.0030000000000001137,0.0,-33.67618305598838
-0.284375975519971,0.48509786186763965,1.0,0,,0.002000000000000224,0.0,-142.1879877599696
-0.3539401419135101,0.48722623286106015,1.0,0,,0.0,-4.500000000000126e-09,
-0.3845775023440183,0.4244603727161237,1.0,0,,2.0000000000020002e-05,-0.00015999999999999348,-19228.875117181684
-0.5090537985920417,0.41236258645305846,1.0,0,,0.39000000000010004,-1.009999999999991,-1.3052661502356695
-0.6777848002559238,0.506457690099909,1.0,0,,0.19000000000005457,-0.049999999999954525,-3.5672884223985744
-0.2793803599999984,0.39857845497245104,,0,,0.0,0.0,
-0.5435778947759851,0.5154804405416927,1.0,0,,0.030000000000001137,-0.22999999999998977,-18.119263159198816
-0.537624187263966,0.41236258645305846,1.0,0,,1.0,-0.21000000000003638,-0.537624187263966
-0.34588807296001955,0.5093315392651105,1.0,0,,0.04799999999998761,-0.05000000000001137,-7.206001520002268
-0.6769180790799543,0.5154804405416927,1.0,0,,0.18000000000000682,0.0,-3.7606559948884923
-0.3221328126719735,0.3761169135563369,1.0,0,,9.999999999998899e-05,-0.00019999999999997797,-3221.32812672009
-0.5470548105599773,0.409293684952594,1.0,0,,0.0,-0.00999999999999801,
-0.3148425539863801,0.4404635331082246,1.0,0,,0.000300000000000078,-0.00029999999999996696,-1049.4751799543276
-0.6347974226799359,0.4362437875978102,1.0,0,,9.999999999998899e-05,-0.00029999999999996696,-6347.974226800058
-0.6168404872079819,0.5713407393711323,1.0,0,,9.999999999998899e-05,0.0,-6168.4048720804985
-0.21296439999997946,0.3616641806058356,1.0,0,,0.0019000000000000128,0.0,-112.0865263157779
-0.6126149486927863,0.5015260735155277,1.0,0,,1.0000000000010001e-05,-1.9999999999992246e-05,-61261.494869217364
-0.27606279711793574,0.5163032700561694,1.0,0,,2.0000000000001503e-10,-3.100000000000021e-09,-1380313985.589575
-1.4791682903039938,0.38096621668273434,1.0,0,,0.0,-0.0040999999999999925,
0.535954355484819,0.39857845497245104,1.0,0,,0.00028000000000000247,0.0,1914.1226981600507
-0.8112777177600079,0.4244603727161237,1.0,0,,0.00018999999999999573,-4.999999999999449e-05,-4269.882725052769
-0.17180096606394463,0.4729577025419694,1.0,0,,0.0,-0.002000000000000224,
-0.2890270787615838,0.43080502535142673,1.0,0,,1.0000000000010001e-05,0.0,-28902.707876129472
-0.5102402488159842,0.4576537752508192,1.0,0,,0.0004999999999999449,-0.0017000000000000348,-1020.4804976320808
-0.08591072209601397,0.5368846926494795,1.0,0,,0.3299999999999841,-0.710000000000008,-0.2603355215030852
-0.7601506775999816,0.5302026574476779,1.0,0,,9.999999999998899e-05,-9.999999999998899e-05,-7601.506776000653
-0.38857589999999115,0.49688453527568316,1.0,0,,0.0,-3.0000000000002247e-05,
-0.5310360518400107,0.4386787213957072,1.0,0,,0.0029999999999983373,-0.012000000000000455,-177.01201728010167
-0.5337552633600079,0.3761169135563369,1.0,0,,0.0,-0.0005999999999999894,
-0.8204072282518805,0.49758681757712125,1.0,0,,0.0,-5.699999999999793e-09,
-0.9899503067663691,0.4310966197494836,1.0,0,,0.0,-0.0007500000000000007,
-0.43742701224001135,0.48509786186763965,1.0,0,,0.0,-0.0030000000000001137,
-0.4545199823119907,0.42961885440822917,1.0,0,,4.000000000000531e-06,-1.999999999999398e-06,-113629.9955779826
-0.7802545825279844,0.506457690099909,1.0,0,,0.06000000000005912,-0.4599999999999227,-13.00424304212026
-0.6673772396159298,0.5093315392651105,1.0,0,,0.0,-0.08100000000000307,
-0.32443797988796164,0.30731280764775193,1.0,0,,0.0,-1.9999999999999185e-05,
-0.3481432702079548,0.36879333811827036,1.0,0,,0.00039999999999995595,0.0,-870.3581755199829
-0.3570251999999495,0.3310987558282048,1.0,0,,0.006999999999999673,-0.0009999999999994458,-51.003599999995174
-0.2154863758080149,0.40448320129009385,1.0,0,,1.0399999999999636,-0.7999999999999545,-0.20719843827694467
-1.5655735641168027,0.43018948472256735,1.0,0,,0.060000000000002274,-1.1400000000000148,-26.092892735279058
-0.16625249099998796,0.339448579504309,1.0,0,,0.0004999999999999449,-0.00029999999999996696,-332.50498200001255
-0.3091238204351747,0.5009728542710052,1.0,0,,3.0000000000002247e-05,-4.999999999999449e-05,-10304.127347838386
-0.279719880000004,0.40064236189330993,1.0,0,,0.00010999999999999899,0.0,-2542.9080000000595
-0.09192929174397046,0.5309753763415335,1.0,0,,0.0010000000000000009,0.0,-91.92929174397038
-0.09875245010396475,0.45926224044862163,1.0,0,,0.0030000000000001137,-0.002000000000000224,-32.917483367987
-0.31573157302400146,0.5701157386326133,1.0,0,,0.00019999999999997797,-0.00019999999999997797,-1578.6578651201812
-0.2348286825023736,0.5020608349667203,1.0,0,,0.00012000000000000899,-4.999999999999449e-05,-1956.9056875196334
-0.054301015835982375,0.3234562084407064,1.0,0,,0.000500000000000056,-0.0014999999999999458,-108.6020316719526
-0.19809018050238086,0.39867277338840873,1.0,0,,0.1699999999999875,-0.3100000000000023,-1.1652363558964438
-0.33764761022397427,0.431492438271886,1.0,0,,0.0,-0.0008000000000000229,
-0.46331670239997025,0.38039446700025575,1.0,0,,0.0050000000000003375,0.0,-92.6633404799878
-0.5490800888320544,0.5092307794298209,1.0,0,,0.7899999999999636,0.0,-0.6950380871292148
-0.429619206911956,0.5046620531609245,1.0,0,,0.09300000000000352,-0.0030000000000001137,-4.619561364644513
-0.29149967999997145,0.4259335807637801,1.0,0,,1.0999999999999725e-05,0.0,-26499.970909088974
-0.6606390679543723,0.49758681757712125,1.0,0,,3.2000000000002404e-09,0.0,-206449708.73572585
-0.3159711999999869,0.40448320129009385,1.0,0,,2.400000000000091,0.0,-0.13165466666665623
-0.3236964895512111,0.30731280764775193,1.0,0,,4.000000000000184e-05,0.0,-8092.412238779905
-0.4898737070735734,0.4310966197494836,1.0,0,,0.0002999999999999947,0.0,-1632.9123569119402
-0.3016040599999875,0.44745707899340503,,0,,0.0,0.0,
-0.18415579303998098,0.3616641806058356,1.0,0,,0.0016000000000000458,0.0,-115.09737064998481
-0.29377279999997374,0.43018948472256735,1.0,0,,0.3100000000000023,0.0,-0.9476541935482955
-0.38280555310401576,0.45926224044862163,1.0,0,,0.0009999999999998899,-0.001000000000000334,-382.80555310405794
-1.3012104806399842,0.4063283278880788,1.0,0,,9.999999999998899e-05,-0.00040000000000001146,-13012.104806401276
-0.5405316269759767,0.5701157386326133,1.0,0,,0.0001000000000000445,-0.00019999999999997797,-5405.316269757362
-0.4172987862544026,0.5020608349667203,1.0,0,,0.0,-1.9999999999992246e-05,
-0.2624496157679995,0.3234562084407064,1.0,0,,0.0,-0.0014000000000000679,
-0.4766543871888117,0.39867277338840873,1.0,0,,0.0,-0.4199999999999875,
-0.6296165814959462,0.431492438271886,1.0,0,,0.0,-0.00029999999999996696,
-0.3222120467743931,0.30522304880975815,1.0,0,,0.00032999999999999696,0.0,-976.4001417405941
-0.28587156000000197,0.4097766695158013,1.0,0,,0.7699999999999818,0.0,-0.37126176623377755
-0.37082882505599307,0.36879333811827036,1.0,0,,9.999999999998899e-05,-0.00020000000000003348,-3708.2882505603393
-0.5744844440639869,0.5009728542710052,1.0,0,,0.0,-9.000000000000674e-05,
-0.501046825919955,0.3310987558282048,1.0,0,,0.0,-0.006000000000000227,
-0.9271883486719747,0.5092307794298209,1.0,0,,0.07000000000005002,-0.31999999999993634,-13.245547838161603
-0.8185407826559854,0.5046620531609245,1.0,0,,0.02600000000001046,-0.05099999999998772,-31.482337794448313
-0.37910651697404896,0.4259335807637801,1.0,0,,1.0000000000001327e-06,-2.999999999999531e-06,-379106.51697399863
-0.4996674262719499,0.3729839187954367,1.0,0,,0.0,-0.0019000000000000128,
-0.9782160493139072,0.49323198313692945,1.0,0,,0.0,-4.999999999999952e-09,
-0.515562044815984,0.4517205413434213,1.0,0,,0.0,-1.999999999996449e-05,
-0.7724826818399402,0.3890187722123202,1.0,0,,0.0,-0.0040000000000000036,
-0.24879001079998764,0.3360466557293067,1.0,0,,0.0,-0.0012000000000000899,
-0.6246862227759599,0.5327824529583007,1.0,0,,9.999999999998899e-05,-0.0005999999999999339,-6246.862227760286
-0.19590162145440038,0.30522304880975815,1.0,0,,0.0002600000000000102,0.0,-753.4677748245872
-0.5056629045759434,0.4102821054692277,1.0,0,,0.0,-1.6400000000001,
-0.4562586712319567,0.3729839187954367,1.0,0,,0.0017000000000000348,0.0,-268.38745366585135
-0.3859776233999692,0.49323198313692945,1.0,0,,3.100000000000021e-09,-2.099999999999946e-09,-124508910.77418277
-0.23529748351198043,0.4526586350570801,1.0,0,,0.0,-0.0009999999999998899,
-0.40410369999996276,0.5261120653151334,,0,,0.0,0.0,
-0.507446799999949,0.5832458354368865,,0,,0.0,0.0,
-0.7332481550399932,0.5757021136775192,,0,,0.0,0.0,
-0.6718338362176146,0.5093868590037711,,0,,0.0,0.0,
-0.23958201046397437,0.32198304606305533,1.0,0,,0.0,-0.0004999999999999449,
-0.28269092160317877,0.39125003557726834,1.0,0,,0.07999999999998408,0.0,-3.533636520040438
-0.27754066084159235,0.3069198429196749,1.0,0,,0.0,-2.9999999999998778e-05,
-0.34569151475999377,0.40901984446863904,1.0,0,,0.0,-0.0007000000000000339,
-0.2832983999999794,0.4063283278880788,,0,,0.0,0.0,
-0.2684939999999761,0.3729839187954367,1.0,0,,0.0019000000000000128,0.0,-141.31263157893383
-0.43212052979676663,0.5022738117936318,1.0,0,,0.0,-1.9999999999992246e-05,
-0.21002400000000165,0.32649561774572505,1.0,0,,0.002000000000000668,-0.0030000000000001137,-105.01199999996575
-0.42239766547195373,0.5193763802257854,1.0,0,,0.05100000000000193,-0.03699999999999193,-8.282307166116427
-0.37992911385597594,0.4102821054692277,1.0,0,,1.0599999999999454,-0.6199999999998909,-0.3584236923169769
-0.24032984748422292,0.49323198313692945,1.0,0,,2.6000000000001953e-09,0.0,-92434556.72469418
-0.7997458063359881,0.5069099819353412,1.0,0,,0.0,-0.43000000000006366,
-0.2083014626083105,0.4391088502488014,1.0,0,,5.999999999999929e-06,-2.0000000000002655e-06,-34716.910434718826
-0.23824491097599365,0.3360466557293067,1.0,0,,0.0005999999999999339,-9.999999999998899e-05,-397.0748516266998
-0.3032825599999942,0.4517205413434213,1.0,0,,0.0,-1.0000000000010001e-05,
-0.2803859999999881,0.3890187722123202,,0,,0.0,0.0,
-0.6932382110079668,0.5327824529583007,,0,,0.0,0.0,
-0.31797877283200143,0.5757021136775192,1.0,0,,0.00019999999999997797,0.0,-1589.8938641601824
-0.28309399999996576,0.4063283278880788,1.0,0,,0.00030000000000002247,0.0,-943.6466666664819
-0.39117806000000827,0.5022738117936318,1.0,0,,3.999999999999837e-05,-1.0000000000010001e-05,-9779.451500000605
-0.6779806540799822,0.5097646336396006,1.0,0,,0.2300000000000182,0.0,-2.947741974260559
-0.35710680575997195,0.32024278361719616,1.0,0,,0.0039999999999995595,-0.002000000000000668,-89.27670144000282
-0.27266400000000274,0.38166262399593043,1.0,0,,0.002000000000000224,0.0,-136.33199999998612
0.04075204110326458,0.4097766695158013,1.0,0,,0.4099999999999966,-0.15000000000000568,0.09939522220308517
-0.33236393932798247,0.3194502428289676,1.0,0,,0.000700000000000145,0.0,-474.8056276113052
-0.30392879999995687,0.4526586350570801,,0,,0.0,0.0,
-0.19778237158399042,0.40897939018463714,1.0,0,,0.8399999999999181,-0.8600000000001273,-0.2354552042666782
-0.47420745895039657,0.5093868590037711,1.0,0,,0.0,-0.00010999999999999899,
-0.20693650261599067,0.32198304606305533,1.0,0,,0.00029999999999996696,-0.00019999999999997797,-689.7883420533782
0.32798778902918124,0.3069198429196749,1.0,0,,0.00010999999999999899,0.0,2981.707172992584
-0.48326421035992967,0.40901984446863904,1.0,0,,0.00019999999999997797,-0.00019999999999997797,-2416.3210517999146
-0.3595343910840104,0.30522304880975815,1.0,0,,7.00000000000145e-05,-0.0004200000000000037,-5136.205586913371
-0.6898352508159145,0.52742597466193,1.0,0,,0.0,-0.00010999999999999899,
-0.46245847356800146,0.38131174357951525,1.0,0,,0.0022999999999999687,0.0,-201.0689015513077
-0.8223430222391439,0.4412954494347616,1.0,0,,0.4099999999999966,-0.3100000000000023,-2.0057146883881725
-0.41574376823994863,0.3436882963829427,1.0,0,,0.0009999999999994458,-0.0039999999999995595,-415.74376824017907
-0.6333581598791581,0.43193279740217755,1.0,0,,0.0,-8.000000000000194e-06,
-0.6396000320415525,0.4585037559459197,1.0,0,,0.0,-0.00010999999999999899,
-0.7013226216319663,0.540752017263816,,0,,0.0,0.0,
-0.4644183801599531,0.38166262399593043,1.0,0,,0.0,-0.007000000000000117,
-0.3130175999999865,0.4731892563969168,,0,,0.0,0.0,
-0.2991413999999585,0.4412954494347616,1.0,0,,0.30000000000001137,-0.009999999999990905,-0.9971379999998238
-0.3105647999999559,0.4672182316177542,,0,,0.0,0.0,
-0.2575301680140695,0.4661885335306348,1.0,0,,2.0000000000001503e-10,-2.499999999999976e-09,-1287650840.070251
-0.8287011592495805,0.5019031266144944,1.0,0,,0.0,-7.000000000000062e-05,
-0.169418814916789,0.30670392644240296,1.0,0,,0.0,-0.0007000000000000339,
-0.6519941706023887,0.5167891275815775,1.0,0,,0.0,-0.00018999999999999573,
-0.3701446424031929,0.3146816070418058,,0,,0.0,0.0,
-0.3088051469567989,0.32203969549744443,1.0,0,,0.0,-0.0004800000000000082,
-0.9407845670399654,0.5097646336396006,1.0,0,,0.07999999999992724,-0.3300000000000409,-11.759807088010263
-0.8417106448640412,0.40897939018463714,1.0,0,,0.5800000000001546,-1.3299999999999272,-1.4512252497652014
-0.477145228799975,0.32024278361719616,1.0,0,,0.0,-0.006000000000000227,
-0.17008346443917133,0.5108665159056761,1.0,0,,0.00016000000000000736,0.0,-1063.021652744772
-0.04774172536320295,0.30941485647736855,1.0,0,,0.0007199999999999984,-0.0011599999999999944,-66.30795189333757
-0.10300055915200801,0.38131174357951525,1.0,0,,0.0022999999999999687,-0.0005999999999999339,-44.78285180522148
-0.24997921094397652,0.3436882963829427,1.0,0,,0.0019999999999988916,-0.0039999999999995595,-124.98960547205753
-0.4486783790170923,0.43193279740217755,1.0,0,,2.0000000000002655e-06,-5.999999999999929e-06,-224339.18950851637
-0.36570551420317127,0.4585037559459197,1.0,0,,0.0,-0.00010999999999999899,
-0.43975662057596887,0.4330387923132425,1.0,0,,0.29999999999998295,0.0,-1.4658554019199797
-0.21299727793997636,0.5927996728653453,1.0,0,,5.000000000000143e-05,0.0,-4259.945558799405
-0.864134208263978,0.540752017263816,1.0,0,,0.0,-0.0012999999999999678,
-0.20834477407999882,0.4113532702080687,1.0,0,,1.0399999999999636,-0.30999999999994543,-0.20033151353846743
-0.7790141412959395,0.4731892563969168,1.0,0,,0.0,-0.00039999999999995595,
-0.3198936196191787,0.52742597466193,1.0,0,,1.9999999999999185e-05,0.0,-15994.680980959589
-0.04864736496958581,0.31628224186145515,1.0,0,,0.0007000000000000339,-0.0004899999999999904,-69.49623567083351
-0.2059159999999917,0.30099169136154236,1.0,0,,0.0,-0.9000000000005457,
-0.25547426407996243,0.3879796448259824,1.0,0,,0.0,-0.0030000000000001137,
-0.9536769285599009,0.46993591814573343,1.0,0,,0.0,-0.0029999999999996696,
-0.5038154241103043,0.47874989935635315,1.0,0,,4.0000000000003005e-10,-2.699999999999991e-09,-1259538560.2756662
-0.5737275939559627,0.5002923343847192,1.0,0,,0.0,-0.00010999999999999899,
-0.20597999999999983,0.30099169136154236,1.0,0,,1.7000000000007276,0.0,-0.12116470588230098
-0.39705600000000935,0.5127132446177448,1.0,0,,0.0,-1.0000000000010001e-05,
-0.4094934363519238,0.4113532702080687,1.0,0,,0.8100000000001728,0.0,-0.5055474522862179
-0.6017675624959232,0.4988643173703923,1.0,0,,0.06999999999993634,-0.12000000000000455,-8.596679464235294
-0.2851979999999759,0.3207862273122838,1.0,0,,0.002000000000000668,-0.0029999999999983373,-142.59899999994033
-0.87216554919355,0.3082576123323952,1.0,0,,0.000130000000000019,-0.0006899999999999962,-6708.965763026328
-0.17443565203676092,0.31628224186145515,1.0,0,,0.0006700000000000039,-6.0000000000004494e-05,-260.3517194578506
-0.14019719416956028,0.4330387923132425,1.0,0,,0.6400000000000148,-0.01999999999998181,-0.21905811588993288
-0.6354898870240148,0.37965859030341065,1.0,0,,0.0,-0.005700000000000038,
-0.17439878413679893,0.3288105762768125,1.0,0,,6.999999999995898e-05,0.0,-2491.41120195573
-0.3704082591839674,0.34253587118110274,1.0,0,,0.0,-0.002000000000000668,
-0.5394181124327959,0.42575468750657636,1.0,0,,0.0,-3.9999999999996635e-06,
-0.7050003212160195,0.5438965245448502,,0,,0.0,0.0,
-0.2760591904000071,0.41006045960526594,1.0,0,,0.8200000000001637,-0.009999999999990905,-0.3366575492682341
-0.6440282376079521,0.47866994812322033,1.0,0,,0.0,-0.00019999999999997797,
-0.3469032362879786,0.3194502428289676,1.0,0,,0.00039999999999995595,-0.0017000000000000348,-867.258090720042
-0.1531822291327891,0.32913051613421485,1.0,0,,9.999999999999593e-06,0.0,-15318.222913279533
-0.3918670266399732,0.3879796448259824,1.0,0,,0.0,-0.0030000000000001137,
-0.38234241689600057,0.46993591814573343,1.0,0,,0.0,-0.001000000000000334,
-0.43684404297641066,0.47874989935635315,1.0,0,,1.699999999999916e-09,-1.2000000000000902e-09,-256967084.10378367
-0.47150529950718334,0.5002923343847192,1.0,0,,9.999999999996123e-06,-5.000000000000837e-05,-47150.529950736614
-0.3442031873279676,0.5127132446177448,1.0,0,,4.000000000001225e-05,0.0,-8605.079683196556
-0.7639531082399722,0.47110410196580776,,0,,0.0,0.0,
-0.5752416422400237,0.4988643173703923,1.0,0,,0.05000000000006821,-0.5,-11.50483284478478
-0.30981119846400496,0.41006045960526594,1.0,0,,0.8199999999999363,0.0,-0.3778185347122305
-0.4666278561119748,0.38310633926742965,1.0,0,,0.3000000000000682,0.0,-1.5554261870395625
-0.5528061646799582,0.3999939660773465,1.0,0,,0.0,-0.0034999999999998366,
-0.14402318874397932,0.3072297646045079,1.0,0,,0.000140000000000029,0.0,-1028.737062456782
-0.1898986705520173,0.47110410196580776,1.0,0,,0.00029999999999996696,0.0,-632.9955685067941
-0.4312151674879768,0.33476416777584067,1.0,0,,0.0009999999999994458,-0.006999999999999673,-431.2151674882158
-0.8276177966243458,0.4123695967131863,1.0,0,,0.0,-9.999999999999593e-06,
-0.12637554971517953,0.4429901190652405,1.0,0,,0.5500000000000114,-0.23999999999998067,-0.22977372675486712
-0.10859440865513395,0.39125003557726834,1.0,0,,0.1599999999999966,-0.2300000000000182,-0.6787150540946016
-0.6461026900296096,0.4815134574703092,,0,,0.0,0.0,
-0.22862710852000878,0.3117436390569349,1.0,0,,0.000300000000000189,-0.00019999999999997797,-762.0903617328825
-0.34222803168000815,0.3207862273122838,1.0,0,,0.0030000000000001137,-0.011000000000001009,-114.0760105599984
-0.296884020159996,0.35842150621066776,1.0,0,,0.0,-0.004999999999999893,
-0.42007193669599757,0.370835312545298,1.0,0,,9.999999999996123e-06,-8.999999999999286e-05,-42007.19366961604
-1.0550835142559976,0.4092084785557422,1.0,0,,0.036000000000001364,-0.132000000000005,-29.30787539599882
-0.41227801290396476,0.3881357156488856,1.0,0,,0.0,-0.0002500000000000002,
-1.0832540685410057,0.4123695967131863,1.0,0,,0.0,-1.3999999999999256e-05,
-1.010278476475944,0.382249477114709,1.0,0,,0.0,-0.44999999999998863,
-0.5812404661439665,0.4553988391428734,1.0,0,,0.0,-0.0040000000000000036,
-0.28105002111997834,0.3115447710574384,1.0,0,,0.0,-0.013999999999999346,
-1.3216839924429276,0.47966935812732225,1.0,0,,1.299999999999886e-09,-8.700000000000018e-09,-1016679994.1869565
-0.9512177447039649,0.40282962411730683,1.0,0,,0.0,-0.0010000000000000009,
-0.3579744376319839,0.33476416777584067,1.0,0,,0.0,-0.016000000000000014,
-0.3323411917223627,0.32072867283058915,,0,,0.0,0.0,
-0.6921469039800181,0.5302778479012493,1.0,0,,0.0,-8.000000000000368e-05,
1.8627998565624415,0.3269344090439696,1.0,0,,0.0024500000000000077,0.0,760.3264720663003
-0.15130738896556786,0.4429901190652405,1.0,0,,0.5699999999999932,-0.25,-0.26545155958871874
-1.1731230023039343,0.3082576123323952,1.0,0,,0.00019999999999997797,-0.0007500000000000007,-5865.615011520317
-0.18088994758801266,0.3072297646045079,1.0,0,,0.0,-0.00012000000000000899,
-0.2817368000000021,0.40282962411730683,1.0,0,,0.0007000000000000339,0.0,-402.4811428571264
-0.20121919999998178,0.33476416777584067,1.0,0,,0.009000000000000341,0.0,-22.357688888886017
-0.0878021991319875,0.4429901190652405,1.0,0,,0.36000000000001364,-0.09000000000000341,-0.24389499758884492
-0.27525780000000555,0.38916698534753447,1.0,0,,0.1599999999999966,-0.009999999999990905,-1.7203612500000713
-0.17904779659198886,0.3117436390569349,1.0,0,,0.0,-0.0014999999999998348,
-0.2504351628799927,0.35842150621066776,1.0,0,,0.0,-0.004999999999999893,
-0.23625928351196102,0.4553988391428734,1.0,0,,0.001000000000000334,0.0,-236.2592835118821
-0.6182999285119778,0.41006045960526594,1.0,0,,0.0,-1.5499999999999545,
-0.6537763153039771,0.4085175859009699,1.0,0,,0.0,-0.08399999999998897,
-0.29893820580799224,0.38310633926742965,1.0,0,,0.08000000000004093,-0.5,-3.7367275725979914
-0.4305279647615747,0.3881357156488856,1.0,0,,1.9999999999992246e-05,0.0,-21526.39823808708
-0.9584263170942957,0.47966935812732225,1.0,0,,1.299999999999886e-09,-1.899999999999931e-09,-737251013.1495229
0.7808859741999961,0.3999939660773465,1.0,0,,0.015600000000000058,0.0,50.056793217948275
-0.23108498036799793,0.47110410196580776,1.0,0,,0.0,-0.00030000000000002247,
-0.30227086511997064,0.3137932631932677,1.0,0,,1.199999999999818,0.0,-0.2518923876000137
-0.12070747218885114,0.370835312545298,1.0,0,,4.999999999999449e-05,-8.000000000001062e-05,-2414.1494437772885
-0.3323411917223627,0.32072867283058915,,0,,0.0,0.0,
-0.9600557827559733,0.5302778479012493,1.0,0,,0.0,-0.00012999999999999817,
-0.11517198115582668,0.4123695967131863,1.0,0,,5.999999999999929e-06,0.0,-19195.330192638008
-0.42587330328001083,0.42272251547097683,1.0,0,,0.03599999999998715,-0.03200000000001069,-11.829813980004522
-0.13816896644795323,0.3934773109278262,1.0,0,,0.0006000000000000449,0.0,-230.2816107465715
-0.02403679365353173,0.4815134574703092,1.0,0,,8.99999999999998e-05,0.0,-267.07548503924204
0.06993097029603201,0.3269344090439696,1.0,0,,0.0013399999999999523,0.0,52.18729126569739
-0.2591557555744105,0.3948259114106231,1.0,0,,6.0000000000004494e-05,0.0,-4319.262592906518
-0.25339598483199544,0.41805264864387925,1.0,0,,0.7899999999999636,-0.38000000000010914,-0.32075441117975584
-0.23292058996797005,0.38373694985034734,1.0,0,,0.19000000000005457,-0.03999999999996362,-1.2258978419363324
-1.4659275217439596,0.37725447338732987,1.0,0,,0.0007999999999999119,-0.006699999999999928,-1832.4094021801513
-0.27509747999997824,0.38916698534753447,1.0,0,,0.2400000000000091,0.0,-1.146239499999866
-0.2310052432089767,0.48980751213494844,1.0,0,,2.299999999999961e-09,-1.0000000000000751e-09,-100437062.26477417
-0.18725342399998376,0.33815773887066725,1.0,0,,0.0030000000000001137,0.0,-62.41780799999222
-0.5251412261759967,0.46365146267641866,,0,,0.0,0.0,
-0.41787702684641037,0.45749594147267836,1.0,0,,0.0800000000000125,-0.4099999999999966,-5.223462835579313
-2.296868146070324,0.3436078295299665,1.0,0,,0.0,-0.0012399999999999634,
-0.24023235279995697,0.3065556689316068,1.0,0,,0.0039999999999995595,-0.002000000000000668,-60.05808819999586
-0.5018971855359688,0.4328068295219467,1.0,0,,0.0001000000000000445,0.0,-5018.971855357455
-0.35430047183993346,0.3137932631932677,1.0,0,,0.0,-0.0999999999994543,
-0.3788989003359673,0.38373694985034734,1.0,0,,0.1999999999999318,0.0,-1.8944945016804826
-0.4807812202223519,0.5003226269987063,1.0,0,,1.9999999999999185e-05,0.0,-24039.061011118574
-0.5246679127679904,0.46365146267641866,1.0,0,,0.0040000000000000036,0.0,-131.1669781919975
-0.3503384684799836,0.3137932631932677,1.0,0,,0.5999999999994543,0.0,-0.5838974474671704
-0.3749464140160077,0.41805264864387925,1.0,0,,0.5499999999999545,-0.7599999999999909,-0.681720752756434
-0.3157236034559735,0.42272251547097683,1.0,0,,0.028000000000005798,-0.028999999999996362,-11.275842980568147
-0.2593445355695787,0.3948259114106231,1.0,0,,3.0000000000002247e-05,0.0,-8644.817852318643
-0.19199298046399058,0.37725447338732987,1.0,0,,0.001100000000000101,-0.0018000000000000238,-174.53907314906633
-0.23485833946398507,0.3436078295299665,1.0,0,,0.0021699999999999497,0.0,-108.22964952257627
-0.08208920630720307,0.45749594147267836,1.0,0,,0.3299999999999841,-0.46999999999999886,-0.2487551706279001
-0.6589294242399784,0.3934773109278262,1.0,0,,9.999999999998899e-05,-0.00040000000000006697,-6589.29424240051
-0.4313519976672272,0.3332783147188445,1.0,0,,0.0,-1.0000000000003062e-05,
-0.9255540278942086,0.48980751213494844,1.0,0,,1.7999999999997117e-09,-2.299999999999961e-09,-514196682.1635316
-0.34914004344000005,0.33815773887066725,1.0,0,,0.0009999999999998899,0.0,-349.1400434400385
-0.5745935121127741,0.38916698534753447,1.0,0,,0.030000000000001137,-0.1699999999999875,-19.15311707042508
-0.21806073695998157,0.3065556689316068,1.0,0,,0.004999999999999005,-0.009000000000000341,-43.61214739200499
-3.0274057428383943,0.5732941559091516,1.0,0,,0.0,-1.0600000000000023,
-0.5917729107040071,0.43870038531988265,1.0,0,,0.0,-0.00015000000000001124,
-0.23172748379998698,0.44229919794153116,1.0,0,,0.0009999999999998899,-0.0009999999999998899,-231.7274838000125
-0.6564516225919621,0.4328068295219467,1.0,0,,0.0,-0.00029999999999996696,
-0.41391717347200735,0.38373694985034734,1.0,0,,0.2400000000000091,-0.2899999999999636,-1.724654889466632
-0.2829674411557539,0.4482174978911862,1.0,0,,2.499999999999976e-09,0.0,-113186976.46230264
-0.48068162282550203,0.5003226269987063,1.0,0,,2.0000000000006124e-05,0.0,-24034.081141267743
-0.2644683168959582,0.4201016944978412,1.0,0,,0.0005000000000000004,0.0,-528.9366337919159
-0.1867130145711986,0.35811187835573755,1.0,0,,0.0006499999999999839,0.0,-287.25079164800496
-0.3604893645120063,0.3631039903986571,1.0,0,,0.22000000000002728,0.0,-1.6385880205089163
-0.19984004636641553,0.47749173101911113,1.0,0,,4.999999999999449e-05,0.0,-3996.8009273287507
-0.5434085659199539,0.38850651569065375,1.0,0,,0.02400000000000091,-0.02599999999999625,-22.642023579997222
-0.7009107852607365,0.38482462524307975,1.0,0,,0.0,-0.00012999999999999123,
-0.8958261759999611,0.5929465741492905,1.0,0,,0.0,-0.1999999999998181,
-0.48255043798063746,0.5732941559091516,1.0,0,,0.5600000000000023,-0.0700000000000216,-0.8616972106797063
-0.4313523870391795,0.39258414783078244,1.0,0,,0.020000000000010232,-0.20999999999997954,-21.56761935194794
-1.0045845712063748,0.42310982831115423,1.0,0,,0.0,-0.00036999999999999533,
-0.3218754110879908,0.3895372022161575,1.0,0,,0.0,-0.00019999999999997797,
-0.28287503999994706,0.40632936830200894,,0,,0.0,0.0,
-0.33294283018801146,0.32167580314877126,,0,,0.0,0.0,
-0.0741653050743803,0.3529207818877803,1.0,0,,0.0017199999999999993,-0.00029999999999996696,-43.119363415337396
-0.2991599999999638,0.44229919794153116,,0,,0.0,0.0,
-0.29541779184797573,0.37342324689798967,1.0,0,,9.000000000000674e-05,0.0,-3282.4199094217065
-0.21608029554958455,0.39166524043795364,1.0,0,,0.09000000000000341,-0.05000000000001137,-2.4008921727730708
-0.5104352538559809,0.412274728052911,1.0,0,,0.0,-0.0005999999999999894,
-0.4363528372595699,0.4482174978911862,1.0,0,,0.0,-4.999999999999952e-09,
-0.17833499351999665,0.32895415302478315,1.0,0,,0.0,-0.0030000000000001137,
-0.4991166514079779,0.38325379314560676,1.0,0,,0.0,-0.13599999999999568,
-0.14337213587196096,0.40170590224473246,1.0,0,,0.0023999999999999577,-0.0043000000000001926,-59.73838994665145
-0.30777973326405395,0.38325379314560676,1.0,0,,0.05099999999998772,-0.0010000000000047748,-6.034896730669177
-1.0509746083199993,0.601526738460286,1.0,0,,0.1000000000003638,0.0,-10.50974608316176
-0.23927639155198552,0.37052402530042566,1.0,0,,0.0,-0.1999999999999318,
-0.6476805714015985,0.48316902089410396,,0,,0.0,0.0,
-0.9816001147567854,0.43139954700562255,1.0,0,,0.09999999999999432,-0.5300000000000011,-9.816001147568413
-0.46329222067197096,0.38326025432897054,1.0,0,,0.00039999999999995595,0.0,-1158.230551680055
-0.5822999913599415,0.601526738460286,1.0,0,,0.6000000000003638,0.0,-0.970499985599314
-1.394427748896023,0.4123612122739257,1.0,0,,0.0,-0.005800000000000027,
-0.29960319999996377,0.4434943772233553,,0,,0.0,0.0,
-0.3306590249688105,0.37342324689798967,1.0,0,,0.0,-8.00000000000245e-05,
-0.3240411412969048,0.45617926205621573,1.0,0,,6.999999999998408e-10,-1.499999999999901e-09,-462915916.1385407
-0.32369700897596715,0.412274728052911,1.0,0,,0.0,-9.999999999998899e-05,
-0.23233500647999072,0.32895415302478315,1.0,0,,0.0009999999999998899,-0.0019999999999997797,-232.33500648001632
-0.09479359009120958,0.43139954700562255,1.0,0,,0.27000000000001023,-0.030000000000001137,-0.3510873707081703
-0.18850006841681924,0.3529207818877803,1.0,0,,0.0015299999999999758,-0.00036000000000002697,-123.20265909596223
-0.6457564597903833,0.37234165796363716,1.0,0,,0.0007800000000000029,-0.00037999999999999146,-827.892897167155
-0.2835986399999786,0.4079872047817688,,0,,0.0,0.0,
-0.3053424073919839,0.37052402530042566,1.0,0,,0.009999999999990905,-0.2999999999999545,-30.534240739226163
-0.6476805714015985,0.48316902089410396,,0,,0.0,0.0,
-0.8848646923703677,0.39166524043795364,1.0,0,,0.06999999999999318,-0.3100000000000023,-12.64092417672077
-0.990251634183946,0.37342324689798967,1.0,0,,0.0,-0.0002999999999999947,
-1.30666734667468,0.45617926205621573,1.0,0,,0.0,-9.100000000000048e-09,
-0.7274263276799735,0.32895415302478315,1.0,0,,0.0009999999999998899,-0.006000000000000227,-727.4263276800536
-0.7497883087439381,0.38325379314560676,1.0,0,,0.018000000000000682,-0.09199999999999875,-41.65490604132832
-0.5058456524160053,0.4123612122739257,1.0,0,,0.00019999999999997797,-0.0047000000000001485,-2529.2282620803053
-0.43493843244795044,0.4434943772233553,1.0,0,,0.0,-0.0019999999999997797,
-1.008223553584008,0.412274728052911,1.0,0,,0.0,-0.0005000000000000004,
-0.04536196469119111,0.3120739861318379,1.0,0,,0.0002500000000000002,-0.00016999999999997573,-181.44785876476428
-0.934931995603178,0.38930984550069014,1.0,0,,0.03999999999999204,-0.3499999999999943,-23.3732998900841
-1.0511581953599993,0.601526738460286,1.0,0,,0.3000000000001819,0.0,-3.5038606511978734
-0.2419641501759519,0.4190559234717879,1.0,0,,0.0016000000000000458,0.0,-151.22759385996562
1.7393159728113912,0.4094621891541074,1.0,0,,1.3599999999999852,0.0,1.2789088035378016
-0.19942150462080763,0.4094621891541074,1.0,0,,0.25,0.0,-0.7976860184832305
-0.8297771322399914,0.39590330463374146,,0,,0.0,0.0,
-0.36486782164800335,0.3823429620942264,1.0,0,,0.0,-0.5600000000000591,
-0.38787583999999925,0.4959212267561446,,0,,0.0,0.0,
-0.20371847999999365,0.3421809435482369,,0,,0.0,0.0,
-0.44474118440313437,0.43423792585846227,1.0,0,,7.999999999996366e-10,-3.500000000000051e-09,-555926480.5041705
-0.797535968216008,0.363693029629717,1.0,0,,0.001999999999995339,-0.13300000000000978,-398.7679841089334
-0.2985306373919569,0.3455130293263675,1.0,0,,0.0350000000000108,-0.018000000000000682,-8.529446782624708
-0.21836987272343086,0.3980320406314222,1.0,0,,2.999999999999802e-09,0.0,-72789957.57448176
-1.574324325580759,0.4983807134854721,1.0,0,,0.0,-9.999999999999593e-05,
-0.14298935237273902,0.397401083450197,1.0,0,,9.000000000000674e-05,0.0,-1588.7705819192036
-0.2659929776543839,0.3120739861318379,1.0,0,,0.0,-0.00023999999999999022,
-1.039170192480053,0.6119561794274166,1.0,0,,0.0999999999994543,0.0,-10.391701924857237
-0.3063747918703872,0.3607784964527717,1.0,0,,0.04999999999998295,-0.15000000000000568,-6.127495837409834
-0.03810177771115322,0.4168691235572006,1.0,0,,0.3300000000000125,-0.3299999999999841,-0.1154599324580357
-0.43923579632795706,0.3605129192882325,1.0,0,,0.0,-0.32999999999992724,
-0.05692053773278524,0.30816896281169015,1.0,0,,0.00021999999999999797,-0.0002500000000000002,-258.72971696720805
-0.15517367738285112,0.3980320406314222,1.0,0,,3.500000000000051e-09,-3.0000000000002254e-09,-44335336.39509967
-0.2644271902480022,0.3455130293263675,1.0,0,,0.04099999999999682,-0.009000000000000341,-6.44944366458592
-0.28961910980800887,0.3605129192882325,1.0,0,,0.2099999999999227,0.0,-1.3791386181338832
-0.3017616773696074,0.47190412480416905,1.0,0,,2.999999999997449e-05,0.0,-10058.722578995466
-0.705172490419159,0.3967631106032174,1.0,0,,0.0,-5.000000000000143e-05,
-0.6134748781439858,0.41108928317322757,1.0,0,,0.0014000000000000679,-0.005800000000000027,-438.1963415313972
-1.0631665967999218,0.6204933656799336,1.0,0,,0.0,-0.0999999999994543,
-0.7457145430055865,0.30816896281169015,1.0,0,,9.000000000000674e-05,-0.0009099999999999941,-8285.717144505896
-0.3892069999999531,0.4983807134854721,,0,,0.0,0.0,
-0.6101924386623668,0.3607784964527717,1.0,0,,0.0,-0.25,
-0.9391932209743639,0.4168691235572006,1.0,0,,0.1599999999999966,-0.4000000000000057,-5.869957631089899
-0.31273263999998563,0.47190412480416905,,0,,0.0,0.0,
-0.852536380427128,0.4763279623253033,1.0,0,,0.0,-0.00015999999999999348,
-0.2050882623167517,0.397401083450197,1.0,0,,3.999999999999837e-05,0.0,-5127.206557919001
-0.4156229872883359,0.3868652841548288,1.0,0,,9.000000000002794e-10,-1.2000000000000902e-09,-461803319.2091188
-0.44374583489596775,0.3389429776125589,1.0,0,,0.0,-0.046999999999997044,
-0.3474075587839804,0.3509819418323912,1.0,0,,0.03999999999996362,0.0,-8.68518896960741
-1.039170192480053,0.6258905894450602,1.0,0,,0.0999999999994543,-0.2000000000007276,-10.391701924857237
0.3116436836783884,0.3065798546852864,1.0,0,,0.0006700000000000039,0.0,465.1398263856516
-0.35236687119997007,0.3534863233330298,,0,,0.0,0.0,
-0.5312494513143247,0.47212975544341484,,0,,0.0,0.0,
-1.2880020374143637,0.44155855503147134,1.0,0,,0.1799999999999784,-0.6000000000000227,-7.1555668745251015
-0.03287042608317825,0.3065798546852864,1.0,0,,0.00024000000000001798,0.0,-136.96010867989912
-0.06874005506476524,0.3887646402842716,1.0,0,,0.0005800000000000249,-0.0009299999999999864,-118.51733631855566
-0.18170619265599164,0.3509819418323912,1.0,0,,0.17999999999994998,-0.03999999999996362,-1.009478848089123
-0.36743054132394837,0.5154738909192704,1.0,0,,6.0000000000004494e-05,0.0,-6123.84235539868
-0.1530203063759793,0.3138184430483645,1.0,0,,0.0017000000000000348,0.0,-90.01194492704481
-0.2963548544135642,0.39521646346211403,1.0,0,,0.0,-7.000000000000062e-05,
-0.3496620837189415,0.3868652841548288,1.0,0,,0.0,-2.499999999999976e-09,
-0.2026023962559806,0.3389429776125589,1.0,0,,0.016000000000005343,-0.018999999999991246,-12.662649765994558
-0.6183839999999876,0.6258905894450602,1.0,0,,0.0,-0.0999999999994543,
-0.3775783199999537,0.4763279623253033,,0,,0.0,0.0,
-0.3124776199999624,0.47212975544341484,,0,,0.0,0.0,
-0.0920678735791958,0.41073270985848365,1.0,0,,0.0005600000000000049,0.0,-164.40691710570533
-0.9314173583231897,0.44155855503147134,1.0,0,,0.13999999999998636,-0.2600000000000193,-6.652981130880575
-0.4158372315360089,0.4083026249033732,1.0,0,,0.0,-0.0030000000000001137,
-0.4085416044959753,0.3509819418323912,1.0,0,,0.04000000000007731,-0.15999999999996817,-10.213540112379643
-0.08585188146078324,0.4487274482949808,1.0,0,,0.3400000000000034,-0.09000000000000341,-0.25250553370818346
-0.43022183542422326,0.31592398882570305,1.0,0,,2.0000000000001503e-10,-1.699999999999916e-09,-2151109177.1209545
-0.6183839999999876,0.6459578962179692,,0,,0.0,0.0,
-0.21463553193597595,0.4353225557757364,1.0,0,,0.0019000000000000128,-0.0029000000000001247,-112.96606943998658
-0.6428073781583074,0.47705295189147984,,0,,0.0,0.0,
-0.5345270976079933,0.3138184430483645,1.0,0,,0.0004999999999999449,-0.0030000000000001137,-1069.0541952161043
-0.38339027999995384,0.4876618244870048,,0,,0.0,0.0,
-0.3405545138879711,0.3641654252728344,1.0,0,,0.08000000000004093,0.0,-4.256931423597461
-0.03788455086077869,0.4414907684821491,1.0,0,,0.29999999999998295,-0.1599999999999966,-0.1262818362026028
-0.10302042239997611,0.4309207994795383,1.0,0,,0.0024999999999999467,0.0,-41.20816895999132
-0.4183479056686131,0.31592398882570305,1.0,0,,2.999999999998108e-10,-1.499999999999901e-09,-1394493018.8962564
-0.6004019956799584,0.649489749853638,1.0,0,,0.3000000000001819,0.0,-2.0013399855986482
-0.4068630707631916,0.39615325328866613,1.0,0,,0.0,-0.0012300000000000089,
-0.6227972784319817,0.4336942962181718,1.0,0,,0.0007999999999999119,-0.0045999999999999375,-778.496598040063
-0.6531183372167075,0.4891483817531774,,0,,0.0,0.0,
-3.1129457300087595,0.39615325328866613,1.0,0,,0.0,-0.0023200000000000442,
-0.3813606412320113,0.36327186101877773,1.0,0,,0.0,-0.06000000000005912,
-0.6435386427904135,0.4414907684821491,1.0,0,,0.0,-0.4399999999999977,
-0.237221614792444,0.30704820740763467,1.0,0,,0.0,-1.8000000000001352e-09,
-1.075215795359905,0.649489749853638,1.0,0,,0.0,-0.1999999999998181,
-0.2292777338879769,0.4336942962181718,1.0,0,,0.0018000000000000238,-0.00019999999999997797,-127.37651882665214
-0.854812564479988,0.4309207994795383,1.0,0,,0.0,-0.0021999999999999797,
-0.6531183372167075,0.4891483817531774,,0,,0.0,0.0,
-0.2681444000000035,0.37314478063002254,,0,,0.0,0.0,
-0.11324877926400137,0.32445306587637085,1.0,0,,0.0015999999999998238,0.0,-70.78048704000865
-0.3643262959279485,0.36327186101877773,1.0,0,,0.12000000000000455,-0.01999999999998181,-3.036052466066123
-0.5852829507839777,0.44021995938052416,1.0,0,,0.2300000000000182,-0.10999999999998522,-2.544708481669267
-3.0818427876936076,0.4032323804084709,1.0,0,,0.00023999999999996247,-0.0025900000000000367,-12841.01161539204
-0.21831330114323294,0.3054954645932425,1.0,0,,1.8000000000001352e-09,-6.999999999998408e-10,-121285167.30178696
-0.6124019985600021,0.6501868162288826,1.0,0,,0.0999999999994543,0.0,-6.124019985633439
-0.10630115439999152,0.4314986003741825,1.0,0,,0.0023999999999999577,0.0,-44.292147666663915
-0.6544271915999073,0.49045962857336944,,0,,0.0,0.0,
-0.46163219589766,0.38002985120684063,,0,,0.0,0.0,
-0.35412187388796124,0.36371266557043314,1.0,0,,0.029999999999972715,0.0,-11.804062462942778
-0.3695344407223858,0.3054954645932425,1.0,0,,0.0,-1.4000000000001052e-09,
-0.14575678703998704,0.32445306587637085,1.0,0,,0.0012000000000000899,-0.0004999999999999449,-121.4639891999801
-1.7443096386687629,0.44021995938052416,1.0,0,,0.2699999999999818,-0.9399999999999977,-6.4604060691440015
-1.0512193910399268,0.6501868162288826,,0,,0.0,0.0,
-0.34175642227995157,0.3361634460253288,,0,,0.0,0.0,
-0.06972106543357405,0.43713616749924283,1.0,0,,0.3400000000000034,-0.22999999999998977,-0.20506195715756867
-0.3929583358079799,0.36833467229739303,1.0,0,,0.01999999999998181,-0.029999999999972715,-19.647916790416865
-0.20262482116800884,0.44269099387227023,1.0,0,,0.0025999999999999357,0.0,-77.93262352615918
-0.3317432822633933,0.30094455880537163,1.0,0,,0.0,-1.6000000000001202e-09,
-0.22678380647999644,0.33240560160424837,1.0,0,,0.00019999999999997797,-0.0008000000000001339,-1133.919032400107
-0.31009387723203513,0.36833467229739303,1.0,0,,0.1999999999999318,0.0,-1.5504693861607044
-0.6184079999999633,0.6594156874595491,1.0,0,,0.0,-0.0999999999994543,
-0.2010189999999758,0.3361634460253288,,0,,0.0,0.0,
-0.3238697055439674,0.44269099387227023,1.0,0,,0.0004999999999999449,-0.0038000000000000256,-647.7394110880061
-0.3432729618017636,0.30094455880537163,1.0,0,,1.299999999999886e-09,-4.0000000000003005e-10,-264056124.46291825
-0.576925046207962,0.33240560160424837,1.0,0,,0.000500000000000167,-0.0021999999999999797,-1153.8500924155387
-0.6184079999999633,0.6623119490347689,,0,,0.0,0.0,
-0.29887660580800446,0.36917915766636694,1.0,0,,0.0,-0.11000000000001364,
-0.20153223999997572,0.33754414976392705,,0,,0.0,0.0,
-0.7643923104479861,0.45392946997261485,1.0,0,,0.0,-0.006299999999999972,
-0.16900397465599573,0.36917915766636694,1.0,0,,0.3100000000000591,-0.01999999999998181,-0.5451741117934307
-0.18753019786690994,0.3008173611119683,1.0,0,,2.299999999999961e-09,0.0,-81534868.63778831
-0.15428720786153327,0.3387255476424982,1.0,0,,4.000000000000531e-05,0.0,-3857.18019653782
-2.118014463039965,0.43713616749924283,1.0,0,,0.27000000000001023,-0.9300000000000068,-7.844498011258833
-0.36107378168401155,0.5099789036178932,1.0,0,,4.999999999999449e-05,0.0,-7221.475633681026
-0.4003844275199712,0.3339802943110054,1.0,0,,0.0,-0.0020999999999999908,
-0.23462119049597213,0.3695902502018718,1.0,0,,0.18000000000006366,0.0,-1.3034510583104952
-0.1580617171560104,0.4332200158161398,1.0,0,,7.000000000000062e-05,0.0,-2258.0245308001286
-1.2670034428798393,0.6623119490347689,1.0,0,,0.0,-1.7999999999992724,
-0.19325473630012585,0.3008173611119683,1.0,0,,2.2000000000001653e-09,0.0,-87843061.95459606
-1.3026002774400063,0.6642835481754774,1.0,0,,0.0999999999994543,-2.100000000000364,-13.026002774471145
-0.36501244964794205,0.3695902502018718,1.0,0,,0.2300000000000182,0.0,-1.5870106506431008
-0.946793047703978,0.31874546128501857,1.0,0,,0.0,-0.005800000000000027,
-1.7461044963431558,0.40110420259869783,1.0,0,,0.09000000000000341,-0.6399999999999864,-19.401161070478775
-0.7558893979560071,0.5099789036178932,1.0,0,,1.0000000000010001e-05,-7.00000000000145e-05,-75588.9397955251
-0.18148709945215658,0.3008173611119683,1.0,0,,2.4000000000001803e-09,-2.699999999999991e-09,-75619624.77172622
-0.46542349110400505,0.3695902502018718,1.0,0,,0.15000000000009095,0.0,-3.102823274024819
-0.3433255990375653,0.3387255476424982,,0,,0.0,0.0,
-0.5339114814079686,0.31874546128501857,1.0,0,,0.0012999999999998568,-0.0033000000000000806,-410.7011395446365
-1.5675524491872042,0.40110420259869783,1.0,0,,0.0,-0.8400000000000034,
0.7210880061664052,0.3387255476424982,1.0,0,,0.00021999999999999797,0.0,3277.6727553018723
0.42951998163203625,0.42308049487445193,1.0,0,,5.349999999999909,0.0,0.08028410871626983
-0.12260976944154267,0.43928228506594247,1.0,0,,0.00046000000000001595,-9.999999999982245e-06,-266.54297704682267
-0.15340537122216913,0.3064404186711774,1.0,0,,0.0008000000000000229,0.0,-191.75671402770593
-0.37429763394807514,0.5019692820801203,1.0,0,,0.23999999999999488,-0.0049999999999954525,-1.5595734747836796
-1.3142211062399527,0.6642835481754774,1.0,0,,0.0,-2.199999999999818,
-0.9495940425047693,0.5099789036178932,1.0,0,,0.0,-0.00019999999999997797,
-0.07912544755997952,0.43928228506594247,1.0,0,,0.00023000000000000798,0.0,-344.0236850433773
-0.5737590681599656,0.506076391325252,1.0,0,,0.15999999999996817,-0.07000000000005002,-3.5859941760004985
-0.42509809849595326,0.42308049487445193,1.0,0,,0.5199999999999818,-0.6800000000000637,-0.8174963432614771
-0.5444254909439363,0.5019692820801203,1.0,0,,0.027000000000001023,-0.04200000000000159,-20.163907071996878
-1.0153136651839911,0.3007168623297317,1.0,0,,0.0,-0.007099999999999884,
-0.36338854139998955,0.3064404186711774,1.0,0,,0.0,-0.0005000000000000004,
-0.4557640105599938,0.4808591607449463,1.0,0,,0.0,-1.1000000000003638,
-0.25883645571590924,0.3146851357283519,1.0,0,,6.000000000000451e-10,-4.699999999999718e-09,-431394092.8598163
-0.11727865132801085,0.3064404186711774,1.0,0,,0.00029999999999996696,0.0,-390.9288377600792
-0.9919207037303466,0.4927763644307056,1.0,0,,0.10000000000582077,-56.0,-9.919207036726092
-0.6818998244967809,0.5196244522295054,,0,,0.0,0.0,
-0.22844598367999736,0.41435065294243884,1.0,0,,0.0039999999999995595,-0.006000000000000227,-57.11149592000563
-0.2845439927039969,0.42308049487445193,1.0,0,,0.5899999999999181,-1.240000000000009,-0.48227795373565485
-0.5351465666559188,0.506076391325252,1.0,0,,0.21000000000003638,-0.2899999999999636,-2.5483169840753623
-0.22546084787194476,0.40750717203482567,1.0,0,,0.002000000000000224,-0.0009999999999998899,-112.73042393595976
-0.13969440515014497,0.3146851357283519,1.0,0,,1.8000000000001352e-09,-2.6000000000001953e-09,-77608002.86118582
-0.19688291999998359,0.3250640954438885,1.0,0,,4.999999999999796e-06,-5.999999999999929e-06,-39376.58399999832
-0.3095499999999554,0.45157357921304087,1.0,0,,0.0040000000000000036,0.0,-77.38749999998879
-0.2688938999999658,0.3740362745749705,1.0,0,,0.00013999999999997348,0.0,-1920.670714285834
-0.61437699523201,0.3007168623297317,1.0,0,,0.00029999999999996696,-0.0028000000000001357,-2047.9233174402586
-0.7877866147199473,0.4808591607449463,1.0,0,,0.0,-1.1000000000003638,
0.22603716824801376,0.5040542687006072,1.0,0,,0.00016000000000000042,0.0,1412.7323015500822
-0.20084998128000492,0.3912534150350512,1.0,0,,0.0,-0.04999999999999716,
-0.12512068048799435,0.35084045397753655,1.0,0,,0.0,-0.0005999999999999894,
-0.9215075974910725,0.37530034822381525,1.0,0,,0.0,-7.000000000000102e-09,
-0.7757098527999913,0.44593288428415334,1.0,0,,0.0,-2.0700000000001637,
-0.6444801562319913,0.5160227219928051,1.0,0,,0.01999999999998181,-0.6900000000000546,-32.22400781162887
-0.6239189553119161,0.4384775149424507,1.0,0,,0.0,-2.999999999998837e-05,
-0.4325480326400289,0.41435065294243884,1.0,0,,0.0,-0.010000000000001563,
-1.2364882289279069,0.5019692820801203,1.0,0,,0.021000000000000796,-0.11299999999999955,-58.88039185370762
-0.3302900119420602,0.3250640954438885,1.0,0,,2.0000000000002655e-06,-9.999999999999593e-06,-165145.00597100818
-0.35203092748799275,0.34326898695589514,,0,,0.0,0.0,
-0.8784830250560418,0.5979076278685557,1.0,0,,2.0000000000006124e-05,0.0,-43924.151252788644
-0.13264586205597395,0.4230788007896733,1.0,0,,0.00030000000000002247,0.0,-442.1528735198801
-0.24015119323198394,0.3740362745749705,1.0,0,,6.0000000000004494e-05,0.0,-4002.5198871994326
-0.5147550491999625,0.45157357921304087,1.0,0,,0.0,-0.004999999999999893,
-0.6751099094399994,0.5086713057057564,1.0,0,,0.028000000000005798,-0.009000000000000341,-24.111068194280698
-0.4872079857599128,0.41435065294243884,1.0,0,,0.006000000000000227,0.0,-81.20133095998239
-0.8875079831471957,0.4927763644307056,1.0,0,,2.400000000008731,-45.69999999999709,-0.3697949929766529
-0.7394897133120022,0.40750717203482567,1.0,0,,0.0,-0.002000000000000224,
-0.12312531728198645,0.3250640954438885,1.0,0,,4.999999999999796e-06,0.0,-24625.063456398293
-0.14579596063999445,0.45157357921304087,1.0,0,,0.0040000000000000036,0.0,-36.44899015999858
-0.38701875462400054,0.44593288428415334,1.0,0,,0.6199999999998909,-0.7000000000000455,-0.6242237977807559
-0.07219162199995344,0.4230788007896733,1.0,0,,0.00030000000000002247,-0.00019999999999997797,-240.63873999982675
-0.5324877029999971,0.5160227219928051,1.0,0,,0.15999999999996817,-0.10000000000002274,-3.328048143750644
-0.32486158178717534,0.30898622653046715,1.0,0,,0.0519999999999996,-0.004000000000001336,-6.2473381112918815
-0.6659906366254698,0.491612978450473,1.0,0,,32.5,-0.09999999999126885,-0.020492019588475994
-0.3308240124799869,0.3912534150350512,1.0,0,,0.0,-0.03999999999999915,
-0.43256972352771306,0.37530034822381525,1.0,0,,3.9999999999960654e-10,-3.100000000000021e-09,-1081424308.8203464
-0.21701818478395235,0.400431515745749,1.0,0,,0.001000000000000334,0.0,-217.0181847838799
-0.20706239999999637,0.34326898695589514,,0,,0.0,0.0,
-0.18840768771999594,0.35084045397753655,1.0,0,,0.0,-0.00040000000000001146,
-0.18682550611195087,0.30898622653046715,1.0,0,,0.022000000000002018,0.0,-8.492068459633352
-0.843987030640017,0.4102227917165605,1.0,0,,0.0,-0.010000000000001563,
-0.2579389905487921,0.4384775149424507,1.0,0,,1.9999999999992246e-05,-1.0000000000010001e-05,-12896.949527444605
-0.39227975999996245,0.5040542687006072,,0,,0.0,0.0,
-0.6413865350400068,0.5001686411684105,1.0,0,,0.02599999999999625,-0.0040000000000048885,-24.668712886157664
-0.2007979812799836,0.3961641931933031,1.0,0,,0.030000000000001137,0.0,-6.693266042665867
-0.4562127744720124,0.3740362745749705,,0,,0.0,0.0,
-0.3804998928719864,0.5147666125653614,1.0,0,,0.029999999999972715,-0.14999999999997726,-12.68332976241108
-0.24549698775998471,0.4102227917165605,1.0,0,,0.004000000000001336,0.0,-61.374246939975684
-0.44474776567998103,0.4512866145259421,1.0,0,,0.0009999999999998899,-0.002000000000000224,-444.74776568003
-0.6976476233599747,0.44276498558131383,1.0,0,,0.009999999999990905,-1.1600000000000819,-69.76476233606091
-0.16232718823999026,0.3623964904915935,1.0,0,,0.0009999999999998899,-0.000600000000000378,-162.32718824000813
-0.4932123195731975,0.36896611555728537,1.0,0,,3.000000000002343e-10,-1.3999999999996817e-09,-1644041065.2427077
-0.8495596958640428,0.5147666125653614,1.0,0,,0.0,-0.4700000000000273,
-0.45940231324797753,0.3507709336559355,1.0,0,,0.0,-0.00019999999999997797,
-0.9063518003239298,0.491612978450473,1.0,0,,8.099999999991269,-41.5,-0.11189528399072923
-0.7304904634400051,0.400431515745749,1.0,0,,0.0,-0.002000000000000224,
-1.0017547820159063,0.5001686411684105,1.0,0,,0.02200000000000557,-0.0969999999999942,-45.534308273438754
-0.1712097029159775,0.30898622653046715,1.0,0,,0.03100000000000236,-0.012999999999998124,-5.522893642450467
-0.7729364345599832,0.4512866145259421,1.0,0,,0.0,-0.0030000000000001137,
-0.2893159999999774,0.4205847431669447,1.0,0,,0.0,-9.999999999996123e-06,
-0.45331723830398235,0.42983246366331596,1.0,0,,0.0,-0.00040000000000001146,
-0.4400342500607659,0.5148954113086116,1.0,0,,0.0,-9.999999999996123e-06,
-0.3882327583392008,0.5091917869050531,1.0,0,,1.0000000000010001e-05,0.0,-38823.27583388125
-0.15578534415750944,0.3361055085793644,1.0,0,,3.000000000000398e-06,0.0,-51928.44805249626
-0.8943607748927731,0.6126979404986183,,0,,0.0,0.0,
-0.41150864937594595,0.4279947725064229,1.0,0,,0.000400000000000178,-0.00039999999999995595,-1028.771623439407
-0.2455309877599625,0.4102227917165605,1.0,0,,0.0030000000000001137,-0.0019999999999988916,-81.84366258665106
-0.41632797503997865,0.5001686411684105,1.0,0,,0.028999999999996362,-0.03200000000001069,-14.356137070345893
-0.2658262089600242,0.3961641931933031,1.0,0,,0.030000000000001137,-0.020000000000003126,-8.86087363200047
-0.2850255927039834,0.44276498558131383,1.0,0,,0.2400000000000091,-1.8400000000001455,-1.1876066362665525
-0.46002828062395823,0.5255663757419413,1.0,0,,0.2300000000000182,0.0,-2.0001229592344427
-0.3377480638367415,0.36896611555728537,1.0,0,,1.4000000000001052e-09,-2.499999999999976e-09,-241248617.0262258
-0.31790814028798564,0.31784573368640123,1.0,0,,0.04499999999999815,-0.0030000000000001137,-7.064625339733304
-0.5269691951999931,0.4614995549406262,1.0,0,,0.0040000000000000036,0.0,-131.74229879999814
-0.9139351745175508,0.6296016630739052,,0,,,,
-0.36988620239997666,0.42999424229840333,1.0,0,,0.0039999999999995595,-0.0009999999999994458,-92.47155060000435
-0.35946487219996787,0.3623964904915935,,0,,0.0,0.0,
-0.5555080628527851,0.491612978450473,1.0,0,,19.19999999999709,-36.80000000000291,-0.028932711606920274
0.064769065040005,0.3507709336559355,1.0,0,,0.0010000000000000009,-9.999999999998899e-05,64.76906504000495
-0.4781458290879378,0.400431515745749,1.0,0,,0.0,-0.004999999999999893,
-0.26214299352000864,0.4003423662358842,1.0,0,,0.03999999999999915,0.0,-6.553574838000356
-0.32150080153600513,0.4438109678459783,1.0,0,,2.880000000000109,0.0,-0.11163222275555311
-0.33007200815997423,0.4263915040860709,1.0,0,,0.014000000000001123,0.0,-23.57657201142484
-0.29298233102319937,0.3830232128816007,1.0,0,,5.499999999999778e-09,0.0,-53269514.731492944
-0.39943199999995066,0.5147259341422675,1.0,0,,0.11200000000000898,-0.018999999999991246,-3.5663571428564165
-0.4172691160551456,0.4966404149548082,1.0,0,,57.30000000000291,0.0,-0.007282183526267441
-0.6847551562463519,0.5268354429753332,1.0,0,,0.00021000000000000185,0.0,-3260.7388392683133
0.22864353747022248,0.435948976913861,1.0,0,,0.0008000000000000229,0.0,285.8044218377699
-0.8087196201840334,0.5200647641650625,1.0,0,,0.0,-9.00000000000345e-05,
-0.2623244261783786,0.31784573368640123,1.0,0,,0.0,-0.07099999999999795,
-0.5460923726719615,0.4438109678459783,1.0,0,,0.8500000000001364,0.0,-0.642461614908087
-0.36680088999996724,0.36763430490796895,,0,,0.0,0.0,
-0.4028256680593577,0.3361055085793644,1.0,0,,0.0,-1.5000000000000256e-05,
0.5846191814720243,0.44791214862966955,1.0,0,,0.00047999999999998044,-0.0005600000000000049,1217.9566280667668
-0.2925175399999805,0.4275321791693365,,0,,0.0,0.0,
-0.5862952099199654,0.3672620008462242,1.0,0,,9.999999999998899e-05,-0.0006999999999999784,-5862.9520992003
-0.9368216542399996,0.4614995549406262,1.0,0,,0.0,-0.009000000000000341,
-1.2319037633279817,0.5147259341422675,1.0,0,,0.0,-0.1629999999999967,
-0.8320677934799273,0.42999424229840333,1.0,0,,0.0,-0.016000000000000014,
-1.0343874491279497,0.5255663757419413,1.0,0,,0.0,-0.6699999999999591,
-0.6092051365279703,0.4098125159865257,1.0,0,,0.0,-0.0008000000000000229,
-0.21531840422398374,0.3056357723904427,1.0,0,,0.0,-0.39999999999997726,
-0.061527539039961415,0.4034153133532787,1.0,0,,0.0040000000000000036,0.0,-15.38188475999034
-0.44405283628800407,0.4279947725064229,1.0,0,,0.0,-0.0017000000000000348,
-0.5555382491847685,0.4966404149548082,1.0,0,,15.39999999999418,-72.70000000001164,-0.03607391228473886
-1.045116463611977,0.5268354429753332,1.0,0,,1.9999999999999185e-05,-0.00014000000000000123,-52255.82318060098
-0.48226599866917924,0.3830232128816007,1.0,0,,0.0,-7.799999999999739e-09,
-0.7044017109080162,0.6255169615266937,1.0,0,,0.0,-5.000000000000837e-05,
-0.5594940647999596,0.4003423662358842,1.0,0,,0.0,-0.11999999999999744,
-0.45739628396002124,0.364170296192482,1.0,0,,0.001000000000000334,0.0,-457.39628395986847
-0.8219533887488071,0.44420140123569807,1.0,0,,0.0,-0.0006900000000000239,
-0.6923371474079771,0.5305219824867026,1.0,0,,0.0,-0.0005999999999999894,
-0.5071423957599352,0.43713129309737364,1.0,0,,0.0005999999999999339,-0.00019999999999997797,-845.2373262666518
-0.8269201171199518,0.435948976913861,1.0,0,,0.0,-0.00030000000000002247,
-0.5003100489599961,0.4263915040860709,1.0,0,,0.002000000000000668,-0.013999999999999346,-250.15502447991452
-0.6668936615239471,0.49899916707258346,1.0,0,,24.39999999999418,0.0,-0.02733170743951255
-0.40125833999996674,0.5200647641650625,,0,,0.0,0.0,
-1.0854096544799847,0.5103345133400534,1.0,0,,0.0,-0.1799999999999926,
-0.32126351582398244,0.3014169335106741,1.0,0,,0.0,-0.00015000000000001124,
-0.7436919428208326,0.33792608646454725,1.0,0,,0.0030000000000001137,-0.06400000000000006,-247.89731427360147
-0.5092471443199696,0.44420140123569807,1.0,0,,0.00028000000000000247,-0.00012999999999999123,-1818.7398011427326
-0.15257618588798103,0.364170296192482,1.0,0,,0.001200000000000312,0.0,-127.14682157328447
-0.2848019254499755,0.34168235089535676,1.0,0,,0.0,-1.1999999999999858e-05,
-0.6096088542399744,0.46290427006596535,1.0,0,,0.0,-0.0040000000000000036,
-0.280788030753524,0.3868719235874259,1.0,0,,2.1999999999997418e-09,0.0,-127630923.06979862
-0.34326341817597594,0.44445299352258233,1.0,0,,0.004999999999999005,-0.004000000000001336,-68.65268363520885
-0.39876723263999536,0.42209691828379003,1.0,0,,0.01999999999999602,0.0,-19.938361632003733
-0.2239013851680042,0.4098125159865257,1.0,0,,0.00029999999999996696,0.0,-746.3379505600963
-0.23505323670399492,0.3056357723904427,1.0,0,,0.22999999999996135,0.0,-1.021970594365367
-0.2741327900159926,0.45109097727396774,1.0,0,,0.25,-1.6400000000001,-1.0965311600639704
-0.6783266526959573,0.5317999730197946,1.0,0,,0.0,-0.14999999999997726,
-0.3605974921439442,0.3657618987467258,,0,,0.0,0.0,
-0.4859693290143933,0.33792608646454725,1.0,0,,0.028000000000002245,0.0,-17.35604746479837
-0.4190169719999728,0.43713129309737364,1.0,0,,0.000600000000000156,0.0,-698.3616199997731
-0.4787577477119796,0.5161953619079829,1.0,0,,0.027000000000001023,-0.03499999999999659,-17.73176843377635
-0.38272691777279233,0.49899916707258346,1.0,0,,22.80000000000291,-11.19999999999709,-0.01678626832336594
-0.3995873970399537,0.4407799092733171,1.0,0,,9.999999999998899e-05,0.0,-3995.873970399977
-0.3765542820479605,0.44445299352258233,1.0,0,,0.005000000000000782,0.0,-75.31085640958032
-0.4700175694399159,0.4340716304600736,1.0,0,,0.0030000000000001137,0.0,-156.6725231466327
-0.4069079999999967,0.5305219824867026,,0,,0.0,0.0,
-0.49656884866398165,0.364170296192482,1.0,0,,0.0005999999999999339,0.0,-827.6147477733939
-0.48318823818715295,0.4092063117187439,,0,,0.0,0.0,
-0.17966976385917816,0.3868719235874259,1.0,0,,2.8000000000002104e-09,-8.999999999998559e-10,-64167772.80684452
-0.3618979670879232,0.4098125159865257,1.0,0,,0.000300000000000078,0.0,-1206.3265569594305
-0.10798952282397739,0.3236370195885579,1.0,0,,0.022999999999999687,-0.012999999999998124,-4.69519664452082
-0.743584408879973,0.5103345133400534,1.0,0,,0.020000000000010232,0.0,-37.17922044397963
-0.6859967878847903,0.5249253710431943,,0,,0.0,0.0,
-0.3207519497159825,0.3014169335106741,,0,,0.0,0.0,
-0.3593216139391604,0.44420140123569807,1.0,0,,0.0,-0.0006700000000000039,
-0.22820598031999018,0.46290427006596535,1.0,0,,0.0030000000000001137,0.0,-76.06866010666052
-0.17248188470302023,0.34168235089535676,1.0,0,,4.999999999999796e-06,0.0,-34496.37694060545
-0.3003840000000033,0.42209691828379003,1.0,0,,0.00999999999999801,-0.00999999999999801,-30.03840000000631
-0.3430975544947203,0.3597889972613123,1.0,0,,2.6000000000001953e-09,0.0,-131960597.88257481
-0.32737360673597193,0.3056357723904427,1.0,0,,0.020000000000038654,0.0,-16.36868033676696
-0.5271895823639514,0.4877882605660113,1.0,0,,21.0,-5.69999999999709,-0.02510426582685483
-0.26234399183995466,0.4280092647730869,1.0,0,,0.0039999999999995595,-0.0010000000000012221,-65.5859979599959
-0.4027427743079258,0.3922830397617537,1.0,0,,7.00000000000145e-05,0.0,-5753.468204397749
-0.23675586479998784,0.36628149024208334,1.0,0,,0.0013000000000000789,0.0,-182.1198959999796
-0.2680220428031115,0.4370816266242891,1.0,0,,6.0000000000004494e-05,0.0,-4467.03404671819
-0.3605974921439442,0.3657618987467258,,0,,0.0,0.0,
-0.27697380000000027,0.3922830397617537,1.0,0,,8.00000000000245e-05,0.0,-3462.1724999989433
-0.3391426104639965,0.4290479560632774,1.0,0,,9.999999999998899e-05,-0.001000000000000112,-3391.4261046403385
-0.356042366748385,0.3597889972613123,1.0,0,,1.899999999999931e-09,0.0,-187390719.34126207
-0.2344912065279896,0.35321613368295113,1.0,0,,0.0,-9.999999999998899e-05,
-0.53792980494869,0.4548984921171518,1.0,0,,0.00020000000000000573,-0.00031999999999998696,-2689.649024743373
-0.8391008084159486,0.510323783699075,1.0,0,,0.0,-1.9999999999999185e-05,
-0.25079598444796997,0.45109097727396774,1.0,0,,1.0,-0.8500000000001364,-0.25079598444796997
-0.48433709185835006,0.4877882605660113,1.0,0,,17.59999999999127,-46.5,-0.027519152946510816
-0.21920988168796823,0.4290479560632774,1.0,0,,0.000700000000000145,-9.999999999998899e-05,-313.15697383988976
-0.3742232912880409,0.5317999730197946,1.0,0,,0.2099999999999227,-0.17000000000007276,-1.7820156728008507
-0.10932695512002041,0.4280092647730869,1.0,0,,0.005999999999998451,-0.005000000000000782,-18.22115918667477
-0.615650555839959,0.4406036197017928,1.0,0,,0.0,-0.00020000000000003348,
-0.5262630838400171,0.3918415882942412,1.0,0,,0.0,-0.030000000000001137,
-0.43135653144478914,0.3236370195885579,1.0,0,,0.0019999999999988916,-0.053000000000000824,-215.6782657225141
-0.3026399999999638,0.44642603837317135,1.0,0,,0.0,-0.0030000000000001137,
-0.27187919999996424,0.38138771664442733,,0,,0.0,0.0,
-0.23653484920004259,0.36628149024208334,1.0,0,,0.0012999999999996348,-0.001200000000000312,-181.94988400008387
-0.10778592350154342,0.4548984921171518,1.0,0,,0.00017000000000000348,-0.00014000000000000123,-634.034844126713
-0.19639692000000125,0.3236370195885579,1.0,0,,0.05999999999999872,-0.012000000000000455,-3.2732820000000906
-0.3387962572631619,0.4877882605660113,1.0,0,,17.5,-20.30000000000291,-0.01935978612932354
-0.36789641644793974,0.5161953619079829,1.0,0,,0.0660000000000025,-0.05200000000000671,-5.574188127998876
-0.3674530218879539,0.4231512907254753,1.0,0,,0.8900000000001,-0.7899999999999636,-0.41286856391900295
-0.34951993540800064,0.4290479560632774,1.0,0,,0.0004999999999999449,-0.00029999999999996696,-699.0398708160783
-0.29791925862398394,0.35321613368295113,1.0,0,,0.00019999999999997797,0.0,-1489.5962931200838
-0.526178929663975,0.5069157914687745,1.0,0,,0.21000000000003638,-0.2599999999999909,-2.505613950780399
-0.3335925164000009,0.4280092647730869,1.0,0,,0.004999999999999005,-0.006999999999999673,-66.71850328001346
-0.18850895578616964,0.3597889972613123,1.0,0,,1.7999999999997117e-09,-7.000000000002643e-10,-104727197.6589999
-0.37010704640002096,0.3918415882942412,1.0,0,,0.030000000000001137,-0.00999999999999801,-12.336901546666898
-0.5044398850079403,0.43750376937670066,1.0,0,,0.0070000000000014495,0.0,-72.06284071540513
-0.3391850927871801,0.3322724669468863,1.0,0,,4.999999999999796e-06,-1.0000000000001327e-06,-67837.01855743879
-0.42696899788799403,0.431750562197598,1.0,0,,0.7699999999999818,0.0,-0.554505192062343
-0.7370010840959715,0.514129748370243,1.0,0,,0.04599999999999227,0.0,-16.021762697741206
-0.062399942399969766,0.44642603837317135,1.0,0,,0.005999999999999783,-0.002000000000000224,-10.399990399995337
-0.6873642964080098,0.5268190349842403,1.0,0,,0.00020000000000003348,0.0,-3436.8214820394733
-0.6972487940880103,0.5196956612483291,1.0,0,,0.3300000000000409,-0.03999999999996362,-2.1128751335997693
-0.7976986949759849,0.5043428566871409,1.0,0,,44.5,-2.5,-0.017925813370246853
-0.5331508315199719,0.4398636509727365,1.0,0,,0.008000000000000895,-0.0009999999999994458,-66.64385393998903
-0.4920827328000206,0.3981706475460369,1.0,0,,0.02999999999999403,0.0,-16.40275776000395
-0.2769253000000105,0.3922830397617537,,0,,0.0,0.0,
-0.16627781919997814,0.36628149024208334,1.0,0,,0.0018000000000002458,-0.00039999999999995595,-92.37656622219745
-0.45626344420798703,0.38138771664442733,1.0,0,,0.0,-0.0030000000000001137,
0.24730064906403043,0.4406036197017928,1.0,0,,0.0010999999999999899,0.0,224.81877187639338
-0.5075354635040148,0.43750376937670066,1.0,0,,0.0039999999999995595,-0.0009999999999994458,-126.88386587601768
-0.33934380238942013,0.3322724669468863,1.0,0,,3.9999999999996635e-06,-4.000000000000531e-06,-84835.95059736217
-0.27731799999999274,0.39457827801589385,1.0,0,,0.002000000000000224,0.0,-138.65899999998086
-0.31508159999997576,0.431750562197598,1.0,0,,0.7999999999999545,-0.42000000000007276,-0.3938519999999921
-0.3997200000000009,0.514129748370243,1.0,0,,0.036000000000001364,-0.007000000000005002,-11.103333333332937
-0.41003820000001007,0.5196956612483291,1.0,0,,0.2899999999999636,0.0,-1.413924827586419
-0.8024361713759685,0.5043428566871409,1.0,0,,41.79999999998836,0.0,-0.019197037592731864
-0.7249125007360293,0.3847193464755442,1.0,0,,0.0002999999999997449,-0.000700000000000145,-2416.3750024554856
-0.34081588448320677,0.4218936130900369,1.0,0,,0.00014999999999998348,0.0,-2272.105896554962
-0.5518027302144148,0.3194914811432633,1.0,0,,0.0,-0.08299999999999841,
-0.6090512148800031,0.45980588902595,1.0,0,,0.0,-0.0040000000000000036,
-0.46651577457594806,0.44363099337495426,1.0,0,,0.00029999999999996696,-0.0009000000000001229,-1555.0525819199981
-0.33988822841680255,0.33199761299754893,1.0,0,,0.03100000000000236,-0.007999999999999119,-10.964136400541184
-0.7684919071532766,0.39198399197191924,1.0,0,,1.699999999999916e-09,-5.7000000000002165e-09,-452054063.0313615
-0.28276660702973333,0.33904223428388414,1.0,0,,4.000000000000531e-06,0.0,-70691.65175742396
-0.5358941451519841,0.4440615076445874,1.0,0,,0.959999999999809,-0.22000000000002728,-0.5582230678667611
-0.6798004625280304,0.5142592370107455,1.0,0,,0.08799999999999386,0.0,-7.725005256000884
-0.5157810455039681,0.45178674237500294,1.0,0,,0.00039999999999995595,0.0,-1289.4526137600621
-0.695098698719937,0.5104692580893462,1.0,0,,32.10000000000582,-10.19999999999709,-0.02165416506915299
-0.7854640963199399,0.4398636509727365,1.0,0,,0.0,-0.008999999999998565,
-0.4920827328000206,0.3981706475460369,1.0,0,,0.00999999999999801,-0.020000000000003126,-49.208273280011845
-0.29779200316795995,0.40653058450540197,1.0,0,,0.0,-0.0015000000000000568,
-0.7949843005439614,0.5268190349842403,1.0,0,,0.0,-9.999999999998899e-05,
-0.7866281627903596,0.510323783699075,1.0,0,,0.0001399999999999943,-3.0000000000002247e-05,-5618.772591359941
-0.26033521428477624,0.33199761299754893,1.0,0,,0.03399999999999892,0.0,-7.656918067199545
-0.21853918415997983,0.40653058450540197,1.0,0,,0.0009999999999998899,0.0,-218.5391841600039
-1.1007832780799522,0.5002285142001184,1.0,0,,0.0,-0.11999999999999034,
-0.6727412989743522,0.452884046199428,1.0,0,,9.000000000000674e-05,-3.0000000000002247e-05,-7474.903321936687
-0.3970525424223712,0.3030457083228174,1.0,0,,0.0,-6.0000000000004494e-05,
-0.48497096255997113,0.4243891166738252,1.0,0,,0.0,-6.0000000000004494e-05,
-0.7459527304320134,0.4423944136959832,1.0,0,,0.0009999999999994458,-0.0070000000000014495,-745.9527304324268
-0.6091906247199687,0.46514108835270807,1.0,0,,0.0,-0.0009999999999998899,
-0.4982057461039895,0.4529960513095753,1.0,0,,0.00039999999999995595,-0.0015000000000000568,-1245.514365260111
-0.8757055823999501,0.5270721213195285,1.0,0,,0.06999999999993634,-0.3100000000000591,-12.510079748582093
-1.0585297232639141,0.6418401036146079,1.0,0,,0.0,-7.999999999999674e-05,
-1.110279516910844,0.3980488008834955,1.0,0,,0.0,-6.199999999999619e-09,
-0.35382745438640106,0.33904223428388414,1.0,0,,0.0,-1.000000000000046e-05,
-0.3859560172799981,0.44224403185172934,1.0,0,,0.0,-0.004000000000001336,
-0.7623527976000011,0.413791089052452,1.0,0,,0.0,-0.04999999999999716,
-0.30303263420561827,0.3980488008834955,1.0,0,,2.599999999999772e-09,0.0,-116551013.15601726
-1.0176534019440258,0.5342017544443822,1.0,0,,0.0,-0.00030000000000002247,
-0.4703781399679686,0.4440615076445874,1.0,0,,0.029999999999972715,-0.6199999999998909,-15.679271332279882
-0.5167881281279404,0.5142592370107455,1.0,0,,0.015000000000000568,-0.049000000000006594,-34.45254187519472
-0.6940983017159073,0.5336560711510467,,0,,0.0,0.0,
-0.35907601324799593,0.45178674237500294,1.0,0,,0.0,-0.0005999999999999894,
-0.44803681022394304,0.5104692580893462,1.0,0,,11.5,-31.69999999999709,-0.03895972262816896
-0.6693304435199249,0.5002285142001184,1.0,0,,0.0,-0.05000000000001137,
-0.2965899158935975,0.3030457083228174,1.0,0,,0.0,-7.999999999999674e-05,
-0.2014703686464071,0.33199761299754893,1.0,0,,0.023999999999997357,0.0,-8.394598693601221
-0.49517810378397914,0.4243891166738252,,0,,0.0,0.0,
-0.26695199193602137,0.4423944136959832,1.0,0,,0.0010000000000012221,-0.0029999999999983373,-266.9519919356951
-0.7734940739199908,0.46514108835270807,1.0,0,,0.0,-0.0030000000000001137,
-0.4754978048880051,0.4529960513095753,1.0,0,,0.00039999999999995595,0.0,-1188.7445122201436
-0.3696821694719778,0.5273637636173287,1.0,0,,0.00030000000000002247,0.0,-1232.2738982398337
-0.4169880015839509,0.5270721213195285,1.0,0,,0.0,-0.07999999999992724,
-0.14871028259838306,0.452884046199428,1.0,0,,0.00020000000000000573,-0.0003599999999999992,-743.551412991894
-0.7972973960831089,0.6418401036146079,1.0,0,,9.999999999996123e-06,0.0,-79729.7396083418
-0.29919917999999984,0.44241945328729215,,0,,0.0,0.0,
-0.4838629926239173,0.40653058450540197,1.0,0,,0.0,-0.0005999999999999339,
-1.2664598214151657,0.6531024613068195,1.0,0,,0.0,-0.00010999999999999899,
-0.4344485380415751,0.33904223428388414,1.0,0,,2.0000000000002655e-06,-3.9999999999996635e-06,-217224.26902075874
-0.8942453697599304,0.4395180299073935,1.0,0,,0.0,-0.009999999999999787,
-0.7087578170399815,0.41316437977006915,1.0,0,,0.00999999999999801,-0.03999999999999915,-70.87578170401225
-0.40496802150398703,0.44282284661395016,1.0,0,,0.0,-1.990000000000009,
-0.589735245503948,0.505531205704624,1.0,0,,0.012000000000000455,-0.09499999999999886,-49.1446037919938
-0.6991646811143826,0.5231705663491232,1.0,0,,0.0,-7.000000000000062e-05,
-0.4263280963200079,0.4395180299073935,1.0,0,,0.004000000000001336,-0.0009999999999994458,-106.58202407996639
-0.31143597868797657,0.505531205704624,1.0,0,,0.03699999999999193,0.0,-8.417188613190392
-0.8959711071358785,0.5059737757008129,1.0,0,,0.10000000000582077,-60.0,-8.95971107083726
-0.7717666965119236,0.44223878485654455,1.0,0,,0.0,-0.006999999999999673,
-0.3045923999999671,0.45394575060419734,1.0,0,,0.0,-9.999999999998899e-05,
-0.2594015865599946,0.44282284661395016,1.0,0,,0.6999999999998181,0.0,-0.3705736950858029
-0.5427754314943947,0.33125875858149856,1.0,0,,0.007999999999999119,-0.04299999999999926,-67.8469289368068
-0.23335042931680597,0.342746879497689,1.0,0,,1.8000000000001352e-09,-2.999999999998108e-10,-129639127.3982158
-0.2935865199999895,0.42987317976242084,,0,,0.0,0.0,
-0.43349302951998003,0.4624890585107144,1.0,0,,0.0,-0.005999999999999783,
-0.5281541236320175,0.5059737757008129,1.0,0,,25.39999999999418,0.0,-0.020793469434336163
-0.30922100263998265,0.43781423216070914,1.0,0,,0.0,-0.0015000000000000568,
-0.7573253519039134,0.5272826126065739,1.0,0,,0.0,-0.5100000000001046,
-0.10041129057958915,0.3347231930426463,1.0,0,,8.000000000000194e-06,0.0,-12551.411322448339
-0.3848009652000136,0.41316437977006915,1.0,0,,0.01999999999999602,-0.020000000000003126,-19.24004826000451
-1.1821073903520285,0.45394575060419734,1.0,0,,0.0,-0.0006000000000000449,
-0.5278056542399681,0.4624890585107144,1.0,0,,0.0019999999999997797,0.0,-263.9028271200131
-0.5025577413999679,0.3973554003404607,1.0,0,,9.999999999976694e-05,-0.00019999999999997797,-5025.577414011392
-0.6180776510719957,0.5273637636173287,1.0,0,,0.0,-0.00040000000000001146,
-0.2208072233740887,0.342746879497689,1.0,0,,1.8000000000001352e-09,-2.0000000000001503e-10,-122670679.65226229
-0.4025794800000057,0.5231705663491232,,0,,0.0,0.0,
-0.4437072501119076,0.44223878485654455,1.0,0,,0.002000000000000668,-0.0009999999999994458,-221.85362505587972
-0.28062599672960997,0.33125875858149856,1.0,0,,0.0030000000000001137,-0.028999999999999915,-93.54199890986645
-0.245730761695996,0.5273637636173287,1.0,0,,0.00029999999999996696,0.0,-819.1025389867435
-0.499061853617579,0.42987317976242084,,0,,0.0,0.0,
-0.572946593119979,0.43781423216070914,1.0,0,,0.00039999999999995595,0.0,-1432.3664828001051
-0.7113147774479472,0.5272826126065739,1.0,0,,0.11000000000001364,-0.13999999999998636,-6.466497976798719
-0.24565426382375322,0.3347231930426463,1.0,0,,0.0,-5.000000000000664e-06,
-0.6779681136000468,0.4395180299073935,1.0,0,,0.0009999999999994458,-0.006000000000000227,-677.9681136004226
-0.5837428981775707,0.4920643716332178,1.0,0,,19.59999999999127,-45.0,-0.029782800927440345
-0.3400523035977743,0.33361002466385814,1.0,0,,3.000000000000398e-06,0.0,-113350.76786590971
-0.47657593828002304,0.3973554003404607,,0,,0.0,0.0,
-0.43876317167998063,0.41316437977006915,1.0,0,,0.0,-0.00999999999999801,
-0.5232717555200008,0.44282284661395016,1.0,0,,0.4299999999998363,-1.0399999999999636,-1.2169110593493024
-0.8434248401280071,0.505531205704624,1.0,0,,0.0,-0.0730000000000075,
-0.43770529963760607,0.4920643716332178,1.0,0,,19.5,-12.0,-0.022446425622441337
-0.3682623694399533,0.4228204733709465,1.0,0,,0.004000000000001336,0.0,-92.06559235995758
-0.1947482783999666,0.4406661624674125,1.0,0,,0.0030000000000001137,-0.0019999999999997797,-64.91609279998642
-0.422338289023942,0.43940849092237255,1.0,0,,0.75,0.0,-0.5631177186985893
-0.4714324529759245,0.435677972007976,1.0,0,,0.0039999999999995595,-0.0030000000000001137,-117.85811324399411
-0.3187091916500406,0.3180313653222169,1.0,0,,2.0000000000001503e-10,-1.7999999999997117e-09,-1593545958.2500832
-0.6281684044799581,0.45417075410663854,1.0,0,,0.0,-9.999999999998899e-05,
-0.37028385888003257,0.39268037405739187,1.0,0,,0.030000000000001137,0.0,-12.342795296000618
0.416607929692854,0.5201298737672916,1.0,0,,0.00014000000000000123,0.0,2975.7709263775023
-0.18147223705917326,0.33068938738839226,1.0,0,,0.02400000000000091,-0.023999999999997357,-7.561343210798599
-0.20224098128000767,0.3915184735864504,1.0,0,,0.0011999999999998678,0.0,-168.5341510666916
-0.4442519782511608,0.43938470624147635,1.0,0,,6.0000000000004494e-05,0.0,-7404.199637518792
-0.7953460860799308,0.5275656803561983,1.0,0,,0.0,-9.999999999998899e-05,
-0.350053513079993,0.4319812045519361,1.0,0,,0.0,-0.0008000000000001339,
-0.37759919208003634,0.520745678714297,1.0,0,,0.09999999999990905,-0.13999999999998636,-3.7759919208037975
-0.11003198039566701,0.33361002466385814,1.0,0,,3.9999999999996635e-06,-2.0000000000002655e-06,-27507.995098919066
-0.9586992648960528,0.5092451413973561,1.0,0,,0.007000000000005002,-0.05299999999999727,-136.9570378421954
-0.3026399999999638,0.4406661624674125,,0,,0.0,0.0,
-0.280191396015984,0.435677972007976,1.0,0,,0.0009999999999994458,0.0,-280.19139601613927
-0.11734415508478563,0.5385734029859248,1.0,0,,0.00010999999999999899,0.0,-1066.7650462253337
-0.8493769507199633,0.45417075410663854,1.0,0,,0.0,-0.00030000000000002247,
-0.5278713816434393,0.3180313653222169,1.0,0,,6.000000000000451e-10,-2.900000000000006e-09,-879785636.0723327
-1.0197118555967557,0.5201298737672916,1.0,0,,0.0,-3.999999999999837e-05,
-0.33286851685758345,0.33068938738839226,1.0,0,,0.0,-0.021999999999998465,
-0.6403032184000441,0.4228204733709465,1.0,0,,0.0,-0.007999999999999119,
-0.39337199999998274,0.4985998710816147,1.0,0,,0.0,-0.030000000000001137,
-0.3452320336943888,0.41787448547790695,1.0,0,,0.0,-3.0000000000002247e-05,
-0.6517076446463734,0.4990452550604888,1.0,0,,0.09999999999126885,-39.5,-6.51707644703275
-0.3196889850208014,0.4417250219056862,1.0,0,,0.0,-4.0000000000040004e-05,
-0.2478254613359518,0.5350084651057263,1.0,0,,0.00030000000000002247,0.0,-826.0848711197774
-0.18524006416793962,0.4407383097561531,1.0,0,,0.0005000000000000004,0.0,-370.48012833587893
-0.3682623694399533,0.4334128614285132,1.0,0,,0.004000000000001336,0.0,-92.06559235995758
-0.31533279999997677,0.44647446406576474,1.0,0,,0.009999999999990905,-1.0,-31.533280000026355
-0.23308318387200702,0.44410691812100545,1.0,0,,0.0039999999999995595,0.0,-58.27079596800817
-0.546323871271982,0.4306937345592655,1.0,0,,0.0,-0.0004999999999999449,
-0.47644332891994046,0.39107392618713044,1.0,0,,0.0,-0.0005999999999999339,
-0.49244995872000635,0.3976389649645158,,0,,0.0,0.0,
-0.2852639740799853,0.4985998710816147,1.0,0,,0.060000000000002274,0.0,-4.754399567999576
-0.4884257466239307,0.41391861933198626,1.0,0,,0.07000000000005002,-0.17999999999994998,-6.977510666051167
-0.15274596478718178,0.4417250219056862,1.0,0,,0.00024000000000001798,0.0,-636.441519946543
-0.2216214807146413,0.33773319436962995,1.0,0,,3.9999999999996635e-06,0.0,-55405.37017866498
-0.47695166479998774,0.39107392618713044,1.0,0,,0.0005999999999999339,-0.0022999999999999687,-794.9194413334004
-0.48830206540798404,0.510859714317367,1.0,0,,0.04000000000000625,-0.012000000000000455,-12.207551635197692
-0.18244380943655322,0.3213056772936578,1.0,0,,2.499999999999976e-09,-4.0000000000003005e-10,-72977523.774622
-0.0879494911232262,0.5223693642235563,1.0,0,,7.999999999999674e-05,0.0,-1099.3686390403723
-0.5860192590703155,0.4990452550604888,1.0,0,,19.80000000000291,-11.60000000000582,-0.02959693227627421
-0.3731197855999796,0.5350084651057263,1.0,0,,0.00029999999999996696,0.0,-1243.7326186667356
-0.3026399999999638,0.44997892579765564,1.0,0,,0.0,-0.0009999999999998899,
-0.2878867199999918,0.41787448547790695,1.0,0,,7.000000000000062e-05,0.0,-4112.667428571275
-0.5103461018879522,0.44410691812100545,1.0,0,,0.005000000000000782,-0.0009999999999994458,-102.06922037757448
-0.3424673852620658,0.33773319436962995,1.0,0,,5.000000000000664e-06,-1.0000000000001327e-06,-68493.47705240408
-0.14993929822798163,0.3298962311227228,1.0,0,,0.018000000000000682,-0.015000000000000568,-8.329961012665331
-0.2961739999999867,0.4334128614285132,1.0,0,,0.006999999999999673,0.0,-42.31057142857151
-0.6114223410559758,0.44647446406576474,1.0,0,,0.2699999999999818,-0.9500000000000455,-2.264527189096359
-0.5204633119935358,0.4584269876817326,1.0,0,,0.00017000000000000348,0.0,-3061.5488940795594
-0.28965600000000313,0.3976389649645158,1.0,0,,0.00999999999999801,0.0,-28.965600000006077
-0.5222144056319549,0.41391861933198626,1.0,0,,0.0,-0.2599999999999909,
-0.42908635914552373,0.5223693642235563,1.0,0,,3.0000000000002247e-05,0.0,-14302.878638183052
-0.4688554251519871,0.4448342114586602,1.0,0,,0.7999999999999545,-0.22000000000002728,-0.5860692814400171
-0.07429337898402688,0.4407383097561531,1.0,0,,0.00039999999999995595,0.0,-185.73344746008766
-0.4926553103847462,0.4990452550604888,1.0,0,,18.90000000000873,-17.39999999999418,-0.026066418538863417
-0.3282911320319576,0.4306937345592655,1.0,0,,0.0004999999999999449,-0.00029999999999996696,-656.5822640639875
-0.45446444294397714,0.510859714317367,1.0,0,,0.012000000000000455,-0.045000000000001705,-37.87203691199666
-0.2905732348519608,0.3213056772936578,1.0,0,,1.0000000000000751e-09,-4.0000000000003005e-10,-290573234.85193896
-0.3543642783999435,0.44997892579765564,1.0,0,,0.0019999999999997797,0.0,-177.18213919999127
-0.45219632687999767,0.4985998710816147,1.0,0,,0.04999999999999716,-0.009999999999990905,-9.043926537600468
-0.3825807364079504,0.455056948837558,1.0,0,,0.004000000000001336,0.0,-95.64518410195565
-0.40692365971203776,0.41453173135889104,1.0,0,,0.2099999999999227,0.0,-1.9377317129151788
-0.5902843982399821,0.44023826830647894,1.0,0,,0.004000000000001336,0.0,-147.57109955994625
-0.579553071759987,0.3985146097644403,1.0,0,,0.0,-0.00039999999999995595,
-0.3095846225103741,0.4417250219056862,1.0,0,,0.0,-2.0000000000020002e-05,
-0.35524138708798614,0.5350084651057263,1.0,0,,9.999999999998899e-05,0.0,-3552.4138708802525
-0.0902860678127389,0.5302277973673464,1.0,0,,7.000000000000062e-05,0.0,-1289.8009687534015
-0.3757631942399518,0.5116280473906478,1.0,0,,0.03700000000000614,-0.012000000000000455,-10.1557620064835
-0.2202676471247887,0.3015484351633188,1.0,0,,3.0000000000002247e-05,-4.999999999999449e-05,-7342.254904159073
-0.5277260922960023,0.5050376355040526,1.0,0,,20.0,-6.80000000000291,-0.026386304614800116
-0.389850321599914,0.42544275363296896,1.0,0,,0.000500000000000167,-9.999999999998899e-05,-779.7006431995676
-0.22684760317964753,0.35102213613951144,1.0,0,,3.000000000000398e-06,-1.0000000000001327e-06,-75615.86772653915
-0.4772389850799743,0.3985146097644403,1.0,0,,0.0036000000000000476,0.0,-132.56638474443557
-0.6298525435679938,0.455056948837558,1.0,0,,0.0039999999999995595,-0.0009999999999994458,-157.4631358920158
-0.08357336601597842,0.3355316966218467,1.0,0,,0.0005000000000000004,0.0,-167.1467320319567
-0.0668175756047937,0.3336913373136139,1.0,0,,0.05900000000000105,-0.00999999999999801,-1.1325012814371613
-0.7027126397440142,0.5428137060004239,1.0,0,,0.00019999999999997797,0.0,-3513.563198720458
-0.3208791526944079,0.3015484351633188,1.0,0,,9.000000000000674e-05,0.0,-3565.3239188264874
-0.49235815224000035,0.40629894852040555,1.0,0,,0.010000000000005116,0.0,-49.235815223974846
-0.4159155009599484,0.5002501817549647,1.0,0,,0.05000000000001137,-0.030000000000001137,-8.318310019197076
-0.37721601868799376,0.4448342114586602,1.0,0,,0.6899999999998272,-1.1900000000000546,-0.5466898821566496
-0.3972099851173992,0.35102213613951144,1.0,0,,3.9999999999996635e-06,-2.0000000000002655e-06,-99302.49627935815
-0.5070165868799854,0.41453173135889104,1.0,0,,0.25,0.0,-2.0280663475199416
-0.7161772266959185,0.5050376355040526,1.0,0,,37.0,-0.09999999999126885,-0.019356141262051853
-0.28100195583996646,0.4564457860318497,1.0,0,,0.002000000000000224,-0.0009999999999998899,-140.5009779199675
-0.4605891796799883,0.44023826830647894,1.0,0,,0.004999999999999005,-0.002000000000000668,-92.117835936016
-0.6594166081719899,0.5600487480361601,1.0,0,,4.999999999999449e-05,0.0,-13188.33216344125
-0.4974442312319588,0.42544275363296896,1.0,0,,0.0013000000000000789,0.0,-382.6494086399451
-0.679351630848018,0.5116280473906478,1.0,0,,0.04999999999999716,-0.043000000000006366,-13.587032616961132
-0.27614210039999276,0.40629894852040555,1.0,0,,0.03999999999999915,0.0,-6.903552509999966
-0.175631719259913,0.5302277973673464,1.0,0,,6.0000000000004494e-05,0.0,-2927.1953209983308
-0.2639098458336256,0.4584269876817326,1.0,0,,0.00021000000000001573,-0.00028000000000000247,-1256.713551588599
-0.05864426594399879,0.3336913373136139,1.0,0,,0.02400000000000091,-0.019999999999999574,-2.443511080999857
-0.7025276666879392,0.5428137060004239,1.0,0,,0.00019999999999997797,0.0,-3512.638333440083
-0.3205161430719584,0.3015484351633188,1.0,0,,6.999999999998674e-05,-4.000000000001225e-05,-4578.802043885988
-0.5019150727039496,0.4448342114586602,1.0,0,,1.0799999999999272,-0.2899999999999636,-0.4647361784296143
-0.008770872759951143,0.3985146097644403,1.0,0,,0.0036000000000000476,0.0,-2.436353544430841
-0.3795122663999933,0.5002501817549647,1.0,0,,0.06999999999999318,-0.030000000000001137,-5.421603805714718
-0.3506604709566801,0.35102213613951144,1.0,0,,3.9999999999996635e-06,0.0,-87665.11773917741
-0.659517105077565,0.5600487480361601,1.0,0,,4.0000000000040004e-05,0.0,-16487.927626922636
-0.4757221380160025,0.39966047140568883,1.0,0,,0.0006000000000000449,0.0,-792.8702300266115
-0.5607663600800289,0.3355316966218467,1.0,0,,0.0,-0.0005000000000000004,
-0.5271086050399585,0.4564457860318497,1.0,0,,0.0,-0.0030000000000001137,
-0.6557566728239748,0.455056948837558,1.0,0,,0.0009999999999994458,-0.0039999999999995595,-655.7566728243382
-0.5166425103359478,0.41453173135889104,1.0,0,,0.10999999999989996,-0.04000000000007731,-4.696750093967434
-0.6048556228800397,0.44023826830647894,1.0,0,,0.0009999999999994458,-0.005000000000000782,-604.8556228803749
-0.1894064251631281,0.4584269876817326,1.0,0,,0.00028000000000000247,-6.0000000000004494e-05,-676.4515184397372
-0.42421920460796314,0.5241811938570481,1.0,0,,7.0,-13.0,-0.06060274351542331
-0.4926263236439795,0.34887538398264,1.0,0,,0.0070000000000014495,-0.022999999999999687,-70.3751890919825
-0.28590081279993046,0.5211254882811539,1.0,0,,0.12000000000000455,0.0,-2.3825067733326635
-0.18978424273438277,0.32233788927594015,1.0,0,,4.999999999999449e-05,-4.999999999999449e-05,-3795.6848546880733
-0.3887007753599979,0.46702328288803624,1.0,0,,0.004999999999999005,0.0,-77.74015507201506
-0.9358903629999467,0.5344761117443482,1.0,0,,0.0020000000000095497,-0.12599999999999056,-467.945181497739
-0.3279080067199811,0.4223281852628614,1.0,0,,0.00999999999999801,-0.030000000000001137,-32.790800672004636
-0.4212482399999693,0.5577472402776482,,0,,0.0,0.0,
-0.3192540093599632,0.3977069271666506,1.0,0,,0.00019999999999997797,-0.00039999999999995595,-1596.2700467999916
-0.35222406112000715,0.35321770123025376,,0,,0.0,0.0,
-0.505040679999935,0.5792982391267578,1.0,0,,0.0,-7.00000000000145e-05,
-0.5384478269279638,0.5661280845890269,1.0,0,,0.0,-0.00029999999999996696,
-0.44268578060795494,0.4624063664693957,1.0,0,,0.5,-0.8099999999999454,-0.8853715612159099
-0.7491740032492846,0.5272672565109376,1.0,0,,0.0,-4.999999999999796e-06,
-0.6240489326399307,0.47180187714870525,1.0,0,,0.001000000000000334,0.0,-624.0489326397222
-0.38220161132001934,0.39966047140568883,1.0,0,,0.00029999999999996696,0.0,-1274.0053710668715
-0.8132011361919529,0.4767421455879935,1.0,0,,0.0019999999999988916,-0.0030000000000001137,-406.6005680962018
-0.27595725900001106,0.3517179637581221,1.0,0,,0.00030000000000002247,0.0,-919.8575299999679
-1.3882924271199557,0.5211254882811539,1.0,0,,0.0,-0.1700000000000017,
-0.595447444353595,0.32233788927594015,1.0,0,,0.0,-0.00020000000000000573,
-0.4097595545567976,0.5779864857719721,1.0,0,,3.999999999998449e-05,0.0,-10243.98886392391
-0.6961273189315595,0.31401481721495567,1.0,0,,1.5999999999996967e-09,-6.3000000000002616e-09,-435079574.3323072
-0.4936400456960226,0.4478378115197111,1.0,0,,0.00039999999999995595,-0.0014000000000000679,-1234.1001142401924
-1.1417839607999856,0.5344761117443482,1.0,0,,0.009999999999990905,-0.11899999999999977,-114.1783960801024
-0.8597316237959673,0.4752453976247718,1.0,0,,0.00010999999999999899,-0.00041000000000002146,-7815.742034508866
-0.6272590243199372,0.4314834376652328,1.0,0,,0.0,-0.25,
-0.5534788522079769,0.5241811938570481,1.0,0,,22.5,-44.90000000000873,-0.024599060098132307
-0.3995545917599967,0.4609337435116794,1.0,0,,0.0005999999999999339,-0.00029999999999996696,-665.9243196000679
-0.32933603512863985,0.3162432928347831,1.0,0,,2.299999999999961e-09,0.0,-143189580.4907154
-0.3791274714935768,0.34887538398264,1.0,0,,0.0,-0.07900000000000063,
-0.41553499999998234,0.5391380818856151,1.0,0,,0.0759999999999934,-0.0020000000000095497,-5.467565789473926
-0.6220392191999404,0.4223281852628614,1.0,0,,0.0,-0.01999999999999602,
-1.0726888032671726,0.5577472402776482,1.0,0,,0.0,-4.000000000000531e-05,
-0.718539396847973,0.5462107907015231,1.0,0,,0.22000000000002728,0.0,-3.266088167490381
-0.6140905662720064,0.48605741031279204,1.0,0,,0.0,-0.3100000000000023,
-3.287724431417562,0.4788949686987113,1.0,0,,0.00014000000000000123,-0.0009399999999999964,-23483.745938696666
-0.9545650909439575,0.5713415421450925,1.0,0,,0.0,-0.00030000000000002247,
-0.35453816245680525,0.3570469768088579,1.0,0,,0.054999999999999716,0.0,-6.446148408305583
