pnl,rolling_profit_factor,rolling_expectancy,edge_decay
-0.06960724949118643,0.0,,
-0.19796327410399925,0.0,,
-0.7374793637087877,0.0,,
-0.30292077446397697,0.0,,
-0.3612073103832042,0.0,,-0.3338355944302309
-0.28212940000000875,0.0,,-0.32521789535852724
-0.45835005980798704,0.0,,-0.34423677599416436
-0.29019434065438954,0.0,,-0.3374814715766925
-0.10920627765600127,0.0,,-0.31211756114106015
-0.09823415457920066,0.0,,-0.2907292204848742
-0.13097254801677652,0.0,,-0.27620588662413803
-0.09483157724797439,0.0,,-0.26109136084279105
-0.40998359999995804,0.0,,-0.272544610008727
-0.32277000974401826,0.0,,-0.2761321385612478
-0.19993958060799516,0.0,,-0.27105263469769764
-0.3044149743199922,0.0,-0.273137780924091,-0.273137780924091
-0.379271792899984,0.0,-0.27938095809914354,-0.27938095809914354
-0.270009616464009,0.0,-0.2788603280083028,-0.2788603280083028
-0.7862895898799791,0.0,-0.30556713126470675,-0.30556713126470675
-0.1424098259167857,0.0,-0.2974092659973107,-0.2974092659973107
-0.188337199999984,0.0,-0.2922153580926761,-0.2922153580926761
-0.40202042908800073,0.0,-0.2972064976833727,-0.2972064976833727
-0.20006078060799207,0.0,-0.2929827708540083,-0.2929827708540083
-0.16045245035519415,0.0,-0.2874606741665577,-0.2874606741665577
-1.3091933737063077,0.0,-0.32832998214814774,-0.32832998214814774
-0.19452598060801363,0.0,-0.32318367439660406,-0.32318367439660406
-0.2134791820479774,0.0,-0.3191205450503587,-0.3191205450503587
-0.13612027822077077,0.0,-0.31258482123501624,-0.31258482123501624
-0.395036445935994,0.0,-0.31542798070746375,-0.31542798070746375
-0.4791274680815889,0.0,-0.32088463028660125,-0.32088463028660125
-0.16036797039357914,0.0,-0.3157066735158586,-0.3157066735158586
-0.44452943897599084,0.0,-0.31973238493648776,-0.31973238493648776
-0.13743783959359696,0.0,-0.314208307804885,-0.314208307804885
-0.29899636422398274,0.0,-0.31376089769956433,-0.31376089769956433
-0.4753166448800029,0.0,-0.31837677619043403,-0.31837677619043403
-0.18036809445598856,0.0,-0.3145432016978105,-0.3145432016978105
-0.19277207942243596,0.0,-0.3112520902849626,-0.3112520902849626
-0.2550451951520015,0.0,-0.3097729614656741,-0.3097729614656741
-0.18449807815034186,0.0,-0.3065607849704092,-0.3065607849704092
-0.2927023999999751,0.0,-0.30621432534614834,-0.30621432534614834
-0.18279847539998362,0.0,-0.3032041826645346,-0.3032041826645346
-0.3616917623000101,0.0,-0.30459674408442683,-0.30459674408442683
-0.16671980601602793,0.0,-0.30139030366423153,-0.30139030366423153
-0.18426107523358637,0.0,-0.2987282757453532,-0.2987282757453532
-0.24502449124001652,0.0,-0.2975348583119013,-0.2975348583119013
-0.1206289878815585,0.0,-0.2936890785199373,-0.2936890785199373
-0.3561058193919776,0.0,-0.29501709428317224,-0.29501709428317224
-0.48198306662398954,0.0,-0.29891221870693924,-0.29891221870693924
-0.06553236678398695,0.0,-0.29414936458606267,-0.29414936458606267
-0.1313937425231786,0.0,-0.290894252144805,-0.290894252144805
-0.36723701967997624,0.0,-0.2968468475485808,-0.29239116915529856
-0.2716752940719893,0.0,-0.29832108794794054,-0.29199278694215797
-0.2044388399999908,0.0,-0.2876602774737646,-0.2903408256790982
-0.15630296427358015,0.0,-0.2847279212699567,-0.2878586430604775
-0.387309446999965,0.0,-0.2852499640022919,-0.28966683949574096
-0.17187847371997428,0.0,-0.28304494547669123,-0.28756347582117364
-0.1519499344048324,0.0,-0.2769169429686281,-0.28518429088404484
0.08939477519199229,0.006594649218273397,-0.2693251606517005,-0.2787260311241132
-0.22250786017595525,0.006539986354439076,-0.27159119230209955,-0.2777731807690597
-0.25187687644000023,0.006467292250988379,-0.27466404673931555,-0.27734157569690865
-0.18755549603998728,0.006440926251001214,-0.2757957056997798,-0.2758696727517132
-0.14657776440479608,0.006417001540660343,-0.27683062944291625,-0.27378431939127906
-0.17313446831999904,0.006527988300122691,-0.272093646809317,-0.272186702707608
-0.32201919112799327,0.006528346236173772,-0.27207863043699654,-0.2729653353391765
-0.4573800431999732,0.00640787540442966,-0.2772274396888361,-0.27580248469088103
-0.13341596543998135,0.006487393460394293,-0.2738074595112359,-0.27364511318707957
-0.18915117062398762,0.006578152791374622,-0.27000504706571593,-0.2723840095667349
0.3970776701360031,0.03652294928365856,-0.2566633013337157,-0.26253898486522403
-0.12743566444798304,0.038423565334737335,-0.24348622282507576,-0.2605809657287423
-0.42366965088960207,0.03758853450403936,-0.24911141932453212,-0.2629108040881832
-0.8167489229087921,0.035847909337436604,-0.2616796537827083,-0.27071134097298044
-0.09635085667998594,0.03667397735547078,-0.255566262334548,-0.2682896675800222
-2.0728998312799862,0.032136643480971235,-0.2930230433479879,-0.29301035475399434
-0.16872983492158292,0.032119080488895065,-0.29318859103931566,-0.29133088826977255
1.4104893914400076,0.1370963202574236,-0.23879493573638932,-0.2686399512069755
-0.2903979999999427,0.1361529414670123,-0.2407123761242279,-0.2689262413226724
-0.14667021435917238,0.13680896247184504,-0.2393761967704518,-0.26733850071275683
-0.37805120000000125,0.1344628456487311,-0.2442148152060364,-0.26875789429336255
-0.13813703920477083,0.13695681114660535,-0.23907682707141198,-0.2671044657479373
-0.2865528599999904,0.13888783785858505,-0.23522533490977998,-0.267347570676088
-0.4415904328320279,0.13608583513694944,-0.24084978415854896,-0.2694987171224576
-0.17376809128798607,0.13878154225589848,-0.23543455720478884,-0.26833127046593963
-0.2784209999999784,0.13736471937853362,-0.2382542204129165,-0.26845283347237386
-0.05686249245604147,0.1398162068135526,-0.23341154297755767,-0.26593390084122703
-0.2456443898239662,0.14222378099020883,-0.22881809787643692,-0.26569520071161223
-0.21828510622560998,0.1418206120334136,-0.22957643811182937,-0.2651439205431703
-0.13706117731601453,0.14241377352197462,-0.22846222006970096,-0.26367170510377774
-0.16774476721599726,0.14335331838718193,-0.22671621151098084,-0.26258162626414383
-0.11925957828476907,0.1440635618924968,-0.2254114415136694,-0.26097126617448796
-0.138002914347985,0.1457762217323903,-0.22231745180062962,-0.25960495115419346
-0.08747453831997717,0.14685196797616062,-0.22041097305902949,-0.2577134081560153
-0.17507942163599022,0.149004556831581,-0.21667872624574908,-0.25681521265036283
-0.5476925252943823,0.14467514634767442,-0.22429818063131615,-0.25994292568954586
-0.9334881536175801,0.13685509214781852,-0.23928272219899605,-0.2671083004547377
-1.163668986912002,0.12834877496425956,-0.25765561211243576,-0.27654578136481417
-0.2058055825280079,0.12761333122916346,-0.2593591440053647,-0.27580890429359745
-0.3295165140951883,0.12784200587687225,-0.2588273578994289,-0.2763625909925829
-0.14750020981439374,0.13079025538024217,-0.252137700763237,-0.2750476687356626
-0.24478556155194486,0.12919355093702933,-0.2557227646585962,-0.27474199088532203
-0.31315811999998,0.12761379987750654,-0.25935805220813224,-0.27512615217646863
-0.21308986501438132,0.1289510089174219,-0.2562751091148203,-0.27451193151149744
-0.3405965348296082,0.12834967732791575,-0.2576535339299727,-0.2751598197793221
-0.43148199999998876,0.12640781456830347,-0.26219439712997267,-0.2766775108494256
-0.2934680456105004,0.125262878382343,-0.2649376987567111,-0.2768389582990513
-0.37075768078271953,0.12539993671812177,-0.26460666343236616,-0.2777334223227053
-0.3516895884799933,0.12392687562932293,-0.2682028857275665,-0.27843112200343445
-0.38751599999997455,0.12204862933042432,-0.2729142070394694,-0.2794506068445236
-0.4063211999999927,0.11333424107204083,-0.2828285265433091,-0.2806253345589261
-0.3025199000000065,0.11276851016312715,-0.2844287673397901,-0.28082620213178006
-0.2446099615040016,0.11281965811876989,-0.2842834290410701,-0.28049696358061843
-0.24978178987199917,0.11238317686056243,-0.2855279549177104,-0.2802202503039642
-0.3580575900159834,0.11092468492129574,-0.2897575514299341,-0.28091522655139295
-0.32248730770396516,0.10991725891446805,-0.29274460821761344,-0.281283121074867
-0.6212681746343334,0.1079528216987409,-0.29872958788774023,-0.2842654461060904
-0.3616033298863549,0.1085738692078853,-0.29681405362146784,-0.28493794944331013
-0.3294446840879735,0.1073103202088944,-0.3007346279944277,-0.28532162819024687
-0.22857628480800027,0.10705974031705688,-0.301523130278108,-0.28483662525535586
-0.33462247655197214,0.08191782109486861,-0.31615713321186745,-0.285258539249395
-0.4184045502621605,0.08055651500054639,-0.321976510928151,-0.28637741329151906
0.25903116902402307,0.09771480868436568,-0.30832249452987853,-0.2818323417722229
-0.20672594748556683,0.10133277692917154,-0.296122035021414,-0.2812116277698538
-0.30118739999997923,0.1000884073388742,-0.3002187658878139,-0.28137536360780563
-0.6158241186799948,0.10966816934601294,-0.27107725163581403,-0.28409445917749826
-0.4046651999999947,0.10799444747011919,-0.27579595893738224,-0.28506680386155064
-0.5123934832640114,0.01621812171272056,-0.31425361643146266,-0.28688541729677036
-0.39558527999999793,0.016112010448293416,-0.3163573620314638,-0.28774811461981187
-0.40357478000000324,0.01585859433730548,-0.3214954533442804,-0.28866013560705744
-0.40061918399997476,0.01583671317030831,-0.32194681302427985,-0.2895348156726271
-0.20667042747116293,0.01577063403019843,-0.3233174807896077,-0.28889245607416614
-0.15550506418560378,0.015897473659140023,-0.32069652487332,-0.2878663992134849
-0.1406618362799671,0.016196606137747756,-0.31467795294227874,-0.2867427002597939
-0.4316385999999752,0.015939595575949605,-0.31983536311651856,-0.2878403964699468
-0.29332436340542095,0.015924991006447932,-0.3201334303846274,-0.2878816293040481
-0.29185519999997434,0.015698197125071835,-0.32483328453550603,-0.28791128281670425
-0.16911916563198331,0.01577133981915344,-0.3233027800516664,-0.28703134120792856
-0.30103199999996266,0.015692280272447918,-0.32495771792715344,-0.28713428722845824
-0.3884846799999517,0.015456850752730724,-0.32998618798083224,-0.2878740711173013
-0.2790319999999904,0.015354883467611371,-0.332211932636512,-0.2878099981381903
-0.38263679999996636,0.015118840430086204,-0.33747947707081594,-0.288492205345829
-0.30424952000000005,0.014973547676566362,-0.34080440918385635,-0.2886047575933588
-0.4425181589087871,0.014672416280199411,-0.3479052815956325,-0.28969634199985117
-0.24489836140793542,0.01461461860762312,-0.34930166039107136,-0.2893808632632884
-0.34772478771200466,0.01478138577239021,-0.3453023056394239,-0.28978886273495774
-0.4057785300000077,0.015240321936582556,-0.33474811316707237,-0.2905943465354095
-0.567978040166385,0.01579386516377394,-0.32283429423216004,-0.2925073375259679
-0.5126744000000142,0.015503779187188085,-0.32897167058160015,-0.29401533110455724
-0.8909356155599878,0.014999748800682207,-0.34020005261089614,-0.29807601331173705
-0.5072860165559838,0.014693619584790586,-0.347395768745728,-0.2994895944147387
-0.30936060000000937,0.01463999273315021,-0.3486872695146892,-0.2995558427743714
-0.6327590130579106,0.014380238338493672,-0.3550792873758478,-0.3017771972429284
-0.2988143999999646,0.014312126381427615,-0.3567937780755595,-0.3017575760691339
-0.30405759999999576,0.01434107913354152,-0.3560629993789673,-0.3017727078055211
-0.40489439999999777,0.014362220377092396,-0.35553124737896746,-0.3024467057937203
-0.393579048816001,0.014282939404746127,-0.35753346744307746,-0.30303847425490393
-0.4003777400000085,0.014259649894634302,-0.35812586862742324,-0.3036664695177756
-0.2616095669759775,0.014330714469364783,-0.356324268197343,-0.3033968739886615
-0.5263358715359518,0.014221491843790438,-0.3591006656280624,-0.30481686760361243
-0.44639994640634073,0.01419026717556136,-0.35990224055618947,-0.30571296303907275
-0.18919179999997615,0.014278915673928994,-0.3576356785561889,-0.30498012553568216
-0.3191159087999688,0.014220510766539879,-0.35912579750210816,-0.30506847418108396
-1.4444462232959743,0.013345253108178703,-0.3830190861705877,-0.312145354610369
-0.3853440207359997,0.013326518775187125,-0.383564814784988,-0.31259719822842846
-0.5515539363999631,0.013171296148344433,-0.3881461473589079,-0.31406319048714954
-0.39908454205699984,0.01332180134840998,-0.38370247470736124,-0.31458161336257545
-0.24159593285517603,0.013404532796355105,-0.3813023267667377,-0.31413927590495483
-0.32537878070399895,0.013407353774877579,-0.38122100869905823,-0.3142069837651901
-0.3065439777279829,0.013353464828314461,-0.3827803625574579,-0.3141610975014942
-0.3793415049863894,0.013322751405032175,-0.38367474312614624,-0.3145490761174757
-0.6001148649040056,0.013199391116378573,-0.38730894941898314,-0.3162388145126623
-0.6918828729119975,0.0,-0.4063272302577036,-0.31844848544442306
-1.1155712153825803,0.0,-0.42450413561564376,-0.3231100218768099
-0.5697246384479915,0.0,-0.42987488038460403,-0.32454382778710755
-0.46157804367997546,0.0,-0.42678995888460364,-0.325335933081286
-0.5593618311640114,0.0,-0.429883891507884,-0.32668090950704876
-0.5584896622079799,0.0,-0.4308058150867633,-0.32800553095105406
-0.40086895999999017,0.0,-0.4309114886867632,-0.32841952770701394
-0.9776481113599329,0.0,-0.44239295531396183,-0.3320874858067479
-0.5785658040831976,0.0,-0.44595188771562627,-0.3334721954599864
-0.40506209999999077,0.0,-0.4499197211662028,-0.33387213906076857
-0.3602480134399744,0.0,-0.45401458015129026,-0.3340186716962086
-0.6458011037026479,0.0,-0.46411736549974386,-0.3357412265691723
-0.3433201873759887,0.0,-0.4623509972472641,-0.33578286921096806
-0.13242375056064948,0.0,-0.4591329849903687,-0.3346716171964854
-0.3658643889119942,0.0,-0.4606131687686091,-0.3348411431297219
-0.3350915801279989,0.0,-0.46393261705852934,-0.3348424968432261
-0.4087367713919715,0.0,-0.46608671248636957,-0.33523977788918713
-0.30145379999997246,0.0,-0.46434609488637,-0.3350591042106351
-0.3037875200000033,0.0,-0.4648412052863703,-0.33489276599674883
-0.19429794911997758,0.0,-0.4610744282687705,-0.33414887807676585
-0.3116929199999911,0.0,-0.46122329626877034,-0.3340306888237302
-0.38528219999997115,0.0,-0.460078577090594,-0.33429902134297756
-0.3774628846455924,0.0,-0.4627298675553471,-0.334523833131012
-0.4045111399999769,0.0,-0.4638655946011066,-0.33488646166401187
-0.40587399999998464,0.0,-0.46386750400110605,-0.3352523768100736
-0.6721728741479501,0.0,-0.46595140068073737,-0.3369801742323191
1.0357375397712523,0.04545719920805922,-0.4349831618853121,-0.3299765124261784
-0.28032619476799714,0.046708946110409565,-0.42277097346947223,-0.32972448035684754
-0.6366847436940399,0.04643795599425599,-0.42535894801223334,-0.33127478471713634
-0.886279785895972,0.04526705387912746,-0.4368973317301526,-0.3340637545723064
-0.6017265582327602,0.04532853195953833,-0.43627668263364966,-0.33540206859060867
-0.20644339999999,0.045512519519611376,-0.4344292626336501,-0.334760483174735
0.044128838368874046,0.048094218911963166,-0.4274655338662727,-0.33288479346412303
-0.6000951451439261,0.04767970615797317,-0.43136954876915135,-0.33420110061525504
-0.5251065529776079,0.04740441080349932,-0.4340000988523835,-0.335136911656247
-0.1155337575200017,0.0480046706279188,-0.42830321920278336,-0.33406567675802135
-0.44578713463197417,0.047614825238318594,-0.43198677055590323,-0.3346080139321668
-0.2180549688757045,0.04827097789890292,-0.4258211525026983,-0.33404495574348825
-0.5958021657055749,0.047950743140553316,-0.428809196888683,-0.3353034038683059
-0.832730599479979,0.04661857497062719,-0.441679972878283,-0.33768343829707
-0.31243239999999994,0.046632029788342376,-0.4415463027022837,-0.33756319525756007
-0.29954999999999266,0.04905744060262317,-0.4186483782363641,-0.3373830379340645
-0.08785587573599955,0.049729517201170186,-0.41269861533636404,-0.33620602301803587
-0.33147401003200916,0.05023868735552242,-0.408297016809005,-0.3361838069946273
-0.32584558564794613,0.050410450899954135,-0.40683223768082394,-0.3361354975490821
-0.38451070491917144,0.05007636321714437,-0.4096905331221038,-0.3363604985135941
-0.4916975846223073,0.04969309731693453,-0.41301690920046996,-0.33707965169002335
-0.4032875136705408,0.049472847825457814,-0.4149517799193211,-0.3373847570447723
-0.46558681857598233,0.049278138527576745,-0.416676686191113,-0.3379728398958329
-0.5124040254399791,0.04947616972467402,-0.4149224694018324,-0.33876932932754134
-0.4312335999999478,0.05007416295460558,-0.4097094839435914,-0.3391896214669613
-0.4815327166319818,0.051590979585973744,-0.3970287139685794,-0.339833707870423
-0.3396122681743865,0.052164459794874746,-0.3924264665631074,-0.3398327103943147
-0.4424245306415786,0.0522127689967099,-0.3920433963023395,-0.3402927633999078
-0.30922061872637796,0.05285199337378427,-0.3870405720535868,-0.34015404846832953
-0.6042433540063643,0.05273390492259465,-0.3879556458895545,-0.3413277787151653
-0.19042849613599713,0.05328145677576393,-0.38374683661227466,-0.34066008277454946
-0.6051211460639913,0.05427914953375919,-0.3762962973063558,-0.34182510948507566
-0.335257180127964,0.054951193438184096,-0.37143012482725113,-0.34179630277736905
-0.6117045747119865,0.05437937140327426,-0.375562974321491,-0.3429749415194416
-0.30533880000001634,0.05453015222165145,-0.37446479005269184,-0.34281130612153105
-0.20641119999999638,0.05576751794019084,-0.3656769919786388,-0.3422208294716542
-0.29241991999998634,0.055914497107636976,-0.3646589866311188,-0.34200617037910397
-0.22522228192799282,0.05564711143515706,-0.36651495725846567,-0.34150495197373437
-0.31063670501597507,0.05580593312437697,-0.3654104035805452,-0.34137303638844485
-0.2998371746079437,0.05590779134524469,-0.3647053154701442,-0.3411962880404427
-0.3878472837119592,0.05596832158417987,-0.36428752571654394,-0.3413939617509152
-0.6417283269839047,0.05499836678631408,-0.3710930162562226,-0.34266119535949324
-0.4311087291966097,0.05464402431972355,-0.3736394404401547,-0.3430328236529265
-0.2520431602559684,0.05448481659954388,-0.37479434466287453,-0.34265211376423627
-0.3363260817839705,0.05441718312640583,-0.37528700789855407,-0.3426257552976519
-0.4312335999999478,0.054291465448860037,-0.3762060358985536,-0.34299342270305555
-0.3000395999999769,0.05450362300738849,-0.37465757020564133,-0.3428159275679189
-0.2777447561696007,0.05485459500467524,-0.37212224252903375,-0.34254814496957187
-0.30039680000001096,0.05515008841407374,-0.37001269852903435,-0.34237539355576224
-0.5886496453119437,0.05538634622987662,-0.3683422339523142,-0.34338059458333847
-0.9125580160399649,0.0021621676343056566,-0.40730814506853846,-0.34569432393885324
-0.34403374467836983,0.0021554395161389526,-0.408582296066746,-0.3456876009458958
-0.15179720647680545,0.0022077272457120024,-0.3988845453224013,-0.34490578483916556
-0.2093249525241397,0.0022851183997131723,-0.3853454486549646,-0.3443612835045671
-0.4571248401279658,0.0023023582130558998,-0.3824534142928687,-0.3448123377310607
-0.4317869982069639,0.0022756039920270206,-0.3869602862570083,-0.3451588503225982
-0.39697310275997055,0.0,-0.3957823250795851,-0.3453644624354449
-0.36068459857835006,0.0,-0.39099411414827356,-0.3454250163332429
-0.3933283199999535,0.0,-0.38835854948872045,-0.3456136120169701
-0.2983754599999905,0.0,-0.3920153835383203,-0.3454283643620016
-0.4016983999999547,0.0,-0.3911336088456799,-0.34564816918871233
-0.7536984799679818,0.0,-0.40184647906752546,-0.34723591358863165
-0.5808286838479355,0.0,-0.40154700943037264,-0.34814131192297004
-0.4015935999999768,0.0,-0.39292426944077263,-0.3483476914136148
-0.20634679999998295,0.0,-0.3908025574407722,-0.34780153413894704
-0.10565093260803349,0.0,-0.38692457609293307,-0.34687375405645315
-0.348646387711947,0.0,-0.392140386332452,-0.34688051983376417
-0.3055457999999765,0.0,-0.3916218221318114,-0.34672335359865475
-0.4015261677143317,0.0,-0.39313543377313903,-0.3469309400157595
-0.2815049951769838,0.0,-0.3910753195782954,-0.34668404965787736
-0.29266012000000985,0.0,-0.38709457028584937,-0.3464809521779606
-0.289833573119995,0.0,-0.38482549147483847,-0.3462687897095787
-0.4078099199999585,0.0,-0.383669953503318,-0.3464984207927517
-0.05428716726397846,0.0,-0.374507616339798,-0.34541213360491246
-0.2854054587526045,0.0,-0.3715910535148511,-0.345189886661015
-0.373775620064015,0.0,-0.36943591158349176,-0.3452953690720962
-0.7736202309143695,0.0,-0.37811607083829135,-0.34687009282886927
-0.4284599999999571,0.0,-0.37783678022545897,-0.34716895695770106
-0.30596397407996523,0.0,-0.3777716473325307,-0.34701857380851225
-0.3585432101759929,0.0,-0.3728576444559233,-0.34706048157712127
-0.27867599135997034,0.0,-0.3746225943604028,-0.34681271168503014
-0.18099174772800858,0.0,-0.36614000639368316,-0.34621408004619614
-0.730848082799949,0.0,-0.3740518244471228,-0.3475976555956701
-0.15587961566636838,0.0,-0.3649353252662105,-0.3469104941622317
-0.15616496271597588,0.0,-0.3619518485205297,-0.3462292601213522
-0.6086641628879776,0.0,-0.3699969077782893,-0.3471631921596676
-1.0002560060387928,0.0,-0.38415362949906545,-0.34947912412377796
-0.4027631999999698,0.0,-0.3877044478605049,-0.34966740707740407
-0.47040641689600227,0.0,-0.3908998420981055,-0.3500925444359203
-0.4042030279999879,0.0,-0.3929871591659464,-0.3502824057817591
-0.4808370453599926,0.0,-0.39484695439890705,-0.3507388905355292
-0.49026372220961456,0.0,-0.3918176623034212,-0.35122503977481173
-0.40185467999995805,0.0,-0.39123258131948824,-0.35140083713670456
-0.19413843487085164,0.0,-0.39007448681178586,-0.35085667657523106
-0.48213226565997896,0.0,-0.39299061048930606,-0.3513093510203509
-0.19102819999998633,0.0,-0.3881865024893068,-0.35075855668694755
-0.15318331403515795,0.0,-0.3852493767700104,-0.3500819291436195
-0.5172720510719846,0.0,-0.3900399226680581,-0.35065254389422823
-0.3030416399999891,0.0,-0.3900928194680576,-0.35049060204424787
-0.5154839999999484,0.0,-0.38862950656181783,-0.35104990169833494
-0.31869680057600147,0.0,-0.37675228225253854,-0.3509406006810298
-0.278819991359972,0.0,-0.3754480071861706,-0.3506977703466154
-1.1038302144143584,0.0,-0.39448866734492155,-0.35322506042737967
-0.6141511970663666,0.0,-0.4025851922357662,-0.35409772309172416
-0.482030744471997,0.0,-0.40308331032264677,-0.35452416649632507
-0.7474563866639832,0.0,-0.4093966980917872,-0.3558295891546893
-0.6274912545279722,0.0,-0.41400706112714725,-0.35672913109301146
-0.7834576133999633,0.0,-0.4224625214235795,-0.35813747591910705
-0.7924500907199893,0.0,-0.4304449568379802,-0.3595661358362152
-1.2185694695119444,0.0,-0.44884883702821926,-0.36238254020892247
-0.3583768364319918,0.0,-0.44798240575686,-0.36236944967370377
-0.8490813080383894,0.0,-0.4498900623182682,-0.3639548303198428
-0.5614087236155711,0.0,-0.4495016631136209,-0.36459591438898475
-0.45606795907199715,0.0,-0.45059115029506125,-0.36489194042355766
-0.6396000787199975,0.0,-0.4592562158694616,-0.3657780957083849
-0.7458284442495887,0.0,-0.47205976610229267,-0.3670001225525688
-0.5161344276479702,0.0,-0.4754095269010131,-0.3674781171201823
-2.4840174900822465,0.0,-0.5189789607026585,-0.37424022374306426
-1.8892323089199077,0.0,-0.5487330835267701,-0.3790650393009523
-0.5621264587519781,0.0,-0.5543455127982699,-0.3796461866642889
-0.6384946070159765,0.0,-0.5612622025385893,-0.3804653272350221
-0.6259500513599927,0.0,-0.5679845321033893,-0.38123972699566866
-0.7120080950400101,0.0,-0.5740684956041903,-0.38227987909643707
-0.31266599999999123,0.0,-0.5792360722589105,-0.3820616537701159
-0.3873337999999519,0.0,-0.5812746390838575,-0.3820781292270842
-0.29473200000000876,0.0,-0.5796937666825773,-0.38180602290550447
-0.3337737303599908,0.0,-0.5708968366714898,-0.38165685429511464
-0.5925771417215783,0.0,-0.5741791795059222,-0.3823098582809551
-0.2794655907839822,0.0,-0.5736492118400025,-0.38199243770226077
0.7767389067296792,0.027423427919900795,-0.550943569501889,-0.37842711048862404
-0.3068450989951898,0.02739618147745326,-0.5515069516545935,-0.37820753376625155
-0.4561417998728063,0.027132863683885077,-0.5570099526974894,-0.3784458648552624
-0.31640400000000224,0.027531443683352468,-0.5487210710414905,-0.3782567128282646
-0.23645006425942036,0.027453042937027543,-0.5503324800133516,-0.377825689580335
-0.26855279637498686,0.02734442450792259,-0.5525802366865318,-0.3774945596009249
-0.49527771946394694,0.0274540119220324,-0.5503125078180511,-0.3778503999630488
-1.3050388574399356,0.027161412384309597,-0.556408164846074,-0.38064313628075025
-0.410836399999956,0.02715374666764023,-0.5565696288460737,-0.38073380674236956
-0.3124200000000066,0.02730454948915729,-0.5534099005081538,-0.38052927438685347
-0.21409692699595934,0.027488246907878523,-0.5496077784880733,-0.3800324614095672
-0.3873705999999931,0.027579471862349648,-0.5477384495808733,-0.380054301107753
-0.2947536000000042,0.027772264938426477,-0.5438282471366811,-0.3798011833003116
-0.3322559769599698,0.027841548590902862,-0.5424362730758813,-0.3796605170093638
-0.30672837782399354,0.02772964032556924,-0.5446880719349442,-0.3794453779557197
-0.2944535245519842,0.027916686195635178,-0.5409344971127843,-0.37919540191629697
-0.08441047112796381,0.02802407264488032,-0.5388021425353438,-0.37833092997850126
-0.08226133948718947,0.02809596470978698,-0.5373837030443844,-0.3774652294215091
-0.262901116632,0.02835687714380397,-0.5322962843555847,-0.3771312232617729
-0.16304849244001,0.028502548382063016,-0.5294964214043851,-0.37650888974194224
-0.18907744146716804,0.028848077285175595,-0.5229682902337295,-0.3759656101817255
-0.1663883520223915,0.029012191554690314,-0.5199221212626574,-0.37535989556276783
-0.36289919078395977,0.028921365001951884,-0.5216037052511371,-0.3753239857507252
-0.21895770275998802,0.029906721154292264,-0.5039062550180496,-0.3748746573513266
-0.2956594483506135,0.03027801636449326,-0.49753642004373455,-0.3746476796751067
-0.46117279041120507,0.03030265432406127,-0.4971192609625188,-0.37489489427720984
-0.14424761669199265,0.031032945852806356,-0.48505508556307897,-0.3742377795262548
-0.593781339707706,0.031074797630364887,-0.4843808872666736,-0.3748614828222248
-0.19105059999999177,0.03182915751330061,-0.4725327469986742,-0.3743407721060146
-0.28187199999998647,0.03250933194743331,-0.4623211851842741,-0.3740795608853761
-2.24609416501118,0.031168894201265347,-0.4828716790942589,-0.3793528414603783
-0.19857167999998782,0.03137005922022769,-0.4796755759656188,-0.3788450292090851
-0.10990400861436292,0.03233536903498668,-0.4648920299771382,-0.378091693016943
-0.19118159999999595,0.03284153677965674,-0.4574874875048267,-0.37756959778505206
-0.14805416692127693,0.03327488310060999,-0.45132721166181233,-0.37693027903612797
-0.17547409465441757,0.033949901927824995,-0.4420446919805008,-0.37637067852395656
-0.11769403860476968,0.034908297311171635,-0.4294820038676043,-0.37565412273470666
-0.24857101295999584,0.03533317408400464,-0.42413073557384484,-0.37530306442041195
-0.15286718713599148,0.03952442250456627,-0.37750772951491973,-0.3746902934086091
-0.36507043849598586,0.04284755461987173,-0.3470244921064413,-0.3746638652357722
-0.33475729647357466,0.04339179423612345,-0.34247710886087324,-0.3745545321706703
-0.8013851056127732,0.04300050146745433,-0.34573491883280916,-0.3757207359232444
-0.15037798761598545,0.044163222563204804,-0.33622347755792903,-0.3751067229850774
-0.24203896697903787,0.04537571348015159,-0.3268240949967096,-0.3747451258220175
-0.20130637349981842,0.0456728350241604,-0.3245969024667062,-0.3742751021029872
-0.2418025992479984,0.046067046618780194,-0.3216862784516671,-0.3739170683114873
-0.12206761136878586,0.04654367373401966,-0.31823299067904265,-0.37323822880490315
-0.14064358531197643,0.04708861739590205,-0.31437038777808235,-0.37261297438691143
-0.12439018075200696,0.04846418228948079,-0.3050066485586909,-0.3719474977283728
-0.6503834344184569,0.047367936292922116,-0.3124250054313804,-0.37269197884251737
-0.06265433932797745,0.0,-0.3292128703525335,-0.37186521180381193
-0.1920345284231743,0.0,-0.32691665894109323,-0.3713869387097145
-0.2982361200000264,0.0,-0.3237585453436376,-0.371192904707832
-0.19118159999999595,0.0,-0.3212540973436375,-0.37071668432500704
-0.12355934401437992,0.0,-0.31899628293873666,-0.3700645541394909
-0.13424750406398495,0.0,-0.31631017709251663,-0.36944398295508174
-0.2742049799999833,0.0,-0.31188872230323733,-0.36919401181871664
-0.19030000000001018,0.0,-0.2895939451544389,-0.36872570288725404
-0.08076727424797814,0.0,-0.2829925626393993,-0.36797385320412274
-0.3643136383039834,0.0,-0.2840304354054789,-0.367964321394487
-0.16754399351999047,0.0,-0.2830993767359595,-0.36744374911429345
-0.5105017258563029,0.0,-0.2855619992530857,-0.3678143656343505
-0.11160208092000382,0.0,-0.2818989688714857,-0.3671523183870266
0.6418298968712058,0.04663548927131545,-0.26241725139486216,-0.36455184876007235
0.10513551714561542,0.05551184657508794,-0.25417997349546995,-0.3633444262256105
-0.18857393275774167,0.055952111328201486,-0.2520623816595851,-0.36289629675518004
-0.22923235875916886,0.05535165585644422,-0.2549588194122092,-0.3625544452513539
-0.1841369744752008,0.05493692646827884,-0.2569963321119695,-0.36209929864223106
-0.48365489793596084,0.05405923493008985,-0.26141140773804866,-0.36240860042160444
-0.3407012938055698,0.05337301520144386,-0.26496446376535987,-0.3623535057347617
-0.3289818292319987,0.05284474708037968,-0.2677625515206565,-0.3622690204777927
-0.3242145560639945,0.05226122136936308,-0.27091907560148853,-0.3621729233454346
-0.20060800000000445,0.052861444929552526,-0.2676732517858094,-0.36176595880300283
-0.5944884770879827,0.051492984839546015,-0.2751838672723693,-0.3623506887484425
0.3690104691208296,0.07853178535661114,-0.26189046892294043,-0.3605177033903741
-0.3243828960000114,0.07929507769802006,-0.25915467103471657,-0.3604273663718982
-0.12056779754878458,0.07942872105324357,-0.2586810746518524,-0.35982921283368596
-0.27198018799999324,0.08129059667547625,-0.25224505161769817,-0.3596106829211643
-0.095943492119993,0.0818576945062427,-0.2503429094600982,-0.3589564219018066
-0.2877845493367964,0.08182220902679305,-0.2504611604468344,-0.358780253900408
-0.19335999999997922,0.0963185752255152,-0.20940647714661037,-0.35837180882904895
-0.6411356098752177,0.09277483839882873,-0.218257755744115,-0.3590682713932021
-0.31106042553600044,0.09124890026139058,-0.22228088408254773,-0.35895031599797556
-0.38728544000000964,0.08980884865384353,-0.22620296088254796,-0.3590197648313138
-0.06284593865597851,0.0904289365843494,-0.224498796317242,-0.3582956234470221
-0.26780753880000485,0.08975738121944632,-0.22634546520015378,-0.3580749208015416
-0.18836849371197165,0.08925005614186665,-0.2277589543022978,-0.3576620097867251
-0.28779301944,0.08897097413240514,-0.2285433944318979,-0.35749242485869903
-0.1738481254359996,0.08882240077059046,-0.22896301319789805,-0.35704776553806294
-0.2476056109439817,0.08966065830725152,-0.22661371664685795,-0.3567834125076425
-0.9930016930039613,0.0851571063233207,-0.2397786045774657,-0.3583164686052239
-0.4067538267119799,0.08780108202149525,-0.23188597899944985,-0.3584329045622114
-0.33659026763597016,0.08653332286134394,-0.23561022459984954,-0.35838052413792787
-0.13293718627199214,0.08727162387982755,-0.2334281889857086,-0.35784118600906195
1.1076863158817147,0.17667632677950396,-0.20724833519807795,-0.354343507006936
-0.21026240230399532,0.17712018268274465,-0.2066175312591979,-0.35400045675764324
-0.23073836553438093,0.17560020594971013,-0.2087909463425098,-0.3537076726929799
-0.7065154679277115,0.1680889346729469,-0.22010838399482452,-0.3545437101224461
-0.3127474217454265,0.16572926165139767,-0.2238755288146929,-0.3544449009300655
-0.11341618055999333,0.17263826240508046,-0.21313618373752363,-0.3538764369669285
-0.4170562310559902,0.1680153751663759,-0.22022422157208388,-0.3540250953059616
-0.28787401943998303,0.16680744965493413,-0.22214101139242004,-0.3538698110903138
-0.12350505696800423,0.1690229014282854,-0.2186463901317796,-0.35333031517902025
-0.2407521099023825,0.1683884295582534,-0.21963780032982735,-0.3530672819891216
-0.209314633980004,0.16730199027470852,-0.22135290612913983,-0.3527321942315246
-0.2954166231839872,0.165297607353106,-0.22457628851153988,-0.3525989022058327
-0.8041375885607858,0.15903283632596651,-0.23517494068275593,-0.35364655577046133
-0.17808699361599473,0.15917186580084208,-0.2349306805550756,-0.3532401678951037
-0.27010236729200565,0.15704348885525665,-0.2387173824159562,-0.35304816373666703
-0.15404398848000417,0.15941074528716975,-0.23451198941947657,-0.3525896287706379
-0.19395383819616002,0.15910950659403594,-0.23504018631299994,-0.35222494879230576
-0.18033966038956584,0.1629592656322044,-0.2284369450036652,-0.3518307164794554
-0.21156339009837655,0.1617741755162177,-0.23043617118723264,-0.35150973861588314
-0.08449067112799143,0.11437720272834631,-0.2449625825472166,-0.35090010604170985
-0.1003679738879869,0.10600587697821738,-0.24907265236788867,-0.35032941781356924
-0.14745118727036752,0.1063197359916592,-0.2482501974581412,-0.3498683309259711
-0.17119655548799087,0.10676585522094963,-0.2470894813927176,-0.3494631795077444
-0.27639526000000736,0.10605841205762276,-0.24893464710321375,-0.34929786747265895
-0.23409417118318884,0.10799407602564715,-0.24394343256815834,-0.34903781398216355
-0.16654299227197605,0.10938729593188569,-0.24046026653748645,-0.34862678960894244
-0.29445759999997667,0.10966776083691837,-0.239769781952846,-0.34850506109296725
-0.2035651086871725,0.11065927933620912,-0.23735679300530957,-0.3481800836212054
-0.18388919567998657,0.11079809357336676,-0.2370224169189092,-0.3478125424848715
-0.510391257023995,0.11150165808309864,-0.23534047251762943,-0.3481754414012535
-0.08425007112801983,0.08310990164456716,-0.24440568332260643,-0.3475876343405113
-0.8051872929224002,0.08021611805486911,-0.2540217712610542,-0.3486045224706933
-0.5185894341503934,0.07796876056262152,-0.26198220399308636,-0.34898142914847535
-0.12710558041599068,0.07877204290654728,-0.25908471184140636,-0.34849055337694335
-0.20167919999997766,0.07818415336660182,-0.26119942599900603,-0.34816646650414645
-0.49785872688639127,0.07704179851175186,-0.26540090954999795,-0.34849618513934966
-0.08841637563518343,0.07760826425535172,-0.26330203706270205,-0.3479245811624174
0.19855683749762232,0.09582426985371999,-0.2465081881152452,-0.34672615699868925
-0.5289968764079955,0.09431638386055292,-0.2508669171326851,-0.3471249988354711
-0.1296141834399868,0.09610440388718758,-0.24571349200148468,-0.3466500843913761
-0.17052719251200188,0.09534900639663794,-0.24786711707860512,-0.3462663743872817
-0.35694101010958446,0.09473264895122153,-0.24964978650479672,-0.3462895801171128
0.0013694794400319343,0.09614541451026398,-0.24585502704175663,-0.34553543899009076
-0.2669678559359871,0.09629286016388086,-0.24543852377167638,-0.34536537928651045
-0.15581438871996692,0.09642090790467253,-0.24507784903735572,-0.3449559818986777
-0.29581174184959785,0.0960793812671958,-0.24604197165546807,-0.3448500675882271
-0.38001800781477213,0.10061091376736463,-0.2337822979516843,-0.344925697567209
-0.45296798554223855,0.10025442603172288,-0.23470658112828943,-0.3451575479705889
-0.15323461585198428,0.10168388228138309,-0.23103946809260972,-0.34474657809453185
-0.17845520543638,0.10132522969849121,-0.23194982847589748,-0.34439125464868114
-0.3485586023999855,0.015084608842196399,-0.2610747268415315,-0.3444001402515624
-0.08909322246000193,0.015223789545737235,-0.2586513432446516,-0.34385693404349527
-0.12430911799197913,0.015348175272483664,-0.25652275829380355,-0.3433908027992245
-0.48153605068797933,0.015617919874489234,-0.2520231699490089,-0.3436834834091583
0.9068640364084096,0.08862591700942622,-0.22763094078593224,-0.341039619730897
-0.28746142030398425,0.08740774824757058,-0.23111184558081205,-0.34092658555489086
-0.2953036843007934,0.08825635919316192,-0.2286767946457081,-0.3408305373417244
-0.23096638387199014,0.0886586799549069,-0.22753864193434825,-0.34059973029661994
-0.6352405776879831,0.08516747588537192,-0.2377733523487478,-0.3412174259934571
-0.1529623058879922,0.08574673124891048,-0.23601755626846,-0.3408235868300566
-0.3330333295919987,0.08493266027894089,-0.2384919301806999,-0.34080732324500845
-0.8837650054559928,0.08126372014320733,-0.25025889782614,-0.341938485082948
-1.573333031452811,0.07691956945098707,-0.2656428066839805,-0.3444985569049228
-0.20358483999999683,0.07678350555076598,-0.26615276361166057,-0.3442062047951615
-0.17652359395199668,0.07728524297433426,-0.26428118814486035,-0.34385903582861255
-0.18154128254266005,0.07713713287881771,-0.2648311340261135,-0.3435236685697572
-0.26977859999995824,0.07673163959981423,-0.26634762926218947,-0.3433716168819844
-0.30512027430000616,0.0760735426583715,-0.2688432415403983,-0.3432929104157664
-0.14582998319999668,0.07641880935120142,-0.2675285734024307,-0.34288744239273605
-0.1666299908800004,0.0759878560668088,-0.26917135979747087,-0.3425262590904559
-0.2446659736910351,0.07524243446183952,-0.2720573197935318,-0.34232613580743043
-0.16775588783200035,0.07513871557916525,-0.27246341380476446,-0.3419698699952357
-0.05525312817358055,0.07573484461342563,-0.2701445452584763,-0.3413859255108739
-0.5153266572607687,0.07451653892690319,-0.2749231732036915,-0.3417394635835363
-0.5152128654000157,0.07313237754179423,-0.28054554708802804,-0.34209133660953317
-0.12179425262641064,0.07334925821939121,-0.27965057229511675,-0.3416453910953973
-0.20159645137630455,0.07380345189972153,-0.27779334932264327,-0.34136246394444963
-0.14114350306560913,0.0741119371546133,-0.276544917210212,-0.3409587966846133
-0.16437327472797256,0.07420891397174888,-0.2761545987911717,-0.34060349382353355
-0.061987746030377794,0.07650915377166286,-0.2671865285712994,-0.3400440244504549
-0.16920839011198213,0.07606244526069338,-0.26888569495097864,-0.3397016684698167
-0.21102516933046386,0.07930051259515217,-0.2570024524791399,-0.33944431547153797
-0.30085502039999656,0.08055724352270673,-0.252647764204132,-0.339367290930477
-0.49404164392959526,0.07846174390376762,-0.25998648547440406,-0.3396754071715111
-0.14753498631997863,0.07876406801224879,-0.2589036012008041,-0.33929341826325754
-0.3531689198111935,0.07958352065203939,-0.2560098050593001,-0.33932094902029714
-0.30195669240000483,0.07838002899232117,-0.2602806113945966,-0.33924696039332625
-0.3217612652543952,0.06288581252335201,-0.27068697344963694,-0.33921240368356553
-0.27074532412398916,0.06403076318175853,-0.26552194240395677,-0.33907736013413836
-0.29284961977598273,0.06330227101004303,-0.2687866511306767,-0.33898636064524434
-0.3020191999999761,0.06272738950547675,-0.27141649128043616,-0.3389137336105778
-0.38092213899999205,0.06262366823774544,-0.2718961138582443,-0.33899610303291
-0.19563967999998017,0.06169697584875089,-0.2758362970470446,-0.33871556208764003
-0.30456270842400146,0.06153957590174136,-0.27658819409680485,-0.3386488572953283
-0.23744475809999435,0.061200560459689315,-0.2782208014844054,-0.3384515783495284
-0.30820679999995887,0.061149409468256234,-0.27846870264741264,-0.3383927363683035
-0.21143500503998877,0.061852516181641254,-0.2750970425919169,-0.3381462165016466
-0.14757298631996726,0.06316827450940107,-0.26898914260747153,-0.33777688853617827
-1.0748355012263822,0.059357812751794435,-0.2874211603149595,-0.33920253382184595
-0.2792496172799917,0.05896877275364856,-0.2894370485518317,-0.3390867946007227
-0.4045675049199772,0.05875478927377099,-0.29055722660223154,-0.33921296167262877
-0.20888903999999672,0.05830227916869269,-0.2929531429530315,-0.33896233874633525
-0.16268053167199578,0.05815880733635327,-0.2937205712266318,-0.3386239859496475
-0.25489897111678794,0.05901659225542283,-0.28918782963520795,-0.3384635932009255
-0.2901696195839938,0.0,-0.31312850275505605,-0.3383712529072029
-0.35091561545598526,0.0,-0.3143975866580961,-0.3383951925303876
-0.1736879919359952,0.0,-0.3119652728108001,-0.33808146452925536
-0.1483999899199875,0.0,-0.31031394493176007,-0.3377208533607967
-0.2694977999999979,0.0,-0.30299908937800035,-0.3375913978515732
-0.2788766278727933,0.0,-0.30551737581769634,-0.3374801956357043
-0.3618601085688383,0.0,-0.30609391139723313,-0.3375262824276384
-0.22353500455997702,0.0,-0.29288931137931284,-0.33731120454486924
-0.18354911666880638,0.0,-0.26509363308363276,-0.33702163375790867
-0.3582915586879989,0.0,-0.26818776745739276,-0.33706161481980734
-0.30430933900796997,0.0,-0.27074348235851226,-0.3370001658970834
-0.12737411056239645,0.0,-0.26966013891890694,-0.33660760774102594
-0.14997058369033356,0.0,-0.26726397859271445,-0.3362587534904639
-0.128881956320005,0.0,-0.2637392122331145,-0.3358718564808175
-0.14354617942921324,0.0,-0.2636935361576988,-0.33551370810641973
-0.1608370089695778,0.0,-0.2635776765194904,-0.33518903022698326
-0.06884380755200299,0.0,-0.2600612331967097,-0.3346948832461391
-1.23011006358238,0.0,-0.28130831671171724,-0.33635305950602107
-0.15871438564799017,0.0,-0.2833775418612055,-0.3360247070589637
-0.14130898823999188,0.0,-0.2758971884807899,-0.3356654529652017
-0.20243223523326276,0.0,-0.2696415758774549,-0.3354200879233381
-0.11521997599999517,0.0,-0.26951009034492657,-0.335015308305832
-0.08385772699199817,0.0,-0.26715531585724045,-0.33455446870709105
-0.16317520705677344,0.0,-0.2675959499370637,-0.334240587275497
0.2748234325200123,0.020795657248739993,-0.25881201579210406,-0.3331271247164559
-0.19590255482557675,0.020587044188738662,-0.26149031196800804,-0.3328767149173849
-0.12396717889920354,0.020657051402080844,-0.26058548774375245,-0.33249618752937365
0.048923884240008375,0.0247266111939503,-0.255386506672343,-0.331802696489793
-0.439054604832793,0.024468343709857197,-0.25815049836099896,-0.331997346051214
-0.1452323567040497,0.02513085565060571,-0.25117431261648804,-0.33165900367920825
-0.09412345283997575,0.02523548361526471,-0.25010608194688794,-0.331229463804273
-0.14596916417439038,0.025649748192281156,-0.2459620868341519,-0.33089505893129484
-0.37532003839998457,0.02550152294751134,-0.24742935375415148,-0.33097510393934654
-0.25044961036799485,0.02564557948479233,-0.2460031206564235,-0.33083027391493763
-0.19445997177597718,0.025801496095227694,-0.24447741360946323,-0.3305854439290508
-0.35661640703918995,0.025671036312999853,-0.24575274935472738,-0.3306320944005744
-0.35157723599999546,0.02557055357962095,-0.2467439100747278,-0.33066956334797937
-0.5408578165615587,0.02525157046056242,-0.24994262362595912,-0.3310448995144322
-0.4111107488399843,0.024834200333357342,-0.25425204500275916,-0.3311876193884528
-0.1870868941199764,0.025060026358336082,-0.2519025287166787,-0.3309312124039893
-0.5221452598079739,0.02451967251629146,-0.2575965387508383,-0.3312708465912078
-0.6963480960479855,0.02381945940236255,-0.2653593646717988,-0.33191814667889713
-1.1850913012556596,0.022227192012015607,-0.28483249059611226,-0.3334281876604489
-0.5822697492239972,0.02158305573053422,-0.2935264258541928,-0.3338678370625046
-0.11163945190397798,0.023064063264290564,-0.2742625048677448,-0.3334758998752762
-0.2550643334359729,0.02310387082622671,-0.2737787991908644,-0.33333785134281263
-0.2864359757599878,0.02330029996292496,-0.2714161686076646,-0.33325542273897635
-0.23332140849598526,0.02325940032927116,-0.27190481597758437,-0.3330800999069711
-0.4048034279839623,0.022861717310654197,-0.27674727390382364,-0.33320570993862964
-0.45420259489197046,0.022544426813038514,-0.28073334637932734,-0.3334172429542823
-0.41784608784680927,0.02234575379436142,-0.28328687574458367,-0.33356458823332685
-0.2079805457343982,0.022568406783910554,-0.28042817435015194,-0.3333458007028409
-0.26668040000001586,0.022423049468782045,-0.2822880225114323,-0.33322986087553164
-0.1857629954399973,0.022365172928523292,-0.2830352826218325,-0.3329738420119283
-0.14701828283998952,0.022556022889333883,-0.2805856922786324,-0.3326515620133634
-0.29557638000001496,0.022529809456853567,-0.2809196873211768,-0.3325874180998455
-0.2206999232927809,0.022753325364807713,-0.27809648361565564,-0.33239417544905614
-0.937341500183918,0.02166638515690559,-0.2923726135281345,-0.33343718807790934
-0.12695358036796717,0.0217487604496528,-0.29124070280211767,-0.3330817946050867
-0.22465638473594746,0.02194577579461869,-0.28856799932307664,-0.3328954966499851
-0.2261584018719902,0.02206265485769812,-0.28700498058035706,-0.332712414154654
-0.08865896817598695,0.022121017851368514,-0.28623067773262884,-0.3322945144183892
-0.2958372000000015,0.02190271829421206,-0.28914801005882224,-0.3322321942228022
-0.3869309999999989,0.02152690198160193,-0.2943089909324221,-0.33232553689477695
-0.08326857040798108,0.021613529738855355,-0.29310343875199746,-0.33190124904726964
-0.2735067999999947,0.02145216887276085,-0.2953568345726058,-0.33180193875977426
-0.21121239999998473,0.02125168813361362,-0.2982042064215655,-0.3315972027007594
-0.23113300470400466,0.022743081029456196,-0.2782246652439979,-0.33142692439906996
-0.37215965279995916,0.022407099583595266,-0.2824935705870373,-0.331495846105332
-0.29587950251997297,0.022169923813590064,-0.2855849808726369,-0.3314356833627892
-0.16805899016000575,0.02222223158615497,-0.28489751597117174,-0.3311601746052803
-0.22376300455998976,0.022057890030429732,-0.28706837654237166,-0.3309793712887057
-0.2911202870000175,0.021750738520147816,-0.291213627742532,-0.33091238123107763
-0.2905579999999679,0.021566172532101763,-0.293761283601396,-0.33084467253773686
-0.1968280964720095,0.003216848156593531,-0.3031943141812364,-0.3306201891607424
-0.16126220397118182,0.0032241918203837596,-0.3025015071641485,-0.3303369818276494
-0.13454533927997445,0.0032219457244095613,-0.30271307037176387,-0.3300101176497735
-0.46878760665149355,0.0,-0.31306730018959394,-0.33024141346477637
-0.21625108176158675,0.0,-0.3086112297281698,-0.33005174569155976
-0.29129994239996476,0.0,-0.3115325814420881,-0.32998737392529465
-0.3362373343440039,0.0,-0.31637485907216867,-0.3299977387021084
-0.40349677119598565,0.0,-0.3215254112126006,-0.33011942584199894
-0.19760279999997765,0.0,-0.3179710664446005,-0.32990039009680555
-0.34592833866236805,0.0,-0.3198806410104879,-0.32992683885681473
-0.3802350316799422,0.0,-0.3235961422085672,-0.33000971891088904
-0.49442889839994175,0.0,-0.32635239203578226,-0.3302801451929434
-0.4903197243360113,0.0,-0.3291272418025025,-0.33054293596329326
-0.18256352130157918,0.0,-0.32196135589730296,-0.33030034675892983
-0.2658711999999808,0.0,-0.3190565649205029,-0.3301948980735633
-0.3058175999999592,0.0,-0.3214311790381026,-0.33015506588716853
-0.209168697815989,0.0,-0.31517164779826284,-0.3299576982394178
-0.15146491599599626,0.0,-0.30427398419722307,-0.32966699338234384
-0.23114134649919987,0.0,-0.2851949851020939,-0.3295067890784688
-0.23544176356799912,0.0,-0.27825842538897394,-0.3293540861149778
-0.12577878051199617,0.0,-0.27854121196113424,-0.3290241423457671
-0.10623956112000363,0.0,-0.2755647165148149,-0.3286636494958873
-0.3128594028461037,0.0,-0.27609318505653724,-0.32863811759499906
-0.0912965745119724,0.0,-0.27325268837685696,-0.32825530865454255
-0.28511699999998275,0.0,-0.27085895981717734,-0.3281858427790924
-0.14230772016143836,0.0,-0.2646210623225667,-0.32788700335366205
-0.2544256087359936,0.0,-0.2613526527403504,-0.32776908779247804
-0.20385823999999675,0.0,-0.26127020662566236,-0.3275705127158875
-0.567374462975986,0.0,-0.2672840878851818,-0.3279541990363037
-0.5571614983495953,0.0,-0.2747120579433738,-0.3283203448818521
-0.15953916851197927,0.0,-0.27496247565681353,-0.32805115640279325
-0.11357368091998296,0.0,-0.2713224216752129,-0.32770963176030465
-0.2804209233695667,0.0,-0.2725168416767486,-0.32763445098384886
-0.40864717336796264,0.0,-0.26194295514042953,-0.32776304260668077
-0.5326051297420853,0.0,-0.2700559861279119,-0.3280876734896212
-0.3151614652287879,0.0,-0.27186608773776866,-0.32806722062844895
-0.3683807869463622,0.0,-0.2747105354392561,-0.3281309071471187
-1.0768525759999852,0.0,-0.2944744075957361,-0.32931185615161845
-0.32875169236000057,0.0,-0.2951326974429361,-0.3293109740039151
-0.38198820000000155,0.0,-0.2950338414429361,-0.32939379983095296
-0.14566638732798018,0.0,-0.2962817977813361,-0.3291053737516705
-0.41018184871998975,0.0,-0.299015298755736,-0.32923245286604086
-0.23667259255998058,0.0,-0.2995245026069359,-0.3290876017544508
-0.127513714299997,0.0,-0.2974521167988558,-0.3287726425553032
-0.5729811130943854,0.0,-0.30146854600474426,-0.3291536230085623
-0.37576754259999473,0.0,-0.3030663068063447,-0.3292262303599508
-0.6132108504959908,0.0,-0.3119693440130644,-0.3296678860677829
-0.057959949599969474,0.0,-0.30865328291386407,-0.32924597933413724
-0.37843460000000284,0.0,-0.31039956917386374,-0.3293222407615262
-0.15115598982397146,0.0,-0.3076115289703438,-0.32904644161146807
-0.739273798917002,0.0,-0.31846044301924364,-0.3296804869859743
-0.40132010110396765,0.0,-0.3232616009618994,-0.3297910419460329
-0.6496266507640043,0.0,-0.33356322719157994,-0.33028385490260914
-0.23192338382399322,0.0,-0.32882594273502996,-0.33013253110094976
-0.2698758400000234,0.0,-0.3298984378997987,-0.3300399708995658
-0.5811815477887996,0.0,-0.33569607000757534,-0.33042515736718736
-0.301459536799183,0.0,-0.33500051405667897,-0.33038079960215216
-0.16872054994878283,0.0,-0.33030498963173494,-0.33013361267607666
-0.1954543319400325,0.0,-0.33026202027053597,-0.32992799545357887
-0.14415996159999894,0.0,-0.32622665272928864,-0.3296448124751435
-0.2268185845919617,0.0,-0.323158323787529,-0.3294883037569043
-0.1442622822159868,0.0,-0.3161549914638499,-0.32920680524392415
-0.13624611787843807,0.0,-0.30907351933469845,-0.32891399691711765
-0.29649735599997873,0.0,-0.31135219602866643,-0.3288648807945159
-0.37894179999996647,0.0,-0.31361360802866617,-0.3289406401276558
-0.31583952991357067,0.0,-0.3138140466269384,-0.32892084993095777
-0.057749949600013645,0.0,-0.3107856716626189,-0.3285118440481057
-0.19403119894399673,0.0,-0.3116369973215789,-0.32830931295608146
-0.09265370590000538,0.0,-0.308867244509595,-0.32795494362216254
-0.27050771999997814,0.0,-0.3095685636382346,-0.3278686865296367
-0.0910773670719986,0.0,-0.30887453536943466,-0.32751367705518747
-0.28859644799996964,0.0,-0.31252167310703394,-0.3274554177302545
-0.5046513674080118,0.0,-0.3163575123982721,-0.3277202846206547
-0.1837199711999806,0.0,-0.31820598033203223,-0.32750535877972836
-0.319083636772783,0.0,-0.3188853130674883,-0.3274928077782277
-0.05396429859918492,0.0,-0.3171184446362432,-0.32708577130623506
-0.17049687485759857,0.0,-0.3154398699586753,-0.32685309835460263
0.09179302677600623,0.005896212054634292,-0.3095268446231552,-0.32623196167043256
-0.17105544310954746,0.006050233230856698,-0.3016004642258265,-0.3260020705318239
-0.1914335976960006,0.006199681150358464,-0.2942859062127546,-0.32580300474360524
0.26097755254943844,0.024085576421950895,-0.28587557179152623,-0.32493626832219746
-0.45500175550402766,0.023536903852637535,-0.2927041332832071,-0.32512810532394054
0.25843215360004546,0.041557055408961346,-0.28192707174381487,-0.32426866458914827
-0.20759040000000512,0.04213302671370469,-0.27790593627645577,-0.32409707890592887
-1.4647523059567646,0.03958913911906582,-0.29654887980074934,-0.32577204987076125
0.24048332940803666,0.056315462197972746,-0.28543598390801284,-0.3249417633908803
-0.2052688200000043,0.05692946598183962,-0.28217374456908567,-0.32476654678269457
-0.816332696311957,0.05793840513337522,-0.2769633469753251,-0.32548521074399467
-0.35553997516797814,0.05783301312245951,-0.27749911263148463,-0.32552908631249683
-0.39395399999999686,0.057786060364628994,-0.27773842863148457,-0.32562883108463603
-0.2881572680000247,0.05723274189144496,-0.28058824624492545,-0.3255742873246875
0.774792325562917,0.1123963630769271,-0.2568887627592673,-0.323974917247816
-0.29401919999996134,0.11195270714559417,-0.2580356949080669,-0.3239314401545681
-0.19707839999999346,0.11141920620405608,-0.2594269886220668,-0.3237475951688368
-0.3472930177826202,0.11316884049044541,-0.25491322671583155,-0.32378166958651233
-0.229993403120008,0.11432845432440697,-0.2519977439262318,-0.32364613740953757
-0.20777199999998322,0.11768229578477796,-0.24388896691631168,-0.3234789308620491
-0.0946681683199754,0.11737056095643468,-0.24462313129071178,-0.3231492323569452
-0.2056506999999744,0.11885247283034141,-0.2411674532907112,-0.3229801697204604
-0.11876716428798823,0.11913443603544285,-0.24051967677999156,-0.3226867602298965
-0.39481959999997507,0.12221801974246682,-0.233630592801651,-0.32279025067432987
-0.2933551999999832,0.12321765711393534,-0.2314712947795713,-0.3227480801146245
-0.07892525807036574,0.12878568195635823,-0.22005726692569855,-0.3223992634879517
-0.031867916115206146,0.13085855076681216,-0.2160561575715228,-0.3219842187059907
-0.5555423470464183,0.12791855517417708,-0.22176948771245072,-0.322317397205763
-0.38035153999999816,0.12997142655101177,-0.21775288755667468,-0.32240006692484313
-0.2966499999999771,0.13002139750844183,-0.2176566968206906,-0.32236343809564705
-0.29513802000001516,0.12872056445674762,-0.2201850462217152,-0.3223247656267612
-0.19352498199997384,0.12874022180345254,-0.22014645922291404,-0.32214207089821256
-0.3033856000000129,0.1271378845282685,-0.22333097199091434,-0.32211550365897995
-0.23461678444799305,0.12706043275322132,-0.22348693598803496,-0.3219917430943251
-0.18002997551997113,0.12670639343515147,-0.2242022898541146,-0.3217912321231749
-0.5402766489535888,0.12284001570968332,-0.23228290047561767,-0.32209939209049565
-0.5285727226079737,0.12072402231080287,-0.23692440780777754,-0.32239019959826676
-0.3982247994239897,0.12055148122002471,-0.23731006779625802,-0.3224968586697516
-0.20394560000000067,0.12155961951807279,-0.23507218919798661,-0.32233035409296823
-0.27014960000000054,0.11966009813232047,-0.23932018220598636,-0.32225716930461906
-0.15103406598400088,0.12003982024811326,-0.2384602395467864,-0.322017361036663
-0.8229522531400184,0.11390073045655762,-0.2530662104915867,-0.322717969277367
-0.2714988599999793,0.11389282531625225,-0.25308603329158674,-0.32264643420854383
-0.6097482640799763,0.10990126548939164,-0.26345945123174624,-0.3230468551707076
-0.6023194150079392,0.10761990809366692,-0.26973391057190566,-0.3234358141676954
-0.11454180753276919,0.11047145814896278,-0.26193171937440085,-0.32314528008336313
-0.31397300407996764,0.10950270200558757,-0.2645367800320006,-0.3231325408111361
-1.6697639329679002,0.1003751308439554,-0.29155038595590294,-0.3250002681234202
-0.6390617558077123,0.09687707253146753,-0.30325233510007343,-0.32543525633350917
-0.47394562150395725,0.09515718657251317,-0.3093213100330006,-0.3256406648607159
-0.4007375999999827,0.08772998719751506,-0.3191719225685204,-0.3257443899092508
-0.3102879999999821,0.0870372402414482,-0.3219565737063291,-0.32572307075075524
-0.39275036000000607,0.0860547224866708,-0.3259829089524092,-0.32581539484063027
-0.20465355128399462,0.07061057809234043,-0.33529553102907783,-0.32564873480822776
-0.6766399216617905,0.06975351927374347,-0.3397282943522331,-0.32613086555940024
-0.46801171303197203,0.05421125468254492,-0.3542571716848735,-0.3263254894928331
-0.6442986905279547,0.05297594558344597,-0.3629913374954325,-0.3267610692202785
-0.16396237446399697,0.05683344523237819,-0.33697553886557713,-0.32653836238750655
-0.15842675268861084,0.04299032949218355,-0.3449537405075101,-0.326308701718519
-0.12216253797437543,0.04318948731299633,-0.34329161486699755,-0.32603019399171934
-0.09337495799998535,0.04500311538057431,-0.32883246010075806,-0.32571322500535455
-0.10205651153600598,0.045675613840767425,-0.32376279082811865,-0.32540893015709693
-0.4796582558399675,0.04544600048835269,-0.32547687594491803,-0.32561850804525305
0.5578089666359869,0.07950854529532513,-0.30855755125219775,-0.3244198276182771
-0.3090816023039964,0.03267857822335144,-0.33023502980953606,-0.32439904411514126
-0.39468808377437653,0.032486984044393916,-0.3322484074850244,-0.32449415783592506
-0.2698863919359954,0.03234980913566559,-0.33370456732374437,-0.3244203635576819
-0.19120859870398504,0.032645315373186934,-0.33058287894217175,-0.3242405905956661
-0.4297070103439621,0.03226816263039327,-0.33457715108665076,-0.32438272862767187
-0.2968880000000025,0.032102667374136425,-0.33635947108665115,-0.3243457236093305
-0.4967055248119614,0.031376680069933695,-0.3444002182164909,-0.3245773900087964
-0.6066376452620388,0.03068457529009845,-0.35241995712173213,-0.32495599437826383
-0.6394834520567707,0.029830117235611638,-0.36283428287710784,-0.3253776129542404
-0.6440579795584079,0.029437753329097423,-0.36781905046827645,-0.32580422656415226
-0.31045199999998396,0.029411216624382036,-0.3681609864682765,-0.32578370219708785
-0.053517351887959974,0.029450670672071376,-0.36765282834462837,-0.32542019572137476
-0.5510016399359802,0.028664999393055134,-0.37803550282104387,-0.32572097098032754
-1.1377324570799914,0.027832314673156507,-0.3896793050217153,-0.3268022113080235
-0.3624221970431478,0.027857235716950993,-0.3893207181625783,-0.32684957831033085
-0.24218455023359503,0.02793321488687314,-0.3882314091672507,-0.3267371413540537
-0.3990130199999834,0.027788666193624897,-0.39030890916725,-0.32683299795703236
-0.35716201872000986,0.027563964934593642,-0.3935816499016508,-0.32687316884546014
-1.1711588573951999,0.026430600725478485,-0.4109371150495545,-0.3279899488567693
-0.5182651245598588,0.026080082383841068,-0.4166100818517918,-0.32824130311793587
-0.35721601382400797,0.02586580371329711,-0.42015380261787255,-0.32827952832994917
-0.40122339999998313,0.026033667486344156,-0.4173727376388004,-0.328375633562716
-0.295698680000007,0.026319724289178555,-0.4127152567866411,-0.32833263757118614
-0.2699535919360061,0.026479990827960702,-0.41014983263688143,-0.32825592397639614
-0.2704687999999924,0.02639663154280647,-0.4114802966368813,-0.3281800878556922
-0.16807949114398568,0.026524750354599107,-0.4094388944597609,-0.32797025745371094
-0.36784799193600526,0.026254074386445947,-0.41377517297880106,-0.3280224534412532
-0.3930934399999575,0.02679621317327127,-0.40517799671599986,-0.3281075135544018
-0.2784999759999903,0.026787204048695386,-0.40531801903600007,-0.32804275175602793
-0.20076521999997818,0.02732385155427575,-0.3971383581544001,-0.3278768097328779
-0.16001757062398236,0.027928955337116014,-0.388292321266721,-0.3276582430152882
-0.38649919999997784,0.027553765533380823,-0.3937314691160651,-0.327734759214228
-0.3951882799999945,0.027443668565821044,-0.3953557746344657,-0.32782236118927444
-0.4906949624728667,0.029133686558242746,-0.37177439522456496,-0.3280336096993699
-0.1343486529335951,0.02992245915618975,-0.3616801331670827,-0.3277827224496733
-0.2827500180000082,0.030232532347769646,-0.3578562210970037,-0.32772446539346417
-0.5051498551199349,0.030062408856020323,-0.3599444661994028,-0.3279536971631366
-0.39445626000000245,0.02992665729093302,-0.3616278313994032,-0.32803950692163575
-0.19892565598080214,0.030241127732974736,-0.35775133731901904,-0.3278731230931038
-0.6739906647084611,0.029490744492298177,-0.36713807958750844,-0.32831857681461646
-0.8566593225343807,0.02921271461168262,-0.37073846760496015,-0.3289976780301946
-0.6341007389152064,0.028960808879348727,-0.3740602481226249,-0.32938933792863484
-0.9791893352160084,0.028465868764508635,-0.38075806101638593,-0.3302224148482341
-0.16834997599997792,0.028459496506614952,-0.3808458130471055,-0.3300151518023336
-0.6359422525119947,0.027782630722573542,-0.3903961230435732,-0.3304063629285608
-0.41446079999994545,0.027383963603922718,-0.3962420882840846,-0.3305137121457657
-0.3922450191999858,0.026987992215420177,-0.4022194895080846,-0.3305924510578246
-0.42882303815998507,0.026567961661805254,-0.40875482004056424,-0.3307175855636872
-0.5046888247679966,0.026536325466293732,-0.4092554314191248,-0.33093892301814565
-0.3627639135599711,0.0,-0.42766688902304395,-0.33097936137969813
-0.6496837774560056,0.0,-0.4344789325260841,-0.33138380860822136
-0.32313600979200424,0.0,-0.43304789104643665,-0.3313733551242971
-0.8393432419327276,0.0,-0.44443702804637136,-0.33201635498101667
-1.3378557775439375,0.0,-0.4673699716231704,-0.3332879598135868
-0.5897561632516337,0.0,-0.4705709546813238,-0.33361178330277624
-0.6290500600000358,0.0,-0.47721419588132447,-0.33398434102875
-0.7433879122399493,0.0,-0.4821478436298843,-0.3344999626549607
0.2625524485632311,0.01117208590721809,-0.46476404175337893,-0.33374895333267357
-0.23189975089916182,0.011369268015999733,-0.4566123677302267,-0.333621002073335
-0.5472987603177573,0.011417105109670835,-0.4546771833454137,-0.33388910465582483
-0.48611905413199535,0.011330552269509327,-0.45819052442805386,-0.33407986900353936
-0.3708135338255698,0.011177498346319523,-0.46453644806680616,-0.33412584355275343
-0.44020519239357603,0.011230471075788492,-0.46232051911595795,-0.33425844273880445
-0.6632393443103883,0.011463127438650368,-0.4528306568605659,-0.3346691554748489
-0.6062072259999722,0.011342401911166897,-0.45770635743970245,-0.3350077316226358
-0.9283966427039211,0.011015840426053887,-0.47143059928910896,-0.3357466966426624
-0.6092629487424267,0.01091951503711417,-0.47563559786395787,-0.33608689098607
-0.2796336725759924,0.01095483772518209,-0.47408503094107746,-0.3360167627644426
-0.207312559999997,0.011413856079191332,-0.4548081049931734,-0.3358570801307398
-0.38143699999996467,0.011482155198912544,-0.45207154250197545,-0.33591356082450585
-0.2711071999999761,0.01152555791459685,-0.4503493662254949,-0.3358333549323963
-0.3648775126000191,0.011543976513725409,-0.4496224484774956,-0.3358692562397728
-0.47012692042396853,0.011456116035008275,-0.4531110132859748,-0.33603500644246936
-0.37423341627200946,0.011404225586875153,-0.4551966097726949,-0.3360821068245033
-0.657150783839971,0.011215845205643935,-0.4629302494494945,-0.3364775115991529
-0.7180102911839226,0.010958407924095541,-0.4739288654502933,-0.3369468016109423
-0.4113729019070259,0.010938536522851748,-0.47479936364971365,-0.33703823416658857
-0.4679046604287968,0.010904549149498758,-0.4762955880582904,-0.33719880646875083
-0.37930000000001074,0.010859087456195082,-0.4783115885382908,-0.33725040106866655
-0.09678597263997327,0.010905989200075895,-0.4762320035910907,-0.33695607496287866
-0.33032802736477423,0.010829377728195743,-0.47963821272590657,-0.3369479722152038
-0.5055544836799857,0.010776458662155871,-0.48201931839950674,-0.33715384097157103
-0.7188324975358977,0.010635181246439866,-0.48849220275022476,-0.33761930274786894
-0.7515635402304053,0.010523974691191752,-0.4937095743053756,-0.3381234979214165
-0.5405534279164913,0.010355368199492399,-0.5018336698050334,-0.33836976304306504
-0.38455900000000465,0.010313952909021906,-0.5038698494450334,-0.33842588605273327
-0.30772014162557737,0.010394570185587104,-0.4999212551751463,-0.3383886217997877
-0.43010760910076773,0.010379919416820507,-0.5006342821571615,-0.3384997963298495
-0.5733343388079954,0.010228515734297703,-0.5081224558137054,-0.3387840996500409
-0.27924000000000204,0.010388273803258722,-0.5002274425195362,-0.3387120995295451
-0.2775473960735859,0.010631886635659588,-0.4886452039903203,-0.3386382291147432
-0.18236833591194468,0.01082999544237198,-0.47961055593025514,-0.3384497250216156
-0.41232366000001486,0.011089291651270235,-0.46827324242593527,-0.33853872976255345
-0.21785398723196364,0.011066153704295818,-0.46926332265057497,-0.33839350143219166
-0.32744000359996167,0.01121194102829513,-0.46309327767233427,-0.3383803361703741
-0.3621763944799551,0.011237030323364748,-0.46204758956193454,-0.33840890286702424
-0.3374000080639966,0.01126346930900448,-0.46095068933921474,-0.3384076931610255
-0.207312559999997,0.011371530387570602,-0.4565204797760149,-0.3382506930015512
-0.3778293199999857,0.01143435612127581,-0.4539832896806547,-0.33829803585681245
-0.3607316193919905,0.011435368242113957,-0.45394264379729515,-0.33832483822662746
-0.30182511391435723,0.011611289103977409,-0.44698547052646215,-0.33828128246969164
-0.18357691176959406,0.011683398475190726,-0.444194288566014,-0.33809689108625884
-0.2634799904000046,0.011990665364767623,-0.43267702353535953,-0.33800806144258466
-0.21264160000000512,0.012640222131872207,-0.41017273998448084,-0.33785899311744494
-0.1322400092604072,0.01292491243538,-0.40102241690465634,-0.3376147900487311
-0.24715206162397152,0.013172557119062128,-0.39338445693713503,-0.33750747957610383
-0.1431763580479793,0.013581542190676026,-0.38138022585329556,-0.3372772294321132
-0.3953091150847993,0.0,-0.3945374571262562,-0.3373459062198678
-0.17834697143997935,0.0,-0.3934664015370726,-0.3371579642165819
-0.10464731209438269,0.0,-0.3846133725726051,-0.3368834534112428
-0.3571569354079643,0.0,-0.3820341301981245,-0.3369073608192578
-0.40109796459997915,0.0,-0.3826398188136126,-0.3369829681264201
-0.3127371365519719,0.0,-0.3800904576967806,-0.33695444361868543
0.01965497763834434,0.001071624981692957,-0.36643257125780593,-0.336535396120146
-0.3786082625279306,0.0010850899801600827,-0.36188059198836514,-0.3365847774187467
-0.46083923587519215,0.0011138408699391986,-0.3525294438517906,-0.3367304450136546
-0.20116198128000393,0.0011402104514257637,-0.344367424502542,-0.3365716997399618
-0.3576596052791725,0.0011350726761837865,-0.3459279431566057,-0.3365963639569667
-0.16591236539197388,0.0011377929758372399,-0.34509993926444515,-0.33639696676238146
-0.3439700343199877,0.0011402660971988774,-0.3443505999508457,-0.33640580348065174
-0.2895710997423431,0.0011390459889867256,-0.34471987794569303,-0.3363512175788588
-0.12769958017600241,0.0011549203042243595,-0.33997631929721267,-0.3361083169532443
-0.22229246147996584,0.001171987578266198,-0.33501963011833263,-0.3359759729352521
-0.23841393535513888,0.0011815565891243208,-0.33230324049999527,-0.3358626604641951
-0.37827135999995765,0.0012017029010811789,-0.326725652023195,-0.33591185849149874
-0.21178079999998461,0.0012400845195189327,-0.31660106219951617,-0.33576802180726756
-0.2786041599999656,0.001250560125353724,-0.31394568736137496,-0.33570185993017576
-0.29712599999996747,0.0012642978569594357,-0.31053011415279835,-0.3356572635603142
-0.1853578714240084,0.0012802695301496758,-0.3066512715812783,-0.33548370768024927
-0.22303998079997728,0.0012698266935565188,-0.30917635174447844,-0.3353540148003412
-0.3539885871839904,0.0012678885854135115,-0.3096495629408627,-0.3353754832017048
-0.5271442055527262,0.0012661252608427704,-0.31008135737831755,-0.3355961606727647
-0.5303439333999841,0.001281687470590428,-0.3063115860955993,-0.3358200086873937
-0.5400295170399596,0.001299614333889729,-0.30208090563179035,-0.3360544627727583
-0.6448647429223875,0.0012907120238601038,-0.3041671319319083,-0.3364086030022877
-0.27838500000001093,0.0012997744184102755,-0.3020436519319084,-0.33634213839403765
-0.4077794400000147,0.0012912305084469115,-0.3040448378993971,-0.3364238744370651
-0.2790319999999904,0.0013041742911474254,-0.3010233257173816,-0.3363582837234227
-0.49818674993980666,0.0013107098797158372,-0.2995203739400178,-0.33654301941545056
-0.7594764580759551,0.001270036945794538,-0.3091251031015369,-0.3370252696305709
-0.4035761327975822,0.0012597778906084667,-0.3116456778360168,-0.3371010678801916
-0.3510244984399865,0.0012463053929482946,-0.31501880108657765,-0.33711690796046445
-0.32806873370875317,0.0012529995847299243,-0.31333370256075244,-0.33710662594426927
-0.44021717577596015,0.0012354858390932148,-0.3177809663316324,-0.33722366402580356
-0.7339748344559128,0.0012047006294155995,-0.32591166294875135,-0.3376734952847946
-0.34087693639997235,0.0012062754156646198,-0.3254856737871517,-0.3376771231909273
-1.6161462551863743,0.0011184959916144099,-0.35106059872959927,-0.3391233552406959
-0.6093520017575702,0.0010934786675557107,-0.3591013875647508,-0.3394286983441048
-0.9409745499791657,0.001060260864783603,-0.3703642921643343,-0.34010764400057775
-0.03217399902227444,0.0010793915594174656,-0.36379313975694005,-0.3397604809284489
-0.30189798012798275,0.001079387240151511,-0.36379459708121253,-0.33971784297709706
-0.32550718425596115,0.0010710391885681086,-0.36663320253093984,-0.3397018579841599
-0.22598995535992716,0.0010732317014133014,-0.3658834018301383,-0.33957409180143605
-0.28253999999998847,0.0010691510711272792,-0.367281369830138,-0.33951008047505954
-0.2722305599999981,0.001061071101467293,-0.3700811808449298,-0.339434655003675
-0.2886392183359857,0.0010586999543598403,-0.3709109239791701,-0.33937777321569323
-0.31417700407998506,0.0010490374636446232,-0.37433093689981023,-0.33934958443589935
-0.31053399999996667,0.0010538055853064798,-0.3726354345981136,-0.339317388252172
-0.46110901281597044,0.0010380681157763066,-0.37829067542563344,-0.33945331640458704
-0.5255064119519521,0.0010154962050163932,-0.38670785742278474,-0.3396607334564793
-0.2569749867999833,0.0010207797727727211,-0.3847042184506251,-0.33956865578759676
-0.27546501295677334,0.0010274838354069208,-0.382191559417761,-0.3394973502894535
-0.40105439999996295,0.0010227618724314505,-0.3839579046867208,-0.33956574701135406
-0.0753110212583768,0.0,-0.3858572246646553,-0.3392724565277214
-0.16293718508560237,0.0,-0.38154380311580866,-0.33907696287867256
-0.20105798127999813,0.0,-0.3763481780239048,-0.3389241179378102
-0.401277804771176,0.0,-0.38035049449372826,-0.33899309325510374
-0.32025353660960576,0.0,-0.3796023731203369,-0.3389723865626778
-0.7028935325119312,0.0,-0.39034199646273615,-0.3393740655317167
-0.28439519539200364,0.0,-0.38915049968417637,-0.339313449357362
-0.28221359999996654,0.0,-0.3890033496893288,-0.33925056406071286
-0.5338565015263818,0.0,-0.3971264881163365,-0.3394646520007191
-0.9235930062399622,0.0,-0.4111524990115364,-0.3401065512910919
-0.2720195999999985,0.0,-0.41182461230443357,-0.3400318125959315
-0.23705415287677303,0.0,-0.40900026816196994,-0.33991889849536233
-0.678002585627985,0.0,-0.41832470387452986,-0.3402891982622107
-0.32074971251986556,0.0,-0.4191676149249279,-0.3402678202690572
-0.4327700845899045,0.0,-0.42188049661672666,-0.3403689156398996
-0.3019895999999603,0.0,-0.42421313118824566,-0.3403270168236988
-0.6753198959199107,0.0,-0.4332587294906443,-0.34069233075946354
-0.4568805628799606,0.0,-0.4353165690045638,-0.3408188974611199
-0.17851899471999091,0.0,-0.42834406478790904,-0.34064229256151035
-0.30687499880001046,0.0,-0.4238746860959096,-0.34060558898133475
-0.27350985110393045,0.0,-0.4185442927771889,-0.3405327380172985
-0.1910518004975793,0.0,-0.4094680339286928,-0.3403706111870168
-0.7865231462400353,0.0,-0.4196307968534933,-0.3408539833810071
-0.8076549042911743,0.0,-0.42762830613931657,-0.3413591791828579
-0.388888219151995,0.0,-0.42982543052235656,-0.3414105619287705
-1.2447582922392164,0.0,-0.44475686136834475,-0.3423860994345053
-0.46836354428000376,0.0,-0.43893460309242577,-0.3425219974332599
-0.4805614714320298,0.0,-0.4404743098651147,-0.3426707468664483
-0.32181601267201093,0.0,-0.4398901401497552,-0.3426482982828159
-0.5912664455039432,0.0,-0.44515409438565895,-0.3429156296239139
-0.13157998183679767,0.0,-0.4389813505068757,-0.3426886310763445
-0.3155841115439901,0.0,-0.43061353604863734,-0.34265954897384193
-0.41518079999998003,0.0,-0.4320996133206375,-0.34273727807462023
-0.27192508000001336,0.0,-0.40521518981691024,-0.3426614620167245
-0.10597383793757953,0.0,-0.3951476265405104,-0.3424083201727896
-0.2359414856591805,0.0,-0.3810469652541107,-0.3422945735547195
-0.4206038200000006,0.0,-0.3888155616736652,-0.34237814799062694
-0.5097666493919856,0.0,-0.3929729350589453,-0.3425566005507564
-0.29736399999999286,0.0,-0.3924100713738259,-0.342508472115665
-0.37899999999996287,0.0,-0.3954702722666266,-0.34254729289001
-0.3556956074880081,0.0,-0.39693338441638704,-0.3425612655941524
-0.329995734878372,0.0,-0.3980886879139545,-0.3425479263895709
-0.10937175086158132,0.0,-0.3945033385644664,-0.3423006557898593
-0.174963197432806,0.0,-0.3917190624315229,-0.34212339153312515
-0.7539316847104098,0.0,-0.40058701612573167,-0.34255916750474136
-0.26279099351996815,0.0,-0.3966206557398116,-0.34247484596775957
-0.5943236929919451,0.0,-0.3979970013606115,-0.3427407898400132
-0.36614152803279837,0.0,-0.40018033218526783,-0.34276547416300135
-0.5242355152799338,0.0,-0.40515574223173106,-0.3429566965456325
-0.37477442534397176,0.0,-0.4046301427386112,-0.342990188891736
-0.3802199948159597,0.0,-0.41072832220976285,-0.34302933695264476
-0.9219769022399508,0.0,-0.42590911655284985,-0.3436374751514759
-0.24291737183521322,0.0,-0.4267463043639541,-0.34353178773981147
-0.47362963031998184,0.0,-0.4281933408749303,-0.34366815864398353
-0.20501588831279216,0.0,-0.42588858790899403,-0.3435229730206001
-0.2593720513087892,0.0,-0.4170181582849311,-0.3434349490439141
-0.3824490203999807,0.0,-0.4189792347850907,-0.34347571609862265
-0.30372899999999525,0.0,-0.41940954278509124,-0.343434226833384
-0.3788999999999839,0.0,-0.41631041275456326,-0.34347120887005406
-0.3213039037979124,0.0,-0.4042646307057223,-0.34344811792727054
-0.28163927999999044,0.0,-0.4044570243057221,-0.3433838007181891
-0.389534615599997,0.0,-0.40750663356018657,-0.3434317745382326
-0.599855482456765,0.0,-0.40594369149676224,-0.34369805045507423
-0.39558807999998147,0.0,-0.40744045884636454,-0.34375187828655235
-0.28038507999996887,0.0,-0.4043927587545658,-0.3436862132106077
-0.3046896606423932,0.0,-0.4044467599674145,-0.34364584410857024
-0.21071007768001349,0.0,-0.3951545636026165,-0.3435083717544559
-0.2545574861999876,0.0,-0.391108102069017,-0.34341648034375916
-0.2585176696399611,0.0,-0.3927080755674165,-0.3433288654720318
-0.21244897960001452,0.0,-0.3908195551834165,-0.34319393775463797
-0.2897639999999708,0.0,-0.39114463816133743,-0.3431389120720894
-0.2593940116895651,0.0,-0.39251148238517714,-0.3430527547671691
-0.054469747727985254,0.0,-0.37787041441493613,-0.3427561638041278
1.098399952644039,0.06073250591324454,-0.3397493172762318,-0.34127653740120356
-0.25157186090401673,0.061197143267850765,-0.33700299011127227,-0.34118453260479625
-0.4047462146559966,0.06420186180777711,-0.32020274855960784,-0.341249657279029
-0.18530866337197746,0.06528192892314097,-0.31454165094144737,-0.34109004520747627
-0.2724285820800017,0.06609958738299385,-0.31037899315440676,-0.3410198392124584
-0.2676450000000126,0.06631577062129068,-0.30929557290096676,-0.3409448904492179
-0.16285630817277483,0.06807658599765545,-0.3007273701543435,-0.34076316740607865
-0.41496319999996545,0.06690155957572198,-0.3063950345176068,-0.34083880454429877
-0.37293935279995216,0.06666865899739388,-0.307542139342726,-0.34087149349364254
-0.39647228291189085,0.06674444966551611,-0.3071679690009642,-0.3409280558429999
-0.11383043195996038,0.0673918594495908,-0.30400607604016316,-0.3406972655748261
-0.208628980559989,0.06697005775701662,-0.30605917889261136,-0.3405631860976537
-0.16674872510718153,0.06725378271620103,-0.30467532368157135,-0.34038690368285607
-0.25656478112157427,0.06793612803739629,-0.30139454290400286,-0.34030197752017993
-0.1169608492919485,0.06962773891655119,-0.29353842690200216,-0.34007592374666956
-0.40447963583996316,0.06915814980013701,-0.29568073961880154,-0.3401410437791198
-0.11467151080066361,0.07032861607763692,-0.29039416983481553,-0.3399132967761113
-0.11030216212798272,0.07145126626713101,-0.28548630092761507,-0.33968160037384276
0.08537809235201593,0.07869441848971626,-0.2771788243830073,-0.3392531127803691
0.07032129763202999,0.08397978695081106,-0.27358496341313504,-0.33884065113846334
-0.30351718799998284,0.0832630157823934,-0.27615604322447856,-0.33880511445522543
-0.3116550000000007,0.08578191014765862,-0.2673105095302704,-0.33877782790803423
-0.3773836799999666,0.08511475700352622,-0.26960236325987036,-0.3388165888037089
-0.2970919999999897,0.08686711747898124,-0.2636577294000313,-0.33877473866448754
-0.5403933427200006,0.0858311509685838,-0.2671427656937753,-0.33897676131384175
-0.36023829079035663,0.08680545956601249,-0.26386282120398374,-0.33899804412613055
-0.20425607999999004,0.08784224681118141,-0.2604524542971042,-0.3388633021620044
-0.31556437828240075,0.0882418716404677,-0.259159341966433,-0.338840026513773
-0.49687537107995505,0.09096268474126486,-0.25065731134323305,-0.3389977464185297
-0.46259251928481043,0.08953605843393565,-0.255050814292225,-0.33912097151610326
-0.6535478895359204,0.08840053483397943,-0.25864917947654376,-0.3394341457372385
-0.8383932030791987,0.08462245544346561,-0.2713167257718719,-0.33993062241121064
-0.2956950599999739,0.08441555663677115,-0.27204318594569554,-0.3398866506791915
-0.3862103999999631,0.08439418930669772,-0.2721184135376952,-0.3399326524163522
-0.29659392000000045,0.08443473087789348,-0.2719757119376953,-0.3398896576421296
-0.487114664191957,0.08382400865224718,-0.2741400052215348,-0.3400355694424763
-0.13079560395788206,0.08490515490059927,-0.2703298392247342,-0.33982840115981827
-0.40310563472001376,0.08421263007299296,-0.27275916631913466,-0.33989098991704897
-0.3990252289440115,0.08415899608167066,-0.27294897858601497,-0.3399494229595657
-0.1347439614191949,0.08687042130050965,-0.26364674816526357,-0.3397468509343531
-0.5929600296959261,0.08569876566568496,-0.26759418715918243,-0.33999656807317125
-0.18682684964798352,0.0862501884128683,-0.26572302255214275,-0.33984566194664395
-0.2356019870399917,0.0866619607734557,-0.2643412690800947,-0.339743059904413
-0.11901272825359904,0.08721460107348615,-0.26250732209156635,-0.33952601926365505
-0.3079730471547174,0.08689182304759174,-0.263575633310661,-0.3394950242026443
-0.6074236729759708,0.08484084783880713,-0.2705537533773812,-0.33975795712587625
-0.41822819999995886,0.08367598336006446,-0.27466933778538005,-0.33983488873653706
-0.22922944418878963,0.08401531998067874,-0.2734586466691564,-0.33972655823257264
-0.34598789032799204,0.08353074599182725,-0.275190524241925,-0.3397326847806112
-0.2675780230975734,0.08236167760084562,-0.27945268974931675,-0.3396621523644987
-0.6716389549840275,0.009793416728168795,-0.31485346790187807,-0.33998634846080683
0.17561402477044175,0.0211745146090928,-0.3063097501883889,-0.3394833237064349
-0.2929400800000056,0.02132690865001368,-0.30407362749526906,-0.33943795992114595
-0.21204231999999051,0.021290270929804154,-0.30460830062782934,-0.3393139135336863
-0.1284839800799905,0.021489042660322786,-0.3017294085878291,-0.3391088260497819
-0.3354269877599773,0.021394982808562363,-0.30308504834302846,-0.33910524797564207
-0.15624268768798685,0.02140412414414126,-0.30295277593333264,-0.3389277115093434
-0.9555475391535679,0.020681835189707863,-0.31376446271640474,-0.3395257908766026
-0.35334997588800277,0.02070715678985845,-0.31337267517816575,-0.3395391864047144
-0.3219580097440089,0.02080404450067991,-0.3118823897148081,-0.3395221668726131
-0.5502112591359957,0.02024918632304033,-0.3206100062583288,-0.33972592808369956
-0.7095145957151969,0.01964770930316312,-0.330627718561433,-0.3400832118205415
-0.8167740364799985,0.018918439094801277,-0.3436282247888893,-0.34054333809917037
-0.4192745497999895,0.018744286948085855,-0.34688242016245757,-0.34061926019338523
-0.2697710037719713,0.01858362517503655,-0.34993862325205805,-0.340551005611091
-0.5516323880407729,0.018431493261608513,-0.3528816782960743,-0.34075416382324664
-0.7992430136063832,0.017755303759128278,-0.36657310835218865,-0.34119501848649963
-0.13915646589596026,0.017727890747381802,-0.36715019442754815,-0.3410009372640303
-0.43885497815998664,0.012857562791100764,-0.3776348558377882,-0.34109484709214544
-0.16839589531862875,0.009101023590756143,-0.3824091996968014,-0.3409292680396301
-0.2501706864399983,0.009126254305527664,-0.3813422696656017,-0.34084233453235074
-0.19916861576553035,0.009179916951063013,-0.37909254198091236,-0.34070676159573177
-0.2462109877600005,0.00924329660703651,-0.37646908813611296,-0.34061642146778176
-0.20036215583998895,0.009290597772243578,-0.374534491252913,-0.3404824632389109
-0.24190396236799624,0.009439660729122614,-0.3685647036458729,-0.3403883997838814
-0.1864213296167678,0.009528687873544004,-0.36508836442240117,-0.3402416246931596
-0.10148161930560427,0.009582122259026356,-0.3630328752085134,-0.34001423421183813
-0.1809047675519749,0.009653048074074747,-0.3603396829939049,-0.3398628455661104
-0.16352487139201605,0.009833226346844266,-0.3536726730001461,-0.33969522391765594
-0.2842739755200151,0.009932397979154205,-0.3501063021248503,-0.3396425921527959
-0.6728051487759777,0.0099215918351655,-0.3504914473096513,-0.3399586856600285
-0.4541618962240252,0.010141746379257861,-0.34280682117254785,-0.3400669351487148
-0.38070815999995367,0.010092198486863177,-0.3445070831725475,-0.34010542115709663
-0.2971135999999937,0.010144138717369185,-0.3427251471725481,-0.34006474772175405
-0.5348033481599783,0.010006451061740352,-0.3474893357357477,-0.34024881067112855
-0.42964954323194615,0.010039323328004819,-0.34634003331654745,-0.34033323062633236
-0.5180648538559784,0.009821876670620846,-0.3540854183145094,-0.3405009019690018
-0.39620339999998766,0.009825669708374408,-0.3539473736201088,-0.340553401967146
-0.337583352563136,0.009859563889083633,-0.3527185360924914,-0.3405506053104568
-0.6434954199999586,0.009585765445767652,-0.36289356526410654,-0.3408355957287912
-0.5007826854709101,0.009634239487317281,-0.36105001837960626,-0.3409859219409548
-0.49734089793838,0.00947287012679497,-0.3672602993454142,-0.34113273412498996
-0.47993571542398933,0.0093496445360813,-0.37214697391309415,-0.3412629433006926
-0.6729031776951706,0.009081830597137028,-0.38322478290192563,-0.34157375889056557
-0.4578489075327058,0.009011980640664578,-0.38622230010948533,-0.34168263075259003
-0.27869997600003704,0.009166613210274023,-0.3796478261699667,-0.3416237133954782
-0.7539371055359223,0.00900875136565096,-0.3863620042806859,-0.34200905301430107
-0.6463643614719575,0.008820016835733312,-0.3947047026263493,-0.34229323164031195
-0.3781821093999716,0.00880577860995771,-0.3953485870077889,-0.34232671007105786
-0.4434752107519875,0.008728790873562596,-0.3988665307608772,-0.34242097708008024
-0.2855153200000105,0.008899592258557043,-0.39114405806119684,-0.34236799229695164
-0.41848185970081386,0.0,-0.40302597575062193,-0.34243879589453663
-1.1609688175359445,0.0,-0.42038655050134077,-0.34319951152803235
-0.27098513999997004,0.0,-0.4215654069013403,-0.34313246011528575
-0.3438720129599854,0.0,-0.4258731675589402,-0.34313314615688567
-0.34104958617596093,0.0,-0.4259856195272599,-0.34313121514670875
-0.26723999999999054,0.0,-0.4282055657735,-0.3430609455030544
-0.3814867799999866,0.0,-0.4167243505904284,-0.3430964920659562
-0.2721505627142282,0.0,-0.41510036232695285,-0.34303092281516906
-0.3307714279631824,0.0,-0.4152766306913363,-0.34301960287532424
-0.35078400863998765,0.0,-0.41128808568141617,-0.3430267656112695
-0.28957185511199235,0.0,-0.4028892308693521,-0.3429774984126526
-0.3212279538479964,0.0,-0.392978309216712,-0.34295747120771275
-0.42002151400319465,0.0,-0.39299324850077616,-0.3430283672912413
-0.12026224002234473,0.0,-0.39000307322578365,-0.34282361901250147
-0.31381351029601556,0.0,-0.3852466956708885,-0.3427969797942127
-0.29739799999997063,0.0,-0.37520979539876015,-0.3427553293540345
-0.27775679078397986,0.0,-0.37798180189652064,-0.3426957523250977
-0.39620339999998766,0.0,-0.37712877033332065,-0.34274475200245563
-0.7635303866879233,0.0,-0.3890314601607065,-0.34312973428487603
-0.38573856769839004,0.0,-0.39174281778587433,-0.3431686820302266
-0.30135562093437784,0.0,-0.3937865578892513,-0.34313049658630346
-0.23587198704000678,0.0,-0.3935797778748515,-0.3430326329827028
-0.17002549004000025,0.0,-0.3929730445588517,-0.34287492364547156
-0.23186174402560733,0.0,-0.39277220019200393,-0.34277381874599994
-0.24164238214398262,0.0,-0.3938766212425481,-0.3426817974206114
-0.27344495539204194,0.0,-0.3973158879642769,-0.342618854836949
-0.19252214445915533,0.0,-0.3975482355024205,-0.34248252721626077
-0.48563627724794967,0.0,-0.40399046361953916,-0.3426124308006815
-0.39861359942396535,0.0,-0.40627725609761817,-0.3426632024857434
-0.36468511873274123,0.0,-0.4001148554967535,-0.3426831498736483
-0.13166151883680313,0.0,-0.3936648479490091,-0.34249218007180504
-0.6567121528799624,0.0,-0.3991849278066092,-0.34277628492967854
-0.30998500600000334,0.0,-0.39944235592660937,-0.3427466631781612
-0.5231903341591787,0.0,-0.39921009564659343,-0.34290951847688056
0.04364049165599371,0.0022344383347142043,-0.3897442949488346,-0.3425609612089519
-0.32781715217515095,0.002256417828217938,-0.38593934091521803,-0.3425476784981107
-1.3278042630400089,0.0021527250901293067,-0.4045713581760185,-0.34343449810615917
-0.431325934775983,0.0021428162963334843,-0.4064462098202754,-0.3435135371679126
-0.2850199999999987,0.00218120929446085,-0.3992767014202762,-0.34346098232768985
-0.29751699999999437,0.002203596706286079,-0.39521138771085795,-0.3434197399737153
-0.5257142179199557,0.002200444149010197,-0.3957788541104894,-0.34358323277904823
-0.8463527610984076,0.0021605273098321254,-0.4031071950239778,-0.3440337431090835
-0.6548874170399821,0.002162456033524335,-0.402746879810874,-0.3443120364608569
-0.5000739621695801,0.0021579409329910053,-0.4035913809036115,-0.3444513583979846
-1.0481625794079186,0.002078844053984522,-0.41898063297176913,-0.34508023348378436
-0.4983347679232029,0.002104467606626627,-0.4138685862195148,-0.3452170678895338
-0.4729057265203064,0.0021222192590659205,-0.41039941352048165,-0.3453309739186425
-0.6414014959199835,0.002095397643075021,-0.41566380125088204,-0.3455948513892319
-0.284579975519996,0.0021115070752104797,-0.4124858965462421,-0.3455405193537294
-0.6185178473280242,0.002078025847007136,-0.4191459470928024,-0.34578338174516565
-0.3602751907839904,0.00208380135744333,-0.41798181371446597,-0.34579626335320013
-0.26682417082555393,0.00217673657887231,-0.40009892078025816,-0.3457261282799074
-0.16148623638766973,0.0021886904993975343,-0.3979089427080122,-0.34556265011496307
-0.28099341553917145,0.0021956144449338877,-0.39665137075959583,-0.3455054078857292
-0.10102854916796897,0.002222452324879864,-0.39185095001943604,-0.34528886505249823
-0.284375975519971,0.002220514541291948,-0.39219366952983564,-0.34523495984052255
-0.3539401419135101,0.0022236312438513434,-0.39164273676810607,-0.3452426567300655
-0.3845775023440183,0.0022109656511664372,-0.39389127556070186,-0.34527740482689756
-0.5090537985920417,0.0021911741987487732,-0.39745692297327906,-0.34542195592466024
-0.6777848002559238,0.0021557793242258736,-0.4039969388055978,-0.345715044852642
-0.2793803599999984,0.002156865188561274,-0.4037931089033579,-0.34565660019638417
-0.5435778947759851,0.0021334203728789764,-0.4082401077219177,-0.34583082668809156
-0.537624187263966,0.0021212251214378906,-0.4105921611871331,-0.3459995103825294
-0.34588807296001955,0.0020982141076667767,-0.41510467784588656,-0.3459994124586081
-0.6769180790799543,0.002062212222848614,-0.4223667692215654,-0.34628994684545733
-0.3221328126719735,0.0020598046558428537,-0.4228614654750054,-0.3462687563768841
-0.5470548105599773,0.0020339517004801548,-0.42824742587052533,-0.3464447301316458
-0.3148425539863801,0.0020416937698862396,-0.4266202089502532,-0.34641705747302476
-0.6347974226799359,0.0020540647717371074,-0.42404554967009356,-0.34666935875492055
-0.6168404872079819,0.0020319621562963465,-0.4286675880602854,-0.34690552232874317
-0.21296439999997946,0.0020403594976419405,-0.4268997636415973,-0.3467885431826045
-0.6126149486927863,0.0020050423391364466,-0.43443462287465295,-0.34702050339683677
-0.27606279711793574,0.0019953214614930105,-0.4365553690162116,-0.34695863965988916
-1.4791682903039938,0.0018876693939695525,-0.46150149994177936,-0.3479448850001715
0.535954355484819,0.02533518358926674,-0.4459495651892034,-0.34717560802847003
-0.8112777177600079,0.024753242673032985,-0.45670622043656267,-0.3475791750804105
-0.17180096606394463,0.024775167624215173,-0.45629179686865845,-0.3474264572619774
-0.2890270787615838,0.024985147578828266,-0.4523596128989312,-0.34737576335702913
-0.5102402488159842,0.024865494907241253,-0.4545921458867715,-0.3475170161631514
-0.08591072209601397,0.025166482080238597,-0.44901665795403695,-0.3472903209343237
-0.7601506775999816,0.024497945087776907,-0.46158644112930053,-0.3476477757885797
-0.38857589999999115,0.02477877313268835,-0.4562237160717011,-0.3476831807403197
-0.5310360518400107,0.02454679732555901,-0.4606447369885013,-0.3478416534033272
-0.5337552633600079,0.024535818965489956,-0.4608560355725178,-0.34800220056218445
-0.8204072282518805,0.021926877075385275,-0.47813698997067533,-0.348409797652512
-0.9899503067663691,0.021348564041447787,-0.49137965306249975,-0.3489628498155412
-0.43742701224001135,0.02213355769608655,-0.47357210804649974,-0.34903904633787064
-0.4545199823119907,0.022112377235493263,-0.47403598899721994,-0.34912982167003426
-0.7802545825279844,0.021669615781147945,-0.4839406806477796,-0.34950052223826983
-0.6673772396159298,0.021350340092395084,-0.4913378854400983,-0.3497736122016527
-0.32443797988796164,0.02152291217207308,-0.48731236067945843,-0.3497518648777783
-0.3481432702079548,0.021962315510059668,-0.4773481708616494,-0.3497504852940134
-0.3570251999999495,0.02223369522855571,-0.47139092652084874,-0.34975671898270744
-0.2154863758080149,0.022499320380526794,-0.4656991747936175,-0.3496417614971127
-1.5655735641168027,0.02202100496837418,-0.4760473944877951,-0.3506819084625701
-0.16625249099998796,0.022325625138830688,-0.46940574894933085,-0.3505242764818329
-0.3091238204351747,0.02247898739488969,-0.4661301108276282,-0.35048892169443174
-0.279719880000004,0.02282523811911828,-0.45889647850922866,-0.3504285385530543
-0.09192929174397046,0.023014059556679154,-0.4550434648337081,-0.3502081640885964
-0.09875245010396475,0.023539433832710475,-0.44464815688922693,-0.34999397693869466
-0.31573157302400146,0.023585576233431483,-0.4437572845340271,-0.3499648174460013
-0.2348286825023736,0.02361883191438099,-0.44311737476756347,-0.34986691256934854
-0.054301015835982375,0.02373092535250106,-0.44097367035652973,-0.3496157945602293
-0.19809018050238086,0.02381835730002712,-0.43931560565579386,-0.3494871650066997
-0.33764761022397427,0.023570499543271634,-0.44404798687691405,-0.3494771229755015
-0.46331670239997025,0.023386458519808848,-0.44762680141451405,-0.3495735971953527
-0.5490800888320544,0.023189004967297134,-0.45152960035288486,-0.34974252733221695
-0.429619206911956,0.023143901938475816,-0.45243043444424375,-0.3498101048953132
-0.29149967999997145,0.023363390531156398,-0.4480793520724023,-0.34976081459531716
-0.6606390679543723,0.023380865833263802,-0.44773643742637126,-0.35002338068768124
-0.3159711999999869,0.023343603241560953,-0.44846825422637104,-0.34999464467022323
-0.3236964895512111,0.023569326213494158,-0.44407062612187553,-0.3499724708463455
-0.4898737070735734,0.02361892341862025,-0.4431156165180677,-0.3500903320394602
-0.3016040599999875,0.023665107013541974,-0.4422299362588671,-0.3500495186791577
-0.18415579303998098,0.024191463862571965,-0.43237469053806754,-0.34990999494018443
-0.29377279999997374,0.02422247082381422,-0.4318074902846276,-0.34986282082678927
-0.38280555310401576,0.024403625018535345,-0.4285225051355084,-0.34989048055162325
-1.3012104806399842,0.023354710795839128,-0.44824986366858044,-0.3506885678000195
-0.5405316269759767,0.0234510411051603,-0.4463645477545012,-0.3508476986124051
-0.4172987862544026,0.023657597493720334,-0.4423737137354296,-0.3509033527896597
-0.2624496157679995,0.02360603411908136,-0.4433634180507901,-0.35082933292604324
-0.4766543871888117,0.023748247262988763,-0.44064420682071054,-0.3509345378209118
-0.6296165814959462,0.023381944766988242,-0.4477152825082708,-0.3511673549000054
-0.3222120467743931,0.02462486608581546,-0.42457615763767875,-0.35114318519372356
-0.28587156000000197,0.0,-0.44101267594737514,-0.3510887468074068
-0.37082882505599307,0.0,-0.4322036980932949,-0.351105196872614
-0.5744844440639869,0.0,-0.44025736765329576,-0.351291191249959
-0.501046825919955,0.0,-0.4444977625964631,-0.3514157799643267
-0.9271883486719747,0.0,-0.452836724593583,-0.35189439390340205
-0.8185407826559854,0.0,-0.4674893258047824,-0.35228197396050553
-0.37910651697404896,0.0,-0.4598684425922637,-0.35230423499205205
-0.4996674262719499,0.0,-0.4620902731177029,-0.3524264266929475
-0.9782160493139072,0.0,-0.4710338730671808,-0.3529448936545225
-0.515562044815984,0.0,-0.47067000869630043,-0.35307951050151043
-0.7724826818399402,0.0,-0.4697115177680616,-0.3534264113876464
-0.24879001079998764,0.0,-0.4548883118487339,-0.35333993502352434
-0.6246862227759599,0.0,-0.45863349605945286,-0.35356400297377416
-0.19590162145440038,0.0,-0.4534611288423011,-0.3534339185005733
-0.5056629045759434,0.0,-0.44796929528326035,-0.3535594164280881
-0.4562586712319567,0.0,-0.4437469239155808,-0.3536440121898705
-0.3859776233999692,0.0,-0.444977716785821,-0.3536706242155578
-0.23529748351198043,0.0,-0.4427208010519015,-0.35357327788274234
-0.40410369999996276,0.0,-0.4436623710519017,-0.3536147983610638
-0.507446799999949,0.0,-0.44950157953574044,-0.3537410972129841
-0.7332481550399932,0.0,-0.43285507135420426,-0.35405242375755097
-0.6718338362176146,0.0,-0.4429666982585567,-0.3543129003251412
-0.23958201046397437,0.0,-0.44157586205913274,-0.3542189356323802
-0.28269092160317877,0.0,-0.44163528289119625,-0.35416040206934485
-0.27754066084159235,0.0,-0.4453475102731487,-0.35409775305771135
-0.34569151475999377,0.0,-0.45028629156626926,-0.3540908852159649
-0.2832983999999794,0.0,-0.44963762810578883,-0.3540330954321151
-0.2684939999999761,0.0,-0.4503109344557409,-0.35396332455492735
-0.43212052979676663,0.0,-0.4578673247349566,-0.3540270223587104
-0.21002400000000165,0.0,-0.458106001124909,-0.35390975605385805
-0.42239766547195373,0.0,-0.45980100222986864,-0.3539654825871519
-0.37992911385597594,0.0,-0.45813325045898873,-0.35398659123045983
-0.24032984748422292,0.0,-0.45195824563203213,-0.3538942624378147
-0.7997458063359881,0.0,-0.4593607776205127,-0.354256154924745
-0.2083014626083105,0.0,-0.4576968132726795,-0.3541377812894519
-0.23824491097599365,0.0,-0.4492489301331119,-0.3540438648629418
-0.3032825599999942,0.0,-0.44899515733311207,-0.3540027625917977
-0.2803859999999881,0.0,-0.44812894754208765,-0.3539432021042639
-0.6932382110079668,0.0,-0.4521962376207755,-0.3542174907129168
-0.31797877283200143,0.0,-0.45252373187741574,-0.35418821872755263
-0.28309399999996576,0.0,-0.45450249601661546,-0.35413083840573856
-0.39117806000000827,0.0,-0.45645060121661607,-0.3541607151973469
-0.6779806540799822,0.0,-0.4623541032361355,-0.3544216498781548
-0.35710680575997195,0.0,-0.4434720297385353,-0.35442381183941224
-0.27266400000000274,0.0,-0.4381146771990158,-0.3543580356432422
0.04075204110326458,0.0018964638869001884,-0.42895366065186247,-0.35404042304135597
-0.33236393932798247,0.00189031360204464,-0.430351947123062,-0.354023012211064
-0.30392879999995687,0.001905581126143261,-0.426897435379285,-0.35398280818842276
-0.19778237158399042,0.0019448530256771332,-0.41826075118104583,-0.35385754721279766
-0.47420745895039657,0.0019308469729723025,-0.4213006594245659,-0.3539539814369464
-0.20693650261599067,0.0019380953966276705,-0.41972195827688574,-0.35383627328737
0.32798778902918124,0.017851445242706415,-0.40574562599518216,-0.3532908140375167
-0.48326421035992967,0.017930629719872773,-0.40392122132110103,-0.35339470963809416
-0.3595343910840104,0.01805487058708682,-0.4010909726243822,-0.35339961353701266
-0.6898352508159145,0.018267165900039475,-0.39634391066726093,-0.35366811763699585
-0.46245847356800146,0.01859518722204991,-0.3892222644855013,-0.35375487230679725
-0.8223430222391439,0.01818863518789687,-0.39808699459080316,-0.3541282493186955
-0.41574376823994863,0.01826424290775091,-0.3964085214301632,-0.35417730626051186
-0.6333581598791581,0.018581642146737545,-0.3895113636414682,-0.3543994071782673
-0.6396000320415525,0.01846621799036061,-0.39199212338597955,-0.35462611673698213
-0.7013226216319663,0.018532260353739102,-0.39056892218182004,-0.3549014912444444
-0.4644183801599531,0.018333577015876946,-0.39488148956901936,-0.3549884094102504
-0.3130175999999865,0.01862214621231446,-0.38864811711349995,-0.35495512565972676
-0.2991413999999585,0.01852555713376966,-0.3907129126844111,-0.35491089925270636
-0.3105647999999559,0.018708937740944162,-0.3868109505928913,-0.3548757875351666
-0.2575301680140695,0.018899501180022923,-0.38283638052853364,-0.354798773595672
-0.8287011592495805,0.01848015894731854,-0.39169085124552583,-0.3551733999874933
-0.169418814916789,0.018541376001278132,-0.39037327787362197,-0.35502667440686875
-0.6519941706023887,0.01831310864256986,-0.3953310872856705,-0.3552610607495645
-0.3701446424031929,0.01843884273248745,-0.39258504413373535,-0.35527279858998534
-0.3088051469567989,0.01883868017961879,-0.38409618397207157,-0.3552361810552074
-0.9407845670399654,0.018583335497072105,-0.3894751985885185,-0.35569724277645526
-0.8417106448640412,0.018036025063747872,-0.4015177712765199,-0.3560796294028027
-0.477145228799975,0.0178660958663539,-0.40540685742045574,-0.35617480676081936
-0.17008346443917133,0.01795960237279251,-0.4032577134924074,-0.35602862345970254
-0.04774172536320295,0.01822406543031609,-0.39729871770447156,-0.3557866400232061
-0.10300055915200801,0.018387916112685917,-0.39369276088751215,-0.35558837643036595
-0.24997921094397652,0.01840490891101719,-0.3933224651063922,-0.3555056106266932
-0.4486783790170923,0.018389710700992306,-0.3936536220907986,-0.35557857285722605
-0.36570551420317127,0.01824803091216895,-0.39676725237486205,-0.35558649691148736
-0.43975662057596887,0.018232368356661848,-0.39711443147694225,-0.3556523062341335
-0.21299727793997636,0.018384110011213383,-0.3937757947586223,-0.3555408569932787
-0.864134208263978,0.017829596069631717,-0.4062518819742174,-0.3559378853705392
-0.20834477407999882,0.018354458027835602,-0.3944238613290976,-0.3558227581386433
-0.7790141412959395,0.017847449576973762,-0.4058381149028502,-0.35615260333206283
-0.3198936196191787,0.01777719595938508,-0.4074710890757139,-0.35612436424817434
-0.04864736496958581,0.017998143591350855,-0.40237838517510577,-0.3558850825366735
-0.2059159999999917,0.01806380318757619,-0.4008889851751058,-0.35576846583174604
-0.25547426407996243,0.018459673699654223,-0.39213370623654575,-0.35569053715905624
-0.9536769285599009,0.01789033158487848,-0.4048476693511037,-0.3561548123076594
-0.5038154241103043,0.01770077662621039,-0.40926209783331047,-0.35626936670005865
-0.5737275939559627,0.017547012092983913,-0.4129130885124296,-0.35643793896924925
-0.20597999999999983,0.017950188146643155,-0.4034730754308299,-0.35632139525199963
-0.39705600000000935,0.017915347819668432,-0.40427205931563065,-0.35635292358384796
-0.4094934363519238,0.017797034842840318,-0.40700864804266906,-0.35639402220161137
-0.6017675624959232,0.015383364532071987,-0.41985904011465286,-0.35658364626675376
-0.2851979999999759,0.015417470884950931,-0.41891572132809274,-0.3565285222155825
-0.87216554919355,0.015016373490803741,-0.43028045631196454,-0.3569263902919544
-0.17443565203676092,0.015032441526057998,-0.42981352192102,-0.3567856881036312
-0.14019719416956028,0.015266142746620248,-0.42313331662540327,-0.3566188248571489
-0.6354898870240148,0.014967585025720943,-0.4317043843135637,-0.3568335061983089
-0.17439878413679893,0.0,-0.4417521157768834,-0.35669317179672316
-0.3704082591839674,0.0,-0.4394949967533641,-0.35670371375474563
-0.5394181124327959,0.0,-0.4430926711803398,-0.35684404739428327
-0.7050003212160195,0.0,-0.4433959725883419,-0.35711124330665606
-0.2760591904000071,0.0,-0.439667986924982,-0.3570490868243657
-0.6440282376079521,0.0,-0.4361016912323582,-0.3572689942196021
-0.3469032362879786,0.0,-0.4347248805933188,-0.35726105719208945
-0.1531822291327891,0.0,-0.4251213619783914,-0.35710491424789714
-0.3918670266399732,0.0,-0.42016670187035987,-0.35713149078642326
-0.38234241689600057,0.0,-0.41378709777564054,-0.357150750470235
-0.43684404297641066,0.0,-0.41323561103196965,-0.35721158504466716
-0.47150529950718334,0.0,-0.4164053650221136,-0.3572987656048979
-0.3442031873279676,0.0,-0.4173066007686738,-0.3572887842190161
-0.7639531082399722,0.0,-0.4263743669334741,-0.3575985057148432
-0.5752416422400237,0.0,-0.4327285964179932,-0.357764139760905
-0.30981119846400496,0.0,-0.4223507972022817,-0.3577276736458503
-0.4666278561119748,0.0,-0.4282949780261854,-0.3578104245443808
-0.5528061646799582,0.0,-0.42631121790773685,-0.3579584850911808
-0.14402318874397932,0.0,-0.42178878883455256,-0.35779616696041655
-0.1898986705520173,0.0,-0.4194106593064568,-0.3576688754544208
-0.4312151674879768,0.0,-0.40921927131541713,-0.357724592342325
-0.8276177966243458,0.0,-0.4089374143506232,-0.35808030256509715
-0.12637554971517953,0.0,-0.40192202076892736,-0.35790503421952236
-0.10859440865513395,0.0,-0.4006922396532465,-0.3577165908139559
-0.6461026900296096,0.0,-0.4126594589465747,-0.357934405088288
-0.22862710852000878,0.0,-0.4151719899339347,-0.35783681467578365
-0.34222803168000815,0.0,-0.41701696634865537,-0.3578250433462242
-0.296884020159996,0.0,-0.41398107917151344,-0.3577791194402813
-0.42007193669599757,0.0,-0.41506840762137,-0.35782602668219077
-1.0550835142559976,0.0,-0.42737494549497057,-0.3583506749045939
-0.41227801290396476,0.0,-0.43136056019425034,-0.3583912217752701
-1.0832540685410057,0.0,-0.43574295739979085,-0.35893582196066887
-1.010278476475944,0.0,-0.4517816314477098,-0.3594248179475422
-0.5812404661439665,0.0,-0.4478261579446703,-0.3595912212845238
-0.28105002111997834,0.0,-0.4470492859746863,-0.3595323448226313
-1.3216839924429276,0.0,-0.47251001852415314,-0.3602530576672907
-0.9512177447039649,0.0,-0.4874160534182326,-0.360695396504893
-0.3579744376319839,0.0,-0.48946605688927297,-0.3606933613823254
-0.3323411917223627,0.0,-0.47703934215252225,-0.36067217141994873
-0.6921469039800181,0.0,-0.4808059717499165,-0.3609197253651019
1.8627998565624415,0.0793809993405195,-0.4320754227395484,-0.35926023313978284
-0.15130738896556786,0.07956637373560535,-0.43098197051885984,-0.3591051601761928
-1.1731230023039343,0.07701349935502745,-0.44650331056493825,-0.3597117308484191
-0.18088994758801266,0.07774830834997744,-0.44193124078966006,-0.3595785798556712
-0.2817368000000021,0.07880086987396653,-0.4355306255397416,-0.3595206618647072
-0.20121919999998178,0.07908180825252543,-0.4338510495397418,-0.3594029656105327
-0.0878021991319875,0.08180583890814852,-0.41816378253851055,-0.3592011819801623
-0.27525780000000555,0.08144522730868875,-0.4201802254977754,-0.3591388632110605
-0.17904779659198886,0.08130711710558206,-0.420957237546224,-0.3590052644969514
-0.2504351628799927,0.0826969881769593,-0.4132561430633435,-0.35892478258322497
-0.23625928351196102,0.08247050519548353,-0.4144933530508468,-0.35883391925057956
-0.6182999285119778,0.08157523785839077,-0.419451186437407,-0.3590259740316761
-0.6537763153039771,0.08116874929710353,-0.4217383504948306,-0.359243984639126
-0.29893820580799224,0.0826307816807546,-0.4136171081866701,-0.35919941274050726
-0.4305279647615747,0.08206844994143878,-0.41670648367390145,-0.35925209261644603
-0.9584263170942957,0.08094722720393308,-0.4229944452636283,-0.3596942876160607
0.7808859741999961,0.11663859011995127,-0.4004386610538688,-0.3588531517297657
-0.23108498036799793,0.11623907120566492,-0.40199671607857296,-0.3587589968503539
-0.30227086511997064,0.11669879614874427,-0.4002047928481729,-0.3587174002879604
-0.12070747218885114,0.11806232271780859,-0.39497209395403,-0.3585422642113606
-0.3323411917223627,0.11861589266061194,-0.39288203692894896,-0.3585229987168834
-0.9600557827559733,0.11607159202404459,-0.40265304659392476,-0.3589649772503434
-0.11517198115582668,0.11725062492484667,-0.3980724224704819,-0.3587859809242828
-0.42587330328001083,0.11903547174277063,-0.39131082637128267,-0.358835201263502
-0.13816896644795323,0.12142509065770282,-0.38256937285544124,-0.3586734224989745
-0.02403679365353173,0.12304007572735041,-0.3768538847592318,-0.35842826745952727
0.06993097029603201,0.12909842007701086,-0.36612270823107174,-0.35811468090187315
-0.2591557555744105,0.13092750517125082,-0.3602497000489608,-0.35804228958853923
-0.25339598483199544,0.13024022025931092,-0.362437155970721,-0.3579657937517289
-0.23292058996797005,0.12997184919841534,-0.3632975943590402,-0.3578744532084244
-1.4659275217439596,0.123834752671436,-0.3839918414441598,-0.35868325106866933
-0.27509747999997824,0.12703788990054213,-0.3729414351116725,-0.35862228405840774
-0.2310052432089767,0.12641866146295266,-0.37503402898154836,-0.3585292687225117
-0.18725342399998376,0.12595709546196074,-0.3766072092884454,-0.3584045230235149
-0.5251412261759967,0.12666829106536734,-0.3741879800113731,-0.3585258743358529
-0.41787702684641037,0.1255591077872563,-0.3779729783779011,-0.3585690388104061
-2.296868146070324,0.11514523035535447,-0.41706578066570743,-0.3599776864174264
-0.24023235279995697,0.11542269095794326,-0.4159327473185066,-0.35989072539083417
-0.5018971855359688,0.11502236633021763,-0.41756925229530606,-0.35999377797439375
-0.35430047183993346,0.11854360525473842,-0.4035535914469848,-0.3599896493985167
-0.3788989003359673,0.11871671290487386,-0.40288600919562484,-0.36000335175426845
-0.4807812202223519,0.1219304701698866,-0.3908365522292518,-0.3600908085743033
-0.5246679127679904,0.12465032208807673,-0.38112434095509273,-0.3602098947567879
-0.3503384684799836,0.12598660044108428,-0.37650630100181304,-0.3602027570660599
-0.3749464140160077,0.12543976083226396,-0.37838422885973366,-0.3602134099973821
-0.3157236034559735,0.13155738525725927,-0.3582650210799946,-0.36018128739338107
-0.2593445355695787,0.13612327714436245,-0.34442755689730686,-0.36010853360418643
-0.19199298046399058,0.13726617384229955,-0.341107927753947,-0.35998732556298946
-0.23485833946398507,0.1379464004396129,-0.3391582707087794,-0.3598971749966357
-0.08208920630720307,0.1423613407251307,-0.32695711675532313,-0.3596971692596383
-0.6589294242399784,0.04314399583614821,-0.3773917023713716,-0.3599124442632213
-0.4313519976672272,0.04253989715625143,-0.3829925945454047,-0.3599638026768834
-0.9255540278942086,0.04307306294970328,-0.3780412150572101,-0.36037011749384984
-0.34914004344000005,0.04270927596710097,-0.38140621697425,-0.3603620557034307
-0.5745935121127741,0.04209051136217364,-0.3872633512165054,-0.3605157368055895
-0.21806073695998157,0.042055472313284104,-0.3876001819557054,-0.3604136185261303
-3.0274057428383943,0.03671994691935098,-0.4463922528298335,-0.36232407133724226
-0.5917729107040071,0.03622510102882268,-0.4527225550439135,-0.36248831531674597
-0.23172748379998698,0.036144032318457794,-0.4537761487880735,-0.3623947811024994
-0.6564516225919621,0.03553118290100025,-0.4618964779823129,-0.36260497183980417
-0.41391717347200735,0.0352695107701821,-0.4654496357815138,-0.36264162341239864
-0.2829674411557539,0.03576669546651082,-0.4587429860343894,-0.36258475390329326
-0.48068162282550203,0.036028861836489116,-0.4552810921848199,-0.36266898847456447
-0.2644683168959582,0.03608152891497164,-0.45459169440657926,-0.36259899512347493
-0.1867130145711986,0.03645849990403576,-0.4497153954027716,-0.3624737202085517
-0.3604893645120063,0.03741721489179734,-0.4377566563511259,-0.3624723078557427
-0.19984004636641553,0.0030486300920458333,-0.45737117676245403,-0.36235663768398646
-0.5434085659199539,0.003007678445957776,-0.4636176484734932,-0.36248531709282505
-0.7009107852607365,0.0029569804158772967,-0.4715904468763085,-0.3627256760901034
-0.8958261759999611,0.0028631400478467827,-0.4870928209525307,-0.36310402988705864
-0.48255043798063746,0.0028456395824755687,-0.4900970058776962,-0.363188743651664
-0.4313523870391795,0.0029082069299852463,-0.4795229379633604,-0.3632370523996353
-1.0045845712063748,0.002804475428802044,-0.49731118976437133,-0.36369126452343614
-0.3218754110879908,0.002816220978632395,-0.4952312319205309,-0.36366167085504586
-0.28287503999994706,0.0027999044732286453,-0.4981253533915708,-0.36360453745274374
-0.33294283018801146,0.002765698271412634,-0.5043034741222604,-0.3635828684016733
-0.0741653050743803,0.0,-0.5071853996296687,-0.36337847746712015
-0.2991599999999638,0.0,-0.5079854845181796,-0.3633331574406789
-0.29541779184797573,0.0,-0.5088259206584993,-0.3632852622604302
-0.21608029554958455,0.0,-0.5084891147701316,-0.3631815237356164
-0.5104352538559809,0.0,-0.4893792694123721,-0.36328522354556025
-0.4363528372595699,0.0,-0.49260437655756384,-0.3633366434003907
-0.17833499351999665,0.0,-0.49155097156378424,-0.36320654378725403
-0.4991166514079779,0.0,-0.4977882361119441,-0.36330205334988275
-0.14337213587196096,0.0,-0.49015285430586336,-0.3631476081831146
-0.30777973326405395,0.0,-0.48795090843421635,-0.3631087535340486
-1.0509746083199993,0.0,-0.4630330376792098,-0.3635911279062687
-0.23927639155198552,0.0,-0.4630139184542504,-0.36350401176306313
-0.6476805714015985,0.0,-0.465929586171563,-0.36370301495608737
-0.9816001147567854,0.0,-0.47847557902989996,-0.3641354132064728
-0.46329222067197096,0.0,-0.4801634454366201,-0.36420475363127375
-0.5822999913599415,0.0,-0.48219382085937185,-0.3643571612048088
-1.394427748896023,0.0,-0.49958901758193247,-0.36507648424090605
-0.29960319999996377,0.0,-0.4985743122123321,-0.3650307945798866
-0.3306590249688105,0.0,-0.49768856443138815,-0.36500682542395135
-0.3240411412969048,0.0,-0.4978549151882068,-0.36497827790888027
-0.32369700897596715,0.0,-0.49914196465633454,-0.36494953050711637
-0.23233500647999072,0.0,-0.4999488051766546,-0.3648572448258171
-0.09479359009120958,0.0,-0.4971475101891991,-0.36466943978079996
-0.18850006841681924,0.0,-0.49927572743139137,-0.3645470149223121
-0.6457564597903833,0.0,-0.49901226814239946,-0.36474229925902607
-0.2835986399999786,0.0,-0.4960572009890545,-0.36468598860027585
-0.3053424073919839,0.0,-0.4836529685790101,-0.36464483493785677
-0.6476805714015985,0.0,-0.489623779138242,-0.3648409788993701
-0.8848646923703677,0.0,-0.49582920274339387,-0.3652011061247656
-0.990251634183946,0.0,-0.5112730206878732,-0.36563366704383765
-1.30666734667468,0.0,-0.47685825276459887,-0.36628445105464735
-0.7274263276799735,0.0,-0.4795713211041182,-0.36653403078970287
-0.7497883087439381,0.0,-0.4899325376029972,-0.3667987091584558
-0.5058456524160053,0.0,-0.4869204181994781,-0.36689466978182195
-0.43493843244795044,0.0,-0.48734084337899697,-0.3669415965146951
-1.008223553584008,0.0,-0.501845965627562,-0.3673835551343156
-0.04536196469119111,0.0,-0.49313957246487583,-0.36716177717946497
-0.934931995603178,0.0,-0.5065488460390202,-0.36755253438416124
-1.0511581953599993,0.0,-0.5238377496547962,-0.3680226895842822
-0.2419641501759519,0.0,-0.5214672453680752,-0.3679360514128675
1.7393159728113912,0.0672237802756502,-0.482684124984519,-0.3664887629346915
-0.19942150462080763,0.06812955903271911,-0.4758043837585361,-0.3663740976921974
-0.8297771322399914,0.06778738622077628,-0.4783817106981212,-0.3666919324209682
-0.36486782164800335,0.06921977545409083,-0.467762543611082,-0.36669068217369416
-0.38787583999999925,0.06948156649006541,-0.46586905165146925,-0.36670519255576695
-0.20371847999999365,0.07011919094450035,-0.46131637351068555,-0.36659363423095115
-0.44474118440313437,0.07173829978154447,-0.45011950577462073,-0.36664708672764895
-0.797535968216008,0.07035796944912844,-0.4596327169171811,-0.36694161091185157
-0.2985306373919569,0.07031344046322152,-0.4599458288650213,-0.3668948821048025
-0.21836987272343086,0.07064062783829107,-0.45765436971572965,-0.3667934998458391
-1.574324325580759,0.06658384083261272,-0.4876575501258572,-0.36761719072287513
-0.14298935237273902,0.06698430422324533,-0.4845341371733128,-0.3674640701786692
-0.2659929776543839,0.06706029725457281,-0.48394564088944086,-0.36739494818103685
-1.039170192480053,0.0649976179986584,-0.5004074388280503,-0.36785224923229554
-0.3063747918703872,0.06549707687910207,-0.49632622958833833,-0.3678104278327296
-0.03810177771115322,0.06649428240433687,-0.4883612083973701,-0.36758628870960147
-0.43923579632795706,0.06583760023187507,-0.49357922445352925,-0.36763496364684217
-0.05692053773278524,0.0669583670967668,-0.4847353021800254,-0.36742402377860456
-0.15517367738285112,0.06692796015826212,-0.48497133301024326,-0.3672800276141569
-0.2644271902480022,0.0670397948017402,-0.4841042821499222,-0.36721029687695955
-0.28961910980800887,0.06906658916897289,-0.4688771721796824,-0.36715772832203475
-0.3017616773696074,0.06889564312964168,-0.4701268778960348,-0.3671134520519248
-0.705172490419159,0.06873910362938997,-0.471276716276386,-0.36734217941211916
-0.6134748781439858,0.06975392503883832,-0.46391421154413004,-0.36750859773445305
-1.0631665967999218,0.06811524265717675,-0.4759116990666891,-0.36797863692301075
-0.7457145430055865,0.06768210057637863,-0.479179990099602,-0.36823369155237107
-0.3892069999999531,0.07043734258128749,-0.4590755751216806,-0.3682478435823627
-0.6101924386623668,0.06956238828918758,-0.46528735989492864,-0.3684109889600296
-0.9391932209743639,0.06790961882738404,-0.47745804381503976,-0.36879561310559184
-0.31273263999998563,0.06793961604321402,-0.4772318737891013,-0.3687578602617496
-0.852536380427128,0.06656458776419903,-0.4878086612181246,-0.369083417812332
-0.2050882623167517,0.06663407030932147,-0.4872637263348597,-0.3689731318974056
-0.4156229872883359,0.0658250062267308,-0.49368031427880227,-0.3690044826066737
-0.44374583489596775,0.06519522923816046,-0.4987852296083852,-0.36905467827644484
-0.3474075587839804,0.06593255889986369,-0.4928182515882572,-0.36904015000832907
-1.039170192480053,0.06409672705798931,-0.5079296826378586,-0.3694896000703491
0.3116436836783884,0.07644147109332497,-0.4955899608164512,-0.3690330764217239
-0.35236687119997007,0.07729219998629361,-0.48968368681241864,-0.36902191352472336
-0.5312494513143247,0.07833613062092412,-0.4826113819912978,-0.36913049956072713
-1.2880020374143637,0.077455267726599,-0.48856639005590613,-0.36974512935193354
-0.03287042608317825,0.08136958607129122,-0.4630904516440761,-0.36951994572675395
-0.06874005506476524,0.0835530494213597,-0.4499167261917719,-0.36931902395610466
-0.18170619265599164,0.0855325130997632,-0.438555083870013,-0.3691937817456239
-0.36743054132394837,0.08602910890304352,-0.43578678164817186,-0.3691926054678243
-0.1530203063759793,0.08705860093682039,-0.43014841912673246,-0.36904849060176304
-0.2963548544135642,0.08977123791329683,-0.4159110451433235,-0.3690000604643959
-0.3496620837189415,0.08859126209457743,-0.42199704752387857,-0.36898718564632293
-0.2026023962559806,0.09148521371098614,-0.4073504555369346,-0.36887648385697475
-0.6183839999999876,0.09328603992602351,-0.3986949716297344,-0.36904237981185706
-0.3775783199999537,0.09271415237664828,-0.40140725502621444,-0.3690480515329123
-0.3124776199999624,0.013891702845358013,-0.44244312688244153,-0.36901048816536053
-0.0920678735791958,0.01395849917807027,-0.4402960542616093,-0.36882671735276185
-0.9314173583231897,0.013895241663682206,-0.4423288587832732,-0.36919978806958575
-0.4158372315360089,0.013863735346565601,-0.4433482469810333,-0.3692306942614124
-0.4085416044959753,0.013851001647354174,-0.44376156227095287,-0.36925672797679954
-0.08585188146078324,0.013923943342135151,-0.4414042303001686,-0.36906916686064073
-0.43022183542422326,0.013932981816538428,-0.44111384332059045,-0.3691096117472568
-0.6183839999999876,0.014045479582416101,-0.43753080395627003,-0.3692743667956724
-0.21463553193597595,0.014098788105602975,-0.4358529018471504,-0.3691722275388298
-0.6428073781583074,0.01383316925177018,-0.4443416519558479,-0.3693528447999647
-0.5345270976079933,0.014502522806163683,-0.42354570739639263,-0.3694617987925822
-0.38339027999995384,0.014342075155980037,-0.4283537259489369,-0.36947098038863185
-0.3405545138879711,0.0142930303716783,-0.42984495667360867,-0.36945193133296605
-0.03788455086077869,0.01498099255160307,-0.40981924384122315,-0.36923365129315555
-0.10302042239997611,0.015128883861801648,-0.405752156451815,-0.369058511010989
-0.4183479056686131,0.014854678081993885,-0.41335707901096413,-0.36909091692463636
-0.6004019956799584,0.014741433198677125,-0.4165804029980042,-0.3692428952943836
-0.4068630707631916,0.014501390903637055,-0.42357925365861226,-0.36926759665713393
-0.6227972784319817,0.01419256853295564,-0.43293172567959487,-0.36943395471604135
-0.6531183372167075,0.013945710108333748,-0.44070554861896905,-0.36961997726194346
-3.1129457300087595,0.012381430924383513,-0.49717208102298405,-0.37141770055994267
-0.3813606412320113,0.012342399040963563,-0.4987640603002321,-0.3714242119814699
-0.6435386427904135,0.012372600053888221,-0.49753138334765723,-0.37160229734194694
-0.237221614792444,0.012560220508853207,-0.49000631808062634,-0.37151440938736907
-1.075215795359905,0.012554123967711469,-0.490247302051826,-0.3719743449337564
-0.2292777338879769,0.012820847922257234,-0.4799185658694738,-0.3718811400930994
-0.854812564479988,0.012579883349831133,-0.4892306771590745,-0.3721963694823859
-0.6531183372167075,0.01255812317310549,-0.4900891951301613,-0.3723796192982596
-0.2681444000000035,0.012907143454147132,-0.4766682187106741,-0.3723116693508683
-0.11324877926400137,0.013014669260622013,-0.47267854149595445,-0.3721428987384338
-0.3643262959279485,0.01328553915377696,-0.46291433980597085,-0.37213780980431244
-0.5852829507839777,0.013073642785089452,-0.4705182335753154,-0.3722764858882289
-3.0818427876936076,0.011758463908010436,-0.5238426295834208,-0.37403823250838847
-0.21831330114323294,0.01185933557823852,-0.5193339789083661,-0.37393704671802774
-0.6124019985600021,0.011740938333027157,-0.5246338677038865,-0.3740918940893537
-0.10630115439999152,0.012168605560182842,-0.5059764869422854,-0.37391811684101534
-0.6544271915999073,0.0,-0.5252979044478513,-0.37410002934085906
-0.46163219589766,0.0,-0.5274832109418051,-0.3741567578998719
-0.35412187388796124,0.0,-0.5239406593932777,-0.3741437819387243
-0.3695344407223858,0.0,-0.5055713074594382,-0.3741407985463512
-0.14575678703998704,0.0,-0.5078290346785743,-0.3739930727950534
-1.7443096386687629,0.0,-0.5413404263506544,-0.3748788624303952
-1.0512193910399268,0.0,-0.5587306903183331,-0.3753157749165771
-0.34175642227995157,0.0,-0.5582172079374531,-0.3752941097437968
-0.06972106543357405,0.0,-0.5565512231186049,-0.3750969658442418
-0.3929583358079799,0.0,-0.5584832927464933,-0.37510848187903467
-0.20262482116800884,0.0,-0.5555425474954747,-0.3749973454997106
-0.3317432822633933,0.0,-0.558125365215623,-0.37496949355944253
-0.22678380647999644,0.0,-0.5502933613452231,-0.37487413597444924
-0.31009387723203513,0.0,-0.5489436724898646,-0.3748324766440684
-0.6184079999999633,0.0,-0.5550622800898648,-0.37498901618350017
-0.2010189999999758,0.0,-0.5572413026182804,-0.37487728206905985
-0.3238697055439674,0.0,-0.545090349562696,-0.37484454293136726
-0.3432729618017636,0.0,-0.543639064168011,-0.3748242917568133
-0.576925046207962,0.0,-0.5470067330022507,-0.3749538435224871
-0.6184079999999633,0.0,-0.5576578553730343,-0.3751098039045995
-0.29887660580800446,0.0,-0.55503095078071,-0.3750609990402611
-0.20153223999997572,0.0,-0.5466939155807097,-0.3749499761617964
-0.7643923104479861,0.0,-0.5576890511509499,-0.37519898021185155
-0.16900397465599573,0.0,-0.5482129830809037,-0.37506722621469124
-0.18753019786690994,0.0,-0.541273045086082,-0.37494747076874757
-0.15428720786153327,0.0,-0.5366909836433136,-0.3748066537534909
-2.118014463039965,0.0,-0.5722401826263535,-0.3759183934277807
-0.36107378168401155,0.0,-0.5787039672428181,-0.3759089322348274
-0.4003844275199712,0.0,-0.584651247345218,-0.3759245217222702
-0.23462119049597213,0.0,-0.5809767130417652,-0.37583457689017197
-0.1580617171560104,0.0,-0.5721299074712863,-0.37569604453665156
-1.2670034428798393,0.0,-0.5893327149136192,-0.3762626735247908
-0.19325473630012585,0.0,-0.580741864070982,-0.3761464041872911
-1.3026002774400063,0.0,-0.5937315028754481,-0.3767346288687214
-0.36501244964794205,0.0,-0.5387728372682318,-0.3767271909377437
-0.946793047703978,0.0,-0.5500814853976711,-0.3770886784816665
-1.7461044963431558,0.0,-0.5721328024687259,-0.37795624237131253
-0.7558893979560071,0.0,-0.5825061581319972,-0.3781955920581933
-0.18148709945215658,0.0,-0.5646315842138422,-0.3780710930122401
-0.46542349110400505,0.0,-0.5693544993581628,-0.37812634437093195
-0.3433255990375653,0.0,-0.5591247600493143,-0.3781043464282433
-0.5339114814079686,0.0,-0.5567406229331395,-0.37820277165564686
-1.5675524491872042,0.0,-0.5827287839168835,-0.3789536237247955
0.7210880061664052,0.024845235682789263,-0.5660420482082754,-0.37825959115073166
0.42951998163203625,0.04014841561600089,-0.5501651226570757,-0.37775027237848535
-0.12260976944154267,0.04080721365077431,-0.5409116590302271,-0.37758950331551305
-0.15340537122216913,0.04553661593851072,-0.48234291070079827,-0.37744832942880435
-0.37429763394807514,0.045257231424097856,-0.4854625973568951,-0.3774463466122652
-1.3142211062399527,0.04404147208856616,-0.4994989795104941,-0.37803551312775435
-0.9495940425047693,0.04266433289284378,-0.5163648372725896,-0.37839475796080085
-0.07912544755997952,0.04359428990437125,-0.5048588023917912,-0.37820677472562453
-0.5737590681599656,0.043409873118938465,-0.5071013398370373,-0.3783295319719737
-0.42509809849595326,0.04329394169924927,-0.5085208643291971,-0.37835887235247806
-0.5444254909439363,0.04301090295479167,-0.512018685333628,-0.3784629893547298
-1.0153136651839911,0.041656850159139204,-0.5294098228965082,-0.3788620186002369
-0.36338854139998955,0.043849092267901284,-0.5017914009511327,-0.37885232950994235
-0.4557640105599938,0.04486724240629318,-0.48988229334153405,-0.37890045947305256
-0.25883645571590924,0.045012787315058624,-0.4882238940102532,-0.3788253725413721
-0.11727865132801085,0.04492919680455142,-0.48917504572814197,-0.3786619058406137
-0.9919207037303466,0.043902389462686396,-0.5011542930865892,-0.3790449531847047
-0.6818998244967809,0.043113958891474895,-0.5107397931531646,-0.37923400116929407
-0.22844598367999736,0.043281484665206565,-0.5086738471814968,-0.37913993503237
-0.2845439927039969,0.04318765008318511,-0.5098290509059767,-0.3790809600059807
-0.5351465666559188,0.04282588822508675,-0.5143301046944545,-0.37917819714408035
-0.22546084787194476,0.04346153849526542,-0.5064711616518941,-0.3790824827298387
-0.13969440515014497,0.04356244627689279,-0.5052446697548975,-0.37893351690682703
-0.19688291999998359,0.04377289615909653,-0.5027049340440177,-0.378820301361487
-0.3095499999999554,0.04382912594342076,-0.5020304748079816,-0.37877724958935427
-0.2688938999999658,0.0443495038173417,-0.4958698518838217,-0.378708999061659
-0.61437699523201,0.04435639558996443,-0.4957892317884627,-0.3788552858376803
-0.7877866147199473,0.04353584609835374,-0.5055674319667015,-0.3791089653220986
0.22603716824801376,0.05248872060930477,-0.4970160438017417,-0.3787337972293707
-0.20084998128000492,0.053641297189044326,-0.48574519721838205,-0.3786235842083364
-0.12512068048799435,0.05373317676860008,-0.48486753133502203,-0.3784666164660947
-0.9215075974910725,0.05223667002687342,-0.4995470793275053,-0.378802656677125
-0.7757098527999913,0.05103331350734146,-0.5119755322262745,-0.37904811567287194
-0.6444801562319913,0.053982088901299144,-0.482504846090115,-0.37921216514169714
-0.6239189553119161,0.05343137751874688,-0.48776174956267304,-0.3793633120164162
-0.4325480326400289,0.053364759204993485,-0.4884050216650742,-0.37939614209087524
-1.2364882289279069,0.051369727094471976,-0.5084423624337129,-0.3799248848958333
-0.3302900119420602,0.05104169612544669,-0.5118869283294338,-0.3798942838644192
-0.35203092748799275,0.052834055464429965,-0.49358747802159697,-0.37987711605395924
-0.8784830250560418,0.05148021474990917,-0.5072920437967153,-0.38018413939694085
-0.13264586205597395,0.053835570997060066,-0.4838929554890347,-0.3800318081493464
-0.24015119323198394,0.054099732869367284,-0.4813957303607155,-0.37994578071089785
-0.5147550491999625,0.055034120510803614,-0.47275497039063524,-0.38002863828218797
-0.6751099094399994,0.057495811306824525,-0.451335078652572,-0.38020989213425055
-0.4872079857599128,0.058148324083888196,-0.4459614504086501,-0.3802755754329771
-0.8875079831471957,0.05646445667134993,-0.46008186808255097,-0.38058676095918215
-0.7394897133120022,0.055836789956259875,-0.46556319252671086,-0.38080681181899384
-0.12312531728198645,0.05633998111208073,-0.46115918689159924,-0.38064891874636086
-0.14579596063999445,0.05724932056399357,-0.4533968764762399,-0.38050510187060677
-0.38701875462400054,0.060205013911304006,-0.4297862025849758,-0.38050908819420126
-0.07219162199995344,0.028579342199240954,-0.445651795148303,-0.3803205148203822
-0.5324877029999971,0.009630637262311795,-0.46489194884094365,-0.3804135265490983
-0.32486158178717534,0.009548356892881093,-0.46893698508785625,-0.38037959133543797
-0.6659906366254698,0.009345989657078023,-0.4791886903959223,-0.38055395705295325
-0.3308240124799869,0.009362819416382784,-0.4783192179665605,-0.38052361541501983
-0.43256972352771306,0.00971770418214878,-0.4606861903123158,-0.38055535084679587
-0.21701818478395235,0.010033712167637225,-0.44603467315789935,-0.3804556938290854
-0.20706239999999637,0.00997705171946525,-0.4485934122066997,-0.380350094989969
-0.18840768771999594,0.010149687962194509,-0.44088638459790025,-0.38023327063983514
-0.18682550611195087,0.010259454813299559,-0.43612093275022024,-0.3801156260142099
-0.843987030640017,0.010121832258724116,-0.4421121635441419,-0.3803976147100311
-0.2579389905487921,0.010477163826156051,-0.4269646700514379,-0.38032321700397925
-0.39227975999996245,0.010463152079544206,-0.42754249442343734,-0.3803304765929264
-0.6413865350400068,0.010374014628545139,-0.4312549449130376,-0.3804888843953822
-0.2007979812799836,0.010401721545946591,-0.4300941754243191,-0.38037991477554267
-0.4562127744720124,0.010241977573158485,-0.4368728578871991,-0.3804258740844496
-0.3804998928719864,0.010533807313824103,-0.42464444167003196,-0.38042591891714955
-0.24549698775998471,0.010752483690574003,-0.41591638493529604,-0.3803442428087009
-0.44474776567998103,0.010642974129451888,-0.42024242057529565,-0.3803832044075341
-0.6976476233599747,0.010439907384943003,-0.42850449318841527,-0.3805750208639745
-0.16232718823999026,0.010622824898349202,-0.4210481056200967,-0.3804431490617848
-0.4932123195731975,0.010490816571932371,-0.42640313505412175,-0.3805112463869728
-0.8495596958640428,0.0101562080734181,-0.44060044086839967,-0.3807943172677677
-0.45940231324797753,0.010037807990184071,-0.44585082873335957,-0.38084172860430576
-0.9063518003239298,0.009778647994768627,-0.45778686473983904,-0.38115849175784383
-0.7304904634400051,0.009587198924963314,-0.4670187960086398,-0.38136893270464034
-1.0017547820159063,0.009432224257841827,-0.47476635174431775,-0.381742434119036
-0.1712097029159775,0.009681313988919676,-0.46243481350823834,-0.3816157597921991
-0.7729364345599832,0.0,-0.48241428556439836,-0.3818510698792512
-0.2893159999999774,0.0,-0.4841836059387978,-0.38179545986129493
-0.45331723830398235,0.0,-0.49074753709511754,-0.3818384158843836
-0.4400342500607659,0.0,-0.4811180701465114,-0.3818733473574787
-0.3882327583392008,0.0,-0.4733685282572956,-0.38187716224109103
-0.15578534415750944,0.0,-0.463594632015806,-0.38174161558756364
-0.8943607748927731,0.0,-0.4690034684074231,-0.3820487570850503
-0.41150864937594595,0.0,-0.46858268074214143,-0.3820663977391167
-0.2455309877599625,0.0,-0.44876353591878254,-0.38198468893601734
-0.41632797503997865,0.0,-0.45048429518074085,-0.38200522917890245
-0.2658262089600242,0.0,-0.44876020081018153,-0.38193578565217273
-0.2850255927039834,0.0,-0.4368910521631404,-0.3818778942585358
-0.46002828062395823,0.0,-0.4434387005345,-0.38192455120561963
-0.3377480638367415,0.0,-0.44539063794659517,-0.38189819291960003
-0.31790814028798564,0.0,-0.4414536997683556,-0.38186003546424424
-0.5269691951999931,0.0,-0.4384908854835555,-0.38194651291343124
-0.9139351745175508,0.0,-0.4470254292587083,-0.38226336143136097
-0.36988620239997666,0.0,-0.4366729936437639,-0.3822559940747947
-0.35946487219996787,0.0,-0.42907249682152326,-0.3822424360011036
-0.5555080628527851,0.0,-0.4377201517329392,-0.38234544766986195
0.064769065040005,0.0029792288205016506,-0.4335088512193392,-0.3820797824810861
-0.4781458290879378,0.0029667931009016834,-0.435331392708618,-0.38213682882705213
-0.26214299352000864,0.0029412021197788613,-0.439130420139019,-0.3820656158684129
-0.32150080153600513,0.0029696545038186235,-0.4349106821097392,-0.3820296936772312
-0.33007200815997423,0.002968945230297463,-0.4350148906371952,-0.3819988948120758
-0.29298233102319937,0.00302059223771262,-0.4275547245251497,-0.3819461598809212
-0.39943199999995066,0.003010958298647646,-0.42892688427554904,-0.3819565126577827
-0.4172691160551456,0.0030131014830784117,-0.4286208721260977,-0.38197740768937877
-0.6847551562463519,0.0029489343067647463,-0.43797561155534576,-0.3821564601722628
0.22864353747022248,0.013486212146091268,-0.42926149280594134,-0.3817954672658548
-0.8087196201840334,0.013112358037090426,-0.4416677314552221,-0.38204763746840537
-0.2623244261783786,0.013068265941612226,-0.44317770985655064,-0.3819769626093203
-0.5460923726719615,0.013243985708741933,-0.4372198166971895,-0.3820737858600947
-0.36680088999996724,0.01317922587146086,-0.43939705468621304,-0.38206478061489424
-0.4028256680593577,0.013172985946788498,-0.43960797284740094,-0.38207701449081904
0.5846191814720243,0.040588690161156474,-0.4150878585171603,-0.3815076998877785
-0.2925175399999805,0.040417324297231896,-0.4169222496915602,-0.38145532192433657
-0.5862952099199654,0.04017674914213345,-0.4195238984005193,-0.38157581597609874
-0.9368216542399996,0.039179397386850674,-0.4306503336278795,-0.38190223916143906
-1.2319037633279817,0.03752760882517366,-0.4503784691392395,-0.38240165251288827
-0.8320677934799273,0.03691648259453619,-0.45812486969523847,-0.38266569604839445
-1.0343874491279497,0.036401112496381456,-0.4648596662105979,-0.38304816186592944
-0.6092051365279703,0.03573899407867897,-0.4737972251763576,-0.383180805252828
-0.21531840422398374,0.03614787219115047,-0.4682393468693732,-0.3830824099415566
-0.061527539039961415,0.03735992757881208,-0.4524787037328916,-0.3828940356762364
-0.44405283628800407,0.03738434383831611,-0.4521717141936922,-0.3829298429365478
-0.5555382491847685,0.037951211298444414,-0.445155443170909,-0.3830308425891214
-1.045116463611977,0.0374420335203957,-0.4514479631743484,-0.383418027162819
-0.48226599866917924,0.038290263704423906,-0.44105818750741377,-0.3834757992092867
-0.7044017109080162,0.037420167100151315,-0.45172202766725456,-0.3836632559334098
-0.5594940647999596,0.0377636858889996,-0.44745318027205405,-0.3837659008889653
-0.45739628396002124,0.037492649845925465,-0.450814785951255,-0.3838088591054595
-0.8219533887488071,0.03691162199474416,-0.4581875089601515,-0.38406433696530984
-0.6923371474079771,0.036524225094991446,-0.4632335669070957,-0.3842439831252415
-0.5071423957599352,0.03634445148188566,-0.46561175965551044,-0.3843155605350462
-0.8269201171199518,0.03536208070755039,-0.4790344551147593,-0.3845731883328255
-0.5003100489599961,0.035932330440461346,-0.4711534405961037,-0.3846405163494789
-0.6668936615239471,0.035560674953304214,-0.47626114083906373,-0.384804617015278
-0.40125833999996674,0.03533779852058003,-0.4793756878838638,-0.3848141775748275
-1.0854096544799847,0.03441116549697252,-0.49275732147266393,-0.38522102744527187
-0.32126351582398244,0.03433656390386322,-0.4938660676099431,-0.3851839075894266
-0.7436919428208326,0.03373153026863628,-0.5030393946122801,-0.38539185888596456
-0.5092471443199696,0.03366786933220998,-0.5040237718862003,-0.38546365905143354
-0.15257618588798103,0.03390863286483008,-0.5003203343272251,-0.3853287300403307
-0.2848019254499755,0.03395204143332278,-0.49965821003046496,-0.3852705211204753
-0.6096088542399744,0.03384389194441418,-0.5013110032112645,-0.38540034654473426
-0.280788030753524,0.034690505749634254,-0.48864806033598407,-0.3853398420243229
-0.34326341817597594,0.03472703338433543,-0.488115604651504,-0.38531552039204064
-0.39876723263999536,0.034673135812229375,-0.4889016518603045,-0.38532329145630867
-0.2239013851680042,0.0351332058292105,-0.48226951830660897,-0.3852300917413616
-0.23505323670399492,0.03223835072108969,-0.4882659643414889,-0.38514343458323275
-0.2741327900159926,0.03250119541349929,-0.4841857035600501,-0.38507941460366685
-0.6783266526959573,0.031969468176827054,-0.492509376743569,-0.3852484331846998
-0.3605974921439442,0.03192040981933655,-0.4932913105557277,-0.3852342333338699
-0.4859693290143933,0.031726278601137706,-0.4964092569728162,-0.3852922270561961
-0.4190169719999728,0.03157105160753802,-0.4989299497923516,-0.3853116313973605
-0.4787577477119796,0.0314741287798861,-0.5005164647465922,-0.38536536694440743
-0.38272691777279233,0.03151626033653269,-0.49982562078094517,-0.38536385059430883
-0.3995873970399537,0.031868440630406766,-0.4941222655968172,-0.3853720203510266
-0.3765542820479605,0.02257571653661644,-0.5062262219871808,-0.3853669585035507
-0.4700175694399159,0.022874905533918122,-0.49945218097229854,-0.38541552454539596
-0.4069079999999967,0.022746224504807833,-0.5023438524487308,-0.38542784821251447
-0.49656884866398165,0.02279013767087955,-0.5013533819685713,-0.38549153933025165
-0.48318823818715295,0.02268720325055399,-0.5036811289323149,-0.38554749391149845
-0.17966976385917816,0.022885389993664816,-0.49921801084831136,-0.3854296474718577
-0.3618979670879232,0.0,-0.5181483538195103,-0.38541618541214157
-0.10798952282397739,0.0,-0.5144577934759903,-0.38525756525057026
-0.743584408879973,0.0,-0.5176035774551905,-0.38546232344692993
-0.6859967878847903,0.0,-0.5125870801280863,-0.38563395934895045
-0.3207519497159825,0.0,-0.49436404385584626,-0.3855969262384293
-0.3593216139391604,0.0,-0.4849091202650309,-0.38558193746929115
-0.22820598031999018,0.0,-0.46878549088887167,-0.3854922134344283
-0.17248188470302023,0.0,-0.46005102585237273,-0.38537084002774374
-0.3003840000000033,0.0,-0.46175233776789315,-0.38532244205506283
-0.3430975544947203,0.0,-0.46738373807698835,-0.38529840967739615
-0.32737360673597193,0.0,-0.4650501534859477,-0.38526546041519966
-0.5271895823639514,0.0,-0.4644831801495312,-0.38534614496434616
-0.26234399183995466,0.0,-0.4488277307140908,-0.3852762573773437
-0.4027427743079258,0.0,-0.4472372662268658,-0.3852861758991668
-0.23675586479998784,0.0,-0.4378843493047052,-0.38520187946835005
-0.2680220428031115,0.0,-0.43205490886476833,-0.385135413310287
-0.3605974921439442,0.0,-0.43011893302844667,-0.38512150292413827
-0.27697380000000027,0.0,-0.4192193412534706,-0.38506022943806223
-0.3391426104639965,0.0,-0.41215545051459096,-0.3850342285213159
-0.356042366748385,0.0,-0.4091334499343599,-0.38501782112925426
-0.2344912065279896,0.0,-0.39728487172252075,-0.38493268164135763
-0.53792980494869,0.0,-0.3980372668422946,-0.385019169557303
-0.8391008084159486,0.0,-0.40148140978013463,-0.38527571285609313
-0.25079598444796997,0.0,-0.3984721626690947,-0.3851997785091659
-0.48433709185835006,0.0,-0.386450711416662,-0.3852557250742614
-0.21920988168796823,0.0,-0.38440963873394174,-0.3851620725963221
-0.3742232912880409,0.0,-0.3770202657032859,-0.3851559064287301
-0.10932695512002041,0.0,-0.36902186191928693,-0.3850005098364435
-0.615650555839959,0.0,-0.3782833493183265,-0.3851303803578419
-0.5262630838400171,0.0,-0.3831125724861273,-0.3852098022506287
-0.43135653144478914,0.0,-0.3795475260302236,-0.3852357565415141
-0.3026399999999638,0.0,-0.3799845654151524,-0.38518932834784264
-0.27187919999996424,0.0,-0.3785568810516321,-0.3851256709723663
-0.23653484920004259,0.0,-0.3753122333828331,-0.3850422398540213
-0.10778592350154342,0.0,-0.3729899241495038,-0.3848866526955743
-0.19639692000000125,0.0,-0.372216797815424,-0.3847809377585606
-0.3387962572631619,0.0,-0.37351006716036733,-0.3847551615923636
-0.36789641644793974,0.0,-0.36730146243540707,-0.38474571691721265
-0.3674530218879539,0.0,-0.36743857303028726,-0.38473603455717387
-0.34951993540800064,0.0,-0.3647095851581594,-0.3847163277305655
-0.29791925862398394,0.0,-0.3622876308906396,-0.38466778350847014
-0.526178929663975,0.0,-0.36323605452967955,-0.3847468842050355
-0.3335925164000009,0.0,-0.3622533665022237,-0.3847183063459266
-0.18850895578616964,0.0,-0.35803179767714793,-0.38460875338637335
-0.37010704640002096,0.0,-0.3579028529641892,-0.3846006609159569
-0.5044398850079403,0.0,-0.3585912992755497,-0.3846674981853891
-0.3391850927871801,0.0,-0.3572368411312934,-0.3846421456740189
-0.42696899788799403,0.0,-0.35584484411577355,-0.38466572609307953
-0.7370010840959715,0.0,-0.36092110103395003,-0.38486190390933955
-0.062399942399969766,0.0,-0.3585757046047658,-0.3846824593008201
-0.6873642964080098,0.0,-0.36508503119116753,-0.38485080292546264
-0.6972487940880103,0.0,-0.3768702166164482,-0.3850244538377264
-0.7976986949759849,0.0,-0.37795250233836847,-0.38525371730502544
-0.5331508315199719,0.0,-0.3748955832110721,-0.38533583674656624
-0.4920827328000206,0.0,-0.3783221988727528,-0.38539507475769463
-0.2769253000000105,0.0,-0.37667427259396985,-0.3853349140395817
-0.16627781919997814,0.0,-0.37543570937156956,-0.38521348549477036
-0.45626344420798703,0.0,-0.3811113405616689,-0.3852528483527833
0.24730064906403043,0.013185723044863379,-0.37015764758038827,-0.3849025972467939
-0.5075354635040148,0.013071120710414802,-0.37344640576057414,-0.3849704626957464
-0.33934380238942013,0.013062856012998914,-0.37368580967364307,-0.3849452267110637
-0.27731799999999274,0.013237574217785035,-0.368688378026364,-0.3848857312844683
-0.31508159999997576,0.013200310367747707,-0.3697431301895644,-0.38484716546607906
-0.3997200000000009,0.013202440560140754,-0.3696826747034059,-0.38485537796444125
-0.41003820000001007,0.013081425801519758,-0.37314832140740634,-0.38486927576909663
-0.8024361713759685,0.012721795588375414,-0.38383660397886343,-0.38509959396854887
-0.7249125007360293,0.012487758486820119,-0.39112290415070516,-0.3852869219215629
-0.34081588448320677,0.012447629983388461,-0.3923997458403693,-0.3852624199725611
-0.5518027302144148,0.012315801231896833,-0.3966529482353776,-0.38535412719185724
-0.6090512148800031,0.012162552164510754,-0.40171312519801006,-0.38547724061381
-0.46651577457594806,0.012025328072406131,-0.4063536165589692,-0.38552181626505433
-0.33988822841680255,0.012142258496976997,-0.4023927850283314,-0.38549672908097055
-0.7684919071532766,0.012184500197279971,-0.40098060700307797,-0.38570716599199933
-0.28276660702973333,0.012165337452432812,-0.40162001945471326,-0.385650636305584
-0.5358941451519841,0.012134561529921794,-0.40265116052058597,-0.3857330970678488
-0.6798004625280304,0.011866378024150442,-0.4118629721373871,-0.38589440664846325
-0.5157810455039681,0.011786320009539953,-0.41469412722170573,-0.38596561642853755
-0.695098698719937,0.01146620854597931,-0.426409562093704,-0.3861350044188342
-0.7854640963199399,0.011376634804659691,-0.42980583290330365,-0.38635369504966727
-0.4920827328000206,0.011394551682074866,-0.4291222258825038,-0.38641156534947585
-0.29779200316795995,0.01146510887661905,-0.42645093531696715,-0.38636308637672884
-0.7949843005439614,0.011209251204665035,-0.4362978213278471,-0.3865864987409537
-0.7866281627903596,0.010953682900992351,-0.446592800583655,-0.38680510074316654
-0.26033521428477624,0.010942147807892254,-0.4470688078853497,-0.38673602925957373
-0.21853918415997983,0.010888788106759875,-0.4492838730985184,-0.3866442187546067
-1.1007832780799522,0.01047179449298398,-0.4673716002601174,-0.38703381998719005
-0.6727412989743522,0.010325780743572915,-0.4740505010943412,-0.3871896037816214
-0.3970525424223712,0.010313225591470068,-0.4746336236138298,-0.3871949786800633
-0.48497096255997113,0.010262928285025464,-0.47698398242727014,-0.38724823357324406
-0.7459527304320134,0.01009681663897037,-0.48491263832775044,-0.38744350003859995
-0.6091906247199687,0.00997011029850057,-0.4911380656496702,-0.3875641459170991
-0.4982057461039895,0.009981366882616615,-0.4905786019784704,-0.3876243099193758
-0.8757055823999501,0.009767647160530519,-0.5014208632984695,-0.3878895714805065
-1.0585297232639141,0.009443149773432469,-0.5188212786480243,-0.3882538518454079
-1.110279516910844,0.009183590203459754,-0.5336247280582408,-0.3886458310338256
-0.35382745438640106,0.009235243304360343,-0.53061247944581,-0.388626938805585
-0.3859560172799981,0.009219140945751172,-0.5315478979356664,-0.38862549036657984
-0.7623527976000011,0.009105299212038708,-0.5382555739299065,-0.3888280525927226
-0.30303263420561827,0.009253147606452003,-0.5295762049320994,-0.3887815762013969
-1.0176534019440258,0.008933831652609922,-0.5486812741229805,-0.3891220590523675
-0.4703781399679686,0.009004414637542337,-0.5443415509941797,-0.38916602879312273
-0.5167881281279404,0.009063971431764328,-0.5407323376749783,-0.3892350510209944
-0.6940983017159073,0.009098519630742565,-0.5386603298097767,-0.38939984196731603
-0.35907601324799593,0.009157166188542926,-0.5351788334443373,-0.389383459563902
-0.44803681022394304,0.009172125497754702,-0.5342979149928158,-0.3894151298396364
-0.6693304435199249,0.00904055022268541,-0.5421460178632139,-0.3895661904514444
-0.2965899158935975,0.008997686960669772,-0.5447522597970864,-0.38951604143604107
-0.2014703686464071,0.009081878594280621,-0.5396563982858548,-0.3894146691056962
-0.49517810378397914,0.0,-0.5545059733428149,-0.38947165371489784
-0.26695199193602137,0.0,-0.5496943039114551,-0.3894056765141553
-0.7734940739199908,0.0,-0.5583773093420665,-0.3896123979336418
-0.4754978048880051,0.0,-0.5623409054398267,-0.3896585977222133
-0.3696821694719778,0.0,-0.5634329168292669,-0.389647857707025
-0.4169880015839509,0.0,-0.5637782768609457,-0.38966254881066653
-0.14871028259838306,0.0,-0.5585517185129132,-0.3895331437267716
-0.7972973960831089,0.0,-0.558448943007056,-0.38975201879513255
-0.29919917999999984,0.0,-0.5499346765923354,-0.3897034389459935
-0.4838629926239173,0.0,-0.5527956187551497,-0.38975392664233555
-1.2664598214151657,0.0,-0.5670887605791647,-0.39022375831156003
-0.4344485380415751,0.0,-0.5635967070423962,-0.3902474459279125
-0.8942453697599304,0.0,-0.5721512989460757,-0.39051725209698746
-0.7087578170399815,0.0,-0.5795286907185394,-0.3906875252724518
-0.40496802150398703,0.0,-0.5722582130055536,-0.39069516190145265
-0.589735245503948,0.0,-0.578397585775038,-0.39080154356024605
-0.6991646811143826,0.0,-0.5816629964942859,-0.3909662674585122
-0.4263280963200079,0.0,-0.5765935491701254,-0.3909851472390042
-0.31143597868797657,0.0,-0.5725066478338056,-0.3909426983763835
-0.8959711071358785,0.0,-0.5765240960021244,-0.39121204686105526
-0.7717666965119236,0.0,-0.5762501480059641,-0.3914149011519139
-0.3045923999999671,0.0,-0.572500341349963,-0.39136864515769343
-0.2594015865599946,0.0,-0.5717325330178037,-0.3912983751584401
-0.5427754314943947,0.0,-0.5666883556368124,-0.39137899094148215
-0.23335042931680597,0.0,-0.5556228009673413,-0.39129493319593706
-0.2935865199999895,0.0,-0.5562878270816456,-0.3912429882660084
-0.43349302951998003,0.0,-0.5605869039888456,-0.39126543780971396
-0.5281541236320175,0.0,-0.5491343208998869,-0.3913381349344205
-0.30922100263998265,0.0,-0.5418639149731995,-0.3912945483461538
-0.7573253519039134,0.0,-0.5490693711628303,-0.3914887291437972
-0.10041129057958915,0.0,-0.5413781777232227,-0.39133439328029546
-0.3848009652000136,0.0,-0.5341551424185826,-0.3913309309442699
-1.1821073903520285,0.0,-0.5456134777312238,-0.39174977440793923
-0.5278056542399681,0.0,-0.5462054758939435,-0.39182179975459464
-0.5025577413999679,0.0,-0.5387425190739438,-0.39188039019990967
-0.6180776510719957,0.0,-0.5299334776301055,-0.3920000080004766
-0.2208072233740887,0.0,-0.5121440317593704,-0.39190952555617087
-0.4025794800000057,0.0,-0.5131190722716424,-0.39191516208783694
-0.4437072501119076,0.0,-0.5142740969282806,-0.3919425074352625
-0.28062599672960997,0.0,-0.5046395609108728,-0.39188376521325424
-0.245730761695996,0.0,-0.5034935234606803,-0.39180668029578736
-0.499061853617579,0.0,-0.49312169249415144,-0.3918632196596892
-0.572946593119979,0.0,-0.4951730615571916,-0.3919586271272657
-0.7113147774479472,0.0,-0.4990635945435918,-0.39212679782253723
-0.24565426382375322,0.0,-0.49009471378574865,-0.3920497070151695
-0.6779681136000468,0.0,-0.49647255579278976,-0.3922001112269448
-0.5837428981775707,0.0,-0.4991866775518623,-0.3923008172137748
-0.3400523035977743,0.0,-0.4926011147534193,-0.39227336134745
-0.47657593828002304,0.0,-0.49620083520114777,-0.3923176379109651
-0.43876317167998063,0.0,-0.5009466912618192,-0.3923420187685866
-0.5232717555200008,0.0,-0.5015085642965397,-0.3924107122296314
-0.8434248401280071,0.0,-0.5130380212603793,-0.39264721675396197
-0.43770529963760607,0.0,-0.5063222457747316,-0.39267083210138526
-0.3682623694399533,0.0,-0.5041775370657706,-0.3926580461073248
-0.1947482783999666,0.0,-0.5006788592443304,-0.39255442842789684
-0.422338289023942,0.0,-0.5007858649931303,-0.39257001391224855
-0.4714324529759245,0.0,-0.5072403084006811,-0.39261125995778395
-0.3187091916500406,0.0,-0.4976685443120197,-0.39257262845317975
-0.6281684044799581,0.0,-0.5042479288016188,-0.39269571924525226
-0.37028385888003257,0.0,-0.5019763461267411,-0.3926840159239128
0.416607929692854,0.017480768738738117,-0.4683149911045808,-0.3922616297310021
-0.18147223705917326,0.017668314806183978,-0.46325546508493276,-0.39215167177968663
-0.20224098128000767,0.018202519817627213,-0.4494153773153343,-0.39205265682113616
-0.4442519782511608,0.018415343061045482,-0.44412526053955786,-0.3920798581350653
-0.7953460860799308,0.01810296013866734,-0.45193282183107675,-0.3922898926287866
-0.350053513079993,0.01829348579470574,-0.4471391871825976,-0.3922679059658253
-0.37759919208003634,0.018555491550725802,-0.4407078774019107,-0.39226027396068175
-0.11003198039566701,0.01882063014582556,-0.43438195508342387,-0.3921135093774446
-0.9586992648960528,0.01828593675565784,-0.4473272208075854,-0.3924079926183586
-0.3026399999999638,0.018774886380129818,-0.43546059866486714,-0.39236135989492055
-0.280191396015984,0.019200236357231712,-0.42562909265494836,-0.39230312003828555
-0.11734415508478563,0.019367371385537877,-0.42188412775664474,-0.39216043245917115
-0.8493769507199633,0.018850363977631863,-0.43368363503984403,-0.39239757795619434
-0.5278713816434393,0.01886308462506772,-0.43338555404282497,-0.3924678080254983
-1.0197118555967557,0.018214560582278255,-0.449112782568424,-0.39279280494133834
-0.33286851685758345,0.01818333157482795,-0.4498984225055759,-0.3927617721665668
-0.6403032184000441,0.018020668582569153,-0.45403462628317715,-0.39288989920913076
-0.39337199999998274,0.018126346914609886,-0.4513389838105365,-0.3928901486146097
-0.3452320336943888,0.018097990672765758,-0.45205920443162456,-0.39286550636284123
-0.6517076446463734,0.01818141008512313,-0.44994685028647374,-0.3929992749097578
-0.3196889850208014,0.018009070208418753,-0.454332404175298,-0.39296140802448454
-0.2478254613359518,0.018116339923407474,-0.45159289409801673,-0.3928864798124616
-0.18524006416793962,0.018937253193778973,-0.43165554757433505,-0.39277933511914653
-0.3682623694399533,0.019075592636727274,-0.42846468187833464,-0.39276669099037953
-0.31533279999997677,0.01924053467121768,-0.4247201830503349,-0.39272677661358035
-0.23308318387200702,0.01958883403351502,-0.4170202937063351,-0.3926445284977939
-0.546323871271982,0.01929353229377348,-0.423530626664293,-0.392723663071828
-0.47644332891994046,0.019227759720283552,-0.4250079036426917,-0.3927667509080853
-0.49244995872000635,0.01918460149320805,-0.4259827578148536,-0.392818028278359
-0.2852639740799853,0.01918050498423151,-0.42607551736186117,-0.39276273056411815
-0.4884257466239307,0.018968557815343602,-0.4309294170604198,-0.39281188935962685
-0.15274596478718178,0.019272447578667518,-0.42400309928381186,-0.39268858893611763
-0.2216214807146413,0.019590846611007157,-0.41697659703570517,-0.3926007721454495
-0.47695166479998774,0.019809160314109033,-0.41228933478274593,-0.39264405120786844
-0.48830206540798404,0.019583217289415877,-0.4171422908144306,-0.392693106599766
-0.18244380943655322,0.02005024335409082,-0.40723180473116066,-0.39258534171141984
-0.0879494911232262,0.02054036168980178,-0.3973159365900738,-0.39242927826337265
-0.5860192590703155,0.020294251072780205,-0.4022352756995246,-0.39252840267750827
-0.3731197855999796,0.02039704538451876,-0.40016615264592376,-0.392518469915442
-0.3026399999999638,0.020533894855755304,-0.3974436892123234,-0.3924724962735415
-0.2878867199999918,0.020774919808995082,-0.3927359885019232,-0.3924190270627677
-0.5103461018879522,0.021125810720174498,-0.38607441373712215,-0.39247928617100747
-0.3424673852620658,0.021228331426092,-0.38416965544961135,-0.3924537438314217
-0.14993929822798163,0.021467146802345384,-0.3798031940253719,-0.39232994881069505
-0.2961739999999867,0.021355536218229682,-0.3818317084573723,-0.3922808896531386
-0.6114223410559758,0.02115053370755183,-0.38561338949801305,-0.3923926395008708
-0.5204633119935358,0.021098016101601495,-0.38659400667836524,-0.39245791507298733
-0.28965600000000313,0.02112910383176466,-0.3860129428453645,-0.3924055452741727
-0.5222144056319549,0.02124325806532132,-0.38389386286840443,-0.3924716393985912
-0.42908635914552373,0.02117975272162214,-0.3850699128737143,-0.39249027284375504
-0.4688554251519871,0.0,-0.402779179970611,-0.39252911574930344
-0.07429337898402688,0.0,-0.40063560280910815,-0.3923673283894838
-0.4926553103847462,0.0,-0.4064438893912029,-0.39241828772992854
-0.3282911320319576,0.0,-0.40412467246681877,-0.3923857193420677
-0.45446444294397714,0.0,-0.39730703960409974,-0.3924172313845052
-0.2905732348519608,0.0,-0.3961174340395391,-0.39236556015338775
-0.3543642783999435,0.0,-0.39565273576593724,-0.3923462897265351
-0.45219632687999767,0.0,-0.4024960226956239,-0.3923766242613316
-0.3825807364079504,0.0,-0.3909736521258618,-0.3923716618054788
-0.40692365971203776,0.0,-0.39305932532010324,-0.39237902990568463
-0.5902843982399821,0.0,-0.39926118536458327,-0.39247918444431534
-0.579553071759987,0.0,-0.4085053636980873,-0.3925738095769991
-0.3095846225103741,0.0,-0.3977095171338955,-0.39253185346624747
-0.35524138708798614,0.0,-0.39425691724278644,-0.39251301038065967
-0.0902860678127389,0.0,-0.3756684014871061,-0.39236037051067585
-0.3757631942399518,0.0,-0.37652629503475343,-0.39235199232982243
-0.2202676471247887,0.0,-0.3681255836092484,-0.3922651687449561
-0.5277260922960023,0.0,-0.37081266545516867,-0.3923334798511341
-0.389850321599914,0.0,-0.37170503121327925,-0.39233222825927366
-0.22684760317964753,0.0,-0.3632078303839447,-0.392248860689964
-0.4772389850799743,0.0,-0.3663588303851282,-0.392291655314531
-0.6298525435679938,0.0,-0.3739993720297691,-0.3924112128828518
-0.08357336601597842,0.0,-0.37196603806672984,-0.39225586185324074
-0.0668175756047937,0.0,-0.36593714219002665,-0.3920922428053531
-0.7027126397440142,0.0,-0.37368473898490734,-0.3922483334570811
-0.3208791526944079,0.0,-0.3754406583613554,-0.3922124875601636
-0.49235815224000035,0.0,-0.3743613439807158,-0.3922627614882157
-0.4159155009599484,0.0,-0.3731507874215159,-0.3922746293956275
-0.37721601868799376,0.0,-0.37084610862087564,-0.39226707743439
-0.3972099851173992,0.0,-0.3730850288416239,-0.3922695550823514
-0.5070165868799854,0.0,-0.373456845646745,-0.392327043575236
-0.7161772266959185,0.0,-0.38472547088491976,-0.3924892119193124
-0.28100195583996646,0.0,-0.38591308038742633,-0.3924334124918453
-0.4605891796799883,0.0,-0.3855858306850263,-0.3924675074229049
-0.6594166081719899,0.0,-0.3890081215403064,-0.3926009819732794
-0.4974442312319588,0.0,-0.3953081299762145,-0.3926533774001953
-0.679351630848018,0.0,-0.40713617277071035,-0.3927965833209984
-0.27614210039999276,0.0,-0.40093862959730386,-0.3927383434393604
-0.175631719259913,0.0,-0.3969888682705026,-0.39263000680054827
-0.2639098458336256,0.0,-0.39621426518717584,-0.3925658072190186
-0.05864426594399879,0.0,-0.39162941610605595,-0.3923993458325406
-0.7025276666879392,0.0,-0.3954730474020557,-0.39255386916131757
-0.3205161430719584,0.0,-0.3950340225582535,-0.3925179937997193
-0.5019150727039496,0.0,-0.40207353804777285,-0.3925724472984272
-0.008770872759951143,0.0,-0.3963254755029722,-0.39238150124144294
-0.3795122663999933,0.0,-0.3916872740098525,-0.3923751018208355
-0.3506604709566801,0.0,-0.38829121718911536,-0.392354368902911
-0.659517105077565,0.0,-0.3956884392906666,-0.3924870875994707
-0.4757221380160025,0.0,-0.3947585939383476,-0.39252841582708564
-0.5607663600800289,0.0,-0.39739219395703773,-0.3926119086033898
-0.5271086050399585,0.0,-0.3985572575547971,-0.39267862323455877
-0.6557566728239748,0.0,-0.41018652343159606,-0.3928090536012367
-0.5166425103359478,0.0,-0.4106662674306202,-0.39287041804956907
-0.6048556228800397,0.0,-0.4161975572475818,-0.39297541319807355
-0.1894064251631281,0.0,-0.4108963968919647,-0.39287463647132354
-0.42421920460796314,0.0,-0.4135693162870849,-0.3928901459063243
-0.4926263236439795,0.0,-0.41633455719196555,-0.3929394714146021
-0.28590081279993046,0.0,-0.4130086469103642,-0.39288656056012133
-0.18978424273438277,0.0,-0.4091527170368929,-0.39278621356514815
-0.3887007753599979,0.0,-0.4087882593498521,-0.3927841960647999
-0.9358903629999467,0.0,-0.4157003786450514,-0.39305226426170764
-0.3279080067199811,0.0,-0.4106674773442512,-0.3930201259994769
-0.4212482399999693,0.0,-0.41290074969404317,-0.3930340451878401
-0.3192540093599632,0.0,-0.41218100213948267,-0.392997682429916
-0.35222406112000715,0.0,-0.417419762005628,-0.3929775969021772
-0.505040679999935,0.0,-0.42000531172082767,-0.3930327732109402
-0.5384478269279638,0.0,-0.42636891531689114,-0.39310433573737574
-0.44268578060795494,0.0,-0.4246681090831303,-0.3931287240526097
-0.7491740032492846,0.0,-0.43185458271611765,-0.39330377089587254
-0.6240489326399307,0.0,-0.4397986093053234,-0.39341715918174186
-0.38220161132001934,0.0,-0.43789786183012425,-0.3934116505629493
-0.8132011361919529,0.0,-0.4415648336826034,-0.39361773278466206
-0.27595725900001106,0.0,-0.4454125115422841,-0.39355999948054793
-1.3882924271199557,0.0,-0.4718420085725873,-0.3940478525593314
-0.595447444353595,0.0,-0.4696967046647789,-0.3941465778494266
-0.4097595545567976,0.0,-0.4714743127020267,-0.3941542275195429
-0.6961273189315595,0.0,-0.4755496960358579,-0.3943021085633294
-0.4936400456960226,0.0,-0.4771041869305794,-0.3943507321253131
-1.1417839607999856,0.0,-0.49239554577281924,-0.3947164039593027
-0.8597316237959673,0.0,-0.5016459785463906,-0.39494379526484624
-0.6272590243199372,0.0,-0.5040508272951897,-0.3950573413201029
-0.5534788522079769,0.0,-0.5007968598054309,-0.39513473336254934
-0.3995545917599967,0.0,-0.5031679125238313,-0.39513689149653247
-0.32933603512863985,0.0,-0.5005428496328045,-0.39510477785262427
-0.3791274714935768,0.0,-0.4949370668992361,-0.3950969840446443
-0.41553499999998234,0.0,-0.4932988822745966,-0.3951069489475966
-0.6220392191999404,0.0,-0.49215263404163506,-0.3952175397225734
-1.0726888032671726,0.0,-0.5080835680989787,-0.39554753059619474
-0.718539396847973,0.0,-0.5189417216507399,-0.3957047807745062
-0.6140905662720064,0.0,-0.5259453360595074,-0.39581105122973614
-3.287724431417562,0.0,-0.5905269393689787,-0.39721762388546955
-0.9545650909439575,0.0,-0.5955676878540992,-0.3974885754980405
-0.35453816245680525,0.0,-0.5962481282417961,-0.3974677055208582
-0.5358560624639566,0.0,-0.5969269480369962,-0.3975349169618213
