pnl_net,equity,drawdown,rolling_sharpe,rolling_expectancy,rolling_winrate
-0.06960724949118643,-0.06960724949118643,0.0,,,
-0.19796327410399925,-0.2675705235951857,-0.19796327410399925,,,
-0.7374793637087877,-1.0050498873039735,-0.935442637812787,,,
-0.30292077446397697,-1.3079706617679505,-1.2383634122767642,,,
-0.3612073103832042,-1.6691779721511546,-1.5995707226599682,,,
-0.28212940000000875,-1.9513073721511633,-1.881700122659977,,,
-0.45835005980798704,-2.4096574319591504,-2.340050182467964,,,
-0.29019434065438954,-2.69985177261354,-2.6302445231223537,,,
-0.10920627765600127,-2.8090580502695413,-2.739450800778355,,,
-0.09823415457920066,-2.907292204848742,-2.8376849553575556,,-0.2907292204848742,
-0.13097254801677652,-3.0382647528655187,-2.9686575033743323,,-0.27620588662413803,
-0.09483157724797439,-3.133096330113493,-3.0634890806223067,,-0.26109136084279105,
-0.40998359999995804,-3.5430799301134512,-3.473472680622265,,-0.272544610008727,
-0.32277000974401826,-3.8658499398574695,-3.796242690366283,,-0.2761321385612478,
-0.19993958060799516,-4.065789520465465,-3.9961822709742787,,-0.27105263469769764,
-0.3044149743199922,-4.370204494785457,-4.300597245294271,-11.607093974773269,-0.273137780924091,0.0
-0.379271792899984,-4.749476287685441,-4.679869038194255,-12.093931371035932,-0.27938095809914354,0.0
-0.270009616464009,-5.01948590414945,-4.949878654658264,-12.42022663913624,-0.2788603280083028,0.0
-0.7862895898799791,-5.8057754940294295,-5.736168244538243,-11.276099364737492,-0.30556713126470675,0.0
-0.1424098259167857,-5.948185319946215,-5.878578070455029,-11.061461470043113,-0.2974092659973107,0.0
-0.188337199999984,-6.136522519946199,-6.066915270455013,-11.05041876170478,-0.2922153580926761,0.0
-0.40202042908800073,-6.5385429490342,-6.468935699543014,-11.414538082252648,-0.2972064976833727,0.0
-0.20006078060799207,-6.738603729642192,-6.668996480151006,-11.436206980109402,-0.2929827708540083,0.0
-0.16045245035519415,-6.899056179997387,-6.8294489305062,-11.336281529077553,-0.2874606741665577,0.0
-1.3091933737063077,-8.208249553703695,-8.138642304212508,-8.715948075252108,-0.32832998214814774,0.0
-0.19452598060801363,-8.402775534311708,-8.333168284820522,-8.707087037007584,-0.32318367439660406,0.0
-0.2134791820479774,-8.616254716359686,-8.5466474668685,-8.733188654604364,-0.3191205450503587,0.0
-0.13612027822077077,-8.752374994580457,-8.68276774508927,-8.634304983514635,-0.31258482123501624,0.0
-0.395036445935994,-9.14741144051645,-9.077804191025264,-8.851243620544262,-0.31542798070746375,0.0
-0.4791274680815889,-9.62653890859804,-9.556931659106853,-9.094550275918381,-0.32088463028660125,0.0
-0.16036797039357914,-9.78690687899162,-9.717299629500433,-9.035578282734193,-0.3157066735158586,0.0
-0.44452943897599084,-10.23143631796761,-10.161829068476424,-9.257972588389109,-0.31973238493648776,0.0
-0.13743783959359696,-10.368874157561207,-10.29926690807002,-9.16205330480016,-0.314208307804885,0.0
-0.29899636422398274,-10.66787052178519,-10.598263272294004,-9.28605662093994,-0.31376089769956433,0.0
-0.4753166448800029,-11.143187166665193,-11.073579917174007,-9.4983909271243,-0.31837677619043403,0.0
-0.18036809445598856,-11.323555261121182,-11.253948011629996,-9.472632154816862,-0.3145432016978105,0.0
-0.19277207942243596,-11.516327340543619,-11.446720091052432,-9.468462015325711,-0.3112520902849626,0.0
-0.2550451951520015,-11.77137253569562,-11.701765286204434,-9.542622334922399,-0.3097729614656741,0.0
-0.18449807815034186,-11.955870613845963,-11.886263364354777,-9.5307967451152,-0.3065607849704092,0.0
-0.2927023999999751,-12.248573013845938,-12.178965764354752,-9.640857216268953,-0.30621432534614834,0.0
-0.18279847539998362,-12.431371489245922,-12.361764239754736,-9.62928088070247,-0.3032041826645346,0.0
-0.3616917623000101,-12.793063251545933,-12.723456002054746,-9.782732322751299,-0.30459674408442683,0.0
-0.16671980601602793,-12.95978305756196,-12.890175808070774,-9.749947475757887,-0.30139030366423153,0.0
-0.18426107523358637,-13.144044132795546,-13.07443688330436,-9.743812575820606,-0.2987282757453532,0.0
-0.24502449124001652,-13.389068624035563,-13.319461374544376,-9.807863898665369,-0.2975348583119013,0.0
-0.1206289878815585,-13.50969761191712,-13.440090362425934,-9.716502151377137,-0.2936890785199373,0.0
-0.3561058193919776,-13.865803431309098,-13.796196181817912,-9.857020791711301,-0.29501709428317224,0.0
-0.48198306662398954,-14.347786497933088,-14.278179248441901,-10.0117849036426,-0.29891221870693924,0.0
-0.06553236678398695,-14.413318864717075,-14.343711615225889,-9.832500078638926,-0.29414936458606267,0.0
-0.1313937425231786,-14.544712607240253,-14.475105357749067,-9.764778261725017,-0.290894252144805,0.0
-0.36723701967997624,-14.91194962692023,-14.842342377429043,-10.067009051692974,-0.2968468475485808,0.0
-0.2716752940719893,-15.18362492099222,-15.114017671501033,-10.138607021501384,-0.29832108794794054,0.0
-0.2044388399999908,-15.38806376099221,-15.318456511501024,-10.235166907149335,-0.2876602774737646,0.0
-0.15630296427358015,-15.54436672526579,-15.474759475774604,-10.088537788622661,-0.2847279212699567,0.0
-0.387309446999965,-15.931676172265755,-15.862068922774569,-10.095229057113274,-0.2852499640022919,0.0
-0.17187847371997428,-16.103554645985728,-16.03394739649454,-9.985722424686129,-0.28304494547669123,0.0
-0.1519499344048324,-16.25550458039056,-16.185897330899373,-9.807255324418387,-0.2769169429686281,0.0
0.08939477519199229,-16.16610980519857,-16.09650255570738,-9.239309289778692,-0.2693251606517005,0.02
-0.22250786017595525,-16.388617665374525,-16.319010415883337,-9.369465434904326,-0.27159119230209955,0.02
-0.25187687644000023,-16.640494541814526,-16.570887292323338,-9.544184150609329,-0.27466404673931555,0.02
-0.18755549603998728,-16.828050037854513,-16.758442788363325,-9.614024891336534,-0.2757957056997798,0.02
-0.14657776440479608,-16.97462780225931,-16.90502055276812,-9.688094032645534,-0.27683062944291625,0.02
-0.17313446831999904,-17.14776227057931,-17.078155021088122,-9.541263127044612,-0.272093646809317,0.02
-0.32201919112799327,-17.469781461707303,-17.400174212216115,-9.540913819086057,-0.27207863043699654,0.02
-0.4573800431999732,-17.927161504907275,-17.857554255416087,-9.655657555725282,-0.2772274396888361,0.02
-0.13341596543998135,-18.060577470347255,-17.990970220856067,-9.492066279710519,-0.2738074595112359,0.02
-0.18915117062398762,-18.24972864097124,-18.180121391480053,-9.370792895030213,-0.27000504706571593,0.02
0.3970776701360031,-17.85265097083524,-17.78304372134405,-8.097578297593614,-0.2566633013337157,0.04
-0.12743566444798304,-17.98008663528322,-17.910479385792033,-8.135841780076062,-0.24348622282507576,0.04
-0.42366965088960207,-18.403756286172822,-18.334149036681634,-8.285651294799205,-0.24911141932453212,0.04
-0.8167489229087921,-19.220505209081615,-19.150897959590427,-8.160863252769888,-0.2616796537827083,0.04
-0.09635085667998594,-19.316856065761602,-19.247248816270414,-7.961278581309249,-0.255566262334548,0.04
-2.0728998312799862,-21.38975589704159,-21.3201486475504,-6.08058273305981,-0.2930230433479879,0.04
-0.16872983492158292,-21.55848573196317,-21.488878482471982,-6.085133119122812,-0.29318859103931566,0.04
1.4104893914400076,-20.147996340523164,-20.078389091031976,-4.352278538962697,-0.23879493573638932,0.06
-0.2903979999999427,-20.438394340523107,-20.36878709103192,-4.3870744660554655,-0.2407123761242279,0.06
-0.14667021435917238,-20.58506455488228,-20.51545730539109,-4.360401545263151,-0.2393761967704518,0.06
-0.37805120000000125,-20.96311575488228,-20.893508505391093,-4.446357796998012,-0.2442148152060364,0.06
-0.13813703920477083,-21.101252794087053,-21.031645544595865,-4.356514485576488,-0.23907682707141198,0.06
-0.2865528599999904,-21.387805654087042,-21.318198404595854,-4.3023941060813815,-0.23522533490977998,0.06
-0.4415904328320279,-21.829396086919072,-21.759788837427884,-4.394870621970109,-0.24084978415854896,0.06
-0.17376809128798607,-22.003164178207058,-21.93355692871587,-4.307100073413421,-0.23543455720478884,0.06
-0.2784209999999784,-22.281585178207035,-22.211977928715847,-4.361064336538322,-0.2382542204129165,0.06
-0.05686249245604147,-22.338447670663076,-22.268840421171888,-4.264417496409524,-0.23341154297755767,0.06
-0.2456443898239662,-22.58409206048704,-22.514484810995853,-4.197178853430746,-0.22881809787643692,0.06
-0.21828510622560998,-22.802377166712652,-22.732769917221464,-4.211731031135316,-0.22957643811182937,0.06
-0.13706117731601453,-22.939438344028666,-22.869831094537478,-4.189276345706728,-0.22846222006970096,0.06
-0.16774476721599726,-23.107183111244662,-23.037575861753474,-4.156469798330494,-0.22671621151098084,0.06
-0.11925957828476907,-23.22644268952943,-23.156835440038243,-4.129862656053916,-0.2254114415136694,0.06
-0.138002914347985,-23.364445603877417,-23.29483835438623,-4.072456345038156,-0.22231745180062962,0.06
-0.08747453831997717,-23.451920142197395,-23.382312892706206,-4.033086022551639,-0.22041097305902949,0.06
-0.17507942163599022,-23.626999563833383,-23.557392314342195,-3.969741229940266,-0.21667872624574908,0.06
-0.5476925252943823,-24.174692089127767,-24.10508483963658,-4.080897130684717,-0.22429818063131615,0.06
-0.9334881536175801,-25.108180242745348,-25.03857299325416,-4.218785962020551,-0.23928272219899605,0.06
-1.163668986912002,-26.27184922965735,-26.20224198016616,-4.3231740764556505,-0.25765561211243576,0.06
-0.2058055825280079,-26.477654812185357,-26.40804756269417,-4.355740485178963,-0.2593591440053647,0.06
-0.3295165140951883,-26.807171326280546,-26.737564076789358,-4.3479015850199385,-0.2588273578994289,0.06
-0.14750020981439374,-26.95467153609494,-26.88506428660375,-4.245033778070566,-0.252137700763237,0.06
-0.24478556155194486,-27.199457097646885,-27.129849848155697,-4.3140614946542115,-0.2557227646585962,0.06
-0.31315811999998,-27.512615217646864,-27.443007968155676,-4.37858524688703,-0.25935805220813224,0.06
-0.21308986501438132,-27.725705082661246,-27.656097833170058,-4.32899932139607,-0.2562751091148203,0.06
-0.3405965348296082,-28.066301617490854,-27.996694367999666,-4.350601175228715,-0.2576535339299727,0.06
-0.43148199999998876,-28.497783617490843,-28.428176367999654,-4.420637522525877,-0.26219439712997267,0.06
-0.2934680456105004,-28.79125166310134,-28.721644413610154,-4.469587233924217,-0.2649376987567111,0.06
-0.37075768078271953,-29.162009343884062,-29.092402094392874,-4.464963983693709,-0.26460666343236616,0.06
-0.3516895884799933,-29.513698932364054,-29.444091682872866,-4.526074835078539,-0.2682028857275665,0.06
-0.38751599999997455,-29.901214932364027,-29.83160768287284,-4.605683071616122,-0.2729142070394694,0.06
-0.4063211999999927,-30.30753613236402,-30.237928882872833,-4.805510774453693,-0.2828285265433091,0.04
-0.3025199000000065,-30.610056032364028,-30.54044878287284,-4.833643389308922,-0.2844287673397901,0.04
-0.2446099615040016,-30.85466599386803,-30.78505874437684,-4.831027023919276,-0.2842834290410701,0.04
-0.24978178987199917,-31.104447783740028,-31.03484053424884,-4.854487961127637,-0.2855279549177104,0.04
-0.3580575900159834,-31.462505373756013,-31.392898124264825,-4.9306595282012164,-0.2897575514299341,0.04
-0.32248730770396516,-31.78499268145998,-31.71538543196879,-4.985236394636093,-0.29274460821761344,0.04
-0.6212681746343334,-32.40626085609431,-32.33665360660313,-5.056375058637272,-0.29872958788774023,0.04
-0.3616033298863549,-32.76786418598067,-32.698256936489486,-5.030124107311668,-0.29681405362146784,0.04
-0.3294446840879735,-33.097308870068645,-33.02770162057746,-5.104313308658958,-0.3007346279944277,0.04
-0.22857628480800027,-33.325885154876644,-33.25627790538546,-5.119842888652611,-0.301523130278108,0.04
-0.33462247655197214,-33.660507631428615,-33.59090038193743,-5.529345213318542,-0.31615713321186745,0.02
-0.4184045502621605,-34.078912181690775,-34.00930493219959,-5.640395408269469,-0.321976510928151,0.02
0.25903116902402307,-33.819881012666755,-33.75027376317557,-5.298803382788672,-0.30832249452987853,0.04
-0.20672594748556683,-34.02660696015232,-33.95699971066114,-5.167756857749343,-0.296122035021414,0.04
-0.30118739999997923,-34.3277943601523,-34.25818711066112,-5.252294722947009,-0.3002187658878139,0.04
-0.6158241186799948,-34.9436184788323,-34.874011229341114,-6.011908993719516,-0.27107725163581403,0.04
-0.4046651999999947,-35.348283678832296,-35.27867642934111,-6.112798157388527,-0.27579595893738224,0.04
-0.5123934832640114,-35.86067716209631,-35.791069912605124,-10.527872093972997,-0.31425361643146266,0.02
-0.39558527999999793,-36.25626244209631,-36.18665519260512,-10.584520985128362,-0.3163573620314638,0.02
-0.40357478000000324,-36.659837222096314,-36.59022997260513,-10.811041720191485,-0.3214954533442804,0.02
-0.40061918399997476,-37.060456406096286,-36.9908491566051,-10.818755218767405,-0.32194681302427985,0.02
-0.20667042747116293,-37.267126833567445,-37.19751958407626,-10.91569752392514,-0.3233174807896077,0.02
-0.15550506418560378,-37.42263189775305,-37.353024648261865,-10.762470555372175,-0.32069652487332,0.02
-0.1406618362799671,-37.56329373403302,-37.49368648454183,-10.522666679315629,-0.31467795294227874,0.02
-0.4316385999999752,-37.994932334032995,-37.92532508454181,-10.713125762925515,-0.31983536311651856,0.02
-0.29332436340542095,-38.28825669743841,-38.21864944794723,-10.725557103436227,-0.3201334303846274,0.02
-0.29185519999997434,-38.580111897438385,-38.5105046479472,-11.057198161776835,-0.32483328453550603,0.02
-0.16911916563198331,-38.74923106307037,-38.679623813579184,-10.959835486610398,-0.3233027800516664,0.02
-0.30103199999996266,-39.05026306307033,-38.98065581357915,-11.04305115642188,-0.32495771792715344,0.02
-0.3884846799999517,-39.43874774307029,-39.3691404935791,-11.299160464678309,-0.32998618798083224,0.02
-0.2790319999999904,-39.71777974307028,-39.6481724935791,-11.439865762305818,-0.332211932636512,0.02
-0.38263679999996636,-40.100416543070246,-40.03080929357906,-11.745006213027784,-0.33747947707081594,0.02
-0.30424952000000005,-40.404666063070245,-40.33505881357906,-11.975093618107824,-0.34080440918385635,0.02
-0.4425181589087871,-40.847184221979035,-40.77757697248785,-12.398342159254463,-0.3479052815956325,0.02
-0.24489836140793542,-41.09208258338697,-41.022475333895784,-12.509760015233313,-0.34930166039107136,0.02
-0.34772478771200466,-41.43980737109897,-41.37020012160779,-12.495918894343312,-0.3453023056394239,0.02
-0.4057785300000077,-41.84558590109898,-41.775978651607794,-13.395882328367511,-0.33474811316707237,0.02
-0.567978040166385,-42.413563941265366,-42.34395669177418,-16.817024447237774,-0.32283429423216004,0.02
-0.5126744000000142,-42.92623834126538,-42.8566310917742,-16.949557586973885,-0.32897167058160015,0.02
-0.8909356155599878,-43.81717395682537,-43.74756670733419,-15.206550187227444,-0.34020005261089614,0.02
-0.5072860165559838,-44.32445997338135,-44.25485272389017,-15.601959525751461,-0.347395768745728,0.02
-0.30936060000000937,-44.633820573381364,-44.56421332389018,-15.718186999254158,-0.3486872695146892,0.02
-0.6327590130579106,-45.26657958643928,-45.19697233694809,-15.52545881746926,-0.3550792873758478,0.02
-0.2988143999999646,-45.56539398643924,-45.495786736948055,-15.703691525449743,-0.3567937780755595,0.02
-0.30405759999999576,-45.86945158643923,-45.79984433694805,-15.656418389932309,-0.3560629993789673,0.02
-0.40489439999999777,-46.27434598643923,-46.204738736948045,-15.653131061377692,-0.35553124737896746,0.02
-0.393579048816001,-46.66792503525523,-46.598317785764046,-15.75720301934358,-0.35753346744307746,0.02
-0.4003777400000085,-47.06830277525524,-46.998695525764056,-15.773245949225068,-0.35812586862742324,0.02
-0.2616095669759775,-47.32991234223122,-47.26030509274003,-15.638709781004815,-0.356324268197343,0.02
-0.5263358715359518,-47.85624821376717,-47.78664096427598,-15.595929490203403,-0.3591006656280624,0.02
-0.44639994640634073,-48.302648160173504,-48.23304091068232,-15.59923655413828,-0.35990224055618947,0.02
-0.18919179999997615,-48.49183996017348,-48.422232710682295,-15.354060498866476,-0.3576356785561889,0.02
-0.3191159087999688,-48.81095586897345,-48.74134861948227,-15.483250750163647,-0.35912579750210816,0.02
-1.4444462232959743,-50.25540209226943,-50.18579484277824,-12.155040840185844,-0.3830190861705877,0.02
-0.3853440207359997,-50.64074611300543,-50.57113886351424,-12.173910620581658,-0.383564814784988,0.02
-0.5515539363999631,-51.19230004940539,-51.122692799914205,-12.261546941276329,-0.3881461473589079,0.02
-0.39908454205699984,-51.591384591462386,-51.5217773419712,-12.25699395075663,-0.38370247470736124,0.02
-0.24159593285517603,-51.83298052431756,-51.76337327482638,-12.132339582286198,-0.3813023267667377,0.02
-0.32537878070399895,-52.15835930502156,-52.08875205553038,-12.128676848752448,-0.38122100869905823,0.02
-0.3065439777279829,-52.464903282749546,-52.39529603325836,-12.222524174013547,-0.3827803625574579,0.02
-0.3793415049863894,-52.84424478773594,-52.774637538244754,-12.256950922441053,-0.38367474312614624,0.02
-0.6001148649040056,-53.444359652639946,-53.37475240314876,-12.260994913051077,-0.38730894941898314,0.02
-0.6918828729119975,-54.13624252555194,-54.06663527606076,-13.850681835245163,-0.4063272302577036,0.0
-1.1155712153825803,-55.25181374093452,-55.18220649144334,-13.167855547623342,-0.42450413561564376,0.0
-0.5697246384479915,-55.82153837938252,-55.75193112989133,-13.323074565201427,-0.42987488038460403,0.0
-0.46157804367997546,-56.283116423062495,-56.21350917357131,-13.314843070782647,-0.42678995888460364,0.0
-0.5593618311640114,-56.842478254226506,-56.77287100473532,-13.368220268598296,-0.429883891507884,0.0
-0.5584896622079799,-57.40096791643449,-57.331360666943304,-13.371854780071208,-0.4308058150867633,0.0
-0.40086895999999017,-57.80183687643448,-57.732229626943294,-13.376023583593584,-0.4309114886867632,0.0
-0.9776481113599329,-58.77948498779441,-58.70987773830323,-13.020271873575075,-0.44239295531396183,0.0
-0.5785658040831976,-59.35805079187761,-59.288443542386425,-13.088414741980362,-0.44595188771562627,0.0
-0.40506209999999077,-59.7631128918776,-59.69350564238641,-13.335004988345641,-0.4499197211662028,0.0
-0.3602480134399744,-60.12336090531757,-60.053753655826384,-13.648296465314717,-0.45401458015129026,0.0
-0.6458011037026479,-60.769162009020214,-60.69955475952903,-14.122803574226738,-0.46411736549974386,0.0
-0.3433201873759887,-61.1124821963962,-61.042874946905016,-14.034319524709227,-0.4623509972472641,0.0
-0.13242375056064948,-61.24490594695685,-61.175298697465664,-13.736198164222314,-0.4591329849903687,0.0
-0.3658643889119942,-61.61077033586884,-61.54116308637766,-13.828571334224064,-0.4606131687686091,0.0
-0.3350915801279989,-61.94586191599684,-61.87625466650566,-14.106764955222602,-0.46393261705852934,0.0
-0.4087367713919715,-62.354598687388815,-62.28499143789763,-14.23484435513777,-0.46608671248636957,0.0
-0.30145379999997246,-62.65605248738879,-62.58644523789761,-14.126631775427844,-0.46434609488637,0.0
-0.3037875200000033,-62.95984000738879,-62.89023275789761,-14.164193695890143,-0.4648412052863703,0.0
-0.19429794911997758,-63.15413795650877,-63.084530707017585,-13.881016551438709,-0.4610744282687705,0.0
-0.3116929199999911,-63.46583087650876,-63.39622362701758,-13.891241596721752,-0.46122329626877034,0.0
-0.38528219999997115,-63.85111307650873,-63.78150582701755,-13.843330594051691,-0.460078577090594,0.0
-0.3774628846455924,-64.22857596115432,-64.15896871166314,-14.024615263715074,-0.4627298675553471,0.0
-0.4045111399999769,-64.6330871011543,-64.56347985166312,-14.084681562317943,-0.4638655946011066,0.0
-0.40587399999998464,-65.03896110115429,-64.9693538516631,-14.084768320483724,-0.46386750400110605,0.0
-0.6721728741479501,-65.71113397530223,-65.64152672581105,-14.064435329503752,-0.46595140068073737,0.0
1.0357375397712523,-64.67539643553098,-64.6057891860398,-9.776617864117876,-0.4349831618853121,0.02
-0.28032619476799714,-64.95572263029898,-64.8861153808078,-9.691426837815861,-0.42277097346947223,0.02
-0.6366847436940399,-65.59240737399301,-65.52280012450183,-9.711757394770183,-0.42535894801223334,0.02
-0.886279785895972,-66.47868715988898,-66.4090799103978,-9.780992801288868,-0.4368973317301526,0.02
-0.6017265582327602,-67.08041371812173,-67.01080646863055,-9.778094055304251,-0.43627668263364966,0.02
-0.20644339999999,-67.28685711812172,-67.21724986863053,-9.70383484509246,-0.4344292626336501,0.02
0.044128838368874046,-67.24272827975284,-67.17312103026165,-9.354636293119928,-0.4274655338662727,0.04
-0.6000951451439261,-67.84282342489676,-67.77321617540558,-9.41438094739867,-0.43136954876915135,0.04
-0.5251065529776079,-68.36792997787437,-68.29832272838318,-9.465470124544252,-0.4340000988523835,0.04
-0.1155337575200017,-68.48346373539437,-68.41385648590318,-9.254755153023073,-0.42830321920278336,0.04
-0.44578713463197417,-68.92925087002634,-68.85964362053515,-9.35899158138576,-0.43198677055590323,0.04
-0.2180549688757045,-69.14730583890204,-69.07769858941086,-9.195281603017074,-0.4258211525026983,0.04
-0.5958021657055749,-69.74310800460762,-69.67350075511644,-9.23569966946709,-0.428809196888683,0.04
-0.832730599479979,-70.5758386040876,-70.50623135459641,-9.428049481713696,-0.441679972878283,0.04
-0.31243239999999994,-70.8882710040876,-70.81866375459641,-9.423751736778687,-0.4415463027022837,0.04
-0.29954999999999266,-71.1878210040876,-71.11821375459641,-9.893473487567828,-0.4186483782363641,0.04
-0.08785587573599955,-71.27567687982359,-71.20606963033241,-9.6388379830015,-0.41269861533636404,0.04
-0.33147401003200916,-71.6071508898556,-71.53754364036442,-9.550270651719405,-0.408297016809005,0.04
-0.32584558564794613,-71.93299647550354,-71.86338922601236,-9.509137457801932,-0.40683223768082394,0.04
-0.38451070491917144,-72.31750718042271,-72.24789993093152,-9.60454747915619,-0.4096905331221038,0.04
-0.4916975846223073,-72.80920476504501,-72.73959751555383,-9.683526033387507,-0.41301690920046996,0.04
-0.4032875136705408,-73.21249227871554,-73.14288502922436,-9.741138343238982,-0.4149517799193211,0.04
-0.46558681857598233,-73.67807909729153,-73.60847184780035,-9.780394703268152,-0.416676686191113,0.04
-0.5124040254399791,-74.19048312273151,-74.12087587324032,-9.765769825752635,-0.4149224694018324,0.04
-0.4312335999999478,-74.62171672273145,-74.55210947324026,-9.727284921335732,-0.4097094839435914,0.04
-0.4815327166319818,-75.10324943936342,-75.03364218987224,-10.008591352491468,-0.3970287139685794,0.04
-0.3396122681743865,-75.44286170753782,-75.37325445804663,-9.927442417818177,-0.3924264665631074,0.04
-0.4424245306415786,-75.88528623817939,-75.8156789886882,-9.920659217286625,-0.3920433963023395,0.04
-0.30922061872637796,-76.19450685690576,-76.12489960741458,-9.822264693291727,-0.3870405720535868,0.04
-0.6042433540063643,-76.79875021091213,-76.72914296142095,-9.823066307207402,-0.3879556458895545,0.04
-0.19042849613599713,-76.98917870704813,-76.91957145755694,-9.669542988797406,-0.38374683661227466,0.04
-0.6051211460639913,-77.59429985311212,-77.52469260362093,-9.873875029071817,-0.3762962973063558,0.04
-0.335257180127964,-77.92955703324009,-77.8599497837489,-9.800882787071115,-0.37143012482725113,0.04
-0.6117045747119865,-78.54126160795208,-78.4716543584609,-9.833890121931486,-0.375562974321491,0.04
-0.30533880000001634,-78.8466004079521,-78.77699315846091,-9.798906763874875,-0.37446479005269184,0.04
-0.20641119999999638,-79.05301160795209,-78.9834043584609,-9.634141018974818,-0.3656769919786388,0.04
-0.29241991999998634,-79.34543152795207,-79.27582427846089,-9.600905262465387,-0.3646589866311188,0.04
-0.22522228192799282,-79.57065380988007,-79.50104656038889,-9.696479681121115,-0.36651495725846567,0.04
-0.31063670501597507,-79.88129051489605,-79.81168326540487,-9.663118153862623,-0.3654104035805452,0.04
-0.2998371746079437,-80.181127689504,-80.11152044001281,-9.639948991910384,-0.3647053154701442,0.04
-0.3878472837119592,-80.56897497321596,-80.49936772372477,-9.630806191890693,-0.36428752571654394,0.04
-0.6417283269839047,-81.21070330019987,-81.14109605070868,-9.715168022345912,-0.3710930162562226,0.04
-0.4311087291966097,-81.64181202939648,-81.57220477990529,-9.783512760307135,-0.3736394404401547,0.04
-0.2520431602559684,-81.89385518965244,-81.82424794016126,-9.837312759914912,-0.37479434466287453,0.04
-0.3363260817839705,-82.23018127143641,-82.16057402194522,-9.853657740064756,-0.37528700789855407,0.04
-0.4312335999999478,-82.66141487143635,-82.59180762194516,-9.873721232322415,-0.3762060358985536,0.04
-0.3000395999999769,-82.96145447143633,-82.89184722194514,-9.825395702642037,-0.37465757020564133,0.04
-0.2777447561696007,-83.23919922760592,-83.16959197811474,-9.747945609202166,-0.37212224252903375,0.04
-0.30039680000001096,-83.53959602760594,-83.46998877811475,-9.687656780008794,-0.37001269852903435,0.04
-0.5886496453119437,-84.12824567291788,-84.0586384234267,-9.702140913033329,-0.3683422339523142,0.04
-0.9125580160399649,-85.04080368895785,-84.97119643946667,-14.964148686213669,-0.40730814506853846,0.02
-0.34403374467836983,-85.38483743363622,-85.31523018414504,-15.060650860549938,-0.408582296066746,0.02
-0.15179720647680545,-85.53663464011302,-85.46702739062184,-14.666541300568554,-0.3988845453224013,0.02
-0.2093249525241397,-85.74595959263716,-85.67635234314598,-15.052590564015222,-0.3853454486549646,0.02
-0.4571248401279658,-86.20308443276512,-86.13347718327394,-15.13528092687556,-0.3824534142928687,0.02
-0.4317869982069639,-86.63487143097208,-86.5652641814809,-15.45743034557255,-0.3869602862570083,0.02
-0.39697310275997055,-87.03184453373206,-86.96223728424087,-16.863247016930853,-0.3957823250795851,0.0
-0.36068459857835006,-87.3925291323104,-87.32292188281922,-16.917072472001376,-0.39099411414827356,0.0
-0.3933283199999535,-87.78585745231035,-87.71625020281917,-16.91954419935274,-0.38835854948872045,0.0
-0.2983754599999905,-88.08423291231034,-88.01462566281916,-17.53058912146512,-0.3920153835383203,0.0
-0.4016983999999547,-88.4859313123103,-88.41632406281911,-17.511034362070188,-0.3911336088456799,0.0
-0.7536984799679818,-89.23962979227828,-89.1700225427871,-17.337426406300434,-0.40184647906752546,0.0
-0.5808286838479355,-89.82045847612622,-89.75085122663504,-17.360664073128632,-0.40154700943037264,0.0
-0.4015935999999768,-90.22205207612619,-90.152444826635,-18.33756905332302,-0.39292426944077263,0.0
-0.20634679999998295,-90.42839887612617,-90.35879162663498,-18.019261961403267,-0.3908025574407722,0.0
-0.10565093260803349,-90.5340498087342,-90.46444255924301,-17.31653802745751,-0.38692457609293307,0.0
-0.348646387711947,-90.88269619644615,-90.81308894695496,-18.213898616585247,-0.392140386332452,0.0
-0.3055457999999765,-91.18824199644612,-91.11863474695494,-18.16002466982824,-0.3916218221318114,0.0
-0.4015261677143317,-91.58976816416046,-91.52016091466928,-18.264357790098305,-0.39313543377313903,0.0
-0.2815049951769838,-91.87127315933745,-91.80166590984626,-18.07390928310425,-0.3910753195782954,0.0
-0.29266012000000985,-92.16393327933746,-92.09432602984627,-17.899354957985615,-0.38709457028584937,0.0
-0.289833573119995,-92.45376685245745,-92.38415960296626,-17.72679068044433,-0.38482549147483847,0.0
-0.4078099199999585,-92.86157677245741,-92.79196952296623,-17.719196750041768,-0.383669953503318,0.0
-0.05428716726397846,-92.91586393972139,-92.8462566902302,-16.683014906469435,-0.374507616339798,0.0
-0.2854054587526045,-93.201269398474,-93.13166214898281,-16.52494099397256,-0.3715910535148511,0.0
-0.373775620064015,-93.575045018538,-93.50543776904682,-16.509712547166764,-0.36943591158349176,0.0
-0.7736202309143695,-94.34866524945238,-94.2790579999612,-15.918620727425314,-0.37811607083829135,0.0
-0.4284599999999571,-94.77712524945234,-94.70751799996115,-15.91592021833493,-0.37783678022545897,0.0
-0.30596397407996523,-95.0830892235323,-95.01348197404111,-15.910594625965988,-0.3777716473325307,0.0
-0.3585432101759929,-95.44163243370829,-95.37202518421711,-16.002351408646998,-0.3728576444559233,0.0
-0.27867599135997034,-95.72030842506827,-95.65070117557708,-16.225610948796017,-0.3746225943604028,0.0
-0.18099174772800858,-95.90130017279628,-95.8316929233051,-15.973907686869362,-0.36614000639368316,0.0
-0.730848082799949,-96.63214825559623,-96.56254100610505,-15.572662255885886,-0.3740518244471228,0.0
-0.15587961566636838,-96.7880278712626,-96.71842062177141,-15.262242508708587,-0.3649353252662105,0.0
-0.15616496271597588,-96.94419283397858,-96.87458558448739,-14.932094132692905,-0.3619518485205297,0.0
-0.6086641628879776,-97.55285699686655,-97.48324974737537,-15.093167897432131,-0.3699969077782893,0.0
-1.0002560060387928,-98.55311300290535,-98.48350575341416,-13.995424739947845,-0.38415362949906545,0.0
-0.4027631999999698,-98.95587620290532,-98.88626895341413,-14.221547542289738,-0.3877044478605049,0.0
-0.47040641689600227,-99.42628261980131,-99.35667537031013,-14.337255836263134,-0.3908998420981055,0.0
-0.4042030279999879,-99.8304856478013,-99.76087839831011,-14.4462392614941,-0.3929871591659464,0.0
-0.4808370453599926,-100.31132269316129,-100.2417154436701,-14.485203051379516,-0.39484695439890705,0.0
-0.49026372220961456,-100.8015864153709,-100.73197916587972,-14.580816904086447,-0.3918176623034212,0.0
-0.40185467999995805,-101.20344109537086,-101.13383384587968,-14.564935590472013,-0.39123258131948824,0.0
-0.19413843487085164,-101.39757953024171,-101.32797228075053,-14.444333973824595,-0.39007448681178586,0.0
-0.48213226565997896,-101.8797117959017,-101.81010454641051,-14.531765878286294,-0.39299061048930606,0.0
-0.19102819999998633,-102.07073999590169,-102.0011327464105,-14.206588714280336,-0.3881865024893068,0.0
-0.15318331403515795,-102.22392330993685,-102.15431606044567,-13.924781176603672,-0.3852493767700104,0.0
-0.5172720510719846,-102.74119536100883,-102.67158811151765,-14.080560647628259,-0.3900399226680581,0.0
-0.3030416399999891,-103.04423700100882,-102.97462975151764,-14.084185901041213,-0.3900928194680576,0.0
-0.5154839999999484,-103.55972100100877,-103.49011375151758,-14.11926859607611,-0.38862950656181783,0.0
-0.31869680057600147,-103.87841780158477,-103.80881055209359,-14.812267859772895,-0.37675228225253854,0.0
-0.278819991359972,-104.15723779294474,-104.08763054345356,-14.72264729164525,-0.3754480071861706,0.0
-1.1038302144143584,-105.2610680073591,-105.19146075786792,-13.649567432496585,-0.39448866734492155,0.0
-0.6141511970663666,-105.87521920442546,-105.80561195493428,-13.894199482236957,-0.4025851922357662,0.0
-0.482030744471997,-106.35724994889746,-106.28764269940628,-13.900386060749033,-0.40308331032264677,0.0
-0.7474563866639832,-107.10470633556145,-107.03509908607026,-13.744692496874551,-0.4093966980917872,0.0
-0.6274912545279722,-107.73219759008941,-107.66259034059823,-13.75648832960092,-0.41400706112714725,0.0
-0.7834576133999633,-108.51565520348937,-108.44604795399819,-13.650829176239824,-0.4224625214235795,0.0
-0.7924500907199893,-109.30810529420937,-109.23849804471818,-13.538241043891482,-0.4304449568379802,0.0
-1.2185694695119444,-110.52667476372132,-110.45706751423013,-12.717708708241075,-0.44884883702821926,0.0
-0.3583768364319918,-110.8850516001533,-110.81544435066212,-12.681101934358878,-0.44798240575686,0.0
-0.8490813080383894,-111.7341329081917,-111.66452565870051,-12.60005810926466,-0.4498900623182682,0.0
-0.5614087236155711,-112.29554163180727,-112.22593438231608,-12.598504620886894,-0.4495016631136209,0.0
-0.45606795907199715,-112.75160959087927,-112.68200234138808,-12.633629165056625,-0.45059115029506125,0.0
-0.6396000787199975,-113.39120966959926,-113.32160242010808,-12.932996975501464,-0.4592562158694616,0.0
-0.7458284442495887,-114.13703811384885,-114.06743086435766,-13.402643810455311,-0.47205976610229267,0.0
-0.5161344276479702,-114.65317254149682,-114.58356529200563,-13.527988479002731,-0.4754095269010131,0.0
-2.4840174900822465,-117.13719003157907,-117.06758278208788,-9.809003714107062,-0.5189789607026585,0.0
-1.8892323089199077,-119.02642234049897,-118.95681509100778,-9.239560742143027,-0.5487330835267701,0.0
-0.5621264587519781,-119.58854879925094,-119.51894154975976,-9.372837637240256,-0.5543455127982699,0.0
-0.6384946070159765,-120.22704340626692,-120.15743615677573,-9.524586671168247,-0.5612622025385893,0.0
-0.6259500513599927,-120.85299345762691,-120.78338620813572,-9.67874372338589,-0.5679845321033893,0.0
-0.7120080950400101,-121.56500155266691,-121.49539430317573,-9.786262492644857,-0.5740684956041903,0.0
-0.31266599999999123,-121.8776675526669,-121.80806030317572,-9.993067599642234,-0.5792360722589105,0.0
-0.3873337999999519,-122.26500135266686,-122.19539410317567,-10.058048883003348,-0.5812746390838575,0.0
-0.29473200000000876,-122.55973335266687,-122.49012610317568,-10.007394731133411,-0.5796937666825773,0.0
-0.3337737303599908,-122.89350708302686,-122.82389983353568,-9.844389035372034,-0.5708968366714898,0.0
-0.5925771417215783,-123.48608422474844,-123.41647697525725,-9.912996897752667,-0.5741791795059222,0.0
-0.2794655907839822,-123.76554981553242,-123.69594256604124,-9.895060320683372,-0.5736492118400025,0.0
0.7767389067296792,-122.98881090880275,-122.91920365931156,-8.644975240051496,-0.550943569501889,0.02
-0.3068450989951898,-123.29565600779793,-123.22604875830675,-8.660027266152486,-0.5515069516545935,0.02
-0.4561417998728063,-123.75179780767074,-123.68219055817956,-8.802922999589908,-0.5570099526974894,0.02
-0.31640400000000224,-124.06820180767075,-123.99859455817956,-8.661446686203114,-0.5487210710414905,0.02
-0.23645006425942036,-124.30465187193016,-124.23504462243898,-8.711636721336395,-0.5503324800133516,0.02
-0.26855279637498686,-124.57320466830515,-124.50359741881397,-8.78082445746206,-0.5525802366865318,0.02
-0.49527771946394694,-125.0684823877691,-124.99887513827791,-8.74484145002168,-0.5503125078180511,0.02
-1.3050388574399356,-126.37352124520903,-126.30391399571785,-8.682965438302242,-0.556408164846074,0.02
-0.410836399999956,-126.78435764520898,-126.7147503957178,-8.68650777029416,-0.5565696288460737,0.02
-0.3124200000000066,-127.09677764520899,-127.0271703957178,-8.615526699795797,-0.5534099005081538,0.02
-0.21409692699595934,-127.31087457220495,-127.24126732271377,-8.518370748603772,-0.5496077784880733,0.02
-0.3873705999999931,-127.69824517220495,-127.62863792271376,-8.480676373480225,-0.5477384495808733,0.02
-0.2947536000000042,-127.99299877220496,-127.92339152271377,-8.396042778184976,-0.5438282471366811,0.02
-0.3322559769599698,-128.3252547491649,-128.25564749967373,-8.364784739357413,-0.5424362730758813,0.02
-0.30672837782399354,-128.6319831269889,-128.56237587749771,-8.426002446020702,-0.5446880719349442,0.02
-0.2944535245519842,-128.92643665154088,-128.8568294020497,-8.344804642076088,-0.5409344971127843,0.02
-0.08441047112796381,-129.01084712266885,-128.94123987317766,-8.27819083229297,-0.5388021425353438,0.02
-0.08226133948718947,-129.09310846215604,-129.02350121266485,-8.233253386377523,-0.5373837030443844,0.02
-0.262901116632,-129.35600957878805,-129.28640232929686,-8.127259536228694,-0.5322962843555847,0.02
-0.16304849244001,-129.51905807122805,-129.44945082173686,-8.05325841663164,-0.5294964214043851,0.02
-0.18907744146716804,-129.7081355126952,-129.63852826320402,-7.912508996879538,-0.5229682902337295,0.02
-0.1663883520223915,-129.8745238647176,-129.8049166152264,-7.835999952759095,-0.5199221212626574,0.02
-0.36289919078395977,-130.23742305550155,-130.16781580601037,-7.873376924116371,-0.5216037052511371,0.02
-0.21895770275998802,-130.45638075826153,-130.38677350877035,-7.69909141066927,-0.5039062550180496,0.02
-0.2956594483506135,-130.75204020661215,-130.68243295712097,-7.591431141876474,-0.49753642004373455,0.02
-0.46117279041120507,-131.21321299702336,-131.14360574753218,-7.584687119879829,-0.4971192609625188,0.02
-0.14424761669199265,-131.35746061371535,-131.28785336422416,-7.38188903272479,-0.48505508556307897,0.02
-0.593781339707706,-131.95124195342305,-131.88163470393187,-7.3745291791843295,-0.4843808872666736,0.02
-0.19105059999999177,-132.14229255342303,-132.07268530393185,-7.197624104244333,-0.4725327469986742,0.02
-0.28187199999998647,-132.42416455342303,-132.35455730393184,-7.065466723954553,-0.4623211851842741,0.02
-2.24609416501118,-134.6702587184342,-134.60065146894303,-6.62206269188655,-0.4828716790942589,0.02
-0.19857167999998782,-134.8688303984342,-134.799223148943,-6.562252030400561,-0.4796755759656188,0.02
-0.10990400861436292,-134.97873440704856,-134.90912715755738,-6.362542829225198,-0.4648920299771382,0.02
-0.19118159999999595,-135.16991600704856,-135.10030875755737,-6.2465113800608645,-0.4574874875048267,0.02
-0.14805416692127693,-135.31797017396983,-135.24836292447864,-6.140947853005188,-0.45132721166181233,0.02
-0.17547409465441757,-135.49344426862424,-135.42383701913306,-6.006569221683539,-0.4420446919805008,0.02
-0.11769403860476968,-135.61113830722903,-135.54153105773784,-5.834782347593212,-0.4294820038676043,0.02
-0.24857101295999584,-135.859709320189,-135.79010207069783,-5.757028871598109,-0.42413073557384484,0.02
-0.15286718713599148,-136.012576507325,-135.94296925783382,-6.19261207916886,-0.37750772951491973,0.02
-0.36507043849598586,-136.377646945821,-136.3080396963298,-6.577443769764812,-0.3470244921064413,0.02
-0.33475729647357466,-136.71240424229458,-136.6427969928034,-6.513357359926552,-0.34247710886087324,0.02
-0.8013851056127732,-137.51378934790736,-137.44418209841618,-6.517838974477642,-0.34573491883280916,0.02
-0.15037798761598545,-137.66416733552336,-137.59456008603217,-6.358845649304521,-0.33622347755792903,0.02
-0.24203896697903787,-137.9062063025024,-137.8365990530112,-6.2424537385418155,-0.3268240949967096,0.02
-0.20130637349981842,-138.10751267600222,-138.03790542651103,-6.193001017792471,-0.3245969024667062,0.02
-0.2418025992479984,-138.3493152752502,-138.27970802575902,-6.13635438445031,-0.3216862784516671,0.02
-0.12206761136878586,-138.47138288661898,-138.4017756371278,-6.053532532712796,-0.31823299067904265,0.02
-0.14064358531197643,-138.61202647193096,-138.54241922243978,-5.966879011020592,-0.31437038777808235,0.02
-0.12439018075200696,-138.73641665268298,-138.6668094031918,-5.808304232851419,-0.3050066485586909,0.02
-0.6503834344184569,-139.38680008710142,-139.31719283761024,-5.900190762814258,-0.3124250054313804,0.02
-0.06265433932797745,-139.44945442642938,-139.3798471769382,-6.793041582593738,-0.3292128703525335,0.0
-0.1920345284231743,-139.64148895485255,-139.57188170536136,-6.735314421209729,-0.32691665894109323,0.0
-0.2982361200000264,-139.93972507485256,-139.87011782536138,-6.679541232537692,-0.3237585453436376,0.0
-0.19118159999999595,-140.13090667485255,-140.06129942536137,-6.618182869248399,-0.3212540973436375,0.0
-0.12355934401437992,-140.25446601886694,-140.18485876937575,-6.554093012135117,-0.31899628293873666,0.0
-0.13424750406398495,-140.3887135229309,-140.31910627343973,-6.481838060266503,-0.31631017709251663,0.0
-0.2742049799999833,-140.6629185029309,-140.5933112534397,-6.408065063561508,-0.31188872230323733,0.0
-0.19030000000001018,-140.8532185029309,-140.78361125343972,-6.524095859569634,-0.2895939451544389,0.0
-0.08076727424797814,-140.9339857771789,-140.8643785276877,-6.3581492009641405,-0.2829925626393993,0.0
-0.3643136383039834,-141.2982994154829,-141.2286921659917,-6.377802855376345,-0.2840304354054789,0.0
-0.16754399351999047,-141.46584340900287,-141.3962361595117,-6.351368037863129,-0.2830993767359595,0.0
-0.5105017258563029,-141.97634513485917,-141.906737885368,-6.380633073460869,-0.2855619992530857,0.0
-0.11160208092000382,-142.08794721577917,-142.01833996628798,-6.280309364429161,-0.2818989688714857,0.0
0.6418298968712058,-141.44611731890797,-141.37651006941678,-5.416168262144996,-0.26241725139486216,0.02
0.10513551714561542,-141.34098180176235,-141.27137455227117,-5.18911044579443,-0.25417997349546995,0.04
-0.18857393275774167,-141.5295557345201,-141.45994848502892,-5.144825594897958,-0.2520623816595851,0.04
-0.22923235875916886,-141.75878809327926,-141.68918084378808,-5.216130340670453,-0.2549588194122092,0.04
-0.1841369744752008,-141.94292506775446,-141.87331781826327,-5.268860633040854,-0.2569963321119695,0.04
-0.48365489793596084,-142.42657996569042,-142.35697271619924,-5.336829495234624,-0.26141140773804866,0.04
-0.3407012938055698,-142.767281259496,-142.69767401000482,-5.411180106223986,-0.26496446376535987,0.04
-0.3289818292319987,-143.096263088728,-143.0266558392368,-5.469259720802252,-0.2677625515206565,0.04
-0.3242145560639945,-143.420477644792,-143.3508703953008,-5.537241314442293,-0.27091907560148853,0.04
-0.20060800000000445,-143.621085644792,-143.55147839530082,-5.472749945704435,-0.2676732517858094,0.04
-0.5944884770879827,-144.21557412188,-144.1459668723888,-5.5791117615079004,-0.2751838672723693,0.04
0.3690104691208296,-143.84656365275916,-143.77695640326797,-5.140896463793092,-0.26189046892294043,0.06
-0.3243828960000114,-144.17094654875916,-144.10133929926798,-5.101437965959173,-0.25915467103471657,0.06
-0.12056779754878458,-144.29151434630793,-144.22190709681675,-5.089752461750031,-0.2586810746518524,0.06
-0.27198018799999324,-144.56349453430792,-144.49388728481674,-5.0075889586932,-0.25224505161769817,0.06
-0.095943492119993,-144.65943802642792,-144.58983077693674,-4.961814733274331,-0.2503429094600982,0.06
-0.2877845493367964,-144.94722257576473,-144.87761532627354,-4.963999709672592,-0.2504611604468344,0.06
-0.19335999999997922,-145.1405825757647,-145.07097532627353,-6.902677952998199,-0.20940647714661037,0.06
-0.6411356098752177,-145.78171818563993,-145.71211093614875,-6.925241083226052,-0.218257755744115,0.06
-0.31106042553600044,-146.09277861117593,-146.02317136168475,-7.058491900174789,-0.22228088408254773,0.06
-0.38728544000000964,-146.48006405117593,-146.41045680168475,-7.1463932133454655,-0.22620296088254796,0.06
-0.06284593865597851,-146.5429099898319,-146.47330274034073,-7.063799949571536,-0.224498796317242,0.06
-0.26780753880000485,-146.81071752863193,-146.74111027914074,-7.122889846739253,-0.22634546520015378,0.06
-0.18836849371197165,-146.9990860223439,-146.92947877285272,-7.182270130259695,-0.2277589543022978,0.06
-0.28779301944,-147.2868790417839,-147.2172717922927,-7.20251025710493,-0.2285433944318979,0.06
-0.1738481254359996,-147.4607271672199,-147.3911199177287,-7.219670879411689,-0.22896301319789805,0.06
-0.2476056109439817,-147.70833277816388,-147.6387255286727,-7.171959306517358,-0.22661371664685795,0.06
-0.9930016930039613,-148.70133447116785,-148.63172722167667,-6.850319764906374,-0.2397786045774657,0.06
-0.4067538267119799,-149.10808829787985,-149.03848104838866,-6.963437372974387,-0.23188597899944985,0.06
-0.33659026763597016,-149.44467856551583,-149.37507131602464,-7.070652501872994,-0.23561022459984954,0.06
-0.13293718627199214,-149.57761575178782,-149.50800850229663,-6.992256787523137,-0.2334281889857086,0.06
1.1076863158817147,-148.4699294359061,-148.4003221864149,-4.8582511822208065,-0.20724833519807795,0.08
-0.21026240230399532,-148.68019183821008,-148.6105845887189,-4.844105529793977,-0.2066175312591979,0.08
-0.23073836553438093,-148.91093020374447,-148.8413229542533,-4.898725789794716,-0.2087909463425098,0.08
-0.7065154679277115,-149.6174456716722,-149.547838422181,-5.03473177975584,-0.22010838399482452,0.08
-0.3127474217454265,-149.9301930934176,-149.86058584392643,-5.121592148019224,-0.2238755288146929,0.08
-0.11341618055999333,-150.0436092739776,-149.97400202448642,-4.968010205017377,-0.21313618373752363,0.08
-0.4170562310559902,-150.4606655050336,-150.39105825554242,-5.124087776373736,-0.22022422157208388,0.08
-0.28787401943998303,-150.74853952447359,-150.6789322749824,-5.166674360490514,-0.22214101139242004,0.08
-0.12350505696800423,-150.8720445814416,-150.80243733195042,-5.08356453769434,-0.2186463901317796,0.08
-0.2407521099023825,-151.112796691344,-151.0431894418528,-5.106788794907649,-0.21963780032982735,0.08
-0.209314633980004,-151.322111325324,-151.2525040758328,-5.151833723265559,-0.22135290612913983,0.08
-0.2954166231839872,-151.61752794850798,-151.5479206990168,-5.228340757132517,-0.22457628851153988,0.08
-0.8041375885607858,-152.42166553706878,-152.3520582875776,-5.2903226831339065,-0.23517494068275593,0.08
-0.17808699361599473,-152.59975253068478,-152.5301452811936,-5.284163656137105,-0.2349306805550756,0.08
-0.27010236729200565,-152.86985489797678,-152.8002476484856,-5.382009771477032,-0.2387173824159562,0.08
-0.15404398848000417,-153.02389888645678,-152.9542916369656,-5.292304719765985,-0.23451198941947657,0.08
-0.19395383819616002,-153.21785272465294,-153.14824547516176,-5.305767145170079,-0.23504018631299994,0.08
-0.18033966038956584,-153.3981923850425,-153.32858513555132,-5.196616541713339,-0.2284369450036652,0.08
-0.21156339009837655,-153.60975577514088,-153.5401485256497,-5.249471674072917,-0.23043617118723264,0.08
-0.08449067112799143,-153.69424644626886,-153.62463919677768,-6.07320758330773,-0.2449625825472166,0.06
-0.1003679738879869,-153.79461442015685,-153.72500717066566,-6.254422726404349,-0.24907265236788867,0.04
-0.14745118727036752,-153.94206560742722,-153.87245835793604,-6.2285622190489836,-0.2482501974581412,0.04
-0.17119655548799087,-154.11326216291522,-154.04365491342404,-6.195145258103706,-0.2470894813927176,0.04
-0.27639526000000736,-154.38965742291523,-154.32005017342405,-6.2439791786029115,-0.24893464710321375,0.04
-0.23409417118318884,-154.62375159409842,-154.55414434460724,-6.162455926007055,-0.24394343256815834,0.04
-0.16654299227197605,-154.7902945863704,-154.72068733687922,-6.077551183139962,-0.24046026653748645,0.04
-0.29445759999997667,-155.0847521863704,-155.0151449368792,-6.063931085996387,-0.239769781952846,0.04
-0.2035651086871725,-155.28831729505757,-155.21871004556638,-6.007603474626711,-0.23735679300530957,0.04
-0.18388919567998657,-155.47220649073756,-155.40259924124638,-5.997985566346866,-0.2370224169189092,0.04
-0.510391257023995,-155.98259774776156,-155.91299049827037,-5.996414566630756,-0.23534047251762943,0.04
-0.08425007112801983,-156.06684781888958,-155.9972405693984,-6.528035420280753,-0.24440568332260643,0.02
-0.8051872929224002,-156.87203511181198,-156.8024278623208,-6.508907016427222,-0.2540217712610542,0.02
-0.5185894341503934,-157.39062454596237,-157.32101729647118,-6.670085130291086,-0.26198220399308636,0.02
-0.12710558041599068,-157.51773012637835,-157.44812287688717,-6.581254043646325,-0.25908471184140636,0.02
-0.20167919999997766,-157.71940932637833,-157.64980207688714,-6.655223249991316,-0.26119942599900603,0.02
-0.49785872688639127,-158.21726805326472,-158.14766080377353,-6.714995128064552,-0.26540090954999795,0.02
-0.08841637563518343,-158.3056844288999,-158.2360771794087,-6.639897932758716,-0.26330203706270205,0.02
0.19855683749762232,-158.10712759140227,-158.0375203419111,-6.1722340610754305,-0.2465081881152452,0.04
-0.5289968764079955,-158.63612446781028,-158.5665172183191,-6.223363918428401,-0.2508669171326851,0.04
-0.1296141834399868,-158.76573865125027,-158.6961314017591,-6.099452530026984,-0.24571349200148468,0.04
-0.17052719251200188,-158.93626584376227,-158.8666585942711,-6.174270428267682,-0.24786711707860512,0.04
-0.35694101010958446,-159.29320685387185,-159.22359960438067,-6.209942640908001,-0.24964978650479672,0.04
0.0013694794400319343,-159.29183737443182,-159.22223012494064,-6.071725855804677,-0.24585502704175663,0.06
-0.2669678559359871,-159.5588052303678,-159.4891979808766,-6.062417235695411,-0.24543852377167638,0.06
-0.15581438871996692,-159.71461961908776,-159.64501236959657,-6.0513668848782665,-0.24507784903735572,0.06
-0.29581174184959785,-160.01043136093736,-159.94082411144618,-6.073305941700323,-0.24604197165546807,0.06
-0.38001800781477213,-160.39044936875214,-160.32084211926096,-6.199096026351457,-0.2337822979516843,0.06
-0.45296798554223855,-160.8434173542944,-160.7738101048032,-6.207840919731699,-0.23470658112828943,0.06
-0.15323461585198428,-160.99665197014636,-160.92704472065518,-6.114626377840847,-0.23103946809260972,0.06
-0.17845520543638,-161.17510717558275,-161.10549992609157,-6.1446623607071995,-0.23194982847589748,0.06
-0.3485586023999855,-161.52366577798273,-161.45405852849154,-9.899219536933353,-0.2610747268415315,0.04
-0.08909322246000193,-161.61275900044274,-161.54315175095155,-9.73288729907006,-0.2586513432446516,0.04
-0.12430911799197913,-161.7370681184347,-161.66746086894352,-9.606537924345599,-0.25652275829380355,0.04
-0.48153605068797933,-162.2186041691227,-162.14899691963151,-9.870770048607918,-0.2520231699490089,0.04
0.9068640364084096,-161.31174013271428,-161.2421328832231,-6.638614980194441,-0.22763094078593224,0.06
-0.28746142030398425,-161.59920155301828,-161.5295943035271,-6.751708664308481,-0.23111184558081205,0.06
-0.2953036843007934,-161.89450523731907,-161.82489798782788,-6.715915729661548,-0.2286767946457081,0.06
-0.23096638387199014,-162.12547162119105,-162.05586437169987,-6.686601788098351,-0.22753864193434825,0.06
-0.6352405776879831,-162.76071219887905,-162.69110494938786,-6.812906828822754,-0.2377733523487478,0.06
-0.1529623058879922,-162.91367450476704,-162.84406725527586,-6.75480554148829,-0.23601755626846,0.06
-0.3330333295919987,-163.24670783435906,-163.17710058486787,-6.816256548822557,-0.2384919301806999,0.06
-0.8837650054559928,-164.13047283981504,-164.06086559032386,-6.72046224840031,-0.25025889782614,0.06
-1.573333031452811,-165.70380587126786,-165.63419862177668,-6.001088358621398,-0.2656428066839805,0.06
-0.20358483999999683,-165.90739071126785,-165.83778346177667,-6.0149592249644135,-0.26615276361166057,0.06
-0.17652359395199668,-166.08391430521985,-166.01430705572866,-5.96788321322782,-0.26428118814486035,0.06
-0.18154128254266005,-166.26545558776252,-166.19584833827133,-5.983550081323607,-0.2648311340261135,0.06
-0.26977859999995824,-166.53523418776248,-166.4656269382713,-6.020958066940181,-0.26634762926218947,0.06
-0.30512027430000616,-166.8403544620625,-166.7707472125713,-6.08123101307201,-0.2688432415403983,0.06
-0.14582998319999668,-166.9861844452625,-166.9165771957713,-6.04422078503149,-0.2675285734024307,0.06
-0.1666299908800004,-167.1528144361425,-167.08320718665132,-6.095951330045045,-0.26917135979747087,0.06
-0.2446659736910351,-167.39748040983355,-167.32787316034236,-6.179280986905413,-0.2720573197935318,0.06
-0.16775588783200035,-167.56523629766554,-167.49562904817435,-6.191479824892252,-0.27246341380476446,0.06
-0.05525312817358055,-167.6204894258391,-167.55088217634793,-6.115676842971084,-0.2701445452584763,0.06
-0.5153266572607687,-168.13581608309988,-168.0662088336087,-6.186598696469356,-0.2749231732036915,0.06
-0.5152128654000157,-168.65102894849989,-168.5814216990087,-6.27856430260947,-0.28054554708802804,0.06
-0.12179425262641064,-168.7728232011263,-168.70321595163512,-6.25092204845262,-0.27965057229511675,0.06
-0.20159645137630455,-168.9744196525026,-168.90481240301142,-6.205874008963367,-0.27779334932264327,0.06
-0.14114350306560913,-169.11556315556822,-169.04595590607704,-6.169930813127605,-0.276544917210212,0.06
-0.16437327472797256,-169.2799364302962,-169.21032918080502,-6.1587767348014815,-0.2761545987911717,0.06
-0.061987746030377794,-169.3419241763266,-169.2723169268354,-5.966504614155473,-0.2671865285712994,0.06
-0.16920839011198213,-169.51113256643856,-169.44152531694738,-6.018878799131495,-0.26888569495097864,0.06
-0.21102516933046386,-169.72215773576903,-169.65255048627785,-5.9285681144499565,-0.2570024524791399,0.06
-0.30085502039999656,-170.02301275616904,-169.95340550667785,-5.870408771989668,-0.252647764204132,0.06
-0.49404164392959526,-170.51705440009863,-170.44744715060745,-6.015121911063867,-0.25998648547440406,0.06
-0.14753498631997863,-170.6645893864186,-170.59498213692743,-5.9841852296849805,-0.2589036012008041,0.06
-0.3531689198111935,-171.0177583062298,-170.94815105673862,-5.948288710146844,-0.2560098050593001,0.06
-0.30195669240000483,-171.31971499862982,-171.25010774913864,-6.0651527962510645,-0.2602806113945966,0.06
-0.3217612652543952,-171.64147626388421,-171.57186901439303,-6.458206003712188,-0.27068697344963694,0.04
-0.27074532412398916,-171.9122215880082,-171.84261433851702,-6.384637930489956,-0.26552194240395677,0.04
-0.29284961977598273,-172.2050712077842,-172.135463958293,-6.476828278444618,-0.2687866511306767,0.04
-0.3020191999999761,-172.50709040778418,-172.437483158293,-6.546965611079906,-0.27141649128043616,0.04
-0.38092213899999205,-172.88801254678418,-172.818405297293,-6.554976919898462,-0.2718961138582443,0.04
-0.19563967999998017,-173.08365222678415,-173.01404497729297,-6.7044597899446545,-0.2758362970470446,0.02
-0.30456270842400146,-173.38821493520817,-173.31860768571698,-6.722164866215868,-0.27658819409680485,0.02
-0.23744475809999435,-173.62565969330817,-173.55605244381698,-6.772402503681919,-0.2782208014844054,0.02
-0.30820679999995887,-173.93386649330813,-173.86425924381695,-6.777965679965434,-0.27846870264741264,0.02
-0.21143500503998877,-174.14530149834812,-174.07569424885693,-6.700972259019642,-0.2750970425919169,0.02
-0.14757298631996726,-174.2928744846681,-174.2232672351769,-6.565639297180562,-0.26898914260747153,0.02
-1.0748355012263822,-175.36770998589446,-175.29810273640328,-6.549102440004937,-0.2874211603149595,0.02
-0.2792496172799917,-175.64695960317445,-175.57735235368327,-6.603275977682876,-0.2894370485518317,0.02
-0.4045675049199772,-176.05152710809443,-175.98191985860325,-6.622150745567546,-0.29055722660223154,0.02
-0.20888903999999672,-176.26041614809444,-176.19080889860325,-6.700609593572046,-0.2929531429530315,0.02
-0.16268053167199578,-176.42309667976645,-176.35348943027526,-6.726260533835531,-0.2937205712266318,0.02
-0.25489897111678794,-176.67799565088325,-176.60838840139206,-6.64676104953164,-0.28918782963520795,0.02
-0.2901696195839938,-176.96816527046724,-176.89855802097605,-8.653807808624714,-0.31312850275505605,0.0
-0.35091561545598526,-177.31908088592323,-177.24947363643204,-8.68796723549579,-0.3143975866580961,0.0
-0.1736879919359952,-177.49276887785922,-177.42316162836804,-8.595665247803723,-0.3119652728108001,0.0
-0.1483999899199875,-177.64116886777921,-177.57156161828803,-8.524246262836652,-0.31031394493176007,0.0
-0.2694977999999979,-177.91066666777922,-177.84105941828804,-8.460515674726325,-0.30299908937800035,0.0
-0.2788766278727933,-178.18954329565202,-178.11993604616083,-8.56058059787829,-0.30551737581769634,0.0
-0.3618601085688383,-178.55140340422085,-178.48179615472966,-8.573503705706907,-0.30609391139723313,0.0
-0.22353500455997702,-178.77493840878083,-178.70533115928964,-8.67306281697178,-0.29288931137931284,0.0
-0.18354911666880638,-178.95848752544964,-178.88888027595846,-12.177073401194658,-0.26509363308363276,0.0
-0.3582915586879989,-179.31677908413764,-179.24717183464645,-12.296268158679473,-0.26818776745739276,0.0
-0.30430933900796997,-179.6210884231456,-179.55148117365442,-12.452375615045362,-0.27074348235851226,0.0
-0.12737411056239645,-179.748462533708,-179.6788552842168,-12.337272861522539,-0.26966013891890694,0.0
-0.14997058369033356,-179.89843311739833,-179.82882586790714,-12.15641119615431,-0.26726397859271445,0.0
-0.128881956320005,-180.02731507371834,-179.95770782422716,-11.912123540253976,-0.2637392122331145,0.0
-0.14354617942921324,-180.17086125314756,-180.10125400365638,-11.907419526882563,-0.2636935361576988,0.0
-0.1608370089695778,-180.33169826211713,-180.26209101262594,-11.896573475726717,-0.2635776765194904,0.0
-0.06884380755200299,-180.40054206966914,-180.33093482017796,-11.565063517109024,-0.2600612331967097,0.0
-1.23011006358238,-181.63065213325152,-181.56104488376033,-9.539344897672814,-0.28130831671171724,0.0
-0.15871438564799017,-181.7893665188995,-181.7197592694083,-9.690725244560722,-0.2833775418612055,0.0
-0.14130898823999188,-181.93067550713948,-181.8610682576483,-9.516316863052792,-0.2758971884807899,0.0
-0.20243223523326276,-182.13310774237274,-182.06350049288156,-9.422014761967349,-0.2696415758774549,0.0
-0.11521997599999517,-182.24832771837274,-182.17872046888155,-9.412855595193658,-0.26951009034492657,0.0
-0.08385772699199817,-182.33218544536473,-182.26257819587354,-9.264005968223477,-0.26715531585724045,0.0
-0.16317520705677344,-182.4953606524215,-182.42575340293033,-9.29063578665338,-0.2675959499370637,0.0
0.2748234325200123,-182.2205372199015,-182.15092997041032,-8.434873462752378,-0.25881201579210406,0.02
-0.19590255482557675,-182.41643977472708,-182.3468325252359,-8.586500494258294,-0.26149031196800804,0.02
-0.12396717889920354,-182.54040695362627,-182.4707997041351,-8.53774355514447,-0.26058548774375245,0.02
0.048923884240008375,-182.49148306938628,-182.4218758198951,-8.206896041799755,-0.255386506672343,0.04
-0.439054604832793,-182.93053767421907,-182.86093042472788,-8.242629985023806,-0.25815049836099896,0.04
-0.1452323567040497,-183.0757700309231,-183.00616278143193,-8.095048853493067,-0.25117431261648804,0.04
-0.09412345283997575,-183.16989348376308,-183.1002862342719,-8.037500839811239,-0.25010608194688794,0.04
-0.14596916417439038,-183.31586264793748,-183.2462553984463,-7.905366591008326,-0.2459620868341519,0.04
-0.37532003839998457,-183.69118268633747,-183.62157543684629,-7.930452595928231,-0.24742935375415148,0.04
-0.25044961036799485,-183.94163229670548,-183.8720250472143,-7.893856420379573,-0.2460031206564235,0.04
-0.19445997177597718,-184.13609226848146,-184.06648501899028,-7.84178576587341,-0.24447741360946323,0.04
-0.35661640703918995,-184.49270867552065,-184.42310142602946,-7.866274541625759,-0.24575274935472738,0.04
-0.35157723599999546,-184.84428591152064,-184.77467866202946,-7.885111081212376,-0.2467439100747278,0.04
-0.5408578165615587,-185.3851437280822,-185.315536478591,-7.878675884231344,-0.24994262362595912,0.04
-0.4111107488399843,-185.79625447692217,-185.726647227431,-7.979552248233021,-0.25425204500275916,0.04
-0.1870868941199764,-185.98334137104214,-185.91373412155096,-7.903161573007877,-0.2519025287166787,0.04
-0.5221452598079739,-186.50548663085013,-186.43587938135894,-7.970850208034845,-0.2575965387508383,0.04
-0.6963480960479855,-187.2018347268981,-187.13222747740693,-7.932029236479532,-0.2653593646717988,0.04
-1.1850913012556596,-188.38692602815377,-188.31731877866258,-7.483174392412348,-0.28483249059611226,0.04
-0.5822697492239972,-188.96919577737776,-188.89958852788658,-7.642424592549016,-0.2935264258541928,0.04
-0.11163945190397798,-189.08083522928175,-189.01122797979056,-7.798696455268529,-0.2742625048677448,0.04
-0.2550643334359729,-189.3358995627177,-189.26629231322653,-7.784524283867479,-0.2737787991908644,0.04
-0.2864359757599878,-189.6223355384777,-189.55272828898651,-7.7389300406443455,-0.2714161686076646,0.04
-0.23332140849598526,-189.85565694697368,-189.7860496974825,-7.755978979840267,-0.27190481597758437,0.04
-0.4048034279839623,-190.26046037495763,-190.19085312546645,-7.888257358659907,-0.27674727390382364,0.04
-0.45420259489197046,-190.7146629698496,-190.6450557203584,-7.962870431735697,-0.28073334637932734,0.04
-0.41784608784680927,-191.1325090576964,-191.06290180820523,-8.01163430179594,-0.28328687574458367,0.04
-0.2079805457343982,-191.3404896034308,-191.2708823539396,-7.92991371181785,-0.28042817435015194,0.04
-0.26668040000001586,-191.6071700034308,-191.53756275393962,-7.99707071480042,-0.2822880225114323,0.04
-0.1857629954399973,-191.7929329988708,-191.72332574937963,-8.029379178052434,-0.2830352826218325,0.04
-0.14701828283998952,-191.9399512817108,-191.8703440322196,-7.9369031474450855,-0.2805856922786324,0.04
-0.29557638000001496,-192.23552766171082,-192.16592041221963,-7.946075890790094,-0.2809196873211768,0.04
-0.2206999232927809,-192.4562275850036,-192.38662033551242,-7.870405652570136,-0.27809648361565564,0.04
-0.937341500183918,-193.39356908518752,-193.32396183569634,-7.766703141680136,-0.2923726135281345,0.04
-0.12695358036796717,-193.5205226655555,-193.4509154160643,-7.719812341676693,-0.29124070280211767,0.04
-0.22465638473594746,-193.74517905029143,-193.67557180080024,-7.649418901429833,-0.28856799932307664,0.04
-0.2261584018719902,-193.97133745216343,-193.90173020267224,-7.604219923583084,-0.28700498058035706,0.04
-0.08865896817598695,-194.05999642033942,-193.99038917084823,-7.569023061776256,-0.28623067773262884,0.04
-0.2958372000000015,-194.3558336203394,-194.28622637084823,-7.666459713551487,-0.28914801005882224,0.04
-0.3869309999999989,-194.74276462033941,-194.67315737084823,-7.822519465603939,-0.2943089909324221,0.04
-0.08326857040798108,-194.8260331907474,-194.75642594125623,-7.7666610175053625,-0.29310343875199746,0.04
-0.2735067999999947,-195.09953999074742,-195.02993274125623,-7.845525830944246,-0.2953568345726058,0.04
-0.21121239999998473,-195.3107523907474,-195.24114514125623,-7.971528156825592,-0.2982042064215655,0.04
-0.23113300470400466,-195.5418853954514,-195.47227814596022,-8.60324105541223,-0.2782246652439979,0.04
-0.37215965279995916,-195.91404504825135,-195.84443779876017,-8.745904339345065,-0.2824935705870373,0.04
-0.29587950251997297,-196.20992455077132,-196.14031730128013,-8.87610569119481,-0.2855849808726369,0.04
-0.16805899016000575,-196.37798354093133,-196.30837629144014,-8.84300224468079,-0.28489751597117174,0.04
-0.22376300455998976,-196.60174654549132,-196.53213929600014,-8.954122535014093,-0.28706837654237166,0.04
-0.2911202870000175,-196.89286683249134,-196.82325958300015,-9.158825120335544,-0.291213627742532,0.04
-0.2905579999999679,-197.1834248324913,-197.11381758300013,-9.269658331098723,-0.293761283601396,0.04
-0.1968280964720095,-197.38025292896333,-197.31064567947215,-10.238382821149013,-0.3031943141812364,0.02
-0.16126220397118182,-197.5415151329345,-197.47190788344332,-10.194990393486693,-0.3025015071641485,0.02
-0.13454533927997445,-197.6760604722145,-197.6064532227233,-10.210630931423836,-0.30271307037176387,0.02
-0.46878760665149355,-198.14484807886598,-198.0752408293748,-10.812378865476386,-0.31306730018959394,0.0
-0.21625108176158675,-198.36109916062756,-198.29149191113638,-10.677581584457549,-0.3086112297281698,0.0
-0.29129994239996476,-198.65239910302753,-198.58279185353635,-10.848541001781133,-0.3115325814420881,0.0
-0.3362373343440039,-198.98863643737153,-198.91902918788034,-11.14723009496489,-0.31637485907216867,0.0
-0.40349677119598565,-199.39213320856751,-199.32252595907633,-11.39331416329722,-0.3215254112126006,0.0
-0.19760279999997765,-199.58973600856748,-199.5201287590763,-11.234036189743106,-0.3179710664446005,0.0
-0.34592833866236805,-199.93566434722985,-199.86605709773866,-11.312691065243344,-0.3198806410104879,0.0
-0.3802350316799422,-200.3158993789098,-200.2462921294186,-11.48084606468611,-0.3235961422085672,0.0
-0.49442889839994175,-200.81032827730974,-200.74072102781855,-11.498687183547077,-0.32635239203578226,0.0
-0.4903197243360113,-201.30064800164575,-201.23104075215457,-11.522697127442292,-0.3291272418025025,0.0
-0.18256352130157918,-201.48321152294733,-201.41360427345614,-11.344121193878252,-0.32196135589730296,0.0
-0.2658711999999808,-201.74908272294732,-201.67947547345614,-11.256380819854645,-0.3190565649205029,0.0
-0.3058175999999592,-202.05490032294728,-201.9852930734561,-11.389950250811646,-0.3214311790381026,0.0
-0.209168697815989,-202.26406902076326,-202.19446177127207,-11.252219477454467,-0.31517164779826284,0.0
-0.15146491599599626,-202.41553393675926,-202.34592668726808,-11.225058836549543,-0.30427398419722307,0.0
-0.23114134649919987,-202.64667528325845,-202.57706803376726,-13.927781669138378,-0.2851949851020939,0.0
-0.23544176356799912,-202.88211704682644,-202.81250979733525,-14.199415557566574,-0.27825842538897394,0.0
-0.12577878051199617,-203.00789582733844,-202.93828857784726,-14.247393509062213,-0.27854121196113424,0.0
-0.10623956112000363,-203.11413538845844,-203.04452813896725,-13.888165171682068,-0.2755647165148149,0.0
-0.3128594028461037,-203.42699479130454,-203.35738754181335,-13.90591004620914,-0.27609318505653724,0.0
-0.0912965745119724,-203.5182913658165,-203.44868411632532,-13.545247351590234,-0.27325268837685696,0.0
-0.28511699999998275,-203.8034083658165,-203.7338011163253,-13.543243532234271,-0.27085895981717734,0.0
-0.14230772016143836,-203.94571608597792,-203.87610883648674,-13.359103845353514,-0.2646210623225667,0.0
-0.2544256087359936,-204.20014169471392,-204.13053444522274,-13.357892529864646,-0.2613526527403504,0.0
-0.20385823999999675,-204.4039999347139,-204.33439268522272,-13.35049361734368,-0.26127020662566236,0.0
-0.567374462975986,-204.97137439768989,-204.9017671481987,-13.046277869591107,-0.2672840878851818,0.0
-0.5571614983495953,-205.52853589603947,-205.4589286465483,-12.956060066154992,-0.2747120579433738,0.0
-0.15953916851197927,-205.68807506455144,-205.61846781506026,-12.985466710742855,-0.27496247565681353,0.0
-0.11357368091998296,-205.80164874547143,-205.73204149598024,-12.673242149206741,-0.2713224216752129,0.0
-0.2804209233695667,-206.082069668841,-206.01246241934982,-12.743226268950007,-0.2725168416767486,0.0
-0.40864717336796264,-206.49071684220897,-206.42110959271778,-15.496929185456864,-0.26194295514042953,0.0
-0.5326051297420853,-207.02332197195105,-206.95371472245986,-15.427847776323977,-0.2700559861279119,0.0
-0.3151614652287879,-207.33848343717983,-207.26887618768865,-15.533186874840526,-0.27186608773776866,0.0
-0.3683807869463622,-207.7068642241262,-207.63725697463502,-15.626266736877044,-0.2747105354392561,0.0
-1.0768525759999852,-208.7837168001262,-208.71410955063502,-12.616530369356532,-0.2944744075957361,0.0
-0.32875169236000057,-209.1124684924862,-209.042861242995,-12.639392607473608,-0.2951326974429361,0.0
-0.38198820000000155,-209.49445669248618,-209.424849442995,-12.63925597997497,-0.2950338414429361,0.0
-0.14566638732798018,-209.64012307981417,-209.570515830323,-12.799394472294134,-0.2962817977813361,0.0
-0.41018184871998975,-210.05030492853416,-209.98069767904298,-12.859625513082133,-0.299015298755736,0.0
-0.23667259255998058,-210.28697752109414,-210.21737027160296,-12.899840910220439,-0.2995245026069359,0.0
-0.127513714299997,-210.41449123539414,-210.34488398590295,-12.694815898927974,-0.2974521167988558,0.0
-0.5729811130943854,-210.98747234848852,-210.91786509899734,-12.552228353398352,-0.30146854600474426,0.0
-0.37576754259999473,-211.3632398910885,-211.29363264159733,-12.595361633743044,-0.3030663068063447,0.0
-0.6132108504959908,-211.9764507415845,-211.90684349209332,-12.646131482197092,-0.3119693440130644,0.0
-0.057959949599969474,-212.03441069118446,-211.96480344169328,-12.286871450463597,-0.30865328291386407,0.0
-0.37843460000000284,-212.41284529118445,-212.34323804169327,-12.339155157441139,-0.31039956917386374,0.0
-0.15115598982397146,-212.56400128100842,-212.49439403151723,-12.134434457940893,-0.3076115289703438,0.0
-0.739273798917002,-213.3032750799254,-213.23366783043423,-11.952387198568433,-0.31846044301924364,0.0
-0.40132010110396765,-213.7045951810294,-213.6349879315382,-12.198046234267178,-0.3232616009618994,0.0
-0.6496266507640043,-214.35422183179338,-214.2846145823022,-12.358044217255822,-0.33356322719157994,0.0
-0.23192338382399322,-214.58614521561736,-214.51653796612618,-12.213005319113032,-0.32882594273502996,0.0
-0.2698758400000234,-214.8560210556174,-214.7864138061262,-12.284247597912666,-0.3298984378997987,0.0
-0.5811815477887996,-215.43720260340618,-215.367595353915,-12.297286668674015,-0.33569607000757534,0.0
-0.301459536799183,-215.73866214020535,-215.66905489071416,-12.268028797501378,-0.33500051405667897,0.0
-0.16872054994878283,-215.90738269015412,-215.83777544066294,-12.025785986691591,-0.33030498963173494,0.0
-0.1954543319400325,-216.10283702209415,-216.03322977260297,-12.02238985791192,-0.33026202027053597,0.0
-0.14415996159999894,-216.24699698369415,-216.17738973420296,-11.771211481754895,-0.32622665272928864,0.0
-0.2268185845919617,-216.4738155682861,-216.40420831879493,-11.640828092060362,-0.323158323787529,0.0
-0.1442622822159868,-216.6180778505021,-216.5484706010109,-11.38790983407089,-0.3161549914638499,0.0
-0.13624611787843807,-216.75432396838053,-216.68471671888935,-11.13420320864751,-0.30907351933469845,0.0
-0.29649735599997873,-217.0508213243805,-216.98121407488932,-11.263476053378069,-0.31135219602866643,0.0
-0.37894179999996647,-217.4297631243805,-217.3601558748893,-11.338626748113084,-0.31361360802866617,0.0
-0.31583952991357067,-217.74560265429406,-217.67599540480288,-11.346045102833754,-0.3138140466269384,0.0
-0.057749949600013645,-217.80335260389407,-217.73374535440288,-11.08075002928829,-0.3107856716626189,0.0
-0.19403119894399673,-217.99738380283807,-217.9277765533469,-11.144552836208108,-0.3116369973215789,0.0
-0.09265370590000538,-218.09003750873808,-218.0204302592469,-10.931214105062699,-0.308867244509595,0.0
-0.27050771999997814,-218.36054522873806,-218.29093797924688,-10.96687662231489,-0.3095685636382346,0.0
-0.0910773670719986,-218.45162259581005,-218.38201534631887,-10.9042142381731,-0.30887453536943466,0.0
-0.28859644799996964,-218.74021904381001,-218.67061179431883,-11.148374587679683,-0.31252167310703394,0.0
-0.5046513674080118,-219.24487041121802,-219.17526316172683,-11.182713725094207,-0.3163575123982721,0.0
-0.1837199711999806,-219.428590382418,-219.35898313292682,-11.34264165630727,-0.31820598033203223,0.0
-0.319083636772783,-219.74767401919078,-219.6780667696996,-11.370085312482189,-0.3188853130674883,0.0
-0.05396429859918492,-219.80163831778998,-219.7320310682988,-11.197027738148153,-0.3171184446362432,0.0
-0.17049687485759857,-219.97213519264758,-219.9025279431564,-11.089677360854852,-0.3154398699586753,0.0
0.09179302677600623,-219.88034216587158,-219.8107349163804,-10.495491798434777,-0.3095268446231552,0.02
-0.17105544310954746,-220.05139760898112,-219.98179035948993,-10.347475412823345,-0.3016004642258265,0.02
-0.1914335976960006,-220.24283120667712,-220.17322395718594,-10.23194846424417,-0.2942859062127546,0.02
0.26097755254943844,-219.9818536541277,-219.9122464046365,-9.314962499673824,-0.28587557179152623,0.04
-0.45500175550402766,-220.4368554096317,-220.36724816014052,-9.544389314930593,-0.2927041332832071,0.04
0.25843215360004546,-220.17842325603166,-220.10881600654048,-8.66086187498859,-0.28192707174381487,0.06
-0.20759040000000512,-220.38601365603168,-220.3164064065405,-8.555664595441915,-0.27790593627645577,0.06
-1.4647523059567646,-221.85076596198843,-221.78115871249724,-7.447243574447927,-0.29654887980074934,0.06
0.24048332940803666,-221.61028263258038,-221.5406753830892,-6.926137318143719,-0.28543598390801284,0.08
-0.2052688200000043,-221.8155514525804,-221.7459442030892,-6.847773182166851,-0.28217374456908567,0.08
-0.816332696311957,-222.63188414889234,-222.56227689940116,-7.014610481027425,-0.2769633469753251,0.08
-0.35553997516797814,-222.9874241240603,-222.91781687456913,-7.02504600609968,-0.27749911263148463,0.08
-0.39395399999999686,-223.38137812406032,-223.31177087456913,-7.028725605661737,-0.27773842863148457,0.08
-0.2881572680000247,-223.66953539206034,-223.59992814256915,-7.117036857312454,-0.28058824624492545,0.08
0.774792325562917,-222.89474306649743,-222.82513581700624,-5.770377009965814,-0.2568887627592673,0.1
-0.29401919999996134,-223.18876226649738,-223.1191550170062,-5.795611229547314,-0.2580356949080669,0.1
-0.19707839999999346,-223.38584066649736,-223.31623341700617,-5.834764281661237,-0.2594269886220668,0.1
-0.3472930177826202,-223.73313368427998,-223.6635264347888,-5.787134469167282,-0.25491322671583155,0.1
-0.229993403120008,-223.96312708739998,-223.8935198379088,-5.729462699236533,-0.2519977439262318,0.1
-0.20777199999998322,-224.17089908739996,-224.10129183790878,-5.622244012367242,-0.24388896691631168,0.1
-0.0946681683199754,-224.26556725571993,-224.19596000622874,-5.6465726757391765,-0.24462313129071178,0.1
-0.2056506999999744,-224.4712179557199,-224.40161070622872,-5.576908568526937,-0.2411674532907112,0.1
-0.11876716428798823,-224.5899851200079,-224.5203778705167,-5.557853532138733,-0.24051967677999156,0.1
-0.39481959999997507,-224.98480472000787,-224.9151974705167,-5.534695926260016,-0.233630592801651,0.1
-0.2933551999999832,-225.27815992000785,-225.20855267051667,-5.4988616286960665,-0.2314712947795713,0.1
-0.07892525807036574,-225.35708517807822,-225.28747792858704,-5.32356849025532,-0.22005726692569855,0.1
-0.031867916115206146,-225.38895309419343,-225.31934584470224,-5.205810862068281,-0.2160561575715228,0.1
-0.5555423470464183,-225.94449544123984,-225.87488819174865,-5.276072841173236,-0.22176948771245072,0.1
-0.38035153999999816,-226.32484698123983,-226.25523973174865,-5.243110527443547,-0.21775288755667468,0.1
-0.2966499999999771,-226.6214969812398,-226.55188973174862,-5.241270005785791,-0.2176566968206906,0.1
-0.29513802000001516,-226.91663500123983,-226.84702775174864,-5.300132513143301,-0.2201850462217152,0.1
-0.19352498199997384,-227.1101599832398,-227.04055273374863,-5.299142833641612,-0.22014645922291404,0.1
-0.3033856000000129,-227.41354558323982,-227.34393833374864,-5.375393725233371,-0.22333097199091434,0.1
-0.23461678444799305,-227.6481623676878,-227.57855511819662,-5.379076607593422,-0.22348693598803496,0.1
-0.18002997551997113,-227.82819234320777,-227.7585850937166,-5.39905599243539,-0.2242022898541146,0.1
-0.5402766489535888,-228.36846899216135,-228.29886174267017,-5.536848078602414,-0.23228290047561767,0.1
-0.5285727226079737,-228.89704171476933,-228.82743446527815,-5.595219324463616,-0.23692440780777754,0.1
-0.3982247994239897,-229.29526651419332,-229.22565926470213,-5.600679015760735,-0.23731006779625802,0.1
-0.20394560000000067,-229.4992121141933,-229.42960486470213,-5.551144520070797,-0.23507218919798661,0.1
-0.27014960000000054,-229.7693617141933,-229.69975446470212,-5.671174081804575,-0.23932018220598636,0.1
-0.15103406598400088,-229.9203957801773,-229.85078853068612,-5.647177997720734,-0.2384602395467864,0.1
-0.8229522531400184,-230.74334803331732,-230.67374078382613,-5.795141094016355,-0.2530662104915867,0.1
-0.2714988599999793,-231.0148468933173,-230.9452396438261,-5.795573429841715,-0.25308603329158674,0.1
-0.6097482640799763,-231.62459515739727,-231.55498790790608,-5.973536980550737,-0.26345945123174624,0.1
-0.6023194150079392,-232.2269145724052,-232.15730732291402,-6.046430469088976,-0.26973391057190566,0.1
-0.11454180753276919,-232.34145637993797,-232.27184913044678,-5.891787057077305,-0.26193171937440085,0.1
-0.31397300407996764,-232.65542938401794,-232.58582213452675,-5.952642388354795,-0.2645367800320006,0.1
-1.6697639329679002,-234.32519331698583,-234.25558606749465,-5.5606443857854275,-0.29155038595590294,0.1
-0.6390617558077123,-234.96425507279355,-234.89464782330236,-5.759799348484568,-0.30325233510007343,0.1
-0.47394562150395725,-235.4382006942975,-235.36859344480632,-5.8709750115451,-0.3093213100330006,0.1
-0.4007375999999827,-235.8389382942975,-235.7693310448063,-6.1278275934210065,-0.3191719225685204,0.08
-0.3102879999999821,-236.14922629429748,-236.0796190448063,-6.191453462264977,-0.3219565737063291,0.08
-0.39275036000000607,-236.54197665429749,-236.4723694048063,-6.274842489969615,-0.3259829089524092,0.08
-0.20465355128399462,-236.74663020558148,-236.6770229560903,-6.620104191422357,-0.33529553102907783,0.06
-0.6766399216617905,-237.42327012724328,-237.3536628777521,-6.655317194584031,-0.3397282943522331,0.06
-0.46801171303197203,-237.89128184027527,-237.82167459078408,-7.135336456621113,-0.3542571716848735,0.04
-0.6442986905279547,-238.53558053080323,-238.46597328131205,-7.276624546437161,-0.3629913374954325,0.04
-0.16396237446399697,-238.69954290526724,-238.62993565577605,-7.525171810324823,-0.33697553886557713,0.04
-0.15842675268861084,-238.85796965795583,-238.78836240846465,-7.948740764460753,-0.3449537405075101,0.02
-0.12216253797437543,-238.9801321959302,-238.910524946439,-7.8853705327599295,-0.34329161486699755,0.02
-0.09337495799998535,-239.0735071539302,-239.003899904439,-7.693985787024715,-0.32883246010075806,0.02
-0.10205651153600598,-239.1755636654662,-239.10595641597502,-7.534697527961611,-0.32376279082811865,0.02
-0.4796582558399675,-239.65522192130618,-239.585614671815,-7.558859788923759,-0.32547687594491803,0.02
0.5578089666359869,-239.0974129546702,-239.02780570517902,-6.63929832272201,-0.30855755125219775,0.04
-0.3090816023039964,-239.4064945569742,-239.336887307483,-8.054477093089936,-0.33023502980953606,0.02
-0.39468808377437653,-239.80118264074858,-239.7315753912574,-8.10103961484244,-0.3322484074850244,0.02
-0.2698863919359954,-240.07106903268456,-240.00146178319338,-8.150596978448363,-0.33370456732374437,0.02
-0.19120859870398504,-240.26227763138854,-240.19267038189736,-8.055503220177252,-0.33058287894217175,0.02
-0.4297070103439621,-240.69198464173252,-240.62237739224133,-8.153889834597077,-0.33457715108665076,0.02
-0.2968880000000025,-240.9888726417325,-240.91926539224133,-8.211793150955817,-0.33635947108665115,0.02
-0.4967055248119614,-241.48557816654449,-241.4159709170533,-8.444350043829575,-0.3444002182164909,0.02
-0.6066376452620388,-242.0922158118065,-242.02260856231533,-8.593278929767752,-0.35241995712173213,0.02
-0.6394834520567707,-242.73169926386328,-242.6620920143721,-8.823757572042254,-0.36283428287710784,0.02
-0.6440579795584079,-243.37575724342167,-243.3061499939305,-8.86479370210973,-0.36781905046827645,0.02
-0.31045199999998396,-243.68620924342167,-243.6166019939305,-8.875364921022168,-0.3681609864682765,0.02
-0.053517351887959974,-243.73972659530963,-243.67011934581845,-8.847363615305834,-0.36765282834462837,0.02
-0.5510016399359802,-244.2907282352456,-244.22112098575442,-9.187604719314796,-0.37803550282104387,0.02
-1.1377324570799914,-245.4284606923256,-245.3588534428344,-8.919798025248465,-0.3896793050217153,0.02
-0.3624221970431478,-245.79088288936873,-245.72127563987755,-8.910983445347247,-0.3893207181625783,0.02
-0.24218455023359503,-246.03306743960232,-245.96346019011114,-8.873969993564137,-0.3882314091672507,0.02
-0.3990130199999834,-246.4320804596023,-246.36247321011112,-8.929639354190964,-0.39030890916725,0.02
-0.35716201872000986,-246.7892424783223,-246.71963522883112,-9.040702840011855,-0.3935816499016508,0.02
-1.1711588573951999,-247.9604013357175,-247.89079408622632,-8.908575068926394,-0.4109371150495545,0.02
-0.5182651245598588,-248.47866646027737,-248.40905921078618,-9.049590038132857,-0.4166100818517918,0.02
-0.35721601382400797,-248.83588247410137,-248.76627522461018,-9.17262043096631,-0.42015380261787255,0.02
-0.40122339999998313,-249.23710587410136,-249.16749862461018,-9.124489206531626,-0.4173727376388004,0.02
-0.295698680000007,-249.53280455410138,-249.4631973046102,-9.021500637141381,-0.4127152567866411,0.02
-0.2699535919360061,-249.80275814603738,-249.7331508965462,-8.948471860800415,-0.41014983263688143,0.02
-0.2704687999999924,-250.07322694603738,-250.0036196965462,-8.997305768487916,-0.4114802966368813,0.02
-0.16807949114398568,-250.24130643718138,-250.1716991876902,-8.91941611699777,-0.4094388944597609,0.02
-0.36784799193600526,-250.60915442911738,-250.5395471796262,-9.070866560797189,-0.41377517297880106,0.02
-0.3930934399999575,-251.00224786911733,-250.93264061962614,-9.031813931872492,-0.40517799671599986,0.02
-0.2784999759999903,-251.2807478451173,-251.21114059562612,-9.03657312029615,-0.40531801903600007,0.02
-0.20076521999997818,-251.48151306511727,-251.41190581562608,-8.85710939432433,-0.3971383581544001,0.02
-0.16001757062398236,-251.64153063574125,-251.57192338625006,-8.651036211279287,-0.388292321266721,0.02
-0.38649919999997784,-252.02802983574122,-251.95842258625004,-8.83953434237252,-0.3937314691160651,0.02
-0.3951882799999945,-252.4232181157412,-252.35361086625002,-8.881814857415941,-0.3953557746344657,0.02
-0.4906949624728667,-252.91391307821408,-252.8443058287229,-10.216241283534798,-0.37177439522456496,0.02
-0.1343486529335951,-253.04826173114768,-252.9786544816565,-9.969263364560277,-0.3616801331670827,0.02
-0.2827500180000082,-253.33101174914768,-253.2614044996565,-9.874528016740662,-0.3578562210970037,0.02
-0.5051498551199349,-253.8361616042676,-253.76655435477642,-9.902579842489889,-0.3599444661994028,0.02
-0.39445626000000245,-254.2306178642676,-254.16101061477642,-9.95102538415373,-0.3616278313994032,0.02
-0.19892565598080214,-254.42954352024842,-254.35993627075723,-9.807659732118134,-0.35775133731901904,0.02
-0.6739906647084611,-255.10353418495689,-255.0339269354657,-9.957564113158508,-0.36713807958750844,0.02
-0.8566593225343807,-255.96019350749125,-255.89058625800007,-9.849852115871474,-0.37073846760496015,0.02
-0.6341007389152064,-256.59429424640643,-256.52468699691525,-9.855875502420377,-0.3740602481226249,0.02
-0.9791893352160084,-257.57348358162244,-257.50387633213126,-9.650133424974452,-0.38075806101638593,0.02
-0.16834997599997792,-257.74183355762244,-257.67222630813126,-9.654693975976162,-0.3808458130471055,0.02
-0.6359422525119947,-258.37777581013444,-258.30816856064325,-9.88278260429866,-0.3903961230435732,0.02
-0.41446079999994545,-258.7922366101344,-258.7226293606432,-10.126064251940063,-0.3962420882840846,0.02
-0.3922450191999858,-259.1844816293344,-259.11487437984323,-10.406693407940585,-0.4022194895080846,0.02
-0.42882303815998507,-259.6133046674944,-259.5436974180032,-10.707808720608687,-0.40875482004056424,0.02
-0.5046888247679966,-260.11799349226237,-260.0483862427712,-10.714801786472474,-0.4092554314191248,0.02
-0.3627639135599711,-260.4807574058223,-260.41115015633113,-13.020223551457182,-0.42766688902304395,0.0
-0.6496837774560056,-261.1304411832783,-261.06083393378714,-13.147650148239727,-0.4344789325260841,0.0
-0.32313600979200424,-261.4535771930703,-261.38396994357913,-13.078713907194143,-0.43304789104643665,0.0
-0.8393432419327276,-262.29292043500305,-262.22331318551187,-13.110757894991542,-0.44443702804637136,0.0
-1.3378557775439375,-263.630776212547,-263.5611689630558,-12.349646889556,-0.4673699716231704,0.0
-0.5897561632516337,-264.22053237579865,-264.15092512630747,-12.411635362195245,-0.4705709546813238,0.0
-0.6290500600000358,-264.8495824357987,-264.7799751863075,-12.599583364705566,-0.47721419588132447,0.0
-0.7433879122399493,-265.59297034803865,-265.52336309854746,-12.608690583958527,-0.4821478436298843,0.0
0.2625524485632311,-265.33041789947544,-265.26081064998425,-11.366738637920191,-0.46476404175337893,0.02
-0.23189975089916182,-265.5623176503746,-265.4927104008834,-11.140250481254764,-0.4566123677302267,0.02
-0.5472987603177573,-266.10961641069235,-266.04000916120117,-11.128998079534938,-0.4546771833454137,0.02
-0.48611905413199535,-266.5957354648244,-266.5261282153332,-11.242547461203328,-0.45819052442805386,0.02
-0.3708135338255698,-266.96654899864996,-266.89694174915877,-11.621701888346282,-0.46453644806680616,0.02
-0.44020519239357603,-267.40675419104355,-267.33714694155236,-11.57660073117215,-0.46232051911595795,0.02
-0.6632393443103883,-268.06999353535394,-268.00038628586276,-11.9884609899049,-0.4528306568605659,0.02
-0.6062072259999722,-268.6762007613539,-268.60659351186274,-12.093557924653762,-0.45770635743970245,0.02
-0.9283966427039211,-269.60459740405787,-269.5349901545667,-12.177655656499748,-0.47143059928910896,0.02
-0.6092629487424267,-270.2138603528003,-270.1442531033091,-12.265229563621203,-0.47563559786395787,0.02
-0.2796336725759924,-270.49349402537626,-270.4238867758851,-12.185990025059853,-0.47408503094107746,0.02
-0.207312559999997,-270.70080658537626,-270.63119933588507,-12.423485331468823,-0.4548081049931734,0.02
-0.38143699999996467,-271.0822435853762,-271.012636335885,-12.346924296672709,-0.45207154250197545,0.02
-0.2711071999999761,-271.35335078537616,-271.283743535885,-12.256805919654143,-0.4503493662254949,0.02
-0.3648775126000191,-271.71822829797617,-271.648621048485,-12.228210801454118,-0.4496224484774956,0.02
-0.47012692042396853,-272.18835521840015,-272.11874796890896,-12.366853625762689,-0.4531110132859748,0.02
-0.37423341627200946,-272.5625886346722,-272.492981385181,-12.475071671771365,-0.4551966097726949,0.02
-0.657150783839971,-273.2197394185122,-273.150132169021,-12.680029229725566,-0.4629302494494945,0.02
-0.7180102911839226,-273.9377497096961,-273.8681424602049,-13.03601770597724,-0.4739288654502933,0.02
-0.4113729019070259,-274.34912261160315,-274.27951536211197,-13.074566475311878,-0.47479936364971365,0.02
-0.4679046604287968,-274.81702727203196,-274.7474200225408,-13.129195737545928,-0.4762955880582904,0.02
-0.37930000000001074,-275.19632727203197,-275.1267200225408,-13.245125259869596,-0.4783115885382908,0.02
-0.09678597263997327,-275.29311324467193,-275.22350599518074,-13.05150983845089,-0.4762320035910907,0.02
-0.33032802736477423,-275.6234412720367,-275.5538340225455,-13.304263472956428,-0.47963821272590657,0.02
-0.5055544836799857,-276.1289957557167,-276.0593885062255,-13.387392893087315,-0.48201931839950674,0.02
-0.7188324975358977,-276.8478282532526,-276.7782210037614,-13.47098620060895,-0.48849220275022476,0.02
-0.7515635402304053,-277.599391793483,-277.5297845439918,-13.476520740523494,-0.4937095743053756,0.02
-0.5405534279164913,-278.1399452213995,-278.0703379719083,-13.972151599326239,-0.5018336698050334,0.02
-0.38455900000000465,-278.5245042213995,-278.45489697190834,-14.104381217181585,-0.5038698494450334,0.02
-0.30772014162557737,-278.8322243630251,-278.7626171135339,-13.911915176300678,-0.4999212551751463,0.02
-0.43010760910076773,-279.2623319721259,-279.1927247226347,-13.945315836683994,-0.5006342821571615,0.02
-0.5733343388079954,-279.83566631093385,-279.76605906144266,-14.352491848580211,-0.5081224558137054,0.02
-0.27924000000000204,-280.11490631093386,-280.0452990614427,-14.080685385540807,-0.5002274425195362,0.02
-0.2775473960735859,-280.39245370700746,-280.3228464575163,-13.941867672723374,-0.4886452039903203,0.02
-0.18236833591194468,-280.5748220429194,-280.5052147934282,-13.53384326241097,-0.47961055593025514,0.02
-0.41232366000001486,-280.9871457029194,-280.9175384534282,-13.777204958186804,-0.46827324242593527,0.02
-0.21785398723196364,-281.2049996901514,-281.1353924406602,-13.872036237929228,-0.46926332265057497,0.02
-0.32744000359996167,-281.53243969375137,-281.4628324442602,-13.71259997178388,-0.46309327767233427,0.02
-0.3621763944799551,-281.8946160882313,-281.82500883874013,-13.663045592343328,-0.46204758956193454,0.02
-0.3374000080639966,-282.2320160962953,-282.1624088468041,-13.605400904651557,-0.46095068933921474,0.02
-0.207312559999997,-282.4393286562953,-282.3697214068041,-13.33066780598047,-0.4565204797760149,0.02
-0.3778293199999857,-282.8171579762953,-282.7475507268041,-13.248561569939667,-0.4539832896806547,0.02
-0.3607316193919905,-283.17788959568725,-283.10828234619606,-13.24652974549021,-0.45394264379729515,0.02
-0.30182511391435723,-283.4797147096016,-283.4101074601104,-13.082774036133346,-0.44698547052646215,0.02
-0.18357691176959406,-283.6632916213712,-283.59368437188,-12.883182829466733,-0.444194288566014,0.02
-0.2634799904000046,-283.9267716117712,-283.85716436228,-12.833218259950296,-0.43267702353535953,0.02
-0.21264160000000512,-284.13941321177117,-284.06980596228,-14.339374447400001,-0.41017273998448084,0.02
-0.1322400092604072,-284.27165322103156,-284.2020459715404,-13.881695715466888,-0.40102241690465634,0.02
-0.24715206162397152,-284.51880528265553,-284.44919803316435,-13.720401003468485,-0.39338445693713503,0.02
-0.1431763580479793,-284.6619816407035,-284.59237439121233,-13.52434711987696,-0.38138022585329556,0.02
-0.3953091150847993,-285.0572907557883,-284.9876835062971,-15.76927741014059,-0.3945374571262562,0.0
-0.17834697143997935,-285.23563772722827,-285.1660304777371,-15.625794412240895,-0.3934664015370726,0.0
-0.10464731209438269,-285.3402850393226,-285.27067778983144,-15.012117382934475,-0.3846133725726051,0.0
-0.3571569354079643,-285.69744197473057,-285.6278347252394,-14.956548020527109,-0.3820341301981245,0.0
-0.40109796459997915,-286.0985399393305,-286.02893268983934,-14.979254179973708,-0.3826398188136126,0.0
-0.3127371365519719,-286.4112770758825,-286.3416698263913,-14.873767276795283,-0.3800904576967806,0.0
0.01965497763834434,-286.3916220982441,-286.32201484875293,-14.04021403628624,-0.36643257125780593,0.02
-0.3786082625279306,-286.770230360772,-286.70062311128083,-14.10977372265944,-0.36188059198836514,0.02
-0.46083923587519215,-287.2310695966472,-287.16146234715603,-15.290026618428357,-0.3525294438517906,0.02
-0.20116198128000393,-287.4322315779272,-287.362624328436,-15.20338442460543,-0.344367424502542,0.02
-0.3576596052791725,-287.7898911832064,-287.7202839337152,-15.296959844187466,-0.3459279431566057,0.02
-0.16591236539197388,-287.9558035485984,-287.8861962991072,-15.182423942534017,-0.34509993926444515,0.02
-0.3439700343199877,-288.29977358291836,-288.2301663334272,-15.157363816203985,-0.3443505999508457,0.02
-0.2895710997423431,-288.5893446826607,-288.5197374331695,-15.187576497356169,-0.34471987794569303,0.02
-0.12769958017600241,-288.7170442628367,-288.6474370133455,-14.72044983960294,-0.33997631929721267,0.02
-0.22229246147996584,-288.93933672431666,-288.8697294748255,-14.529376250809557,-0.33501963011833263,0.02
-0.23841393535513888,-289.1777506596718,-289.1081434101806,-14.371480015897182,-0.33230324049999527,0.02
-0.37827135999995765,-289.5560220196718,-289.4864147701806,-14.720082919922065,-0.326725652023195,0.02
-0.21178079999998461,-289.7678028196718,-289.6981955701806,-15.185938421571423,-0.31660106219951617,0.02
-0.2786041599999656,-290.04640697967176,-289.9767997301806,-15.113544934383913,-0.31394568736137496,0.02
-0.29712599999996747,-290.34353297967175,-290.27392573018057,-15.11826686134173,-0.31053011415279835,0.02
-0.1853578714240084,-290.52889085109575,-290.45928360160457,-14.857848686466719,-0.3066512715812783,0.02
-0.22303998079997728,-290.7519308318957,-290.68232358240454,-15.250171297633676,-0.30917635174447844,0.02
-0.3539885871839904,-291.1059194190797,-291.03631216958854,-15.262009287633258,-0.3096495629408627,0.02
-0.5271442055527262,-291.6330636246324,-291.56345637514124,-15.21751340740938,-0.31008135737831755,0.02
-0.5303439333999841,-292.1634075580324,-292.09380030854123,-15.978512270186679,-0.3063115860955993,0.02
-0.5400295170399596,-292.7034370750724,-292.6338298255812,-17.165648366052643,-0.30208090563179035,0.02
-0.6448647429223875,-293.34830181799475,-293.27869456850357,-16.646902677750262,-0.3041671319319083,0.02
-0.27838500000001093,-293.62668681799477,-293.5570795685036,-16.590661739555642,-0.3020436519319084,0.02
-0.4077794400000147,-294.0344662579948,-293.9648590085036,-16.591340629499303,-0.3040448378993971,0.02
-0.2790319999999904,-294.31349825799475,-294.24389100850357,-16.582466245832364,-0.3010233257173816,0.02
-0.49818674993980666,-294.81168500793456,-294.7420777584434,-16.865937773993984,-0.2995203739400178,0.02
-0.7594764580759551,-295.5711614660105,-295.5015542165193,-15.495186040592433,-0.3091251031015369,0.02
-0.4035761327975822,-295.9747375988081,-295.9051303493169,-15.562162633721625,-0.3116456778360168,0.02
-0.3510244984399865,-296.32576209724806,-296.2561548477569,-15.855480930083871,-0.31501880108657765,0.02
-0.32806873370875317,-296.6538308309568,-296.5842235814656,-15.846640513497551,-0.31333370256075244,0.02
-0.44021717577596015,-297.09404800673275,-297.02444075724156,-16.022502961314444,-0.3177809663316324,0.02
-0.7339748344559128,-297.82802284118867,-297.7584155916975,-15.174417046749427,-0.32591166294875135,0.02
-0.34087693639997235,-298.16889977758865,-298.09929252809746,-15.161817361712208,-0.3254856737871517,0.02
-1.6161462551863743,-299.785046032775,-299.71543878328384,-10.51798649624891,-0.35106059872959927,0.02
-0.6093520017575702,-300.39439803453257,-300.3247907850414,-10.677130762575109,-0.3591013875647508,0.02
-0.9409745499791657,-301.33537258451173,-301.26576533502055,-10.417656539433958,-0.3703642921643343,0.02
-0.03217399902227444,-301.367546583534,-301.29793933404284,-10.055966258670985,-0.36379313975694005,0.02
-0.30189798012798275,-301.669444563662,-301.5998373141708,-10.056020411762713,-0.36379459708121253,0.02
-0.32550718425596115,-301.994951747918,-301.9253444984268,-10.183491868660965,-0.36663320253093984,0.02
-0.22598995535992716,-302.2209417032779,-302.1513344537867,-10.148407644085847,-0.3658834018301383,0.02
-0.28253999999998847,-302.5034817032779,-302.4338744537867,-10.21335725091619,-0.367281369830138,0.02
-0.2722305599999981,-302.7757122632779,-302.7061050137867,-10.366197638139388,-0.3700811808449298,0.02
-0.2886392183359857,-303.06435148161387,-302.9947442321227,-10.40334617155668,-0.3709109239791701,0.02
-0.31417700407998506,-303.37852848569383,-303.30892123620265,-10.58155213240662,-0.37433093689981023,0.02
-0.31053399999996667,-303.6890624856938,-303.6194552362026,-10.527759908326926,-0.3726354345981136,0.02
-0.46110901281597044,-304.1501714985098,-304.0805642490186,-10.74171832183081,-0.37829067542563344,0.02
-0.5255064119519521,-304.67567791046173,-304.60607066097054,-11.082619777847263,-0.38670785742278474,0.02
-0.2569749867999833,-304.93265289726173,-304.86304564777055,-10.996771648825618,-0.3847042184506251,0.02
-0.27546501295677334,-305.2081179102185,-305.1385106607273,-10.904741818870399,-0.382191559417761,0.02
-0.40105439999996295,-305.60917231021847,-305.5395650607273,-10.963396671873161,-0.3839579046867208,0.02
-0.0753110212583768,-305.6844833314768,-305.61487608198564,-11.141532414041082,-0.3858572246646553,0.0
-0.16293718508560237,-305.8474205165624,-305.7778132670712,-10.928573777904132,-0.38154380311580866,0.0
-0.20105798127999813,-306.0484784978424,-305.9788712483512,-10.735914663659054,-0.3763481780239048,0.0
-0.401277804771176,-306.44975630261354,-306.38014905312235,-10.905013372482532,-0.38035049449372826,0.0
-0.32025353660960576,-306.7700098392231,-306.70040258973194,-10.878077162472675,-0.3796023731203369,0.0
-0.7028935325119312,-307.4729033717351,-307.4032961222439,-11.089566041513837,-0.39034199646273615,0.0
-0.28439519539200364,-307.75729856712707,-307.6876913176359,-11.03968274156851,-0.38915049968417637,0.0
-0.28221359999996654,-308.03951216712704,-307.96990491763586,-11.032812314589696,-0.3890033496893288,0.0
-0.5338565015263818,-308.5733686686534,-308.50376141916223,-11.35601417338558,-0.3971264881163365,0.0
-0.9235930062399622,-309.4969616748934,-309.4273544254022,-11.326698051929252,-0.4111524990115364,0.0
-0.2720195999999985,-309.7689812748934,-309.6993740254022,-11.363344235966224,-0.41182461230443357,0.0
-0.23705415287677303,-310.0060354277702,-309.936428178279,-11.235871849803072,-0.40900026816196994,0.0
-0.678002585627985,-310.6840380133982,-310.614430763907,-11.441849238178515,-0.41832470387452986,0.0
-0.32074971251986556,-311.00478772591805,-310.93518047642686,-11.482159669509777,-0.4191676149249279,0.0
-0.4327700845899045,-311.43755781050794,-311.36795056101676,-11.582710490898528,-0.42188049661672666,0.0
-0.3019895999999603,-311.7395474105079,-311.6699401610167,-11.720920333515744,-0.42421313118824566,0.0
-0.6753198959199107,-312.4148673064278,-312.34526005693664,-11.937191059056948,-0.4332587294906443,0.0
-0.4568805628799606,-312.8717478693078,-312.8021406198166,-12.004715446894771,-0.4353165690045638,0.0
-0.17851899471999091,-313.0502668640278,-312.9806596145366,-11.714698665913751,-0.42834406478790904,0.0
-0.30687499880001046,-313.3571418628278,-313.2875346133366,-11.586658059266245,-0.4238746860959096,0.0
-0.27350985110393045,-313.63065171393174,-313.56104446444056,-11.427813925986484,-0.4185442927771889,0.0
-0.1910518004975793,-313.8217035144293,-313.75209626493813,-11.185982453623438,-0.4094680339286928,0.0
-0.7865231462400353,-314.60822666066935,-314.53861941117816,-11.263930372228428,-0.4196307968534933,0.0
-0.8076549042911743,-315.4158815649605,-315.3462743154693,-11.242563871201456,-0.42762830613931657,0.0
-0.388888219151995,-315.8047697841125,-315.73516253462134,-11.332994401875604,-0.42982543052235656,0.0
-1.2447582922392164,-317.04952807635175,-316.97992082686056,-10.7940257325725,-0.44475686136834475,0.0
-0.46836354428000376,-317.51789162063176,-317.4482843711406,-10.780717273680239,-0.43893460309242577,0.0
-0.4805614714320298,-317.9984530920638,-317.9288458425726,-10.818059035575821,-0.4404743098651147,0.0
-0.32181601267201093,-318.3202691047358,-318.25066185524463,-10.795820275044521,-0.4398901401497552,0.0
-0.5912664455039432,-318.91153555023976,-318.8419283007486,-10.913150206916628,-0.44515409438565895,0.0
-0.13157998183679767,-319.04311553207657,-318.9735082825854,-10.639248361318923,-0.4389813505068757,0.0
-0.3155841115439901,-319.3586996436206,-319.2890923941294,-10.530004081186688,-0.43061353604863734,0.0
-0.41518079999998003,-319.77388044362056,-319.70427319412937,-10.576372651997923,-0.4320996133206375,0.0
-0.27192508000001336,-320.0458055236206,-319.9761982741294,-12.194626762407443,-0.40521518981691024,0.0
-0.10597383793757953,-320.15177936155817,-320.082172112067,-11.800508248682702,-0.3951476265405104,0.0
-0.2359414856591805,-320.38772084721734,-320.31811359772615,-12.000186765481036,-0.3810469652541107,0.0
-0.4206038200000006,-320.80832466721733,-320.73871741772615,-12.555420351820754,-0.3888155616736652,0.0
-0.5097666493919856,-321.3180913166093,-321.2484840671181,-12.67326487888048,-0.3929729350589453,0.0
-0.29736399999999286,-321.6154553166093,-321.54584806711813,-12.643090408568161,-0.3924100713738259,0.0
-0.37899999999996287,-321.9944553166093,-321.9248480671181,-12.816366355156985,-0.3954702722666266,0.0
-0.3556956074880081,-322.3501509240973,-322.2805436746061,-12.894366429475706,-0.39693338441638704,0.0
-0.329995734878372,-322.6801466589757,-322.6105394094845,-12.962400302404774,-0.3980886879139545,0.0
-0.10937175086158132,-322.7895184098372,-322.71991116034604,-12.657205836739797,-0.3945033385644664,0.0
-0.174963197432806,-322.96448160727005,-322.89487435777886,-12.462212821695037,-0.3917190624315229,0.0
-0.7539316847104098,-323.7184132919805,-323.6488060424893,-12.44398246578545,-0.40058701612573167,0.0
-0.26279099351996815,-323.98120428550044,-323.91159703600925,-12.286344405994898,-0.3966206557398116,0.0
-0.5943236929919451,-324.5755279784924,-324.5059207290012,-12.276362850000849,-0.3979970013606115,0.0
-0.36614152803279837,-324.9416695065252,-324.87206225703403,-12.388843223835085,-0.40018033218526783,0.0
-0.5242355152799338,-325.46590502180516,-325.39629777231397,-12.546244716201318,-0.40515574223173106,0.0
-0.37477442534397176,-325.8406794471491,-325.77107219765793,-12.527824840799038,-0.4046301427386112,0.0
-0.3802199948159597,-326.22089944196506,-326.1512921924739,-12.992864690147423,-0.41072832220976285,0.0
-0.9219769022399508,-327.14287634420504,-327.07326909471385,-12.991985833030038,-0.42590911655284985,0.0
-0.24291737183521322,-327.38579371604027,-327.3161864665491,-13.059165552871457,-0.4267463043639541,0.0
-0.47362963031998184,-327.85942334636024,-327.78981609686906,-13.09990320671845,-0.4281933408749303,0.0
-0.20501588831279216,-328.06443923467305,-327.99483198518186,-12.937947404535146,-0.42588858790899403,0.0
-0.2593720513087892,-328.32381128598183,-328.25420403649065,-12.794102829673456,-0.4170181582849311,0.0
-0.3824490203999807,-328.7062603063818,-328.6366530568906,-12.89459334066313,-0.4189792347850907,0.0
-0.30372899999999525,-329.0099893063818,-328.9403820568906,-12.921138160031628,-0.41940954278509124,0.0
-0.3788999999999839,-329.38888930638177,-329.3192820568906,-12.854822606513595,-0.41631041275456326,0.0
-0.3213039037979124,-329.7101932101797,-329.6405859606885,-13.139627069549205,-0.4042646307057223,0.0
-0.28163927999999044,-329.99183249017966,-329.9222252406885,-13.152700592906886,-0.4044570243057221,0.0
-0.389534615599997,-330.38136710577965,-330.31175985628846,-13.331813781349013,-0.40750663356018657,0.0
-0.599855482456765,-330.9812225882364,-330.9116153387452,-13.385073682872314,-0.40594369149676224,0.0
-0.39558807999998147,-331.3768106682364,-331.3072034187452,-13.455692541316457,-0.40744045884636454,0.0
-0.28038507999996887,-331.65719574823635,-331.58758849874516,-13.311451991561421,-0.4043927587545658,0.0
-0.3046896606423932,-331.96188540887874,-331.89227815938756,-13.314804641571545,-0.4044467599674145,0.0
-0.21071007768001349,-332.17259548655875,-332.10298823706756,-13.123626578964764,-0.3951545636026165,0.0
-0.2545574861999876,-332.42715297275873,-332.35754572326755,-12.946075346130739,-0.391108102069017,0.0
-0.2585176696399611,-332.6856706423987,-332.6160633929075,-13.078788264765873,-0.3927080755674165,0.0
-0.21244897960001452,-332.8981196219987,-332.82851237250753,-12.944452581334874,-0.3908195551834165,0.0
-0.2897639999999708,-333.1878836219987,-333.1182763725075,-12.965335357496365,-0.39114463816133743,0.0
-0.2593940116895651,-333.44727763368826,-333.3776703841971,-13.076242375452782,-0.39251148238517714,0.0
-0.054469747727985254,-333.50174738141624,-333.43214013192505,-12.735457367443324,-0.37787041441493613,0.0
1.098399952644039,-332.4033474287722,-332.333740179281,-8.366199868385797,-0.3397493172762318,0.02
-0.25157186090401673,-332.6549192896762,-332.585312040185,-8.293561696640246,-0.33700299011127227,0.02
-0.4047462146559966,-333.05966550433214,-332.99005825484096,-8.820884050079172,-0.32020274855960784,0.02
-0.18530866337197746,-333.24497416770413,-333.17536691821294,-8.671987784099702,-0.31454165094144737,0.02
-0.2724285820800017,-333.51740274978414,-333.44779550029295,-8.592110605783505,-0.31037899315440676,0.02
-0.2676450000000126,-333.78504774978416,-333.71544050029297,-8.559971672287926,-0.30929557290096676,0.02
-0.16285630817277483,-333.9479040579569,-333.87829680846573,-8.40268362617771,-0.3007273701543435,0.02
-0.41496319999996545,-334.3628672579569,-334.2932600084657,-8.584085646122054,-0.3063950345176068,0.02
-0.37293935279995216,-334.73580661075687,-334.6661993612657,-8.610442878582207,-0.307542139342726,0.02
-0.39647228291189085,-335.13227889366874,-335.06267164417756,-8.604938933926519,-0.3071679690009642,0.02
-0.11383043195996038,-335.2461093256287,-335.1765020761375,-8.469122383871525,-0.30400607604016316,0.02
-0.208628980559989,-335.4547383061887,-335.3851310566975,-8.566745125405458,-0.30605917889261136,0.02
-0.16674872510718153,-335.6214870312959,-335.5518797818047,-8.508839173336847,-0.30467532368157135,0.02
-0.25656478112157427,-335.8780518124175,-335.8084445629263,-8.432570348178201,-0.30139454290400286,0.02
-0.1169608492919485,-335.99501266170944,-335.92540541221825,-8.228873456119425,-0.29353842690200216,0.02
-0.40447963583996316,-336.3994922975494,-336.3298850480582,-8.27325744861149,-0.29568073961880154,0.02
-0.11467151080066361,-336.5141638083501,-336.4445565588589,-8.094439449794804,-0.29039416983481553,0.02
-0.11030216212798272,-336.62446597047807,-336.5548587209869,-7.924502787014052,-0.28548630092761507,0.02
0.08537809235201593,-336.53908787812605,-336.46948062863487,-7.541898651239334,-0.2771788243830073,0.04
0.07032129763202999,-336.46876658049405,-336.39915933100286,-7.3447812605012635,-0.27358496341313504,0.06
-0.30351718799998284,-336.77228376849405,-336.70267651900286,-7.423614955956305,-0.27615604322447856,0.06
-0.3116550000000007,-337.083938768494,-337.01433151900284,-7.438369386069585,-0.2673105095302704,0.06
-0.3773836799999666,-337.461322448494,-337.3917151990028,-7.488433917694,-0.26960236325987036,0.06
-0.2970919999999897,-337.75841444849397,-337.6888071990028,-7.446656816771702,-0.2636577294000313,0.06
-0.5403933427200006,-338.29880779121396,-338.2292005417228,-7.467488378890416,-0.2671427656937753,0.06
-0.36023829079035663,-338.6590460820043,-338.5894388325131,-7.443542622666799,-0.26386282120398374,0.06
-0.20425607999999004,-338.8633021620043,-338.7936949125131,-7.3582713298858655,-0.2604524542971042,0.06
-0.31556437828240075,-339.17886654028666,-339.1092592907955,-7.335088128892842,-0.259159341966433,0.06
-0.49687537107995505,-339.67574191136663,-339.60613466187544,-7.579203510310234,-0.25065731134323305,0.06
-0.46259251928481043,-340.1383344306514,-340.0687271811602,-7.650890008703268,-0.255050814292225,0.06
-0.6535478895359204,-340.7918823201873,-340.7222750706961,-7.609153277777679,-0.25864917947654376,0.06
-0.8383932030791987,-341.6302755232665,-341.5606682737753,-7.5672130789990035,-0.2713167257718719,0.06
-0.2956950599999739,-341.92597058326646,-341.8563633337753,-7.586972637114989,-0.27204318594569554,0.06
-0.3862103999999631,-342.31218098326644,-342.24257373377526,-7.58807397321886,-0.2721184135376952,0.06
-0.29659392000000045,-342.60877490326646,-342.5391676537753,-7.584567949448238,-0.2719757119376953,0.06
-0.487114664191957,-343.0958895674584,-343.02628231796723,-7.604090273214009,-0.2741400052215348,0.06
-0.13079560395788206,-343.2266851714163,-343.1570779219251,-7.478181439601584,-0.2703298392247342,0.06
-0.40310563472001376,-343.6297908061363,-343.56018355664514,-7.5255921109698685,-0.27275916631913466,0.06
-0.3990252289440115,-344.02881603508035,-343.95920878558917,-7.528187941027903,-0.27294897858601497,0.06
-0.1347439614191949,-344.16355999649954,-344.09395274700836,-7.375701196139214,-0.26364674816526357,0.06
-0.5929600296959261,-344.75652002619546,-344.6869127767043,-7.382558240483822,-0.26759418715918243,0.06
-0.18682684964798352,-344.9433468758434,-344.87373962635223,-7.324043206961853,-0.26572302255214275,0.06
-0.2356019870399917,-345.17894886288343,-345.10934161339225,-7.286740691649335,-0.2643412690800947,0.06
-0.11901272825359904,-345.29796159113704,-345.22835434164585,-7.216390092556941,-0.26250732209156635,0.06
-0.3079730471547174,-345.6059346382917,-345.53632738880054,-7.243627068790872,-0.263575633310661,0.06
-0.6074236729759708,-346.2133583112677,-346.1437510617765,-7.3086873423781,-0.2705537533773812,0.06
-0.41822819999995886,-346.63158651126764,-346.56197926177646,-7.400895097132773,-0.27466933778538005,0.06
-0.22922944418878963,-346.8608159554564,-346.79120870596523,-7.366387130735993,-0.2734586466691564,0.06
-0.34598789032799204,-347.2068038457844,-347.1371965962932,-7.407760488527957,-0.275190524241925,0.06
-0.2675780230975734,-347.474381868882,-347.4047746193908,-7.577119728341345,-0.27945268974931675,0.06
-0.6716389549840275,-348.146020823866,-348.07641357437484,-12.472150551494348,-0.31485346790187807,0.04
0.17561402477044175,-347.9704067990956,-347.9007995496044,-11.3335594849025,-0.3063097501883889,0.06
-0.2929400800000056,-348.2633468790956,-348.1937396296044,-11.281012354964357,-0.30407362749526906,0.06
-0.21204231999999051,-348.47538919909556,-348.4057819496044,-11.31846486030098,-0.30460830062782934,0.06
-0.1284839800799905,-348.60387317917554,-348.53426592968435,-11.121053920549747,-0.3017294085878291,0.06
-0.3354269877599773,-348.93930016693554,-348.86969291744435,-11.171378184698176,-0.30308504834302846,0.06
-0.15624268768798685,-349.09554285462355,-349.02593560513236,-11.160749371536316,-0.30295277593333264,0.06
-0.9555475391535679,-350.0510903937771,-349.9814831442859,-10.459869814292434,-0.31376446271640474,0.06
-0.35334997588800277,-350.4044403696651,-350.3348331201739,-10.451321888688796,-0.31337267517816575,0.06
-0.3219580097440089,-350.72639837940915,-350.65679112991796,-10.417721934994495,-0.3118823897148081,0.06
-0.5502112591359957,-351.27660963854515,-351.20700238905397,-10.676498036569852,-0.3206100062583288,0.06
-0.7095145957151969,-351.98612423426033,-351.91651698476915,-10.697477295952954,-0.330627718561433,0.06
-0.8167740364799985,-352.80289827074034,-352.73329102124916,-10.677763288354768,-0.3436282247888893,0.06
-0.4192745497999895,-353.2221728205403,-353.15256557104914,-10.783855270207303,-0.34688242016245757,0.06
-0.2697710037719713,-353.4919438243123,-353.4223365748211,-10.979896972814695,-0.34993862325205805,0.06
-0.5516323880407729,-354.04357621235306,-353.9739689628619,-10.991865575724322,-0.3528816782960743,0.06
-0.7992430136063832,-354.84281922595943,-354.77321197646825,-11.134334697250136,-0.36657310835218865,0.06
-0.13915646589596026,-354.9819756918554,-354.9123684423642,-11.18072752489407,-0.36715019442754815,0.06
-0.43885497815998664,-355.4208306700154,-355.3512234205242,-11.964228729789301,-0.3776348558377882,0.04
-0.16839589531862875,-355.589226565334,-355.5196193158428,-12.519144278000777,-0.3824091996968014,0.02
-0.2501706864399983,-355.839397251774,-355.76979000228283,-12.454335682833282,-0.3813422696656017,0.02
-0.19916861576553035,-356.03856586753955,-355.96895861804836,-12.307363378047361,-0.37909254198091236,0.02
-0.2462109877600005,-356.2847768552995,-356.21516960580834,-12.177835506194588,-0.37646908813611296,0.02
-0.20036215583998895,-356.4851390111395,-356.4155317616483,-12.05354842848442,-0.374534491252913,0.02
-0.24190396236799624,-356.7270429735075,-356.6574357240163,-11.890277167348897,-0.3685647036458729,0.02
-0.1864213296167678,-356.9134643031243,-356.8438570536331,-11.699240695507228,-0.36508836442240117,0.02
-0.10148161930560427,-357.0149459224299,-356.9453386729387,-11.53102300846033,-0.3630328752085134,0.02
-0.1809047675519749,-357.19585068998185,-357.12624344049067,-11.375560535332191,-0.3603396829939049,0.02
-0.16352487139201605,-357.3593755613739,-357.2897683118827,-11.125528986522896,-0.3536726730001461,0.02
-0.2842739755200151,-357.6436495368939,-357.57404228740273,-11.030126410427604,-0.3501063021248503,0.02
-0.6728051487759777,-358.3164546856699,-358.2468474361787,-11.01593999840179,-0.3504914473096513,0.02
-0.4541618962240252,-358.77061658189393,-358.70100933240275,-11.300750241441655,-0.34280682117254785,0.02
-0.38070815999995367,-359.15132474189386,-359.0817174924027,-11.359090176529206,-0.3445070831725475,0.02
-0.2971135999999937,-359.44843834189385,-359.37883109240266,-11.299480698544622,-0.3427251471725481,0.02
-0.5348033481599783,-359.98324169005383,-359.91363444056265,-11.37369872275258,-0.3474893357357477,0.02
-0.42964954323194615,-360.4128912332858,-360.3432839837946,-11.367326384906061,-0.34634003331654745,0.02
-0.5180648538559784,-360.9309560871418,-360.8613488376506,-11.671865254776137,-0.3540854183145094,0.02
-0.39620339999998766,-361.3271594871418,-361.2575522376506,-11.668912554996108,-0.3539473736201088,0.02
-0.337583352563136,-361.6647428397049,-361.5951355902137,-11.633053495058315,-0.3527185360924914,0.02
-0.6434954199999586,-362.30823825970486,-362.2386310102137,-11.88652895559744,-0.36289356526410654,0.02
-0.5007826854709101,-362.8090209451758,-362.7394136956846,-11.913604314227243,-0.36105001837960626,0.02
-0.49734089793838,-363.3063618431142,-363.236754593623,-12.154860160232095,-0.3672602993454142,0.02
-0.47993571542398933,-363.7862975585382,-363.716690309047,-12.332356162699497,-0.37214697391309415,0.02
-0.6729031776951706,-364.45920073623336,-364.38959348674217,-12.64337348174668,-0.38322478290192563,0.02
-0.4578489075327058,-364.91704964376606,-364.8474423942749,-12.74377513408371,-0.38622230010948533,0.02
-0.27869997600003704,-365.1957496197661,-365.1261423702749,-12.636082141646034,-0.3796478261699667,0.02
-0.7539371055359223,-365.949686725302,-365.8800794758108,-12.487832062952577,-0.3863620042806859,0.02
-0.6463643614719575,-366.59605108677397,-366.5264438372828,-12.653660030000163,-0.3947047026263493,0.02
-0.3781821093999716,-366.97423319617394,-366.90462594668276,-12.679831442541746,-0.3953485870077889,0.02
-0.4434752107519875,-367.41770840692595,-367.34810115743477,-12.831333700338453,-0.3988665307608772,0.02
-0.2855153200000105,-367.70322372692596,-367.63361647743477,-12.75443008409641,-0.39114405806119684,0.02
-0.41848185970081386,-368.1217055866268,-368.0520983371356,-14.165495260267278,-0.40302597575062193,0.0
-1.1609688175359445,-369.2826744041627,-369.21306715467153,-13.10901670890521,-0.42038655050134077,0.0
-0.27098513999997004,-369.5536595441627,-369.4840522946715,-13.20020038445797,-0.4215654069013403,0.0
-0.3438720129599854,-369.8975315571227,-369.8279243076315,-13.551497048548345,-0.4258731675589402,0.0
-0.34104958617596093,-370.2385811432987,-370.1689738938075,-13.557783014572053,-0.4259856195272599,0.0
-0.26723999999999054,-370.5058211432987,-370.4362138938075,-13.762381631732332,-0.4282055657735,0.0
-0.3814867799999866,-370.8873079232987,-370.8177006738075,-14.250883449393646,-0.4167243505904284,0.0
-0.2721505627142282,-371.1594584860129,-371.0898512365217,-14.14004778395005,-0.41510036232695285,0.0
-0.3307714279631824,-371.49022991397607,-371.4206226644849,-14.151195037107968,-0.4152766306913363,0.0
-0.35078400863998765,-371.84101392261607,-371.7714066731249,-14.063845096167702,-0.41128808568141617,0.0
-0.28957185511199235,-372.1305857777281,-372.0609785282369,-14.033848246027736,-0.4028892308693521,0.0
-0.3212279538479964,-372.45181373157607,-372.3822064820849,-14.289133360808314,-0.392978309216712,0.0
-0.42002151400319465,-372.87183524557923,-372.80222799608805,-14.28952606641724,-0.39299324850077616,0.0
-0.12026224002234473,-372.99209748560156,-372.9224902361104,-13.96550517907221,-0.39000307322578365,0.0
-0.31381351029601556,-373.3059109958976,-373.2363037464064,-13.871704720261084,-0.3852466956708885,0.0
-0.29739799999997063,-373.6033089958976,-373.5337017464064,-14.143201796273349,-0.37520979539876015,0.0
-0.27775679078397986,-373.8810657866816,-373.8114585371904,-14.440229441489175,-0.37798180189652064,0.0
-0.39620339999998766,-374.27726918668156,-374.2076619371904,-14.422002812058649,-0.37712877033332065,0.0
-0.7635303866879233,-375.0407995733695,-374.9711923238783,-14.46563697856213,-0.3890314601607065,0.0
-0.38573856769839004,-375.4265381410679,-375.3569308915767,-14.646211720601796,-0.39174281778587433,0.0
-0.30135562093437784,-375.7278937620023,-375.6582865125111,-14.843976213458015,-0.3937865578892513,0.0
-0.23587198704000678,-375.9637657490423,-375.8941584995511,-14.822891426262881,-0.3935797778748515,0.0
-0.17002549004000025,-376.1337912390823,-376.06418398959113,-14.74731766351635,-0.3929730445588517,0.0
-0.23186174402560733,-376.3656529831079,-376.2960457336167,-14.72679065139218,-0.39277220019200393,0.0
-0.24164238214398262,-376.6072953652519,-376.5376881157607,-14.851115671904996,-0.3938766212425481,0.0
-0.27344495539204194,-376.88074032064395,-376.81113307115277,-15.295337814424485,-0.3973158879642769,0.0
-0.19252214445915533,-377.0732624651031,-377.0036552156119,-15.326539942847823,-0.3975482355024205,0.0
-0.48563627724794967,-377.55889874235106,-377.4892914928599,-15.80724568079616,-0.40399046361953916,0.0
-0.39861359942396535,-377.95751234177504,-377.88790509228386,-15.968094036244679,-0.40627725609761817,0.0
-0.36468511873274123,-378.32219746050777,-378.2525902110166,-16.083699586336323,-0.4001148554967535,0.0
-0.13166151883680313,-378.45385897934455,-378.38425172985336,-15.49221113123961,-0.3936648479490091,0.0
-0.6567121528799624,-379.1105711322245,-379.0409638827333,-15.390941323236838,-0.3991849278066092,0.0
-0.30998500600000334,-379.42055613822447,-379.3509488887333,-15.412167127465695,-0.39944235592660937,0.0
-0.5231903341591787,-379.9437464723836,-379.87413922289244,-15.417036799565935,-0.39921009564659343,0.0
0.04364049165599371,-379.90010598072763,-379.83049873123645,-14.262024282453465,-0.3897442949488346,0.02
-0.32781715217515095,-380.2279231329028,-380.1583158834116,-14.173573737490726,-0.38593934091521803,0.02
-1.3278042630400089,-381.5557273959428,-381.48612014645164,-12.258025284908772,-0.4045713581760185,0.02
-0.431325934775983,-381.9870533307188,-381.91744608122764,-12.3237658590266,-0.4064462098202754,0.02
-0.2850199999999987,-382.2720733307188,-382.2024660812276,-12.20557087871256,-0.3992767014202762,0.02
-0.29751699999999437,-382.56959033071877,-382.4999830812276,-12.083047229800156,-0.39521138771085795,0.02
-0.5257142179199557,-383.09530454863875,-383.02569729914757,-12.085529091887866,-0.3957788541104894,0.02
-0.8463527610984076,-383.94165730973714,-383.87205006024595,-11.888317583081605,-0.4031071950239778,0.02
-0.6548874170399821,-384.5965447267771,-384.5269374772859,-11.897167247163518,-0.402746879810874,0.02
-0.5000739621695801,-385.0966186889467,-385.0270114394555,-11.908818369181898,-0.4035913809036115,0.02
-1.0481625794079186,-386.1447812683546,-386.07517401886344,-11.603690667134384,-0.41898063297176913,0.02
-0.4983347679232029,-386.64311603627783,-386.57350878678665,-11.655395460713125,-0.4138685862195148,0.02
-0.4729057265203064,-387.11602176279814,-387.04641451330696,-11.652664691429989,-0.41039941352048165,0.02
-0.6414014959199835,-387.7574232587181,-387.68781600922694,-11.706383864779164,-0.41566380125088204,0.02
-0.284579975519996,-388.0420032342381,-387.9723959847469,-11.587685589805256,-0.4124858965462421,0.02
-0.6185178473280242,-388.6605210815661,-388.59091383207493,-11.73022836901531,-0.4191459470928024,0.02
-0.3602751907839904,-389.0207962723501,-388.9511890228589,-11.691428306444685,-0.41798181371446597,0.02
-0.26682417082555393,-389.2876204431756,-389.21801319368444,-12.288504983657813,-0.40009892078025816,0.02
-0.16148623638766973,-389.4491066795633,-389.3794994300721,-12.129986276616274,-0.3979089427080122,0.02
-0.28099341553917145,-389.73010009510244,-389.66049284561126,-12.067741625363883,-0.39665137075959583,0.02
-0.10102854916796897,-389.8311286442704,-389.7615213947792,-11.742314741937289,-0.39185095001943604,0.02
-0.284375975519971,-390.1155046197904,-390.0458973702992,-11.761000538843108,-0.39219366952983564,0.02
-0.3539401419135101,-390.46944476170387,-390.3998375122127,-11.741663562798013,-0.39164273676810607,0.02
-0.3845775023440183,-390.8540222640479,-390.7844150145567,-11.839938496892891,-0.39389127556070186,0.02
-0.5090537985920417,-391.36307606263995,-391.29346881314876,-11.928502734494662,-0.39745692297327906,0.02
-0.6777848002559238,-392.0408608628959,-391.9712536134047,-11.965751836400504,-0.4039969388055978,0.02
-0.2793803599999984,-392.3202412228959,-392.2506339734047,-11.954610400102087,-0.4037931089033579,0.02
-0.5435778947759851,-392.8638191176719,-392.7942118681807,-12.061482581428555,-0.4082401077219177,0.02
-0.537624187263966,-393.40144330493587,-393.3318360554447,-12.096547686125946,-0.4105921611871331,0.02
-0.34588807296001955,-393.7473313778959,-393.6777241284047,-12.405437520227546,-0.41510467784588656,0.02
-0.6769180790799543,-394.4242494569758,-394.35464220748463,-12.498834888992347,-0.4223667692215654,0.02
-0.3221328126719735,-394.74638226964777,-394.6767750201566,-12.525727062285249,-0.4228614654750054,0.02
-0.5470548105599773,-395.29343708020775,-395.22382983071657,-12.701060539873906,-0.42824742587052533,0.02
-0.3148425539863801,-395.6082796341941,-395.5386723847029,-12.62683396574509,-0.4266202089502532,0.02
-0.6347974226799359,-396.24307705687403,-396.17346980738284,-12.708589429443728,-0.42404554967009356,0.02
-0.6168404872079819,-396.859917544082,-396.7903102945908,-12.767919282661646,-0.4286675880602854,0.02
-0.21296439999997946,-397.072881944082,-397.0032746945908,-12.64775515347917,-0.4268997636415973,0.02
-0.6126149486927863,-397.6854968927748,-397.6158896432836,-12.88194083353458,-0.43443462287465295,0.02
-0.27606279711793574,-397.96155968989274,-397.89195244040155,-13.048622987522174,-0.4365553690162116,0.02
-1.4791682903039938,-399.44072798019675,-399.37112073070557,-11.818160515241077,-0.46150149994177936,0.02
0.535954355484819,-398.90477362471194,-398.83516637522075,-10.234252205770243,-0.4459495651892034,0.04
-0.8112777177600079,-399.7160513424719,-399.64644409298074,-10.374647206414862,-0.45670622043656267,0.04
-0.17180096606394463,-399.88785230853586,-399.81824505904467,-10.353092245933881,-0.45629179686865845,0.04
-0.2890270787615838,-400.17687938729745,-400.10727213780626,-10.236145411661726,-0.4523596128989312,0.04
-0.5102402488159842,-400.68711963611344,-400.61751238662225,-10.286440255566914,-0.4545921458867715,0.04
-0.08591072209601397,-400.77303035820944,-400.70342310871825,-10.031377165214547,-0.44901665795403695,0.04
-0.7601506775999816,-401.53318103580943,-401.46357378631825,-10.324374218264044,-0.46158644112930053,0.04
-0.38857589999999115,-401.9217569358094,-401.8521496863182,-10.239505798827729,-0.4562237160717011,0.04
-0.5310360518400107,-402.45279298764945,-402.38318573815826,-10.35623932510942,-0.4606447369885013,0.04
-0.5337552633600079,-402.9865482510095,-402.9169410015183,-10.359491315884153,-0.4608560355725178,0.04
-0.8204072282518805,-403.8069554792614,-403.7373482297702,-10.903511087207264,-0.47813698997067533,0.02
-0.9899503067663691,-404.79690578602776,-404.7272985365366,-10.946058932032447,-0.49137965306249975,0.02
-0.43742701224001135,-405.23433279826776,-405.1647255487766,-11.38518638383135,-0.47357210804649974,0.02
-0.4545199823119907,-405.68885278057974,-405.61924553108855,-11.398226186370625,-0.47403598899721994,0.02
-0.7802545825279844,-406.4691073631077,-406.3995001136165,-11.565538079707059,-0.4839406806477796,0.02
-0.6673772396159298,-407.1364846027236,-407.0668773532324,-11.747476482369414,-0.4913378854400983,0.02
-0.32443797988796164,-407.4609225826116,-407.3913153331204,-11.616929228817417,-0.48731236067945843,0.02
-0.3481432702079548,-407.8090658528196,-407.7394586033284,-11.530447390212581,-0.4773481708616494,0.02
-0.3570251999999495,-408.1660910528195,-408.09648380332834,-11.411634664200832,-0.47139092652084874,0.02
-0.2154863758080149,-408.38157742862757,-408.3119701791364,-11.191451080927573,-0.4656991747936175,0.02
-1.5655735641168027,-409.94715099274435,-409.87754374325317,-10.444045057913588,-0.4760473944877951,0.02
-0.16625249099998796,-410.1134034837443,-410.04379623425314,-10.207095108629767,-0.46940574894933085,0.02
-0.3091238204351747,-410.4225273041795,-410.3529200546883,-10.111854357193522,-0.4661301108276282,0.02
-0.279719880000004,-410.7022471841795,-410.6326399346883,-9.953610591513153,-0.45889647850922866,0.02
-0.09192929174397046,-410.79417647592345,-410.72456922643227,-9.775264813857666,-0.4550434648337081,0.02
-0.09875245010396475,-410.8929289260274,-410.82332167653624,-9.46944342887336,-0.44464815688922693,0.02
-0.31573157302400146,-411.2086604990514,-411.1390532495602,-9.442371108080035,-0.4437572845340271,0.02
-0.2348286825023736,-411.4434891815538,-411.3738819320626,-9.418249167510679,-0.44311737476756347,0.02
-0.054301015835982375,-411.49779019738975,-411.42818294789856,-9.312607907154877,-0.44097367035652973,0.02
-0.19809018050238086,-411.69588037789214,-411.62627312840095,-9.250189701410656,-0.43931560565579386,0.02
-0.33764761022397427,-412.03352798811613,-411.96392073862495,-9.438308581976766,-0.44404798687691405,0.02
-0.46331670239997025,-412.4968446905161,-412.42723744102494,-9.536603609723171,-0.44762680141451405,0.02
-0.5490800888320544,-413.0459247793482,-412.976317529857,-9.619093628639908,-0.45152960035288486,0.02
-0.429619206911956,-413.47554398626016,-413.405936736769,-9.641823396654802,-0.45243043444424375,0.02
-0.29149967999997145,-413.7670436662601,-413.69743641676894,-9.530290567806995,-0.4480793520724023,0.02
-0.6606390679543723,-414.4276827342145,-414.3580754847233,-9.529542338402232,-0.44773643742637126,0.02
-0.3159711999999869,-414.7436539342145,-414.6740466847233,-9.554652473181067,-0.44846825422637104,0.02
-0.3236964895512111,-415.0673504237657,-414.9977431742745,-9.45619302211358,-0.44407062612187553,0.02
-0.4898737070735734,-415.55722413083924,-415.48761688134806,-9.441595337769014,-0.4431156165180677,0.02
-0.3016040599999875,-415.85882819083923,-415.78922094134805,-9.413724830208084,-0.4422299362588671,0.02
-0.18415579303998098,-416.0429839838792,-415.973376734388,-9.198380308265255,-0.43237469053806754,0.02
-0.29377279999997374,-416.3367567838792,-416.267149534388,-9.18046437964793,-0.4318074902846276,0.02
-0.38280555310401576,-416.7195623369832,-416.649955087492,-9.120044383677095,-0.4285225051355084,0.02
-1.3012104806399842,-418.0207728176232,-417.951165568132,-8.965985826841488,-0.44824986366858044,0.02
-0.5405316269759767,-418.56130444459916,-418.491697195108,-8.947240426718169,-0.4463645477545012,0.02
-0.4172987862544026,-418.97860323085354,-418.90899598136235,-8.88799168637261,-0.4423737137354296,0.02
-0.2624496157679995,-419.2410528466215,-419.17144559713034,-8.922515164254206,-0.4433634180507901,0.02
-0.4766543871888117,-419.71770723381036,-419.6480999843192,-8.88790603233464,-0.44064420682071054,0.02
-0.6296165814959462,-420.3473238153063,-420.2777165658151,-9.026035267265483,-0.4477152825082708,0.02
-0.3222120467743931,-420.6695358620807,-420.5999286125895,-9.422338622425926,-0.42457615763767875,0.02
-0.28587156000000197,-420.95540742208067,-420.8858001725895,-10.812181478798601,-0.44101267594737514,0.0
-0.37082882505599307,-421.32623624713665,-421.25662899764546,-10.773887686533739,-0.4322036980932949,0.0
-0.5744844440639869,-421.90072069120066,-421.8311134417095,-11.044610473323996,-0.44025736765329576,0.0
-0.501046825919955,-422.4017675171206,-422.33216026762943,-11.179270749365019,-0.4444977625964631,0.0
-0.9271883486719747,-423.3289558657926,-423.2593486163014,-11.077781037159932,-0.452836724593583,0.0
-0.8185407826559854,-424.14749664844857,-424.0778893989574,-11.45218130627355,-0.4674893258047824,0.0
-0.37910651697404896,-424.5266031654226,-424.45699591593143,-11.376277808155823,-0.4598684425922637,0.0
-0.4996674262719499,-425.0262705916946,-424.9566633422034,-11.43648572552824,-0.4620902731177029,0.0
-0.9782160493139072,-426.0044866410085,-425.9348793915173,-11.306442882412679,-0.4710338730671808,0.0
-0.515562044815984,-426.52004868582446,-426.4504414363333,-11.30025859013912,-0.47067000869630043,0.0
-0.7724826818399402,-427.2925313676644,-427.22292411817324,-11.318123127319343,-0.4697115177680616,0.0
-0.24879001079998764,-427.54132137846443,-427.47171412897325,-11.269878362099385,-0.4548883118487339,0.0
-0.6246862227759599,-428.1660076012404,-428.0964003517492,-11.324050313950432,-0.45863349605945286,0.0
-0.19590162145440038,-428.3619092226948,-428.2923019732036,-11.105084173875492,-0.4534611288423011,0.0
-0.5056629045759434,-428.86757212727076,-428.7979648777796,-11.112216281886484,-0.44796929528326035,0.0
-0.4562586712319567,-429.32383079850274,-429.25422354901156,-11.074409188045198,-0.4437469239155808,0.0
-0.3859776233999692,-429.7098084219027,-429.64020117241154,-11.120336088837206,-0.444977716785821,0.0
-0.23529748351198043,-429.9451059054147,-429.87549865592354,-11.016788222347737,-0.4427208010519015,0.0
-0.40410369999996276,-430.34920960541467,-430.2796023559235,-11.048289916624192,-0.4436623710519017,0.0
-0.507446799999949,-430.85665640541464,-430.78704915592346,-11.263345519966176,-0.44950157953574044,0.0
-0.7332481550399932,-431.5899045604546,-431.52029731096343,-12.927713974435633,-0.43285507135420426,0.0
-0.6718338362176146,-432.26173839667223,-432.19213114718104,-13.274968164249042,-0.4429666982585567,0.0
-0.23958201046397437,-432.5013204071362,-432.431713157645,-13.178120768679936,-0.44157586205913274,0.0
-0.28269092160317877,-432.7840113287394,-432.7144040792482,-13.182132254325552,-0.44163528289119625,0.0
-0.27754066084159235,-433.06155198958095,-432.99194474008976,-13.526470071087282,-0.4453475102731487,0.0
-0.34569151475999377,-433.40724350434095,-433.33763625484977,-13.966592920094849,-0.45028629156626926,0.0
-0.2832983999999794,-433.69054190434093,-433.62093465484975,-13.920358859433748,-0.44963762810578883,0.0
-0.2684939999999761,-433.9590359043409,-433.8894286548497,-13.977025059181864,-0.4503109344557409,0.0
-0.43212052979676663,-434.39115643413766,-434.32154918464647,-14.669084774442204,-0.4578673247349566,0.0
-0.21002400000000165,-434.60118043413763,-434.53157318464645,-14.695025940427186,-0.458106001124909,0.0
-0.42239766547195373,-435.0235780996096,-434.9539708501184,-14.790176021268401,-0.45980100222986864,0.0
-0.37992911385597594,-435.40350721346556,-435.3338999639744,-14.717574261856875,-0.45813325045898873,0.0
-0.24032984748422292,-435.6438370609498,-435.5742298114586,-14.40881037678461,-0.45195824563203213,0.0
-0.7997458063359881,-436.4435828672858,-436.3739756177946,-14.306466577864756,-0.4593607776205127,0.0
-0.2083014626083105,-436.6518843298941,-436.5822770804029,-14.159604965817328,-0.4576968132726795,0.0
-0.23824491097599365,-436.89012924087007,-436.8205219913789,-13.8892055361016,-0.4492489301331119,0.0
-0.3032825599999942,-437.1934118008701,-437.1238045513789,-13.871975372067759,-0.44899515733311207,0.0
-0.2803859999999881,-437.47379780087005,-437.40419055137886,-13.811788376134231,-0.44812894754208765,0.0
-0.6932382110079668,-438.167036011878,-438.0974287623868,-13.787321276647582,-0.4521962376207755,0.0
-0.31797877283200143,-438.48501478471,-438.41540753521883,-13.809299358002326,-0.45252373187741574,0.0
-0.28309399999996576,-438.76810878470997,-438.6985015352188,-13.98346525142013,-0.45450249601661546,0.0
-0.39117806000000827,-439.15928684471,-439.0896795952188,-14.102296888648274,-0.45645060121661607,0.0
-0.6779806540799822,-439.83726749878997,-439.7676602492988,-14.171753462961458,-0.4623541032361355,0.0
-0.35710680575997195,-440.19437430454997,-440.1247670550588,-15.876589318493203,-0.4434720297385353,0.0
-0.27266400000000274,-440.46703830455,-440.3974310550588,-15.611651009686177,-0.4381146771990158,0.0
0.04075204110326458,-440.42628626344674,-440.35667901395556,-14.481242618260804,-0.42895366065186247,0.02
-0.33236393932798247,-440.75865020277473,-440.68904295328355,-14.590075632940422,-0.430351947123062,0.02
-0.30392879999995687,-441.06257900277467,-440.9929717532835,-14.429101599264925,-0.426897435379285,0.02
-0.19778237158399042,-441.26036137435864,-441.19075412486745,-14.112474978537636,-0.41826075118104583,0.02
-0.47420745895039657,-441.734568833309,-441.66496158381784,-14.236315382813249,-0.4213006594245659,0.02
-0.20693650261599067,-441.941505335925,-441.8718980864338,-14.094770873939726,-0.41972195827688574,0.02
0.32798778902918124,-441.6135175468958,-441.54391029740464,-12.203069040211227,-0.40574562599518216,0.04
-0.48326421035992967,-442.09678175725577,-442.0271745077646,-12.198240953719624,-0.40392122132110103,0.04
-0.3595343910840104,-442.4563161483398,-442.3867088988486,-12.13018025616265,-0.4010909726243822,0.04
-0.6898352508159145,-443.1461513991557,-443.0765441496645,-12.437369624662836,-0.39634391066726093,0.04
-0.46245847356800146,-443.6086098727237,-443.53900262323253,-12.661727798084684,-0.3892222644855013,0.04
-0.8223430222391439,-444.43095289496284,-444.36134564547166,-12.474521417132147,-0.39808699459080316,0.04
-0.41574376823994863,-444.8466966632028,-444.7770894137116,-12.446754591759621,-0.3964085214301632,0.04
-0.6333581598791581,-445.48005482308196,-445.4104475735908,-12.980657339053005,-0.3895113636414682,0.04
-0.6396000320415525,-446.1196548551235,-446.0500476056323,-12.930888779693568,-0.39199212338597955,0.04
-0.7013226216319663,-446.82097747675544,-446.75137022726426,-13.024122643054305,-0.39056892218182004,0.04
-0.4644183801599531,-447.2853958569154,-447.2157886074242,-13.213789202571439,-0.39488148956901936,0.04
-0.3130175999999865,-447.59841345691535,-447.52880620742417,-13.147454321598868,-0.38864811711349995,0.04
-0.2991413999999585,-447.8975548569153,-447.8279476074241,-13.307004824940153,-0.3907129126844111,0.04
-0.3105647999999559,-448.20811965691524,-448.13851240742406,-13.197249861719229,-0.3868109505928913,0.04
-0.2575301680140695,-448.4656498249293,-448.3960425754381,-13.028019765457724,-0.38283638052853364,0.04
-0.8287011592495805,-449.2943509841789,-449.2247437346877,-12.765633065321943,-0.39169085124552583,0.04
-0.169418814916789,-449.4637697990957,-449.3941625496045,-12.656031215148829,-0.39037327787362197,0.04
-0.6519941706023887,-450.1157639696981,-450.0461567202069,-12.639902090467995,-0.3953310872856705,0.04
-0.3701446424031929,-450.4859086121013,-450.4163013626101,-12.58382099370964,-0.39258504413373535,0.04
-0.3088051469567989,-450.7947137590581,-450.7251065095669,-12.606970191904471,-0.38409618397207157,0.04
-0.9407845670399654,-451.735498326098,-451.66589107660684,-12.203911140507172,-0.3894751985885185,0.04
-0.8417106448640412,-452.5772089709621,-452.5076017214709,-12.170444968551024,-0.4015177712765199,0.04
-0.477145228799975,-453.0543541997621,-452.9847469502709,-12.309055383847955,-0.40540685742045574,0.04
-0.17008346443917133,-453.2244376642013,-453.1548304147101,-12.15715121122319,-0.4032577134924074,0.04
-0.04774172536320295,-453.2721793895645,-453.2025721400733,-11.721831967929045,-0.39729871770447156,0.04
-0.10300055915200801,-453.3751799487165,-453.3055726992253,-11.47064605198728,-0.39369276088751215,0.04
-0.24997921094397652,-453.6251591596605,-453.5555519101693,-11.450195444122581,-0.3933224651063922,0.04
-0.4486783790170923,-454.0738375386776,-454.0042302891864,-11.456819589617854,-0.3936536220907986,0.04
-0.36570551420317127,-454.43954305288077,-454.3699358033896,-11.613382005984702,-0.39676725237486205,0.04
-0.43975662057596887,-454.8792996734567,-454.80969242396554,-11.621184267688403,-0.39711443147694225,0.04
-0.21299727793997636,-455.0922969513967,-455.0226897019055,-11.458806646914567,-0.3937757947586223,0.04
-0.864134208263978,-455.95643115966067,-455.8868239101695,-11.459045674043477,-0.4062518819742174,0.04
-0.20834477407999882,-456.16477593374066,-456.0951686842495,-11.34914506327694,-0.3944238613290976,0.04
-0.7790141412959395,-456.9437900750366,-456.8741828255454,-11.476468794512215,-0.4058381149028502,0.04
-0.3198936196191787,-457.26368369465575,-457.19407644516457,-11.561234605006234,-0.4074710890757139,0.04
-0.04864736496958581,-457.31233105962536,-457.2427238101342,-11.208255897385738,-0.40237838517510577,0.04
-0.2059159999999917,-457.51824705962537,-457.4486398101342,-11.12608879646128,-0.4008889851751058,0.04
-0.25547426407996243,-457.77372132370533,-457.70411407421415,-10.999197136945835,-0.39213370623654575,0.04
-0.9536769285599009,-458.72739825226523,-458.65779100277405,-10.852217219855355,-0.4048476693511037,0.04
-0.5038154241103043,-459.23121367637555,-459.16160642688436,-10.98002647006567,-0.40926209783331047,0.04
-0.5737275939559627,-459.8049412703315,-459.7353340208403,-11.036658666175825,-0.4129130885124296,0.04
-0.20597999999999983,-460.0109212703315,-459.9413140208403,-10.833825395206556,-0.4034730754308299,0.04
-0.39705600000000935,-460.4079772703315,-460.33837002084033,-10.85863149699597,-0.40427205931563065,0.04
-0.4094934363519238,-460.8174707066834,-460.74786345719224,-10.96011153468861,-0.40700864804266906,0.04
-0.6017675624959232,-461.41923826917935,-461.34963101968816,-11.597097563831355,-0.41985904011465286,0.02
-0.2851979999999759,-461.7044362691793,-461.63482901968814,-11.552663814871995,-0.41891572132809274,0.02
-0.87216554919355,-462.57660181837286,-462.5069945688817,-11.54438034066184,-0.43028045631196454,0.02
-0.17443565203676092,-462.75103747040964,-462.68143022091846,-11.512988455694169,-0.42981352192102,0.02
-0.14019719416956028,-462.8912346645792,-462.821627415088,-11.206647844656818,-0.42313331662540327,0.02
-0.6354898870240148,-463.5267245516032,-463.457117302112,-11.442193043053763,-0.4317043843135637,0.02
-0.17439878413679893,-463.70112333574,-463.63151608624884,-12.662383180144488,-0.4417521157768834,0.0
-0.3704082591839674,-464.071531594924,-464.0019243454328,-12.59124793612668,-0.4394949967533641,0.0
-0.5394181124327959,-464.6109497073568,-464.5413424578656,-12.68818902185888,-0.4430926711803398,0.0
-0.7050003212160195,-465.3159500285728,-465.2463427790816,-12.68085213379242,-0.4433959725883419,0.0
-0.2760591904000071,-465.5920092189728,-465.5224019694816,-12.519176545146854,-0.439667986924982,0.0
-0.6440282376079521,-466.23603745658073,-466.16643020708955,-12.635277550543947,-0.4361016912323582,0.0
-0.3469032362879786,-466.5829406928687,-466.5133334433775,-12.579668377895223,-0.4347248805933188,0.0
-0.1531822291327891,-466.73612292200147,-466.6665156725103,-12.22988755530068,-0.4251213619783914,0.0
-0.3918670266399732,-467.12798994864147,-467.0583826991503,-12.18069954009775,-0.42016670187035987,0.0
-0.38234241689600057,-467.51033236553747,-467.4407251160463,-12.159658465868503,-0.41378709777564054,0.0
-0.43684404297641066,-467.9471764085139,-467.8775691590227,-12.147748017446636,-0.41323561103196965,0.0
-0.47150529950718334,-468.41868170802104,-468.34907445852986,-12.256084485469794,-0.4164053650221136,0.0
-0.3442031873279676,-468.76288489534903,-468.69327764585785,-12.300906859802549,-0.4173066007686738,0.0
-0.7639531082399722,-469.526838003589,-469.4572307540978,-12.345667130305433,-0.4263743669334741,0.0
-0.5752416422400237,-470.102079645829,-470.0324723963378,-12.547266823454994,-0.4327285964179932,0.0
-0.30981119846400496,-470.411890844293,-470.3422835948018,-12.560924934689814,-0.4223507972022817,0.0
-0.4666278561119748,-470.878518700405,-470.8089114509138,-12.88390369895499,-0.4282949780261854,0.0
-0.5528061646799582,-471.43132486508495,-471.36171761559376,-12.905615957975003,-0.42631121790773685,0.0
-0.14402318874397932,-471.5753480538289,-471.50574080433773,-12.595577503813855,-0.42178878883455256,0.0
-0.1898986705520173,-471.7652467243809,-471.69563947488973,-12.434570191000446,-0.4194106593064568,0.0
-0.4312151674879768,-472.19646189186886,-472.1268546423777,-12.769914680540905,-0.40921927131541713,0.0
-0.8276177966243458,-473.0240796884932,-472.954472439002,-12.791036570062596,-0.4089374143506232,0.0
-0.12637554971517953,-473.1504552382084,-473.0808479887172,-12.396430323679418,-0.40192202076892736,0.0
-0.10859440865513395,-473.2590496468635,-473.1894423973723,-12.283439888099487,-0.4006922396532465,0.0
-0.6461026900296096,-473.90515233689314,-473.83554508740195,-12.82383048195114,-0.4126594589465747,0.0
-0.22862710852000878,-474.13377944541315,-474.06417219592197,-13.060110838827073,-0.4151719899339347,0.0
-0.34222803168000815,-474.47600747709316,-474.406400227602,-13.176003991821457,-0.41701696634865537,0.0
-0.296884020159996,-474.77289149725317,-474.703284247762,-13.046345104761896,-0.41398107917151344,0.0
-0.42007193669599757,-475.19296343394916,-475.123356184458,-13.086728258603696,-0.41506840762137,0.0
-1.0550835142559976,-476.2480469482052,-476.178439698714,-12.513007556631319,-0.42737494549497057,0.0
-0.41227801290396476,-476.66032496110915,-476.59071771161797,-12.731664073414482,-0.43136056019425034,0.0
-1.0832540685410057,-477.74357902965016,-477.673971780159,-12.36130664971738,-0.43574295739979085,0.0
-1.010278476475944,-478.7538575061261,-478.6842502566349,-12.3013637128989,-0.4517816314477098,0.0
-0.5812404661439665,-479.3350979722701,-479.2654907227789,-12.36179802964586,-0.4478261579446703,0.0
-0.28105002111997834,-479.6161479933901,-479.5465407438989,-12.31893734834808,-0.4470492859746863,0.0
-1.3216839924429276,-480.937831985833,-480.8682247363418,-12.015438256121907,-0.47251001852415314,0.0
-0.9512177447039649,-481.88904973053695,-481.81944248104577,-12.16539674738646,-0.4874160534182326,0.0
-0.3579744376319839,-482.24702416816893,-482.17741691867775,-12.273660289762203,-0.48946605688927297,0.0
-0.3323411917223627,-482.5793653598913,-482.5097581104001,-12.272366961483089,-0.47703934215252225,0.0
-0.6921469039800181,-483.27151226387133,-483.20190501438015,-12.296491462819334,-0.4808059717499165,0.0
1.8627998565624415,-481.4087124073089,-481.3391051578177,-7.127452410368937,-0.4320754227395484,0.02
-0.15130738896556786,-481.56001979627445,-481.49041254678326,-7.098740244599247,-0.43098197051885984,0.02
-1.1731230023039343,-482.7331427985784,-482.6635355490872,-7.148828124330428,-0.44650331056493825,0.02
-0.18088994758801266,-482.9140327461664,-482.8444254966752,-7.051038262913606,-0.44193124078966006,0.02
-0.2817368000000021,-483.1957695461664,-483.1261622966752,-6.9496003319021975,-0.4355306255397416,0.02
-0.20121919999998178,-483.39698874616636,-483.3273814966752,-6.911490110172796,-0.4338510495397418,0.02
-0.0878021991319875,-483.48479094529836,-483.4151836958072,-6.69039905446775,-0.41816378253851055,0.02
-0.27525780000000555,-483.7600487452984,-483.6904414958072,-6.736188243728815,-0.4201802254977754,0.02
-0.17904779659198886,-483.93909654189036,-483.8694892923992,-6.755689734786203,-0.420957237546224,0.02
-0.2504351628799927,-484.18953170477033,-484.11992445527915,-6.638912275696901,-0.4132561430633435,0.02
-0.23625928351196102,-484.4257909882823,-484.3561837387911,-6.667673653905128,-0.4144933530508468,0.02
-0.6182999285119778,-485.0440909167943,-484.9744836673031,-6.734069572602542,-0.419451186437407,0.02
-0.6537763153039771,-485.69786723209825,-485.62825998260706,-6.756782336151369,-0.4217383504948306,0.02
-0.29893820580799224,-485.99680543790623,-485.92719818841505,-6.650080869393694,-0.4136171081866701,0.02
-0.4305279647615747,-486.4273334026678,-486.3577261531766,-6.7063816611809886,-0.41670648367390145,0.02
-0.9584263170942957,-487.38575971976206,-487.3161524702709,-6.724555224139367,-0.4229944452636283,0.02
0.7808859741999961,-486.6048737455621,-486.5352664960709,-5.953517200433025,-0.4004386610538688,0.04
-0.23108498036799793,-486.8359587259301,-486.7663514764389,-5.98530754709785,-0.40199671607857296,0.04
-0.30227086511997064,-487.13822959105005,-487.06862234155886,-5.956071505753855,-0.4002047928481729,0.04
-0.12070747218885114,-487.2589370632389,-487.1893298137477,-5.85839406293614,-0.39497209395403,0.04
-0.3323411917223627,-487.59127825496125,-487.52167100547007,-5.826893276138192,-0.39288203692894896,0.04
-0.9600557827559733,-488.55133403771725,-488.48172678822607,-5.8918114527707015,-0.40265304659392476,0.04
-0.11517198115582668,-488.66650601887306,-488.5968987693819,-5.805382688643581,-0.3980724224704819,0.04
-0.42587330328001083,-489.0923793221531,-489.0227720726619,-5.739923833596833,-0.39131082637128267,0.04
-0.13816896644795323,-489.230548288601,-489.16094103910984,-5.605328720483189,-0.38256937285544124,0.04
-0.02403679365353173,-489.25458508225455,-489.18497783276337,-5.492978391401887,-0.3768538847592318,0.04
0.06993097029603201,-489.18465411195854,-489.11504686246735,-5.2949230823877365,-0.36612270823107174,0.06
-0.2591557555744105,-489.44380986753293,-489.37420261804175,-5.215472902691566,-0.3602497000489608,0.06
-0.25339598483199544,-489.6972058523649,-489.6275986028737,-5.254984065697321,-0.362437155970721,0.06
-0.23292058996797005,-489.9301264423329,-489.8605191928417,-5.27034811084717,-0.3632975943590402,0.06
-1.4659275217439596,-491.3960539640768,-491.32644671458564,-5.3109437680218035,-0.3839918414441598,0.06
-0.27509747999997824,-491.6711514440768,-491.60154419458564,-5.196227956096406,-0.3729414351116725,0.06
-0.2310052432089767,-491.9021566872858,-491.8325494377946,-5.233695387021732,-0.37503402898154836,0.06
-0.18725342399998376,-492.0894101112858,-492.01980286179463,-5.263004123529099,-0.3766072092884454,0.06
-0.5251412261759967,-492.6145513374618,-492.54494408797063,-5.239614571717539,-0.3741879800113731,0.06
-0.41787702684641037,-493.0324283643082,-492.962821114817,-5.296769420499709,-0.3779729783779011,0.06
-2.296868146070324,-495.3292965103785,-495.25968926088734,-5.159620750310522,-0.41706578066570743,0.06
-0.24023235279995697,-495.5695288631785,-495.4999216136873,-5.142965629809847,-0.4159327473185066,0.06
-0.5018971855359688,-496.0714260487145,-496.0018187992233,-5.162058348406227,-0.41756925229530606,0.06
-0.35430047183993346,-496.4257265205544,-496.3561192710632,-5.052867144846512,-0.4035535914469848,0.06
-0.3788989003359673,-496.8046254208904,-496.7350181713992,-5.04442781456069,-0.40288600919562484,0.06
-0.4807812202223519,-497.28540664111273,-497.21579939162154,-4.966359037253028,-0.3908365522292518,0.06
-0.5246679127679904,-497.8100745538807,-497.74046730438954,-4.901954057776855,-0.38112434095509273,0.06
-0.3503384684799836,-498.16041302236073,-498.09080577286954,-4.84900563440669,-0.37650630100181304,0.06
-0.3749464140160077,-498.5353594363767,-498.46575218688554,-4.874693214762776,-0.37838422885973366,0.06
-0.3157236034559735,-498.8510830398327,-498.7814757903415,-4.760918462067139,-0.3582650210799946,0.06
-0.2593445355695787,-499.1104275754023,-499.0408203259111,-4.634916954069787,-0.34442755689730686,0.06
-0.19199298046399058,-499.30242055586626,-499.2328133063751,-4.586508846143634,-0.341107927753947,0.06
-0.23485833946398507,-499.53727889533025,-499.46767164583906,-4.558477538505732,-0.3391582707087794,0.06
-0.08208920630720307,-499.61936810163746,-499.5497608521463,-4.404997325884237,-0.32695711675532313,0.06
-0.6589294242399784,-500.27829752587746,-500.2086902763863,-6.3035189873523,-0.3773917023713716,0.04
-0.4313519976672272,-500.70964952354467,-500.6400422740535,-6.414909341382859,-0.3829925945454047,0.04
-0.9255540278942086,-501.6352035514389,-501.5655963019477,-6.453014510569138,-0.3780412150572101,0.04
-0.34914004344000005,-501.9843435948789,-501.9147363453877,-6.525147709559799,-0.38140621697425,0.04
-0.5745935121127741,-502.55893710699166,-502.4893298575005,-6.615418270914095,-0.3872633512165054,0.04
-0.21806073695998157,-502.7769978439516,-502.70739059446043,-6.62348753174014,-0.3876001819557054,0.04
-3.0274057428383943,-505.80440358679,-505.7347963372988,-5.712271675918058,-0.4463922528298335,0.04
-0.5917729107040071,-506.39617649749397,-506.3265692480028,-5.79520527686534,-0.4527225550439135,0.04
-0.23172748379998698,-506.62790398129397,-506.5582967318028,-5.813669733328427,-0.4537761487880735,0.04
-0.6564516225919621,-507.28435560388596,-507.21474835439477,-5.918398530360046,-0.4618964779823129,0.04
-0.41391717347200735,-507.69827277735794,-507.62866552786676,-5.973592493035297,-0.4654496357815138,0.04
-0.2829674411557539,-507.9812402185137,-507.9116329690225,-5.886028744529958,-0.4587429860343894,0.04
-0.48068162282550203,-508.4619218413392,-508.392314591848,-5.848962708986924,-0.4552810921848199,0.04
-0.2644683168959582,-508.7263901582351,-508.65678290874393,-5.837805189815373,-0.45459169440657926,0.04
-0.1867130145711986,-508.9131031728063,-508.8434959233151,-5.761898434772727,-0.4497153954027716,0.04
-0.3604893645120063,-509.27359253731834,-509.20398528782715,-5.656794888196835,-0.4377566563511259,0.04
-0.19984004636641553,-509.47343258368477,-509.4038253341936,-6.218564474701041,-0.45737117676245403,0.02
-0.5434085659199539,-510.0168411496047,-509.94723390011353,-6.31418370443672,-0.4636176484734932,0.02
-0.7009107852607365,-510.7177519348655,-510.6481446853743,-6.416321616544852,-0.4715904468763085,0.02
-0.8958261759999611,-511.61357811086543,-511.54397086137425,-6.616267503972502,-0.4870928209525307,0.02
-0.48255043798063746,-512.0961285488461,-512.0265212993548,-6.663070584464492,-0.4900970058776962,0.02
-0.4313523870391795,-512.5274809358853,-512.457873686394,-6.573728742916857,-0.4795229379633604,0.02
-1.0045845712063748,-513.5320655070916,-513.4624582576004,-6.785243748914796,-0.49731118976437133,0.02
-0.3218754110879908,-513.8539409181795,-513.7843336686883,-6.7504698469298425,-0.4952312319205309,0.02
-0.28287503999994706,-514.1368159581795,-514.0672087086882,-6.810912585286308,-0.4981253533915708,0.02
-0.33294283018801146,-514.4697587883675,-514.4001515388762,-6.94737426511008,-0.5043034741222604,0.02
-0.0741653050743803,-514.5439240934419,-514.4743168439506,-7.025889613814166,-0.5071853996296687,0.0
-0.2991599999999638,-514.8430840934418,-514.7734768439506,-7.041914090025478,-0.5079854845181796,0.0
-0.29541779184797573,-515.1385018852898,-515.0688946357985,-7.058901964266062,-0.5088259206584993,0.0
-0.21608029554958455,-515.3545821808393,-515.2849749313481,-7.051632233161769,-0.5084891147701316,0.0
-0.5104352538559809,-515.8650174346953,-515.7954101852041,-7.044680694118771,-0.4893792694123721,0.0
-0.4363528372595699,-516.301370271955,-516.2317630224637,-7.103962082954207,-0.49260437655756384,0.0
-0.17833499351999665,-516.479705265475,-516.4100980159837,-7.079860641939869,-0.49155097156378424,0.0
-0.4991166514079779,-516.978821916883,-516.9092146673918,-7.197969409484898,-0.4977882361119441,0.0
-0.14337213587196096,-517.1221940527549,-517.0525868032637,-7.051693111531238,-0.49015285430586336,0.0
-0.30777973326405395,-517.429973786019,-517.3603665365277,-7.011951453259223,-0.48795090843421635,0.0
-1.0509746083199993,-518.480948394339,-518.4113411448477,-7.666213380691584,-0.4630330376792098,0.0
-0.23927639155198552,-518.720224785891,-518.6506175363997,-7.665717436244492,-0.4630139184542504,0.0
-0.6476805714015985,-519.3679053572926,-519.2982981078013,-7.700423325123632,-0.465929586171563,0.0
-0.9816001147567854,-520.3495054720494,-520.2798982225581,-7.803769387528001,-0.47847557902989996,0.0
-0.46329222067197096,-520.8127976927213,-520.7431904432301,-7.8353955360114185,-0.4801634454366201,0.0
-0.5822999913599415,-521.3950976840813,-521.32549043459,-7.864246118669638,-0.48219382085937185,0.0
-1.394427748896023,-522.7895254329774,-522.7199181834861,-7.8160206163532555,-0.49958901758193247,0.0
-0.29960319999996377,-523.0891286329773,-523.0195213834861,-7.793408425341936,-0.4985743122123321,0.0
-0.3306590249688105,-523.4197876579461,-523.3501804084549,-7.774673820967286,-0.49768856443138815,0.0
-0.3240411412969048,-523.743828799243,-523.6742215497518,-7.778395985508508,-0.4978549151882068,0.0
-0.32369700897596715,-524.067525808219,-523.9979185587277,-7.808666700069681,-0.49914196465633454,0.0
-0.23233500647999072,-524.299860814699,-524.2302535652077,-7.83018107797875,-0.4999488051766546,0.0
-0.09479359009120958,-524.3946544047901,-524.3250471552989,-7.750840429948814,-0.4971475101891991,0.0
-0.18850006841681924,-524.583154473207,-524.5135472237157,-7.813413316374901,-0.49927572743139137,0.0
-0.6457564597903833,-525.2289109329973,-525.1593036835061,-7.810834642254751,-0.49901226814239946,0.0
-0.2835986399999786,-525.5125095729973,-525.442902323506,-7.748880847567857,-0.4960572009890545,0.0
-0.3053424073919839,-525.8178519803893,-525.748244730898,-7.613219451495008,-0.4836529685790101,0.0
-0.6476805714015985,-526.4655325517908,-526.3959253022996,-7.704523267949585,-0.489623779138242,0.0
-0.8848646923703677,-527.3503972441612,-527.2807899946699,-7.745958067355553,-0.49582920274339387,0.0
-0.990251634183946,-528.3406488783451,-528.2710416288538,-7.927331391335029,-0.5112730206878732,0.0
-1.30666734667468,-529.6473162250197,-529.5777089755285,-11.066989915543058,-0.47685825276459887,0.0
-0.7274263276799735,-530.3747425526997,-530.3051353032084,-11.07141839171271,-0.4795713211041182,0.0
-0.7497883087439381,-531.1245308614436,-531.0549236119524,-11.303123074455259,-0.4899325376029972,0.0
-0.5058456524160053,-531.6303765138597,-531.5607692643684,-11.267179586792283,-0.4869204181994781,0.0
-0.43493843244795044,-532.0653149463077,-531.9957076968165,-11.280092977220464,-0.48734084337899697,0.0
-1.008223553584008,-533.0735384998917,-533.0039312504005,-11.352456209370192,-0.501845965627562,0.0
-0.04536196469119111,-533.1189004645829,-533.0492932150917,-10.9294947861688,-0.49313957246487583,0.0
-0.934931995603178,-534.0538324601861,-533.9842252106948,-11.08185733281819,-0.5065488460390202,0.0
-1.0511581953599993,-535.1049906555461,-535.0353834060548,-11.26826181333479,-0.5238377496547962,0.0
-0.2419641501759519,-535.346954805722,-535.2773475562308,-11.163175106205891,-0.5214672453680752,0.0
1.7393159728113912,-533.6076388329107,-533.5380315834194,-7.488096707085951,-0.482684124984519,0.02
-0.19942150462080763,-533.8070603375314,-533.7374530880402,-7.355151734048746,-0.4758043837585361,0.02
-0.8297771322399914,-534.6368374697714,-534.5672302202802,-7.368875625902125,-0.4783817106981212,0.02
-0.36486782164800335,-535.0017052914194,-534.9320980419282,-7.263095012473337,-0.467762543611082,0.02
-0.38787583999999925,-535.3895811314194,-535.3199738819281,-7.2316078472547956,-0.46586905165146925,0.02
-0.20371847999999365,-535.5932996114194,-535.5236923619282,-7.138099774411894,-0.46131637351068555,0.02
-0.44474118440313437,-536.0380407958226,-535.9684335463313,-7.0675040876638375,-0.45011950577462073,0.02
-0.797535968216008,-536.8355767640386,-536.7659695145474,-7.18164760714737,-0.4596327169171811,0.02
-0.2985306373919569,-537.1341074014306,-537.0645001519393,-7.188398362994662,-0.4599458288650213,0.02
-0.21836987272343086,-537.352477274154,-537.2828700246628,-7.137966706487073,-0.45765436971572965,0.02
-1.574324325580759,-538.9268015997347,-538.8571943502435,-7.243260014667257,-0.4876575501258572,0.02
-0.14298935237273902,-539.0697909521075,-539.0001837026163,-7.170724741427661,-0.4845341371733128,0.02
-0.2659929776543839,-539.3357839297619,-539.2661766802706,-7.158260693804836,-0.48394564088944086,0.02
-1.039170192480053,-540.3749541222419,-540.3053468727506,-7.330577787360426,-0.5004074388280503,0.02
-0.3063747918703872,-540.6813289141123,-540.6117216646211,-7.259360832945614,-0.49632622958833833,0.02
-0.03810177771115322,-540.7194306918235,-540.6498234423323,-7.081561449453099,-0.4883612083973701,0.02
-0.43923579632795706,-541.1586664881514,-541.0890592386602,-7.186012189338261,-0.49357922445352925,0.02
-0.05692053773278524,-541.2155870258842,-541.145979776393,-7.002043272836474,-0.4847353021800254,0.02
-0.15517367738285112,-541.3707607032671,-541.3011534537759,-7.007769551483686,-0.48497133301024326,0.02
-0.2644271902480022,-541.6351878935152,-541.565580644024,-6.990220205705729,-0.4841042821499222,0.02
-0.28961910980800887,-541.9248070033232,-541.8551997538319,-6.855234925990532,-0.4688771721796824,0.02
-0.3017616773696074,-542.2265686806928,-542.1569614312016,-6.8808252922317426,-0.4701268778960348,0.02
-0.705172490419159,-542.931741171112,-542.8621339216207,-6.89067459563581,-0.471276716276386,0.02
-0.6134748781439858,-543.5452160492559,-543.4756087997647,-6.854593379423336,-0.46391421154413004,0.02
-1.0631665967999218,-544.6083826460558,-544.5387753965646,-6.926243585608978,-0.4759116990666891,0.02
-0.7457145430055865,-545.3540971890613,-545.2844899395701,-6.955875189076949,-0.479179990099602,0.02
-0.3892069999999531,-545.7433041890613,-545.67369693957,-6.916336850845541,-0.4590755751216806,0.02
-0.6101924386623668,-546.3534966277236,-546.2838893782324,-7.011362515983384,-0.46528735989492864,0.02
-0.9391932209743639,-547.292689848698,-547.2230825992068,-7.1305896182047634,-0.47745804381503976,0.02
-0.31273263999998563,-547.6054224886981,-547.5358152392068,-7.126069156418692,-0.4772318737891013,0.02
-0.852536380427128,-548.4579588691253,-548.388351619634,-7.247993411746995,-0.4878086612181246,0.02
-0.2050882623167517,-548.663047131442,-548.5934398819508,-7.235218285906608,-0.4872637263348597,0.02
-0.4156229872883359,-549.0786701187303,-549.0090628692391,-7.379786307735851,-0.49368031427880227,0.02
-0.44374583489596775,-549.5224159536263,-549.452808704135,-7.486925560124159,-0.4987852296083852,0.02
-0.3474075587839804,-549.8698235124102,-549.800216262919,-7.3975145173186245,-0.4928182515882572,0.02
-1.039170192480053,-550.9089937048902,-550.839386455399,-7.542099985530876,-0.5079296826378586,0.02
0.3116436836783884,-550.5973500212118,-550.5277427717206,-7.164659083103392,-0.4955899608164512,0.04
-0.35236687119997007,-550.9497168924117,-550.8801096429205,-7.080564487912397,-0.48968368681241864,0.04
-0.5312494513143247,-551.4809663437261,-551.4113590942349,-7.024553860983906,-0.4826113819912978,0.04
-1.2880020374143637,-552.7689683811404,-552.6993611316492,-6.996788392227421,-0.48856639005590613,0.04
-0.03287042608317825,-552.8018388072236,-552.7322315577323,-6.770581360227509,-0.4630904516440761,0.04
-0.06874005506476524,-552.8705788622883,-552.8009716127971,-6.556439156350429,-0.4499167261917719,0.04
-0.18170619265599164,-553.0522850549443,-552.982677805453,-6.397515196798023,-0.438555083870013,0.04
-0.36743054132394837,-553.4197155962682,-553.350108346777,-6.35709209287286,-0.43578678164817186,0.04
-0.1530203063759793,-553.5727359026442,-553.503128653153,-6.2540176848836975,-0.43014841912673246,0.04
-0.2963548544135642,-553.8690907570578,-553.7994835075666,-6.132232402087556,-0.4159110451433235,0.04
-0.3496620837189415,-554.2187528407768,-554.1491455912856,-6.258746026814271,-0.42199704752387857,0.04
-0.2026023962559806,-554.4213552370328,-554.3517479875416,-6.102413520413668,-0.4073504555369346,0.04
-0.6183839999999876,-555.0397392370328,-554.9701319875415,-6.075523899301377,-0.3986949716297344,0.04
-0.3775783199999537,-555.4173175570328,-555.3477103075415,-6.123823159995376,-0.40140725502621444,0.04
-0.3124776199999624,-555.7297951770328,-555.6601879275415,-8.969859615505094,-0.44244312688244153,0.02
-0.0920678735791958,-555.8218630506119,-555.7522558011207,-8.880117980491287,-0.4402960542616093,0.02
-0.9314173583231897,-556.7532804089351,-556.6836731594439,-8.8570048917663,-0.4423288587832732,0.02
-0.4158372315360089,-557.1691176404711,-557.0995103909798,-8.88122789595807,-0.4433482469810333,0.02
-0.4085416044959753,-557.5776592449671,-557.5080519954759,-8.890844968185055,-0.44376156227095287,0.02
-0.08585188146078324,-557.6635111264279,-557.5939038769367,-8.794191593276595,-0.4414042303001686,0.02
-0.43022183542422326,-558.0937329618522,-558.024125712361,-8.788329619800615,-0.44111384332059045,0.02
-0.6183839999999876,-558.7121169618522,-558.642509712361,-8.784325512475272,-0.43753080395627003,0.02
-0.21463553193597595,-558.9267524937882,-558.8571452442969,-8.729396598258633,-0.4358529018471504,0.02
-0.6428073781583074,-559.5695598719465,-559.4999526224552,-8.905180431743084,-0.4443416519558479,0.02
-0.5345270976079933,-560.1040869695545,-560.0344797200632,-9.533978354476224,-0.42354570739639263,0.02
-0.38339027999995384,-560.4874772495544,-560.4178700000632,-9.719594126369605,-0.4283537259489369,0.02
-0.3405545138879711,-560.8280317634424,-560.7584245139511,-9.772330645648214,-0.42984495667360867,0.02
-0.03788455086077869,-560.8659163143031,-560.7963090648119,-9.554783778875109,-0.40981924384122315,0.02
-0.10302042239997611,-560.9689367367031,-560.8993294872118,-9.376142178831628,-0.405752156451815,0.02
-0.4183479056686131,-561.3872846423717,-561.3176773928805,-9.69573554070412,-0.41335707901096413,0.02
-0.6004019956799584,-561.9876866380516,-561.9180793885604,-9.73520495248898,-0.4165804029980042,0.02
-0.4068630707631916,-562.3945497088148,-562.3249424593236,-10.044315927172637,-0.42357925365861226,0.02
-0.6227972784319817,-563.0173469872468,-562.9477397377556,-10.308757947319004,-0.43293172567959487,0.02
-0.6531183372167075,-563.6704653244635,-563.6008580749723,-10.473614100978322,-0.44070554861896905,0.02
-3.1129457300087595,-566.7834110544723,-566.713803804981,-7.367348380254376,-0.49717208102298405,0.02
-0.3813606412320113,-567.1647716957043,-567.0951644462131,-7.39903466248272,-0.4987640603002321,0.02
-0.6435386427904135,-567.8083103384947,-567.7387030890035,-7.387814456268662,-0.49753138334765723,0.02
-0.237221614792444,-568.0455319532872,-567.975924703796,-7.259611050896029,-0.49000631808062634,0.02
-1.075215795359905,-569.1207477486471,-569.0511404991558,-7.258736058649114,-0.490247302051826,0.02
-0.2292777338879769,-569.3500254825351,-569.2804182330439,-7.106582646435975,-0.4799185658694738,0.02
-0.854812564479988,-570.2048380470151,-570.1352307975238,-7.204154337367527,-0.4892306771590745,0.02
-0.6531183372167075,-570.8579563842318,-570.7883491347405,-7.212984073344802,-0.4900891951301613,0.02
-0.2681444000000035,-571.1261007842318,-571.0564935347405,-7.065044933937936,-0.4766682187106741,0.02
-0.11324877926400137,-571.2393495634958,-571.1697423140046,-6.973993524590284,-0.47267854149595445,0.02
-0.3643262959279485,-571.6036758594238,-571.5340686099325,-6.871133044938844,-0.46291433980597085,0.02
-0.5852829507839777,-572.1889588102077,-572.1193515607165,-7.000798183358949,-0.4705182335753154,0.02
-3.0818427876936076,-575.2708015979014,-575.2011943484101,-6.179292580043641,-0.5238426295834208,0.02
-0.21831330114323294,-575.4891148990446,-575.4195076495533,-6.1115128929505635,-0.5193339789083661,0.02
-0.6124019985600021,-576.1015168976046,-576.0319096481134,-6.177698945044639,-0.5246338677038865,0.02
-0.10630115439999152,-576.2078180520045,-576.1382108025133,-5.975786512794124,-0.5059764869422854,0.02
-0.6544271915999073,-576.8622452436044,-576.7926379941132,-6.322403047443631,-0.5252979044478513,0.0
-0.46163219589766,-577.3238774395021,-577.2542701900109,-6.35350951736151,-0.5274832109418051,0.0
-0.35412187388796124,-577.67799931339,-577.6083920638988,-6.305460633747347,-0.5239406593932777,0.0
-0.3695344407223858,-578.0475337541125,-577.9779265046212,-6.188673915015127,-0.5055713074594382,0.0
-0.14575678703998704,-578.1932905411525,-578.1236832916612,-6.2339404483713405,-0.5078290346785743,0.0
-1.7443096386687629,-579.9376001798212,-579.8679929303299,-6.402910276626114,-0.5413404263506544,0.0
-1.0512193910399268,-580.9888195708611,-580.9192123213699,-6.587343038827436,-0.5587306903183331,0.0
-0.34175642227995157,-581.330575993141,-581.2609687436498,-6.5793746098126995,-0.5582172079374531,0.0
-0.06972106543357405,-581.4002970585746,-581.3306898090833,-6.546237944161468,-0.5565512231186049,0.0
-0.3929583358079799,-581.7932553943825,-581.7236481448913,-6.576451139330817,-0.5584832927464933,0.0
-0.20262482116800884,-581.9958802155505,-581.9262729660593,-6.526888633435311,-0.5555425474954747,0.0
-0.3317432822633933,-582.3276234978139,-582.2580162483226,-6.570818340495528,-0.558125365215623,0.0
-0.22678380647999644,-582.5544073042938,-582.4848000548026,-6.46017703018269,-0.5502933613452231,0.0
-0.31009387723203513,-582.8645011815258,-582.7948939320346,-6.439404552583895,-0.5489436724898646,0.0
-0.6184079999999633,-583.4829091815258,-583.4133019320345,-6.520690566480691,-0.5550622800898648,0.0
-0.2010189999999758,-583.6839281815257,-583.6143209320345,-6.562476071408335,-0.5572413026182804,0.0
-0.3238697055439674,-584.0077978870697,-583.9381906375785,-6.435988839102392,-0.545090349562696,0.0
-0.3432729618017636,-584.3510708488715,-584.2814635993802,-6.414576789181564,-0.543639064168011,0.0
-0.576925046207962,-584.9279958950794,-584.8583886455882,-6.457498287435044,-0.5470067330022507,0.0
-0.6184079999999633,-585.5464038950794,-585.4767966455881,-6.62271579802561,-0.5576578553730343,0.0
-0.29887660580800446,-585.8452805008874,-585.7756732513961,-6.5821710140795995,-0.55503095078071,0.0
-0.20153223999997572,-586.0468127408874,-585.9772054913961,-6.461984525610656,-0.5466939155807097,0.0
-0.7643923104479861,-586.8112050513354,-586.7415978018441,-6.604679107860606,-0.5576890511509499,0.0
-0.16900397465599573,-586.9802090259914,-586.9106017765001,-6.467225563454276,-0.5482129830809037,0.0
-0.18753019786690994,-587.1677392238582,-587.098131974367,-6.362816022470694,-0.541273045086082,0.0
-0.15428720786153327,-587.3220264317198,-587.2524191822286,-6.287479909508276,-0.5366909836433136,0.0
-2.118014463039965,-589.4400408947597,-589.3704336452685,-6.301809091719007,-0.5722401826263535,0.0
-0.36107378168401155,-589.8011146764437,-589.7315074269525,-6.410894775991228,-0.5787039672428181,0.0
-0.4003844275199712,-590.2014991039637,-590.1318918544724,-6.508203118064204,-0.584651247345218,0.0
-0.23462119049597213,-590.4361202944597,-590.3665130449684,-6.452254999231244,-0.5809767130417652,0.0
-0.1580617171560104,-590.5941820116157,-590.5245747621244,-6.326817210959937,-0.5721299074712863,0.0
-1.2670034428798393,-591.8611854544955,-591.7915782050043,-6.447918194128934,-0.5893327149136192,0.0
-0.19325473630012585,-592.0544401907956,-591.9848329413044,-6.330918095765453,-0.580741864070982,0.0
-1.3026002774400063,-593.3570404682356,-593.2874332187444,-6.395848669188912,-0.5937315028754481,0.0
-0.36501244964794205,-593.7220529178835,-593.6524456683923,-6.932750294211539,-0.5387728372682318,0.0
-0.946793047703978,-594.6688459655875,-594.5992387160962,-7.04676178535157,-0.5500814853976711,0.0
-1.7461044963431558,-596.4149504619306,-596.3453432124394,-7.014580617702116,-0.5721328024687259,0.0
-0.7558893979560071,-597.1708398598867,-597.1012326103954,-7.159818384676629,-0.5825061581319972,0.0
-0.18148709945215658,-597.3523269593388,-597.2827197098476,-6.960740564344352,-0.5646315842138422,0.0
-0.46542349110400505,-597.8177504504429,-597.7481432009516,-7.041201029925183,-0.5693544993581628,0.0
-0.3433255990375653,-598.1610760494805,-598.0914687999892,-6.92223831236758,-0.5591247600493143,0.0
-0.5339114814079686,-598.6949875308884,-598.6253802813972,-6.8945147329688,-0.5567406229331395,0.0
-1.5675524491872042,-600.2625399800756,-600.1929327305844,-7.024073662289003,-0.5827287839168835,0.0
0.7210880061664052,-599.5414519739093,-599.471844724418,-6.549693945884629,-0.5660420482082754,0.02
0.42951998163203625,-599.1119319922773,-599.042324742786,-6.211889945362371,-0.5501651226570757,0.04
-0.12260976944154267,-599.2345417617188,-599.1649345122275,-6.079987596862196,-0.5409116590302271,0.04
-0.15340537122216913,-599.387947132941,-599.3183398834498,-6.6106259291916,-0.48234291070079827,0.04
-0.37429763394807514,-599.7622447668891,-599.6926375173979,-6.668058351579865,-0.4854625973568951,0.04
-1.3142211062399527,-601.0764658731291,-601.0068586236379,-6.695912916455294,-0.4994989795104941,0.04
-0.9495940425047693,-602.0260599156338,-601.9564526661426,-6.913621055037358,-0.5163648372725896,0.04
-0.07912544755997952,-602.1051853631938,-602.0355781137025,-6.71981128530566,-0.5048588023917912,0.04
-0.5737590681599656,-602.6789444313537,-602.6093371818624,-6.749031839364798,-0.5071013398370373,0.04
-0.42509809849595326,-603.1040425298496,-603.0344352803584,-6.771950876123655,-0.5085208643291971,0.04
-0.5444254909439363,-603.6484680207935,-603.5788607713023,-6.823043568878788,-0.512018685333628,0.04
-1.0153136651839911,-604.6637816859775,-604.5941744364862,-7.028871098542609,-0.5294098228965082,0.04
-0.36338854139998955,-605.0271702273775,-604.9575629778863,-7.041427562028102,-0.5017914009511327,0.04
-0.4557640105599938,-605.4829342379375,-605.4133269884462,-6.958920293500945,-0.48988229334153405,0.04
-0.25883645571590924,-605.7417706936534,-605.6721634441622,-6.9266170697189295,-0.4882238940102532,0.04
-0.11727865132801085,-605.8590493449814,-605.7894420954901,-6.950637196371751,-0.48917504572814197,0.04
-0.9919207037303466,-606.8509700487117,-606.7813627992205,-7.053857345953354,-0.5011542930865892,0.04
-0.6818998244967809,-607.5328698732085,-607.4632626237172,-7.206226545859418,-0.5107397931531646,0.04
-0.22844598367999736,-607.7613158568885,-607.6917086073972,-7.163560329095618,-0.5086738471814968,0.04
-0.2845439927039969,-608.0458598495925,-607.9762526001012,-7.188186177710136,-0.5098290509059767,0.04
-0.5351465666559188,-608.5810064162484,-608.5113991667572,-7.26328446110778,-0.5143301046944545,0.04
-0.22546084787194476,-608.8064672641204,-608.7368600146292,-7.132550378280776,-0.5064711616518941,0.04
-0.13969440515014497,-608.9461616692706,-608.8765544197794,-7.103692809326233,-0.5052446697548975,0.04
-0.19688291999998359,-609.1430445892706,-609.0734373397794,-7.050759186039711,-0.5027049340440177,0.04
-0.3095499999999554,-609.4525945892706,-609.3829873397793,-7.0380140903644595,-0.5020304748079816,0.04
-0.2688938999999658,-609.7214884892705,-609.6518812397793,-6.938882418513353,-0.4958698518838217,0.04
-0.61437699523201,-610.3358654845025,-610.2662582350113,-6.93801837671111,-0.4957892317884627,0.04
-0.7877866147199473,-611.1236520992225,-611.0540448497312,-7.063324898872502,-0.5055674319667015,0.04
0.22603716824801376,-610.8976149309744,-610.8280076814832,-6.827785732569343,-0.4970160438017417,0.06
-0.20084998128000492,-611.0984649122545,-611.0288576627632,-6.670466660677575,-0.48574519721838205,0.06
-0.12512068048799435,-611.2235855927424,-611.1539783432512,-6.650971528241981,-0.48486753133502203,0.06
-0.9215075974910725,-612.1450931902335,-612.0754859407423,-6.8288662351921205,-0.4995470793275053,0.06
-0.7757098527999913,-612.9208030430335,-612.8511957935423,-7.012054229354099,-0.5119755322262745,0.06
-0.6444801562319913,-613.5652831992655,-613.4956759497743,-7.36764693442265,-0.482504846090115,0.06
-0.6239189553119161,-614.1892021545774,-614.1195949050862,-7.4465736760120675,-0.48776174956267304,0.06
-0.4325480326400289,-614.6217501872175,-614.5521429377262,-7.457996198390259,-0.4884050216650742,0.06
-1.2364882289279069,-615.8582384161454,-615.7886311666541,-7.597444658605122,-0.5084423624337129,0.06
-0.3302900119420602,-616.1885284280875,-616.1189211785962,-7.680404085271163,-0.5118869283294338,0.06
-0.35203092748799275,-616.5405593555755,-616.4709521060843,-7.600440302525728,-0.49358747802159697,0.06
-0.8784830250560418,-617.4190423806316,-617.3494351311404,-7.79354397330427,-0.5072920437967153,0.06
-0.13264586205597395,-617.5516882426875,-617.4820809931963,-7.6233709178239435,-0.4838929554890347,0.06
-0.24015119323198394,-617.7918394359195,-617.7222321864283,-7.567157440404877,-0.4813957303607155,0.06
-0.5147550491999625,-618.3065944851195,-618.2369872356282,-7.513169805092493,-0.47275497039063524,0.06
-0.6751099094399994,-618.9817043945595,-618.9120971450683,-7.835392074754339,-0.451335078652572,0.06
-0.4872079857599128,-619.4689123803195,-619.3993051308282,-7.785829665778929,-0.4459614504086501,0.06
-0.8875079831471957,-620.3564203634667,-620.2868131139754,-7.976603920705447,-0.46008186808255097,0.06
-0.7394897133120022,-621.0959100767786,-621.0263028272874,-8.034750634675127,-0.46556319252671086,0.06
-0.12312531728198645,-621.2190353940606,-621.1494281445694,-7.911126465237686,-0.46115918689159924,0.06
-0.14579596063999445,-621.3648313547006,-621.2952241052094,-7.736570576990088,-0.4533968764762399,0.06
-0.38701875462400054,-621.7518501093247,-621.6822428598334,-7.941933386227375,-0.4297862025849758,0.06
-0.07219162199995344,-621.8240417313247,-621.7544344818334,-9.012986425851533,-0.445651795148303,0.04
-0.5324877029999971,-622.3565294343247,-622.2869221848334,-10.063393941957473,-0.46489194884094365,0.02
-0.32486158178717534,-622.6813910161119,-622.6117837666206,-10.245847134148182,-0.46893698508785625,0.02
-0.6659906366254698,-623.3473816527373,-623.2777744032461,-10.536427650779778,-0.4791886903959223,0.02
-0.3308240124799869,-623.6782056652173,-623.6085984157261,-10.506169022264723,-0.4783192179665605,0.02
-0.43256972352771306,-624.1107753887451,-624.0411681392538,-10.895232954051071,-0.4606861903123158,0.02
-0.21701818478395235,-624.327793573529,-624.2581863240378,-10.780832287232776,-0.44603467315789935,0.02
-0.20706239999999637,-624.534855973529,-624.4652487240378,-10.942660230787807,-0.4485934122066997,0.02
-0.18840768771999594,-624.723263661249,-624.6536564117578,-10.692414354389124,-0.44088638459790025,0.02
-0.18682550611195087,-624.910089167361,-624.8404819178697,-10.499122023102391,-0.43612093275022024,0.02
-0.843987030640017,-625.754076198001,-625.6844689485098,-10.45967799347851,-0.4421121635441419,0.02
-0.2579389905487921,-626.0120151885499,-625.9424079390586,-10.466332681684083,-0.4269646700514379,0.02
-0.39227975999996245,-626.4042949485498,-626.3346876990586,-10.484095696475036,-0.42754249442343734,0.02
-0.6413865350400068,-627.0456814835899,-626.9760742340986,-10.519307497747842,-0.4312549449130376,0.02
-0.2007979812799836,-627.2464794648698,-627.1768722153786,-10.462007949057808,-0.4300941754243191,0.02
-0.4562127744720124,-627.7026922393418,-627.6330849898505,-10.754243051052423,-0.4368728578871991,0.02
-0.3804998928719864,-628.0831921322138,-628.0135848827225,-10.872953824227857,-0.42464444167003196,0.02
-0.24549698775998471,-628.3286891199738,-628.2590818704825,-10.702787329956399,-0.41591638493529604,0.02
-0.44474776567998103,-628.7734368856537,-628.7038296361625,-10.864949998449942,-0.42024242057529565,0.02
-0.6976476233599747,-629.4710845090137,-629.4014772595225,-10.99780433171239,-0.42850449318841527,0.02
-0.16232718823999026,-629.6334116972537,-629.5638044477624,-10.726605397915835,-0.4210481056200967,0.02
-0.4932123195731975,-630.1266240168269,-630.0570167673357,-10.911978902885567,-0.42640313505412175,0.02
-0.8495596958640428,-630.976183712691,-630.9065764631997,-11.149283631511384,-0.44060044086839967,0.02
-0.45940231324797753,-631.435586025939,-631.3659787764477,-11.37047279873968,-0.44585082873335957,0.02
-0.9063518003239298,-632.3419378262629,-632.2723305767717,-11.401751265457444,-0.45778686473983904,0.02
-0.7304904634400051,-633.0724282897029,-633.0028210402116,-11.582321738750567,-0.4670187960086398,0.02
-1.0017547820159063,-634.0741830717188,-634.0045758222276,-11.413412771255917,-0.47476635174431775,0.02
-0.1712097029159775,-634.2453927746349,-634.1757855251436,-11.13426985666824,-0.46243481350823834,0.02
-0.7729364345599832,-635.0183292091948,-634.9487219597036,-12.190820399943773,-0.48241428556439836,0.0
-0.2893159999999774,-635.3076452091948,-635.2380379597035,-12.301933712044804,-0.4841836059387978,0.0
-0.45331723830398235,-635.7609624474987,-635.6913551980075,-12.683621326005186,-0.49074753709511754,0.0
-0.4400342500607659,-636.2009966975595,-636.1313894480683,-12.758656717385374,-0.4811180701465114,0.0
-0.3882327583392008,-636.5892294558987,-636.5196222064075,-12.69894365143816,-0.4733685282572956,0.0
-0.15578534415750944,-636.7450148000562,-636.675407550565,-12.318855601241467,-0.463594632015806,0.0
-0.8943607748927731,-637.639375574949,-637.5697683254577,-12.19283488721971,-0.4690034684074231,0.0
-0.41150864937594595,-638.0508842243249,-637.9812769748337,-12.178656538459498,-0.46858268074214143,0.0
-0.2455309877599625,-638.2964152120849,-638.2268079625936,-12.659799221347031,-0.44876353591878254,0.0
-0.41632797503997865,-638.7127431871248,-638.6431359376336,-12.734988481187584,-0.45048429518074085,0.0
-0.2658262089600242,-638.9785693960848,-638.9089621465936,-12.63734786488418,-0.44876020081018153,0.0
-0.2850255927039834,-639.2635949887888,-639.1939877392975,-12.638070656662839,-0.4368910521631404,0.0
-0.46002828062395823,-639.7236232694128,-639.6540160199215,-13.034553955820307,-0.4434387005345,0.0
-0.3377480638367415,-640.0613713332496,-639.9917640837583,-13.161127166219607,-0.44539063794659517,0.0
-0.31790814028798564,-640.3792794735375,-640.3096722240463,-13.020563045573297,-0.4414536997683556,0.0
-0.5269691951999931,-640.9062486687375,-640.8366414192462,-13.041914907434316,-0.4384908854835555,0.0
-0.9139351745175508,-641.820183843255,-641.7505765937638,-12.80654840887308,-0.4470254292587083,0.0
-0.36988620239997666,-642.1900700456549,-642.1204627961637,-12.927152612397899,-0.4366729936437639,0.0
-0.35946487219996787,-642.5495349178549,-642.4799276683636,-12.904183384022529,-0.42907249682152326,0.0
-0.5555080628527851,-643.1050429807077,-643.0354357312165,-13.36238311917351,-0.4377201517329392,0.0
0.064769065040005,-643.0402739156677,-642.9706666661765,-12.84157224795254,-0.4335088512193392,0.02
-0.4781458290879378,-643.5184197447556,-643.4488124952644,-12.896318408686163,-0.435331392708618,0.02
-0.26214299352000864,-643.7805627382756,-643.7109554887844,-13.249645816536306,-0.439130420139019,0.02
-0.32150080153600513,-644.1020635398116,-644.0324562903204,-13.112229057339029,-0.4349106821097392,0.02
-0.33007200815997423,-644.4321355479716,-644.3625282984804,-13.118042590477081,-0.4350148906371952,0.02
-0.29298233102319937,-644.7251178789948,-644.6555106295035,-12.978233987501069,-0.4275547245251497,0.02
-0.39943199999995066,-645.1245498789947,-645.0549426295034,-13.040713317829756,-0.42892688427554904,0.02
-0.4172691160551456,-645.5418189950499,-645.4722117455586,-13.03112544680196,-0.4286208721260977,0.02
-0.6847551562463519,-646.2265741512962,-646.1569669018049,-13.27521543053951,-0.43797561155534576,0.02
0.22864353747022248,-645.9979306138259,-645.9283233643347,-12.17364689656366,-0.42926149280594134,0.04
-0.8087196201840334,-646.8066502340099,-646.7370429845187,-12.370680274871155,-0.4416677314552221,0.04
-0.2623244261783786,-647.0689746601882,-646.999367410697,-12.477539261222173,-0.44317770985655064,0.04
-0.5460923726719615,-647.6150670328602,-647.545459783369,-12.617252309448943,-0.4372198166971895,0.04
-0.36680088999996724,-647.9818679228601,-647.9122606733689,-12.738391645301132,-0.43939705468621304,0.04
-0.4028256680593577,-648.3846935909195,-648.3150863414282,-12.74640216349185,-0.43960797284740094,0.04
0.5846191814720243,-647.8000744094475,-647.7304671599562,-10.440083439572872,-0.4150878585171603,0.06
-0.2925175399999805,-648.0925919494474,-648.0229846999562,-10.527679936020052,-0.4169222496915602,0.06
-0.5862952099199654,-648.6788871593674,-648.6092799098761,-10.557348031402494,-0.4195238984005193,0.06
-0.9368216542399996,-649.6157088136074,-649.5461015641162,-10.497323247635395,-0.4306503336278795,0.06
-1.2319037633279817,-650.8476125769354,-650.7780053274441,-10.282885827530224,-0.4503784691392395,0.06
-0.8320677934799273,-651.6796803704153,-651.6100731209241,-10.307570560182507,-0.45812486969523847,0.06
-1.0343874491279497,-652.7140678195433,-652.644460570052,-10.182017226851821,-0.4648596662105979,0.06
-0.6092051365279703,-653.3232729560713,-653.25366570658,-10.45295767185982,-0.4737972251763576,0.06
-0.21531840422398374,-653.5385913602953,-653.4689841108041,-10.265695982455316,-0.4682393468693732,0.06
-0.061527539039961415,-653.6001188993353,-653.530511649844,-9.912929362450031,-0.4524787037328916,0.06
-0.44405283628800407,-654.0441717356233,-653.9745644861321,-9.906186371757954,-0.4521717141936922,0.06
-0.5555382491847685,-654.5997099848081,-654.5301027353169,-9.943347444974334,-0.445155443170909,0.06
-1.045116463611977,-655.6448264484201,-655.5752191989288,-9.816633878190435,-0.4514479631743484,0.06
-0.48226599866917924,-656.1270924470892,-656.057485197598,-9.882175445728583,-0.44105818750741377,0.06
-0.7044017109080162,-656.8314941579972,-656.761886908506,-10.130420475958383,-0.45172202766725456,0.06
-0.5594940647999596,-657.3909882227972,-657.321380973306,-10.129349842578304,-0.44745318027205405,0.06
-0.45739628396002124,-657.8483845067573,-657.778777257266,-10.23219916825947,-0.450814785951255,0.06
-0.8219533887488071,-658.6703378955061,-658.6007306460149,-10.25781779151522,-0.4581875089601515,0.06
-0.6923371474079771,-659.3626750429141,-659.2930677934229,-10.315896026680035,-0.4632335669070957,0.06
-0.5071423957599352,-659.8698174386741,-659.8002101891828,-10.372952259986304,-0.46561175965551044,0.06
-0.8269201171199518,-660.696737555794,-660.6271303063028,-10.64502869399383,-0.4790344551147593,0.06
-0.5003100489599961,-661.1970476047541,-661.1274403552628,-10.655845901899578,-0.4711534405961037,0.06
-0.6668936615239471,-661.8639412662781,-661.7943340167868,-10.734690488253719,-0.47626114083906373,0.06
-0.40125833999996674,-662.265199606278,-662.1955923567867,-10.858082794553887,-0.4793756878838638,0.06
-1.0854096544799847,-663.350609260758,-663.2810020112668,-10.776242002028248,-0.49275732147266393,0.06
-0.32126351582398244,-663.671872776582,-663.6022655270907,-10.823444626500372,-0.4938660676099431,0.06
-0.7436919428208326,-664.4155647194028,-664.3459574699116,-11.009065186441074,-0.5030393946122801,0.06
-0.5092471443199696,-664.9248118637228,-664.8552046142315,-11.032574111998091,-0.5040237718862003,0.06
-0.15257618588798103,-665.0773880496107,-665.0077808001195,-10.85296835660316,-0.5003203343272251,0.06
-0.2848019254499755,-665.3621899750607,-665.2925827255694,-10.825215165347087,-0.49965821003046496,0.06
-0.6096088542399744,-665.9717988293006,-665.9021915798094,-10.849615062196463,-0.5013110032112645,0.06
-0.280788030753524,-666.2525868600542,-666.1829796105629,-10.706387529405438,-0.48864806033598407,0.06
-0.34326341817597594,-666.5958502782302,-666.5262430287389,-10.687522237731212,-0.488115604651504,0.06
-0.39876723263999536,-666.9946175108702,-666.9250102613789,-10.713569780659933,-0.4889016518603045,0.06
-0.2239013851680042,-667.2185188960382,-667.1489116465469,-10.504279404757494,-0.48226951830660897,0.06
-0.23505323670399492,-667.4535721327421,-667.3839648832509,-10.885588055616322,-0.4882659643414889,0.04
-0.2741327900159926,-667.7277049227581,-667.6580976732669,-10.746741246327222,-0.4841857035600501,0.04
-0.6783266526959573,-668.4060315754541,-668.3364243259629,-10.94776375198769,-0.492509376743569,0.04
-0.3605974921439442,-668.766629067598,-668.6970218181068,-10.978034010029063,-0.4932913105557277,0.04
-0.4859693290143933,-669.2525983966125,-669.1829911471212,-11.0771683505252,-0.4964092569728162,0.04
-0.4190169719999728,-669.6716153686125,-669.6020081191213,-11.173223463130274,-0.4989299497923516,0.04
-0.4787577477119796,-670.1503731163244,-670.0807658668332,-11.219582109206879,-0.5005164647465922,0.04
-0.38272691777279233,-670.5331000340972,-670.4634927846059,-11.196312168776048,-0.49982562078094517,0.04
-0.3995873970399537,-670.9326874311371,-670.8630801816458,-11.097299789651208,-0.4941222655968172,0.04
-0.3765542820479605,-671.3092417131851,-671.2396344636938,-12.011410011449195,-0.5062262219871808,0.02
-0.4700175694399159,-671.779259282625,-671.7096520331338,-11.976050457022836,-0.49945218097229854,0.02
-0.4069079999999967,-672.1861672826251,-672.1165600331339,-12.112547032572644,-0.5023438524487308,0.02
-0.49656884866398165,-672.6827361312891,-672.6131288817978,-12.091378047699955,-0.5013533819685713,0.02
-0.48318823818715295,-673.1659243694762,-673.096317119985,-12.173098339232917,-0.5036811289323149,0.02
-0.17966976385917816,-673.3455941333353,-673.2759868838441,-11.935136898486515,-0.49921801084831136,0.02
-0.3618979670879232,-673.7074921004232,-673.637884850932,-14.482451386860426,-0.5181483538195103,0.0
-0.10798952282397739,-673.8154816232473,-673.745874373756,-14.124197387586177,-0.5144577934759903,0.0
-0.743584408879973,-674.5590660321272,-674.489458782636,-14.111263515677258,-0.5176035774551905,0.0
-0.6859967878847903,-675.2450628200121,-675.1754555705209,-14.293911895296015,-0.5125870801280863,0.0
-0.3207519497159825,-675.565814769728,-675.4962075202368,-14.993891296372492,-0.49436404385584626,0.0
-0.3593216139391604,-675.9251363836672,-675.855529134176,-14.986201878356074,-0.4849091202650309,0.0
-0.22820598031999018,-676.1533423639872,-676.083735114496,-15.230534048296274,-0.46878549088887167,0.0
-0.17248188470302023,-676.3258242486903,-676.2562169991991,-14.748012966099525,-0.46005102585237273,0.0
-0.3003840000000033,-676.6262082486903,-676.5566009991991,-14.908786949137788,-0.46175233776789315,0.0
-0.3430975544947203,-676.9693058031851,-676.8996985536938,-15.577906220572162,-0.46738373807698835,0.0
-0.32737360673597193,-677.296679409921,-677.2270721604298,-15.43583431396034,-0.4650501534859477,0.0
-0.5271895823639514,-677.8238689922849,-677.7542617427937,-15.431789216482796,-0.4644831801495312,0.0
-0.26234399183995466,-678.0862129841249,-678.0166057346337,-16.044458067925337,-0.4488277307140908,0.0
-0.4027427743079258,-678.4889557584329,-678.4193485089417,-15.984011621758853,-0.4472372662268658,0.0
-0.23675586479998784,-678.7257116232329,-678.6561043737416,-15.755572566456218,-0.4378843493047052,0.0
-0.2680220428031115,-678.993733666036,-678.9241264165447,-15.496287584892883,-0.43205490886476833,0.0
-0.3605974921439442,-679.3543311581799,-679.2847239086886,-15.409905038409516,-0.43011893302844667,0.0
-0.27697380000000027,-679.6313049581798,-679.5616977086886,-15.573035980822238,-0.4192193412534706,0.0
-0.3391426104639965,-679.9704475686439,-679.9008403191526,-15.618308311990344,-0.41215545051459096,0.0
-0.356042366748385,-680.3264899353923,-680.256882685901,-15.532056108893991,-0.4091334499343599,0.0
-0.2344912065279896,-680.5609811419203,-680.491373892429,-15.78524225973119,-0.39728487172252075,0.0
-0.53792980494869,-681.098910946869,-681.0293036973777,-15.769700843248158,-0.3980372668422946,0.0
-0.8391008084159486,-681.938011755285,-681.8684045057937,-15.33138353248048,-0.40148140978013463,0.0
-0.25079598444796997,-682.188807739733,-682.1192004902417,-15.118663087578742,-0.3984721626690947,0.0
-0.48433709185835006,-682.6731448315913,-682.6035375821001,-17.18049837800381,-0.386450711416662,0.0
-0.21920988168796823,-682.8923547132794,-682.8227474637881,-16.933107491059747,-0.38440963873394174,0.0
-0.3742232912880409,-683.2665780045674,-683.1969707550761,-17.52765159996465,-0.3770202657032859,0.0
-0.10932695512002041,-683.3759049596873,-683.3062977101961,-16.789823137263223,-0.36902186191928693,0.0
-0.615650555839959,-683.9915555155272,-683.921948266036,-17.14258090176818,-0.3782833493183265,0.0
-0.5262630838400171,-684.5178185993673,-684.448211349876,-17.276532632803544,-0.3831125724861273,0.0
-0.43135653144478914,-684.949175130812,-684.8795678813208,-17.471919306588337,-0.3795475260302236,0.0
-0.3026399999999638,-685.251815130812,-685.1822078813208,-17.52063628378337,-0.3799845654151524,0.0
-0.27187919999996424,-685.523694330812,-685.4540870813207,-17.379326653548205,-0.3785568810516321,0.0
-0.23653484920004259,-685.7602291800121,-685.6906219305208,-17.092332680860927,-0.3753122333828331,0.0
-0.10778592350154342,-685.8680151035136,-685.7984078540223,-16.655637932028085,-0.3729899241495038,0.0
-0.19639692000000125,-686.0644120235136,-685.9948047740223,-16.541297581453794,-0.372216797815424,0.0
-0.3387962572631619,-686.4032082807768,-686.3336010312855,-16.655357780554148,-0.37351006716036733,0.0
-0.36789641644793974,-686.7711046972247,-686.7014974477335,-17.033310224755912,-0.36730146243540707,0.0
-0.3674530218879539,-687.1385577191127,-687.0689504696214,-17.040004737277112,-0.36743857303028726,0.0
-0.34951993540800064,-687.4880776545207,-687.4184704050294,-17.016973766122153,-0.3647095851581594,0.0
-0.29791925862398394,-687.7859969131447,-687.7163896636534,-16.895007625966283,-0.3622876308906396,0.0
-0.526178929663975,-688.3121758428086,-688.2425685933174,-16.842449442196443,-0.36323605452967955,0.0
-0.3335925164000009,-688.6457683592087,-688.5761611097174,-16.79363111433095,-0.3622533665022237,0.0
-0.18850895578616964,-688.8342773149948,-688.7646700655035,-16.40237395571461,-0.35803179767714793,0.0
-0.37010704640002096,-689.2043843613948,-689.1347771119035,-16.39783028225513,-0.3579028529641892,0.0
-0.5044398850079403,-689.7088242464027,-689.6392169969115,-16.36846488048327,-0.3585912992755497,0.0
-0.3391850927871801,-690.0480093391899,-689.9784020896986,-16.320584299499206,-0.3572368411312934,0.0
-0.42696899788799403,-690.4749783370779,-690.4053710875867,-16.357314037885725,-0.35584484411577355,0.0
-0.7370010840959715,-691.2119794211739,-691.1423721716826,-15.761385718014239,-0.36092110103395003,0.0
-0.062399942399969766,-691.2743793635739,-691.2047721140826,-15.334918096917738,-0.3585757046047658,0.0
-0.6873642964080098,-691.9617436599818,-691.8921364104906,-15.041131939937005,-0.36508503119116753,0.0
-0.6972487940880103,-692.6589924540698,-692.5893852045785,-15.333773744984592,-0.3768702166164482,0.0
-0.7976986949759849,-693.4566911490458,-693.3870838995546,-15.165599323517226,-0.37795250233836847,0.0
-0.5331508315199719,-693.9898419805658,-693.9202347310745,-15.400541518139748,-0.3748955832110721,0.0
-0.4920827328000206,-694.4819247133657,-694.4123174638745,-15.488004396655002,-0.3783221988727528,0.0
-0.2769253000000105,-694.7588500133658,-694.6892427638745,-15.370212868267872,-0.37667427259396985,0.0
-0.16627781919997814,-694.9251278325657,-694.8555205830745,-15.207921957950596,-0.37543570937156956,0.0
-0.45626344420798703,-695.3813912767737,-695.3117840272824,-15.624914572358904,-0.3811113405616689,0.0
0.24730064906403043,-695.1340906277096,-695.0644833782184,-13.535319694793904,-0.37015764758038827,0.02
-0.5075354635040148,-695.6416260912137,-695.5720188417224,-13.591758028222316,-0.37344640576057414,0.02
-0.33934380238942013,-695.9809698936031,-695.9113626441118,-13.603940867918002,-0.37368580967364307,0.02
-0.27731799999999274,-696.2582878936031,-696.1886806441119,-13.477587796337696,-0.368688378026364,0.02
-0.31508159999997576,-696.5733694936031,-696.5037622441118,-13.546922190613843,-0.3697431301895644,0.02
-0.3997200000000009,-696.9730894936031,-696.9034822441118,-13.545400148775201,-0.3696826747034059,0.02
-0.41003820000001007,-697.3831276936031,-697.3135204441119,-13.733889240393525,-0.37314832140740634,0.02
-0.8024361713759685,-698.185563864979,-698.1159566154878,-13.526673351133539,-0.38383660397886343,0.02
-0.7249125007360293,-698.9104763657151,-698.8408691162239,-13.411711159895255,-0.39112290415070516,0.02
-0.34081588448320677,-699.2512922501983,-699.181685000707,-13.489100047398258,-0.3923997458403693,0.02
-0.5518027302144148,-699.8030949804127,-699.7334877309214,-13.566011191315111,-0.3966529482353776,0.02
-0.6090512148800031,-700.4121461952926,-700.3425389458014,-13.605464421383127,-0.40171312519801006,0.02
-0.46651577457594806,-700.8786619698685,-700.8090547203773,-13.841739039347194,-0.4063536165589692,0.02
-0.33988822841680255,-701.2185501982854,-701.1489429487941,-13.750539066144276,-0.4023927850283314,0.02
-0.7684919071532766,-701.9870421054386,-701.9174348559474,-13.887696021926397,-0.40098060700307797,0.02
-0.28276660702973333,-702.2698087124684,-702.2002014629771,-13.938634017307376,-0.40162001945471326,0.02
-0.5358941451519841,-702.8057028576203,-702.7360956081291,-13.937087900140726,-0.40265116052058597,0.02
-0.6798004625280304,-703.4855033201484,-703.4158960706571,-14.124827699914325,-0.4118629721373871,0.02
-0.5157810455039681,-704.0012843656524,-703.9316771161612,-14.191970348924508,-0.41469412722170573,0.02
-0.695098698719937,-704.6963830643723,-704.6267758148811,-14.666904286466812,-0.426409562093704,0.02
-0.7854640963199399,-705.4818471606923,-705.412239911201,-14.470293259394543,-0.42980583290330365,0.02
-0.4920827328000206,-705.9739298934923,-705.904322644001,-14.465157298800822,-0.4291222258825038,0.02
-0.29779200316795995,-706.2717218966602,-706.202114647169,-14.320263984375533,-0.42645093531696715,0.02
-0.7949843005439614,-707.0667061972042,-706.997098947713,-14.283159180007862,-0.4362978213278471,0.02
-0.7866281627903596,-707.8533343599946,-707.7837271105034,-14.344877095452212,-0.446592800583655,0.02
-0.26033521428477624,-708.1136695742794,-708.0440623247881,-14.388232590491672,-0.4470688078853497,0.02
-0.21853918415997983,-708.3322087584394,-708.2626015089481,-14.65241835114343,-0.4492838730985184,0.02
-1.1007832780799522,-709.4329920365193,-709.363384787028,-14.235758720893445,-0.4673716002601174,0.02
-0.6727412989743522,-710.1057333354936,-710.0361260860024,-14.376865182473338,-0.4740505010943412,0.02
-0.3970525424223712,-710.5027858779159,-710.4331786284247,-14.408755955239936,-0.4746336236138298,0.02
-0.48497096255997113,-710.9877568404759,-710.9181495909846,-14.511319766456886,-0.47698398242727014,0.02
-0.7459527304320134,-711.7337095709079,-711.6641023214166,-14.610015130009348,-0.48491263832775044,0.02
-0.6091906247199687,-712.3429001956279,-712.2732929461366,-14.855572716243055,-0.4911380656496702,0.02
-0.4982057461039895,-712.8411059417318,-712.7714986922406,-14.841892255096857,-0.4905786019784704,0.02
-0.8757055823999501,-713.7168115241318,-713.6472042746406,-14.852996825743432,-0.5014208632984695,0.02
-1.0585297232639141,-714.7753412473957,-714.7057339979044,-14.862397713607873,-0.5188212786480243,0.02
-1.110279516910844,-715.8856207643065,-715.8160135148153,-14.548824806066378,-0.5336247280582408,0.02
-0.35382745438640106,-716.2394482186929,-716.1698409692017,-14.400437691739889,-0.53061247944581,0.02
-0.3859560172799981,-716.625404235973,-716.5557969864817,-14.459437763571403,-0.5315478979356664,0.02
-0.7623527976000011,-717.3877570335729,-717.3181497840817,-14.555808302030943,-0.5382555739299065,0.02
-0.30303263420561827,-717.6907896677785,-717.6211824182873,-14.295894419255351,-0.5295762049320994,0.02
-1.0176534019440258,-718.7084430697225,-718.6388358202313,-14.807933281894744,-0.5486812741229805,0.02
-0.4703781399679686,-719.1788212096905,-719.1092139601992,-14.72095770947806,-0.5443415509941797,0.02
-0.5167881281279404,-719.6956093378184,-719.6260020883271,-14.67338709122548,-0.5407323376749783,0.02
-0.6940983017159073,-720.3897076395343,-720.3201003900431,-14.710013945488999,-0.5386603298097767,0.02
-0.35907601324799593,-720.7487836527823,-720.6791764032911,-14.546509545702873,-0.5351788334443373,0.02
-0.44803681022394304,-721.1968204630062,-721.127213213515,-14.510354884216273,-0.5342979149928158,0.02
-0.6693304435199249,-721.8661509065262,-721.7965436570349,-14.835714473917085,-0.5421460178632139,0.02
-0.2965899158935975,-722.1627408224198,-722.0931335729285,-15.09196910822522,-0.5447522597970864,0.02
-0.2014703686464071,-722.3642111910661,-722.2946039415749,-14.707367549117908,-0.5396563982858548,0.02
-0.49517810378397914,-722.8593892948501,-722.7897820453588,-16.75686982036496,-0.5545059733428149,0.0
-0.26695199193602137,-723.1263412867861,-723.0567340372949,-16.37590574421292,-0.5496943039114551,0.0
-0.7734940739199908,-723.8998353607061,-723.8302281112149,-16.628474118618783,-0.5583773093420665,0.0
-0.4754978048880051,-724.3753331655942,-724.3057259161029,-16.967372355529776,-0.5623409054398267,0.0
-0.3696821694719778,-724.7450153350661,-724.6754080855749,-17.07535054294526,-0.5634329168292669,0.0
-0.4169880015839509,-725.1620033366501,-725.0923960871588,-17.102669749950426,-0.5637782768609457,0.0
-0.14871028259838306,-725.3107136192484,-725.2411063697572,-16.502681468778096,-0.5585517185129132,0.0
-0.7972973960831089,-726.1080110153315,-726.0384037658403,-16.506795403576078,-0.558448943007056,0.0
-0.29919917999999984,-726.4072101953315,-726.3376029458402,-16.15417537822433,-0.5499346765923354,0.0
-0.4838629926239173,-726.8910731879554,-726.8214659384641,-16.350835846166355,-0.5527956187551497,0.0
-1.2664598214151657,-728.1575330093706,-728.0879257598793,-15.476398263717966,-0.5670887605791647,0.0
-0.4344485380415751,-728.5919815474122,-728.5223742979209,-15.346336973698081,-0.5635967070423962,0.0
-0.8942453697599304,-729.4862269171721,-729.4166196676808,-15.361577089884289,-0.5721512989460757,0.0
-0.7087578170399815,-730.1949847342121,-730.1253774847208,-15.645615977367488,-0.5795286907185394,0.0
-0.40496802150398703,-730.5999527557161,-730.5303455062249,-15.467107538406571,-0.5722582130055536,0.0
-0.589735245503948,-731.18968800122,-731.1200807517288,-15.831794171095904,-0.578397585775038,0.0
-0.6991646811143826,-731.8888526823345,-731.8192454328432,-15.892041882931661,-0.5816629964942859,0.0
-0.4263280963200079,-732.3151807786545,-732.2455735291633,-15.722551367814983,-0.5765935491701254,0.0
-0.31143597868797657,-732.6266167573425,-732.5570095078513,-15.460616461765024,-0.5725066478338056,0.0
-0.8959711071358785,-733.5225878644784,-733.4529806149872,-15.371306969778725,-0.5765240960021244,0.0
-0.7717666965119236,-734.2943545609903,-734.2247473114991,-15.376118546663127,-0.5762501480059641,0.0
-0.3045923999999671,-734.5989469609902,-734.529339711499,-15.134464582188908,-0.572500341349963,0.0
-0.2594015865599946,-734.8583485475502,-734.788741298059,-15.066782025921082,-0.5717325330178037,0.0
-0.5427754314943947,-735.4011239790447,-735.3315167295534,-15.039240738113167,-0.5666883556368124,0.0
-0.23335042931680597,-735.6344744083615,-735.5648671588702,-14.629361131248272,-0.5556228009673413,0.0
-0.2935865199999895,-735.9280609283614,-735.8584536788702,-14.684696094815614,-0.5562878270816456,0.0
-0.43349302951998003,-736.3615539578815,-736.2919467083902,-15.008661155193503,-0.5605869039888456,0.0
-0.5281541236320175,-736.8897080815135,-736.8201008320223,-15.371834432784114,-0.5491343208998869,0.0
-0.30922100263998265,-737.1989290841535,-737.1293218346623,-15.074960381186017,-0.5418639149731995,0.0
-0.7573253519039134,-737.9562544360574,-737.8866471865662,-15.221657213653266,-0.5490693711628303,0.0
-0.10041129057958915,-738.056665726637,-737.9870584771458,-14.579483163441694,-0.5413781777232227,0.0
-0.3848009652000136,-738.441466691837,-738.3718594423458,-14.426757237329474,-0.5341551424185826,0.0
-1.1821073903520285,-739.6235740821891,-739.5539668326978,-13.930990220343396,-0.5456134777312238,0.0
-0.5278056542399681,-740.151379736429,-740.0817724869378,-13.949648840573749,-0.5462054758939435,0.0
-0.5025577413999679,-740.653937477829,-740.5843302283378,-13.959809327970328,-0.5387425190739438,0.0
-0.6180776510719957,-741.272015128901,-741.2024078794097,-14.25362514759383,-0.5299334776301055,0.0
-0.2208072233740887,-741.4928223522751,-741.4232151027838,-14.317987359828228,-0.5121440317593704,0.0
-0.4025794800000057,-741.8954018322751,-741.8257945827838,-14.374729250495909,-0.5131190722716424,0.0
-0.4437072501119076,-742.3391090823869,-742.2695018328957,-14.432978989921153,-0.5142740969282806,0.0
-0.28062599672960997,-742.6197350791165,-742.5501278296252,-14.188522442147896,-0.5046395609108728,0.0
-0.245730761695996,-742.8654658408125,-742.7958585913212,-14.09775096197604,-0.5034935234606803,0.0
-0.499061853617579,-743.3645276944301,-743.2949204449388,-14.43113929330707,-0.49312169249415144,0.0
-0.572946593119979,-743.93747428755,-743.8678670380588,-14.477182564511212,-0.4951730615571916,0.0
-0.7113147774479472,-744.6487890649979,-744.5791818155067,-14.478756957173838,-0.4990635945435918,0.0
-0.24565426382375322,-744.8944433288217,-744.8248360793305,-14.165817968204976,-0.49009471378574865,0.0
-0.6779681136000468,-745.5724114424218,-745.5028041929305,-14.31172334970813,-0.49647255579278976,0.0
-0.5837428981775707,-746.1561543405993,-746.0865470911081,-14.378254225305868,-0.4991866775518623,0.0
-0.3400523035977743,-746.4962066441971,-746.4265993947058,-14.202227316258796,-0.4926011147534193,0.0
-0.47657593828002304,-746.9727825824771,-746.9031753329858,-14.399220488744556,-0.49620083520114777,0.0
-0.43876317167998063,-747.411545754157,-747.3419385046658,-14.748839729346077,-0.5009466912618192,0.0
-0.5232717555200008,-747.934817509677,-747.8652102601858,-14.764232251311684,-0.5015085642965397,0.0
-0.8434248401280071,-748.778242349805,-748.7086351003138,-14.96107009390367,-0.5130380212603793,0.0
-0.43770529963760607,-749.2159476494427,-749.1463403999514,-14.929705239053693,-0.5063222457747316,0.0
-0.3682623694399533,-749.5842100188827,-749.5146027693914,-14.820456063972616,-0.5041775370657706,0.0
-0.1947482783999666,-749.7789582972827,-749.7093510477914,-14.525478917120937,-0.5006788592443304,0.0
-0.422338289023942,-750.2012965863066,-750.1316893368154,-14.530705363370602,-0.5007858649931303,0.0
-0.4714324529759245,-750.6727290392826,-750.6031217897913,-15.038378066179645,-0.5072403084006811,0.0
-0.3187091916500406,-750.9914382309325,-750.9218309814413,-14.894475002561268,-0.4976685443120197,0.0
-0.6281684044799581,-751.6196066354125,-751.5499993859213,-15.158128134009166,-0.5042479288016188,0.0
-0.37028385888003257,-751.9898904942926,-751.9202832448013,-15.042955330401073,-0.5019763461267411,0.0
0.416607929692854,-751.5732825645997,-751.5036753151085,-13.549561435647535,-0.4683149911045808,0.02
-0.18147223705917326,-751.7547548016589,-751.6851475521677,-13.227508035962112,-0.46325546508493276,0.02
-0.20224098128000767,-751.956995782939,-751.8873885334477,-13.107063698838566,-0.4494153773153343,0.02
-0.4442519782511608,-752.4012477611901,-752.3316405116989,-13.106706922621711,-0.44412526053955786,0.02
-0.7953460860799308,-753.19659384727,-753.1269865977788,-13.06946980147254,-0.45193282183107675,0.02
-0.350053513079993,-753.54664736035,-753.4770401108588,-12.952001559426336,-0.4471391871825976,0.02
-0.37759919208003634,-753.9242465524301,-753.8546393029388,-12.89787200494749,-0.4407078774019107,0.02
-0.11003198039566701,-754.0342785328257,-753.9646712833345,-12.485649438053422,-0.43438195508342387,0.02
-0.9586992648960528,-754.9929777977218,-754.9233705482305,-12.354728586811763,-0.4473272208075854,0.02
-0.3026399999999638,-755.2956177977218,-755.2260105482305,-12.386298210930507,-0.43546059866486714,0.02
-0.280191396015984,-755.5758091937378,-755.5062019442465,-12.294751901341671,-0.42562909265494836,0.02
-0.11734415508478563,-755.6931533488225,-755.6235460993313,-12.027674252841264,-0.42188412775664474,0.02
-0.8493769507199633,-756.5425302995425,-756.4729230500512,-12.07433278166629,-0.43368363503984403,0.02
-0.5278713816434393,-757.0704016811859,-757.0007944316947,-12.071713380165248,-0.43338555404282497,0.02
-1.0197118555967557,-758.0901135367826,-758.0205062872914,-11.979814711817713,-0.449112782568424,0.02
-0.33286851685758345,-758.4229820536402,-758.353374804149,-12.019097369750686,-0.4498984225055759,0.02
-0.6403032184000441,-759.0632852720403,-758.993678022549,-12.069228070362598,-0.45403462628317715,0.02
-0.39337199999998274,-759.4566572720403,-759.387050022549,-12.001265012230515,-0.4513389838105365,0.02
-0.3452320336943888,-759.8018893057347,-759.7322820562434,-12.035683293636252,-0.45205920443162456,0.02
-0.6517076446463734,-760.4535969503811,-760.3839897008899,-12.071439014239388,-0.44994685028647374,0.02
-0.3196889850208014,-760.7732859354019,-760.7036786859106,-12.37977332181538,-0.454332404175298,0.02
-0.2478254613359518,-761.0211113967379,-760.9515041472466,-12.23728859588549,-0.45159289409801673,0.02
-0.18524006416793962,-761.2063514609058,-761.1367442114146,-12.62604285058159,-0.43165554757433505,0.02
-0.3682623694399533,-761.5746138303458,-761.5050065808546,-12.545026738878933,-0.42846468187833464,0.02
-0.31533279999997677,-761.8899466303458,-761.8203393808545,-12.421326666556268,-0.4247201830503349,0.02
-0.23308318387200702,-762.1230298142178,-762.0534225647266,-12.203710135585606,-0.4170202937063351,0.02
-0.546323871271982,-762.6693536854898,-762.5997464359986,-12.445277360222867,-0.423530626664293,0.02
-0.47644332891994046,-763.1457970144097,-763.0761897649185,-12.483833208685441,-0.4250079036426917,0.02
-0.49244995872000635,-763.6382469731298,-763.5686397236385,-12.503514390306133,-0.4259827578148536,0.02
-0.2852639740799853,-763.9235109472097,-763.8539036977185,-12.509098202798837,-0.42607551736186117,0.02
-0.4884257466239307,-764.4119366938336,-764.3423294443423,-12.717134559984414,-0.4309294170604198,0.02
-0.15274596478718178,-764.5646826586208,-764.4950754091295,-12.362179199751886,-0.42400309928381186,0.02
-0.2216214807146413,-764.7863041393354,-764.7166968898441,-12.123752914139331,-0.41697659703570517,0.02
-0.47695166479998774,-765.2632558041354,-765.1936485546441,-12.161722967960042,-0.41228933478274593,0.02
-0.48830206540798404,-765.7515578695434,-765.6819506200521,-12.35478666394421,-0.4171422908144306,0.02
-0.18244380943655322,-765.9340016789799,-765.8643944294887,-12.09922709162592,-0.40723180473116066,0.02
-0.0879494911232262,-766.0219511701032,-765.952343920612,-11.669691035800195,-0.3973159365900738,0.02
-0.5860192590703155,-766.6079704291735,-766.5383631796823,-11.751251526557619,-0.4022352756995246,0.02
-0.3731197855999796,-766.9810902147735,-766.9114829652823,-11.700579054423901,-0.40016615264592376,0.02
-0.3026399999999638,-767.2837302147735,-767.2141229652823,-11.605802988742452,-0.3974436892123234,0.02
-0.2878867199999918,-767.5716169347735,-767.5020096852822,-11.478003085538502,-0.3927359885019232,0.02
-0.5103461018879522,-768.0819630366615,-768.0123557871702,-11.671608600756874,-0.38607441373712215,0.02
-0.3424673852620658,-768.4244304219235,-768.3548231724322,-11.616032806555696,-0.38416965544961135,0.02
-0.14993929822798163,-768.5743697201515,-768.5047624706602,-11.372962930309134,-0.3798031940253719,0.02
-0.2961739999999867,-768.8705437201514,-768.8009364706602,-11.490424144199146,-0.3818317084573723,0.02
-0.6114223410559758,-769.4819660612075,-769.4123588117162,-11.499817977219458,-0.38561338949801305,0.02
-0.5204633119935358,-770.002429373201,-769.9328221237098,-11.50703625204968,-0.38659400667836524,0.02
-0.28965600000000313,-770.2920853732011,-770.2224781237098,-11.480038280427893,-0.3860129428453645,0.02
-0.5222144056319549,-770.8142997788331,-770.7446925293418,-11.499314213283295,-0.38389386286840443,0.02
-0.42908635914552373,-771.2433861379786,-771.1737788884874,-11.530842927052147,-0.3850699128737143,0.02
-0.4688554251519871,-771.7122415631306,-771.6426343136394,-13.777402350681374,-0.402779179970611,0.0
-0.07429337898402688,-771.7865349421147,-771.7169276926235,-13.519639540127415,-0.40063560280910815,0.0
-0.4926553103847462,-772.2791902524995,-772.2095830030082,-13.818560648496915,-0.4064438893912029,0.0
-0.3282911320319576,-772.6074813845314,-772.5378741350402,-13.72572556964417,-0.40412467246681877,0.0
-0.45446444294397714,-773.0619458274754,-772.9923385779841,-13.996761343389073,-0.39730703960409974,0.0
-0.2905732348519608,-773.3525190623274,-773.2829118128361,-13.923477820138999,-0.3961174340395391,0.0
-0.3543642783999435,-773.7068833407274,-773.6372760912361,-13.902370829804065,-0.39565273576593724,0.0
-0.45219632687999767,-774.1590796676073,-774.0894724181161,-14.433461925903647,-0.4024960226956239,0.0
-0.3825807364079504,-774.5416604040153,-774.472053154524,-15.3187021449636,-0.3909736521258618,0.0
-0.40692365971203776,-774.9485840637273,-774.878976814236,-15.437272779312616,-0.39305932532010324,0.0
-0.5902843982399821,-775.5388684619672,-775.469261212476,-15.564907676519837,-0.39926118536458327,0.0
-0.579553071759987,-776.1184215337272,-776.048814284236,-16.17928927629591,-0.4085053636980873,0.0
-0.3095846225103741,-776.4280061562375,-776.3583989067463,-16.786360325335984,-0.3977095171338955,0.0
-0.35524138708798614,-776.7832475433255,-776.7136402938343,-16.7347166014165,-0.39425691724278644,0.0
-0.0902860678127389,-776.8735336111382,-776.803926361647,-18.145731886883063,-0.3756684014871061,0.0
-0.3757631942399518,-777.2492968053782,-777.179689555887,-18.20304935220226,-0.37652629503475343,0.0
-0.2202676471247887,-777.469564452503,-777.3999572030118,-18.21634848527204,-0.3681255836092484,0.0
-0.5277260922960023,-777.9972905447991,-777.9276832953078,-18.13326306877789,-0.37081266545516867,0.0
-0.389850321599914,-778.387140866399,-778.3175336169078,-18.17978577568695,-0.37170503121327925,0.0
-0.22684760317964753,-778.6139884695787,-778.5443812200874,-18.306737078484208,-0.3632078303839447,0.0
-0.4772389850799743,-779.0912274546587,-779.0216202051674,-18.366783906690316,-0.3663588303851282,0.0
-0.6298525435679938,-779.7210799982266,-779.6514727487354,-18.274132133717647,-0.3739993720297691,0.0
-0.08357336601597842,-779.8046533642427,-779.7350461147514,-17.76788009452773,-0.37196603806672984,0.0
-0.0668175756047937,-779.8714709398474,-779.8018636903562,-16.79428427257032,-0.36593714219002665,0.0
-0.7027126397440142,-780.5741835795915,-780.5045763301002,-16.42003899572966,-0.37368473898490734,0.0
-0.3208791526944079,-780.8950627322859,-780.8254554827946,-16.60744770937819,-0.3754406583613554,0.0
-0.49235815224000035,-781.3874208845258,-781.3178136350346,-16.6616666387552,-0.3743613439807158,0.0
-0.4159155009599484,-781.8033363854857,-781.7337291359945,-16.665775461366625,-0.3731507874215159,0.0
-0.37721601868799376,-782.1805524041738,-782.1109451546826,-16.659368158883645,-0.37084610862087564,0.0
-0.3972099851173992,-782.5777623892911,-782.5081551397999,-16.806679614414314,-0.3730850288416239,0.0
-0.5070165868799854,-783.0847789761712,-783.0151717266799,-16.791922957326545,-0.373456845646745,0.0
-0.7161772266959185,-783.800956202867,-783.7313489533758,-16.878025122708323,-0.38472547088491976,0.0
-0.28100195583996646,-784.081958158707,-784.0123509092158,-17.034802084845005,-0.38591308038742633,0.0
-0.4605891796799883,-784.5425473383871,-784.4729400888958,-17.03840569734994,-0.3855858306850263,0.0
-0.6594166081719899,-785.2019639465591,-785.1323566970678,-16.776421618712096,-0.3890081215403064,0.0
-0.4974442312319588,-785.699408177791,-785.6298009282998,-17.260626327135824,-0.3953081299762145,0.0
-0.679351630848018,-786.3787598086391,-786.3091525591478,-17.919662092264605,-0.40713617277071035,0.0
-0.27614210039999276,-786.654901909039,-786.5852946595478,-17.76260504218477,-0.40093862959730386,0.0
-0.175631719259913,-786.830533628299,-786.7609263788078,-17.25742180388704,-0.3969888682705026,0.0
-0.2639098458336256,-787.0944434741326,-787.0248362246414,-17.166888862920707,-0.39621426518717584,0.0
-0.05864426594399879,-787.1530877400767,-787.0834804905854,-16.35826864583296,-0.39162941610605595,0.0
-0.7025276666879392,-787.8556154067646,-787.7860081572734,-16.066449421378703,-0.3954730474020557,0.0
-0.3205161430719584,-788.1761315498366,-788.1065243003453,-16.033804782398477,-0.3950340225582535,0.0
-0.5019150727039496,-788.6780466225405,-788.6084393730492,-16.60157811128,-0.40207353804777285,0.0
-0.008770872759951143,-788.6868174953004,-788.6172102458091,-15.62605407665904,-0.3963254755029722,0.0
-0.3795122663999933,-789.0663297617003,-788.9967225122091,-15.674213792456767,-0.3916872740098525,0.0
-0.3506604709566801,-789.416990232657,-789.3473829831657,-15.615911047393354,-0.38829121718911536,0.0
-0.659517105077565,-790.0765073377346,-790.0069000882434,-15.607915608727348,-0.3956884392906666,0.0
-0.4757221380160025,-790.5522294757506,-790.4826222262593,-15.618192049888322,-0.3947585939383476,0.0
-0.5607663600800289,-791.1129958358306,-791.0433885863393,-15.595795179621849,-0.39739219395703773,0.0
-0.5271086050399585,-791.6401044408706,-791.5704971913793,-15.585679698977108,-0.3985572575547971,0.0
-0.6557566728239748,-792.2958611136945,-792.2262538642033,-16.26975061282951,-0.41018652343159606,0.0
-0.5166425103359478,-792.8125036240305,-792.7428963745392,-16.26566098064193,-0.4106662674306202,0.0
-0.6048556228800397,-793.4173592469105,-793.3477519974192,-16.33478271630601,-0.4161975572475818,0.0
-0.1894064251631281,-793.6067656720736,-793.5371584225824,-15.890725890453384,-0.4108963968919647,0.0
-0.42421920460796314,-794.0309848766816,-793.9613776271904,-16.064685525328862,-0.4135693162870849,0.0
-0.4926263236439795,-794.5236112003256,-794.4540039508344,-16.16058146688174,-0.41633455719196555,0.0
-0.28590081279993046,-794.8095120131255,-794.7399047636343,-15.958676841920777,-0.4130086469103642,0.0
-0.18978424273438277,-794.9992962558599,-794.9296890063687,-15.587113414921237,-0.4091527170368929,0.0
-0.3887007753599979,-795.3879970312199,-795.3183897817287,-15.571391045797473,-0.4087882593498521,0.0
-0.9358903629999467,-796.3238873942199,-796.2542801447287,-14.82567813180164,-0.4157003786450514,0.0
-0.3279080067199811,-796.6517954009399,-796.5821881514487,-14.722812145318981,-0.4106674773442512,0.0
-0.4212482399999693,-797.0730436409399,-797.0034363914486,-14.842438513025227,-0.41290074969404317,0.0
-0.3192540093599632,-797.3922976502998,-797.3226904008086,-14.795858730481358,-0.41218100213948267,0.0
-0.35222406112000715,-797.7445217114198,-797.6749144619286,-15.391493943924251,-0.417419762005628,0.0
-0.505040679999935,-798.2495623914198,-798.1799551419285,-15.463268527330024,-0.42000531172082767,0.0
-0.5384478269279638,-798.7880102183477,-798.7184029688565,-15.817612243987048,-0.42636891531689114,0.0
-0.44268578060795494,-799.2306959989556,-799.1610887494644,-15.79872380208704,-0.4246681090831303,0.0
-0.7491740032492846,-799.979870002205,-799.9102627527137,-15.632825105487319,-0.43185458271611765,0.0
-0.6240489326399307,-800.6039189348448,-800.5343116853536,-15.954904514648572,-0.4397986093053234,0.0
-0.38220161132001934,-800.9861205461649,-800.9165132966737,-15.878699911296145,-0.43789786183012425,0.0
-0.8132011361919529,-801.7993216823569,-801.7297144328656,-15.593533850619922,-0.4415648336826034,0.0
-0.27595725900001106,-802.0752789413569,-802.0056716918657,-16.14329003056369,-0.4454125115422841,0.0
-1.3882924271199557,-803.4635713684769,-803.3939641189857,-14.592116135212255,-0.4718420085725873,0.0
-0.595447444353595,-804.0590188128305,-803.9894115633392,-14.633238412572256,-0.4696967046647789,0.0
-0.4097595545567976,-804.4687783673872,-804.399171117896,-14.742267462545527,-0.4714743127020267,0.0
-0.6961273189315595,-805.1649056863188,-805.0952984368275,-14.728666270870116,-0.4755496960358579,0.0
-0.4936400456960226,-805.6585457320148,-805.5889384825235,-14.786317454022765,-0.4771041869305794,0.0
-1.1417839607999856,-806.8003296928148,-806.7307224433235,-14.160142963207802,-0.49239554577281924,0.0
-0.8597316237959673,-807.6600613166107,-807.5904540671195,-14.144491353965249,-0.5016459785463906,0.0
-0.6272590243199372,-808.2873203409307,-808.2177130914395,-14.177488890475429,-0.5040508272951897,0.0
-0.5534788522079769,-808.8407991931387,-808.7711919436474,-14.182981785457331,-0.5007968598054309,0.0
-0.3995545917599967,-809.2403537848986,-809.1707465354074,-14.338593086293193,-0.5031679125238313,0.0
-0.32933603512863985,-809.5696898200273,-809.500082570536,-14.19922463049024,-0.5005428496328045,0.0
-0.3791274714935768,-809.9488172915209,-809.8792100420296,-14.067556961298306,-0.4949370668992361,0.0
-0.41553499999998234,-810.3643522915208,-810.2947450420296,-14.007051330659074,-0.4932988822745966,0.0
-0.6220392191999404,-810.9863915107208,-810.9167842612295,-14.015486575092979,-0.49215263404163506,0.0
-1.0726888032671726,-812.0590803139879,-811.9894730644967,-13.858465363990284,-0.5080835680989787,0.0
-0.718539396847973,-812.7776197108359,-812.7080124613447,-14.309033177737208,-0.5189417216507399,0.0
-0.6140905662720064,-813.3917102771079,-813.3221030276167,-14.632763203927105,-0.5259453360595074,0.0
-3.287724431417562,-816.6794347085255,-816.6098274590342,-9.142440013328162,-0.5905269393689787,0.0
-0.9545650909439575,-817.6339997994694,-817.5643925499782,-9.16845353958874,-0.5955676878540992,0.0
-0.35453816245680525,-817.9885379619262,-817.918930712435,-9.186587094185763,-0.5962481282417961,0.0
-0.5358560624639566,-818.5243940243902,-818.4547867748989,-9.199349889110312,-0.5969269480369962,0.0
-0.6410140401600299,-819.1654080645502,-819.095800815059,-9.555339085354287,-0.6095718113849977,0.0
-0.6281029412435266,-819.7935110057938,-819.7239037563025,-9.658855674446711,-0.6145436248818684,0.0
-0.6927082398879795,-820.4862192456818,-820.4166119961906,-9.79831228226877,-0.6213845802604945,0.0
-0.2272907260151558,-820.713509971697,-820.6439027222058,-9.590668738455978,-0.6127400526792462,0.0
-0.3720824923199779,-821.085592464017,-821.0159852145258,-9.540046311915248,-0.6106672597653258,0.0
-0.46345242735993913,-821.549044891377,-821.4794376418857,-9.500837120122126,-0.6087209811109239,0.0
-0.8569231815199193,-822.4059680728969,-822.3363608234057,-9.579195351866629,-0.6153172726405232,0.0
-0.78175752601593,-823.1877255989128,-823.1181183494216,-9.606444135589058,-0.6178372897043622,0.0
-0.6431215296096027,-823.8308471285225,-823.7612398790312,-9.65040566805784,-0.6203668700898354,0.0
-0.5775383191679362,-824.4083854476904,-824.3387781981992,-9.641170090283332,-0.6198205240155933,0.0
-0.7351339125312311,-825.1435193602216,-825.0739121107304,-9.896516204606005,-0.6307350737629553,0.0
-0.45682561915117226,-825.6003449793727,-825.5307377298815,-9.912815011852235,-0.6313872020538195,0.0
-0.2652806238767822,-825.8656256032496,-825.7960183537583,-9.786702499428522,-0.6268402880584756,0.0
-0.6782856460799251,-826.5439112493294,-826.4743039998382,-9.96607550891627,-0.6346879847240755,0.0
-0.7215907722239605,-827.2655020215534,-827.1958947720622,-10.232492074857253,-0.645324115313867,0.0
-0.6133973105231911,-827.8788993320766,-827.8092920825853,-10.338036122321787,-0.6498180460171309,0.0
-0.7291229838719974,-828.6080223159486,-828.5384150664573,-10.312206567781253,-0.6456826984345718,0.0
-0.581580851599997,-829.1896031675486,-829.1199959180574,-10.445673480649836,-0.6507561553321721,0.0
-0.45729875807998255,-829.6469019256286,-829.5772946761374,-10.465487330570836,-0.6514771656937726,0.0
-0.5056577016428825,-830.1525596272716,-830.0829523777803,-10.574502457631384,-0.6552052395394309,0.0
-0.4566503681759688,-830.6092099954475,-830.5396027459562,-10.637393546684484,-0.6572937656805502,0.0
-0.36538512514112365,-830.9745951205886,-830.9049878710973,-10.558155583779559,-0.6545006545833739,0.0
-0.6472690403544092,-831.621864160943,-831.5522569114518,-10.6008001367682,-0.6566770788519029,0.0
-0.6534170120176287,-832.2752811729606,-832.2056739234694,-10.69488344232436,-0.6608917034800963,0.0
-0.2725329712559179,-832.5478141442165,-832.4782068947253,-10.464988102934573,-0.651358882840229,0.0
-0.38900679696001805,-832.9368209411765,-832.8672136916853,-10.35372322750628,-0.6466580401266308,0.0
-0.5348944825760059,-833.4717154237525,-833.4021081742612,-10.433645055994852,-0.6497118975517505,0.0
-0.5564113353999608,-834.0281267591524,-833.9585195096612,-10.36151215888491,-0.6445761015359106,0.0
-0.4007254903199474,-834.4288522494724,-834.3592449999811,-10.443118067507497,-0.6470714661623093,0.0
-0.47820312798400605,-834.9070553774563,-834.8374481279651,-10.446041834971437,-0.6288696801795903,0.0
-0.2893949492591501,-835.1964503267155,-835.1268430772243,-10.280876921782435,-0.6227486302777014,0.0
-0.27963668912001116,-835.4760870158356,-835.4064797663443,-10.197955817416128,-0.6201461729689657,0.0
-0.3899444958079966,-835.8660315116435,-835.7964242621523,-10.072583734593739,-0.6140225165064944,0.0
-0.3790338543203864,-836.2450653659639,-836.1754581164727,-10.013199832792747,-0.6117303926789817,0.0
-0.38553930492804284,-836.6306046708919,-836.5609974214007,-9.894365936825182,-0.5966054995615429,0.0
-0.4765538367199708,-837.1071585076119,-837.0375512581206,-9.798452158962467,-0.5889419438200229,0.0
-0.3521694192631951,-837.4593279268751,-837.3897206773838,-9.67851798432873,-0.5834401517188881,0.0
-0.5156776782080541,-837.9750056050831,-837.9053983555918,-9.664027127180391,-0.5826841282388896,0.0
-0.5399649124799202,-838.514970517563,-838.4453632680718,-9.727799616374293,-0.5854923346532881,0.0
-0.6539776798720269,-839.168948197435,-839.0993409479438,-9.87008497549886,-0.5919851675481559,0.0
-0.2958404158079775,-839.4647886132431,-839.3951813637518,-9.819271699655635,-0.5903194264344439,0.0
-0.5071553166719298,-839.971943929915,-839.9023366804238,-9.862750267531046,-0.5921518327678829,0.0
-0.8654354261280365,-840.837379356043,-840.7677721065518,-9.904012161054776,-0.5970197569064447,0.0
-0.5103080191999417,-841.3476873752429,-841.2780801257517,-9.840084200075843,-0.5857721412251,0.0
-0.6474895119159148,-841.9951768871588,-841.9255696376675,-9.823933935381936,-0.5843511435264589,0.0
-0.4555318993981248,-842.4507087865569,-842.3811015370657,-9.76223303533113,-0.5811799701889813,0.0
-0.2363801322607783,-842.6870889188177,-842.6174816693265,-21.46619132481559,-0.5201530842058457,0.0
-0.5157538435840353,-843.2028427624017,-843.1332355129105,-22.641123940309573,-0.5113768592586472,0.0
-0.6364573521999612,-843.8393001146017,-843.7696928651104,-22.985968265076853,-0.5170152430535103,0.0
-0.35272597103999437,-844.1920260856416,-844.1224188361504,-22.592409098409785,-0.5133526412250311,0.0
-0.8948319815199999,-845.0868580671616,-845.0172508176704,-21.762733894215298,-0.5184290000522305,0.0
-0.5611813292638832,-845.6480393964255,-845.5784321469342,-21.78570099571847,-0.5170905678126376,0.0
-0.5097882777448057,-846.1578276741703,-846.0882204246791,-21.8772659758461,-0.513432168569774,0.0
-0.43153030735998427,-846.5893579815303,-846.519750732039,-22.68630853324936,-0.5175169601966707,0.0
-0.4189120325119948,-847.0082700140423,-846.938662764551,-22.82824104259638,-0.518453551000511,0.0
-0.2647247919359761,-847.2729948059783,-847.2033875564871,-22.139290922200402,-0.5144789982920318,0.0
-0.23473222545919098,-847.5077270314375,-847.4381197819463,-21.987878894234484,-0.5020351791708172,0.0
-0.4430752689967883,-847.9508023004344,-847.8811950509431,-22.362417950172418,-0.4952615340304344,0.0
-0.46922223923197126,-848.4200245396663,-848.3504172901751,-22.405334219798,-0.4917835482228818,0.0
-0.20391445199995717,-848.6239389916663,-848.554331742175,-21.4274887025349,-0.4843110708795222,0.0
-0.17621268312479876,-848.8001516747911,-848.7305444252999,-20.724917247458606,-0.47313264629139357,0.0
4.475436690858413,-844.3247149839327,-844.2551077344415,-3.722277214258859,-0.37448740009120185,0.02
-0.19896810536048937,-844.5236830892932,-844.4540758398019,-3.707718180266714,-0.373161149720876,0.02
-0.2300279519999221,-844.7537110412931,-844.6841037918018,-3.6241284513484127,-0.3641959958392759,0.02
-0.3816786800000024,-845.1353897212931,-845.0657824718019,-3.565652190960323,-0.3573977539947968,0.02
-0.6472571735167932,-845.7826468948099,-845.7130396453186,-3.571096331896979,-0.3580749512546688,0.02
-0.7041250994399525,-846.4867719942498,-846.4171647447586,-3.56738343452638,-0.35757499356602795,0.02
-0.6520249220400194,-847.1387969162898,-847.0691896667986,-3.5788453716191966,-0.3589838749748283,0.02
-0.28738917076799675,-847.4261860870579,-847.3565788375666,-3.5453281756083643,-0.35558568322858863,0.02
-0.46702541082398696,-847.8932114978819,-847.8236042483907,-3.538337481261217,-0.3548130374122107,0.02
-0.7304212295063858,-848.6236327273883,-848.5540254778971,-3.5837421619431598,-0.3602884546388191,0.02
-0.5872180790798844,-849.2108508064682,-849.141243556977,-3.6242540745340817,-0.36472511371759425,0.02
-0.7943066090400491,-850.0051574155083,-849.935550166017,-3.6459756535219148,-0.36766586509130705,0.02
-0.16194827135200768,-850.1671056868603,-850.097498437369,-3.551588505304559,-0.35783649027799463,0.02
-0.22898332339519242,-850.3960890102554,-850.3264817607642,-3.5422955681599197,-0.3569654973207801,0.02
-0.1576769335200039,-850.5537659437754,-850.4841586942841,-3.493796632603275,-0.3523389000519799,0.02
-0.37525204006396234,-850.9290179838393,-850.8594107343481,-3.464406516368064,-0.34914605120173897,0.02
-0.6419653119999823,-851.5709832958394,-851.5013760463481,-3.4784654582585244,-0.35085713073373936,0.02
-0.6223911162868074,-852.1933744121262,-852.123767162635,-3.5175630308089714,-0.35529044325307657,0.02
-0.8219857447999497,-853.0153601569261,-852.9457529074349,-3.571635987978192,-0.36216609558939544,0.02
-0.35842949911996,-853.3737896560461,-853.3041824065549,-3.58562722577207,-0.36354678658661166,0.02
-0.6037969589280164,-853.9775866149741,-853.9079793654829,-3.646126147531746,-0.3700299919827718,0.02
-0.6210871519999575,-854.5986737669741,-854.5290665174829,-3.6872723653609256,-0.374652845106611,0.02
-0.6123177341999361,-855.210991501174,-855.1413842516828,-3.729192736844159,-0.379318522704202,0.02
-0.959403719807931,-856.170395220982,-856.1007879714907,-3.817761581576985,-0.3907958110017998,0.02
-0.6387360010239379,-856.8091312220059,-856.7395239725147,-3.845517537593146,-0.39403945428787907,0.02
-0.6506563254399329,-857.4597875474459,-857.3901802979547,-3.899151785672976,-0.4000091924114139,0.02
-1.0481098858207634,-858.5078974332666,-858.4382901837754,-3.9727925999600404,-0.41065783656366805,0.02
-0.8759480280095825,-859.3838454612762,-859.314238211785,-4.022954032633706,-0.41737749887426134,0.02
-2.0888816008368227,-861.472727062113,-861.4031198126218,-4.099072268098003,-0.4460755772935572,0.02
-0.5244210553440184,-861.997148117457,-861.9275408679657,-4.142304521942521,-0.450647190084278,0.02
-0.26133054107756953,-862.2584786585345,-862.1888714090433,-4.094937667542611,-0.4457306945723908,0.02
-0.5050104751439941,-862.7634891336785,-862.6938818841872,-4.040683234987977,-0.43852219555270994,0.02
-0.34331360691197754,-863.1068027405905,-863.0371954910993,-4.0096801006838145,-0.4351823073069507,0.02
-0.6309279406463868,-863.7377306812369,-863.6681234317457,-4.0070883862286495,-0.43485107588156013,0.02
-0.5925375425999965,-864.3302682238369,-864.2606609743457,-4.030691370912952,-0.4375911887455976,0.02
-1.0072662903199405,-865.3375345141569,-865.2679272646657,-4.153567424693656,-0.4530089119067808,0.02
-0.9960765839599814,-866.3336110981169,-866.2640038486256,-4.221370654511501,-0.4626153667142997,0.02
-0.42033204427435,-866.7539431423912,-866.6843358929,-4.1839744483907,-0.45829286055578755,0.02
-0.642305335999987,-867.3962484783912,-867.3266412288999,-4.235363488626764,-0.46408444785498737,0.02
-0.6494922532759693,-868.0457407316671,-867.9761334821759,-4.201259787691065,-0.4591776532901068,0.02
-0.8062894251879742,-868.8520301568551,-868.7824229073639,-4.238392881346386,-0.46407981520858854,0.02
-0.3608572704799898,-869.2128874273351,-869.1432801778438,-4.210618988795334,-0.4611011950632923,0.02
-0.05064497481595098,-869.263532402151,-869.1939251526597,-4.129728900179999,-0.4534834884124116,0.02
-0.5092607452799525,-869.7727931474309,-869.7031858979396,-4.146063911010385,-0.45529046266777073,0.02
-0.2961463313600019,-870.0689394787909,-869.9993322292996,-4.152544880173674,-0.4559188934562512,0.02
-0.46772523839995583,-870.5366647171908,-870.4670574676995,-4.19846254695401,-0.4605787537150665,0.02
-0.38740669703998026,-870.9240714142308,-870.8544641647395,-4.187966477461065,-0.45946538227593037,0.02
-0.6979997951999874,-871.6220712094307,-871.5524639599395,-4.225758829214269,-0.4640409333952907,0.02
-0.4910287944096051,-872.1131000038404,-872.0434927543491,-4.282925327541782,-0.4697832202434837,0.02
-1.3756955326863218,-873.4887955365267,-873.4191882870355,-4.449735843953908,-0.49377287723471414,0.02
-0.6419653119999823,-874.1307608485267,-874.0611535990355,-12.607483419897752,-0.5961209172918821,0.0
-0.6873375807223141,-874.8180984292491,-874.7484911797578,-12.99453772337887,-0.6058883067991185,0.0
-0.48691912851194513,-875.3050175577611,-875.2354103082698,-13.262369358896564,-0.6110261303293589,0.0
-0.5338655699519913,-875.8388831277131,-875.7692758782218,-13.387992694292526,-0.6140698681283987,0.0
-1.003073973686335,-876.8419571013994,-876.7723498519082,-13.356906039295932,-0.6211862041317896,0.0
-0.2561979514420772,-877.0981550528415,-877.0285478033503,-13.017851779060086,-0.612227661171832,0.0
-0.27455172416000395,-877.3727067770016,-877.3030995275103,-12.731778033044295,-0.6046781972142319,0.0
-0.5511978082399773,-877.9239045852415,-877.8542973357503,-12.95734984227617,-0.6099543699636714,0.0
-0.3533731942399203,-878.2772777794814,-878.2076705299902,-12.856782030514143,-0.6076813256319901,0.0
-0.5624186937599982,-878.8396964732415,-878.7700892237502,-12.801266614262119,-0.6043212749170623,0.0
-0.6633820839095349,-879.503078557151,-879.4334713076597,-12.829988667902818,-0.6058445550136553,0.0
-0.6275801131999077,-880.1306586703508,-880.0610514208596,-12.800312831090833,-0.6025100250968525,0.0
-0.3444600934719939,-880.4751187638228,-880.4055115143316,-13.02949540296286,-0.6061602615392522,0.0
-0.5058027207199722,-880.9809214845428,-880.9113142350516,-13.314053572766706,-0.6116966494857479,0.0
-0.2202428014367833,-881.2011642859796,-881.1315570364884,-13.408764179620869,-0.6129479668440834,0.0
-0.5761868769279794,-881.7773511629076,-881.7077439134164,-13.56954444479876,-0.6169666635813638,0.0
-0.4750307243999755,-882.2523818873076,-882.1827746378164,-13.471420474965411,-0.6136279718293636,0.0
-0.3713546991358994,-882.6237365864434,-882.5541293369522,-13.287929357490869,-0.6086072434863454,0.0
-0.15336760370915706,-882.7771041901526,-882.7074969406614,-12.810716075799466,-0.5952348806645297,0.0
-0.386473337599953,-883.1635775277525,-883.0939702782613,-12.83767528911536,-0.5957957574341295,0.0
-0.627403035600002,-883.7909805633525,-883.7213733138612,-12.846746129653356,-0.5962678789675693,0.0
-0.6611229442080198,-884.4521035075605,-884.3824962580693,-12.859750434328369,-0.5970685948117304,0.0
-0.5079003867711605,-884.9600038943317,-884.8903966448405,-12.805863167131825,-0.594980247863155,0.0
-0.2800419105599771,-885.2400458048917,-885.1704385554004,-12.563397936651178,-0.5813930116781958,0.0
-0.2973712342846979,-885.5374170391764,-885.4678097896851,-12.329748220557295,-0.574565716343411,0.0
-0.34183525199990317,-885.8792522911763,-885.809645041685,-12.14534115487439,-0.5683892948746103,0.0
-0.6832038409494834,-886.5624561321257,-886.4928488826345,-12.237321495168734,-0.5610911739771849,0.0
-0.5271528081599725,-887.0896089402856,-887.0200016907944,-12.202308756312917,-0.5541152695801926,0.0
-0.4216883999999429,-887.5112973402856,-887.4416900907944,-15.668366644512881,-0.520771405563455,0.0
-0.7185548570903119,-888.229852197376,-888.1602449478847,-15.676712167867153,-0.5246540815983809,0.0
-0.5590666654398853,-888.7889188628159,-888.7193116133246,-16.056397580147472,-0.5306088040856273,0.0
-0.8661256579663883,-889.6550445207822,-889.585437271291,-15.958615561465976,-0.5378311077420751,0.0
-0.3133674675999639,-889.9684119883822,-889.8988047388909,-15.905791670086044,-0.5372321849558349,0.0
-0.48250599587994525,-890.4509179842621,-890.3813107347709,-15.835194851743127,-0.534263746060506,0.0
-0.1505758150400002,-890.6014937993021,-890.5318865498109,-15.203939300762794,-0.525424511509306,0.0
-0.19167221555199282,-890.7931660148541,-890.7235587653629,-15.074302920208023,-0.5091126300139471,0.0
-0.6570751625023984,-891.4502411773566,-891.3806339278653,-15.475545372978422,-0.5023326015847954,0.0
-0.19672920839998786,-891.6469703857566,-891.5773631362654,-15.094279049284369,-0.4978605448673082,0.0
-0.998414752339131,-892.6453851380958,-892.5757778886045,-14.708309552640479,-0.504982733194091,0.0
-0.37906280000001447,-893.0244479380958,-892.9548406886046,-14.566825698219038,-0.499574144128572,0.0
-0.8472598696239149,-893.8717078077198,-893.8021005582285,-14.524732212279575,-0.5003935530172908,0.0
-0.7472302834878954,-894.6189380912076,-894.5493308417164,-14.654337205136267,-0.508121013277449,0.0
-0.7256710602239759,-895.3446091514315,-895.2750019019403,-15.490992269544616,-0.5216215349856094,0.0
-0.6493846356799744,-895.9939937871115,-895.9243865376203,-15.531055233499504,-0.5244240127936098,0.0
-0.7021223580799558,-896.6961161451915,-896.6265088957002,-15.83786287491121,-0.532543533328009,0.0
-0.38295799999999375,-897.0790741451915,-897.0094668957003,-15.737328483099198,-0.5308481885600097,0.0
-0.4013537020000056,-897.4804278471915,-897.4108205977003,-15.756154641619123,-0.5311271286592102,0.0
-0.49300276973918644,-897.9734306169307,-897.9038233674395,-15.71001237832312,-0.5270271881499942,0.0
-0.653937557039925,-898.6273681739707,-898.5577609244795,-15.76717347962463,-0.5302853634026006,0.0
-0.631535661820755,-899.2589038357914,-899.1892965863002,-17.731310608991155,-0.5154021659852892,0.0
-0.2656807999999823,-899.5245846357914,-899.4549773863001,-17.295181827179803,-0.5078764757452893,0.0
-0.716527814863889,-900.2411124506552,-900.171505201164,-17.269812049487673,-0.5084602804281207,0.0
-0.7100765305414991,-900.9511889811968,-900.8815817317055,-17.265985814962008,-0.5129234284687119,0.0
-0.6243859581599686,-901.5755749393568,-901.5059676898655,-17.280693895997807,-0.5147338362328714,0.0
-0.3504311145680028,-901.9260060539248,-901.8563988044335,-17.74548566399386,-0.5016809790505047,0.0
-0.5279654655199737,-902.4539715194447,-902.3843642699535,-18.218214271300994,-0.5071163293320626,0.0
-0.21758795895998448,-902.6715594784047,-902.6019522289134,-18.039628774961713,-0.5059770540280621,0.0
-0.6918485397359275,-903.3634080181406,-903.2938007686494,-17.993639912360866,-0.5087900686579813,0.0
-0.6563213972992343,-904.0197294154399,-903.9501221659486,-18.227189835113986,-0.5148490327191675,0.0
-0.3203540536311711,-904.340083469071,-904.2704762195798,-17.902109072017787,-0.510007739916591,0.0
-0.35258433855995086,-904.692667807631,-904.6230605581397,-17.68685438678669,-0.5037917850095994,0.0
-0.2861606971391125,-904.9788285047701,-904.9092212552789,-17.32074264458091,-0.4969633966883834,0.0
-0.6491602198399908,-905.6279887246102,-905.558381475119,-17.541451059187818,-0.5030573992157433,0.0
-0.9674109957343935,-906.5953997203446,-906.5257924708534,-17.010467382688784,-0.5122895647160317,0.0
-0.38465279999997354,-906.9800525203447,-906.9104452708534,-17.388370598136426,-0.5155777646872955,0.0
-0.40378901199998096,-907.3838415323446,-907.3142342828534,-17.239842568686317,-0.5121298073887356,0.0
-0.38464199999996246,-907.7684835323446,-907.6988762828533,-17.1219865547558,-0.5103220329007353,0.0
-0.2929439999999873,-908.0614275323446,-907.9918202828534,-16.963459792847548,-0.5087538189180171,0.0
-1.2001652957711237,-909.2615928281158,-909.1919855786246,-16.493289546273452,-0.5296897727592564,0.0
-0.7171289772959477,-909.9787218054117,-909.9091145559205,-16.659082194779483,-0.5363028855531763,0.0
-0.5271528081599725,-910.5058746135717,-910.4362673640804,-16.623823760881827,-0.5342978810043757,0.0
-0.04915296547201797,-910.5550275790437,-910.4854203295524,-15.615330128636847,-0.5220584814296557,0.0
-0.43602985447996445,-910.9910574335237,-910.9214501840324,-15.552597484092027,-0.5206210707838318,0.0
-0.6969588896255836,-911.6880163231492,-911.618409073658,-15.88772925685712,-0.5289594103651439,0.0
-0.661324578439932,-912.3493409015891,-912.2797336520979,-16.220202212446253,-0.5362384772482486,0.0
-0.3276071518184304,-912.6769480534076,-912.6073408039164,-16.194621994470427,-0.5359539152446192,0.0
-0.19109110166399185,-912.8680391550716,-912.7984319055804,-15.635583789641741,-0.5261116604589093,0.0
-0.23028067560961984,-913.0983198306812,-913.02871258119,-15.230147198074649,-0.5201742178079023,0.0
-0.1435939184783152,-913.2419137491596,-913.1723064996684,-14.740926772278756,-0.5146123281774697,0.0
-0.16978770943996027,-913.4117014585996,-913.3420942091084,-14.260673853999997,-0.5036369852244627,0.0
-0.6566036512215432,-914.0683051098212,-913.9986978603299,-14.269908339832817,-0.5055877249400959,0.0
-0.6490106092799497,-914.7173157191011,-914.6477084696098,-14.402860888722119,-0.5012454239663671,0.0
-0.664148953520006,-915.3814646726211,-915.3118574231298,-14.631586721215166,-0.5082610536847679,0.0
-0.7793994291599925,-916.160864101781,-916.0912568522898,-14.631132361647476,-0.5141989223503688,0.0
-0.7473076543427289,-916.9081717561238,-916.8385645066326,-15.181143182559405,-0.5261335591364235,0.0
0.11574188458802342,-916.7924298715358,-916.7228226220445,-14.30989824366543,-0.5199852771336232,0.02
-0.3640024726463547,-917.1564323441821,-917.0868250946909,-14.140414518025446,-0.5141238233365023,0.02
-0.44950381665598027,-917.6059361608382,-917.5363289113469,-14.495647615604343,-0.5191793155016221,0.02
-0.7171058556639752,-918.3230420165021,-918.2534347670108,-14.788250184122102,-0.5135531375681189,0.02
-0.18843025999998556,-918.5114722765021,-918.4418650270109,-14.471409153070091,-0.5097404867681185,0.02
-1.2365987664159268,-919.748071042918,-919.6784637934268,-13.805504672682545,-0.5175272647039586,0.02
-0.8915111587839984,-920.639582201702,-920.5699749522107,-13.714319251188062,-0.5204128822098807,0.02
-0.2668630357439858,-920.906445237446,-920.8368379879547,-13.439044761643775,-0.5112367217202809,0.02
-0.5374473062927191,-921.4438925437387,-921.3742852942474,-13.414812813006197,-0.5089979751325358,0.02
-0.42857999999994356,-921.8724725437386,-921.8028652942473,-13.330627267287205,-0.5035271279709356,0.02
-1.1644476794399425,-923.0369202231785,-922.9673129736873,-13.016542502453046,-0.5191569215597345,0.02
-0.8753036777599923,-923.9122239009386,-923.8426166514473,-13.077065529987276,-0.5286359210749343,0.02
-1.232129540487956,-925.1443534414265,-925.0747461919352,-12.712678307702587,-0.5434184564899096,0.02
-1.0201722912000382,-926.1645257326265,-926.0949184831353,-12.59456072454366,-0.5507431511731119,0.02
-0.9822728177063789,-927.146798550333,-927.0771913008417,-12.524916706547598,-0.5577578942908243,0.02
-0.45493554489517685,-927.6017340952282,-927.5321268457369,-12.706980504990632,-0.5615429891887282,0.02
-0.365659089407958,-927.9673931846361,-927.8977859351448,-12.532937326054686,-0.5545256146796096,0.02
-0.7590891454343669,-928.7264823300704,-928.6568750805792,-12.532575349047423,-0.5555058669774671,0.02
-2.9312062829950856,-931.6576886130655,-931.5880813635742,-9.308159359759035,-0.6016422734741693,0.02
-0.5110528751328112,-932.1687414881983,-932.099134238707,-9.38278444246172,-0.6048547086854655,0.02
-0.6189591673999464,-932.7877006555982,-932.718093406107,-9.413678878019514,-0.6066745827230648,0.02
-0.3682836335999762,-933.1559842891982,-933.0863770397069,-9.504028797686434,-0.6096884962158649,0.02
-1.262588429805987,-934.4185727190041,-934.3489654695129,-9.49329088927635,-0.621103294017266,0.02
-0.27665639999999553,-934.6952291190041,-934.6256218695129,-9.327454091444627,-0.6135099940712813,0.02
-0.49489922457600133,-935.1901283435801,-935.1205210940889,-9.41211819048943,-0.6170008974901778,0.02
-0.389890790015997,-935.5800191335961,-935.5104118841049,-9.431564887799022,-0.6177470265192987,0.02
-0.6669366745599721,-936.2469558081561,-936.1773485586649,-9.5973740121475,-0.6253625460677159,0.02
-0.654886223999998,-936.9018420321562,-936.832234782665,-9.598993783257525,-0.625477066150916,0.02
-0.7009789608799972,-937.6028209930362,-937.5332137435449,-9.568117919217388,-0.6201484254538281,0.02
-0.5254390871999781,-938.1282600802361,-938.0586528307449,-9.63308760653292,-0.6229641511978282,0.02
-0.3773249675999875,-938.5055850478361,-938.4359777983449,-9.619252636762887,-0.6224348703098284,0.02
-0.5290979834567788,-939.0346830312928,-938.9650757818016,-9.68625232585689,-0.6253239899789648,0.02
-0.7401642431999114,-939.7748472744928,-939.7052400250016,-9.872906451857132,-0.6342683948429632,0.02
-0.8688047070622683,-940.6436519815551,-940.5740447320638,-9.898872895760416,-0.627641183068786,0.02
-0.48410561267196855,-941.1277575942271,-941.0581503447359,-9.819749682454333,-0.6229807157763065,0.02
-0.44670327129677523,-941.5744608655239,-941.5048536160326,-9.78381390344583,-0.6213717250390425,0.02
-0.7429460822399909,-942.3174069477639,-942.2477996982726,-10.166069863690385,-0.635247587374402,0.02
-0.4739382020999164,-942.7913451498638,-942.7217379003725,-10.185350707563696,-0.6360057543268011,0.02
-0.6288088172080016,-943.4201539670718,-943.3505467175805,-10.165481682297107,-0.6346427528784494,0.02
-0.6577832284800402,-944.0779371955518,-944.0083299460606,-10.164439356348062,-0.6345719258792516,0.02
-0.32978006294958023,-944.4077172585014,-944.3381100090102,-10.1658289574791,-0.6346153841018746,0.02
-0.36543059327995664,-944.7731478517813,-944.7035406022901,-10.287820291558502,-0.6381021739341939,0.02
-0.1428499898752123,-944.9159978416566,-944.8463905921653,-10.217853414925694,-0.6363535602195057,0.02
-0.495375755155112,-945.4113735968117,-945.3417663473205,-10.453037191118653,-0.6433891969530418,0.02
-0.13059841235030445,-945.541972009162,-945.4723647596708,-10.419079182784893,-0.6426054110112485,0.02
-0.8910653872799138,-946.4330373964419,-946.3634301469507,-10.461918128787898,-0.647294645732416,0.02
-1.462767669432747,-947.8958050658747,-947.8261978163835,-10.377424071494701,-0.6635697869354719,0.02
-0.6685279868799474,-948.5643330527546,-948.4947258032633,-10.378781611111235,-0.6636573676026707,0.02
-0.6576659201999604,-949.2219989729546,-949.1523917234633,-10.347620968617537,-0.6612226974234701,0.02
-1.7315191540571273,-950.9535181270116,-950.8839108775204,-10.115767979335107,-0.6809069274177579,0.02
-1.2210922915839755,-952.1746104185956,-952.1050031691044,-10.693197859548532,-0.7076436109411981,0.0
-0.4057046497200007,-952.5803150683156,-952.5107078188244,-10.719005150840996,-0.708477654482671,0.0
-1.0036255014480129,-953.5839405697636,-953.5143333202724,-10.87975517675074,-0.7195600881785116,0.0
-0.9116915190431489,-954.4956320888068,-954.4260248393156,-10.92056179288686,-0.723451801446095,0.0
-0.3653326663679638,-954.8609647551748,-954.7913575056835,-11.054169167498934,-0.7269898495734547,0.0
-0.44856340130156747,-955.3095281564764,-955.2399209069852,-10.913168939676657,-0.7112291422711674,0.0
-0.5338959808159804,-955.8434241372923,-955.7738168878011,-10.805261412378973,-0.704076838711807,0.0
-0.9110724729279207,-956.7544966102203,-956.684889360729,-11.085069129709511,-0.7169610274554857,0.0
-0.790427843295977,-957.5449244535163,-957.475317204025,-11.178328533329703,-0.722020638195551,0.0
-0.7978166846720214,-958.3427411381883,-958.2731338886971,-11.337910118144862,-0.7294053718889926,0.0
-0.655151442720032,-958.9978925809083,-958.9282853314171,-11.28306905464094,-0.7192194471545942,0.0
-0.4602979071591877,-959.4581904880675,-959.3885832385763,-11.13138159701246,-0.7109193317425782,0.0
-0.3590299458784507,-959.817220433946,-959.7476131844547,-10.94584532835513,-0.693457339850388,0.0
-0.5746278981967372,-960.3918483321427,-960.3222410826514,-10.857577688968137,-0.6845464519903222,0.0
-0.7151362238592152,-961.1069845560019,-961.0373773065106,-10.82147629452359,-0.6792037201133787,0.0
-0.5014477910159941,-961.6084323470178,-961.5388250975266,-10.846623395863144,-0.6801339650357952,0.0
-1.6512691265615125,-963.2597014735793,-963.190094224088,-10.81912271146155,-0.7058461657788662,0.0
-0.6718975977999517,-963.9315990713792,-963.861991821888,-10.79332384786451,-0.704102334826178,0.0
-0.7876270429999055,-964.7192261143791,-964.6496188648879,-13.978422134600631,-0.6612307500262743,0.0
-0.3635129045231465,-965.0827390189023,-965.0131317694111,-13.835100959873868,-0.6582799506140811,0.0
-0.49149041099202123,-965.5742294298943,-965.5046221804031,-13.750037442304315,-0.6557305754859225,0.0
-0.11142055973759099,-965.6856499896319,-965.6160427401406,-13.394502262634155,-0.6505933140086749,0.0
-0.583181432640007,-966.2688314222719,-966.1992241727806,-13.557854267994122,-0.6370051740653553,0.0
-0.5751480256512562,-966.8439794479232,-966.7743721984319,-13.846182121863276,-0.6429750065783805,0.0
-0.4824277513199093,-967.3264071992431,-967.2567999497519,-13.835876462574252,-0.6427255771132586,0.0
-0.4044247798399022,-967.7308319790831,-967.6612247295918,-13.851306016107083,-0.6430162569097366,0.0
-0.1275629563679453,-967.858394935451,-967.7887876859597,-13.302576541623344,-0.6322287825458962,0.0
-0.2595513975224124,-968.1179463329734,-968.0483390834821,-12.9816734724367,-0.6243220860163444,0.0
-0.25585995679998386,-968.3738062897734,-968.3041990402821,-12.659458012003562,-0.6154197059347442,0.0
-0.3096268706959523,-968.6834331604693,-968.6138259109781,-12.481748995939286,-0.6111034616046637,0.0
-0.657647558903898,-969.3410807193733,-969.271473469882,-12.65346101659136,-0.6167099134307419,0.0
-0.7046402357999089,-970.0457209551732,-969.976113705682,-12.726095916366855,-0.6202207584776045,0.0
-0.365169454847994,-970.4108904100212,-970.34128316053,-12.52185494903805,-0.6127208627105661,0.0
-0.48233007803198463,-970.8932204880532,-970.823613238562,-12.417491317215688,-0.6049913701299604,0.0
-0.5095932887519878,-971.4028137768051,-971.3332065273139,-12.433744052013315,-0.6055011236515608,0.0
-0.5275472359999572,-971.9303610128051,-971.8607537633138,-12.487256594297383,-0.6071180029456245,0.0
-0.6402872935599028,-972.570648306365,-972.5010410568738,-12.463557890510556,-0.6050648271720227,0.0
-0.5119738199999463,-973.082622126365,-973.0130148768737,-12.488299576716813,-0.6058255395300233,0.0
-0.7351798653864086,-973.8178019917514,-973.7481947422601,-12.515170881583439,-0.6079529604935915,0.0
-1.5425069344127407,-975.3603089261641,-975.2907016766728,-12.03645985122914,-0.6256474346122455,0.0
-0.6572786328640279,-976.0175875590281,-975.9479803095369,-12.243106726079569,-0.6321974060105344,0.0
-0.47447254545594963,-976.492060104484,-976.4224528549928,-12.328439442692268,-0.6343782450540543,0.0
-0.20146187646718078,-976.6935219809512,-976.62391473146,-12.40214852959827,-0.6355504827858937,0.0
-0.4793417919999462,-977.1728637729511,-977.1032565234599,-12.391411686972088,-0.6352298035227903,0.0
-0.37977344732151774,-977.5526372202727,-977.4830299707814,-12.673854242030156,-0.6402133042222146,0.0
-0.3232927763199231,-977.8759299965926,-977.8063227471014,-12.418857622558763,-0.6288578520030148,0.0
-0.30878940351989714,-978.1847194001125,-978.1151121506213,-12.58682356824215,-0.6057782866847579,0.0
-0.34242305680001317,-978.5271424569125,-978.4575352074213,-12.383815647988541,-0.5992561880831591,0.0
-0.25234701287275957,-978.7794894697853,-978.709882220294,-12.09941227231664,-0.5911498099366151,0.0
-0.12294567999886419,-978.9024351497842,-978.832827900293,-12.710992315485866,-0.5589783404554498,0.0
-0.26702650620787594,-979.1694616559921,-979.0998544065009,-12.777630160347965,-0.5398970247479279,0.0
-0.38904208790393746,-979.558503743896,-979.4888964944048,-12.76296214443574,-0.5395637735116066,0.0
-0.7777201954800211,-980.336223939376,-980.2666166898848,-12.888451563697696,-0.5350456673922467,0.0
-1.3529852416079475,-981.689209180984,-981.6196019314928,-12.371316277112332,-0.5438715418435427,0.0
-0.39766493330391534,-982.0868741142879,-982.0172668647966,-12.399532219842431,-0.5445181871822617,0.0
-0.36501440390396,-982.4518885181918,-982.3822812687006,-12.332260106241138,-0.5428472072343096,0.0
-0.7340809418208245,-983.1859694600126,-983.1163622105214,-12.377702285536843,-0.5468509064544065,0.0
-0.42542380854398504,-983.6113932685566,-983.5417860190654,-12.313560410392691,-0.5371379331667278,0.0
-0.4929703654519549,-984.1043636340086,-984.0347563845173,-12.259895423952637,-0.5311887836098473,0.0
-0.5095932887519878,-984.6139569227605,-984.5443496732693,-12.221334759919106,-0.5254243156914467,0.0
-0.5854080359999567,-985.1993649587605,-985.1297577092693,-12.20650708714748,-0.5240294475570451,0.0
-0.8680390206177742,-986.0674039793782,-985.997796729887,-12.249842702870323,-0.5321842698262169,0.0
-0.7284817016566816,-986.795885681035,-986.7262784315437,-12.412270806427925,-0.5395733049417815,0.0
-0.9149424140000025,-987.710828095035,-987.6412208455438,-12.390015665936739,-0.5463795952578467,0.0
-0.5233990562400044,-988.234227151275,-988.1646199017838,-12.339514954774685,-0.5425448519054625,0.0
-0.9999523077999477,-989.234179459075,-989.1645722095838,-12.310929349597144,-0.5525149422411416,0.0
-0.6852607039295471,-989.9194401630045,-989.8498329135133,-13.627399122402888,-0.5331947737885023,0.0
-0.003656752286372078,-989.9230969152909,-989.8534896657997,-12.86852538910416,-0.5198299568782307,0.0
-0.5057776074287834,-990.4288745227196,-990.3592672732284,-12.844591685058145,-0.5141929681668083,0.0
-1.3259724579599113,-991.7548469806795,-991.6852397311883,-12.403444193123189,-0.5334421592355436,0.0
-0.4843136730119859,-992.2391606536916,-992.1695534042003,-12.399231809161254,-0.5332986244759429,0.0
-0.7822297175805926,-993.0213903712721,-992.9517831217809,-12.886522254079564,-0.5467148076328029,0.0
-0.7176492140159482,-993.7390395852881,-993.6694323357968,-12.910483174962895,-0.5494041632603217,0.0
-0.5749862382000193,-994.3140258234881,-994.2444185739969,-12.910418978683404,-0.549400927511297,0.0
-0.40767534827194557,-994.7217011717601,-994.6520939222688,-12.853318296010888,-0.5479058794503378,0.0
-0.38206398873601494,-995.1037651604961,-995.0341579110049,-12.833075251519022,-0.54745866362826,0.0
-0.11269579378957997,-995.2164609542857,-995.1468537047945,-12.808238447295736,-0.5471613203766927,0.0
-0.779490467520003,-995.9959514218057,-995.9263441723144,-13.100780198034752,-0.5575601017766444,0.0
-0.5850212666399202,-996.5809726884456,-996.5113654389544,-13.392864232369188,-0.5641433279734432,0.0
-0.3863922620799395,-996.9673649505256,-996.8977577010344,-13.480007515551682,-0.565678635801123,0.0
-0.3955256305880039,-997.3628905811137,-997.2932833316224,-13.32617550532057,-0.5604361972348051,0.0
-0.44515092273595613,-997.8080415038496,-997.7384342543584,-13.21600556245857,-0.555246410973526,0.0
-0.41580031763198344,-998.2238418214816,-998.1542345719904,-13.26528595108104,-0.5562590282292058,0.0
-0.046592038795635976,-998.2704338602773,-998.2008266107861,-12.700617905313358,-0.5475442674444788,0.0
-0.41152981511993914,-998.6819636753972,-998.612356425906,-12.63221780618532,-0.5455829979718378,0.0
-0.6506860775399262,-999.3326497529372,-999.263042503446,-12.675089710668827,-0.5480457748026373,0.0
-0.7198484892480017,-1000.0524982421852,-999.9828909926939,-12.683589726258381,-0.5496369987163991,0.0
-0.360876867401657,-1000.4133751095868,-1000.3437678600956,-12.568750289650774,-0.5466150596644335,0.0
-0.3663155456399477,-1000.7796906552268,-1000.7100834057355,-12.406690604844442,-0.5392377732695042,0.0
-0.6753578704111565,-1001.455048525638,-1001.3854412761467,-13.53017806690765,-0.5218947919894725,0.0
-0.4424601404959287,-1001.8975086661338,-1001.8279014166426,-13.442199638874586,-0.5175984221421106,0.0
-0.3400940449439954,-1002.2376027110778,-1002.1679954615865,-13.319885312277894,-0.5149108521318715,0.0
-0.6499830779199824,-1002.8875857889977,-1002.8179785395065,-13.70695997506816,-0.5238812761609275,0.0
-0.4867947475567658,-1003.3743805365546,-1003.3047732870633,-13.712004229265121,-0.5240303352720639,0.0
-0.5867512479199212,-1003.9611317844744,-1003.8915245349832,-13.854004050968197,-0.5281698912840319,0.0
-0.5243822926079268,-1004.4855140770824,-1004.4159068275911,-14.0423835743898,-0.5321916816097921,0.0
-0.3406255473391302,-1004.8261396244216,-1004.7565323749303,-14.085158134989168,-0.5328284044861767,0.0
-0.4635230744144192,-1005.289662698836,-1005.2200554493447,-14.212377211646123,-0.5352504048384649,0.0
-0.7143468515423528,-1006.0040095503783,-1005.9344023008871,-14.565391094760724,-0.5444904016118567,0.0
-0.6502525469400336,-1006.6542620973183,-1006.5846548478271,-15.22724270690415,-0.5550365389506801,0.0
-0.7093987195999506,-1007.3636608169182,-1007.294053567427,-15.61888600134708,-0.5638839832185215,0.0
-0.5271528081599725,-1007.8908136250782,-1007.8212063755869,-15.767177873171086,-0.5666461976236422,0.0
-0.7532456793919432,-1008.6440593044701,-1008.5744520549789,-15.777383637738431,-0.5661567073018807,0.0
-0.9552856310110825,-1009.5993449354812,-1009.52973768599,-16.835573960426604,-0.5582027150899435,0.0
-0.4643722729055546,-1010.0637172083867,-1009.9941099588955,-16.928426382909997,-0.5595368618819762,0.0
-0.6640062141759805,-1010.7277234225627,-1010.6581161730714,-17.19999071808884,-0.5655166980874166,0.0
-0.4351573488240197,-1011.1628807713867,-1011.0932735218954,-17.059894726793107,-0.5595382262274805,0.0
-0.45185800911997875,-1011.6147387805066,-1011.5451315310154,-17.096386559258075,-0.5600669102390003,0.0
-0.4857331248000065,-1012.1004719053067,-1012.0308646558154,-17.08871203552183,-0.5599221654259614,0.0
-0.19704398390064104,-1012.2975158892073,-1012.227908639716,-16.51122578553547,-0.5536711793289345,0.0
-0.3115871732159672,-1012.6091030624232,-1012.5394958129319,-16.18719810293532,-0.5481947620732547,0.0
-0.2096925828799302,-1012.8187956453031,-1012.7491883958119,-15.788452814818116,-0.5350278333184978,0.0
-0.3582798885599849,-1013.1770755338631,-1013.1074682843719,-15.594222858149033,-0.5276237970565638,0.0
-0.6016330050559859,-1013.7787085389191,-1013.7091012894278,-15.819230061382129,-0.5213576088776836,0.0
-0.37272080951993186,-1014.151429348439,-1014.0818220989478,-15.66550952284718,-0.5183440439432822,0.0
-0.18652152199292293,-1014.337950870432,-1014.2683436209408,-15.562700641983033,-0.5020754282271416,0.0
-0.27667167079196237,-1014.614622541224,-1014.5450152917327,-15.268641097365066,-0.4939036475643899,0.0
-0.17078075575680224,-1014.7854032969808,-1014.7157960474896,-15.789416532657864,-0.4972461276337985,0.0
-0.21471410495353582,-1015.0001174019343,-1014.930510152443,-15.364589657737751,-0.4914248575842936,0.0
-0.3410191339807911,-1015.3411365359151,-1015.2715292864239,-17.274675024692392,-0.47172579110471113,0.0
-0.3585491875680091,-1015.6996857234831,-1015.6300784739918,-17.126003408869646,-0.4692105013958316,0.0
-0.49162778068800667,-1016.191313504171,-1016.1217062546798,-17.379305553003526,-0.4633984626579799,0.0
-0.4555560925192875,-1016.6468695966903,-1016.577262347199,-17.51067990347698,-0.4581566002280467,0.0
-0.6800665828319585,-1017.3269361795222,-1017.257328930031,-17.41197791184202,-0.46025820712068544,0.0
-0.6658424175839767,-1017.9927785971063,-1017.923171347615,-17.41805268335607,-0.46542154850692613,0.0
-0.1669530154431335,-1018.1597316125494,-1018.0901243630582,-16.87738870215266,-0.46111932904106845,0.0
-0.5262653455199553,-1018.6859969580694,-1018.6163897085781,-17.76356806303124,-0.46939072007567595,0.0
-0.702186962639987,-1019.3881839207094,-1019.3185766712181,-17.922434463925242,-0.4678446499780757,0.0
-0.030193406639969,-1019.4183773273494,-1019.3487700778581,-16.677282505265183,-0.4567480927780766,0.0
-0.4130339399999836,-1019.8314112673494,-1019.7618040178581,-16.71034753301428,-0.4572809263364775,0.0
-0.7636799020959462,-1020.5950911694454,-1020.5254839199541,-16.596620220982444,-0.46464401176663633,0.0
0.2864649332571182,-1020.3086262361883,-1020.239018986697,-14.195000701667428,-0.4500116946467749,0.02
-0.23297506857501468,-1020.5416013047633,-1020.471994055272,-13.95452100060833,-0.4463551896656355,0.02
-0.7267655974800233,-1021.2683669022433,-1021.1987596527521,-14.640958215221762,-0.4599586608393232,0.02
-0.737495054800013,-1022.0058619570433,-1021.936254707552,-14.634857635196713,-0.46647796563292476,0.02
-0.5101331108543713,-1022.5159950678976,-1022.4463878184064,-14.640407037871608,-0.4636669062992136,0.02
-0.8057309902719121,-1023.3217260581696,-1023.2521188086783,-14.546790925208796,-0.46538455631969183,0.02
-0.49583013730394376,-1023.8175561954736,-1023.7479489459823,-14.66086459802456,-0.46808362171773754,0.02
-0.743121483699138,-1024.5606776791726,-1024.4910704296815,-14.717664399005525,-0.47561974047892136,0.02
-0.7458368104799356,-1025.3065144896525,-1025.2369072401614,-14.668807035060393,-0.4770293192802969,0.02
-0.6778072418399993,-1025.9843217314924,-1025.9147144820013,-14.708199918654808,-0.48173626130717834,0.02
-0.444012832659605,-1026.428334564152,-1026.3587273146609,-14.823858940048504,-0.4838146370614906,0.02
-0.5032390648383388,-1026.9315736289902,-1026.861966379499,-14.811070112295793,-0.48087975679985767,0.02
-0.35758236332635196,-1027.2891559923166,-1027.2195487428255,-14.690190971850239,-0.47829550911524943,0.02
-0.5324509123199713,-1027.8216069046366,-1027.7519996551455,-14.681477442398307,-0.4772095024032504,0.02
-0.259546392127976,-1028.0811532967646,-1028.0115460472734,-14.399757271187429,-0.47191278439365136,0.02
-0.273571319999976,-1028.3547246167645,-1028.2851173672734,-14.30033589009038,-0.4705716998468683,0.02
-0.4705704343920032,-1028.8252950511564,-1028.7556878016653,-14.304753067642638,-0.47071264704641996,0.02
-0.4674184759199736,-1029.2927135270763,-1029.2231062775852,-14.31572665445414,-0.46577407953397243,0.02
-0.9471742762559183,-1030.2398878033323,-1030.1702805538412,-13.989580387598512,-0.4717125141202901,0.02
-0.5781095831120129,-1030.8179973864444,-1030.7483901369533,-14.024456841208396,-0.46908673139053136,0.02
-0.37315696017597655,-1031.1911543466204,-1031.1215470971292,-13.919053012004957,-0.46600681443085146,0.02
-0.7005072440799305,-1031.8916615907003,-1031.8220543412092,-13.9563767558742,-0.46495204572461113,0.02
-1.257351227801545,-1033.149012818502,-1033.0794055690108,-13.247068875766853,-0.4709933576604204,0.02
-0.6986947788799918,-1033.847707597382,-1033.7781003478908,-13.272824178123253,-0.4756798077799092,0.02
-0.7333708186979426,-1034.58107841608,-1034.5114711665888,-13.248062300153228,-0.4770670998703484,0.02
-1.0285009198078785,-1035.6095793358877,-1035.5399720863966,-12.998522945729128,-0.4889339712900256,0.02
-1.0398055701598699,-1036.6493849060475,-1036.5797776565564,-12.788246214169064,-0.5006929225108234,0.02
-0.7205364464399318,-1037.3699213524874,-1037.3003141029963,-12.829747900212924,-0.5053889889436219,0.02
-0.7000160746079156,-1038.0699374270953,-1038.0003301776042,-13.191393784127293,-0.5154484307577674,0.02
-1.1536345384446824,-1039.22357196554,-1039.153964716049,-13.035346642790783,-0.5322893780623417,0.02
-0.7307755331999335,-1039.95434749874,-1039.8847402492488,-13.403746667663452,-0.5427110370687418,0.02
-0.7232276087199352,-1040.67757510746,-1040.6079678579688,-13.590801391660035,-0.5500099914719407,0.02
-0.35879441287679625,-1041.0363695203366,-1040.9667622708455,-13.417286931251912,-0.5451532196283569,0.02
-0.4607461209599994,-1041.4971156412967,-1041.4275083918055,-13.497892011692576,-0.5469137258571584,0.02
-1.0313503992479984,-1042.5284660405446,-1042.4588587910534,-13.763947442719653,-0.5638103034022598,0.02
-1.3367846289503682,-1043.865250669495,-1043.795643420004,-13.510360660750766,-0.5850125625654279,0.02
-0.7033785457606601,-1044.5686292152557,-1044.4990219657645,-14.002350488217175,-0.595664518365505,0.02
-0.7008302668799788,-1045.2694594821357,-1045.1998522326446,-14.454330071169895,-0.6053868416040339,0.02
-0.7033188345311352,-1045.9727783166668,-1045.9031710671757,-14.733421298373909,-0.6126328356150408,0.02
-0.7327085539531788,-1046.70548687062,-1046.6358796211289,-15.00556155530244,-0.6201160229427443,0.02
-0.6767293657599454,-1047.38221623638,-1047.3126089868888,-15.119934284489263,-0.6238180546441829,0.02
-0.7276030765919496,-1048.109819312972,-1048.0402120634808,-15.286010336208362,-0.6292589943256363,0.02
-0.7296073909599585,-1048.8394267039318,-1048.7698194544407,-15.29665483656021,-0.6302498104881963,0.02
-0.5101741177488193,-1049.3496008216807,-1049.2799935721896,-15.198427072332418,-0.6271364444914931,0.02
-0.35323726463519745,-1049.702838086316,-1049.6332308368249,-15.54168829163882,-0.6308621294753344,0.02
-0.5091917204079321,-1050.2120298067239,-1050.1424225572327,-15.526008031755241,-0.6305206569730939,0.02
-0.35120384111998365,-1050.5632336478438,-1050.4936263983527,-15.223701968036014,-0.6235009945426938,0.02
-0.25627862894398956,-1050.819512276788,-1050.7499050272968,-15.749291949241528,-0.6280226989887743,0.02
-0.84770975009763,-1051.6672220268856,-1051.5976147773945,-15.970793178487153,-0.6367162151907272,0.02
-0.5840266836479322,-1052.2512487105334,-1052.1816414610423,-15.9086965076315,-0.6331231508217668,0.02
-1.040049527492768,-1053.2912982380262,-1053.221690988535,-18.311512861855793,-0.6596534400367646,0.0
-0.6646843228960035,-1053.9559825609222,-1053.886375311431,-19.106226636363726,-0.6682876251231843,0.0
-0.6765559535199823,-1054.632538514442,-1054.562931264951,-19.088134795078705,-0.6672834322439836,0.0
-0.11292517019837367,-1054.7454636846405,-1054.6758564351494,-17.88824976593714,-0.6547920345519509,0.0
-0.6648149247999433,-1055.4102786094404,-1055.3406713599493,-18.030192025765505,-0.6578856708308622,0.0
-0.21506012202170052,-1055.625338731462,-1055.555731481971,-17.277638790621516,-0.646072253465858,0.0
-0.757339195463967,-1056.3826779269261,-1056.313070677435,-17.446378405756196,-0.6513024346290586,0.0
-0.30127743483596126,-1056.6839553617622,-1056.614348112271,-16.943835091922423,-0.6424655536517949,0.0
-0.2040094519840108,-1056.8879648137463,-1056.8183575642552,-16.265268547353685,-0.6316290064818765,0.0
-0.42448135739510967,-1057.3124461711413,-1057.2428389216502,-16.05094398339909,-0.6265624887929787,0.0
-0.12785845572000798,-1057.4403046268615,-1057.3706973773703,-15.46182873758272,-0.6202394012541866,0.0
-0.6024187365119844,-1058.0427233633734,-1057.9731161138823,-15.537501674908496,-0.6222229946876596,0.0
3.0865913794080533,-1054.9561319839654,-1054.8865247344743,-6.62174932489192,-0.5533395198329716,0.02
-0.6212892440927851,-1055.5774212280583,-1055.5078139785671,-6.642246385424012,-0.5551162864684278,0.02
-0.4359771820799285,-1056.0133984101383,-1055.9437911606472,-6.6986369319264485,-0.5586449022674669,0.02
-0.44043194879984826,-1056.4538303589381,-1056.384223109447,-6.751839343374141,-0.5619821148434643,0.02
-0.3275147420158722,-1056.781345100954,-1056.7117378514629,-6.708521660559663,-0.5591210009959418,0.02
-0.8953893699198973,-1057.676734470874,-1057.6071272213828,-6.791498675495624,-0.5676804188759401,0.02
-0.43647856227355186,-1058.1132130331475,-1058.0436057836564,-6.6946511503151385,-0.5574665045962928,0.02
-0.20260396990398882,-1058.3158170030515,-1058.2462097535604,-6.581214775475231,-0.5499563923321323,0.02
-0.8884097768520043,-1059.2042267799036,-1059.1346195304125,-6.689608692082864,-0.5602614486656529,0.02
-0.2870350429159005,-1059.4912618228195,-1059.4216545733284,-6.581201106434253,-0.5519920046423723,0.02
-1.7359536628895804,-1061.2272154857092,-1061.157608236218,-6.5303807674729,-0.561564053344133,0.02
-0.5363158497279918,-1061.7635313354372,-1061.693924085946,-6.495900259868005,-0.5583164747610929,0.02
-0.8762116368675061,-1062.6397429723047,-1062.5701357228136,-6.516799127490147,-0.5611732911244842,0.02
-0.4291335982453681,-1063.0688765705502,-1062.999269321059,-6.413700433779497,-0.549185944693234,0.02
-0.40761023135988766,-1063.4764868019101,-1063.406879552419,-6.3054902134587065,-0.5365420379172344,0.02
-0.9493062051200066,-1064.42579300703,-1064.356185757539,-6.335596455009268,-0.5411174330908359,0.02
-0.4535328336448394,-1064.879325840675,-1064.8097185911838,-6.281115320293086,-0.5361877682715744,0.02
-1.1212791003919738,-1066.000604941067,-1065.9309976915758,-6.2802484798507265,-0.5355406595105202,0.02
-0.9655985021950675,-1066.966203443262,-1066.8965961937708,-6.310082003494351,-0.5402371188904229,0.02
-0.8708653885119032,-1067.8370688317739,-1067.7674615822827,-6.331559216495506,-0.5431898744862622,0.02
-0.8143811645599747,-1068.651449996334,-1068.5818427468428,-6.431585466367777,-0.5523016095199258,0.02
-0.664991737279992,-1069.3164417336138,-1069.2468344841227,-6.478542672487937,-0.5563865218463256,0.02
-0.6626676052352072,-1069.979109338849,-1069.9095020893578,-6.430637967790208,-0.5490128659660699,0.02
-0.5091393893119771,-1070.488248728161,-1070.4186414786698,-6.347930337426232,-0.5324599611733021,0.02
-0.6523156425600336,-1071.140564370721,-1071.0709571212299,-6.338440222816206,-0.5314387031092895,0.02
-0.9466599386878852,-1072.0872243094088,-1072.0176170599177,-6.371300717438536,-0.5363552965454477,0.02
-0.5541314121503378,-1072.6413557215592,-1072.571748472068,-6.340870755198716,-0.5333715480978317,0.02
-0.5154470471919909,-1073.1568027687513,-1073.0871955192601,-6.296400280402847,-0.5290263179626079,0.02
-0.9699772070975949,-1074.1267799758489,-1074.0571727263577,-6.3356024370863855,-0.5348912747893609,0.02
-0.4856848412159718,-1074.6124648170648,-1074.5428575675737,-6.284625239327347,-0.5300529100818414,0.02
-0.4916968089601788,-1075.104161626025,-1075.0345543765338,-6.235134440783954,-0.5252946984418457,0.02
-0.6553383809279782,-1075.759500006953,-1075.6898927574618,-6.266724953270359,-0.528197983705429,0.02
-0.7083081861888203,-1076.4678081931418,-1076.3982009436506,-6.351102579261206,-0.5352994021365014,0.02
-0.5594910421536327,-1077.0272992352955,-1076.9576919858043,-6.363064515650557,-0.5363053885714154,0.02
-0.724581079289606,-1077.7518803145852,-1077.682273065094,-6.451955362792011,-0.5437729333348078,0.02
-0.5384961259199255,-1078.290376440505,-1078.220769191014,-6.534439903948057,-0.5494172832743266,0.02
-0.6866104631999936,-1078.976986903705,-1078.9073796542139,-6.509147299028968,-0.5461952975363739,0.02
-0.47749500777595655,-1079.454481911481,-1079.38487466199,-6.483192244669237,-0.5440646640189344,0.02
-0.5770119935999078,-1080.0314939050809,-1079.9618866555898,-6.418425448855303,-0.5348039133410771,0.02
-1.1393352094407945,-1081.1708291145217,-1081.1012218650305,-6.468553803109004,-0.544296931071973,0.02
-2.1005928748559826,-1083.2714219893776,-1083.2018147398865,-6.393469626810929,-0.5727776694986929,0.02
-0.7432593685438966,-1084.0146813579215,-1083.9450741084304,-6.565403783970857,-0.5853843534656035,0.02
-0.79806198896,-1084.8127433468815,-1084.7431360973903,-6.58890264569325,-0.5880492947488045,0.02
-0.8894388254856304,-1085.7021821723672,-1085.632574922876,-6.7497584770399355,-0.6015368688180831,0.02
-1.2246221760303817,-1086.9268043483976,-1086.8571970989065,-6.793385866896513,-0.6108825284294115,0.02
-0.4672274884800627,-1087.3940318368777,-1087.3244245873866,-6.843131574194813,-0.6142015295022936,0.02
-0.7981792944847671,-1088.1922111313625,-1088.1226038818713,-7.000160091239551,-0.6260849263523087,0.02
-0.6430326037519558,-1088.8352437351143,-1088.7656364856232,-7.056324067737333,-0.6304559512794455,0.02
-0.8457305296159701,-1089.6809742647304,-1089.6113670152392,-7.25649892179781,-0.6448133927573647,0.02
-2.1491648812798707,-1091.8301391460102,-1091.760531896519,-7.211088085847039,-0.6757483156527225,0.02
-0.36205653448797925,-1092.1921956804981,-1092.122588431007,-13.454752833661987,-0.7447212739306431,0.0
-1.2802890203599,-1093.472484700858,-1093.402877451367,-13.463739500093928,-0.7579012694559855,0.0
-1.2697928370767573,-1094.7422775379348,-1094.6726702884437,-13.636189320908647,-0.774577582555922,0.0
-0.7694493871999172,-1095.5117269251348,-1095.4421196756437,-13.850071227625632,-0.7811579313239234,0.0
-1.4814977174639872,-1096.9932246425988,-1096.9236173931076,-14.033415897844678,-0.8042375908328857,0.0
-1.2236846221655886,-1098.2169092647644,-1098.1473020152732,-14.007543072703298,-0.8108034958777995,0.0
-0.7443837303999368,-1098.9612929951643,-1098.8916857456732,-14.231310777108163,-0.8169615992403273,0.0
-0.9135389360240413,-1099.8748319311883,-1099.8052246816972,-14.82324697152689,-0.8311802985627282,0.0
-0.9539033296000066,-1100.8287352607883,-1100.7591280112972,-14.83557013692945,-0.8324901696176883,0.0
-0.951874489881539,-1101.7806097506698,-1101.7110025011787,-15.360207460273367,-0.8457869585570011,0.0
-0.5576494152240448,-1102.3382591658938,-1102.2686519164026,-15.715944779901346,-0.8222208736036903,0.0
-0.8701418174398984,-1103.2084009833336,-1103.1387937338425,-15.93896685080582,-0.8288973929579285,0.0
-0.8635358600783591,-1104.071936843412,-1104.0023295939209,-15.935319990786137,-0.8286438774221456,0.0
-1.6578882383999531,-1105.729825081812,-1105.6602178323208,-15.835188936071239,-0.8532189702252373,0.0
-1.1114755698239702,-1106.841300651636,-1106.7716934021448,-16.256012622555012,-0.8672962769945189,0.0
-1.2402768761200158,-1108.081577527756,-1108.011970278265,-16.216846170929333,-0.8731156904145191,0.0
-4.829501367907338,-1112.9110788956634,-1112.8414716461723,-10.161990224162935,-0.9606350610997691,0.0
-1.8922147801198852,-1114.8032936757834,-1114.7336864262923,-10.138449914838215,-0.9760537746943274,0.0
-1.3310036083200214,-1116.1342972841035,-1116.0646900346123,-10.187311355967182,-0.9833618768168263,0.0
-2.0208209907765595,-1118.1551182748801,-1118.085511025389,-10.200939950553055,-1.0063609888621194,0.0
-1.8087245206799045,-1119.9638427955601,-1119.894235546069,-10.279234410866355,-1.026247855984518,0.0
-0.8669863543679742,-1120.8308291499281,-1120.761221900437,-10.341710036880764,-1.0302877483262778,0.0
-4.131323517600084,-1124.9621526675282,-1124.8925454180371,-9.422138377571898,-1.0996608665735754,0.0
-1.2630276635999498,-1126.2251803311283,-1126.1555730816372,-9.598429665377608,-1.1147386320593349,0.0
-1.8161984734560046,-1128.0413788045844,-1127.9717715550933,-9.762576870134273,-1.138016288677254,0.0
-1.3218082804079025,-1129.3631870849922,-1129.293579835501,-9.827759419574704,-1.1455192555116545,0.0
-0.7943814627840187,-1130.1575685477762,-1130.087961298285,-9.902215339823394,-1.1503242565243281,0.0
-0.5014010905199688,-1130.6589696382962,-1130.589362388805,-9.897153140569921,-1.1500433373908876,0.0
-0.9280369544160249,-1131.5870065927122,-1131.517399343221,-9.887470239113627,-1.1492045323372564,0.0
-1.0358719608383726,-1132.6228785535507,-1132.5532713040595,-10.046827008429922,-1.1602082747297044,0.0
-0.7155737075199586,-1133.3384522610706,-1133.2688450115795,-10.12366085016121,-1.1646858127008999,0.0
-0.6470589702527919,-1133.9855112313235,-1133.9159039818323,-10.120921451362635,-1.1645202244873962,0.0
-0.9783646870399986,-1134.9638759183636,-1134.8942686688724,-10.194840797692832,-1.1699213545044198,0.0
-0.9180276513198955,-1135.8819035696833,-1135.8122963201922,-10.306238841943363,-1.177092086687745,0.0
-0.7381138984799144,-1136.6200174681633,-1136.5504102186721,-10.310516569070579,-1.1773627430715512,0.0
-0.7078483622399003,-1137.3278658304032,-1137.258258580912,-10.370168841348884,-1.1807497877979507,0.0
-0.8751587661525315,-1138.2030245965557,-1138.1334173470646,-10.427688194974422,-1.1845207538570015,0.0
-0.6978771584399437,-1138.9009017549956,-1138.8312945055045,-10.50958816928402,-1.188928396870281,0.0
-0.8533634869195892,-1139.7542652419152,-1139.684657992424,-10.602170612558224,-1.1944554267366747,0.0
-0.7591403836719444,-1140.5134056255872,-1140.443798376096,-10.504336719101527,-1.1868515302212979,0.0
-0.5465321852639938,-1141.0599378108511,-1140.99033056136,-10.305939997113255,-1.155770316429458,0.0
-0.7063095311999653,-1141.7662473420512,-1141.69664009256,-10.294142349420074,-1.1550313196825792,0.0
-0.8196322191999164,-1142.5858795612512,-1142.51627231176,-10.300432854521926,-1.1554627242873776,0.0
-0.870832406184028,-1143.4567119674352,-1143.387104717944,-10.29544021876118,-1.1550905959013458,0.0
-0.9598266644399905,-1144.4165386318753,-1144.3469313823841,-10.243048328578592,-1.1497946856695378,0.0
-1.804857334603126,-1146.2213959664784,-1146.1517887169873,-10.493471342872672,-1.1765472825919991,0.0
-1.4556781794671694,-1147.6770741459457,-1147.6074668964545,-10.623250356412177,-1.1896972602916471,0.0
-0.20568329717357578,-1147.8827574431193,-1147.8131501936282,-10.434966014808039,-1.1809502741600797,0.0
-0.7421655732223547,-1148.6249230163417,-1148.5553157668505,-10.403684366490388,-1.1788789750322073,0.0
-0.7922171937680307,-1149.4171402101097,-1149.3475329606185,-10.297990214923214,-1.1517400212819704,0.0
-0.894635786303916,-1150.3117759964136,-1150.2421687469225,-10.48809914792774,-1.1623916063182893,0.0
-0.5232707541519304,-1150.8350467505657,-1150.7654395010745,-10.287514909501391,-1.1472512409941298,0.0
-0.7653621924959721,-1151.6004089430617,-1151.5308016935705,-10.17649299115418,-1.137162628102514,0.0
-0.8939550023440097,-1152.4943639454057,-1152.4247566959145,-10.211275835912787,-1.1396527404053958,0.0
-0.11507387659586035,-1152.6094378220016,-1152.5398305725105,-9.82612089677605,-1.1123242635880333,0.0
-0.9200678136046636,-1153.5295056356063,-1153.4598983861151,-9.769015563137941,-1.1062519274168148,0.0
-0.3228930297600371,-1153.8523986653663,-1153.7827914158752,-9.622928761296269,-1.097822113404017,0.0
-0.641306957531179,-1154.4937056228976,-1154.4240983734064,-9.549855204709985,-1.0923774738341596,0.0
-0.8872178227199656,-1155.3809234456176,-1155.3113161961264,-9.534869299845504,-1.0910437636965589,0.0
-0.7448859244639257,-1156.1258093700815,-1156.0562021205903,-9.484272779209725,-1.0869039923882065,0.0
-0.6461541356607352,-1156.7719635057422,-1156.702356256251,-9.51218527154031,-1.0886740867969404,0.0
-2.3016093784319036,-1159.0735728841742,-1159.003965634683,-9.562569145347435,-1.1173034380167806,0.0
-1.4290056197279735,-1160.5025785039022,-1160.432971254411,-9.655633140248788,-1.1286128332097727,0.0
-0.988551709286341,-1161.4911302131886,-1161.4215229636975,-9.578967086015624,-1.1152261026275005,0.0
-0.8197158369599301,-1162.3108460501485,-1162.2412388006574,-9.516833201341175,-1.1093909079702198,0.0
-0.573476141680003,-1162.8843221918285,-1162.8147149423373,-9.366494923763213,-1.0960548932814196,0.0
-0.6573401772080165,-1163.5416623690364,-1163.4720551195453,-11.282165805056973,-1.012611669467433,0.0
-0.5166967133399432,-1164.0583590823765,-1163.9887518328853,-11.133105881762985,-0.9851013081318343,0.0
-0.5401605404159879,-1164.5985196227925,-1164.5289123733014,-10.93598141172962,-0.9692844467737536,0.0
-1.5996344809199576,-1166.1981541037126,-1166.1285468542214,-11.042944085992076,-0.9608607165766214,0.0
-0.5048405590079801,-1166.7029946627206,-1166.6333874132295,-10.901310136315097,-0.934783037343183,0.0
-1.6130679738574687,-1168.316062636578,-1168.2464553870868,-10.94384663607784,-0.949704669732973,0.0
-2.880979547801144,-1171.1970421843791,-1171.127434934888,-13.128404973853186,-0.9246977903369941,0.0
-0.44458951357747306,-1171.6416316979567,-1171.5720244484655,-12.842976947673757,-0.9083290273365445,0.0
-0.9493792726079529,-1172.5910109705646,-1172.5214037210735,-13.042188000303254,-0.8909926433195835,0.0
-0.4822797103108188,-1173.0732906808755,-1173.0036834313844,-12.814353612046567,-0.8742020719176419,0.0
-1.0341445652735757,-1174.1074352461492,-1174.037827996658,-12.874655764277566,-0.878997333967433,0.0
-0.6551862160703716,-1174.7626214622196,-1174.6930142127285,-12.971547918999306,-0.8820730364784412,0.0
-2.190322350719897,-1176.9529438129396,-1176.8833365634484,-12.468751258436166,-0.9073187444045184,0.0
-0.6991524524543224,-1177.652096265394,-1177.5824890159029,-12.364749099553208,-0.9005843542368375,0.0
-1.8596382534286564,-1179.5117345188225,-1179.4421272693314,-12.287058017877445,-0.9234656451550114,0.0
-0.7388993539199362,-1180.2506338727426,-1180.1810266232515,-12.3300674889184,-0.9253024528283542,0.0
-1.1081006194966923,-1181.3587344922394,-1181.2891272427482,-12.351375842712207,-0.9278971714774882,0.0
-0.8195924940783048,-1182.1783269863176,-1182.1087197368265,-12.320177084880008,-0.9259284683326563,0.0
-0.6650541656863171,-1182.843381152004,-1182.7737739025129,-12.28652806329543,-0.9244672736767845,0.0
-1.1101954115118984,-1183.953576563516,-1183.8839693140249,-12.40033986423034,-0.9325142146622244,0.0
-1.0061376424320416,-1184.959714205948,-1184.890106956457,-12.434388244371126,-0.9351337921878147,0.0
-0.3571952119999985,-1185.3169094179482,-1185.247302168457,-12.22530461723012,-0.9283201532590158,0.0
-0.4471312159777264,-1185.764040633926,-1185.694433384435,-12.025802405282938,-0.9201955078401783,0.0
-0.8008150291753187,-1186.5648556631013,-1186.4952484136102,-12.041517477805932,-0.921029000750246,0.0
-2.4390678133439616,-1189.0039234764452,-1188.934316226954,-11.72560627289446,-0.9588797133118453,0.0
-0.8199674547199467,-1189.8238909311651,-1189.754283681674,-11.769166337843927,-0.961152871782245,0.0
-0.8518291852800226,-1190.675720116445,-1190.606112866954,-11.779911918771939,-0.9617968111038471,0.0
-0.8955516608128256,-1191.5712717772578,-1191.5016645277667,-11.787345747620362,-0.9622911961964229,0.0
-0.786048617999987,-1192.3573203952578,-1192.2877131457667,-11.734054921943448,-0.9588156352676229,0.0
-0.6330420762399513,-1192.9903624714977,-1192.9207552220066,-11.672162854893227,-0.9353793301003595,0.0
-0.5945451068879413,-1193.5849075783856,-1193.5153003288945,-11.518166074306187,-0.9181566686487749,0.0
-0.2858490160240307,-1193.8707565944096,-1193.8011493449185,-11.577678160794008,-0.9197599830257839,0.0
-0.7319355801159465,-1194.6026921745256,-1194.5330849250345,-11.573732481917022,-0.9195553831636558,0.0
-0.07026694265994993,-1194.6729591171857,-1194.6033518676945,-11.149264939198979,-0.9051163781414941,0.0
-0.7023571446519905,-1195.3753162618377,-1195.3057090123466,-11.088355221183994,-0.9012708053084556,0.0
-0.48416282768797797,-1195.8594790895256,-1195.7898718400345,-11.06832843211643,-0.9004886467791766,0.0
-1.0182422638079673,-1196.8777213533335,-1196.8081141038424,-11.132401949671605,-0.9055462482054165,0.0
-0.8194569167998688,-1197.6971782701335,-1197.6275710206423,-11.111678430266041,-0.9040562864945336,0.0
-0.42480243359996184,-1198.1219807037335,-1198.0523734542423,-11.323676920211442,-0.9102508576346158,0.0
-0.572204038623959,-1198.6941847423575,-1198.6245774928664,-11.198457179283944,-0.9032935821350017,0.0
-0.4809247797760061,-1199.1751095221334,-1199.1055022726423,-11.292959599618607,-0.906454217135321,0.0
-0.29670864933592805,-1199.4718181714693,-1199.4022109219782,-11.10446489629641,-0.899562250971416,0.0
-0.46407658803518104,-1199.9358947595044,-1199.8662875100133,-10.938196132479558,-0.8910994262777203,0.0
-0.552182357039917,-1200.4880771165444,-1200.4184698670533,-10.860576585803322,-0.8872453549292402,0.0
-0.5469899350150844,-1201.0350670515595,-1200.9654598020684,-10.817690965629133,-0.8852620709163271,0.0
-0.6427946985407532,-1201.6778617501002,-1201.608254500609,-11.096975513748518,-0.8520857773185041,0.0
-1.3139752922000114,-1202.9918370423002,-1202.922229792809,-11.112248356023127,-0.8497851707679449,0.0
-1.2358819724000145,-1204.2277190147001,-1204.158111765209,-11.128101796811455,-0.8547317760302182,0.0
-1.2353813759039078,-1205.463100390604,-1205.393493141113,-11.183303859663907,-0.8630450868090979,0.0
-0.6561663300719183,-1206.119266720676,-1206.049659471185,-11.220264047557466,-0.8646988905769362,0.0
-0.6564636314790648,-1206.775730352155,-1206.706123102664,-11.219898936214182,-0.8646813596623573,0.0
-0.9277618869119533,-1207.703492239067,-1207.6338849895758,-11.372815949610748,-0.8729026631337973,0.0
-0.8386946159615496,-1208.5421868550284,-1208.4725796055372,-11.494131909411548,-0.8788733446447087,0.0
-0.6936258383680295,-1209.2358126933964,-1209.1662054439053,-11.455427953538496,-0.8607531717936701,0.0
-2.7049191894143494,-1211.9407318828107,-1211.8711246333196,-10.878648332106572,-0.9047547444017974,0.0
-0.834279428735921,-1212.7750113115467,-1212.7054040620555,-10.85223777097101,-0.8891789734993665,0.0
-1.4379583436511336,-1214.2129696551979,-1214.1433624057067,-11.895915516581281,-0.8603185494163662,0.0
-1.0308254854399324,-1215.2437951406378,-1215.1741878911466,-12.128097439451519,-0.8720432688536155,0.0
-0.8211643683839357,-1216.0649595090217,-1215.9953522595306,-12.094175025756444,-0.869478970769135,0.0
-1.8355299711597688,-1217.9004894801815,-1217.8308822306903,-12.125210328148778,-0.8965439759861141,0.0
-1.399978229094395,-1219.3004677092758,-1219.2308604597847,-12.121791681040387,-0.9038606492625305,0.0
-0.5100319197119292,-1219.8104996289878,-1219.7408923794967,-12.0427067041688,-0.9009575633353616,0.0
-0.9945034403999589,-1220.8050030693878,-1220.7353958198967,-12.498407973961523,-0.8770411851289629,0.0
-0.5652502698239376,-1221.3702533392118,-1221.3006460897207,-12.42737236196258,-0.8743631414763552,0.0
-0.7044780443519904,-1222.0747313835639,-1222.0051241340727,-12.602218694598044,-0.8512599372948219,0.0
-0.46457546104723046,-1222.539306844611,-1222.46969959512,-12.447341931539482,-0.8457734594373677,0.0
-0.631753723583969,-1223.171060568195,-1223.1014533187038,-12.321846550014117,-0.8362465215191132,0.0
-0.5309510462519501,-1223.7020116144467,-1223.6324043649556,-12.188580110874092,-0.8304736925625862,0.0
-0.6634608132223917,-1224.3654724276691,-1224.295865178178,-12.187834322698857,-0.8304418255133076,0.0
-0.6932365108880039,-1225.0587089385572,-1224.989101689066,-12.098279877481392,-0.8221026475008298,0.0
0.20567755273598282,-1224.8530313858212,-1224.78342413633,-11.26696644861889,-0.7978663435974692,0.02
-0.46254793075195394,-1225.3155793165731,-1225.245972067082,-11.333836125402955,-0.7999733979725083,0.02
-0.4680499724895808,-1225.7836292890627,-1225.7140220395715,-11.346294193347608,-0.8003917731027456,0.02
-0.999620772863964,-1226.7832500619265,-1226.7136428124354,-11.38487287466787,-0.8043678879765183,0.02
-0.3116862752639586,-1227.0949363371906,-1227.0253290876994,-12.069987999490156,-0.7618202572149183,0.02
-0.45094739376000675,-1227.5458837309507,-1227.4762764814595,-11.899092703486456,-0.7544398559957196,0.02
-0.5831564481279725,-1228.1290401790786,-1228.0594329295875,-11.80353605195069,-0.7490664012526785,0.02
-0.6315331105599605,-1228.7605732896386,-1228.6909660401475,-11.725593757608646,-0.7437860302476212,0.02
-1.9446575621975932,-1230.7052308518362,-1230.635623602345,-11.321615161002052,-0.7669582091315735,0.02
-0.5067472878719781,-1231.2119781397082,-1231.142370890217,-11.26008445932522,-0.7644323133642139,0.02
-0.5903986994399267,-1231.802376839148,-1231.732769589657,-11.258166437630253,-0.7643493852152536,0.02
-0.20702712293910008,-1232.0094039620872,-1231.939796712596,-11.195416980291748,-0.7627729473535549,0.02
-0.34189005171200687,-1232.3512940137991,-1232.281686764308,-10.999170870342523,-0.7549720367854762,0.02
-0.3376701498575865,-1232.6889641636567,-1232.6193569141656,-11.219009394445731,-0.7603201009294289,0.02
-0.48527047680000146,-1233.1742346404567,-1233.1046273909656,-11.120446689900024,-0.7559783675723892,0.02
-0.5645320091999918,-1233.7387666496568,-1233.6691594001657,-11.162153721368938,-0.7575857512026295,0.02
-0.5870447135999854,-1234.3258113632567,-1234.2562041137655,-11.055545295247567,-0.7489618001984698,0.02
-0.21840658195199014,-1234.5442179452086,-1234.4746106957175,-10.752646581240933,-0.7369407935015123,0.02
-0.34420271872318703,-1234.8884206639318,-1234.8188134144407,-10.70332469629208,-0.7353287992039766,0.02
-0.7349004316159755,-1235.6233210955477,-1235.5537138460566,-10.763072956867067,-0.738582727063817,0.02
-0.35917231589038107,-1235.982493411438,-1235.912886161947,-10.692555096556692,-0.7361476777861046,0.02
-0.04896095134400963,-1236.0314543627821,-1235.961847113291,-10.498199137027036,-0.7311927238262662,0.02
-0.5328182409480309,-1236.5642726037302,-1236.494665354239,-10.531882934518476,-0.7325675568845231,0.02
-0.6563872939503039,-1237.2206598976804,-1237.1510526481893,-10.573632602702908,-0.7346516556227308,0.02
-0.15970913587196098,-1237.3803690335524,-1237.3107617840612,-10.337693729231175,-0.7269060396398684,0.02
-0.7044780443519904,-1238.0848470779044,-1238.0152398284133,-10.358024020132808,-0.7281397065560931,0.02
-0.6991632184575198,-1238.7840102963619,-1238.7144030468708,-10.33045784538875,-0.7158434650812433,0.02
-0.3605974921439755,-1239.144607788506,-1239.0750005390148,-10.145483405914835,-0.6983377754761227,0.02
-0.3837251791999685,-1239.5283329677059,-1239.4587257182147,-9.984353205058879,-0.6813046515420438,0.02
-0.38435950799998825,-1239.9126924757059,-1239.8430852262147,-9.868274319431375,-0.6758685151006051,0.02
-0.351595570559974,-1240.2642880462658,-1240.1946807967747,-9.736615506688157,-0.6697711538822233,0.02
-0.41101052219997253,-1240.675298568466,-1240.6056913189748,-9.588376212071957,-0.6594361265879837,0.02
-0.7324472417975229,-1241.4077458102633,-1241.3381385607722,-9.568420725693674,-0.6573111791047032,0.02
-0.4487302943760245,-1241.8564761046393,-1241.7868688551482,-9.48066776492568,-0.6524132682248631,0.02
-0.4363419974399543,-1242.2928181020793,-1242.2232108525882,-11.03181480866725,-0.6070417243853752,0.02
-0.5697851467199642,-1242.8626032487994,-1242.7929959993082,-10.973180010073063,-0.6017518387450561,0.02
-0.6854010132479987,-1243.5480042620475,-1243.4783970125563,-11.23744849262035,-0.5867006921369934,0.02
-0.33770775651197715,-1243.8857120185594,-1243.8161047690683,-11.090442415810331,-0.5728383375584343,0.02
-1.0510347366574742,-1244.936746755217,-1244.8671395057258,-11.042914987586515,-0.577435744923905,0.02
-0.2627432938880111,-1245.199490049105,-1245.1298827996138,-11.8552351719104,-0.54598001137847,0.02
-0.7274455372799651,-1245.9269355863848,-1245.8573283368937,-12.418733463902553,-0.5325293575421813,0.02
-0.4021446792839326,-1246.3290802656688,-1246.2594730161777,-12.346596261084905,-0.5303716127336213,0.02
-0.7151870315520372,-1247.0442672972208,-1246.9746600477297,-12.466062371989185,-0.524785284556663,0.02
-0.5253992460959791,-1247.5696665433168,-1247.5000592938256,-12.449474357646078,-0.5239882640821039,0.02
-0.7251045411999606,-1248.2947710845167,-1248.2251638350256,-12.448230452557743,-0.5244007940190631,0.02
-1.2299021779198944,-1249.5246732624366,-1249.4550660129455,-12.167116674571345,-0.5397073283565165,0.02
-0.33824771462397907,-1249.8629209770606,-1249.7933137275695,-11.997776350074988,-0.5338372081773166,0.02
-0.3610739337727996,-1250.2239949108334,-1250.1543876613423,-11.886333064930614,-0.5304396659277336,0.02
-0.6868449976319222,-1250.9108399084653,-1250.8412326589741,-11.888748199962533,-0.5309073496159243,0.02
-0.7026116526159903,-1251.6134515610813,-1251.5438443115902,-11.88921558320374,-0.5310948524504839,0.02
0.3128763216984283,-1251.3005752393829,-1251.2309679898917,-11.645349349417842,-0.5289508770712351,0.02
-1.2105429924599957,-1252.5111182318428,-1252.4415109823517,-11.485259878050313,-0.5439107783053959,0.02
-0.5319286492543583,-1253.043046881097,-1252.973439631606,-11.518086199302793,-0.5451883518406916,0.02
-0.4036917861599325,-1253.446738667257,-1253.377131417766,-11.46617965881469,-0.5332697721066109,0.02
-0.5914965869999189,-1254.038235254257,-1253.9686280047658,-11.637489044220567,-0.53886597834133,0.02
-0.750507579852767,-1254.7887428341098,-1254.7191355846187,-11.72835634316193,-0.5448571820631853,0.02
-0.2627432938880111,-1255.0514861279978,-1254.9818788785067,-11.509565290781003,-0.5384489189783861,0.02
-0.4622150246399553,-1255.5137011526379,-1255.4440939031467,-11.440763239394563,-0.535062557259986,0.02
-0.5852108220799437,-1256.0989119747178,-1256.0293047252267,-13.677984678897767,-0.5078736224576329,0.02
-0.46379012226400007,-1256.5627020969819,-1256.4930948474907,-13.651074049967148,-0.5070144791454734,0.02
0.040318265736036446,-1256.5223838312459,-1256.4527765817547,-12.793879657736534,-0.4944001398419541,0.04
-0.28122076895385467,-1256.8036046001996,-1256.7339973507085,-12.896776911078785,-0.4958840127622492,0.04
-0.2492144685855808,-1257.052819068785,-1256.983211819294,-12.784807361356052,-0.49403050109972063,0.04
-0.20710030527998957,-1257.259919374065,-1257.190312124574,-12.620337158617906,-0.49141910420816876,0.04
-0.32505310454398706,-1257.584972478609,-1257.5153652291178,-12.4934211167425,-0.48821475676304843,0.04
-0.2720994735167912,-1257.8570719521258,-1257.7874647026347,-12.28091089629754,-0.48236610604938446,0.04
-0.26983682699999484,-1258.1269087791259,-1258.0573015296347,-12.069115901139053,-0.47602194831738465,0.04
-0.44424407001598254,-1258.5711528491418,-1258.5015455996506,-12.288955680729046,-0.4805386980786645,0.04
-0.2235357385680098,-1258.7946885877097,-1258.7250813382186,-12.152487593124231,-0.4781253584755609,0.04
-0.2506741005599667,-1259.0453626882697,-1258.9757554387786,-11.935500962078368,-0.4684408318544407,0.04
-0.38594198822393205,-1259.4313046764937,-1259.3616974270026,-11.957137073960777,-0.46897622530111177,0.04
-0.3905232211687991,-1259.8218278976626,-1259.7522206481715,-12.413040359708841,-0.47580747069760754,0.04
-0.4599545450879701,-1260.2817824427507,-1260.2121751932596,-12.380256298185264,-0.4743501967804064,0.04
-0.43556984596797454,-1260.7173522887188,-1260.6477450392276,-12.319845059354636,-0.4699338478207597,0.04
-0.011867504399946993,-1260.7292197931188,-1260.6596125436276,-12.05625307356088,-0.46697701519131946,0.04
-0.17101599360549768,-1260.9002357867244,-1260.8306285372332,-11.740961987000173,-0.4563077741763896,0.04
-0.07922050751998039,-1260.9794562942443,-1260.9098490447532,-11.309391212355504,-0.4439089199576388,0.04
-0.3630776271999781,-1261.3425339214443,-1261.2729266719532,-11.311252890387692,-0.4439585226587589,0.04
-0.6792149411998958,-1262.0217488626442,-1261.9521416131531,-11.388179392342325,-0.4498683178987574,0.04
-0.4722491401919835,-1262.4939980028362,-1262.424390753345,-11.43846183094303,-0.4516261105425973,0.04
-0.4863268065279731,-1262.9803248093642,-1262.910717559873,-11.52026307267225,-0.4543207352619573,0.04
-0.40004367638398053,-1263.3803684857482,-1263.3107612362571,-11.51312047150979,-0.45410139834563745,0.04
-0.337862535436753,-1263.718231021185,-1263.6486237716938,-11.411878592338864,-0.4462097042184221,0.04
-0.34194659770318675,-1264.060177618888,-1263.990570369397,-11.341488530348949,-0.44407403028496534,0.04
-0.5280817537279795,-1264.588259372616,-1264.5186521231249,-11.378216196315217,-0.4459088254107259,0.04
-0.7311958547038228,-1265.3194552273198,-1265.2498479778287,-11.364037026089125,-0.44913703957040296,0.04
-0.6405650100959546,-1265.9600202374158,-1265.8904129879247,-11.36935589266764,-0.44824031950736215,0.04
-0.6850452976799088,-1266.6450655350957,-1266.5754582856046,-11.484472814446226,-0.45518707033072076,0.04
-0.4997491699200037,-1267.1448147050157,-1267.0752074555246,-11.756710466198141,-0.44416135899597137,0.04
-0.2734640252815409,-1267.4182787302973,-1267.3486714808062,-11.768616568697663,-0.44437577362384195,0.04
-0.7026116526159903,-1268.1208903829133,-1268.0512831334222,-11.77771317290605,-0.4438790959305624,0.04
-0.6774155107775172,-1268.798305893691,-1268.7286986441998,-11.838613440305572,-0.44938451256043416,0.04
-0.7270416248928333,-1269.5253475185837,-1269.4557402690925,-11.834286164904364,-0.4496216044272501,0.04
-0.4967216031935833,-1270.0220691217773,-1269.9524618722862,-11.824991782955294,-0.44904805156920213,0.04
-0.6665370470399901,-1270.6886061688174,-1270.6189989193263,-11.841827960832202,-0.4478767016860028,0.04
-0.6491413076399055,-1271.3377474764573,-1271.2681402269661,-12.597188815778013,-0.43626148428040296,0.04
-0.07305360403195882,-1271.4108010804891,-1271.341193830998,-12.200482252220569,-0.43095760206856254,0.04
-0.3589293344000073,-1271.7697304148892,-1271.700123165398,-12.19867306359188,-0.43091471008110666,0.04
-0.47993128575997246,-1272.249661700649,-1272.180054451158,-12.207300972525443,-0.4267764358436677,0.04
-0.4005414715199894,-1272.650203172169,-1272.580595922678,-12.18950730416411,-0.42073503222174774,0.04
-0.337862535436753,-1272.9880657076058,-1272.9184584581146,-13.887901180266077,-0.43374980936445134,0.02
-0.3424858465250936,-1273.3305515541308,-1273.2609443046397,-15.396572172731528,-0.4163886664457533,0.02
-0.7450066532159615,-1274.0755582073468,-1274.0059509578557,-15.170178614767263,-0.4206502265249853,0.02
-0.5069186599679655,-1274.5824768673149,-1274.5128696178238,-15.217181761475747,-0.422714764001146,0.02
-0.4854060215359346,-1275.0678828888508,-1274.9982756393597,-15.23899708553794,-0.42059295269186636,0.02
-0.3520124301823653,-1275.4198953190332,-1275.350288069542,-15.390156123639473,-0.4126230496984583,0.02
-0.34751132847998134,-1275.767406647513,-1275.697799398022,-15.532977329466608,-0.41431841039029765,0.02
-0.324379835784004,-1276.091786483297,-1276.022179233806,-15.406194415726924,-0.41156170661317865,0.02
-0.33459578885920477,-1276.4263822721562,-1276.356775022665,-15.328446097285555,-0.40654940594876393,0.02
-0.48106255495999484,-1276.9074448271163,-1276.8378375776251,-15.331580203023908,-0.4068948546026838,0.02
-0.5034266165760058,-1277.4108714436923,-1277.3412641942011,-16.701232228555636,-0.4177697522489246,0.0
-0.4915984315039228,-1277.9024698751962,-1277.832862625705,-16.945875192077786,-0.421977305499926,0.0
-0.2831336175999985,-1278.1856034927962,-1278.115996243305,-17.03140464586085,-0.4226556884802143,0.0
-1.0024914391199855,-1279.188094931916,-1279.118487682425,-16.268961937601357,-0.4385635111570142,0.0
-1.05700268215198,-1280.245097614068,-1280.175490364577,-15.362969132767052,-0.4532025027091741,0.0
-0.19730422353598764,-1280.4424018376042,-1280.372794588113,-15.198900169861421,-0.451706597709558,0.0
-0.9383485502744138,-1281.3807503878786,-1281.3111431383875,-15.001056417396569,-0.4650768321750464,0.0
-0.5712532623359466,-1281.9520036502145,-1281.8823964007233,-15.050091815964858,-0.4676170160214457,0.0
-0.4544117798616235,-1282.406415430076,-1282.336808180585,-15.392754032267902,-0.47223453684731803,0.0
-0.5464019816639845,-1282.9528174117402,-1282.883210162249,-15.737897493023599,-0.47814909446939835,0.0
-0.9304867267800963,-1283.8833041385203,-1283.8136968890292,-15.471474323784573,-0.4890399892405216,0.0
-0.8109115046399684,-1284.6942156431603,-1284.6246083936692,-15.460306773449146,-0.497447754909945,0.0
-0.29699717745599236,-1284.9912128206163,-1284.9216055711252,-15.246783930000388,-0.4941886075573054,0.0
-0.16143258503999092,-1285.1526454056564,-1285.0830381561652,-14.782858358396032,-0.48870586233874586,0.0
-0.5543570565791592,-1285.7070024622356,-1285.6373952127444,-15.786965759283518,-0.49955565338233,0.0
-0.6730544667166503,-1286.3800569289522,-1286.310449679461,-16.377667315373465,-0.5095964228445531,0.0
-0.9060014070814943,-1287.2860583360336,-1287.2164510865425,-17.0568734930476,-0.5261320408357834,0.0
-0.6163878783599888,-1287.9024462143936,-1287.8328389649025,-17.29296322485184,-0.5311982458589836,0.0
-1.3087964160239516,-1289.2112426304177,-1289.1416353809266,-15.874119011204176,-0.5437898753554647,0.0
-0.6518667801599709,-1289.8631094105776,-1289.7935021610865,-15.96289543654749,-0.5473822281548244,0.0
-0.7437683819999794,-1290.6068777925775,-1290.5372705430864,-16.021974959558197,-0.5525310596642646,0.0
-0.3674483637560287,-1290.9743261563335,-1290.9047189068424,-15.9735979388578,-0.5518791534117056,0.0
-0.4236712211765141,-1291.3979973775101,-1291.328390128019,-16.103097853975903,-0.5535953271265007,0.0
-1.0917227865599433,-1292.4897201640701,-1292.420112914579,-15.92200007896813,-0.5685908509036358,0.0
-0.5207291807999731,-1293.01044934487,-1292.940842095379,-15.916263178128938,-0.5684437994450757,0.0
-0.6383399237279874,-1293.648789268598,-1293.5791820191068,-15.918708461576703,-0.5665866808255591,0.0
-0.8641521664000114,-1294.512941434998,-1294.443334185507,-15.840411083301476,-0.5710584239516402,0.0
-0.6792295161599136,-1295.192170951158,-1295.1225637016669,-15.840336063392105,-0.5709421083212403,0.0
-0.7652913956158901,-1295.9574623467738,-1295.8878550972827,-15.911212802407931,-0.576252952835158,0.0
-0.8403990281951441,-1296.797861374969,-1296.7282541254779,-16.294849180023608,-0.5875916528934301,0.0
-0.63271528319995,-1297.430576658169,-1297.3609694086779,-16.284387709406662,-0.5861937255051093,0.0
-0.5003976187583832,-1297.9309742769274,-1297.8613670274362,-16.190003523488876,-0.5826533676647265,0.0
-0.07163352703999148,-1298.0026078039673,-1297.9330005544762,-15.288218077690152,-0.5695452057076698,0.0
-0.6504389228159959,-1298.6530467267833,-1298.5834394772921,-15.369041575916775,-0.572619552100118,0.0
-0.35836612816704494,-1299.0114128549503,-1298.9418056054592,-15.127126223767831,-0.566456133722659,0.0
-0.5690001898392091,-1299.5804130447896,-1299.5108057952984,-15.099317135537225,-0.5648533113666452,0.0
-0.43707807811201094,-1300.0174911229017,-1299.9478838734105,-15.81849787324679,-0.5721338008482462,0.0
-0.3478918153359699,-1300.3653829382376,-1300.2957756887465,-15.800740921487078,-0.5719130504669655,0.0
-0.5365613657599069,-1300.9019443039977,-1300.8323370545065,-15.849644807639125,-0.5730456520669641,0.0
-1.6955199854039904,-1302.5974642894016,-1302.5278570399105,-14.173081993345555,-0.5989452223446441,0.0
-0.2346832351934067,-1302.832147524595,-1302.762540275104,-14.023611772727387,-0.5968816363397772,0.0
-0.3599209527479787,-1303.192068477343,-1303.1224612278518,-14.045103896711334,-0.5972303384642349,0.0
-0.4464206837599946,-1303.6384891611028,-1303.5688819116117,-13.906016167343981,-0.5912586190751157,0.0
-1.0535155580879418,-1304.6920047191907,-1304.6223974696995,-13.858910514106183,-0.6021905570375151,0.0
-1.0452353202847684,-1305.7372400394754,-1305.6676327899843,-13.860002746271103,-0.6133871430124918,0.0
-0.46990022860798364,-1306.2071402680833,-1306.1375330185922,-13.981988558946615,-0.6157448989810042,0.0
-0.32493434692316525,-1306.5320746150064,-1306.4624673655153,-13.95359967319457,-0.615293359349868,0.0
-0.18748869111355826,-1306.7195633061199,-1306.6499560566288,-13.753550343450316,-0.612555536456459,0.0
-0.3832702724543866,-1307.1028335785743,-1307.0332263290832,-13.809894702088336,-0.6135290261283626,0.0
-0.6058694246399985,-1307.7087030032144,-1307.6390957537233,-13.891158362377855,-0.6160251635219626,0.0
-0.23764486076799632,-1307.9463478639823,-1307.8767406144912,-13.59399830783927,-0.6107095284058025,0.0
-0.24687270191994812,-1308.1932205659023,-1308.1236133164111,-13.331379159573707,-0.605815013814123,0.0
-0.2887671227391675,-1308.4819876886415,-1308.4123804391504,-13.338515849947235,-0.6059276839169064,0.0
-0.2852343575999619,-1308.7672220462416,-1308.6976147967505,-13.105177059438486,-0.5915825422865059,0.0
-1.3587064739407881,-1310.1259285201825,-1310.0563212706913,-12.782727069423645,-0.5976166181222821,0.0
-1.0479593718591642,-1311.1738878920416,-1311.1042806425505,-13.112972407880864,-0.6146297210887455,0.0
-0.3672379643136002,-1311.5411258563552,-1311.471518606864,-12.928398730009302,-0.6032075093695293,0.0
-0.157822288128026,-1311.6989481444832,-1311.629340894992,-12.529892065611737,-0.5949388898853709,0.0
-0.3322449932791633,-1312.0311931377623,-1311.9615858882712,-12.42458435873045,-0.5924955541537217,0.0
-0.21645890431995563,-1312.2476520420823,-1312.1780447925912,-12.140689410523683,-0.5858966926068411,0.0
-0.2652831449857488,-1312.512935187068,-1312.443327937577,-11.890357901970143,-0.5725926209709542,0.0
-0.9289332040319422,-1313.4418683911,-1313.3722611416088,-11.868038558964448,-0.5749530549587937,0.0
-0.48521427657591465,-1313.927082667676,-1313.8574754181848,-12.01755511520686,-0.5787173969411921,0.0
-1.1253608453695267,-1315.0524435130453,-1314.9828362635542,-12.305787511659245,-0.5979959621477827,0.0
-0.3185457189680309,-1315.3709892320132,-1315.3013819825221,-12.131838888356741,-0.5932797353955602,0.0
-0.6453937059871292,-1316.0163829380003,-1315.9467756885092,-12.124241457371054,-0.5927265201809698,0.0
-0.32330963679998753,-1316.3396925748002,-1316.270085325309,-11.918165629239049,-0.5810726847753397,0.0
-0.40069247486400117,-1316.7403850496642,-1316.670777800173,-11.799582783041727,-0.57675877670542,0.0
-0.4025425050399677,-1317.142927554704,-1317.073320305213,-11.9634314965886,-0.5586336984857403,0.0
-0.35844418815678314,-1317.5013717428608,-1317.4317644933697,-11.80567943323044,-0.5527652466456765,0.0
-0.3297274612367984,-1317.8310992040977,-1317.7614919546065,-11.618402124277107,-0.5444844282304129,0.0
-0.5128525666791754,-1318.3439517707768,-1318.2743445212857,-11.713317158441185,-0.5473925122888759,0.0
-0.4051854570240291,-1318.749137227801,-1318.6795299783098,-11.700147083782161,-0.5470227970058261,0.0
-0.3518789367599898,-1319.1010161645609,-1319.0314089150697,-11.675260614254405,-0.532225920009827,0.0
-0.47617815841595723,-1319.5771943229768,-1319.5075870734856,-11.652384904417092,-0.5313348995621466,0.0
-0.49091189415841696,-1320.0681062171352,-1319.998498967644,-11.599164273432121,-0.5283863389707553,0.0
-0.516356026087926,-1320.5844622432232,-1320.5148549937321,-11.57549875889097,-0.5214304161645136,0.0
-0.37509486299998984,-1320.9595571062232,-1320.889949856732,-11.446488137319802,-0.515347723101315,0.0
-0.47238854272001124,-1321.4319456489432,-1321.362338399452,-11.386631249268445,-0.5094896660433975,0.0
-0.3356399333759937,-1321.767585582319,-1321.697978332828,-11.256290524662782,-0.49939448414701454,0.0
-0.5856269227048654,-1322.353212505024,-1322.2836052555328,-11.246934796563348,-0.49845271693711285,0.0
-0.5463877935871653,-1322.8996002986112,-1322.82999304912,-11.265106440027264,-0.49937252043368846,0.0
-0.42453633310316985,-1323.3241366317143,-1323.2545293822232,-11.639368166761322,-0.5064305765549519,0.0
-0.6149716019999669,-1323.9391082337143,-1323.8695009842231,-11.634110546542884,-0.5057212301386315,0.0
-0.4617253900799806,-1324.4008336237941,-1324.331226374303,-11.70646353746966,-0.5077884153768902,0.0
-0.32114490423835446,-1324.7219785280324,-1324.6523712785413,-11.555563741492586,-0.5028313096648731,0.0
-0.35056202380800133,-1325.0725405518403,-1325.0029333023492,-11.49310508661763,-0.5011009885787928,0.0
-0.5300834118479105,-1325.6026239636883,-1325.5330167141972,-11.60515878402696,-0.5047448205090317,0.0
-0.483067064444751,-1326.085691028133,-1326.0160837786418,-11.58129403622419,-0.5036749344827286,0.0
0.723554005176051,-1325.3621370229569,-1325.2925297734657,-10.503810724554512,-0.45529345467112775,0.02
-0.5128832831999447,-1325.8750203061568,-1325.8054130566657,-10.68565622035032,-0.4608574556312586,0.02
-0.4228790517599885,-1326.2978993579168,-1326.2282921084256,-10.725033508470624,-0.46211661761149875,0.02
-0.7132784435127653,-1327.0111778014295,-1326.9415705519384,-10.777832439271032,-0.4674537728065541,0.02
-0.28747516237437803,-1327.298652963804,-1327.2290457143129,-10.801916675015264,-0.45213296489228283,0.02
-0.5313221650513688,-1327.8299751288553,-1327.7603678793641,-11.006289467343287,-0.44185470178761493,0.02
-1.053936990911958,-1328.8839121197673,-1328.8143048702761,-10.815373159333552,-0.45353543703369437,0.02
-0.6022635206559739,-1329.4861756404232,-1329.416568390932,-10.942610216472596,-0.4590820205083505,0.02
-1.3385618530463566,-1330.8247374934695,-1330.7551302439783,-10.701804874420555,-0.4821034837470065,0.02
-0.9645141934079602,-1331.7892516868774,-1331.7196444373863,-10.733548395488972,-0.49372836216607796,0.02
-0.6405309471360118,-1332.4297826340135,-1332.3601753845223,-10.739536040001443,-0.4944215926159983,0.02
-0.8737380943199624,-1333.3035207283335,-1333.2339134788424,-10.94396932988645,-0.5071434572870376,0.02
-0.4466548986703703,-1333.750175627004,-1333.6805683775128,-11.097456237216175,-0.511139101222046,0.02
-0.07217577797596303,-1333.8223514049798,-1333.7527441554887,-10.858696197308767,-0.506807274326782,0.02
-0.11111280764634202,-1333.9334642126262,-1333.863856963135,-10.679799029640268,-0.5033248433277094,0.02
-0.2865114292367758,-1334.219975641863,-1334.1503683923718,-10.946051768561663,-0.4818809424336293,0.02
-0.4906399429631487,-1334.710615584826,-1334.6410083353348,-11.072534378011575,-0.4707345538557089,0.02
-0.516356026087926,-1335.226971610914,-1335.1573643614229,-11.153891209367332,-0.47371691509119546,0.02
-1.1945464376159014,-1336.4215180485298,-1336.3519107990387,-11.159669030794086,-0.494451398080953,0.02
-0.27778369287357685,-1336.6993017414034,-1336.6296944919122,-11.111817975166137,-0.4933621720728412,0.02
-0.5271647090000094,-1337.2264664504034,-1337.1568592009123,-11.34125999242531,-0.4995762881664423,0.02
-0.7308058732799196,-1337.9572723236834,-1337.8876650741922,-11.559489113580478,-0.5088867427323257,0.02
-0.5046381657600324,-1338.4619104894434,-1338.3923032399523,-11.583968989466973,-0.5004008419668875,0.02
-0.5288624113359854,-1338.9907729007793,-1338.9211656512882,-11.603504334134833,-0.5012738046620889,0.02
-0.6649206903727685,-1339.6556935911522,-1339.586086341661,-11.866533884030856,-0.49206500156215377,0.02
-0.3769106535359925,-1340.0326042446882,-1339.962996995197,-11.918157909079431,-0.493232300253513,0.02
-0.44242979264636223,-1340.4750340373346,-1340.4054267878435,-11.84971564714145,-0.48917302198669765,0.02
-0.5864426962559626,-1341.0614767335906,-1340.9918694840994,-12.004609448490186,-0.49443568317581715,0.02
-0.25295808647996126,-1341.3144348200706,-1341.2448275705794,-11.86440631868524,-0.4914809954081364,0.02
-0.31859910273593395,-1341.6330339228066,-1341.5634266733155,-11.793899706507144,-0.48980212736205564,0.02
-0.48556916505116055,-1342.1186030878578,-1342.0489958383666,-11.879334400794095,-0.4923446268999433,0.02
-0.5729432975999573,-1342.6915463854577,-1342.6219391359666,-12.026326840931816,-0.4972089436272064,0.02
-0.662180214833552,-1343.3537266002913,-1343.2841193508002,-12.061188988108025,-0.5001954965902939,0.02
-0.5190272850175666,-1343.8727538853088,-1343.8031466358177,-12.128693798987007,-0.5024723331501647,0.02
-0.5139238684184171,-1344.3866777537273,-1344.3170705042362,-12.239875235307588,-0.5057132317833333,0.02
-0.5955613787199997,-1344.9822391324474,-1344.9126318829562,-12.287712966718033,-0.5081008961894141,0.02
-0.34329027054400696,-1345.3255294029914,-1345.2559221535003,-12.178718241875996,-0.5051484637171259,0.02
-0.7620798924287884,-1346.0876092954202,-1346.018002045929,-12.205767760560088,-0.5100629410439432,0.02
-0.83897127904801,-1346.9265805744683,-1346.8569733249772,-12.307620102204224,-0.5193404693649036,0.02
-0.9698892379199717,-1347.8964698123882,-1347.826862562897,-12.276279632640815,-0.5292904832689027,0.02
-1.1138196597307037,-1349.010289472119,-1348.9406822226279,-12.257943494961193,-0.5448540777959969,0.02
-0.5105104151999771,-1349.520799887319,-1349.451192637828,-12.224881893890204,-0.5433517476458992,0.02
-0.7544220823679688,-1350.275221969687,-1350.2056147201959,-12.264381973394666,-0.5475124334215153,0.02
0.008295127584848988,-1350.266926842102,-1350.197319592611,-11.733759144193929,-0.5388558042077549,0.04
-0.9831998967840115,-1351.2501267388861,-1351.180519489395,-11.686575185920617,-0.5462203701034357,0.04
-1.115484003839991,-1352.3656107427262,-1352.296003493235,-11.642151725887466,-0.559295542378636,0.04
-0.9850916582688032,-1353.350702400995,-1353.281095151504,-11.800759213214214,-0.572574477459245,0.04
-0.9211086694399991,-1354.271811070435,-1354.2022038209439,-11.969341184196265,-0.5839854103718849,0.04
-1.4184351130320152,-1355.690246183467,-1355.620638933976,-11.686118905408993,-0.601752444395567,0.04
-1.000604407635132,-1356.6908505911022,-1356.621243341611,-11.763871106278883,-0.6121031912593746,0.04
-0.48380969919998695,-1357.1746602903022,-1357.105053040811,-14.267330006795088,-0.6362504653468954,0.02
-0.5733810258559778,-1357.7480413161582,-1357.678434066667,-14.31079217432858,-0.637460420200016,0.02
-0.5000097803167431,-1358.248051096475,-1358.1784438469838,-14.385020928536099,-0.6390030347711511,0.02
-0.7187109309279736,-1358.9667620274029,-1358.8971547779117,-14.386247993515559,-0.6391116845194553,0.02
-1.0957733799598746,-1360.0625354073627,-1359.9929281578716,-14.64393818334618,-0.6552776488711654,0.02
-0.617617784476783,-1360.6801531918395,-1360.6105459423484,-14.703223968070965,-0.6570035612596734,0.02
-0.7022887473999615,-1361.3824419392395,-1361.3128346897483,-14.781617389805845,-0.6499705963894336,0.02
-0.662180214833552,-1362.044622154073,-1361.975014904582,-14.81223902602761,-0.6511689302729852,0.02
-1.235713234559995,-1363.2803353886331,-1363.210728139142,-14.969830328127584,-0.6491119579032579,0.02
-0.34248917399998574,-1363.6228245626332,-1363.553217313142,-14.703586117514591,-0.6366714575150985,0.02
-0.5264007434671919,-1364.1492253061003,-1364.0796180566092,-14.632332934326431,-0.634388853441722,0.02
-0.66406043180156,-1364.8132857379019,-1364.7436784884108,-14.625026260627282,-0.6301953001913541,0.02
-0.5079774947039559,-1365.3212632326058,-1365.2516559831147,-14.683292699059978,-0.6314217521120257,0.02
-0.34565139719998744,-1365.666914629806,-1365.5973073803148,-15.197713598743334,-0.6368912644965061,0.02
-0.34106157736559856,-1366.0079762071714,-1365.9383689576803,-15.64979854675476,-0.6414902398908913,0.02
-0.6260075838759745,-1366.6339837910473,-1366.5643765415562,-16.0622127381805,-0.6482801629836753,0.02
-0.6778235439359545,-1367.3118073349833,-1367.2422000854922,-16.204140346573602,-0.6520238350031314,0.02
-0.514688004353575,-1367.8264953393368,-1367.7568880898457,-16.20240001721304,-0.6519904745684444,0.02
-1.1454290722559868,-1368.971924411593,-1368.9023171621018,-16.280732108653762,-0.6510081272612461,0.02
-0.6884395048943759,-1369.6603639164873,-1369.5907566669962,-16.78540448887276,-0.6592212435016621,0.02
-0.21078035918879195,-1369.8711442756762,-1369.801537026185,-16.246011986805378,-0.6528935565054377,0.02
-0.9062912600640252,-1370.7774355357403,-1370.7078282862492,-16.21822359132447,-0.6564032642411199,0.02
-0.6405032087999376,-1371.4179387445402,-1371.348331495049,-16.331586263385056,-0.6591205651019181,0.02
-0.07805718230402223,-1371.4959959268442,-1371.426388677353,-15.51627899932762,-0.6501044605212788,0.02
-0.46294947647999724,-1371.9589454033242,-1371.889338153833,-15.360497167172905,-0.6460650362434233,0.02
-0.38943391902556335,-1372.3483793223497,-1372.2787720728586,-15.37790934158472,-0.6463155015532146,0.02
-0.6697542942144394,-1373.0181336165642,-1372.948526367073,-15.560351703722194,-0.6508619915845761,0.02
-0.32385367519999486,-1373.3419872917643,-1373.2723800422732,-15.258930101687955,-0.6456102111634568,0.02
-0.46008224769597766,-1373.8020695394603,-1373.7324622899691,-15.568050976150877,-0.6497526943877772,0.02
-0.34209790691997954,-1374.1441674463802,-1374.074560196889,-15.60625246240821,-0.6502226704714582,0.02
-0.18459975504001372,-1374.32876720142,-1374.259159951929,-15.137574147092842,-0.6442032822712352,0.02
-0.4359238387199904,-1374.7646910401402,-1374.695083790649,-15.010442163374439,-0.6414628930936358,0.02
-0.25551037199999566,-1375.02020141214,-1374.950594162649,-14.589895887159358,-0.6333294962369647,0.02
-0.30149269111440485,-1375.3216941032545,-1375.2520868537633,-14.344092925022355,-0.6289788043589014,0.02
-0.24450014500559367,-1375.56619424826,-1375.4965869987689,-14.02826682891797,-0.623590329890645,0.02
-0.28133897727993196,-1375.84753322554,-1375.777925976049,-13.728870862233771,-0.6173058818618437,0.02
-0.536071200271918,-1376.3836044258119,-1376.3139971763208,-13.91021006483479,-0.621161500456402,0.02
-0.6218398945991492,-1377.005444320411,-1376.93583707092,-13.875611227974433,-0.6183567004998091,0.02
-0.27196546615839384,-1377.2774097865695,-1377.2078025370784,-13.533001236141148,-0.6070165842420168,0.02
0.7636551589680142,-1376.5137546276014,-1376.4441473781103,-11.041998162919775,-0.5723456963042571,0.04
-0.4924867257999367,-1377.0062413534013,-1376.9366341039101,-11.047186665177405,-0.5599190376256417,0.04
-0.3686751170879503,-1377.3749164704893,-1377.3053092209982,-10.9624679169948,-0.5570823316634012,0.04
-0.6650433529231519,-1378.0399598234126,-1377.9703525739214,-10.950594032487002,-0.5552947570745048,0.04
-0.7318139740799603,-1378.7717737974926,-1378.7021665480015,-11.511964482737424,-0.5700969391078011,0.02
-0.31880544191997945,-1379.0905792394126,-1379.0209719899215,-11.351856302746855,-0.5568090500105204,0.02
-0.49504096853753393,-1379.5856202079501,-1379.516012958459,-11.402442062080759,-0.5444001893044712,0.02
-0.44253818222402536,-1380.0281583901742,-1379.958551140683,-11.36596313559697,-0.5335491197835757,0.02
-0.290543066692791,-1380.318701456867,-1380.249094207376,-11.198492345880549,-0.5209378077286315,0.02
-0.500623402608001,-1380.819324859475,-1380.749717609984,-11.731797763818781,-0.5025815735201512,0.02
-0.34106157736559856,-1381.1603864368406,-1381.0907791873494,-11.722320735165585,-0.4893907169147606,0.02
-0.45715220328953826,-1381.61753864013,-1381.547931390639,-11.708214947818497,-0.48885756699655153,0.02
-0.4085633199999726,-1382.02610196013,-1381.956494710639,-11.630921892871475,-0.4855612128794315,0.02
-0.5858485956959552,-1382.611950555826,-1382.542343306335,-11.659072158470279,-0.4872779891870158,0.02
-0.2586101976640005,-1382.87056075349,-1382.800953503999,-11.446114532588966,-0.4780759745217362,0.02
-0.3841519127391839,-1383.2547126662291,-1383.185105416738,-11.627436711646858,-0.46384354517732246,0.02
-0.11858293784478022,-1383.373295604074,-1383.3036883545828,-11.249902166086816,-0.4538628482446824,0.02
-0.4770008642610548,-1383.850296468335,-1383.780689218844,-11.224330041505997,-0.44935709058190426,0.02
-0.3638256799999989,-1384.214122148335,-1384.144514898844,-11.13064042721677,-0.4433899998852332,0.02
-0.33426127324797905,-1384.548383421583,-1384.4787761720918,-11.64613872080673,-0.42536096065899287,0.02
-0.31042413023997334,-1384.8588075518228,-1384.7892003023317,-11.617573620882828,-0.4247196597837926,0.02
-0.42909894871998966,-1385.2879065005427,-1385.2182992510516,-11.582572151686827,-0.42277362388884854,0.02
-0.3931772976000151,-1385.6810837981427,-1385.6114765486516,-11.536448510311299,-0.41735596120481766,0.02
-0.4619760169823601,-1386.143059815125,-1386.073452565634,-11.522051089621469,-0.41643593165038584,0.02
-0.3655143031039829,-1386.508574118229,-1386.438966868738,-11.537327513108695,-0.41683318976846573,0.02
-0.9032093821439151,-1387.4117835003728,-1387.3421762508817,-11.460842998078627,-0.42807614586403203,0.02
-0.6689481205343228,-1388.0807316209073,-1388.0111243714161,-11.453000941846438,-0.42893495659719894,0.02
-0.18784023090000648,-1388.2685718518073,-1388.1989646023162,-11.205121582768152,-0.41913529033648006,0.02
-0.10837340811358981,-1388.3769452599208,-1388.3073380104297,-10.858059031369931,-0.41100899841168037,0.02
-0.5144454312319509,-1388.8913906911528,-1388.8217834416616,-11.414336437721419,-0.3983893255911996,0.02
-0.48993698879999314,-1389.3813276799528,-1389.3117204304617,-11.445322003388178,-0.394419275269312,0.02
-0.4966562539439419,-1389.8779839338968,-1389.8083766844056,-11.66024375010743,-0.400136793164415,0.02
-0.8270879226960031,-1390.7050718565927,-1390.6354646071015,-11.762919935944517,-0.3985527264170545,0.02
-0.5006067276671282,-1391.2056785842599,-1391.1360713347688,-11.780337566734636,-0.3957547967943983,0.02
-0.7457497675200561,-1391.95142835178,-1391.8818211022888,-12.150633808345848,-0.409108648498719,0.02
-0.4272810328800034,-1392.37870938466,-1392.3091021351688,-12.135001349524526,-0.40839527962671907,0.02
-0.3689306885375734,-1392.7476400731975,-1392.6780328237064,-12.120271180934362,-0.4079852150169593,0.02
-0.3362878162880187,-1393.0839278894855,-1393.0143206399944,-12.06264638860775,-0.4013158854584309,0.02
-0.46472869188712185,-1393.5486565813726,-1393.4790493318815,-12.15255288968201,-0.40413338579217345,0.02
-0.3924847745279888,-1393.9411413559005,-1393.8715341064094,-12.118664141205508,-0.4027814363288137,0.02
-0.4836003551999499,-1394.4247417111005,-1394.3551344616094,-12.198406142551892,-0.40561148529441304,0.02
-0.24731473311994023,-1394.6720564442205,-1394.6024491947294,-12.289299841131047,-0.4068657848560116,0.02
-0.345634395999999,-1395.0176908402204,-1394.9480835907293,-12.228639916883607,-0.4050599960016118,0.02
-0.3550258588799544,-1395.3727166991005,-1395.3031094496093,-12.333909233020533,-0.40705030573921097,0.02
-0.3272233884911734,-1395.6999400875916,-1395.6303328381005,-12.36036381025502,-0.40756491968674635,0.02
-0.7090758174719538,-1396.4090159050636,-1396.3394086555725,-12.504883264278584,-0.4168564331360735,0.02
-0.6668741101439231,-1397.0758900152075,-1397.0062827657164,-12.64285238259536,-0.42456713579335337,0.02
-0.4167033325151813,-1397.4925933477227,-1397.4229860982316,-12.600074741959942,-0.42217977843821863,0.02
-0.342176868633563,-1397.8347702163562,-1397.765162966865,-12.511460959183482,-0.4165865179189069,0.02
-0.5144454312319509,-1398.3492156475882,-1398.279608398097,-12.685783031896298,-0.42143611722037805,0.02
-1.1914118217119944,-1399.5406274693,-1399.471020219809,-16.83403358980271,-0.46053745683397823,0.0
-0.026349770271953732,-1399.566977239572,-1399.4973699900809,-15.740840545181364,-0.45121471772341853,0.0
-0.3513427189119651,-1399.918319958484,-1399.848712708993,-15.716680589253855,-0.45086806975989885,0.0
-0.507480889651954,-1400.425800848136,-1400.356193598645,-15.773163636341364,-0.4477168204944749,0.0
-0.2929744814399887,-1400.7187753295761,-1400.649168080085,-15.702034021746321,-0.4389400306416754,0.0
-0.49486623104397837,-1401.21364156062,-1401.144034311129,-15.876525120267324,-0.44246124642415546,0.0
-0.20163931709598226,-1401.415280877716,-1401.3456736282249,-15.454467412261744,-0.4365932133953244,0.0
-0.4199543309015827,-1401.8352352086176,-1401.7656279591265,-15.43758417359138,-0.4361415363688755,0.0
-0.46987597785122837,-1402.3051111864688,-1402.2355039369777,-15.645917717185892,-0.4397281945920442,0.0
-0.38671584432000883,-1402.6918270307888,-1402.6222197812976,-15.569422490360047,-0.43745004342628446,0.0
-0.7116658015630781,-1403.403492832352,-1403.3338855828608,-15.58580956342852,-0.444862127910234,0.0
-0.42728116305598685,-1403.830773995408,-1403.7611667459169,-15.56434315834096,-0.44426470710556304,0.0
-0.37385476463997425,-1404.2046287600479,-1404.1350215105567,-15.526084890409187,-0.44357053599836305,0.0
-0.3454482299039868,-1404.5500769899518,-1404.4804697404606,-15.402281382935918,-0.43876252868252363,0.0
-0.5027595989327226,-1405.0528365888845,-1404.9832293393933,-15.688373312075807,-0.44364551670789815,0.0
-0.25573628766389833,-1405.3085728765484,-1405.2389656270573,-15.476331491807052,-0.4410772042063924,0.0
-0.4822091658239255,-1405.7907820423723,-1405.7211747928811,-16.15452457618365,-0.44834972876597523,0.0
-0.26605332319999647,-1406.0568353655722,-1405.987228116081,-15.873126746512762,-0.44413077794475414,0.0
-0.14133707516158464,-1406.1981724407337,-1406.1285651912426,-15.386438393389488,-0.43968100584798586,0.0
-0.24274984309114245,-1406.4409222838249,-1406.3713150343337,-15.220215058060578,-0.43785077724484917,0.0
-0.342341603583951,-1406.7832638874088,-1406.7136566379177,-15.268758944538005,-0.4384891267117287,0.0
-0.32952643904797024,-1407.1127903264567,-1407.0431830769655,-15.156886613803229,-0.4364976765182883,0.0
-0.7280207403945267,-1407.840811066851,-1407.77120381736,-15.097822176956736,-0.4431945453741786,0.0
-0.504533136268783,-1408.3453442031198,-1408.2757369536287,-15.1149871628821,-0.444045687759907,0.0
-0.40094746017599825,-1408.7462916632958,-1408.6766844138047,-15.154340159494017,-0.4447543509013473,0.0
-0.373672346400002,-1409.1199640096959,-1409.0503567602047,-15.575242293744042,-0.434163610186469,0.0
-0.12494022167988833,-1409.2449042313758,-1409.1752969818847,-15.051563197478048,-0.42328345220938035,0.0
-0.5216564902119929,-1409.766560721588,-1409.6969534720968,-15.477943676005157,-0.4299597773956201,0.0
-0.46956643994875946,-1410.2361271615366,-1410.1665199120455,-16.18219738318288,-0.4371836380323234,0.0
-0.4981546115567428,-1410.7342817730935,-1410.6646745236023,-16.180148242639802,-0.43685782163881925,0.0
-0.32421365983435213,-1411.0584954329279,-1410.9888881834368,-16.01647770819232,-0.4335433550595064,0.0
-1.6230656617127717,-1412.6815610946408,-1412.6119538451496,-12.713120602198023,-0.4560715432148831,0.0
-0.40211193787198496,-1413.0836730325127,-1413.0140657830216,-12.753418568649662,-0.4475720235184027,0.0
-0.39406918495196563,-1413.4777422174648,-1413.4081349679736,-12.693068630317379,-0.44544127266409944,0.0
-0.4494063167440182,-1413.9271485342088,-1413.8575412847176,-12.715442209812426,-0.43951440364857874,0.0
-0.23013300225597258,-1414.1572815364648,-1414.0876742869737,-12.511810606518043,-0.4355714430360981,0.0
-0.2494354679519764,-1414.4067170044168,-1414.3371097549257,-12.382172801047954,-0.43318153862438613,0.0
-0.1929460755393183,-1414.5996630799561,-1414.530055830465,-12.205036143622069,-0.43031470380941217,0.0
-0.19142774111997066,-1414.791090821076,-1414.721483571585,-11.9459208740699,-0.42484868479406906,0.0
-0.3510484403608118,-1415.1421392614368,-1415.0725320119457,-11.914398554597204,-0.42401995811072557,0.0
-0.4985440728624181,-1415.6406833342992,-1415.571076084808,-11.919033761577394,-0.42431883246397495,0.0
-0.33220570968000873,-1415.9728890439792,-1415.903281794488,-12.010377611388494,-0.42601665199517635,0.0
-0.4413355078079615,-1416.4142245517871,-1416.344617302296,-12.076649535523531,-0.4279306742313356,0.0
-0.4151786063999916,-1416.8294031581872,-1416.759795908696,-12.120692583824647,-0.4291337291817363,0.0
-0.7143586206399827,-1417.5437617788273,-1417.4741545293361,-12.207703275174483,-0.4368764338247124,0.0
-0.7785825765696115,-1418.3223443553968,-1418.2527371059057,-12.165929759153332,-0.4382665690066656,0.0
-0.313459901104004,-1418.6358042565007,-1418.5661970070096,-12.042661964323484,-0.43119828482586725,0.0
-0.46570709405278776,-1419.1015113505534,-1419.0319041010623,-12.068278003505567,-0.43217836005661936,0.0
-0.283473641599964,-1419.3849849921535,-1419.3153777426623,-12.009405780289578,-0.43100429551594743,0.0
-0.4203948917999789,-1419.8053798839535,-1419.7357726344624,-11.97006142766503,-0.429123284727308,0.0
-0.5222503421280356,-1420.3276302260815,-1420.2580229765904,-12.813824421650056,-0.4157400551356288,0.0
-0.07133609274879307,-1420.3989663188304,-1420.3293590693393,-12.922962759142461,-0.41663978158516557,0.0
-2.7690303931414983,-1423.167996711972,-1423.0983894624808,-8.214274178069271,-0.4649935350697562,0.0
-0.9757696060799943,-1424.1437663180518,-1424.0741590685607,-8.249608885422623,-0.47435930939831705,0.0
-0.9318820053311299,-1425.075648323383,-1425.0060410738918,-8.386901248559663,-0.4871374598761399,0.0
-1.0330402848191877,-1426.108688608202,-1426.039081358711,-8.42749163896428,-0.49790094095164406,0.0
-0.9078524121599285,-1427.016541020362,-1426.9469337708708,-8.631852433726296,-0.512025202852923,0.0
-0.6246397749599977,-1427.641180795322,-1427.571573545831,-8.699200492455846,-0.5161189117340913,0.0
-0.5928011980799441,-1428.233981993402,-1428.164374743911,-8.738930980016452,-0.5185774161386657,0.0
-0.7156944391999969,-1428.949676432602,-1428.880069183111,-8.840121701316829,-0.5251569880362653,0.0
-1.0856717016050017,-1430.035348134207,-1429.9657408847158,-8.828713725659824,-0.5326371060371039,0.0
-0.9448803541887871,-1430.9802284883958,-1430.9106212389047,-8.925341514684929,-0.5429890898597598,0.0
-0.6030434937999611,-1431.5832719821958,-1431.5136647327047,-9.013384111775068,-0.5475728644429596,0.0
-0.4454122722719706,-1432.0286842544679,-1431.9590770049767,-9.061340289274664,-0.5495721452903193,0.0
-0.359405367999964,-1432.3880896224678,-1432.3184823729766,-8.99766441391036,-0.546705060671664,0.0
-0.33414641314077287,-1432.7222360356086,-1432.6526287861175,-9.0428962891184,-0.5482732631812016,0.0
-0.6939369242879281,-1433.4161729598966,-1433.3465657104055,-9.104837543404688,-0.5525078183504817,0.0
-0.4954792631183248,-1433.911652223015,-1433.8420449735238,-9.220530564093798,-0.5570963371488482,0.0
-0.34283803862395773,-1434.254490261639,-1434.1848830121478,-9.352930189763033,-0.5611263564180957,0.0
-0.3251879589887458,-1434.5796782206276,-1434.5100709711364,-9.404392765877326,-0.5627751187360477,0.0
-0.14346118390637652,-1434.7231394045339,-1434.6535321550427,-9.272672051399857,-0.5587975103424963,0.0
-0.31498387321436006,-1435.0381232777481,-1434.968516028257,-9.264338347407211,-0.5585066590258241,0.0
-0.44363367999996955,-1435.481756957748,-1435.412149708257,-9.178661875955664,-0.5528189178179329,0.0
-0.3454983863999587,-1435.827255344148,-1435.7576480946568,-9.10571978047546,-0.5496382228205564,0.0
-0.4299808990719788,-1436.25723624322,-1436.1876289937288,-9.11924881803294,-0.5502188915984759,0.0
-0.6791494441535685,-1436.9363856873736,-1436.8667784378824,-9.228832391800038,-0.5563284335535473,0.0
-0.5222503421280356,-1437.4586360295016,-1437.3890287800104,-9.45908449738872,-0.5642746359625103,0.0
-0.37204406007996,-1437.8306800895816,-1437.7610728400905,-9.39063495757443,-0.5612823873598696,0.0
-0.33325208201600676,-1438.1639321715977,-1438.0943249221066,-9.322495856220417,-0.5585561002012146,0.0
-1.044518963846381,-1439.2084511354442,-1439.138843885953,-9.387135516275317,-0.5694833872470073,0.0
-0.7418626862399929,-1439.9503138216842,-1439.880706572193,-9.542434089650817,-0.5778363677751202,0.0
-0.24762415495994214,-1440.1979379766442,-1440.128330727153,-9.641058435460238,-0.5503275376400636,0.0
-0.3365945070399452,-1440.5345324836842,-1440.464925234193,-9.604183636329024,-0.5490171890234228,0.0
-0.5051822041600113,-1441.0397146878443,-1440.9701074383531,-9.656267181890748,-0.5512394494075837,0.0
-0.663267920159995,-1441.7029826080043,-1441.6333753585131,-9.730437266184097,-0.5555166814759032,0.0
-0.7151870315519451,-1442.4181696395563,-1442.3485623900651,-9.952459933079354,-0.5652177620618226,0.0
-0.4341423235967661,-1442.852311963153,-1442.7827047136618,-10.069605399593273,-0.5689118991747185,0.0
-0.4992367186799858,-1443.351548681833,-1443.281941432342,-10.267437516254752,-0.5750377120375318,0.0
-0.10951606043517807,-1443.4610647422683,-1443.3914574927771,-10.193167565998758,-0.573399478423836,0.0
-0.4637886302255233,-1443.9248533724938,-1443.8552461230026,-10.25770793191934,-0.5756542822211302,0.0
-0.47441941842240537,-1444.3992727909163,-1444.3296655414251,-10.246318629586835,-0.5751717891323299,0.0
-0.5535339259679943,-1444.9528067168842,-1444.883199467393,-10.364419373348063,-0.5795983534580896,0.0
-0.4739335326143591,-1445.4267402494986,-1445.3571330000075,-10.381372494928916,-0.5802503139542176,0.0
-0.7459465872000043,-1446.1726868366986,-1446.1030795872075,-10.501061419325652,-0.5868656735702179,0.0
-0.6439697375999924,-1446.8166565742986,-1446.7470493248074,-10.484665345063028,-0.5854578959094181,0.0
-2.6473237193039045,-1449.4639802936024,-1449.3943730441113,-9.012654876619239,-0.622832718764104,0.0
-1.1925764599000397,-1450.6565567535024,-1450.5869495040113,-9.18533873539993,-0.6404150499400246,0.0
-0.627201900288005,-1451.2837586537903,-1451.2141514042992,-9.243411831891502,-0.643644946064729,0.0
-0.6819426518687738,-1451.965701305659,-1451.8960940561678,-9.409008539857046,-0.6516143262701051,0.0
-0.9233543751167128,-1452.8890556807758,-1452.8194484312846,-9.54816038460189,-0.6616735159364399,0.0
-0.6570034189920053,-1453.5460590997677,-1453.4764518502766,-9.594958393520711,-0.6643685774737194,0.0
-0.6872288270400126,-1454.2332879268076,-1454.1636806773165,-9.922478677509426,-0.6766864321595436,0.0
-0.38500917520001376,-1454.6182971020075,-1454.5486898525164,-11.704033309325911,-0.6290060078007139,0.0
-0.6726728231711598,-1455.2909699251786,-1455.2213626756875,-11.688916527175815,-0.6229440721425372,0.0
-0.7380349161119893,-1456.0290048412905,-1455.9593975917994,-11.684620080724981,-0.6190671303581544,0.0
-0.3540028657984027,-1456.3830077070888,-1456.3134004575977,-11.519205955306017,-0.6054863819777387,0.0
-0.4573985535360007,-1456.8404062606248,-1456.7707990111337,-11.408717748455418,-0.5964773048052602,0.0
-0.4844713130399581,-1457.3248775736647,-1457.2552703241736,-11.34567243493252,-0.5936739355668593,0.0
-0.18267698836794133,-1457.5075545620327,-1457.4379473125416,-11.05601379374942,-0.5854714513726192,0.0
-0.464035003639064,-1457.9715895656718,-1457.9019823161807,-10.963687120568082,-0.5804382626614006,0.0
-0.3758553565680025,-1458.34744492224,-1458.2778376727488,-10.870290080620553,-0.5662419357606607,0.0
-0.5139393887999759,-1458.86138431104,-1458.7917770615488,-10.820574507892047,-0.5576231164528845,0.0
-0.5460208879199788,-1459.4074051989599,-1459.3377979494687,-10.800065714355453,-0.5564826643352848,0.0
-0.7770044230559998,-1460.184409622016,-1460.1148023725248,-10.90081316541305,-0.5631145073509655,0.0
-0.6853416793151998,-1460.869751301331,-1460.8001440518399,-11.05078436483827,-0.5696332335772701,0.0
-0.4821150866880285,-1461.351866388019,-1461.282259138528,-11.148744854444312,-0.5725926070482152,0.0
-0.3426277001759386,-1461.694494088195,-1461.6248868387038,-10.982261139727731,-0.5655664225659754,0.0
-0.4655386452095797,-1462.1600327334045,-1462.0904254839134,-10.966436675213867,-0.5649676102078005,0.0
-0.276032818900812,-1462.4360655523053,-1462.3664583028142,-10.912535761033356,-0.5636315058133377,0.0
-0.6815154567310873,-1463.1175810090365,-1463.0479737595454,-11.0884011900855,-0.5707580557681845,0.0
-0.49897629263996396,-1463.6165573016765,-1463.5469500521854,-11.382219764823654,-0.5778683579428562,0.0
-0.6590626996799345,-1464.2756200013564,-1464.2060127518653,-11.57619391606943,-0.5847499344721677,0.0
-0.7054044917759571,-1464.9810244931323,-1464.9114172436412,-11.68600176540994,-0.5899853507076874,0.0
-0.480753133119993,-1465.4617776262523,-1465.3921703767612,-11.784242933319039,-0.5926904456420882,0.0
-0.47524636788479313,-1465.9370239941372,-1465.867416744646,-11.814132327845929,-0.5935957550183444,0.0
-0.4637886302255233,-1466.4008126243627,-1466.3312053748716,-11.72042200916773,-0.5892885387397836,0.0
-0.3606762417023845,-1466.761488866065,-1466.691881616574,-11.612822962312237,-0.5860570567312705,0.0
-0.37184684615995733,-1467.133335712225,-1467.063728462734,-11.61266779343953,-0.5860531124528704,0.0
-0.2542603003200009,-1467.3875960125451,-1467.317988763054,-11.539705848836032,-0.5844732768189503,0.0
-0.3295567011840027,-1467.717152713729,-1467.647545464238,-11.397653985598136,-0.5701740315657028,0.0
-0.10258074043593945,-1467.819733454165,-1467.750126204674,-10.984320439286176,-0.5573883926496217,0.0
-0.48755225302398897,-1468.307285707189,-1468.237678457698,-11.159110972908605,-0.5621869546109025,0.0
-0.6613009880732593,-1468.9685866952623,-1468.8989794457711,-11.32661902731625,-0.5686810842315689,0.0
-0.7590523841279773,-1469.7276390793902,-1469.658031829899,-11.399815551694289,-0.5737584878309282,0.0
-0.37318520404799294,-1470.1008242834382,-1470.031217033947,-11.257437595374492,-0.5679568335086881,0.0
-0.35401524092479963,-1470.454839524363,-1470.385232274872,-11.095546710219248,-0.5607333976961453,0.0
-0.6151317867360051,-1471.069971311099,-1471.0003640616078,-11.17919207417214,-0.56435318695893,0.0
-0.6020828193600227,-1471.672054130459,-1471.6024468809678,-11.222604670578756,-0.5664101089725307,0.0
-0.8139838576351339,-1472.486037988094,-1472.416430738603,-11.646584061550222,-0.5804994649165299,0.0
-1.128807439200033,-1473.614845427294,-1473.545238177803,-11.655274641073776,-0.59379984109602,0.0
-0.6395525060639894,-1474.2543979333582,-1474.184790683867,-11.731589620415367,-0.5971025028488518,0.0
-1.124188357336805,-1475.378586290695,-1475.3089790412039,-11.714650130005559,-0.608515591476228,0.0
-1.4458560782399157,-1476.824442368935,-1476.754835119444,-11.534390270515347,-0.6279540423887391,0.0
-0.3315647469183701,-1477.1560071158533,-1477.0863998663622,-11.32840468446621,-0.6196664055831065,0.0
-0.5242484823264072,-1477.6802555981797,-1477.6106483486885,-11.27843046730165,-0.6172719804776348,0.0
-0.5328574588127741,-1478.2131130569924,-1478.1435058075012,-15.861694641434346,-0.5749826552678122,0.0
-0.2053021476000193,-1478.4184152045923,-1478.3488079551012,-15.972879034694438,-0.5552371690218117,0.0
-0.6621369157599674,-1479.0805521203522,-1479.010944870861,-15.97652834929527,-0.5559358693312509,0.0
-0.5039736440991103,-1479.5845257644512,-1479.51491851496,-15.91057615917479,-0.5523764891758577,0.0
-0.45684679540988726,-1480.041372559861,-1479.9717653103698,-15.99848314743245,-0.5430463375817213,0.0
-0.46600755609598055,-1480.507380115957,-1480.4377728664658,-15.907445778941593,-0.5392264203238006,0.0
-0.531793251697515,-1481.0391733676545,-1480.9695661181634,-15.877575884943274,-0.5361177088169508,0.0
-0.3792843554111094,-1481.4184577230656,-1481.3488504735744,-15.869279997695715,-0.5360032124211727,0.0
-0.8853230513279811,-1482.3037807743935,-1482.2341735249024,-15.715451556883105,-0.540256216984309,0.0
-0.37191831511998524,-1482.6756990895135,-1482.6060918400224,-15.537885710541483,-0.5329338849644689,0.0
-0.49791564159998575,-1483.1736147311135,-1483.1040074816224,-15.705340468724753,-0.5358121404805006,0.0
-0.34208808168959537,-1483.515702812803,-1483.446095563312,-15.55480155623421,-0.5335059310435726,0.0
-2.6861080957247148,-1486.2018109085277,-1486.1322036590366,-10.561763751158795,-0.5775386666972677,0.0
-0.2462968981960194,-1486.4481078067238,-1486.3785005572327,-10.617948784854814,-0.5788110648938293,0.0
-0.8584104513599005,-1487.3065182580838,-1487.2369110085926,-10.718086666488633,-0.586698573848246,0.0
-0.3936173721423917,-1487.7001356302262,-1487.630528380735,-10.729720366153854,-0.5870538141597338,0.0
-0.3315647469183701,-1488.0317003771445,-1487.9620931276534,-10.621083068425698,-0.5834063213221016,0.0
-1.0462732461152018,-1489.0779736232596,-1489.0083663737685,-10.657396569931109,-0.5934113684860061,0.0
-0.7338389125535014,-1489.811812535813,-1489.742205286322,-10.651532296385485,-0.5925480582759561,0.0
-0.8030787411840061,-1490.614891276997,-1490.5452840275059,-10.66945513117966,-0.5949027995133322,0.0
-0.7295150656000546,-1491.344406342597,-1491.274799093106,-10.755307963852852,-0.5998507990915728,0.0
-1.079128936367966,-1492.4235352789651,-1492.353928029474,-10.912798009128371,-0.6145808238154133,0.0
-0.6515521182719595,-1493.075087397237,-1493.0054801477459,-10.993798876200474,-0.6183010932766609,0.0
-1.0849901529599384,-1494.160077550197,-1494.0904703007059,-11.21952735704783,-0.6344802399578434,0.0
-1.3635906214442475,-1495.5236681716412,-1495.4540609221501,-11.105242665864656,-0.6481217432521066,0.0
-0.9794644816318527,-1496.503132653273,-1496.433525403782,-11.215422420054898,-0.6577315070319445,0.0
-0.8437159647359357,-1497.346848618009,-1497.277241368518,-11.256222985428067,-0.6614245723330644,0.0
-0.1531141039023535,-1497.4999627219115,-1497.4303554724204,-10.91115364868591,-0.6503787645755924,0.0
-0.25330420503997814,-1497.7532669269515,-1497.6836596774604,-10.75768646085384,-0.6458297860139921,0.0
-0.46013605071996766,-1498.2134029776714,-1498.1437957281803,-10.749444478237235,-0.6455275796706955,0.0
-0.5304005459999771,-1498.7438035236714,-1498.6741962741803,-10.783514977095782,-0.6468598179861847,0.0
-0.1723002798000029,-1498.9161038034715,-1498.8464965539804,-10.636736191045864,-0.643092298748137,0.0
-0.5067353368800116,-1499.4228391403515,-1499.3532318908603,-10.713849627792378,-0.6457900685625382,0.0
-0.4565217538511349,-1499.8793608942026,-1499.8097536447115,-10.85185624604488,-0.6498352976331608,0.0
-0.41226438385434766,-1500.291625278057,-1500.2220180285658,-10.907668224081704,-0.6514894512865678,0.0
-0.32320421392002074,-1500.614829491977,-1500.5452222424858,-11.103287882121563,-0.6559019207562493,0.0
-0.34556620415995626,-1500.9603956961369,-1500.8907884466457,-11.012654428841296,-0.6530621997789686,0.0
-0.0742376668192058,-1501.0346333629561,-1500.965026113465,-10.61835055311013,-0.6413209333538876,0.0
-0.33292361883196997,-1501.367556981788,-1501.297949732297,-10.432939303796697,-0.6327983580479675,0.0
-0.47565940118395333,-1501.843216382972,-1501.773609133481,-10.491234965481954,-0.6348478419906867,0.0
-0.16913483534635132,-1502.0123512183184,-1501.9427439688272,-10.35276007243786,-0.6311502338791176,0.0
-0.2830354473599786,-1502.2953866656783,-1502.2257794161872,-10.17898933331956,-0.6245083070915972,0.0
-0.3690892077263837,-1502.6644758734046,-1502.5948686239135,-10.06904181494294,-0.6198484348589244,0.0
-0.4558666811663019,-1503.120342554571,-1503.0507353050798,-9.959720895173705,-0.6126860913295478,0.0
-0.12231271599998161,-1503.2426552705708,-1503.1730480210797,-9.656086400171102,-0.5925561968655467,0.0
-0.2842473600799547,-1503.5269026306507,-1503.4572953811596,-9.494850670124086,-0.585450093945866,0.0
-0.461529659135973,-1503.9884322897867,-1503.9188250402956,-9.421565405037287,-0.5721969199818493,0.0
-0.46270465919999393,-1504.4511369489867,-1504.3815296994956,-9.503577955750258,-0.5525338916010509,0.0
-0.5239011413999665,-1504.9750380903868,-1504.9054308408956,-9.597463476265627,-0.5563806194906828,0.0
-0.43164145127999687,-1505.4066795416668,-1505.3370722921757,-9.557352692947637,-0.5545284788697546,0.0
-0.2378497556880039,-1505.644529297355,-1505.5749220478638,-9.401045301396758,-0.5486283248072592,0.0
-0.34551172086076426,-1505.9900410182156,-1505.9204337687245,-9.492121547709536,-0.5514325162724741,0.0
-0.37534949172795884,-1506.3653905099436,-1506.2957832604525,-9.383881636557927,-0.545696767791834,0.0
-0.47345742100800525,-1506.8388479309517,-1506.7692406814606,-9.371469434247524,-0.5450864433300119,0.0
-0.7328220748799412,-1507.5716700058317,-1507.5020627563406,-9.451883543226655,-0.550605948919413,0.0
-0.18144148633913076,-1507.7531114921708,-1507.6835042426796,-9.284672519570721,-0.544914627524276,0.0
-0.12033250779353247,-1507.8734439999644,-1507.8038367504732,-9.052049273070384,-0.5366854126461963,0.0
-0.4771128989039738,-1508.3505568988683,-1508.2809496493771,-9.09614111034515,-0.5386419835160536,0.0
-0.5009819826119454,-1508.85153888148,-1508.781931631989,-9.029237566171922,-0.5309551621417329,0.0
-1.635533569199993,-1510.4870724506802,-1510.417465201189,-8.880557188744826,-0.556227467223333,0.0
0.47996847044655067,-1510.0071039802338,-1509.9374967307426,-8.143028115954719,-0.5366697849824023,0.02
-1.1833131152447063,-1511.1904170954786,-1511.1208098459874,-8.260208152568522,-0.5534942856535046,0.02
-0.44154054322075187,-1511.6319576386993,-1511.5623503892082,-9.907172820230338,-0.5086029346034252,0.02
-0.6724659115295374,-1512.3044235502289,-1512.2348163007377,-10.108230495778962,-0.5171263148700956,0.02
-0.3999435595199913,-1512.7043671097488,-1512.6347598602576,-10.011151382980106,-0.5079569770332975,0.02
-0.6091629263999425,-1513.3135300361487,-1513.2439227866575,-10.09906411246425,-0.5122678881184485,0.02
0.1848558017600166,-1513.1286742343887,-1513.0590669848975,-9.567868200148363,-0.5019394771448807,0.04
-0.9499619662344889,-1514.0786362006231,-1514.009028951132,-9.598178296166255,-0.5000132515472665,0.04
-0.6038138531647158,-1514.6824500537878,-1514.6128428042966,-9.579541471956809,-0.49741275035949073,0.04
-0.7298384516719834,-1515.4122885054599,-1515.3426812559687,-9.579453490210895,-0.4959479445692503,0.04
-0.5072224926455171,-1515.9195109981054,-1515.8499037486142,-9.533080050926262,-0.4915020931101596,0.04
-0.7319908541375566,-1516.651501852243,-1516.5818946027518,-9.610363083246058,-0.4845593314655514,0.04
-0.4996372954239763,-1517.151139147667,-1517.0815318981759,-9.571301974320619,-0.48152103500859167,0.04
-0.21475015637033032,-1517.3658893040374,-1517.2962820545463,-9.458538901178766,-0.4641162350767995,0.04
-0.36451927511998883,-1517.7304085791575,-1517.6608013296664,-9.738117626411624,-0.44413480815031436,0.04
-0.386963527103951,-1518.1173721062614,-1518.0477648567703,-9.75450462054469,-0.43228478905975637,0.04
-0.3258347830399304,-1518.4432068893013,-1518.3735996398102,-9.683183909094629,-0.4219271654258362,0.04
-0.06400118259016246,-1518.5072080718915,-1518.4376008224003,-9.586207395639516,-0.4201449069995924,0.04
-0.1868683268135774,-1518.694076398705,-1518.6244691492138,-9.529639580921812,-0.4188161894350644,0.04
-0.2388734384799739,-1518.9329498371849,-1518.8633425876938,-9.400091243453286,-0.41439093719026454,0.04
-0.22761856672799063,-1519.160568403913,-1519.0909611544218,-9.244104265103255,-0.4083352976048248,0.04
-0.2970766516607524,-1519.4576450555737,-1519.3880378060826,-9.342488476704155,-0.41083082504203977,0.04
-0.7136160155487831,-1520.1712610711224,-1520.1016538216313,-9.357909529633679,-0.4149684386154152,0.04
-0.384449159687995,-1520.5557102308105,-1520.4861029813194,-9.326256428293004,-0.4135269867321524,0.04
-0.07897413047994789,-1520.6346843612905,-1520.5650771117994,-9.075205023238544,-0.40686118166466445,0.04
-0.20436719184000535,-1520.8390515531305,-1520.7694443036394,-8.992067193449888,-0.40448444122306404,0.04
-0.4008707873999501,-1521.2399223405305,-1521.1703150910394,-9.019794950321797,-0.405590532887864,0.04
-0.9753222953375204,-1522.215244635868,-1522.1456373863768,-9.240831976858567,-0.42361222545823024,0.04
-0.4685626090098135,-1522.6838072448777,-1522.6141999953866,-9.305831833908407,-0.42632500526178707,0.04
-1.1049888471336164,-1523.7887960920114,-1523.7191888425202,-9.194224922385622,-0.4389115941807804,0.04
-0.2753882007359899,-1524.0641842927473,-1523.9945770432562,-9.276482826546093,-0.44103666148857323,0.04
0.16871533208327172,-1523.895468960664,-1523.8258617111728,-8.822816885288942,-0.43200164589970813,0.06
-0.31565687025599165,-1524.2111258309199,-1524.1415185814287,-8.794009916803336,-0.4309329991503003,0.06
-0.6572577559103414,-1524.8683835868303,-1524.7987763373392,-8.839623677890435,-0.43496082064518116,0.06
5.5343310911919845,-1519.3340524956384,-1519.2644452461473,-2.514656157297795,-0.3218279445013417,0.08
-1.8940796663999528,-1521.2281321620383,-1521.1585249125471,-2.6879811584176907,-0.3540245906277418,0.08
-0.7154299430399229,-1521.9435621050782,-1521.873954855587,-2.7228420230425314,-0.35910259630582075,0.08
-0.4729013334047547,-1522.4164634384829,-1522.3468561889918,-2.724318943461246,-0.35930652978991595,0.08
-0.25690870547996836,-1522.6733721439628,-1522.6037648944716,-2.684387967325179,-0.35396668107151597,0.08
-0.33869140206718046,-1523.0120635460298,-1522.9424562965387,-2.6704732805213114,-0.3521076800872596,0.08
-1.0664575767456022,-1524.0785211227753,-1524.0089138732842,-2.7807359760045935,-0.36867983650841163,0.08
-0.9300472581456065,-1525.008568380921,-1524.9389611314298,-2.858918819089735,-0.38037054725410846,0.08
-0.6483026476415629,-1525.6568710285624,-1525.5872637790712,-2.8976501739370115,-0.38582961037238056,0.08
-0.8401832168399652,-1526.4970542454023,-1526.4274469959112,-2.9462245445798727,-0.3931641262890198,0.08
-0.3929047648239764,-1526.8899590102262,-1526.820351760735,-2.8991143836693833,-0.3863657800879005,0.08
-0.30895905004797575,-1527.1989180602743,-1527.1293108107832,-2.919445569713289,-0.38891613136207737,0.08
-0.9557468083199109,-1528.1546648685942,-1528.085057619103,-3.0368292690555574,-0.405624417372605,0.08
-2.2405595928799547,-1530.395224461474,-1530.325617211983,-3.185160967634585,-0.4408933512521246,0.08
-0.4729013334047547,-1530.8681257948788,-1530.7985185453877,-3.1811900873957777,-0.4403317382679807,0.08
-0.6465768432191377,-1531.514702638098,-1531.445095388607,-3.0838787272150125,-0.4205526037483637,0.08
-2.8935184831727563,-1534.4082211212708,-1534.3386138717797,-3.397909116396416,-0.48802234282074974,0.06
-1.0709490705724596,-1535.4791701918432,-1535.409562942352,-3.3869902725768273,-0.4857750619273049,0.06
-0.2650095259239823,-1535.744179717767,-1535.674572468276,-3.3608656402788655,-0.4822444415813695,0.06
-0.23602265667677763,-1535.980202374444,-1535.9105951249528,-3.2993711260968133,-0.4735155764843143,0.06
-0.29521521276697016,-1536.275417587211,-1536.2058103377199,-3.283942530288351,-0.4714210095492538,0.06
-1.0203319725982336,-1537.2957495598093,-1537.2261423103182,-3.332218047604934,-0.4796443904732196,0.06
-0.7149780954604645,-1538.0107276552699,-1537.9411204057787,-3.4707526993895983,-0.49764106841762934,0.04
-0.6801152299199604,-1538.6908428851898,-1538.6212356356987,-3.438896645828773,-0.4922441336913387,0.04
-0.37699976959992365,-1539.0678426547897,-1538.9982354052986,-3.4072119526858224,-0.48770785202004285,0.04
0.028522644422415533,-1539.0393200103674,-1538.9697127608763,-3.294941471669424,-0.4725406300981549,0.06
-0.19187762286957794,-1539.231197633237,-1539.1615903837458,-3.2485779557276317,-0.46623373270263613,0.06
-0.2418621091199351,-1539.4730597423568,-1539.4034524928657,-3.181051547816557,-0.4564311578022837,0.06
-0.22277743603197542,-1539.6958371783887,-1539.6262299288976,-3.1408989368712383,-0.4508939606144437,0.06
-0.1789846965024402,-1539.8748218748913,-1539.8052146254001,-3.1353640608270776,-0.45017865141708585,0.06
-0.12369444251997466,-1539.9985163174113,-1539.9289090679201,-3.098870893069546,-0.4453621547650856,0.06
-0.30427935897593333,-1540.3027956763872,-1540.233188426896,-3.0868755292728887,-0.44370847140252523,0.06
-0.2804141119999621,-1540.5832097883872,-1540.513602538896,-3.0801761850254503,-0.44280005798172584,0.06
-0.7149674287938741,-1541.298177217181,-1541.22856996769,-3.1731330641408646,-0.45581938290580015,0.06
3.9558214827198888,-1537.3423557344613,-1537.2727484849702,-2.218853675458451,-0.37296558671513075,0.08
-0.1103047671023453,-1537.4526605015637,-1537.3830532520726,-2.202765932458324,-0.37039421328757816,0.08
-0.34400083307024737,-1537.7966613346339,-1537.7270540851428,-2.2169216500629334,-0.3727218586144233,0.08
-0.47434018127515454,-1538.2710015159091,-1538.201394266418,-2.237945701285969,-0.3762671292067114,0.08
-0.6496811216159983,-1538.920682637525,-1538.851075388034,-2.2309580579048447,-0.3749884313280557,0.08
-1.0600335627999649,-1539.980716200325,-1539.911108950834,-2.303853396806606,-0.38850011939029505,0.08
-1.026920705659108,-1541.007636905984,-1540.938029656493,-2.4113046239896354,-0.40745905089387835,0.08
-0.24731162623995384,-1541.254948532224,-1541.185341282733,-2.4166521321806878,-0.40831793958187723,0.08
-0.32320539288798156,-1541.578153925112,-1541.508546675621,-2.4073395911334257,-0.4067646316916379,0.08
-0.3000976761887489,-1541.8782516013007,-1541.8086443518096,-2.332667727942166,-0.39326013930866244,0.08
-0.4644154769039969,-1542.3426670782046,-1542.2730598287135,-2.3321857175938008,-0.3931771966665461,0.08
-0.4259584005599743,-1542.7686254787645,-1542.6990182292734,-2.2598321025472354,-0.37959658773507327,0.08
-0.34408457449279983,-1543.1127100532574,-1543.0431028037663,-2.268167268833824,-0.3809705152102095,0.08
-0.5086266720719446,-1543.6213367253292,-1543.551729475838,-2.353748651018171,-0.3945173552933138,0.06
-0.1964934295679889,-1543.8178301548971,-1543.748222905406,-2.338985112732113,-0.39213408647955367,0.06
-0.6652025135999359,-1544.4830326684971,-1544.413425419006,-2.339861715245036,-0.39229298163334564,0.06
-0.218175726215857,-1544.701208394713,-1544.6316011452218,-4.3178305687772225,-0.5073431179815024,0.04
-0.8734925513495262,-1545.5747009460624,-1545.5050936965713,-4.257229124064925,-0.4869313756804939,0.04
-1.2401543246400013,-1546.8148552707023,-1546.7452480212112,-4.3154895947024,-0.4974258633124955,0.04
-0.25460433905599145,-1547.0694596097583,-1546.9998523602671,-4.273920414550589,-0.49305992342552024,0.04
-0.2229924372479945,-1547.2924520470062,-1547.222844797515,-4.2669413049594365,-0.4923815980608808,0.04
-0.34988743799993693,-1547.6423394850062,-1547.572732235515,-4.269094579550936,-0.4926055187795359,0.04
-0.41805344839995656,-1548.060392933406,-1547.990785683915,-4.177604455534196,-0.47963743621262295,0.04
-2.421136148479959,-1550.481529081886,-1550.411921832395,-4.217681787728558,-0.50945921401931,0.04
-0.9568313993878164,-1551.4383604812738,-1551.3687532317826,-4.258333034596898,-0.5156297890542351,0.04
-0.05588681033028958,-1551.494247291604,-1551.424640042113,-4.1235221803585205,-0.4999438609240416,0.04
-0.38368240431820333,-1551.8779296959224,-1551.8083224464312,-4.121885470210383,-0.49975941371392607,0.04
-0.2687253796416053,-1552.146655075564,-1552.0770478260729,-4.114300646366952,-0.49895474030579867,0.04
-0.5402166473599079,-1552.686871722924,-1552.617264473433,-4.057398898595705,-0.49064413708659865,0.04
-0.3313715217119695,-1553.018243244636,-1552.948635995145,-3.9117067041158577,-0.45246037566323893,0.04
-0.4787046336767083,-1553.4969478783128,-1553.4273406288216,-3.912694335625352,-0.45257644166867805,0.04
-1.859083775999973,-1555.3560316543128,-1555.2864244048217,-4.009389099648189,-0.4768265803242947,0.04
-0.3436660700928452,-1555.6996977244057,-1555.6300904749146,-3.9262946095380515,-0.4258295320626965,0.04
-0.945180808572013,-1556.6448785329778,-1556.5752712834867,-3.9128789581927257,-0.4233141668226875,0.04
-0.44105669955356785,-1557.0859352325315,-1557.0163279830404,-3.947135844360618,-0.42683511029527926,0.04
1.4170423988000198,-1555.6688928337314,-1555.5992855842403,-3.451323579214575,-0.39377380918574334,0.06
-0.5435120836799314,-1556.2124049174113,-1556.1427976679201,-3.4942327351587106,-0.3987397466040026,0.06
-0.31291382256000955,-1556.5253187399712,-1556.45571149048,-3.3905668913199136,-0.38459138360323813,0.06
-0.6276975868799571,-1557.1530163268512,-1557.08340907736,-3.377814768840715,-0.38284577343162796,0.06
-0.44556201588957783,-1557.598578342741,-1557.5289710932498,-3.3408779019602117,-0.37815470915102023,0.06
-0.27165755747754744,-1557.8702359002184,-1557.8006286507273,-3.3216881287972333,-0.3760478649085728,0.06
-0.5407341263279201,-1558.4109700265462,-1558.341362777055,-3.4299191739078676,-0.3874330003235794,0.04
-1.2924615670270498,-1559.7034315935732,-1559.633824344082,-3.5825479626281393,-0.40944467920672895,0.04
-0.7507191333599263,-1560.4541507269332,-1560.384543477442,-3.666926864696554,-0.41962181969152873,0.04
-0.25413992710397093,-1560.7082906540372,-1560.638683404546,-3.6730468017428253,-0.42024906951296864,0.04
-0.8210135536559373,-1561.5293042076933,-1561.4596969582021,-3.779841880580159,-0.4330896466560386,0.04
-2.9849644361599803,-1564.5142686438533,-1564.4446613943621,-3.9219761995993596,-0.49031504652883867,0.04
-0.3713225930720031,-1564.8855912369252,-1564.815983987434,-3.93373570264257,-0.4916559112107601,0.04
-0.36764074927997586,-1565.253231986205,-1565.183624736714,-3.9491802748873357,-0.4934004439563604,0.04
-0.2584937062656225,-1565.5117256924707,-1565.4421184429796,-3.8760124590515086,-0.48427096950579535,0.04
-0.334175587199961,-1565.8459012796707,-1565.7762940301795,-6.545132133164253,-0.5700709109041924,0.02
-1.238369126702357,-1567.084270406373,-1567.0146631568819,-6.766841038056497,-0.5926321980961926,0.02
-0.40985808008073116,-1567.4941284864537,-1567.4245212369626,-6.786925778552707,-0.5939493430364022,0.02
-0.5484962558399833,-1568.0426247422938,-1567.9730174928027,-6.806068522277055,-0.5954324645276988,0.02
-0.9508298767679481,-1568.9934546190618,-1568.9238473695707,-6.853180957383475,-0.6014554396307378,0.02
-0.4221556366720045,-1569.4156102557338,-1569.3460030062427,-6.740500570476546,-0.5886978811081786,0.02
-1.064405082787112,-1570.4800153385208,-1570.4104080890297,-6.743035192995421,-0.5894475686507387,0.02
-0.09582082291196958,-1570.5758361614328,-1570.5062289119417,-6.686335162489711,-0.586417752584179,0.02
-1.1057543089039386,-1571.6815904703367,-1571.6119832208456,-6.831443122965387,-0.6020687309044981,0.02
-0.6713810942615464,-1572.3529715645982,-1572.283364315107,-6.9316275347758225,-0.6094943992659541,0.02
-0.31438701215995624,-1572.6673585767583,-1572.5977513272671,-6.8858296358304,-0.6064938299710733,0.02
-0.45122861160001476,-1573.1185871883583,-1573.0489799388672,-6.893078151671633,-0.6069992341918741,0.02
-0.8890779885598239,-1574.0076651769182,-1573.938057927427,-7.016041995410835,-0.6178991024732146,0.02
-0.46981076155198737,-1574.4774759384702,-1574.407868688979,-7.005428292527546,-0.6171227842628154,0.02
-0.09874423637761426,-1574.5762201748478,-1574.5066129253566,-6.966808885883358,-0.615167800399008,0.02
-0.49591358639999517,-1575.0721337612479,-1575.0025265117567,-6.926484881427727,-0.6117820218550092,0.02
-0.1492929971071321,-1575.221426758355,-1575.1518195088638,-6.900479805823218,-0.6104043672728346,0.02
-0.4483592418400019,-1575.669786000195,-1575.600178750704,-6.812473181164145,-0.6019017010826442,0.02
-0.36940207359996774,-1576.039188073795,-1575.9695808243039,-6.67871638564091,-0.5844866560618435,0.02
-2.014666000780695,-1578.0538540745756,-1577.9842468250845,-6.75785159383082,-0.6196878892963376,0.02
-1.0070367571407761,-1579.0608908317163,-1578.9912835822252,-6.932091705647498,-0.6353687756941931,0.02
0.7397812617888544,-1578.3211095699273,-1578.2515023204362,-6.426665374041371,-0.6135754016984173,0.04
-0.9711406261319454,-1579.2922501960593,-1579.2226429465682,-6.53057280772805,-0.6246371452530571,0.04
-0.7880962871039352,-1580.080346483163,-1580.010739233672,-6.682727276832548,-0.5919763480255367,0.04
-0.3315984886992369,-1580.4119449718623,-1580.3423377223712,-6.553793063621268,-0.579471689811765,0.04
-0.4502624987999803,-1580.8622074706623,-1580.7926002211711,-6.687729162584312,-0.5873592035811589,0.04
-1.1250526862743775,-1581.9872601569366,-1581.9176529074455,-6.814869036943985,-0.6021866092202823,0.04
-0.5184496150511617,-1582.5057097719878,-1582.4361025224966,-6.890023115023623,-0.6071810939284734,0.04
-0.7368656014719681,-1583.2425753734597,-1583.1729681239685,-6.9325891608658345,-0.6111140730107146,0.04
-0.5112751375031153,-1583.7538505109628,-1583.6842432614717,-6.985812047198007,-0.6147121453265376,0.04
-0.8142735308398545,-1584.5681240418028,-1584.4985167923116,-7.058605724811013,-0.6214235232698005,0.04
-0.6259502121599494,-1585.1940742539628,-1585.1244670044716,-7.069434670984166,-0.596760851993,0.04
-0.7290502286398911,-1585.9231244826026,-1585.8535172331115,-7.170717353289805,-0.604468535163941,0.04
-0.6745265819136392,-1586.5976510645162,-1586.528043815025,-7.129140584820265,-0.5990554506307735,0.04
-0.6551445479039093,-1587.2527956124202,-1587.183188362929,-7.184724303143698,-0.6033372075977802,0.04
-0.46979417471993,-1587.7225897871401,-1587.652982537649,-8.725786733401453,-0.6410739390681793,0.02
0.10141083456005145,-1587.62117895258,-1587.551571703089,-8.386072470559725,-0.6281754807033796,0.04
-0.9206398006271854,-1588.5418187532073,-1588.4722115037162,-8.554813401751392,-0.6403300002647231,0.04
-0.5050112928479853,-1589.0468300460552,-1588.977222796564,-8.516606316955416,-0.6378762743840837,0.04
-1.4205954033407788,-1590.467425449396,-1590.3978181999048,-8.607801420469888,-0.6573769421331077,0.04
-0.6080684169599427,-1591.0754938663558,-1591.0058866168647,-8.740558658657974,-0.6641051593227557,0.04
-3.132105155982448,-1594.2075990223382,-1594.137991772847,-7.930602682704598,-0.715932579915846,0.04
-0.5299701407999717,-1594.7375691631382,-1594.667961913647,-7.821296785743685,-0.7006827513913046,0.04
-0.34286695878961587,-1595.080436121928,-1595.0108288724368,-7.7068111819336425,-0.6925257078998984,0.04
-0.5583226967615966,-1595.6387588186897,-1595.5691515691985,-7.808632765071125,-0.6986093632930509,0.04
-0.3228734695031692,-1595.9616322881927,-1595.8920250387016,-7.6740634354934665,-0.6886465616099957,0.04
-0.40689458761597486,-1596.3685268758088,-1596.2989196263177,-8.278679440764789,-0.6370851646391155,0.04
-1.3512978649726237,-1597.7198247407814,-1597.6502174912903,-8.41477131924597,-0.6566846700771279,0.04
-1.3005766511999304,-1599.0204013919813,-1598.9507941424902,-8.566083754127732,-0.675343388115527,0.04
-0.42453635151998736,-1599.4449377435012,-1599.37533049401,-8.639231795043496,-0.6786642410206143,0.04
-0.6139418006399806,-1600.0588795441413,-1599.9892722946502,-8.743405527388218,-0.6842595652894147,0.04
-0.3796014335039559,-1600.4384809776452,-1600.368873728154,-8.588398010134599,-0.6670842114254466,0.04
-0.4999445494560055,-1600.9384255271011,-1600.86881827761,-8.622575553337285,-0.6688859408129523,0.04
-0.33022659839994095,-1601.2686521255011,-1601.19904487601,-8.538185476954688,-0.6645205476641514,0.04
2.3626664120160346,-1598.905985713485,-1598.836378463994,-6.105134473615518,-0.5982506218884717,0.06
-0.15224501510397753,-1599.058230728589,-1598.988623479098,-6.029178977631617,-0.592852409457111,0.06
-0.3848130998399829,-1599.443043828429,-1599.3734365789378,-5.914035210387633,-0.5792605697981685,0.06
-0.3901021263999457,-1599.833145954829,-1599.7635387053379,-5.999148784488125,-0.585146195867928,0.06
-0.5428631382743916,-1600.3760090931034,-1600.3064018436123,-5.918114868686769,-0.5738883724553372,0.06
-0.6846439892320868,-1601.0606530823356,-1600.9910458328445,-5.920502950945852,-0.5741536303547479,0.06
-1.1149696115207146,-1602.1756226938564,-1602.1060154443653,-6.05833433549385,-0.5901652823419631,0.06
-0.7792534189440817,-1602.9548761128005,-1602.8852688633094,-6.1238357968527986,-0.5967257784888444,0.06
-0.6951685499039929,-1603.6500446627044,-1603.5804374132133,-6.093867512640167,-0.5928475897157278,0.06
-0.06451719687598367,-1603.7145618595805,-1603.6449546100894,-5.9777053935989475,-0.5847417184222077,0.06
-0.7032354403199902,-1604.4177972999005,-1604.3481900504094,-6.1307714723018805,-0.5968315425010552,0.06
-0.5705890646399829,-1604.9883863645405,-1604.9187791150493,-6.147359592337403,-0.598325052065855,0.06
-0.9599167783519753,-1605.9483031428924,-1605.8786958934013,-6.325161399209605,-0.6145375276907519,0.06
-0.8512804531679901,-1606.7995835960605,-1606.7299763465694,-6.404686514823118,-0.6225959519173115,0.06
-0.8880213467999233,-1607.6876049428604,-1607.6179976933693,-6.511255071514417,-0.6329683373813108,0.06
-4.648831220203206,-1612.3364361630636,-1612.2668289135725,-5.583124111046556,-0.685651641769761,0.06
-0.922177851955171,-1613.2586140150188,-1613.1890067655277,-5.572814843084622,-0.6839544636660488,0.06
-0.8549460338399282,-1614.1135600488587,-1614.0439527993676,-5.998128901040028,-0.7158490095786244,0.04
-0.28266822144000564,-1614.3962282702987,-1614.3266210208076,-5.873442724284216,-0.7020795614847857,0.04
-1.7206181615998908,-1616.1168464318987,-1616.0472391824076,-5.945781377183238,-0.7207299989747049,0.04
-0.3317679892591604,-1616.4486144211578,-1616.3790071716667,-5.945820017455919,-0.7207333889859032,0.04
-0.46626695150396946,-1616.9148813726617,-1616.8452741231706,-5.94914141351206,-0.721053478039983,0.04
-3.346877016251948,-1620.2617583889137,-1620.1921511394225,-5.812633361359411,-0.7654899646395344,0.04
-0.13404206995196988,-1620.3958004588656,-1620.3261932093744,-5.732169892086309,-0.7578018137375505,0.04
-0.4855899745199952,-1620.8813904333856,-1620.8117831838945,-5.689444208508649,-0.7527763011985111,0.04
-1.2790025125127769,-1622.1603929458984,-1622.0907856964072,-5.7918252949530915,-0.7681308486987044,0.04
-0.29434159551997063,-1622.4547345414182,-1622.3851272919271,-5.699376118526711,-0.7577322099923067,0.04
-1.1243992618767495,-1623.579133803295,-1623.5095265538039,-5.767048103958792,-0.7677011909866427,0.04
-0.7558661692799352,-1624.334999972575,-1624.2653927230838,-5.771166104002028,-0.7682375097994436,0.04
-0.2935343381880455,-1624.628534310763,-1624.5589270612718,-5.7001947440298615,-0.7606176649249318,0.04
-0.583507102007975,-1625.212041412771,-1625.1424341632799,-5.688170779269673,-0.759184916007013,0.04
-0.13284003311036502,-1625.3448814458814,-1625.2752741963902,-5.618390706485921,-0.7524458331748217,0.04
-0.3927740572799613,-1625.7376555031612,-1625.6680482536701,-5.730957853836292,-0.762329531011622,0.02
-0.35724702115199714,-1626.0949025243133,-1626.0252952748222,-5.63780082419492,-0.7510616754221183,0.02
-1.2900537789567261,-1627.38495630327,-1627.3153490537788,-5.741593025826696,-0.7667625251442931,0.02
-0.7015402270079419,-1628.0864965302778,-1628.0168892807867,-5.661501389736111,-0.7523814216176363,0.02
-0.48663041817596797,-1628.5731269484538,-1628.5035196989627,-5.640064651619891,-0.7499526616419568,0.02
-0.22175528411997758,-1628.7948822325739,-1628.7252749830827,-5.564375770618872,-0.6917456642047074,0.02
1.654709943539903,-1627.140172289034,-1627.0705650395428,-4.88371516318545,-0.6480520625179099,0.04
-0.471603225887985,-1627.6117755149219,-1627.5421682654307,-4.906593460150875,-0.6506267878598774,0.04
-2.9949446340799466,-1630.6067201490018,-1630.5371128995107,-4.978829941027277,-0.6993592266062443,0.04
-0.359521684642332,-1630.966241833644,-1630.896634584153,-4.985376155883736,-0.7000921909090274,0.04
-0.7700800773599366,-1631.736321911004,-1631.666714661513,-5.0413827661695185,-0.7073559007039067,0.04
-1.8327761052119387,-1633.569098016216,-1633.4994907667249,-5.066588911622412,-0.7169854655086931,0.04
-0.30887914380959447,-1633.8779771600257,-1633.8083699105346,-4.935989815612622,-0.6971515153608863,0.04
-0.39260123999997476,-1634.2705784000257,-1634.2009711505345,-4.93055760414384,-0.6965128131304862,0.04
-0.31770354879998364,-1634.5882819488256,-1634.5186746993345,-4.882019512301571,-0.6905880480936861,0.04
-1.7405399937199348,-1636.3288219425456,-1636.2592146930544,-5.026011577135653,-0.7178068192980058,0.04
0.13734224121593558,-1636.1914797013296,-1636.1218724518385,-4.904380712230475,-0.705061083484567,0.06
-0.27721835807999073,-1636.4686980594097,-1636.3990908099186,-4.894993824751991,-0.7040009186781679,0.06
-2.8947333272591287,-1639.3634313866687,-1639.2938241371776,-5.92959178242155,-0.8091489134636711,0.04
-0.5891436665999775,-1639.9525750532687,-1639.8829678037775,-6.018690464167357,-0.8178868864935912,0.04
-0.2206634408159563,-1640.1732384940847,-1640.1036312445935,-5.983616273971658,-0.8146038933131107,0.04
-1.5560292426623774,-1641.729267736747,-1641.659660487256,-6.132289881556631,-0.8379224356383592,0.04
-0.31017729168000047,-1642.039445028427,-1641.969837778936,-6.085833983084802,-0.8332687187064716,0.04
-0.6508028980799585,-1642.690247926507,-1642.620640677016,-6.080165512410073,-0.8325918968834288,0.04
0.05808687193599901,-1642.632161054571,-1642.56255380508,-5.866067991091129,-0.8091307672142947,0.06
0.3266223981456088,-1642.3055386564254,-1642.2359314069342,-5.6313511300883725,-0.7870132508725008,0.08
-0.19890958478157325,-1642.504448241207,-1642.4348409917159,-5.541497470365096,-0.7770880715700524,0.08
1.9753981780097314,-1640.5290500631972,-1640.4594428137061,-4.913106510649857,-0.7362897640723383,0.1
-0.1653584369471627,-1640.6944085001444,-1640.6248012506533,-4.82762538953201,-0.7255322240048815,0.1
-2.0974718176079246,-1642.7918803177522,-1642.722273068261,-4.9520101518786035,-0.7560698790642404,0.1
-0.4529113470839834,-1643.2447916648362,-1643.175184415345,-4.8837017913198455,-0.7459297704388805,0.1
-0.1756289720319814,-1643.4204206368681,-1643.350813387377,-4.782740182272453,-0.7324167408161604,0.1
-0.3499404477479243,-1643.770361084616,-1643.700753835125,-4.707799439908145,-0.7216551228351205,0.1
-0.2381860166399961,-1644.008547101256,-1643.9389398517649,-4.8206582669234415,-0.6334422187638562,0.1
-0.8889056012927279,-1644.8974527025487,-1644.8278454530575,-4.816605606070385,-0.6327767737506074,0.1
-1.3799999530799418,-1646.2774526556286,-1646.2078454061375,-4.8682183120778255,-0.6432778521354077,0.1
-1.3793042816111174,-1647.6567569372398,-1647.5871496877487,-5.011996231069025,-0.6652105733388299,0.1
-0.4536904365071726,-1648.110447373747,-1648.040840124256,-4.882517231269399,-0.6398720188369755,0.1
-0.3264788203199545,-1648.4369261940672,-1648.367318944576,-4.881523232210529,-0.6397662354581913,0.1
-0.31624576266233584,-1648.7531719567296,-1648.6835647072385,-4.854442076080385,-0.6367658116813587,0.1
-0.31090210406400187,-1649.0640740607937,-1648.9944668113026,-4.827805841900167,-0.5760463134375997,0.1
-0.4533996714335651,-1649.5174737322272,-1649.4478664827361,-4.893889748385535,-0.5824334654672316,0.1
-0.13327739546396516,-1649.6507511276911,-1649.5811438782,-4.821772981714072,-0.5753872138861111,0.1
-1.5973006173695643,-1651.2480517450606,-1651.1784444955695,-4.838078628182553,-0.5817531759832468,0.1
-0.6688790572175651,-1651.916930802278,-1651.847323552787,-4.905658014037263,-0.5892439252171987,0.1
-0.9993568131118324,-1652.91628761539,-1652.846680365899,-4.892882406346953,-0.5867430762419004,0.1
-0.3229884337499827,-1653.23927604914,-1653.169668799649,-4.818193325521301,-0.5780855215313013,0.1
-0.23353371647998533,-1653.47280976562,-1653.4032025161289,-4.805676732039483,-0.5768855090971402,0.1
-0.3432475568983458,-1653.8160573225184,-1653.7464500730273,-4.762120326980889,-0.5720803181949475,0.1
-0.16366871663999716,-1653.9797260391583,-1653.9101187896672,-4.768981478733781,-0.5726968918655402,0.1
-0.5294712630238865,-1654.5091973021822,-1654.439590052691,-4.793800946164244,-0.5754308359804188,0.1
0.0752892460991805,-1654.433908056083,-1654.364300806592,-4.697534019810704,-0.5667801106353952,0.12
-3.2195479952782873,-1657.6534560513614,-1657.5838488018703,-4.624862539940286,-0.6053699949618264,0.12
-4.331853095500736,-1661.9853091468622,-1661.915701897371,-4.511931663298343,-0.6779762523316822,0.12
-1.0901013022174788,-1663.0754104490798,-1663.0058031995886,-4.5871388751735225,-0.6900456700125126,0.12
-0.276188169062366,-1663.3515986181421,-1663.281991368651,-4.596329261606644,-0.6911343277113603,0.12
-0.7327544565599652,-1664.084353074702,-1664.0147458252109,-5.1777896585759455,-0.7388836157133576,0.1
-0.9955211141119258,-1665.0798741888138,-1665.0102669393227,-5.251788435375876,-0.7493619734778365,0.1
-0.352430528750395,-1665.4323047175642,-1665.362697468073,-5.1417873788078445,-0.6965116913712454,0.1
-1.1043596640383226,-1666.5366643816026,-1666.4670571321114,-5.249373920613918,-0.7114084509591652,0.1
-0.1323433792799924,-1666.6690077608826,-1666.5994005113914,-5.137180110001313,-0.6986537169975664,0.1
-0.7978540974624,-1667.466861858345,-1667.397254608854,-5.0564501583447665,-0.6779552768425755,0.1
-0.4065229360799856,-1667.873384794425,-1667.8037775449338,-5.074558370809039,-0.6799081526879834,0.1
-1.1789409275039444,-1669.0523257219288,-1668.9827184724377,-5.183044705286389,-0.6956349464380628,0.1
-0.753805106061815,-1669.8061308279907,-1669.7365235784996,-5.256397957091563,-0.7043569775832994,0.1
-2.2775666216423307,-1672.083697449633,-1672.014090200142,-5.255484820055768,-0.7150975101417473,0.1
-0.8217552148079263,-1672.905452664441,-1672.83584541495,-5.439744336292512,-0.7342794592622246,0.08
-0.6913785709440015,-1673.596831235385,-1673.527223985894,-5.513863122737758,-0.7425626635195048,0.08
-0.4511630460286756,-1674.0479942814136,-1673.9783870319225,-5.438417223650107,-0.6936912578948957,0.08
-0.33044602187521355,-1674.3784403032887,-1674.3088330537976,-5.389930745467773,-0.6885173050004005,0.08
-0.30108854451202754,-1674.6795288478008,-1674.6099215983097,-5.4070917128474445,-0.6901258070743218,0.08
-0.34424624102395796,-1675.0237750888248,-1674.9541678393336,-5.259971446310543,-0.6658901470415535,0.08
-0.686159521144806,-1675.7099346099697,-1675.6403273604785,-5.327950881865491,-0.6734097916308496,0.08
-0.10859995161596381,-1675.8185345615857,-1675.7489273120946,-5.221756284628979,-0.6625657327015696,0.08
-1.270779469344054,-1677.0893140309297,-1677.0197067814386,-5.443722060578679,-0.6891430595271707,0.06
-1.2429897265438847,-1678.3323037574735,-1678.2626965079824,-5.747507306653795,-0.7205353020209606,0.04
-0.4018086075647853,-1678.7341123650383,-1678.6645051155472,-5.792519781242714,-0.7245932824766248,0.04
-0.9052410110495644,-1679.639353376088,-1679.5697461265968,-6.946839976512601,-0.7822060662578108,0.02
-0.20554632789920285,-1679.844899703987,-1679.775292454496,-6.959249326314701,-0.7830098240768515,0.02
-0.48440467027683876,-1680.329304374264,-1680.2596971247729,-6.858217344210189,-0.7507484811302298,0.02
-0.3789638515743583,-1680.7082682258383,-1680.6386609763472,-6.8390695385720415,-0.7492695312200373,0.02
-0.6549819321935892,-1681.3632501580319,-1681.2936429085407,-6.964367466332975,-0.7588565904232695,0.02
18.883969783670434,-1662.4792803743615,-1662.4096731248703,-0.9262786213330272,-0.3741783857949023,0.04
-0.24936054975995103,-1662.7286409241215,-1662.6590336746303,-0.9268351859700336,-0.3744018764573015,0.04
-0.6062314476799349,-1663.3348723718013,-1663.2652651223102,-0.9130778520071935,-0.36874839338504567,0.04
-0.35483837518244854,-1663.6897107469838,-1663.6201034974927,-0.8634141850996463,-0.34824516182709575,0.04
-0.39173715359991446,-1664.0814479005837,-1664.0118406510926,-0.8155283683690523,-0.32849381926687166,0.04
-0.047089183666319756,-1664.12853708425,-1664.0589298347588,-0.795280543347131,-0.32036179421005456,0.04
-0.38910493124801304,-1664.517642015498,-1664.448034766007,-0.7983853248401843,-0.3216143164286158,0.04
-0.6385760035199484,-1665.156218019018,-1665.086610769527,-0.8142898693173896,-0.3280609212457681,0.04
-0.5523684064447657,-1665.7085864254627,-1665.6389791759716,-0.8262271499122301,-0.3328902472933833,0.04
-0.49559108614395697,-1666.2041775116068,-1666.1345702621156,-0.8283093576512255,-0.3337340755875911,0.04
-0.4983064336607589,-1666.7024839452674,-1666.6328766957763,-0.8464454308757067,-0.341034656351527,0.04
-0.27413494234873187,-1666.9766188876163,-1666.9070116381251,-0.7823158277604166,-0.3145713428511103,0.04
-0.6727648498030161,-1667.6493837374194,-1667.5797764879283,-0.7825064218319315,-0.3146490587028194,0.04
-0.4630602959999925,-1668.1124440334195,-1668.0428367839284,-0.7562553704072527,-0.3039231283605826,0.04
-0.6545425677119188,-1668.7669866011313,-1668.6973793516402,-0.7726404065650122,-0.31055421103982134,0.04
-0.6380671526400117,-1669.4050537537712,-1669.33544650428,-0.7926732885452477,-0.3186448797630218,0.04
-0.9321947392030823,-1670.3372484929744,-1670.2676412434832,-0.8216000045694378,-0.3304238234091166,0.04
-0.4777053657599591,-1670.8149538587343,-1670.7453466092431,-0.8372254423579422,-0.33670455639151586,0.04
-0.7917074954207521,-1671.606661354155,-1671.5370541046639,-0.8500894990011627,-0.34194928103945316,0.04
-0.4219098921695613,-1672.0285712463246,-1671.9589639968335,-0.8749970797079754,-0.351893263804828,0.02
-0.5973656147071988,-1672.6259368610317,-1672.5563296115406,-0.7523563717511959,-0.2994496161934062,0.02
-0.40487339289593066,-1673.0308102539277,-1672.9612030044366,-0.5670076694346731,-0.2209100221413101,0.02
-0.6400747785599599,-1673.6708850324876,-1673.6012777829965,-0.5443249827007643,-0.2119094916681597,0.02
-0.4978081438367979,-1674.1686931763245,-1674.0990859268334,-0.5556541609004894,-0.21634189116364838,0.02
-0.05291862224874716,-1674.2216117985733,-1674.1520045490822,-0.5209035538457173,-0.20274517447742402,0.02
-1.2449195195040148,-1675.4665313180774,-1675.3969240685863,-0.5333976117239363,-0.20773314258526576,0.02
-0.33876531122398656,-1675.8052966293014,-1675.7356893798103,-0.5326984958487457,-0.20745983823473757,0.02
-0.6817994051231591,-1676.4870960344247,-1676.4174887849335,-0.5113914712571486,-0.19900863305643435,0.02
-0.4986930643199592,-1676.9857890987446,-1676.9161818492535,-0.5301617214596606,-0.2063356267572337,0.02
-0.4717623715199457,-1677.4575514702644,-1677.3879442207733,-0.5135954052683158,-0.19981379223838458,0.02
-0.5983727697920317,-1678.0559242400564,-1677.9863169905652,-0.5233781164630958,-0.20365078891262547,0.02
-0.07828259913600874,-1678.1342068391923,-1678.0645995897012,-0.4673976637145455,-0.18163762234526679,0.02
-1.0087250344856926,-1679.142931873678,-1679.0733246241869,-0.4802910796384475,-0.18673602091374433,0.02
-1.346291826431938,-1680.48922370011,-1680.4196164506188,-0.434137896318822,-0.1681105250095365,0.02
-0.6975758949119595,-1681.186799595022,-1681.1171923455308,-0.42780816377671294,-0.16562693861161715,0.02
-0.410368052102374,-1681.5971676471243,-1681.5275603976331,-0.4134116974406691,-0.1600067282347846,0.02
1.3248184206877218,-1680.2723492264365,-1680.2027419769454,-0.32075947467704113,-0.12448709890045664,0.04
-0.42908806159998436,-1680.7014372880365,-1680.6318300385453,-0.3258210879738731,-0.1264599396949521,0.04
-0.3689600423999813,-1681.0703973304364,-1681.0007900809453,-0.32930613744649545,-0.12781736965271112,0.04
-0.9556219526398988,-1682.0260192830763,-1681.9564120335851,-0.3605070258954949,-0.14004488388502997,0.04
-1.2622632970462173,-1683.2882825801225,-1683.2186753306314,-0.3896748053029401,-0.15156695940305817,0.04
-0.08923681871997449,-1683.3775193988424,-1683.3079121493513,-0.38867811906400873,-0.1511796967451384,0.04
-0.198857755713569,-1683.576377154556,-1683.5067699050649,-0.3341238948572862,-0.12974126247252868,0.04
-0.4268503037031007,-1684.003227458259,-1683.933620208768,-0.2925398328838567,-0.11341847401571302,0.04
-0.685519795631998,-1684.688747253891,-1684.6191400044,-0.30707626267187954,-0.11909269777705728,0.04
-0.5053169729408031,-1685.1940642268319,-1685.1244569773407,-0.2866324401315255,-0.11109421701488204,0.04
-0.23722293857759072,-1685.4312871654095,-1685.3616799159183,-0.2882643327278122,-0.1117277492284498,0.04
-1.3641805767742776,-1686.7954677421837,-1686.7258604926926,-0.3330353554498848,-0.12932326735839858,0.04
-0.4514153628671764,-1687.246883105051,-1687.1772758555599,-0.3367484674094061,-0.13077229758425496,0.04
-1.0664451678318039,-1688.3133282728827,-1688.2437210233916,-0.3576562379993932,-0.13900156229701924,0.04
-0.6072043305600102,-1688.9205326034428,-1688.8509253539517,-9.1441458046651,-0.5288250445816282,0.02
-0.4924298715840261,-1689.412962475027,-1689.3433552255358,-9.271529025904787,-0.5336864310181095,0.02
-0.4932392389919385,-1689.9062017140188,-1689.8365944645277,-9.23443380442127,-0.5314265868443496,0.02
-0.5113552227887174,-1690.4175569368076,-1690.3479496873165,-9.30641974811988,-0.5345569237964751,0.02
-0.23781595902765357,-1690.6553728958352,-1690.585765646344,-9.215371169455317,-0.5314784999050298,0.02
-0.2512060776000189,-1690.9065789734352,-1690.836971723944,-9.375030640765745,-0.5355608377837038,0.02
-0.3692097795551804,-1691.2757887529904,-1691.2061815034992,-9.364498916168777,-0.5351629347498471,0.02
-0.5026752197279535,-1691.7784639727183,-1691.7088567232272,-9.322653485796444,-0.5324449190740073,0.02
-0.8890910271999586,-1692.6675549999184,-1692.5979477504272,-9.369299294922943,-0.5391793714891111,0.02
-0.04226268600798269,-1692.7098176859263,-1692.6402104364352,-9.080580727035452,-0.5301128034863916,0.02
-1.9500749622862865,-1694.6598926482125,-1694.5902853987213,-8.630589588427675,-0.5591481740589022,0.02
-0.30094367166719294,-1694.9608363198797,-1694.8912290703886,-8.644872403396517,-0.5596843486452714,0.02
-0.3190890787200252,-1695.2799253985997,-1695.2103181491086,-8.518318680505331,-0.5526108332236116,0.02
-4.1765575321280135,-1699.4564829307278,-1699.3868756812367,-6.483669608601066,-0.626880777946172,0.02
-0.35694841540656175,-1699.8134313461344,-1699.7438240966433,-6.412469758426445,-0.6209288949000649,0.02
-0.5117153314560283,-1700.3251466775905,-1700.2555394280994,-6.3848317436967115,-0.6184018584763852,0.02
-0.3761448010320656,-1700.7012914786226,-1700.6316842291315,-6.276163444207112,-0.6072808597129649,0.02
-0.92378176557117,-1701.6250732441938,-1701.5554659947027,-6.35759155794707,-0.6162023877091891,0.02
-1.4924898670798867,-1703.1175631112737,-1703.0479558617826,-6.403801977841607,-0.6302180351423717,0.02
-0.40358201071198263,-1703.5211451219857,-1703.4515378724946,-6.399024892328726,-0.6298514775132201,0.02
-0.5577124911310809,-1704.0788576131167,-1704.0092503636256,-6.390424587087957,-0.6290584150416979,0.02
-0.7506033405501217,-1704.8294609536667,-1704.7598537041756,-6.46572466671208,-0.6359730139947817,0.02
-0.2464146027840053,-1705.0758755564507,-1705.0062683069596,-6.366149079450998,-0.6280998104792626,0.02
-0.43338302645119675,-1705.5092585829018,-1705.4396513334107,-6.3503688236395295,-0.6268113081315506,0.02
-0.49471826687997394,-1706.0039768497818,-1705.9343696002907,-6.482048649129378,-0.6356473010241751,0.02
-0.9197064894526932,-1706.9236833392345,-1706.8540760897433,-6.455129230084846,-0.6291430404231487,0.02
-1.454417148263885,-1708.3781004874984,-1708.3084932380073,-6.60501260107314,-0.6514560771639466,0.02
-0.6505240712039416,-1709.0286245587024,-1708.9590173092113,-6.598798133145213,-0.6508305704855623,0.02
-0.9705566377102883,-1709.9991811964128,-1709.9295739469217,-6.684235189653827,-0.6602678419533689,0.02
-0.6356817214103695,-1710.634862917823,-1710.565255668332,-6.722312749458702,-0.6635462289511774,0.02
-0.4765864773239701,-1711.111449395147,-1711.041842145656,-6.6934597951120995,-0.6611105031018161,0.02
-0.38931552213599224,-1711.500764917283,-1711.431157667792,-6.793837349354081,-0.6673311615618157,0.02
-0.2795307026759586,-1711.780295619959,-1711.7106883704678,-6.642170298638463,-0.6527472749256211,0.02
-0.46191505973756797,-1712.2422106796964,-1712.1726034302053,-6.524672247254404,-0.6350597395917337,0.02
-0.38904805199997583,-1712.6312587316963,-1712.5616514822052,-6.453825403207963,-0.628889182733494,0.02
-0.571110716159909,-1713.2023694478562,-1713.132762198365,-6.4929645936610205,-0.6321040360146448,0.02
-0.41853355891202165,-1713.6209030067682,-1713.551295757277,-7.4852960024034605,-0.6669710756066395,0.0
-0.35757095422400714,-1713.9784739609922,-1713.908866711501,-7.4619092754839205,-0.66554073345912,0.0
-0.6247194624239484,-1714.603193423416,-1714.533586173925,-7.535875009354619,-0.6706559218595993,0.0
-0.2627142815526658,-1714.8659077049688,-1714.7963004554776,-7.366106351924445,-0.6567977684378548,0.0
-0.3366492730304183,-1715.2025569779992,-1715.132949728508,-7.209675078577361,-0.6382854879575387,0.0
-0.34105383109197673,-1715.5436108090912,-1715.4740035596,-7.30664156133579,-0.6433218282049787,0.0
-0.49577839857827966,-1716.0393892076695,-1715.9697819581784,-7.408098883393732,-0.649260241062273,0.0
-0.9386021388287331,-1716.9779913464981,-1716.908384097007,-7.519202788015386,-0.6594952777647856,0.0
-0.410490608378279,-1717.3884819548764,-1717.3188747053853,-7.444919837045088,-0.6539946940197112,0.0
-0.7681728095999645,-1718.1566547644763,-1718.0870475149852,-7.506799098293367,-0.6592518107528944,0.0
-0.3849490190079885,-1718.5416037834843,-1718.4719965339932,-7.560723056887106,-0.6622063323615025,0.0
-0.7003134303999448,-1719.2419172138843,-1719.1723099643932,-7.507670520293728,-0.6489289894340158,0.0
-0.3591015381599476,-1719.6010187520442,-1719.531411502553,-7.477344641187875,-0.6470827129398713,0.0
0.26252539353606164,-1719.3384933585082,-1719.268886109017,-7.055048570657439,-0.620503301712514,0.02
-0.9556075511998572,-1720.294100909708,-1720.224493660217,-7.114127318891017,-0.6274713661253108,0.02
-0.29845119652794216,-1720.592552106236,-1720.522944856745,-7.053971771811578,-0.6235917926241892,0.02
0.3014941412736577,-1720.2910579649624,-1720.2214507154713,-6.733287710356775,-0.6076971250188773,0.04
-0.4836385767839426,-1720.7746965417464,-1720.7050892922553,-6.726139455436407,-0.6071427920987817,0.04
-0.6570000512007154,-1721.431696592947,-1721.3620893434559,-6.84213694584154,-0.6155264739422429,0.04
-0.3639453684479749,-1721.795641961395,-1721.7260347119038,-6.879058550738993,-0.6177812597592021,0.04
-0.5163764897511416,-1722.312018451146,-1722.242411201655,-6.920752313946193,-0.6207245939631213,0.04
-1.459680013399534,-1723.7716984645456,-1723.7020912150545,-7.017936315785633,-0.639864689836553,0.04
-0.9728748777600296,-1724.7445733423056,-1724.6749660928144,-7.028095021895028,-0.6415403668477544,0.04
-0.991749499084659,-1725.7363228413901,-1725.666715591899,-7.2807434879144415,-0.6605301031092878,0.04
-1.1766743531279251,-1726.912997194518,-1726.843389945027,-7.3668482323100895,-0.6450620909261207,0.04
-0.18633400719351384,-1727.0993312017115,-1727.0297239522204,-7.32316471464679,-0.6427698976366472,0.04
-0.48895883896313697,-1727.5882900406746,-1727.5186827911834,-7.377533805155433,-0.6461672928415093,0.04
-0.2660139402958649,-1727.8543039809704,-1727.7846967314792,-11.093236798826009,-0.5679564210048663,0.04
-0.6764777480000426,-1728.5307817289704,-1728.4611744794793,-11.247952913567199,-0.574347007656736,0.04
-0.6830578989599072,-1729.2138396279304,-1729.1442323784393,-11.308726363361084,-0.5777738590068136,0.04
-0.10578717327348253,-1729.3196268012039,-1729.2500195517127,-11.050971564840214,-0.5723667064516419,0.04
-0.13248681911991272,-1729.4521136203239,-1729.3825063708327,-10.699658636677093,-0.5565408075226168,0.04
-0.20747007652797556,-1729.6595836968518,-1729.5899764473606,-10.856855636269708,-0.5308404117115786,0.04
-0.929061376847909,-1730.5886450736996,-1730.5190378242085,-10.947167227042092,-0.541349999034297,0.04
-0.5134747023359895,-1731.1021197760356,-1731.0325125265445,-10.928855482755145,-0.5404652432583952,0.04
-0.861809803911322,-1731.9639295799468,-1731.8943223304557,-10.921388180179505,-0.5426893725256192,0.04
-1.2231075593259577,-1733.1870371392727,-1733.1174298897815,-11.001607647492918,-0.5622232316564583,0.04
-0.894236938152018,-1734.0812740774247,-1734.0116668279336,-11.106201037491644,-0.5714403098904747,0.04
-0.8933796186000009,-1734.9746536960247,-1734.9050464465336,-11.181552496432612,-0.5794135369248753,0.04
-0.8380043747904418,-1735.8126580708151,-1735.743050821324,-11.190990023108323,-0.5777794946316301,0.04
-1.7602183539863612,-1737.5728764248015,-1737.5032691753104,-10.811635069122199,-0.5838955187460797,0.04
-1.4852025086663716,-1739.0580789334679,-1738.9884716839767,-10.560626947246577,-0.6005890874953284,0.04
-1.998345768479966,-1741.056424701948,-1740.9868174524568,-9.879935030640523,-0.6211448701107218,0.04
-0.5925462521471848,-1741.6489709540951,-1741.579363704604,-9.86592854408919,-0.6202821607254582,0.04
-1.1823582252800762,-1742.8313291793752,-1742.761721929884,-9.947853408620173,-0.6343975956845803,0.04
-0.677938773600063,-1743.5092679529753,-1743.4396607034842,-10.068039658797808,-0.6401700607138617,0.04
-0.7176323895840508,-1744.2269003425592,-1744.1572930930681,-10.271032804473187,-0.6489320944520236,0.04
-0.9293543021376013,-1745.156254644697,-1745.0866473952058,-10.398551171760419,-0.6582808793000242,0.04
-0.6404369041199218,-1745.7966915488169,-1745.7270842993257,-10.516583509061544,-0.6633086563424232,0.04
-0.5195638125039393,-1746.3162553613208,-1746.2466481118297,-10.493851826007244,-0.6622777182693038,0.04
-0.6538407280080257,-1746.9700960893288,-1746.9004888398376,-10.600645907621328,-0.6669838616512237,0.04
-0.6996812060399591,-1747.6697772953687,-1747.6001700458776,-10.76226601870552,-0.673826066687543,0.04
-0.6640864020000257,-1748.3338636973688,-1748.2642564478776,-10.77613207955266,-0.6746134054790645,0.04
-1.2473651720448862,-1749.5812288694137,-1749.5116216199226,-11.012863479678751,-0.6943064232889088,0.04
-1.1020000060799247,-1750.6832288754936,-1750.6136216260024,-11.240634342248505,-0.7096134379498991,0.04
-0.672654018055991,-1751.3558828935495,-1751.2862756440584,-11.424314652162485,-0.7162454416891793,0.04
-1.1444005271999556,-1752.5002834207494,-1752.4306761712583,-11.557196167176455,-0.7292178842616127,0.04
-1.5366973991199577,-1754.0369808198693,-1753.9673735703782,-11.40739602761465,-0.7411797894674372,0.04
1.6052499908495421,-1752.4317308290197,-1752.3621235795285,-8.796887257659234,-0.7008649774828808,0.06
-0.34436814662400206,-1752.7760989756437,-1752.7064917261525,-8.658106249482135,-0.6923888842233616,0.06
-1.2850500878879534,-1754.0611490635317,-1753.9915418140406,-8.81714072056934,-0.7103909056009609,0.06
-1.0677114704159216,-1755.1288605339475,-1755.0592532844564,-8.874263400299506,-0.7177388664012804,0.06
-1.2203357687807952,-1756.3491963027284,-1756.2795890532373,-9.057058026693417,-0.7349635510136973,0.06
-0.34365417139203713,-1756.6928504741204,-1756.6232432246293,-9.453513598598436,-0.7470871423122594,0.04
-1.1872676025599664,-1757.8801180766804,-1757.8105108271893,-9.467014404371701,-0.7517203433394615,0.04
-0.6248417844023798,-1758.5049598610829,-1758.4353526115917,-9.607760781871876,-0.7582481550969503,0.04
-1.1744530540679676,-1759.6794129151508,-1759.6098056656597,-10.316295330695995,-0.7877670990037828,0.02
-1.2498404915518937,-1760.9292534067026,-1760.8596461572115,-10.477774905479496,-0.8030911372991418,0.02
-1.5036000171839505,-1762.4328534238866,-1762.3632461743955,-10.53670283443888,-0.8200231366188064,0.02
-1.648379547115163,-1764.0812329710018,-1764.0116257215107,-10.710481039965746,-0.8457118201921503,0.02
-1.1723590073520544,-1765.2535919783538,-1765.1839847288627,-10.880254033432202,-0.8588314705441685,0.02
-2.0377284091999996,-1767.291320387554,-1767.2217131380628,-10.681830919342804,-0.8703924384601778,0.02
-0.870110182656006,-1768.1614305702099,-1768.0918233207187,-10.660048297648254,-0.8683371445580974,0.02
-1.007874031679958,-1769.1693046018897,-1769.0996973523986,-10.662646392287218,-0.8686596352100032,0.02
-0.9625495699679566,-1770.1318541718576,-1770.0622469223665,-10.63799747936139,-0.8643771395468041,0.02
-0.611465714496001,-1770.7433198863537,-1770.6737126368625,-10.875021327516466,-0.8728797736928537,0.02
-0.7434023327999004,-1771.4867222191535,-1771.4171149696624,-10.98349827499002,-0.8779686435695889,0.02
-0.6821014389383911,-1772.168823658092,-1772.0992164086008,-11.207370849644652,-0.8862903935424395,0.02
-0.6409421797839617,-1772.8097658378758,-1772.7401585883847,-11.192604703943811,-0.8855796821781179,0.02
0.3840182001040662,-1772.4257476377718,-1772.3561403882807,-10.419691292753834,-0.8642381601968385,0.04
-0.6851178809375948,-1773.1108655187095,-1773.0412582692184,-10.73234554769612,-0.8758247743501206,0.04
-0.7337476074240206,-1773.8446131261335,-1773.7750058766424,-11.060414460665859,-0.8878499901162029,0.04
-0.5202819431920045,-1774.3648950693255,-1774.2952878198344,-11.25413704765633,-0.8941062274494834,0.04
-0.7861870413600247,-1775.1510821106856,-1775.0814748611945,-11.214610986494458,-0.8912487407397258,0.04
-0.7319191045919522,-1775.8830012152775,-1775.8133939657864,-11.312034510136376,-0.895617628784845,0.04
-0.8842856396879117,-1776.7672868549655,-1776.6976796054744,-11.318082118897049,-0.8960671455003768,0.04
-1.2141491237831907,-1777.9814359787488,-1777.9118287292576,-11.317906899707726,-0.8958879767895214,0.04
-0.3227824927966717,-1778.3042184715455,-1778.2346112220544,-11.06044905837289,-0.8844588878824147,0.04
-0.3694840763120043,-1778.6737025478574,-1778.6040952983662,-10.841735117570002,-0.8739809770366546,0.04
-0.7431239049600046,-1779.4168264528173,-1779.3472192033262,-10.812988633922393,-0.8720833676400459,0.04
-0.6629372375998037,-1780.0797636904172,-1780.010156440926,-10.799364656343128,-0.8501377453123148,0.04
-0.6255365578727756,-1780.7053002482899,-1780.6356929987987,-10.70878071698087,-0.8329444262964426,0.04
-1.96488629889457,-1782.6701865471844,-1782.6005792976932,-10.727479614759707,-0.8322752369047347,0.04
-0.889832971387029,-1783.5600195185714,-1783.4904122690803,-10.824248672309892,-0.8382209712895317,0.04
-1.2156759878400067,-1784.7756955064115,-1784.7060882569203,-10.82418600749967,-0.8388873265407303,0.04
-1.0287891660964514,-1785.804484672508,-1785.7348774230168,-10.911930606122079,-0.845904334390658,0.04
-0.5631226142719488,-1786.36760728678,-1786.2980000372888,-10.849331837157477,-0.842814138884416,0.04
-0.7623507388559696,-1787.129958025636,-1787.0603507761448,-10.806899218587752,-0.8394740676187834,0.04
-1.217989489170157,-1788.347947514806,-1788.278340265315,-10.920551491379578,-0.8510251193197881,0.04
-0.9566026907040326,-1789.3045502055102,-1789.234942956019,-11.070162170085162,-0.8597658968837899,0.04
-0.5192078855039799,-1789.823758091014,-1789.754150841523,-11.00880053158236,-0.8570732400337091,0.04
-0.6128019223199125,-1790.436560013334,-1790.3669527638428,-10.973907606252698,-0.8553356543593081,0.04
-0.6258525261599539,-1791.0624125394938,-1790.9928052900027,-10.958305587211221,-0.8545709768425067,0.04
-0.8981582917199505,-1791.9605708312138,-1791.8909635817226,-10.92451384377751,-0.847586839236008,0.04
-0.5667402905999586,-1792.5273111218137,-1792.4577038723226,-10.783519166356214,-0.8368816449264087,0.04
-1.2896163087359866,-1793.8169274305496,-1793.7473201810585,-10.881123729694403,-0.8492208907400085,0.04
-0.34910356679996396,-1794.1660309973497,-1794.0964237478586,-10.62500065570237,-0.8333149515320087,0.04
-1.903733847247199,-1796.0697648445969,-1796.0001575951057,-10.499545454882387,-0.8406556804945536,0.04
-1.0142733116279703,-1797.0840381562248,-1797.0144309067337,-14.16511357813771,-0.8930461465441037,0.02
-1.1647989702639865,-1798.2488371264888,-1798.1792298769976,-14.60330263289502,-0.9094547630169035,0.02
-0.670337114022298,-1798.919174240511,-1798.8495669910199,-14.47431210338437,-0.8971605035395904,0.02
-0.8913690590399989,-1799.810543299551,-1799.7409360500599,-14.439736543266154,-0.893633655312072,0.02
-1.395684870359978,-1801.206228169911,-1801.1366209204198,-14.388089060264736,-0.8971406373436557,0.02
0.11705254257200487,-1801.0891756273388,-1801.0195683778477,-13.741805378094513,-0.8879265030643748,0.04
1.7662508070313048,-1799.3229248203074,-1799.2533175708163,-9.987428733419938,-0.8288561348725493,0.06
-0.733658510515267,-1800.0565833308226,-1799.9869760813315,-10.023203056072589,-0.8310324693948071,0.06
-0.5167643752703386,-1800.573347706093,-1800.503740456602,-9.872548833170198,-0.8178786958188544,0.06
-0.6975960655679766,-1801.270943771661,-1801.2013365221699,-9.790206589783876,-0.8068338072991762,0.06
-1.3082319409599152,-1802.579175712621,-1802.5095684631299,-9.810878549822753,-0.8029264457746954,0.06
-0.5920440386399022,-1803.1712197512609,-1803.1016125017698,-9.75665485698326,-0.7817997356051903,0.06
-0.6702397217470539,-1803.841459473008,-1803.7718522235168,-9.675166617282828,-0.7717573498930902,0.06
-0.5153411289600073,-1804.356800601968,-1804.2871933524768,-9.793633253322787,-0.7413096042882904,0.06
-0.6559352660447206,-1805.0127358680127,-1804.9431286185215,-9.740517837175851,-0.7370261059560648,0.06
-1.0947458870400038,-1806.1074817550527,-1806.0378745055616,-9.744960441766493,-0.7387635430632656,0.06
-1.6842929355359082,-1807.7917746905887,-1807.7221674410976,-9.659138959646693,-0.7531984103746245,0.06
-1.4840602599052284,-1809.2758349504938,-1809.2062277010027,-9.724671950878676,-0.7706503012828092,0.06
-0.9295990306079605,-1810.2054339811018,-1810.1358267316107,-9.764256468712643,-0.7743742352389704,0.06
-0.5670364802159834,-1810.7724704613179,-1810.7028632118268,-9.724665913433359,-0.7720729360645222,0.06
-0.6104245793600237,-1811.3828950406778,-1811.3132877911867,-9.714230352629798,-0.7714625840560434,0.06
-0.366680593907133,-1811.749575634585,-1811.6799683850938,-10.296954328008662,-0.7864765599362674,0.04
-0.6390718193433622,-1812.3886474539283,-1812.3190402044372,-10.280875642414722,-0.7855556387043829,0.04
-0.6843483478559602,-1813.0729958017844,-1813.0033885522932,-10.265304941343611,-0.7845676535130217,0.04
-0.9581470051199857,-1814.0311428069044,-1813.9615355574133,-10.395398254166654,-0.7933249547515813,0.04
-0.3066203780991734,-1814.3377631850035,-1814.2681559355124,-10.188783523384894,-0.7837336214863642,0.04
-0.8935150672000287,-1815.2312782522035,-1815.1616710027124,-10.227742117988624,-0.7869655407385256,0.04
-0.4473057367200028,-1815.6785839889235,-1815.6089767394324,-10.079460661807424,-0.7782259426791676,0.04
-0.6469384350192364,-1816.3255224239426,-1816.2559151744515,-9.992801449845977,-0.7668817289038885,0.04
-0.3582292406879754,-1816.6837516646306,-1816.6141444151394,-10.012330380697893,-0.7675906638617146,0.04
-0.6771290299695265,-1817.3608806946002,-1817.291273445109,-10.145267570246846,-0.7737435629348649,0.04
-1.3185606020255984,-1818.6794412966258,-1818.6098340471347,-10.195263887580724,-0.7852522968761768,0.04
-0.7514330557919523,-1819.4308743524177,-1819.3612671029266,-10.223060813728061,-0.7870222132400199,0.04
-0.48903654038401484,-1819.9199108928017,-1819.8503036433106,-10.166233269653354,-0.7842922128902445,0.04
-0.5693675049599968,-1820.4892783977616,-1820.4196711482705,-10.29591080713172,-0.7563818370115531,0.04
-0.27498066805433524,-1820.7642590658158,-1820.6946518163247,-10.05193888479771,-0.7440847909448993,0.04
-0.221365282463967,-1820.9856243482798,-1820.9160170987886,-9.772219673706276,-0.7241985768373784,0.04
-0.544169935871952,-1821.5297942841516,-1821.4601870346605,-9.664357668925831,-0.7145061922328886,0.04
-0.7126984814399868,-1822.2424927655916,-1822.1728855161005,-9.713126932347809,-0.7174977095762494,0.04
-1.0325299626720104,-1823.2750227282636,-1823.2054154787725,-9.75210435472592,-0.7229012940525701,0.04
-0.8806399452000055,-1824.1556626734637,-1824.0860554239725,-9.740291069466736,-0.7161543031731671,0.04
-0.09139939719115281,-1824.247062070655,-1824.1774548211638,-9.395211406181769,-0.6988502373029095,0.04
-0.5155028150159779,-1824.7625648856708,-1824.6929576361797,-9.393758632268268,-0.6987761358931495,0.04
-0.48320791595999424,-1825.245772801631,-1825.1761655521398,-9.345837874034562,-0.6961842557659511,0.04
-1.2492363511439069,-1826.4950091527749,-1826.4254019032837,-9.414258885736077,-0.7086519322656301,0.04
-0.427715556479918,-1826.9227247092547,-1826.8531174597636,-9.276638714072382,-0.6992430775608295,0.04
-0.49036789210877874,-1827.4130926013634,-1827.3434853518722,-9.247929037434162,-0.697715629591006,0.04
-0.566444100983831,-1827.979536702347,-1827.909929452856,-9.167569963104551,-0.6832521854359628,0.04
-0.5754534477119809,-1828.554990150059,-1828.4853829005679,-9.262075170503262,-0.687779183054203,0.04
-0.5504618254847438,-1829.1054519755437,-1829.0358447260526,-9.423721168250129,-0.660713742618954,0.04
-0.9467737079040062,-1830.0522256834477,-1829.9826184339565,-9.421064836701579,-0.6593637505444747,0.04
-2.005173771713204,-1832.057399455161,-1831.9877922056698,-9.105083745880108,-0.676171246573459,0.04
-0.9898013702399937,-1833.047200825401,-1832.9775935759099,-9.159192426580686,-0.6825605316978129,0.04
-0.6524348905841277,-1833.699635715985,-1833.630028466494,-9.10945988816962,-0.6777818483286956,0.04
-0.7432631188799524,-1834.442898834865,-1834.3732915853739,-9.106674367223208,-0.664733413299095,0.04
-0.8413860671999729,-1835.2842849020649,-1835.2146776525738,-9.587083422610382,-0.6839021854945345,0.02
-1.1828044837799476,-1836.467089385845,-1836.3974821363538,-14.250736502727708,-0.7428832913107596,0.0
-0.5370088187519895,-1837.0040982045969,-1836.9344909551057,-14.132164978176437,-0.7389502974754941,0.0
-0.3002638607487621,-1837.3043620653457,-1837.2347548158546,-13.905513220333342,-0.7346202871850624,0.0
-0.3063610286927798,-1837.6107230940386,-1837.5411158445474,-13.584281169213904,-0.7267955864475586,0.0
-0.16582163174397566,-1837.7765447257825,-1837.7069374762914,-13.202954701673903,-0.7039473802632398,0.0
-0.3833094287519945,-1838.1598541545345,-1838.0902469050434,-13.042863016339268,-0.6997726880654817,0.0
-0.47695106339194815,-1838.6368052179264,-1838.5671979684353,-12.927739975902382,-0.6959069148983795,0.0
-0.3331692476028947,-1838.9699744655293,-1838.9003672160381,-12.773674261086855,-0.6922634772712374,0.0
-0.6370494508799971,-1839.6070239164092,-1839.537416666918,-12.765208103096262,-0.6918857609679427,0.0
-0.9053897299198828,-1840.5124136463292,-1840.442806396838,-12.798063185020974,-0.6880986378255405,0.0
-1.6430707610639999,-1842.1554844073933,-1842.0858771579021,-12.854491235050805,-0.6872741943361023,0.0
-0.20982094944000756,-1842.3653053568332,-1842.295698107342,-12.77683935069121,-0.6617894081267979,0.0
-0.43482262128002036,-1842.8001279781133,-1842.7305207286222,-12.609411552006858,-0.6518938799402391,0.0
-0.5151452693760089,-1843.3152732474894,-1843.2456659979982,-12.578568873468228,-0.6508560557234395,0.0
-0.7326891015839213,-1844.0479623490733,-1843.9783550995821,-12.621337208524766,-0.6533013461679176,0.0
-1.0505880167999375,-1845.0985503658733,-1845.0289431163822,-12.822258013089506,-0.6669794946257736,0.0
-0.5230863204095957,-1845.621636686283,-1845.5520294367918,-12.759137757650343,-0.6646597846470982,0.0
-0.03545317070148146,-1845.6570898569844,-1845.5874826074933,-12.167689554449108,-0.6516818811040086,0.0
-0.3351446496959726,-1845.9922345066805,-1845.9226272571893,-11.936283560753743,-0.6392218339955283,0.0
-0.6603300762447252,-1846.6525645829252,-1846.582957333434,-12.164347308241068,-0.6462960279584395,0.0
-0.4040206753439525,-1847.056585258269,-1846.986978008778,-11.986211854211648,-0.636506140121318,0.0
-0.32714515447199644,-1847.383730412741,-1847.3141231632499,-11.890783814170007,-0.6341029284763579,0.0
-0.8266361973734284,-1848.2103666101143,-1848.1407593606232,-11.927800875119335,-0.6376968837234416,0.0
-1.0200003450354962,-1849.2303669551497,-1849.1607597056586,-12.125159868966675,-0.6509323058103921,0.0
-0.7002488258399135,-1849.9306157809897,-1849.8610085314986,-12.132312292370345,-0.6513947017277998,0.0
-0.7432631188799524,-1850.6738788998696,-1850.6042716503785,-12.302377139590662,-0.6398887520648868,0.0
-0.19192131851037847,-1850.86580021838,-1850.7961929688888,-11.927841654373697,-0.6286985173192554,0.0
-0.9050325742079767,-1851.770832792588,-1851.7012255430968,-12.039500605122106,-0.6370184379957347,0.0
-1.2597899663999026,-1853.0306227589879,-1852.9610155094967,-11.984652401534678,-0.6508268872245327,0.0
-0.514718986751974,-1853.54534174574,-1853.4757344962488,-12.175675322613777,-0.6556216535984855,0.0
-0.6796809613438488,-1854.2250227070838,-1854.1554154575927,-12.512910269240374,-0.664787967176083,0.0
-0.13365397271994678,-1854.3586766798037,-1854.2890694303126,-12.133333021785935,-0.6565776479130431,0.0
-0.3191488479359401,-1854.6778255277397,-1854.6082182782486,-11.900730985294926,-0.6487066552429621,0.0
-0.505440138960022,-1855.1832656666998,-1855.1136584172086,-11.813049072907177,-0.6381648587687223,0.0
-0.3722110283639677,-1855.5554766950638,-1855.4858694455727,-11.619431362091655,-0.6279962804320016,0.0
1.5525656762098077,-1854.002911018854,-1853.933303769363,-8.693416598316714,-0.5951169789639824,0.02
-1.1063758695838983,-1855.109286888438,-1855.0396796389468,-8.773645385338272,-0.6069344400553408,0.02
-0.40761747740155657,-1855.5169043658395,-1855.4472971163484,-8.742914850856298,-0.605422631284172,0.02
2.62273783235046,-1852.8941665334892,-1852.824559283998,-5.667792856424143,-0.5279831476142847,0.04
-0.5001766697799717,-1853.394343203269,-1853.324735953778,-5.684579713577428,-0.5294323698802857,0.04
-1.020163086108022,-1854.414506289377,-1854.3448990398858,-5.767358387483629,-0.5400282737602706,0.04
-0.9872475148799773,-1855.401753804257,-1855.3321465547658,-5.831257118346003,-0.5484443420381936,0.04
-0.4562034817103632,-1855.8579572859674,-1855.7883500364762,-5.8049154151885975,-0.5460593427181611,0.04
-0.6774944197599133,-1856.5354517057274,-1856.4658444562363,-5.8296932681100255,-0.5485999946036646,0.04
-0.6468218747920476,-1857.1822735805194,-1857.1126663310283,-5.7856688190916055,-0.5426009579414255,0.04
-0.016630365175189427,-1857.1989039456946,-1857.1292966962035,-5.615237254215268,-0.5028300898106651,0.04
-0.40382432954876984,-1857.6027282752434,-1857.5331210257523,-5.516682241985129,-0.49111054899684065,0.04
-0.07516032940797851,-1857.6778886046513,-1857.6082813551602,-5.368014778604204,-0.4795650577733177,0.04
-1.1105183016639995,-1858.7884069063152,-1858.718799656824,-5.40626405550345,-0.48691016142899857,0.04
-2.630472633575866,-1861.4188795398911,-1861.3492722904,-5.26026598735958,-0.5226918927565165,0.04
-1.6710103387008282,-1863.089889878592,-1863.0202826291008,-5.265686764027376,-0.532456009854934,0.04
-0.8849733349256075,-1863.9748632135177,-1863.9052559640265,-5.321843623095882,-0.5394153001784064,0.04
-2.336726059200062,-1866.3115892727178,-1866.2419820232267,-5.407603328651939,-0.5801445441474324,0.04
-0.37138381183675795,-1866.6829730845545,-1866.6133658350634,-5.422690371586104,-0.5814449998103121,0.04
-0.6789680837759836,-1867.3619411683305,-1867.2923339188394,-5.53465156237897,-0.5917079288509521,0.04
-0.4959753275520198,-1867.8579164958826,-1867.7883092463915,-5.559087239149276,-0.5939612468269526,0.04
-1.2771052977599622,-1869.1350217936426,-1869.0654145441515,-5.665342329380607,-0.609964331514313,0.04
-1.5016331043839015,-1870.6366548980266,-1870.5670476485354,-5.813480517049229,-0.633333608649933,0.04
-0.6721430383039806,-1871.3087979363306,-1871.2391906868395,-5.819779179837192,-0.6340354803984127,0.04
-1.0906367049599581,-1872.3994346412906,-1872.3298273917994,-5.84059729130856,-0.6377404198992143,0.04
-0.3964453724400116,-1872.7958800137305,-1872.7262727642394,-5.707210607246167,-0.6128079121267345,0.04
-0.6534472703760217,-1873.4493272841066,-1873.3797200346155,-5.806453900552982,-0.6216804385454548,0.04
-0.3164168885760129,-1873.7657441726826,-1873.6961369231915,-5.778492507420182,-0.6193123238913746,0.04
-1.4175271613892975,-1875.1832713340718,-1875.1136640845807,-5.884711251061746,-0.6373599617316404,0.04
0.2887340185599978,-1874.8945373155118,-1874.8249300660207,-5.617376715988828,-0.616931499328762,0.06
-0.0985040407439452,-1874.9930413562558,-1874.9234341067647,-5.4383553084248435,-0.5978898198076421,0.06
-1.1379163139999346,-1876.1309576702558,-1876.0613504207647,-5.524804635909878,-0.610186419679449,0.06
-1.0258910891998834,-1877.1568487594557,-1877.0872415099645,-5.720797321006608,-0.629995178049417,0.06
0.06470347287045153,-1877.0921452865853,-1877.0225380370941,-5.611972187827633,-0.6219982155980884,0.08
-0.512246940592009,-1877.6043922271772,-1877.534784977686,-5.58432901017688,-0.6190365528850342,0.08
-1.6425084695711571,-1879.2469006967483,-1879.1772934472572,-5.718150041776524,-0.6438063087695782,0.08
-2.7635849585024417,-1882.0104856552507,-1881.9408784057596,-5.7738761301813435,-0.6925351048501872,0.08
-1.4355353268359416,-1883.4460209820866,-1883.3764137325954,-5.83285720242697,-0.7047130874394375,0.08
-2.0726989115998977,-1885.5187198936865,-1885.4491126441953,-5.8680788384602245,-0.7257670587707256,0.08
-0.6666117171839416,-1886.1853316108704,-1886.1157243613793,-5.862422914023861,-0.725094316597606,0.08
-3.6039225962855848,-1889.789254207156,-1889.719646957665,-5.744275103616808,-0.7823075061457188,0.08
-0.5766426372719404,-1890.365896844428,-1890.296289594937,-5.820212267619484,-0.7900019325209499,0.08
-1.5627260278614359,-1891.9286228722895,-1891.8590156227983,-5.880515431506639,-0.8031558015940192,0.08
-3.3192710724111523,-1895.2478939447005,-1895.1782866952094,-5.817007495716093,-0.8443454237142441,0.08
-0.8999752511808075,-1896.1478691958814,-1896.0782619463903,-5.876147771068084,-0.8520505490028207,0.08
-0.7009594759999332,-1896.8488286718814,-1896.7792214223903,-5.879468159594561,-0.8524761192959425,0.08
-0.5954844343679924,-1897.4443131062494,-1897.3747058567583,-5.9690623845732125,-0.8617127285289033,0.08
-0.730173458044769,-1898.1744865642943,-1898.1048793148032,-6.042289583912637,-0.8699332207310799,0.08
-1.29110162764804,-1899.4655881919423,-1899.3959809424512,-6.149519657658148,-0.8856464505048404,0.08
-0.6293945813791857,-1900.0949827733214,-1900.0253755238302,-6.197154264736242,-0.8907901215651447,0.08
-1.0041065397599787,-1901.0990893130813,-1901.0294820635902,-6.97691409703061,-0.9419235658845403,0.06
-0.7189800197016455,-1901.818069332783,-1901.7484620832918,-6.918032476220805,-0.9341756488868953,0.06
0.005520609920047048,-1901.8125487228629,-1901.7429414733717,-6.811985199953278,-0.9259128871404633,0.08
-2.557065272639964,-1904.3696139955027,-1904.3000067460116,-8.612858195994383,-1.0295089492402718,0.06
-0.5928055259135864,-1904.9624195214162,-1904.892812271925,-8.639205650339427,-1.0313615263629439,0.06
-0.9129125621280024,-1905.8753320835442,-1905.805724834053,-8.619584023954827,-1.0292165158833437,0.06
-0.8895196327198303,-1906.764851716264,-1906.695244466773,-8.601096033964463,-1.0272619582401408,0.06
-0.7673165978831467,-1907.5321683141472,-1907.462561064656,-8.684970058336736,-1.0334842205635963,0.06
-1.3853616446951738,-1908.9175299588424,-1908.8479227093512,-8.805551038821308,-1.0476415650623017,0.06
-2.2957006925551737,-1911.2132306513975,-1911.1436234019063,-8.915183616559837,-1.080619141417564,0.06
-0.609386080319954,-1911.8226167317175,-1911.7530094822264,-9.12765352716169,-1.0924742557204594,0.06
-1.9351114031760086,-1913.7577281348936,-1913.6881208854024,-9.358882607373971,-1.123099997193004,0.06
-0.9731341036799612,-1914.7308622385735,-1914.6612549890824,-9.65608449729586,-1.1410594726784438,0.06
-0.7605967079039515,-1915.4914589464775,-1915.4218516969863,-9.577488548631269,-1.134061040803243,0.06
-2.857930741156516,-1918.349389687634,-1918.2797824381428,-9.51712074798319,-1.138610202954856,0.06
-1.8947438801279615,-1920.2441335677618,-1920.1745263182706,-9.516397401964957,-1.1430848737833985,0.06
-0.46817253806395925,-1920.7123061058257,-1920.6426988563346,-9.396929100278664,-1.1347488578461655,0.06
-0.17923650427663934,-1920.8915426101023,-1920.8219353606112,-9.118080891922117,-1.0915990667476971,0.06
-0.8428462016758915,-1921.7343888117782,-1921.664781562287,-9.25661941220964,-1.1010283145444797,0.06
-0.7434023327999004,-1922.477791144578,-1922.408183895087,-9.274053280748808,-1.1023169995249582,0.06
-0.7017659351999487,-1923.179557079778,-1923.109949830287,-9.336219607190994,-1.1064328116779167,0.06
-1.015976825054284,-1924.1955339048325,-1924.1259266553413,-9.295104537132566,-1.101210242223803,0.06
-0.3141108606944011,-1924.509644765527,-1924.4400375160358,-9.039288320695393,-1.077459797350013,0.06
-0.47744831974394264,-1924.9870930852708,-1924.9174858357796,-8.982002789957342,-1.0735659029788125,0.06
-0.8170401522399697,-1925.8041332375108,-1925.7345259880196,-8.928223752215139,-1.0680939719244125,0.06
-0.777164703360012,-1926.5812979408709,-1926.5116906913797,-9.038649635783463,-1.0757083585428127,0.06
-1.522872602956736,-1928.1041705438276,-1928.0345632943365,-9.183909506259686,-1.0930968651944268,0.06
-0.5757385962239212,-1928.6799091400517,-1928.6103018905605,-9.271691091076091,-1.098283299347385,0.06
-0.37933750943999234,-1929.0592466494916,-1928.9896394000004,-9.045821043623846,-1.0775195063083989,0.06
-0.7006867016639695,-1929.7599333511555,-1929.6903261016644,-9.447135234610991,-1.0973079207128784,0.04
-1.2012024015935376,-1930.961135752749,-1930.8915285032579,-9.78478946514179,-1.1193618879298701,0.04
-1.3944532021560105,-1932.355588954905,-1932.2859817054139,-9.818539583507405,-1.1244926256929917,0.04
-0.29094298062717433,-1932.6465319355323,-1932.5769246860411,-9.592077370041121,-1.1097936635215375,0.04
-0.4195537936127656,-1933.066085729145,-1932.996478479654,-9.809738588863985,-1.1194788088512018,0.02
-0.09324582602393394,-1933.159331555169,-1933.089724305678,-9.636064081541605,-1.1110987865598403,0.02
-0.7640130376971653,-1933.9233445928662,-1933.853737343375,-9.50909234006243,-1.0935288779223604,0.02
-0.6990357755520107,-1934.6223803684181,-1934.552773118927,-9.551163357970962,-1.052237894263352,0.02
-0.8633663833920011,-1935.4857467518102,-1935.416139502319,-9.465682775885718,-1.040794515394473,0.02
-0.3808369044479153,-1935.8665836562582,-1935.796976406767,-9.26375707563473,-1.0069572752514333,0.02
-0.4876848907199162,-1936.3542685469781,-1936.284661297487,-9.206995361194235,-1.0033787387221529,0.02
-0.031545383327916676,-1936.385813930306,-1936.316206680815,-9.588090617325355,-0.9319311944629994,0.02
-0.7046987200799055,-1937.090512650386,-1937.020905400895,-9.629726789704613,-0.934492316119159,0.02
-0.36526859876159373,-1937.4557812491475,-1937.3861739996564,-9.402794870530926,-0.910543167537162,0.02
-0.6563153119199437,-1938.1120965610676,-1938.0424893115764,-10.227647386792622,-0.8572840523273377,0.02
-0.5690890771199155,-1938.6811856381876,-1938.6115783886964,-10.125937252114719,-0.85066632884612,0.02
-0.7800435663966604,-1939.4612292045842,-1939.3916219550931,-10.149813989303052,-0.8522480106540545,0.02
-0.31684933895753853,-1939.7780785435418,-1939.7084712940507,-10.02133349378832,-0.8466753087458454,0.02
-0.5635338180959848,-1940.3416123616378,-1940.2720051121466,-9.963467039743032,-0.8433425159468697,0.02
-0.9554107315199182,-1941.2970230931576,-1941.2274158436664,-9.937044971142928,-0.8366286980243074,0.02
-1.9571001730359803,-1943.2541232661936,-1943.1845160167024,-9.927974104354353,-0.8631828098574432,0.02
-1.68395642188788,-1944.9380796880814,-1944.8684724385903,-9.916665433407914,-0.8767798075000013,0.02
-0.9352000183679957,-1945.8732797064495,-1945.8036724569583,-9.971297806398502,-0.8811042074733283,0.02
-0.49279324695039645,-1946.3660729534,-1946.2964657039088,-10.253649354492929,-0.8910704846107371,0.0
-0.9291229261600045,-1947.29519587956,-1947.2255886300688,-10.713621576501653,-0.8585116376811379,0.0
-0.4454050169279959,-1947.7406008964879,-1947.6709936469967,-10.643856648976433,-0.8555636275014261,0.0
-0.6857921287437954,-1948.4263930252316,-1948.3567857757405,-10.579324918317695,-0.8510212188337419,0.0
-0.48081286039675153,-1948.9072058856284,-1948.8375986361373,-10.435148416048527,-0.8428470833872805,0.0
-0.4355848063583558,-1949.3427906919867,-1949.2731834424956,-10.303233108075132,-0.8362124475567846,0.0
-0.08372406329983967,-1949.4265147552865,-1949.3569075057953,-9.913250847001892,-0.810179695928878,0.0
-0.5843649341039626,-1950.0108796893903,-1949.9412724398992,-10.194430184080971,-0.7759529807598536,0.0
-0.11028047767189264,-1950.1211601670623,-1950.0515529175711,-9.923676625547465,-0.7659708687068926,0.0
-1.2491337505041,-1951.3702939175664,-1951.3006866680753,-10.142831546534378,-0.7522513156534544,0.0
-1.0318090007518355,-1952.4021029183182,-1952.332495668827,-10.147851017173823,-0.7534248135948917,0.0
-4.384071591525484,-1956.7861745098437,-1956.7165672603526,-7.991744021103389,-0.8258943112673224,0.0
-2.2978217903040328,-1959.0839963001476,-1959.0143890506565,-8.191143448887562,-0.8146921322502727,0.0
-0.742845477119985,-1959.8268417772676,-1959.7572345277765,-8.157845957148306,-0.7916541641901133,0.0
-0.31510618055994755,-1960.1419479578276,-1960.0723407083365,-8.105327561163044,-0.7885928370400329,0.0
-0.39120095545724987,-1960.5331489132848,-1960.4635416637936,-8.186047861252197,-0.7928321260636452,0.0
-0.761846942880005,-1961.2949958561649,-1961.2253886066737,-8.169612741350567,-0.7912121408877275,0.0
-0.7303313458319256,-1962.0253272019968,-1961.9557199525057,-8.166666670757287,-0.790950721148368,0.0
-1.2618061679999548,-1963.2871333699968,-1963.2175261205057,-8.245918653625058,-0.8021515258043682,0.0
-0.5491808289359725,-1963.8363141989328,-1963.7667069494416,-8.147551971296782,-0.7928156058820018,0.0
-0.16829004422860544,-1964.0046042431613,-1963.9349969936702,-8.090209052234192,-0.7898991895526859,0.0
-0.556876273478311,-1964.5614805166397,-1964.4918732671485,-8.113879390005534,-0.7914877486273734,0.0
-1.8074128976638093,-1966.3688934143036,-1966.2992861648124,-8.145506757052415,-0.8112952035358503,0.0
-0.678980323243127,-1967.0478737375468,-1966.9782664880556,-8.123146715904781,-0.8093315159335124,0.0
-1.2355209404159826,-1968.2833946779626,-1968.2137874284715,-8.11949045303246,-0.8035844826826972,0.0
-0.12424311955998851,-1968.4076377975225,-1968.3380305480314,-7.962591889167548,-0.7945545731494187,0.0
-0.742845477119985,-1969.1504832746425,-1969.0808760251514,-8.063415844370592,-0.8018247325030186,0.0
-2.968690148351889,-1972.1191734229944,-1972.0495661735033,-7.8251531814736826,-0.847184801436777,0.0
-0.11691439248318233,-1972.2360878154777,-1972.1664805659866,-7.575317327541539,-0.8254990412545699,0.0
-1.7314513389599018,-1973.9675391544376,-1973.8979319049465,-7.574311696144181,-0.8322390039906477,0.0
-1.2423429685919318,-1975.2098821230295,-1975.1402748735384,-7.765896390728933,-0.8512670037499429,0.0
-0.4296185196959641,-1975.6395006427256,-1975.5698933932345,-7.768843731209474,-0.8514682982716069,0.0
-0.3543954633408021,-1975.9938961060664,-1975.9242888565752,-7.859694763839207,-0.8566912910179441,0.0
-2.0792241706048333,-1978.0731202766713,-1978.0035130271801,-7.910059309421281,-0.8829955136760975,0.0
-0.9772600945966698,-1979.050380371268,-1978.9807731217768,-7.9632952904720735,-0.8885600000569908,0.0
-0.5161240003439912,-1979.566504371612,-1979.4968971221208,-7.883893336654055,-0.8816151523960306,0.0
-1.3583780913600731,-1980.924882462972,-1980.8552752134808,-8.06422243314979,-0.9011659761342736,0.0
-1.5352356351000171,-1982.460118098072,-1982.3905108485808,-8.224205907129184,-0.9221169910218756,0.0
-1.399090989600054,-1983.859209087672,-1983.789601838181,-8.550570998442142,-0.9494679031473184,0.0
0.5717139795069162,-1983.287495108165,-1983.217887858674,-8.036140119266237,-0.923939649155582,0.02
-1.1732556144719504,-1984.4607507226372,-1984.391143473146,-8.209426020925276,-0.9400993894697891,0.02
-1.5859961187839384,-1986.046746841421,-1985.97713959193,-8.331313826278057,-0.958693005607069,0.02
-1.1505539068798423,-1987.197300748301,-1987.1276934988098,-8.447924278294092,-0.9703223022022676,0.02
-2.2260893147998586,-1989.4233900631007,-1989.3537828136095,-8.50852240764422,-0.9992432171703315,0.02
-0.9823105998000018,-1990.4057006629007,-1990.3360934134096,-8.681759420361015,-1.0125524423871808,0.02
-0.7203178865999819,-1991.1260185495007,-1991.0564113000096,-8.723627606584143,-1.0156881237572608,0.02
-3.652244387366205,-1994.778262936867,-1994.7086556873758,-8.383922417551464,-1.0696247968741865,0.02
-1.0445938459703348,-1995.8228567828373,-1995.7532495333462,-8.323475934032,-1.0513746703328735,0.02
0.020993625292828832,-1995.8018631575444,-1995.7322559080533,-7.984592227756224,-1.0172756693892595,0.04
-1.3609161652318844,-1997.1627793227763,-1997.0931720732851,-8.040755286515752,-1.0257899923265372,0.04
-1.0397390039999843,-1998.2025183267763,-1998.1329110772851,-8.155604711166106,-1.036728907467529,0.04
-1.6552394514431195,-1999.8577577782194,-1999.7881505287282,-8.23320016461105,-1.051251237973191,0.04
-0.6705370548576025,-2000.5282948330769,-2000.4586875835857,-8.291189065439086,-1.0557538787317833,0.04
-0.9590826544398658,-2001.4873774875168,-2001.4177702380257,-8.347409062558821,-1.0612196892457049,0.04
-2.3347301594399466,-2003.8221076469567,-2003.7525003974656,-8.5119085889043,-1.0982980352265685,0.04
-0.3601194183999718,-2004.1822270653568,-2004.1126198158656,-8.489448351167763,-1.096788727467401,0.04
-0.9909175286399361,-2005.1731445939968,-2005.1035373445056,-8.738575452336784,-1.1149325967742028,0.04
-0.08113332844794552,-2005.2542779224448,-2005.1846706729536,-8.577653456850127,-1.1048679646610826,0.04
-0.6563046481392257,-2005.910582570584,-2005.8409753210929,-8.74654982524538,-1.1157884480704292,0.04
-1.2466029429599588,-2007.157185513544,-2007.0875782640528,-8.746224924407366,-1.1157378319195466,0.04
-0.4468640486400779,-2007.604049562184,-2007.5344423126928,-8.608774155550666,-1.1040389328773113,0.04
-0.2818388505599835,-2007.885888412744,-2007.8162811632528,-9.22277132352922,-1.0219942780580014,0.04
-0.7376606751359174,-2008.6235490878798,-2008.5539418383887,-9.183016741435713,-0.990791055754639,0.04
-0.6843179322455781,-2009.3078670201255,-2009.2382597706344,-9.167069329554366,-0.9896205048571508,0.04
-0.24988402972799095,-2009.5577510498536,-2009.4881438003624,-9.140541463055772,-0.9883160618405117,0.04
-0.19975216257596998,-2009.7575032124296,-2009.6878959629385,-9.064198424163303,-0.9844870859828861,0.04
-0.5618004568799777,-2010.3193036693096,-2010.2496964198185,-9.007790212985016,-0.9804861562628855,0.04
-0.35169972648795644,-2010.6710033957977,-2010.6013961463066,-8.888852152074138,-0.9729135238760062,0.04
-0.3428262505103763,-2011.013829646308,-2010.944222396817,-8.678057224120323,-0.9545339255262145,0.04
-0.45320730720000146,-2011.467036953508,-2011.397429704017,-8.648201681273584,-0.9526144550914952,0.04
-0.7978182174719695,-2012.2648551709801,-2012.195247921489,-8.85034285532201,-0.9652050185563625,0.04
-0.8704515609599903,-2013.13530673194,-2013.065699482449,-8.931870193433099,-0.971476524305996,0.04
-0.43712717685843067,-2013.5724339087985,-2013.5028266593074,-8.746819801051386,-0.9440708098898883,0.04
-0.06797804584317368,-2013.6404119546416,-2013.5708047051505,-8.533138616883459,-0.9318507643418894,0.04
-0.3740034881391989,-2014.0144154427808,-2013.9448081932896,-8.346830375407732,-0.9146204152963537,0.04
-1.669632470865614,-2015.6840479136463,-2015.6144406641552,-8.643653223796486,-0.9455282023224661,0.04
-0.5250209435951793,-2016.2090688572414,-2016.1394616077503,-8.584508928112198,-0.9411717116519701,0.04
-0.6116599579679765,-2016.8207288152093,-2016.7511215657182,-8.77737103254971,-0.8940311078442919,0.04
-0.4749020001279558,-2017.2956308153373,-2017.2260235658462,-8.922070708674052,-0.9011908599971874,0.04
-0.5900162083200096,-2017.8856470236574,-2017.8160397741663,-8.803463493198086,-0.8783621573843895,0.04
-0.740660396880034,-2018.6263074205374,-2018.5567001710463,-8.723703275055252,-0.8683285059501514,0.04
-0.61006093798394,-2019.2363683585213,-2019.1667611090302,-8.782400234618967,-0.8719373543159111,0.04
-0.9915578658720312,-2020.2279262243933,-2020.1583189749022,-8.958442301808011,-0.8846806023665356,0.04
-0.6197858987792231,-2020.8477121231724,-2020.7781048736813,-8.92271993912908,-0.8554918369300235,0.04
-0.20797165559997377,-2021.0556837787724,-2020.9860765292813,-8.68834517473524,-0.8401060681500894,0.04
-0.555833901470329,-2021.6115176802427,-2021.5419104307516,-8.701061421231085,-0.8409002661726162,0.04
-0.33211810517751444,-2021.9436357854202,-2021.874028535929,-8.494136933535973,-0.820375066448965,0.04
-0.5887256227775977,-2022.5323614081979,-2022.4627541587067,-8.384011194486359,-0.8014448662025166,0.04
-3.023335778567974,-2025.5556971867659,-2025.4860899372748,-7.969856722712587,-0.8339297619818751,0.04
-1.7121137561455906,-2027.2678109429114,-2027.1982036934203,-8.614899152183105,-0.8796063166949252,0.02
-0.21956669531997772,-2027.4873776382315,-2027.4177703887403,-8.375038102666386,-0.8605325383118858,0.02
-0.33191206857596867,-2027.8192897068075,-2027.7496824573163,-8.174144292423048,-0.8354508573077264,0.02
-0.6742346419199846,-2028.4935243487275,-2028.4239170992364,-8.093006651884311,-0.8259244720085291,0.02
-1.239930934847945,-2029.7334552835755,-2029.6638480340844,-8.189266218856405,-0.806201304409491,0.02
-0.08966634346793652,-2029.8231216270435,-2029.7535143775524,-7.931928516251661,-0.7883484192828497,0.02
1.7030496574368708,-2028.1200719696067,-2028.0504647201155,-6.66797262607671,-0.7398810684021125,0.04
-0.4798265058528173,-2028.5998984754594,-2028.5302912259683,-7.183903918261168,-0.6764327107718447,0.04
-0.2137800135839738,-2028.8136784890435,-2028.7440712395523,-6.997229388800842,-0.6598164341241177,0.04
-0.3438186678400017,-2029.1574971568834,-2029.0878899073923,-7.133624086886412,-0.6671126799867741,0.02
-0.4087147646735607,-2029.566211921557,-2029.4966046720658,-6.999596210500561,-0.6480686519756078,0.02
-1.5087421092959301,-2031.074954030853,-2031.0053467813618,-7.006255340204384,-0.6574487140815267,0.02
-1.0336993812791773,-2032.108653412132,-2032.039046162641,-7.012408001392829,-0.6450179126782478,0.02
-0.6609612326903009,-2032.7696146448225,-2032.7000073953313,-7.010392001374589,-0.6448263962349019,0.02
-2.1286343154911234,-2034.8982489603136,-2034.8286417108225,-6.9325121896633854,-0.668217429455927,0.02
-1.0213077845664054,-2035.91955674488,-2035.849949495389,-7.082239455803175,-0.6419489819584561,0.02
-0.4420193997360193,-2036.361576144616,-2036.291968895125,-7.107163259239191,-0.6435869815851771,0.02
-0.6308747740943965,-2036.9924509187103,-2036.9228436692192,-7.048833767265749,-0.6363861264942663,0.02
-0.3726336398399679,-2037.3650845585503,-2037.2954773090592,-7.155750945079856,-0.6422161327221068,0.02
-0.023446741315204023,-2037.3885312998655,-2037.3189240503743,-6.950360116983002,-0.6295589745856263,0.02
-0.3323425689023118,-2037.7208738687677,-2037.6512666192766,-6.799924898421516,-0.6112737671044733,0.02
-0.5022976306080003,-2038.2231714993757,-2038.1535642498845,-6.8148248765186885,-0.6123824387438318,0.02
-1.4103244471679444,-2039.6334959465437,-2039.5638886970526,-6.979741603297541,-0.6349521506759911,0.02
-0.09096733409918625,-2039.7244632806428,-2039.6548560311517,-6.792246164389906,-0.6220182838552565,0.02
-1.7469383327014456,-2041.4714016133441,-2041.401794363853,-6.825535526475412,-0.6432706918643737,0.02
-0.24394169684635675,-2041.7153433101905,-2041.6457360606994,-6.823550859901272,-0.6431518452067411,0.02
-0.5726954497535965,-2042.2880387599441,-2042.218431510453,-6.933098250906412,-0.6506107109502937,0.02
-0.2991349442878971,-2042.587173704232,-2042.517566454741,-6.859339266828816,-0.6453574006984519,0.02
-0.6071058604295203,-2043.1942795646617,-2043.1246723151705,-6.927117264232679,-0.6504655233772833,0.02
-0.20654527121603,-2043.4008248358778,-2043.3312175863866,-6.88217859906011,-0.6477399037913963,0.02
-0.6531656335199465,-2044.0539904693976,-2043.9843832199065,-6.930714205422727,-0.6517390703177952,0.02
-1.0045732067423725,-2045.05856367614,-2044.9889564266489,-6.958606154768241,-0.6558741701032034,0.02
-0.14853635495999407,-2045.2071000311,-2045.137492781609,-6.774844066826629,-0.6414358659832033,0.02
-1.3524465751342842,-2046.5595466062343,-2046.4899393567432,-6.899718552638418,-0.6597422539487205,0.02
-0.5064951884544083,-2047.0660417946888,-2046.9964345451976,-7.04254809733022,-0.6685125968009451,0.02
-0.283741956399976,-2047.3497837510888,-2047.2801765015977,-7.014017159096313,-0.6667073661661607,0.02
-0.4588597103399431,-2047.8086434614288,-2047.7390362119377,-6.912756510140135,-0.6424919109556473,0.02
-0.8377508249567382,-2048.6463942863857,-2048.5767870368945,-6.976439131467483,-0.6487465085828785,0.02
-0.15450877679996777,-2048.8009030631856,-2048.7312958136945,-6.840454192981162,-0.6396034849595182,0.02
-0.43118234160077584,-2049.232085404786,-2049.162478155295,-6.8285609330865995,-0.6387290917889747,0.02
-0.7909126871038454,-2050.02299809189,-2049.9533908423987,-6.868379872148598,-0.6427470213646513,0.02
-1.021060511883089,-2051.044058603773,-2050.974451354282,-6.907520649811473,-0.6483550236647124,0.02
-0.5249087433479895,-2051.568967347121,-2051.49936009763,-6.887246244635033,-0.6466519797719934,0.02
-1.356004738915207,-2052.924972086036,-2052.855364836545,-6.905357431860476,-0.653940917232857,0.02
-0.9671542283808101,-2053.892126314417,-2053.822519064926,-6.964054396153308,-0.6608882838248887,0.02
-5.6132987996447214,-2059.505425114062,-2059.4358178645707,-5.6536476491257615,-0.7689948267057837,0.02
-0.46470489784314867,-2059.970130011905,-2059.900522762414,-5.637385177227195,-0.76717224663324,0.02
-0.6696386382575555,-2060.6397686501628,-2060.5701614006716,-5.698202102729673,-0.7739226572948408,0.02
-0.6332415214103425,-2061.273010171573,-2061.2034029220818,-5.705657218854795,-0.7748129752674958,0.02
-1.0526559966719795,-2062.325666168245,-2062.2560589187538,-5.739288998452839,-0.7353993796295759,0.02
-3.5598895133119584,-2065.885555681557,-2065.815948432066,-5.5739076859041425,-0.7723548947729033,0.02
-1.3970091953399657,-2067.282564876897,-2067.212957627406,-5.740453567498886,-0.7959037447733031,0.02
-0.5087026411776027,-2067.7912675180746,-2067.7216602685835,-5.773976588279305,-0.7994395562253358,0.02
-0.7087158959999533,-2068.4999834140744,-2068.4303761645833,-5.779407814695237,-0.8001291813069351,0.02
-0.6160640618879356,-2069.116047475962,-2069.046440226471,-5.699242547735909,-0.7876518438477348,0.02
-0.018812232119828076,-2069.134859708082,-2069.0652524585907,-5.682813771274589,-0.7862347616207727,0.02
-0.7278754202639328,-2069.862735128346,-2069.7931278788546,-6.476393678552769,-0.8348532631747888,0.0
-0.5990947162111316,-2070.461829844557,-2070.392222595066,-6.500435624245618,-0.8372386273819551,0.0
-0.2911068273151855,-2070.7529366718722,-2070.683329422381,-6.519565277888374,-0.8387851636565793,0.0
-1.1678076894527771,-2071.920744361325,-2071.851137111834,-6.659763088251767,-0.8552649440888348,0.0
-0.6602508422399398,-2072.5809952035647,-2072.5113879540736,-6.712187936960102,-0.8602956656401624,0.0
-0.7122160036992156,-2073.293211207264,-2073.223603957773,-6.621129278655675,-0.844365143528228,0.0
-0.9278561651038829,-2074.221067372368,-2074.151460122877,-6.606894687773037,-0.8422482792047222,0.0
-2.2179624979319392,-2076.4390298703,-2076.369422620809,-6.703375541461607,-0.873388304509555,0.0
-0.08333781668954379,-2076.5223676869896,-2076.4527604374985,-6.468793449985806,-0.8324823745335234,0.0
-0.04222070269907824,-2076.5645883896887,-2076.4949811401975,-6.273621322731337,-0.8129006328961768,0.0
-0.6567309484288174,-2077.2213193381176,-2077.1517120886265,-6.315350858390212,-0.8171948638700328,0.0
-2.501375966399998,-2079.7226953045174,-2079.6530880550263,-6.398959599271522,-0.854604887716145,0.0
-3.8738994963358726,-2083.5965948008534,-2083.5269875513623,-6.336642356081177,-0.9246302048460631,0.0
-0.8237165111999982,-2084.4203113120534,-2084.3507040625623,-6.496238349426068,-0.9406356002437589,0.0
-0.7844628899999354,-2085.204774202053,-2085.135166952562,-6.580677296744794,-0.9496780066657113,0.0
-0.5109579345840002,-2085.715732136637,-2085.646124887146,-6.582362703037467,-0.9498512127452314,0.0
-0.9892094371775775,-2086.7049415738147,-2086.6353343243236,-6.53745010745282,-0.941428912545424,0.0
-0.4644293502912165,-2087.169370924106,-2087.0997636746147,-6.621230526857442,-0.9488981528692645,0.0
-0.7760083588222695,-2087.945379282928,-2087.875772033437,-6.525622422811984,-0.9294795533916811,0.0
-0.7287582285360015,-2088.6741375114643,-2088.604530261973,-6.622115332229447,-0.9391758840254739,0.0
-1.342901515821597,-2090.017039027286,-2089.947431777795,-6.729604017535382,-0.954580005346834,0.0
-0.23509854734382496,-2090.25213757463,-2090.182530325139,-6.7147066852019295,-0.9532992774079525,0.0
-0.516351918028779,-2090.768489492659,-2090.6988822431676,-6.6972114321029474,-0.9514841985599378,0.0
-0.1500947295119047,-2090.9185842221705,-2090.8489769726793,-6.683490577650236,-0.950355187725855,0.0
-0.5276402699999541,-2091.4462244921706,-2091.3766172426795,-6.659905478465917,-0.9478446804554553,0.0
0.36861222240005287,-2091.0776122697707,-2091.0080050202796,-6.361520356595833,-0.9203809718726067,0.02
-0.13991632327917125,-2091.21752859305,-2091.1479213435587,-6.359515824688546,-0.9202085712389904,0.02
-6.099148882752013,-2097.316677475802,-2097.247070226311,-5.727771700099923,-1.015142617391345,0.02
-0.43330280166713564,-2097.749980277469,-2097.680373027978,-5.7166116447404205,-1.0136787696555993,0.02
-0.49951813507197107,-2098.249498412541,-2098.17989116305,-5.75081102874073,-1.0179942932290393,0.02
-4.449204930979088,-2102.6987033435203,-2102.629096094029,-5.80270405050798,-1.0978011976418223,0.02
-0.36519106348798647,-2103.0638944070083,-2102.994287157517,-5.7378697392547195,-1.0883500024124473,0.02
-0.556581814876753,-2103.620476221885,-2103.550868972394,-5.799398443271384,-1.0963914631739828,0.02
-1.200619557107192,-2104.821095778992,-2104.751488529501,-5.895446289826067,-1.1117802074841112,0.02
-1.129216288415983,-2105.950312067408,-2105.880704817917,-5.9348283347562045,-1.118546279510354,0.02
-0.91864507926392,-2106.868957146672,-2106.799349897181,-5.922951720647688,-1.1164979708579705,0.02
-1.9390654732607864,-2108.8080226199327,-2108.7384153704415,-6.063217699272325,-1.1447811054562267,0.02
-1.0706297840640067,-2109.8786524039965,-2109.8090451545054,-6.034368113196963,-1.1390736063592026,0.02
-0.7296410368080014,-2110.6082934408046,-2110.5386861913134,-6.004589145645045,-1.1343233425277466,0.02
-0.14183004512159425,-2110.750123485926,-2110.680516236435,-6.1450495913836685,-1.024893967437284,0.02
-0.8578838442959934,-2111.608007330222,-2111.5384000807308,-6.20510536108897,-1.0327575463663408,0.02
-1.4229077301071795,-2113.030915060329,-2112.9613078108378,-6.295212862972479,-1.0478229282033333,0.02
-0.8195951166720126,-2113.850510177001,-2113.78090292751,-6.323106788208818,-1.0515500001085667,0.02
-0.4313216430240092,-2114.281831820025,-2114.212224570534,-6.231419682383497,-1.0391233130356072,0.02
-0.832987102464045,-2115.114818922489,-2115.045211672998,-6.199452287463217,-0.9845852648186489,0.02
-0.5937685457600131,-2115.7085874682493,-2115.638980218758,-6.099763736083141,-0.9685204518270499,0.02
-1.6032003038478642,-2117.311787772097,-2117.242180522606,-6.2293587725431045,-0.9904104050804551,0.02
-0.13055706991199595,-2117.442344842009,-2117.3727375925178,-6.125051213950379,-0.978847228558696,0.02
-0.5860083812736412,-2118.0283532232825,-2117.9587459737913,-6.1202022901980895,-0.9782461149464102,0.02
-0.30713192726401645,-2118.3354851505464,-2118.2658779010553,-6.179141877667513,-0.9840125088492939,0.02
-0.8521976636159534,-2119.1876828141626,-2119.1180755646715,-6.197128391693437,-0.9864989537163343,0.02
-0.6909653985279756,-2119.8786482126907,-2119.8090409631995,-6.2117559855498214,-0.988336367362671,0.02
-2.377782403919946,-2122.2564306166105,-2122.1868233671194,-6.405725777242184,-1.0300698788947664,0.02
-0.3280208561279121,-2122.5844514727382,-2122.514844223247,-6.27898722075542,-1.013274142228269,0.02
-0.8342009484479942,-2123.4186524211864,-2123.3490451716953,-6.305058452004583,-1.01675314435243,0.02
-0.6460312304159658,-2124.0646836516025,-2123.9950764021114,-6.294690988204302,-1.0154294488867652,0.02
-0.6787339459439674,-2124.7434175975463,-2124.673810348055,-6.258782121598737,-1.010447004503567,0.02
-0.07553588114395995,-2124.81895347869,-2124.749346229199,-6.024700050754353,-0.9675984721678073,0.02
-0.488661153119918,-2125.3076146318103,-2125.238007382319,-6.101527128644934,-0.9757049388964149,0.02
-0.36586343151353723,-2125.6734780633237,-2125.6038708138326,-6.166242241702894,-0.9821777934727041,0.02
-0.6007463642880072,-2126.274224427612,-2126.2046171781208,-6.157295157822653,-0.9810581017898877,0.02
-1.5499062581815857,-2127.8241306857935,-2127.7545234363024,-6.135599664276027,-0.9620287076255194,0.02
-1.9305918753279703,-2129.7547225611215,-2129.6851153116304,-6.290363596824882,-0.9231625552053615,0.02
-0.39190457087991426,-2130.1466271320014,-2130.0770198825103,-6.216031211755552,-0.9145263163989596,0.02
-0.45988716708480243,-2130.606514299086,-2130.536907049595,-6.161233660393064,-0.908034801940657,0.02
-0.23498087659195044,-2130.841495175678,-2130.771887926187,-6.107282168973528,-0.9025152607808161,0.02
0.7418419792606107,-2130.0996531964174,-2130.0300459469263,-5.736133460631157,-0.8678942324520523,0.04
-0.015936612192012145,-2130.1155898086095,-2130.0459825591183,-5.649325760716214,-0.8589243776900684,0.04
-0.1983787342847756,-2130.313968542894,-2130.244361293403,-5.553066941958522,-0.8473717851993183,0.04
-0.20985066211197778,-2130.523819205006,-2130.454211955515,-5.466915147202777,-0.8369936338708379,0.04
-0.04985747308798655,-2130.573676678094,-2130.504069428603,-5.28313816009301,-0.8111327530161657,0.04
-0.28863182879999966,-2130.8623085068944,-2130.792701257403,-5.292755830452362,-0.8122034186452892,0.04
-0.6350875307711865,-2131.4973960376656,-2131.4277887881744,-5.31077706057955,-0.8145781309001373,0.04
-1.9564789847518869,-2133.4538750224174,-2133.3842677729263,-5.509109861678594,-0.8507058160049371,0.04
-0.18361081200001123,-2133.6374858344175,-2133.5678785849263,-5.449112706109269,-0.8438252268449381,0.04
-0.3453040264319979,-2133.9827898608496,-2133.9131826113585,-5.599131976397549,-0.8581035518215792,0.02
-0.870634428408002,-2134.8534242892574,-2134.7838170397663,-5.720184346805006,-0.8727179139241557,0.02
-0.7235317059358899,-2135.576955995193,-2135.507348745702,-6.94822734611415,-0.7652055703878332,0.02
-0.5964359815583462,-2136.1733919767516,-2136.1037847272605,-6.987331627135503,-0.7684682339856576,0.02
-0.45407615507518284,-2136.627468131827,-2136.5578608823357,-6.97601573587384,-0.7675593943857217,0.02
-0.29502292582404366,-2136.922491057651,-2136.8528838081597,-8.402627498708307,-0.6844757542826209,0.02
-0.15609235186158843,-2137.0785834095122,-2137.008976160021,-8.307246176968103,-0.6802937800500929,0.02
-0.3670212457200131,-2137.4456046552323,-2137.375997405741,-8.24079401227844,-0.6765025686669581,0.02
-1.0232119524960064,-2138.468816607728,-2138.399209358237,-8.235573390847158,-0.6729544165747343,0.02
-0.6723116741087212,-2139.1411282818367,-2139.0715210323456,-8.175912151451442,-0.663816324288589,0.02
-0.708098815274287,-2139.849227097111,-2139.77961984762,-8.139835014079395,-0.6596053990087966,0.02
-1.2932923983359168,-2141.142519495447,-2141.0729122459556,-8.301115988814276,-0.6466899375102991,0.02
-2.2827013687727575,-2143.4252208642197,-2143.3556136147286,-7.987278295836384,-0.670931369204474,0.02
-0.5664608872079503,-2143.9916817514277,-2143.9220745019365,-7.946863982159948,-0.667667766212473,0.02
-0.6463775010671514,-2144.6380592524947,-2144.5684520030036,-8.132008641905568,-0.6777587153313841,0.02
-0.6558132281183231,-2145.293872480613,-2145.224265231122,-8.091158374273814,-0.6737173030078308,0.02
-0.48418272808560014,-2145.778055208699,-2145.7084479592077,-7.9918573446042345,-0.6549428029673993,0.02
-0.34261609139997495,-2146.120671300099,-2146.0510640506077,-7.8600447176507435,-0.6454032224619585,0.02
-1.1978642769599022,-2147.318535577059,-2147.2489283275677,-7.988287437313199,-0.6607340751406764,0.02
-0.6499557499679927,-2147.9684913270266,-2147.8988840775355,-7.951058948026402,-0.6570734480907552,0.02
-0.48401397014391206,-2148.452505297171,-2148.3828980476796,-7.918538963421195,-0.6548783565784332,0.02
-0.4876169168159472,-2148.940122213987,-2148.8705149644957,-7.857446462508643,-0.6325666888377949,0.02
-0.5827541202863706,-2149.522876334273,-2149.453269084782,-8.032903477131352,-0.6416106298452824,0.02
-0.8130658558967547,-2150.3359421901696,-2150.2663349406785,-8.083356038188224,-0.6461517793377446,0.02
-0.6000013328399817,-2150.9359435230094,-2150.8663362735183,-8.186027346521396,-0.6520091674492641,0.02
0.00508689107764565,-2150.930856631932,-2150.8612493824407,-7.87768278582315,-0.634863476355392,0.04
-0.45386358982076824,-2151.3847202217526,-2151.3151129722614,-7.811990956186481,-0.6301214401812478,0.04
-0.19328197994635415,-2151.578002201699,-2151.5083949522077,-8.038141374382823,-0.586431431701776,0.04
-0.5063800629096153,-2152.0843822646084,-2152.0147750151173,-8.105637955921871,-0.5899986158374101,0.04
-0.4610444838383414,-2152.5454267484465,-2152.4758194989554,-8.016976105190457,-0.582535486545217,0.04
-0.7115075290799903,-2153.2569342775264,-2153.1873270280353,-8.031191272430354,-0.5838450125184975,0.04
-0.33750233884802083,-2153.5944366163744,-2153.5248293668833,-7.922530877347037,-0.5770203803765787,0.04
-0.5659237134959674,-2154.1603603298704,-2154.0907530803793,-8.136158280772557,-0.5868281370236188,0.04
-0.9453467464895478,-2155.10570707636,-2155.036099826869,-8.22658791810784,-0.5959618488910113,0.04
1.1162539536824714,-2153.9894531226773,-2153.919845873186,-7.088988947350171,-0.5663195011870912,0.06
-0.475613548197543,-2154.465066670875,-2154.3954594213837,-7.056173712382228,-0.5638168448652818,0.06
-1.455645494879982,-2155.920712165755,-2155.851104916264,-7.071942922321172,-0.5619316295992498,0.06
-0.3756680309504148,-2156.2963801967053,-2156.226772947214,-7.119652441079851,-0.5308331527116987,0.06
-0.33340843411197196,-2156.629788630817,-2156.560181381326,-7.098955272971312,-0.5296632299763399,0.06
-1.61001754833598,-2158.239806179153,-2158.170198929662,-7.122312248710993,-0.5526658376013635,0.06
-0.1536591373199718,-2158.3934653164733,-2158.323858066982,-7.087675279869718,-0.5510394028159238,0.06
-0.22588935396952187,-2158.619354670443,-2158.549747420952,-7.754441950999007,-0.5703940294805264,0.04
-0.47862196955757,-2159.0979766400005,-2159.0283693905094,-7.970101106466823,-0.5796477366278376,0.04
-0.46863567488156727,-2159.566612314882,-2159.497005065391,-8.0856485881703,-0.5850528754397736,0.04
-1.1279614224837389,-2160.6945737373658,-2160.6249664878746,-8.296080859117632,-0.6034150906472087,0.04
6.201185631209206,-2154.4933881061565,-2154.4237808566654,-3.1289501384801817,-0.47839422856126484,0.06
-0.4716259418783296,-2154.965014048035,-2154.8954067985437,-3.153876359852265,-0.4820541108228314,0.06
-0.6294424928399988,-2155.594456540875,-2155.524849291384,-3.153183495379023,-0.48194121006420765,0.06
-0.18830896800480018,-2155.78276550888,-2155.713158259389,-2.9771407055184356,-0.446577809729266,0.06
-0.9518193284158732,-2156.7345848372956,-2156.6649775878045,-3.0748065027194587,-0.4619419800575832,0.06
-0.514460868321568,-2157.2490457056174,-2157.1794384561263,-3.0976389828957918,-0.4653251168953746,0.06
-2.0656992470399786,-2159.3147449526573,-2159.245137703166,-3.190466862113472,-0.48922641326801414,0.06
-0.6913632570119369,-2160.006108209669,-2159.936500960178,-3.1866522942071818,-0.48858304428953503,0.06
-1.1141408781118873,-2161.120249087781,-2161.0506418382897,-3.243869571372678,-0.4989371422206059,0.06
-0.03569411339992895,-2161.155943201181,-2161.0863359516898,-3.183844121298706,-0.49056950138710076,0.06
-0.4694498842943672,-2161.6253930854755,-2161.5557858359844,-3.2075228834323695,-0.49405804055650726,0.06
-0.027487676397549288,-2161.652880761873,-2161.5832735123818,-3.188053816153662,-0.4914859470472265,0.06
-0.2867434412479032,-2161.9396242031207,-2161.8700169536296,-3.1769362685145,-0.48988039095778424,0.06
-0.334063719304016,-2162.273687922425,-2162.2040806729337,-3.0945791948236505,-0.47609742629394447,0.06
-0.9222251976543734,-2163.1959131200792,-2163.126305870588,-3.1228672179705583,-0.4810956967648575,0.06
-0.46349322452156894,-2163.659406344601,-2163.58979909511,-3.092478071087985,-0.47620358494980314,0.06
-0.971806555499982,-2164.6312129001008,-2164.5616056506096,-3.0616943025847823,-0.46977386809308447,0.06
-0.4902195450527749,-2165.1214324451535,-2165.0518251956623,-2.912153905407346,-0.43392423161868476,0.06
-0.5615600028480117,-2165.6829924480016,-2165.6133851985105,-2.911529543189043,-0.433826213931486,0.06
-0.34070864827996516,-2166.0237010962815,-2165.9540938467903,-2.87149379854746,-0.42771283687574224,0.06
-0.2873793751487576,-2166.31108047143,-2166.241473221939,-2.8229155261787775,-0.420344159816351,0.06
-0.6804894287519841,-2166.991569900182,-2166.921962650691,-2.8476689468765346,-0.4242702938296787,0.06
-0.5737652930951967,-2167.5653351932774,-2167.4957279437863,-2.878319117157472,-0.42889327786358306,0.06
-0.41594081309756414,-2167.981276006375,-2167.911668756884,-2.788565965742029,-0.4132548085863364,0.06
-1.1559672048575185,-2169.1372432112325,-2169.0676359617414,-2.8441799678453283,-0.4233750376841269,0.06
-0.473044859399991,-2169.6102880706326,-2169.5406808211414,-2.8427372942193565,-0.42315565546924844,0.06
-0.25505953017116784,-2169.865347600804,-2169.795740351313,-2.8109071493351276,-0.4185045077363529,0.06
-0.4740700582656359,-2170.3394176590696,-2170.2698104095784,-2.796916407699147,-0.41633082649593817,0.06
-0.935920782719914,-2171.2753384417897,-2171.2057311922986,-2.8105763888299062,-0.41878792503240136,0.06
-0.4681552428431771,-2171.743493684633,-2171.673886435142,-2.7936533520044757,-0.4161510032324653,0.06
-0.9126358173599738,-2172.656129501993,-2172.5865222525017,-2.9154965291931023,-0.4345054574012177,0.04
1.3649918967568797,-2171.291137605236,-2171.221530355745,-2.598235253910667,-0.39812834766966465,0.06
-0.5604036958727603,-2171.8515413011087,-2171.7819340516176,-2.6465660244784477,-0.40547078198819286,0.06
-2.498019531976813,-2174.3495608330854,-2174.2799535835943,-2.80582304166727,-0.44530357136953674,0.06
-0.6832983422231506,-2175.0328591753087,-2174.9632519258175,-2.832585232455455,-0.44974864853723295,0.06
-1.3504237030319908,-2176.3832828783407,-2176.3136756288495,-2.8962366830819524,-0.462526972016273,0.06
-1.7941973131487654,-2178.1774801914894,-2178.1078729419983,-3.038072196260403,-0.4916608715022878,0.06
-0.6501707085214701,-2178.8276509000107,-2178.7580436505195,-3.048030661456271,-0.4933458114027979,0.06
-0.4338214816296016,-2179.2614723816405,-2179.1918651321494,-2.989528769135905,-0.483115306105599,0.06
-0.3525838341600054,-2179.6140562158007,-2179.5444489663096,-3.2359992201267636,-0.5124920618624486,0.04
-0.5229187953095463,-2180.1369750111103,-2180.067367761619,-3.2420066616945458,-0.5134381668046886,0.04
-0.1060161711839267,-2180.242991182294,-2180.173383932803,-3.090307662934515,-0.48644558033076746,0.04
-0.6686952099231607,-2180.9116863922172,-2180.842079142726,-3.127053481306477,-0.49230612391022244,0.04
-0.6801332331359544,-2181.5918196253533,-2181.522212375862,-3.1709052205736805,-0.4992406198907021,0.04
-0.2531082461039985,-2181.8449278714575,-2181.7753206219663,-3.0282489722329347,-0.4721024338460624,0.04
-0.49543603467994735,-2182.3403639061376,-2182.2707566566464,-3.074706936359381,-0.4789379717932619,0.04
-0.27807447174004557,-2182.6184383778777,-2182.5488311283866,-3.0820105564040894,-0.4799816741486725,0.04
-0.3092513277599528,-2182.9276897056375,-2182.8580824561463,-3.0595388399358425,-0.4765942613127201,0.04
0.2752922657703535,-2182.652397439867,-2182.582790190376,-2.9505774642221416,-0.46171570249968164,0.06
-2.3226310336319695,-2184.9750284734987,-2184.9054212240076,-3.0301361385736274,-0.48560909472264624,0.06
-0.12258838015181028,-2185.0976168536504,-2185.0280096041593,-7.053315571976761,-0.6120845749498666,0.04
-0.4565981884799661,-2185.55421504213,-2185.484607792639,-7.049020457254568,-0.6117840198818993,0.04
-1.1264258658670283,-2186.6806409079973,-2186.611033658506,-7.114672987188299,-0.62172368734244,0.04
-0.7101703255679683,-2187.3908112335653,-2187.321203984074,-7.26950977516455,-0.6321609144937033,0.04
-0.3275816677535778,-2187.718392901319,-2187.648785651828,-7.1291868431049945,-0.6196761612804574,0.04
-0.7191366038063499,-2188.4375295051254,-2188.3679222556343,-7.176664444650033,-0.623769675990153,0.04
-0.49000419551999674,-2188.9275337006457,-2188.8579264511545,-7.230115346187857,-0.5922557749597533,0.04
0.047171565304870544,-2188.880362135341,-2188.8107548858497,-6.969629477847746,-0.5774850785134172,0.06
-0.5238768451079674,-2189.404238980449,-2189.334631730958,-6.885998302225522,-0.5656797978533388,0.06
-0.33419809678879464,-2189.738437077238,-2189.668829827747,-7.00640196467185,-0.5716498775211162,0.06
-0.7944902319119562,-2190.5329273091497,-2190.4633200596586,-7.0781936017892395,-0.578150684473468,0.06
-0.8621221619999395,-2191.39504947115,-2191.3254422216587,-7.334750450577914,-0.5948433741855158,0.06
-0.3061868514216212,-2191.7012363225713,-2191.63162907308,-7.342138081673644,-0.5952322423889901,0.06
-0.4866966647999825,-2192.1879329873714,-2192.1183257378802,-7.392602384201561,-0.5982849012989094,0.06
-0.04334576767195619,-2192.231278755043,-2192.161671505552,-7.134659611645257,-0.580707312699261,0.06
-0.41922771695436667,-2192.6505064719977,-2192.5808992225066,-7.121139284203529,-0.579822002547917,0.06
-0.6171481124423531,-2193.26765458444,-2193.198047334949,-7.067098639998196,-0.5727288336867644,0.06
-0.5408402712000252,-2193.80849485564,-2193.738887606149,-7.08085099960064,-0.5737412482097095,0.06
-0.2219418630000055,-2194.0304367186404,-2193.9608294691493,-6.97130870172784,-0.5669488854127493,0.06
-0.321951739132695,-2194.352388457773,-2194.282781208282,-6.964836078925833,-0.566573747229804,0.06
-0.777933694487956,-2195.130322152261,-2195.06071490277,-7.0936135267415725,-0.5763848336165879,0.06
-0.6294915052703829,-2195.7598136575316,-2195.6902064080405,-7.082792396275668,-0.5753648751469559,0.06
0.9735408034960756,-2194.7862728540354,-2194.7166656045442,-6.269924564290601,-0.5444187532151304,0.08
-0.32453462591999854,-2195.1108074799554,-2195.0412002304643,-6.243626533119906,-0.5425906294715791,0.08
-0.02739592506944788,-2195.138203405025,-2195.0685961555337,-6.0056091489857115,-0.5200192038758177,0.08
-0.677882141006302,-2195.816085546031,-2195.74647829654,-6.049392848749975,-0.5241159495079439,0.08
-0.4078868190479416,-2196.223972365079,-2196.154365115588,-6.094316344008903,-0.5271724952854794,0.08
-0.4727128665599819,-2196.696685231639,-2196.627077982148,-6.093978778892942,-0.5271453514513663,0.08
-0.547895403408065,-2197.244580635047,-2197.174973385556,-6.031681902581483,-0.5193848438651293,0.08
-0.19109913856002336,-2197.435679773607,-2197.3660725241157,-5.950724740195968,-0.5138437217794662,0.08
-0.3639539802959897,-2197.799633753903,-2197.730026504412,-5.846043304728621,-0.5028700850381865,0.08
-0.790881898852787,-2198.5905156527556,-2198.5209084032645,-7.048855909350366,-0.5459875609503799,0.06
-0.19066393370873713,-2198.7811795864645,-2198.7115723369734,-6.9249790992228935,-0.5385927657070995,0.06
-1.6375038239999422,-2200.4186834104644,-2200.3490761609733,-7.380561792933442,-0.521382451547562,0.06
-0.6638625991008278,-2201.0825460095652,-2201.012938760074,-7.376810742793874,-0.5209937366851156,0.06
-0.7035516649823697,-2201.786097674548,-2201.7164904250567,-7.392839948273499,-0.5080562959241232,0.06
-1.380586913279926,-2203.1666845878276,-2203.0970773383365,-7.565274952919216,-0.49978408792674633,0.06
-0.8228443247999646,-2203.9895289126275,-2203.9199216631364,-7.589377460282262,-0.5032375602523164,0.06
-2.1855891206399836,-2206.1751180332676,-2206.1055107837765,-7.256476747805707,-0.5382729130325239,0.06
-0.3544423997279738,-2206.5295604329954,-2206.4599531835042,-7.257159034526976,-0.5383100843438833,0.06
-1.363764750873534,-2207.893325183869,-2207.823717934378,-7.308770368199429,-0.555127003455163,0.06
-0.7977197279999656,-2208.691044911869,-2208.621437662378,-7.530808220125294,-0.5689610745914837,0.06
-0.6765071265215021,-2209.3675520383904,-2209.2979447888993,-7.532449170051941,-0.5691173129234506,0.06
-1.1818707142319989,-2210.5494227526224,-2210.4798155031312,-7.570865209798993,-0.5791520625453715,0.06
-0.31213829537273763,-2210.861561047995,-2210.791953798504,-7.595409731677566,-0.5803326635307463,0.06
-0.6443788223999276,-2211.505939870395,-2211.436332620904,-7.635325537859793,-0.5833115192851459,0.06
-0.42737240671994303,-2211.933312277115,-2211.863705027624,-7.692700143817473,-0.5862974779847439,0.06
-0.2521104861312311,-2212.185422763246,-2212.115815513755,-7.668506412685236,-0.5851546611521694,0.06
-1.0797636772223576,-2213.2651864404684,-2213.1955791909772,-8.174567436337343,-0.6122557800120236,0.04
-0.609093139151994,-2213.87427957962,-2213.804672330129,-8.697635904145121,-0.5779850221224242,0.04
-0.9391827088799907,-2214.8134622885,-2214.743855039009,-8.980185945068476,-0.5943169086969877,0.04
-0.6957158004719534,-2215.509178088972,-2215.439570839481,-9.056513113547151,-0.5990992609368275,0.04
-0.0753952857359644,-2215.584573374708,-2215.5149661252167,-8.749110077659473,-0.5780786493342062,0.04
-0.6346361576447536,-2216.2192095323526,-2216.1496022828615,-8.731993985854338,-0.5765679659757419,0.04
-1.7128637351759397,-2217.9320732675287,-2217.8624660180376,-8.689239741070233,-0.6042736073241891,0.04
-0.5014048265039839,-2218.4334780940326,-2218.3638708445415,-8.62789182911482,-0.5999189717781419,0.04
-1.0507392528479111,-2219.4842173468805,-2219.4146100973894,-8.722725204350843,-0.6111336729247001,0.04
-1.0374797375999405,-2220.5216970844804,-2220.4520898349892,-9.135334337909438,-0.6328266989827963,0.02
-2.747846430335947,-2223.269543514816,-2223.199936265325,-8.372865650611123,-0.6773060906873559,0.02
-1.308832199558374,-2224.5783757143745,-2224.5087684648834,-8.54564803899491,-0.6967987727427475,0.02
-1.264898232935876,-2225.8432739473105,-2225.7736666978194,-8.58168849652242,-0.706206932763226,0.02
-0.7864401186240184,-2226.6297140659344,-2226.5601068164433,-8.567847543537635,-0.7046932918957074,0.02
-1.3798634208480176,-2228.0095774867823,-2227.939970237291,-8.7582673254551,-0.7261668232842353,0.02
-0.7797238313183452,-2228.7893013181006,-2228.7196940686094,-8.84342101464242,-0.7320273666146028,0.02
-1.9397621494431936,-2230.7290634675437,-2230.6594562180526,-9.063376179750223,-0.7699556942500274,0.02
-1.1169460425599445,-2231.8460095101036,-2231.7764022606125,-9.230795422287413,-0.783910060762139,0.02
-0.756436873919968,-2232.6024463840236,-2232.5328391345324,-9.270656803390725,-0.7866958359916914,0.02
-0.7579940870087347,-2233.3604404710322,-2233.290833221541,-9.337556913519315,-0.7910389123078656,0.02
-1.137349484843977,-2234.497789955876,-2234.428182706385,-9.61297596274153,-0.8093470647447448,0.02
1.0944486362952168,-2233.403341319581,-2233.33373407009,-8.507854852388327,-0.7810190572361866,0.04
-0.8328698593679809,-2234.2362111789494,-2234.1666039294582,-8.519294114227389,-0.7821177805337871,0.04
-0.39710379047999256,-2234.633314969429,-2234.563707719938,-8.443886205601993,-0.7774700262379795,0.04
-0.913411331999942,-2235.5467263014293,-2235.477119051938,-9.587192428111313,-0.8152090689478996,0.02
-0.6054037157199349,-2236.1521300171494,-2236.0825227676582,-9.706651158487496,-0.8208264507438985,0.02
-0.2258583155848594,-2236.3779883327343,-2236.308381083243,-9.82985580047945,-0.8247956985542066,0.02
-0.12910957259998412,-2236.5070979053344,-2236.4374906558432,-9.575702763195666,-0.8138202471860804,0.02
-0.4989810931199793,-2237.0060789984545,-2236.9364717489634,-9.614679789895453,-0.8156421326675211,0.02
-1.172566259699984,-2238.1786452581546,-2238.1090380086634,-9.779675763618117,-0.8296392005303211,0.02
-0.48438446085113906,-2238.663029719006,-2238.5934224695147,-9.753936081934294,-0.8283689816791826,0.02
-0.22222040498235546,-2238.885250123988,-2238.815642874497,-9.771761454829248,-0.8289914070076292,0.02
-0.7541466167039109,-2239.639396740692,-2239.569789491201,-9.922853807091991,-0.8367952597357876,0.02
-0.9403195823999941,-2240.5797163230923,-2240.510109073601,-9.956009704114855,-0.8397840134067317,0.02
-0.30135001343997975,-2240.881066336532,-2240.811459087041,-10.01941377864016,-0.8419977350013567,0.02
-0.34526730608954836,-2241.2263336426217,-2241.1567263931306,-9.829345539087107,-0.8161530046431487,0.02
-0.4808828614079688,-2241.70721650403,-2241.637609254539,-9.7602332147902,-0.8124934098892916,0.02
-0.8794943067631793,-2242.586710810793,-2242.517103561302,-9.804767690495419,-0.8160122627249078,0.02
-1.9180143682559556,-2244.5047251790493,-2244.435117929558,-9.688100605650721,-0.8267608118244284,0.02
-0.59026008674872,-2245.094985265798,-2245.025378016307,-9.6191165674322,-0.8221091270634036,0.02
-0.4989810931199793,-2245.5939663589184,-2245.524359109427,-9.719101753884539,-0.7883769665130034,0.02
-1.6030782231359666,-2247.1970445820543,-2247.127437332563,-9.894247495081263,-0.8133496829811633,0.02
-4.672617638639936,-2251.8696622206944,-2251.8000549712033,-7.864727130283808,-0.8795267407364914,0.02
-0.6664256967600186,-2252.5360879174546,-2252.4664806679634,-7.836438867083587,-0.8769008601116923,0.02
-0.37336590347518384,-2252.9094538209297,-2252.8398465714386,-7.756094906359776,-0.8708380356507659,0.02
-1.0182750030639536,-2253.9277288239937,-2253.8581215745025,-7.736230578324456,-0.8675661214274051,0.02
-0.6947874839360249,-2254.62251630793,-2254.5529090584387,-7.839658056743968,-0.8752191051986707,0.02
-0.8611650461215875,-2255.4836813540514,-2255.4140741045603,-7.8853343377189615,-0.879554829673104,0.02
-0.3614417993279692,-2255.8451231533795,-2255.7755159038884,-7.865439604580153,-0.8782362175252645,0.02
-0.942623533248022,-2256.7877466866275,-2256.7181394371364,-8.040549767241455,-0.8920464784676004,0.02
-0.494486883744011,-2257.282233570372,-2257.2126263208806,-7.920130781044815,-0.8803409425980334,0.02
-0.5400052940799646,-2257.8222388644517,-2257.7526316149606,-7.902308524105715,-0.8789591856965928,0.02
-1.932012150017525,-2259.7542510144694,-2259.6846437649783,-7.942643272428414,-0.8988157745193435,0.02
-1.053880655198427,-2260.808131669668,-2260.738524420177,-8.00841690187285,-0.9059790716138729,0.02
-1.0195315007999484,-2261.827663170468,-2261.758055920977,-8.265571006097149,-0.9248617959151527,0.02
-0.3993612237600079,-2262.227024394228,-2262.157417144737,-8.198565449902821,-0.9201562972374577,0.02
-0.688743343655984,-2262.915767737884,-2262.846160488393,-8.0929929068552,-0.8996738894070587,0.02
-0.47059900562634654,-2263.3863667435103,-2263.316759494019,-8.084119325338772,-0.8990577729895058,0.02
-0.9150870835583185,-2264.3014538270686,-2264.2318465775775,-8.06273894655126,-0.8963447296037139,0.02
-0.3553267576622494,-2264.6567805847308,-2264.5871733352396,-7.906379165652081,-0.8827016700049604,0.02
-0.6629722401455956,-2265.3197528248766,-2265.2501455753854,-7.99779563157053,-0.8410041862011532,0.02
-1.5841773721520118,-2266.903930197029,-2266.8343229475377,-8.0022656583223,-0.846511089653026,0.02
-0.9422001480862597,-2267.846130345115,-2267.776523095624,-7.965203629491629,-0.8400571279560336,0.02
-0.6792334458623079,-2268.5253637909773,-2268.455756541486,-7.9416242008500255,-0.8379129945007995,0.02
-0.4387482614399374,-2268.964112052417,-2268.894504802926,-7.784529181624865,-0.8190906913126379,0.02
-0.5043192268799388,-2269.468431279297,-2269.398824029806,-7.718804556119796,-0.8135825992238697,0.02
-0.46067423067195457,-2269.929105509969,-2269.8594982604777,-7.602446369661812,-0.7840008408484449,0.02
-0.13583899900794838,-2270.0649445089766,-2269.9953372594855,-7.372072365543269,-0.764378699977405,0.02
-0.9469558861199905,-2271.0119003950967,-2270.9422931456056,-7.404340050579323,-0.7681890802214055,0.02
-0.494486883744011,-2271.506387278841,-2271.43678002935,-7.343531423160523,-0.7629189361561108,0.02
-0.6966324220799534,-2272.203019700921,-2272.1334124514296,-7.277550599385059,-0.7541045949008306,0.02
0.012528936695989895,-2272.1904907642247,-2272.1208835147336,-7.918999174748916,-0.7757429888928151,0.02
-0.647511784703938,-2272.8380025489287,-2272.7683952994375,-7.8791042422519695,-0.7720358273995341,0.02
-0.9434721297792127,-2273.781474678708,-2273.711867429217,-8.010197009785847,-0.7829631941855186,0.02
-0.5111359084800101,-2274.292610587188,-2274.223003337697,-7.91900013411772,-0.77491768571512,0.02
-0.4918281859007152,-2274.784438773089,-2274.7148315235977,-7.887365962088738,-0.7726461751187356,0.02
0.2607053704320319,-2274.523733402657,-2274.454126153166,-7.666886997894201,-0.7629149013983978,0.04
-2.1036549699359406,-2276.627388372593,-2276.557781123102,-7.857305086368506,-0.8024058093451168,0.04
-0.4154336185247453,-2277.0428219911178,-2276.9732147416266,-7.832304725982102,-0.8007348598532121,0.04
-0.2824770124799645,-2277.3252990035976,-2277.2556917541065,-7.641456323750858,-0.7829330749088118,0.04
-0.4979578708079699,-2277.8232568744056,-2277.7536496249145,-7.645260134087537,-0.7832045431079483,0.04
-0.46989402470397307,-2278.2931508991096,-2278.2235436496185,-7.7257426865135725,-0.7881580155023807,0.04
-0.45178932838395963,-2278.7449402274938,-2278.6753329780026,-7.650289010987492,-0.7821108697359818,0.04
-0.7169209649279311,-2279.4618611924216,-2279.3922539429304,-7.609757155515081,-0.7776428973865405,0.04
-0.5039159865599703,-2279.9657771789816,-2279.8961699294905,-7.671878514795828,-0.7816942168489404,0.04
-1.0369996895998643,-2281.0027768685813,-2280.93316961909,-7.828021082678451,-0.7955288645191466,0.04
-0.993777287567933,-2281.996554156149,-2281.926946906658,-7.938952264813906,-0.8057867530423459,0.04
-0.4800101920222915,-2282.4765643481715,-2282.4069570986803,-7.845397360715221,-0.7977970707475283,0.04
-0.9776446346879495,-2283.454208982859,-2283.384601733368,-7.851087478822939,-0.778989676076168,0.04
-0.2770602130400236,-2283.731269195899,-2283.661661946408,-7.754261458040191,-0.772725678601994,0.04
-1.5693364831871561,-2285.3006056790864,-2285.2309984295953,-7.884307428808746,-0.7941327864033377,0.04
-0.7569191548799062,-2286.0575248339665,-2285.9879175844753,-7.819851130678609,-0.7772096050382165,0.04
-1.35463453395672,-2287.4121593679233,-2287.342552118432,-11.450661616212301,-0.710849942944552,0.04
-0.7150819334399403,-2288.1272413013635,-2288.0576340518724,-11.467529168116155,-0.7118230676781505,0.04
-1.6091798044798833,-2289.7364211058434,-2289.6668138563523,-11.478887584381228,-0.7365393456982445,0.04
-1.8184519439999063,-2291.5548730498435,-2291.4852658003524,-11.158338670316466,-0.7525428845169635,0.04
-1.5208108092863248,-2293.0756838591296,-2293.0060766096385,-11.126289016756052,-0.7690633510239695,0.04
-0.9431815459919022,-2294.0188654051217,-2293.9492581556306,-11.13990561137427,-0.7707036810213758,0.04
-2.578727523047938,-2296.5975929281694,-2296.5279856786783,-10.533059679092466,-0.8150493954957753,0.04
-0.8994358664135805,-2297.497028794583,-2297.427421545092,-10.525129022295832,-0.8141856421590865,0.04
-1.2328473163103952,-2298.729876110893,-2298.660268861402,-10.693831243014449,-0.828952850810414,0.04
-0.8405208940799782,-2299.570397004973,-2299.500789755482,-10.80202943337391,-0.8349631628104143,0.04
-1.224505784159924,-2300.794902789133,-2300.725295539642,-11.017779693310649,-0.8208130354932623,0.04
-0.7432631188799524,-2301.538165908013,-2301.468558658522,-10.954239512587959,-0.8146006847668928,0.04
-0.45517745370232154,-2301.9933433617152,-2301.923736112224,-10.771021050221798,-0.8033136038249404,0.04
-0.9884025103679002,-2302.981745872083,-2302.912138622592,-10.982763342666564,-0.8150944295570981,0.04
-2.003160734120026,-2304.9849066062034,-2304.9152993567122,-10.815102895218573,-0.8413827773663789,0.04
-0.49459729478395004,-2305.4795039009873,-2305.409896651496,-10.827439557605363,-0.8418627431495311,0.04
-0.6403600295999534,-2306.119863930587,-2306.050256681096,-10.744788803453698,-0.8363682020703638,0.04
-0.9579261830399213,-2307.077790113627,-2307.008182864136,-10.981075325302086,-0.8484201905779172,0.04
-0.9586210525198735,-2308.036411166147,-2307.966803916656,-11.066507023031273,-0.8543331668254028,0.04
-1.7479257395999823,-2309.784336905747,-2309.7147296562557,-11.011328622209941,-0.8576081341743621,0.04
-0.4858116121920016,-2310.2701485179387,-2310.2005412684475,-10.848830833446554,-0.848480363456477,0.04
-1.2368363903999922,-2311.506984908339,-2311.4373776588477,-10.949984721898733,-0.8596324223472307,0.04
-0.19584580041598065,-2311.702830708755,-2311.6332234592637,-10.796594344637375,-0.8547743731267515,0.04
-0.3134951719296708,-2312.0163258806847,-2311.9467186311936,-10.69074581933045,-0.8509578920277463,0.04
-0.6481809661708029,-2312.6645068468556,-2312.5948995973645,-10.775993247921138,-0.8547080267377232,0.04
-0.3464589308640001,-2313.01096577772,-2312.9413585282286,-10.919506363430061,-0.8589204253748441,0.04
-0.6617151818927447,-2313.6726809596125,-2313.6030737101214,-10.836647806491792,-0.8532156112902993,0.04
-0.6566889781919403,-2314.3293699378046,-2314.2597626883135,-10.909782770016319,-0.8564596531792579,0.04
-0.08050687860478539,-2314.4098768164095,-2314.3402695669183,-10.559606828853148,-0.8441371423097545,0.04
-0.09796525939200235,-2314.5078420758014,-2314.4382348263102,-10.646508692725327,-0.8463470262315144,0.02
-0.39570839677590797,-2314.903550472577,-2314.833943223086,-10.529222562741303,-0.8413109584729539,0.02
-0.22232772639986753,-2315.125878198977,-2315.0562709494857,-10.233225088198168,-0.8268880704053667,0.02
-1.563666516191979,-2316.6895447151687,-2316.6199374656776,-10.360981790833272,-0.8479386825596061,0.02
-0.6511739547135253,-2317.3407186698823,-2317.271111420391,-10.427549208050682,-0.8511255979358624,0.02
-0.5889904256079346,-2317.92970909549,-2317.860101845999,-11.034457156987147,-0.8681195138566616,0.0
-0.49577938783993347,-2318.42548848333,-2318.3558812338388,-11.157397136485574,-0.8359620022147416,0.0
-0.985250515199989,-2319.4107389985297,-2319.3411317490386,-11.374957119640873,-0.8473583401482465,0.0
-0.261765634799953,-2319.6725046333295,-2319.6028973838384,-11.359648793211141,-0.8469441125946463,0.0
-0.5160634891647381,-2320.1885681224944,-2320.1189608730033,-11.369544789651256,-0.8473062249617818,0.0
-0.7139353159929704,-2320.902503438487,-2320.832896188996,-11.487213567020598,-0.8521870507875616,0.0
-0.6893191650239731,-2321.591822603511,-2321.52221535402,-11.608306721991335,-0.8569376475203618,0.0
-0.9319438250638559,-2322.523766428575,-2322.454159179084,-11.672948253365494,-0.8612381047230804,0.0
-0.6400720008000292,-2323.163838429375,-2323.094231179884,-11.744051848773493,-0.8639612250078815,0.0
-1.2363429586400845,-2324.4001813880154,-2324.3305741385243,-11.751467185202031,-0.8679480903886859,0.0
-1.043757095635125,-2325.4439384836505,-2325.3743312341594,-11.758525196456826,-0.8689476865500297,0.0
-0.8831102628318629,-2326.3270487464824,-2326.2574414969913,-11.935265123579194,-0.8770096879662213,0.0
-1.3408436927998606,-2327.6678924392822,-2327.598285189791,-11.944911851292213,-0.8842736691284594,0.0
-1.1993463627598395,-2328.8672388020423,-2328.797631552551,-12.323587456259148,-0.9027193921228558,0.0
-2.012220484127988,-2330.8794592861705,-2330.8098520366793,-12.096610853300495,-0.9115770721416723,0.0
-0.49572291133435264,-2331.3751821975047,-2331.3055749480136,-11.965230618296506,-0.9063531472707613,0.0
-0.8923597259304836,-2332.267541923435,-2332.197934673944,-11.928733679623756,-0.8971076511102366,0.0
-0.7423324018176058,-2333.009874325253,-2332.9402670757618,-11.939862545933218,-0.8976526604777899,0.0
-0.10350558691191392,-2333.113379912165,-2333.0437726626737,-11.507171559287414,-0.8675391761264305,0.0
-0.8218950796159086,-2333.9352749917807,-2333.8656677422896,-11.626325397247479,-0.8476080388387506,0.0
-0.457466062031956,-2334.3927410538126,-2334.3231338043215,-11.475210222666846,-0.8263411438936632,0.0
-0.9598838574400061,-2335.352624911253,-2335.2830176617617,-11.478000349629692,-0.8266751901226251,0.0
-0.6750475835198693,-2336.0276724947726,-2335.9580652452814,-12.56413550546217,-0.7886015913320638,0.0
-0.6456823183583849,-2336.673354813131,-2336.60374756364,-12.478937329186543,-0.7835265203709599,0.0
-0.47554482975998735,-2337.148899642891,-2337.0792923934,-12.311955351090393,-0.7683804706399517,0.0
-1.2607278197279723,-2338.409627462619,-2338.340020213128,-12.299908830652715,-0.7767846091529117,0.0
-0.8513475711998895,-2339.260975033819,-2339.1913677843277,-12.304314425869197,-0.769321444893711,0.0
-0.6593531567999567,-2339.920328190619,-2339.8507209411277,-12.270399059790506,-0.7676432456521112,0.0
-0.9580200324239003,-2340.878348223043,-2340.8087409735517,-12.47358008439481,-0.7777000972265425,0.0
-0.006292964119128885,-2340.884641187162,-2340.8150339376707,-11.839165062386703,-0.7580579063015672,0.0
-0.6846377053823323,-2341.5692788925444,-2341.4996716430533,-12.42482029103626,-0.7316874457268133,0.0
-0.6508216668799629,-2342.2201005594243,-2342.150493309933,-12.514131025295482,-0.7348119331687336,0.0
-0.9884534015999701,-2343.2085539610243,-2343.138946711533,-12.59404270019575,-0.7417738006087339,0.0
-3.162401665247924,-2346.3709556262725,-2346.3013483767813,-10.358907014805556,-0.785863310252894,0.0
-0.736471345991986,-2347.1074269722644,-2347.0378197227733,-10.310519470757331,-0.7814203161223362,0.0
-1.6979681522495518,-2348.805395124514,-2348.7357878750227,-10.331250341001375,-0.7804211643753277,0.0
-0.9840743975998322,-2349.7894695221134,-2349.7198622726223,-10.481660696336764,-0.7903864200834844,0.0
-1.0228229030880054,-2350.8122924252016,-2350.7426851757104,-10.478925914635052,-0.7861061503372446,0.0
-1.329407178719956,-2352.1416996039216,-2352.0720923544304,-10.811507003903179,-0.808777377903324,0.0
-0.9102539784575975,-2353.051953582379,-2352.982346332888,-11.067241471441434,-0.8207125540338825,0.0
-1.3994214803278673,-2354.451375062707,-2354.381767813216,-11.151306978796534,-0.8357373643170238,0.0
-0.6309019295232086,-2355.08227699223,-2355.012669742739,-11.307646513609388,-0.8414262242902081,0.0
-1.9331575597439108,-2357.015434551974,-2356.945827302483,-11.20219586697355,-0.8668550718472312,0.0
-1.8867124482248139,-2358.902147000199,-2358.832539750708,-11.165600945371544,-0.8914555412478888,0.0
-0.3877141746720023,-2359.289861174871,-2359.22025392538,-11.388482932920873,-0.8975996871692331,0.0
-1.1888308717478582,-2360.478692046619,-2360.409084797128,-11.888787198440625,-0.9194169994163502,0.0
-0.883171029887979,-2361.361863076507,-2361.2922558270157,-12.128012209396687,-0.9291662520785916,0.0
-0.827820284800054,-2362.189683361307,-2362.1200761118157,-12.499437395940587,-0.9412761032465954,0.0
-0.3129790343998695,-2362.502662395707,-2362.433055146216,-12.177541108931555,-0.9162623536107533,0.0
-0.25885952639993737,-2362.761521922107,-2362.691914672616,-11.923064721043882,-0.9084160650444814,0.0
-0.25341130079996427,-2363.014933222907,-2362.945325973416,-11.704737984264032,-0.9017044825483221,0.0
-0.4536755879039551,-2363.468608810811,-2363.39900156132,-11.679677969714403,-0.9008624065496024,0.0
-0.9836309557007503,-2364.452239766512,-2364.3826325170207,-11.679364334561622,-0.9008300153596177,0.0
-0.5690660157600127,-2365.021305782272,-2364.951698532781,-11.87956214160904,-0.9069760229788189,0.0
-0.9199284156431284,-2365.941234197915,-2365.871626948424,-12.049992039701785,-0.9150533215083867,0.0
-0.4582775831759559,-2366.399511781091,-2366.3299045316,-11.913898289021176,-0.9099401668520464,0.0
-0.5570779301471,-2366.956589711238,-2366.886982461747,-11.848642772834088,-0.9072953421545088,0.0
-0.32919469440001786,-2367.285784405638,-2367.216177156147,-11.563214901155744,-0.8952403595412322,0.0
-0.5051257075199503,-2367.790910113158,-2367.721302863667,-11.49514336822146,-0.8925414336756305,0.0
-0.45568018953582085,-2368.246590302694,-2368.176983053203,-11.271473837971332,-0.8769281782935454,0.0
-0.4244854590144056,-2368.6710757617084,-2368.6014685122173,-11.050669583591114,-0.8645427455611309,0.0
-0.7955096110175915,-2369.466585372726,-2369.396978123235,-11.026737705370529,-0.8627907325248455,0.0
-0.7952965263359765,-2370.2618818990622,-2370.192274649571,-10.970002564278081,-0.8518797891955678,0.0
-0.8739543695999699,-2371.1358362686624,-2371.0662290191713,-10.930648073711167,-0.8453719493323705,0.0
-0.5328773191319274,-2371.668713587794,-2371.599106338303,-11.041929015346561,-0.8157850860324493,0.0
-0.44159276413439047,-2372.1103063519286,-2372.0406991024374,-11.012146196299788,-0.8147024830884501,0.0
-1.0111539052798604,-2373.1214602572086,-2373.0518530077175,-11.031256314252337,-0.8170783666754374,0.0
-0.12438380411992123,-2373.2458440613286,-2373.1762368118375,-10.68418389243226,-0.8047193947214838,0.0
-0.4606146488591789,-2373.7064587101877,-2373.6368514606966,-10.924739624045243,-0.8118615759604291,0.0
-0.9108818630784152,-2374.617340573266,-2374.547733323775,-10.944905392461868,-0.8136413116296792,0.0
-0.026927081999936042,-2374.644267655266,-2374.574660405775,-10.64261732825731,-0.8050305320290388,0.0
-0.7404116337599085,-2375.384679289026,-2375.3150720395347,-10.59228008162235,-0.800641087555437,0.0
-0.4536755879039551,-2375.8383548769298,-2375.7687476274386,-10.495700390880437,-0.7962136476431186,0.0
-1.0192572590087727,-2376.8576121359383,-2376.788004886447,-10.585255199985733,-0.8036851464561263,0.0
-0.9878859787199814,-2377.8454981146583,-2377.775890865167,-10.74971759074475,-0.8139319694353263,0.0
-0.6193539566240367,-2378.464852071282,-2378.395244821791,-10.64361170884612,-0.8011044921732475,0.0
-0.4417662814806731,-2378.906618352763,-2378.837011103272,-10.489235720907091,-0.7929128663788633,0.0
-0.5531960459519609,-2379.459814398715,-2379.390207149224,-10.446752912158086,-0.7907897241619033,0.0
-0.34383935733833343,-2379.8036537560533,-2379.734046506562,-10.22602043740051,-0.7785061106601919,0.0
-0.34851812951996863,-2380.1521718855734,-2380.082564636082,-10.466450618906574,-0.7853506139682088,0.0
-0.24593558579989405,-2380.3981074713734,-2380.328500221882,-10.249169258250305,-0.77657657157656,0.0
-0.7952354976000018,-2381.1933429689734,-2381.1237357194823,-10.292985317904439,-0.7794648481909608,0.0
-0.532717227187189,-2381.7260601961607,-2381.6564529466696,-10.167995455043203,-0.7703501247027051,0.0
-0.7026009103199613,-2382.428661106481,-2382.3590538569897,-12.359362098593369,-0.7211541096041459,0.0
-0.4952714343840362,-2382.923932540865,-2382.8543252913737,-12.241053954554898,-0.7163301113719869,0.0
-0.16770484504796834,-2383.0916373859127,-2383.0220301364216,-12.236016558993274,-0.6857248452279552,0.0
-1.4520246998399222,-2384.5436620857527,-2384.4740548362615,-12.030462064780982,-0.6950838512727571,0.0
-0.5979502493207718,-2385.141612335073,-2385.072005085582,-11.956383462104833,-0.6865863981974123,0.0
-1.987601523455985,-2387.129213858529,-2387.059606609038,-11.342724169441157,-0.6997502850921329,0.0
-0.2888232287615633,-2387.4180370872905,-2387.3484298377994,-11.073484623741981,-0.6873216700982122,0.0
-0.5917286458031915,-2388.009765733094,-2387.9401584836028,-11.11201945677323,-0.6711678134077188,0.0
-0.7789627654224054,-2388.7887284985163,-2388.719121249025,-11.15520123196054,-0.6741290301257027,0.0
-0.0955029176640238,-2388.8842314161802,-2388.814624166689,-11.402000468364557,-0.6373759372841049,0.0
-0.4043992986000142,-2389.28863071478,-2389.219023465289,-12.143313091515834,-0.607729674291609,0.0
-0.8453783073599148,-2390.13400902214,-2390.064401772649,-12.322390754564642,-0.6168829569453672,0.0
-0.8437175387519544,-2390.9777265608923,-2390.908119311401,-12.464225709199937,-0.6099806902854491,0.0
-1.2373419236255672,-2392.215068484518,-2392.1454612350267,-12.288422028621687,-0.617064108160201,0.0
-0.43942042003192716,-2392.65448890455,-2392.584881655059,-12.149037420679305,-0.6092961108648384,0.0
-1.0142059456111412,-2393.668694850161,-2393.59908760067,-12.36365616960316,-0.6233206490890638,0.0
-1.2731710471199205,-2394.941865897281,-2394.8722586477897,-12.504206324034,-0.6436068795034635,0.0
-0.04117423041592372,-2394.9830401276968,-2394.9134328782056,-12.22957918501844,-0.6393621380957826,0.0
-0.32518269071997186,-2395.3082228184167,-2395.2386155689255,-12.12386697147601,-0.636792280152103,0.0
-1.420555834631983,-2396.7287786530487,-2396.6591714035576,-11.875479552001147,-0.6455307777307275,0.0
-0.38182572489597133,-2397.1106043779446,-2397.0409971284535,-11.756568394690483,-0.6417859719134468,0.0
-0.287421519907195,-2397.3980258978518,-2397.3284186483606,-11.49386083770855,-0.6291358339987282,0.0
-0.27389354771998514,-2397.671919445572,-2397.6023121960807,-11.353718486324269,-0.6254481532896087,0.0
-5.624239634111975,-2403.296159079684,-2403.226551830193,-6.418344785565547,-0.7267913873689062,0.0
-1.4104660061655183,-2404.7066250858497,-2404.6370178363586,-6.580038324739998,-0.7484168136042163,0.0
-0.3492258466343041,-2405.055850932484,-2404.986243682993,-6.542550961202126,-0.7452988163865032,0.0
-0.45392900255999835,-2405.509779935044,-2405.440172685553,-6.542140930004353,-0.745263792646987,0.0
-0.0759315364079253,-2405.585711471452,-2405.516104221961,-6.446988214130784,-0.7382927141948572,0.0
-0.8783581052400313,-2406.464069576692,-2406.394462327201,-6.45986087206797,-0.739949684079306,0.0
-0.40445688427202847,-2406.868526460964,-2406.798919211473,-6.381274456731915,-0.732132891238027,0.0
-0.8997536153839715,-2407.7682800763478,-2407.6986728268566,-6.384998638579899,-0.7326488761537071,0.0
-0.896248945279937,-2408.664529021628,-2408.594921772137,-6.449880608392594,-0.7399163086766672,0.0
-2.3359712286240257,-2411.000500250252,-2410.930893000761,-6.546848546183321,-0.77780387796646,0.0
-0.2528436665879274,-2411.25334391684,-2411.183736667349,-6.40021042195771,-0.7626376731926213,0.0
-0.622580731379998,-2411.87592464822,-2411.806317398729,-6.519996967765672,-0.7726016117378228,0.0
-0.36109478471996287,-2412.23701943294,-2412.167412183449,-6.496559131495128,-0.7706112144550386,0.0
-0.011313663087950926,-2412.248333096028,-2412.178725846537,-6.2966775055323625,-0.7526198504552292,0.0
-0.07163970091194394,-2412.31997279694,-2412.250365547449,-6.309720763351448,-0.7535141028334693,0.0
-0.41731584191994137,-2412.73728863886,-2412.6676813893687,-6.245915446238677,-0.7470521869966702,0.0
-0.5615721149807276,-2413.2988607538405,-2413.2292535043493,-6.2685073233043545,-0.7492101175382055,0.0
-0.7133750903759398,-2414.0122358442163,-2413.942628594725,-6.223731047799463,-0.7430924741655489,0.0
-0.20569750679515064,-2414.2179333510117,-2414.1483261015205,-6.074274046946523,-0.7274487047270521,0.0
-0.21921469287355808,-2414.4371480438854,-2414.3675407943942,-5.987161561960123,-0.7194459194520426,0.0
-0.16830958463995183,-2414.6054576285255,-2414.5358503790344,-5.923205084417022,-0.7139767855152283,0.0
-0.7551883427040709,-2415.3606459712296,-2415.2910387217385,-5.9587682402261155,-0.7180166314502704,0.0
-0.5886080024039787,-2415.9492539736334,-2415.8796467241423,-6.009706297666803,-0.7229120043515833,0.0
1.2869746723246562,-2414.662279301309,-2414.5926720518178,-5.455120465214927,-0.690202148314691,0.02
-0.5673770683199746,-2415.229656369629,-2415.160049120138,-5.518657121264601,-0.6966309779650924,0.02
-1.1150953038687137,-2416.3447516734977,-2416.2751444240066,-5.557952054692596,-0.7030281740904667,0.02
-0.988514841599996,-2417.333266515098,-2417.2636592656067,-5.626621309473391,-0.7121441263787228,0.02
-0.7008679370398808,-2418.0341344521376,-2417.9645272026464,-5.626344936282328,-0.7121094669131213,0.02
-0.7133750903759398,-2418.7475095425134,-2418.6779022930223,-5.664202718430271,-0.7164715400329594,0.02
-0.6439554372383567,-2419.3914649797516,-2419.3218577302605,-5.761180138102311,-0.725996551876767,0.02
-0.826660599654351,-2420.2181255794058,-2420.1485183299146,-5.699726843718905,-0.7134892698730557,0.02
0.16617220275360273,-2420.0519533766524,-2419.9823461271612,-5.525089955108142,-0.6982068208315682,0.04
-1.6475908415999814,-2421.6995442182524,-2421.6299369687613,-5.524358586348497,-0.6914066071944481,0.04
-3.92528696639999,-2425.6248311846525,-2425.5552239351614,-5.4474795325278755,-0.7641358819472166,0.04
-0.8390721293198606,-2426.4639033139724,-2426.3942960644813,-5.484157758019652,-0.76908275161755,0.04
-1.1197372275934894,-2427.5836405415657,-2427.5140332920746,-5.525987735493567,-0.7758982408609717,0.04
-1.471319732966272,-2429.054960274532,-2428.9853530250407,-5.722958281163651,-0.8034145771670167,0.04
-0.14046970687678723,-2429.195429981409,-2429.1258227319177,-5.669334359414497,-0.798135985332552,0.04
0.1313292220576395,-2429.0641007593513,-2428.99449350986,-5.48414531842616,-0.778601834744201,0.06
-0.32080149539194536,-2429.3849022547433,-2429.315295005252,-5.399782957388406,-0.7681435138770009,0.06
-0.10602650559991733,-2429.490928760343,-2429.421321510852,-5.230777685780649,-0.7455172055164878,0.06
-0.7016979831839524,-2430.192626743527,-2430.123019494036,-5.272419835932336,-0.7507627567795283,0.06
-0.6573926831998705,-2430.8500194267267,-2430.7804121772356,-5.225563797339127,-0.7436264915313031,0.06
-0.7244228321200119,-2431.574442258847,-2431.5048350093557,-5.1630489361671295,-0.7326515272313049,0.06
-1.260853931491117,-2432.835296190338,-2432.7656889408468,-5.347122624949354,-0.7570451212528085,0.06
-1.519484986727998,-2434.354781177066,-2434.2851739275748,-5.4957848758678844,-0.7809311671729691,0.06
-2.436922381713395,-2436.7917035587793,-2436.722096309288,-5.513949364452996,-0.8012584981145975,0.06
-0.8525537736143606,-2437.644257332394,-2437.5746500829027,-5.5881510821606355,-0.8106730590889653,0.06
-0.6745385434320077,-2438.318795875826,-2438.2491886263347,-5.655417900153236,-0.8184153995594614,0.06
-1.2712023541614796,-2439.5899982299875,-2439.5203909804964,-5.799422215862451,-0.8383615756882912,0.06
-0.743541546719972,-2440.3335397767073,-2440.263932527216,-6.8929501493611,-0.7407476139404513,0.06
-1.7844951513599978,-2442.118034928067,-2442.048427678576,-6.886872707684074,-0.7482281968443409,0.06
-1.4627011745039142,-2443.580736102571,-2443.5111288530798,-7.052939758331169,-0.7704977034017331,0.06
-0.8092784113223281,-2444.390014513893,-2444.320407264402,-7.1301022102491345,-0.7776046915769796,0.06
-0.10172183865597201,-2444.491736352549,-2444.422129103058,-7.139099610622416,-0.7781204976219407,0.06
-0.4934072759975807,-2444.9851436285467,-2444.9155363790555,-7.060378558935058,-0.7704214810370916,0.06
-0.8853629664000322,-2445.8705065949466,-2445.8008993454555,-7.163620099249742,-0.7800396026796517,0.06
-1.1050208378639979,-2446.9755274328104,-2446.9059201833193,-7.190361558756828,-0.7841449471292522,0.06
-1.0754964639999616,-2448.0510238968104,-2447.9814166473193,-7.2145436426244185,-0.7877298975036527,0.06
-0.9221727308832606,-2448.9731966276936,-2448.9035893782025,-7.256269332169055,-0.7594539275488374,0.06
-0.7016979831839524,-2449.6748946108773,-2449.605287361386,-7.376784513491024,-0.768431013880758,0.06
-1.148536866263934,-2450.823431477141,-2450.75382422765,-7.461599998970353,-0.7789501365784366,0.06
-1.2032582828638563,-2452.026689760005,-2451.957082510514,-7.624166903533251,-0.7957934065413145,0.06
-0.8225217875679464,-2452.849211547573,-2452.7796042980817,-7.8708511900210745,-0.8120175690309144,0.06
-0.26675934983999544,-2453.115970897413,-2453.0463636479217,-7.946336467825702,-0.8159199620094755,0.06
-0.3916219420800087,-2453.5075928394926,-2453.4379855900015,-7.938150427253046,-0.8154060840126768,0.06
-0.6771386526487688,-2454.1847314921415,-2454.1151242426504,-7.967538491845079,-0.8177174147660375,0.06
-0.8018312214431722,-2454.9865627135846,-2454.9169554640935,-7.986412792171236,-0.8194865373873822,0.06
-0.7325609767728418,-2455.7191236903573,-2455.649516440866,-8.147307334025827,-0.8300238067869361,0.06
-1.274231865816072,-2456.9933555561734,-2456.9237483066822,-8.386486875950283,-0.8511241502457864,0.06
-0.8682376382327457,-2457.861593194406,-2457.791985944915,-8.604276925986614,-0.8651227113176422,0.06
-1.341959822399998,-2459.203553016806,-2459.133945767315,-8.685259193536023,-0.8768581409115608,0.06
-1.035547064351844,-2460.2391000811576,-2460.1694928316665,-8.784473761571821,-0.8857969221505181,0.06
-1.1925482653950055,-2461.4316483465527,-2461.3620410970616,-10.286991518814153,-0.9353873809049112,0.04
-0.5343912690480428,-2461.966039615601,-2461.89643236611,-10.273439865472488,-0.9347276649194727,0.04
-1.0761869663271961,-2463.042226581928,-2462.972619332437,-10.268001438387389,-0.9339494981686424,0.04
-0.6564545258399535,-2463.6986811077677,-2463.6290738582766,-10.177332077071002,-0.9273082918534414,0.04
-0.7838804698669417,-2464.4825615776344,-2464.4129543281433,-10.2031372375215,-0.9289685425099826,0.04
-0.7012182718151324,-2465.1837798494494,-2465.1141725999582,-10.19914137990032,-0.9287254061387665,0.04
-0.9219365044319415,-2466.1057163538812,-2466.03610910439,-10.28069780680979,-0.9342850274826382,0.04
-1.0912072020479742,-2467.196923555929,-2467.127316306438,-10.33600463350306,-0.9395759595305107,0.04
-1.4578500456239143,-2468.654773601553,-2468.585166352062,-10.963818173203604,-0.9720564044980611,0.02
-1.062275025279949,-2469.7170486268333,-2469.647441377342,-10.959415518682011,-0.9603500881716603,0.02
-0.9494906330232158,-2470.6665392598566,-2470.5969320103654,-14.083263151656258,-0.9008341615041249,0.02
-1.5255944958407537,-2472.1921337556973,-2472.122526506206,-14.041441794712883,-0.9145646088345428,0.02
-1.1861685519263896,-2473.378302307624,-2473.308695058133,-14.040948678739598,-0.9158932353212008,0.02
-2.9024795180159124,-2476.2807818256397,-2476.2111745761486,-12.517237698338105,-0.9445164310221936,0.02
-1.759544044799846,-2478.0403258704396,-2477.9707186209484,-12.962160159826528,-0.9768979177806548,0.02
-0.8960684572799582,-2478.9363943277194,-2478.8667870782283,-13.854964943115595,-0.9974458713674068,0.0
-1.1234581712423597,-2480.059852498962,-2479.9902452494707,-14.33175251765977,-1.013499004884415,0.0
-1.3376031965277924,-2481.3974556954895,-2481.3278484459984,-15.140468799476068,-1.0381305387029724,0.0
-3.203838027622219,-2484.6012937231117,-2484.5316864736205,-13.515716188400184,-1.088173339591738,0.0
1.032863868890987,-2483.5684298542205,-2483.4988226047294,-11.65451976812867,-1.0543682085499206,0.02
-0.5871955941600073,-2484.1556254483808,-2484.0860181988896,-11.593341635446057,-1.0516236637907206,0.02
-0.7803931936319493,-2484.9360186420126,-2484.8664113925215,-11.480385374358395,-1.0420144490335372,0.02
-1.649986009463915,-2486.5860046514767,-2486.5163974019856,-11.469859979550773,-1.0446244694882556,0.02
-0.7434023327999004,-2487.329406984277,-2487.2597997347857,-11.645807871772666,-1.0107540685099856,0.02
-0.4674679833455818,-2487.7968749676224,-2487.7272677181313,-11.475951524403648,-1.00305235270461,0.02
-2.645646290015859,-2490.4425212576384,-2490.3729140081473,-11.21226818200175,-1.0424745076362871,0.02
0.08823761440012878,-2490.3542836432384,-2490.2846763937473,-10.631250273434722,-1.015285708265055,0.04
-0.34058611968003566,-2490.6948697629186,-2490.6252625134275,-10.460480029355722,-1.0072265997242562,0.04
-0.9275949910751982,-2491.622464753994,-2491.5528575045028,-10.421103048837839,-0.9900885965185603,0.04
-0.7523939977918952,-2492.3748587517857,-2492.3052515022946,-10.31208824173751,-0.9758824529843199,0.04
-1.5907012228607853,-2493.9655599746466,-2493.8959527251554,-10.399025427939298,-0.991510909215089,0.04
-0.5088478076927918,-2494.4744077823393,-2494.404800532848,-10.616526272417092,-0.9996534285958255,0.04
-1.4842739867999875,-2495.9586817691393,-2495.889074519648,-10.83703369107632,-1.0194707628118735,0.04
-1.447327525228759,-2497.4060092943682,-2497.336402044877,-10.917407177002437,-1.030710053988448,0.04
-1.8086899094398805,-2499.2146992038083,-2499.145091954317,-10.922855315842616,-1.0447834354199659,0.04
-1.0959128654237351,-2500.310612069232,-2500.2410048197407,-10.926727130183941,-1.0451917634484413,0.04
-1.6502311055998726,-2501.9608431748316,-2501.8912359253404,-10.997443187941002,-1.0597529309427736,0.04
-1.3507302169998994,-2503.3115733918316,-2503.2419661423405,-11.144627246182639,-1.0727335756190923,0.04
-1.1842260676079048,-2504.4957994594397,-2504.4261922099486,-11.150440074966928,-1.0734473596459717,0.04
-0.6585133026383558,-2505.154312762078,-2505.084705512587,-11.001859269915338,-1.0625524600414618,0.04
-0.8101943870400741,-2505.964507149118,-2505.894899899627,-10.997875914033296,-1.0623059120309044,0.04
-1.0987052171584302,-2507.0632123662767,-2506.9936051167856,-11.327959896530622,-1.078944829377273,0.04
-1.3547271584399336,-2508.4179395247165,-2508.3483322752254,-11.637133093416036,-1.0982069337044715,0.04
-1.1027212300799456,-2509.5206607547966,-2509.4510535053055,-11.77526125519967,-1.1067185852530952,0.04
-0.7351210247518989,-2510.2557817795487,-2510.1861745300575,-11.74909067545521,-1.1053843813192696,0.04
-1.2352484696184152,-2511.491030249167,-2511.421422999676,-11.890170544051132,-1.115438131176181,0.04
-0.5800347563040033,-2512.071065005471,-2512.00145775598,-11.675550892740784,-1.1015541889859397,0.04
-1.1256551367999084,-2513.1967201422713,-2513.12711289278,-11.744689566476476,-1.1067025389572829,0.04
-1.200097269951908,-2514.3968174122233,-2514.327210162732,-11.727007863320134,-1.103865287908321,0.04
-0.2617332078591612,-2514.6585506200827,-2514.5889433705916,-11.385976638203761,-1.0883890107784675,0.04
-1.2487677595847968,-2515.9073183796677,-2515.8377111301766,-11.394046607521258,-1.0895134006622633,0.04
-0.3391947984238323,-2516.2465131780914,-2516.1769059286003,-11.290649573291303,-1.0856094712497792,0.04
-0.3934508457599263,-2516.6399640238515,-2516.5703567743603,-11.037058410262581,-1.0719547488384338,0.04
2.825146574600107,-2513.814817449251,-2513.74521019976,-8.0922385363134,-1.0023227268296324,0.06
-0.339763039104001,-2514.1545804883554,-2514.084973238864,-7.980333613420224,-0.9934403782143737,0.06
-0.6390350971199649,-2514.7936155854754,-2514.7240083359843,-7.966218276320652,-0.9921967147204702,0.06
0.05148398639999485,-2514.7421315990755,-2514.6725243495844,-7.7047967788073715,-0.9727283049038316,0.08
-0.7248602747232107,-2515.4669918737986,-2515.3973846243075,-7.64247446854551,-0.9654013663573363,0.08
-1.214836351488026,-2516.6818282252866,-2516.6122209757955,-7.621353216031535,-0.9605410924746185,0.08
-0.5497395692398789,-2517.2315677945267,-2517.1619605450355,-7.5255215492237815,-0.9502903833538173,0.08
-0.37572953668792486,-2517.607297331215,-2517.5376900817237,-7.404659772900802,-0.9388151614271113,0.08
-0.28891468510077895,-2517.8962120163155,-2517.8266047668244,-7.2053254382708465,-0.9140815652123118,0.08
-0.6488100259199212,-2518.5450220422354,-2518.4754147927442,-7.121445201246628,-0.9033343946921825,0.08
-0.40549547716798395,-2518.9505175194035,-2518.8809102699124,-7.0771069975806,-0.8533947138752239,0.08
-0.49704309071997743,-2519.4475606101237,-2519.3779533606325,-6.93733471996922,-0.8281446947936266,0.08
-0.20590274879984372,-2519.6534633589235,-2519.5838561094324,-6.786267469609069,-0.8143413806240243,0.08
-0.8373373695280717,-2520.4908007284516,-2520.4211934789605,-6.747645240502574,-0.8086189645897386,0.08
-0.7083549174240105,-2521.1991556458756,-2521.1295483963845,-6.668467072351746,-0.7960339990076629,0.08
-1.0179878686080217,-2522.2171435144837,-2522.1475362649926,-6.892901600077041,-0.7523169958273789,0.08
-1.8876568771199844,-2524.104800391604,-2524.035193142113,-7.7002995413404465,-0.8107274107475984,0.06
-1.0520077681847897,-2525.156808159789,-2525.0872009102977,-7.788043355845482,-0.8200236542280939,0.06
-0.940257926975989,-2526.0970660867647,-2526.0274588372736,-7.816664384153528,-0.8232209488949747,0.06
-0.5343808179071925,-2526.631446904672,-2526.561839655181,-7.69198852732891,-0.8009088450638404,0.06
-0.9664737346270821,-2527.597920639299,-2527.528313389808,-7.731541036651463,-0.805370273100384,0.06
-1.220038539363159,-2528.817959178662,-2528.748351929171,-7.8693005918137535,-0.8204216842207355,0.06
-0.4271987865599902,-2529.245157965222,-2529.175550715731,-7.937435884654872,-0.7760527341516181,0.06
-0.6740907993959854,-2529.919248764618,-2529.8496415151267,-8.223130047066293,-0.7912993024275404,0.04
-0.25679706589675766,-2530.1760458305143,-2530.106438581023,-8.19114875610751,-0.7896235213518747,0.04
-0.5077057192199389,-2530.683751549734,-2530.614144300243,-8.094125820847573,-0.7812257359147696,0.04
-0.3358823596800261,-2531.019633909414,-2530.950026659923,-7.974666963334292,-0.7728955031525324,0.04
-0.44247165601910765,-2531.4621055654334,-2531.3924983159422,-7.836108520459195,-0.7499309118156988,0.04
-0.06275559220796553,-2531.524861157641,-2531.45525390815,-7.674459968593361,-0.7410090675060022,0.04
-0.3522376716191875,-2531.8770988292604,-2531.8074915797692,-7.50906650755137,-0.7183683412023862,0.04
-0.34489192680000647,-2532.22199075606,-2532.152383506569,-7.345710066313276,-0.6963196292338112,0.04
-0.4919291519998914,-2532.7139199080602,-2532.644312658569,-7.269761473950994,-0.6699844140850114,0.04
-0.23180256579835926,-2532.9457224738585,-2532.8761152243674,-7.082963222554208,-0.6527022080925038,0.04
-0.649666240127942,-2533.5953887139863,-2533.525781464495,-7.036078897551074,-0.6326909107830653,0.04
-0.33906415399200696,-2533.934452867978,-2533.864845618487,-6.888138838096395,-0.6124575895229074,0.04
-0.8225440185599613,-2534.756996886538,-2534.687389637047,-6.856467493901903,-0.6052239485419485,0.04
-0.13641412053359675,-2534.893411007072,-2534.8238037575807,-6.701888338063329,-0.5947819648998534,0.04
-0.7482256630847115,-2535.6416366701565,-2535.5720294206653,-6.6918215226696285,-0.5935425904207461,0.04
-0.7110138482663128,-2536.3526505184227,-2536.2830432689316,-6.645822245194316,-0.5857887630429037,0.04
-0.1869058261919606,-2536.5395563446145,-2536.4699490951234,-6.45767264875324,-0.5624323363979442,0.04
-0.35768961167995483,-2536.8972459562947,-2536.8276387068036,-6.3303169141159055,-0.5475317040299444,0.04
-1.299380186687936,-2538.1966261429825,-2538.1270188934914,-6.372189833007425,-0.5588168872686652,0.04
-0.6288050301263504,-2538.825431173109,-2538.7558239236178,-6.309826113497534,-0.5466880184788239,0.04
-0.5488206657599503,-2539.374251838869,-2539.304644589378,-6.302809953238633,-0.5460637366679428,0.04
-0.22015912596478587,-2539.594410964834,-2539.524803715343,-6.134138295028316,-0.5279538164512405,0.04
3.461421931992141,-2536.132989032842,-2536.063381783351,-3.7527478408861414,-0.4347234324123594,0.06
-0.31949966853592887,-2536.452488701378,-2536.382881451887,-3.7636589822185256,-0.4358787616258948,0.06
-0.5273466135199226,-2536.979835314898,-2536.910228065407,-3.6755845601990194,-0.42145033870459725,0.06
-0.9569123179199177,-2537.936747632818,-2537.867140383327,-3.7677541585614236,-0.43380468909451897,0.06
-1.1135683187663559,-2539.0503159515843,-2538.980708702093,-3.8666761690741187,-0.44820703855464755,0.06
-0.41388600991673685,-2539.464201961501,-2539.39459471201,-5.387359307785524,-0.5129876902449845,0.04
-0.0398238240959265,-2539.504025785597,-2539.434418536106,-5.301944227494884,-0.506988905944823,0.04
-0.31961631704635446,-2539.8236421026436,-2539.7540348531525,-5.233347410368176,-0.5006005303433507,0.04
-0.4358556626239812,-2540.2594977652675,-2540.1898905157764,-5.371211787854554,-0.5103473233238303,0.02
0.019601443416020214,-2540.2398963218516,-2540.1702890723604,-5.1888518371903105,-0.49545808896104565,0.04
-0.6747030852767897,-2540.914599407128,-2540.844992157637,-5.131309515146969,-0.48465542363682096,0.04
-0.7710502618272015,-2541.685649668955,-2541.616042419464,-5.169278698347884,-0.4890816374885674,0.04
-0.7707138260640282,-2542.456363495019,-2542.386756245528,-5.2453546304802305,-0.4969813232760895,0.04
-0.6467362185600354,-2543.103099713579,-2543.033492464088,-5.323665881698311,-0.5041377539452746,0.04
-0.015717096192025326,-2543.118816809771,-2543.04920956028,-5.165864232073316,-0.4914758953507167,0.04
-0.3254238857447689,-2543.444240695516,-2543.3746334460247,-5.146751812489441,-0.4898744635222524,0.04
-1.1663608266262306,-2544.610601522142,-2544.540994272651,-5.235791722653878,-0.5032608182403775,0.04
-0.6740335180487071,-2545.284635040191,-2545.2150277907,-5.340560543519173,-0.5126234336253548,0.04
-0.6581847623999553,-2545.9428198025907,-2545.8732125530996,-5.313031857273519,-0.5090403814827924,0.04
-0.3005874299999683,-2546.243407232591,-2546.1737999831,-5.227865970708319,-0.5008850317343115,0.04
-1.1643772201599831,-2547.407784452751,-2547.33817720326,-5.238783562654948,-0.5038128187653508,0.04
0.80618461094216,-2546.601599841809,-2546.5319925923177,-4.713761178175649,-0.44993598900410786,0.06
-0.733022089343994,-2547.334621931153,-2547.265014681662,-4.676208008129747,-0.4435562754272919,0.06
-0.2579958064079906,-2547.592617737561,-2547.5230104880698,-4.5548439435084,-0.429911033015932,0.06
-0.8017444882831761,-2548.394362225844,-2548.324754976353,-4.598516528809587,-0.4352583064234517,0.06
-0.3755111952383722,-2548.769873421082,-2548.700266171591,-4.502444743565813,-0.42343905563567746,0.06
-0.5218408186991303,-2549.2917142397814,-2549.2221069902903,-4.417825530183586,-0.40947510122239694,0.06
-1.0836453431135356,-2550.375359582895,-2550.3057523334037,-4.512900811807276,-0.4226040323534678,0.06
-4.1397519940606635,-2554.5151115769554,-2554.4455043274643,-4.131774230950414,-0.49191725624676136,0.06
-0.0367038436319613,-2554.5518154205874,-2554.4822081710963,-4.086106830776511,-0.4875153918014654,0.06
-0.7281176044799705,-2555.2799330250673,-2555.210325775576,-4.119784792871325,-0.49192362950666607,0.06
-0.36058713395997904,-2555.6405201590273,-2555.570912909536,-4.124334237699729,-0.4924177249922652,0.06
-0.49328374919993867,-2556.1338039082275,-2556.0641966587364,-4.132993566195005,-0.49343396685588176,0.06
-1.100443003655903,-2557.2342469118835,-2557.1646396623923,-4.297103623232716,-0.5141877150848405,0.06
-0.32728953806637123,-2557.56153644995,-2557.491929200459,-4.292412722085224,-0.5136887524137842,0.06
-0.6099629661839325,-2558.171499416134,-2558.1018921666428,-4.337961546443071,-0.5189901732014627,0.06
-0.06253164976074993,-2558.2340310658947,-2558.1644238164035,-4.254074556944014,-0.5104022231566799,0.06
-0.08633513433602574,-2558.3203662002306,-2558.2507589507395,-4.2238564650642285,-0.5074928745274332,0.06
-0.2870145994895555,-2558.60738079972,-2558.537773550229,-4.162004048808956,-0.5002398417146654,0.06
-0.6740335180487071,-2559.281414317769,-2559.2118070682777,-4.2176273040150996,-0.5069392289957996,0.06
3.6254665646400275,-2555.6559477531287,-2555.5863405036375,-2.8788840829028066,-0.4179790173317997,0.08
-0.7487650520062736,-2556.4047128051347,-2556.3351055556436,-2.962600647128838,-0.4302260359612532,0.08
-0.8509251699200283,-2557.255637975055,-2557.186030725564,-2.9746112729166394,-0.43228002609795957,0.08
-0.4151382956447163,-2557.6707762706997,-2557.6011690212085,-2.936093228695586,-0.4263625150455277,0.08
1.2052095581632265,-2556.4655667125367,-2556.3959594630455,-2.679915966430805,-0.398520207358424,0.1
-0.5174371070399528,-2556.9830038195764,-2556.9133965700853,-2.701108691907455,-0.4017151572656239,0.1
-0.7851061866239383,-2557.7681100062005,-2557.6985027567093,-2.647898413161191,-0.3914296772643439,0.1
-0.6224890214927774,-2558.390599027693,-2558.320991778202,-2.647115595950504,-0.3913033570916724,0.1
-0.0036185631598643075,-2558.394217590853,-2558.3246103413617,-2.5705401989990713,-0.3803993150396707,0.1
-0.6690764505599389,-2559.0632940414125,-2558.9936867919214,-2.629923467013385,-0.38937766153157377,0.1
-1.1038740105600668,-2560.1671680519726,-2560.0975608024814,-3.796961641304433,-0.48068358038261794,0.08
-0.9444092590078389,-2561.1115773109805,-2561.0419700614893,-3.8869042675890584,-0.49318177219205617,0.08
-0.729288921599933,-2561.8408662325805,-2561.7712589830894,-3.9161208361098088,-0.4972206183536564,0.08
-0.5015579907839736,-2562.3424242233646,-2562.2728169738734,-3.854710202042317,-0.48811353181093753,0.08
-0.3812651889478692,-2562.7236894123125,-2562.6540821628214,-3.7573940202954623,-0.4734674692145678,0.08
-0.5218408186991303,-2563.245530231012,-2563.1759229815207,-3.7745970166238054,-0.4756265653902156,0.08
0.8738016162241079,-2562.3717286147876,-2562.3021213652964,-3.55795716884036,-0.4573540565838149,0.1
-1.0816992819599958,-2563.4534278967476,-2563.3838206472565,-3.66064676445119,-0.4725957158820877,0.1
-1.9632587666439112,-2565.4166866633914,-2565.3470794139002,-3.799408557031052,-0.5031437779624863,0.1
-0.2453782481279569,-2565.6620649115193,-2565.592457662028,-3.848577660563947,-0.5084433717933659,0.08
-1.039305618181421,-2566.701370529701,-2566.6317632802097,-3.8925710204205997,-0.5157354224514585,0.08
-0.9682543528680125,-2567.6696248825688,-2567.6000176330776,-3.9161509109532204,-0.5196795042722747,0.08
-1.8444725029960094,-2569.5140973855646,-2569.4444901360735,-4.002812219741753,-0.5411546778109143,0.08
1.8732996120300185,-2567.6407977735344,-2567.5711905240432,-3.4230782591294298,-0.4907539611991133,0.1
-1.5440268885385091,-2569.184824662073,-2569.115217412582,-3.6070229422614726,-0.521320157046043,0.1
-1.4552695846847856,-2570.6400942467576,-2570.5704869972665,-3.734578062913521,-0.5439170710248432,0.1
4.222783514104092,-2566.4173107326537,-2566.3477034831626,-2.52166878284563,-0.4361341842102368,0.12
-1.054391503795227,-2567.471702236449,-2567.4020949869578,-2.5601337316186554,-0.44374134392516723,0.12
-0.38572239843989486,-2567.857424634889,-2567.787817385398,-2.5294374819104326,-0.438292096645966,0.12
-1.7242428739198927,-2569.581667508809,-2569.512060259318,-2.665601856151436,-0.4667652055243645,0.12
-1.6778158655999102,-2571.259483374409,-2571.1898761249176,-2.7070883158710073,-0.47703397843316303,0.12
-1.823035818206207,-2573.082519192615,-2573.012911943124,-3.0049771291307996,-0.5296183870161304,0.1
-0.5781225759118928,-2573.660641768527,-2573.591034519036,-2.9881596421188754,-0.5265203967474883,0.1
-5.207024320799959,-2578.867666089327,-2578.798058839836,-3.1438446780016966,-0.6255009670353278,0.1
-0.5853194398999805,-2579.452985529227,-2579.383378279736,-3.1225684880800646,-0.6211724660676637,0.1
-1.7037370655039643,-2581.156722594731,-2581.08711534524,-3.23853677875425,-0.6477369834729757,0.1
0.47384367973594604,-2580.682878914995,-2580.613271665504,-3.119965394583514,-0.6278232935042741,0.12
-1.1721926508542595,-2581.8550715658494,-2581.7854643163582,-3.12740079136077,-0.6295942396590886,0.12
-0.5180419675199652,-2582.373113533369,-2582.303506283878,-2.9571197332176635,-0.5571600391282747,0.12
-0.6961246723583747,-2583.0692382057277,-2582.9996309562366,-3.031565458935243,-0.5703484557028029,0.12
-0.32657284747198084,-2583.3958110532,-2583.3262038037087,-2.988350299394665,-0.5623175605626431,0.12
-0.3534306012480099,-2583.749241654448,-2583.6796344049567,-2.9875400824325022,-0.5621744299084037,0.12
-0.44360059147992514,-2584.1928422459277,-2584.1232349964366,-2.9821034559500577,-0.5611807667540035,0.12
-0.06759475117674815,-2584.2604369971045,-2584.1908297476134,-2.8734448032269913,-0.5405238017044204,0.12
-5.214417059999931,-2589.4748540571045,-2589.4052468076134,-3.0457852593858465,-0.6382663521430917,0.12
-0.7514694487991563,-2590.2263235059036,-2590.1567162564124,-3.0591287449102866,-0.641096481795396,0.12
-0.9273116116927043,-2591.1536351175964,-2591.0840278681053,-3.145496372553466,-0.6583920810340352,0.12
1.3279363881040371,-2589.825698729492,-2589.756091480001,-2.962361284531569,-0.630106650585234,0.14
-1.0062190118399172,-2590.8319177413323,-2590.762310491841,-3.0298066213702395,-0.6444907388322412,0.14
-0.3431187695486789,-2591.175036510881,-2591.10542926139,-2.997530890459648,-0.6378724438622405,0.14
-0.6136506090719863,-2591.788687119953,-2591.719079870462,-3.7135185381296534,-0.7226547873364809,0.12
-0.9362590595567122,-2592.7249461795095,-2592.6553389300184,-3.731916235101058,-0.7264046674874897,0.12
-0.7990623848640043,-2593.5240085643736,-2593.4544013148825,-3.726789560864351,-0.7253674117863692,0.12
-0.32214518879992216,-2593.8461537531734,-2593.7765465036823,-3.715936020467545,-0.7235075496494733,0.12
-0.9819607462558622,-2594.8281144994294,-2594.7585072499382,-4.020929282949787,-0.7672509557378551,0.1
-0.7290546581759699,-2595.557169157605,-2595.487561908114,-4.044483917857054,-0.7714833067605754,0.1
-0.6900962898863672,-2596.2472654474914,-2596.1776581980002,-4.034383404815652,-0.7695831088258239,0.1
-1.7888047430398701,-2598.036070190531,-2597.96646294104,-4.134232524991422,-0.7929094232567658,0.1
-0.6807669714599826,-2598.716837161991,-2598.6472299125,-4.21908258379962,-0.8064523914227683,0.1
-3.1698138431999983,-2601.8866510051907,-2601.8170437556996,-4.352955899431208,-0.8564671392755693,0.1
-1.0062190118399172,-2602.892870017031,-2602.8232627675397,-4.343904118772497,-0.8545140393011663,0.1
-0.5258828865248056,-2603.4187529035557,-2603.3491456540646,-4.299210949286846,-0.8461435118515057,0.1
-2.5964535074400334,-2606.0152064109957,-2605.9455991615046,-4.42143143046582,-0.8834868035683077,0.1
-0.6207462410399684,-2606.6359526520355,-2606.5663454025444,-4.435074658539035,-0.8858705685734276,0.1
-0.9401531663999356,-2607.5761058184353,-2607.506498568944,-4.496853711847308,-0.897048328122469,0.1
-0.7687889079239475,-2608.344894726359,-2608.275287476868,-4.524468313109929,-0.9019872899069654,0.1
-0.16948178413585113,-2608.514376510495,-2608.444769261004,-4.691851896906005,-0.9228529579141644,0.08
-0.6688187027424004,-2609.1831952132375,-2609.1135879637463,-4.649007075900835,-0.9145953463298124,0.08
-0.0059457483358977825,-2609.1891409615732,-2609.119533712082,-4.458107633885142,-0.8754490859636522,0.08
-0.5985884894304122,-2609.7877294510035,-2609.7181222015124,-4.501624778461959,-0.8825132907897013,0.08
-1.3109016560638511,-2611.0986311070674,-2611.0290238575762,-4.525625818164592,-0.8879452115473501,0.08
-0.5284392231040296,-2611.6270703301716,-2611.5574630806805,-4.478027395183373,-0.8791489089520703,0.08
-0.8512724102399339,-2612.4783427404113,-2612.40873549092,-4.398603212470474,-0.8592849070969487,0.08
-0.814006807300766,-2613.292349547712,-2613.222742298221,-4.87205008921736,-0.9130310354835646,0.06
0.5707847306471223,-2612.721564817065,-2612.651957567574,-4.601649784757548,-0.8707348030998519,0.08
-0.181302646559985,-2612.902867463625,-2612.833260214134,-4.464474474623804,-0.8452554643373559,0.08
-0.7059111223295771,-2613.608778585955,-2613.539171336464,-5.9238643308247365,-0.9438293570660292,0.06
-0.4679014281816421,-2614.0766800141364,-2614.0070727646453,-5.840706901580564,-0.9320995555537576,0.06
-0.8532223660479883,-2614.9299023801846,-2614.8602951306934,-5.913088182223811,-0.9414495549059194,0.06
-0.3477127413759664,-2615.2776151215603,-2615.208007872069,-5.75372317615651,-0.9139189522550408,0.06
-0.8670427385920119,-2616.144657860152,-2616.075050610661,-5.6784594991114075,-0.8977034897148829,0.06
-1.7239530766479958,-2617.8686109368,-2617.799003687309,-5.673818922685216,-0.8957218348837188,0.06
-1.082414753760006,-2618.95102569056,-2618.881418441069,-5.740982813041864,-0.9058076784406811,0.06
-0.5849611521599146,-2619.53598684272,-2619.466379593229,-6.172439633300161,-0.8133664150678801,0.06
-0.8280207110015736,-2620.3640075537214,-2620.2944003042303,-6.213067311656078,-0.8182204404899118,0.06
-0.29271010487038684,-2620.656717658592,-2620.5871104091007,-6.037035924130255,-0.7899999012772403,0.06
-0.837353671480739,-2621.4940713300725,-2621.4244640805814,-6.359639266200767,-0.8162238483015741,0.04
-0.3330091967999014,-2621.8270805268726,-2621.7574732773815,-6.2218698668835115,-0.7994401792204868,0.04
-0.034669849199960745,-2621.8617503760725,-2621.7921431265813,-6.109659674991242,-0.7897727368540868,0.04
-0.9389082610159671,-2622.8006586370884,-2622.7310513875973,-6.1463187715472225,-0.7946284086272386,0.04
-0.849188968319704,-2623.649847605408,-2623.580240355917,-6.243740551921912,-0.8050807310441932,0.04
-0.6726399257599975,-2624.322487531168,-2624.252880281677,-6.307570311222858,-0.8114649175344328,0.04
-0.2305695599999794,-2624.553057091168,-2624.4834498416767,-6.259251843788067,-0.807204296904834,0.04
-0.22672672829196377,-2624.7797838194597,-2624.7101765699686,-6.299904225533727,-0.8103869364471383,0.04
-0.7203808217759408,-2625.5001646412356,-2625.4305573917445,-7.755727333594111,-0.7205062116826585,0.04
-1.5759253914879663,-2627.0760900327236,-2627.0064827832325,-7.804568582791912,-0.7369953305364347,0.04
-2.415632181759851,-2629.4917222144836,-2629.4221149649925,-7.662950300814254,-0.7667617419377776,0.04
-1.1179956136608755,-2630.6097178281443,-2630.540110578653,-8.975686896053805,-0.815680381973076,0.02
-2.557133663739128,-2633.1668514918833,-2633.097244242392,-8.715493752696549,-0.8466986750110601,0.02
-0.5993940804047004,-2633.766245572288,-2633.696638322797,-8.80447648761937,-0.8518241812281805,0.02
-0.6913387829038664,-2634.457584355192,-2634.387977105701,-8.826401806846267,-0.8533779447048181,0.02
-0.6980952943999706,-2635.155679649592,-2635.086072400101,-8.774112224559955,-0.8486146694016833,0.02
-1.4262084808880622,-2636.58188813048,-2636.512280880989,-8.842884394228655,-0.8611575913221645,0.02
-1.7558079922471759,-2638.3376961227273,-2638.268088873236,-9.048308989719294,-0.8898308473911095,0.02
-0.9120527961598639,-2639.2497489188872,-2639.180141669396,-9.035603845979187,-0.8884326883891895,0.02
-1.450475341919899,-2640.7002242608073,-2640.630617011316,-9.129600050079087,-0.9028611020640682,0.02
-0.42134951370395235,-2641.1215737745115,-2641.0519665250204,-9.041083600925795,-0.8974861665404198,0.02
-1.2748255570679952,-2642.3963993315797,-2642.3267920820886,-9.059211527853693,-0.8872065828209823,0.02
-0.4913172633599771,-2642.88771659494,-2642.8181093454486,-8.999268228747585,-0.8834175886589822,0.02
-1.8992532083199065,-2644.7869698032596,-2644.7173625537685,-9.625782716132308,-0.8580063759613804,0.02
-1.02837517753687,-2645.8153449807965,-2645.7457377313053,-9.629045669915435,-0.8584494992753195,0.02
-1.2133870378320064,-2647.0287320186285,-2646.9591247691374,-9.781818685638395,-0.8721995823014637,0.02
-1.1889300621263779,-2648.217662080755,-2648.148054831264,-10.24651227061727,-0.8440491133951903,0.02
-1.533103759903969,-2649.750765840659,-2649.681158591168,-10.34428462397653,-0.8622962637724703,0.02
-1.9432113019871204,-2651.693977142646,-2651.624369893155,-10.253239182669047,-0.8823574264842141,0.02
-3.4007678853115584,-2655.0947450279577,-2655.0251377784666,-9.405583930990968,-0.9349970060319663,0.02
-0.2638111372415842,-2655.3585561651994,-2655.2889489157083,-9.450552783072327,-0.936883593094081,0.02
-0.9530293574063251,-2656.3115855226056,-2656.2419782731145,-9.522088504060111,-0.9425678061873595,0.02
-0.7776088398687151,-2657.0891943624742,-2657.019587112983,-9.852900432572909,-0.9580010680180159,0.02
-1.559815424431994,-2658.6490097869064,-2658.5794025374153,-10.005316516328408,-0.9772256067180475,0.02
-0.7445726898239251,-2659.3935824767304,-2659.3239752272393,-9.902567874128662,-0.9658990273932488,0.02
3.9184854884866365,-2655.475096988244,-2655.4054897387527,-6.392112751324437,-0.8769605331614355,0.04
-0.6911513542079275,-2656.1662483424516,-2656.0966410929605,-6.366514643775706,-0.8737581120407956,0.04
-0.38447516448007624,-2656.5507235069317,-2656.4811162574406,-6.288438994704301,-0.8651674791843815,0.04
-1.097805774623901,-2657.6485292815555,-2657.5789220320644,-6.678232006413227,-0.8985392892898022,0.02
-0.729419050799897,-2658.3779483323556,-2658.3083410828644,-6.796740129040382,-0.9095016173746003,0.02
-3.7551166421759428,-2662.1330649745314,-2662.0634577250403,-6.688340017016557,-0.9704857277715278,0.02
-1.337991361599939,-2663.4710563361314,-2663.4014490866402,-6.816865346616317,-0.9878875264398935,0.02
-1.0637712444718725,-2664.534827580603,-2664.465220331112,-6.846787821736445,-0.9920985040083713,0.02
-1.0315796819200094,-2665.566407262523,-2665.496800013032,-6.9693199451843295,-1.0057758428192523,0.02
-0.8681735407104353,-2666.4345808032335,-2666.3649735537424,-6.969497574014484,-1.0057984588616207,0.02
-0.0787618758239168,-2666.5133426790576,-2666.4437354295665,-6.722831169797682,-0.9728946348451392,0.02
-0.4822922639359982,-2666.9956349429935,-2666.9260276935024,-6.625891980235825,-0.9608921850486588,0.02
-0.9162388147200458,-2667.9118737577137,-2667.8422665082226,-6.680576136961588,-0.9675177382998615,0.02
-0.9118415750400368,-2668.8237153327536,-2668.7541080832625,-6.693204727750098,-0.9691941555806308,0.02
-0.5072564311359693,-2669.3309717638895,-2669.2613645143983,-6.73861426806308,-0.9734850821059424,0.02
-0.07374845052957546,-2669.404720214419,-2669.3351129649277,-6.5839085238269215,-0.958212977686919,0.02
-0.17916259449595695,-2669.583882808915,-2669.514275559424,-6.549449482679773,-0.9551360456408402,0.02
-0.5392690534078662,-2670.1231518623226,-2670.0535446128315,-6.661347756787482,-0.9652280297249984,0.02
-0.9428037219287351,-2671.0659555842512,-2670.99634833476,-6.661897502134399,-0.9653059389432538,0.02
-1.2774317663999286,-2672.343387350651,-2672.27378010116,-6.715873153445897,-0.9738707949048582,0.02
-1.0077954894719952,-2673.351182840123,-2673.2815755906317,-6.768012408224569,-0.9805739061790981,0.02
-1.5045576286398648,-2674.8557404687626,-2674.7861332192715,-6.965171792695297,-1.0060536675518958,0.02
-1.176514443619233,-2676.032254912382,-2675.962647662891,-7.137604883261683,-1.0250494218584414,0.02
-2.5638577436735224,-2678.5961126560555,-2678.5265054065644,-7.240979198574848,-1.061918960296393,0.02
-0.6313647512639198,-2679.2274774073194,-2679.1578701578283,-7.118566455441234,-1.0430277474919118,0.02
2.2123618722573037,-2677.0151155350623,-2676.945508285571,-6.037570441065385,-0.9504678664115689,0.04
-1.3309767014398322,-2678.346092236502,-2678.276484987011,-6.058968177045079,-0.9547274881671481,0.04
-2.1202684534559433,-2680.466360689958,-2680.396753440467,-6.063053660449082,-0.9459901839614844,0.04
-0.1525568932799911,-2680.618917583238,-2680.5493103337467,-5.980992723304618,-0.9370534402189903,0.04
-3.8366979537439816,-2684.455615536982,-2684.3860082874908,-5.9967224729289645,-0.9999606236357924,0.04
-0.49687593955191023,-2684.952491476534,-2684.8828842270427,-5.965677049670944,-0.9959362365388312,0.04
-1.8895789494768644,-2686.8420704260107,-2686.7724631765195,-5.995039112524863,-1.0052036459106073,0.04
-1.215032069015917,-2688.0571024950264,-2687.9874952455352,-5.952819142514005,-0.994388127445982,0.04
-0.7133786669596667,-2688.770481161986,-2688.700873912495,-5.926000442198928,-0.990414644861978,0.04
-0.9801362841597872,-2689.750617446146,-2689.681010196655,-5.878814389332913,-0.9810078637067758,0.04
0.22509963780484143,-2689.525517808341,-2689.45591055885,-5.754690735797214,-0.9680788806766,0.06
-0.917326123440011,-2690.442843931781,-2690.37323668229,-5.715989546015842,-0.9609288920040404,0.06
-1.1768449123199334,-2691.6196888441013,-2691.55008159461,-5.805080986319463,-0.9746394449832394,0.06
-0.7162554072959145,-2692.3359442513974,-2692.2663370019063,-5.697245609027356,-0.9509794889627596,0.06
-1.6605436976000545,-2693.9964879489976,-2693.9268806995065,-5.752812608292792,-0.9636228593640233,0.06
-1.6286098072318205,-2695.6250977562295,-2695.5554905067384,-5.786885377912709,-0.9719273147520195,0.06
-2.7339822273599474,-2698.3590799835893,-2698.289472734098,-5.847384744428929,-1.002828358056691,0.06
-2.485834553174416,-2700.8449145367636,-2700.7753072872724,-5.88297000560847,-1.0218829739221,0.06
-1.8670798605119978,-2702.7119943972757,-2702.6423871477846,-5.8794524393019225,-1.0203603450925973,0.06
-2.1820901702399578,-2704.8940845675156,-2704.8244773180245,-5.9121834808564575,-0.9959867907911655,0.06
-1.9565145477119334,-2706.8505991152274,-2706.7809918657363,-6.099007239361776,-1.0298408590005723,0.06
-2.772875828855926,-2709.6234749440832,-2709.553867694592,-6.187143676615303,-1.0662377884295646,0.06
-1.9744997899967418,-2711.59797473408,-2711.5283674845887,-6.295891805834704,-1.090175607432125,0.06
-0.848773282655985,-2712.446748016736,-2712.377140767245,-6.220922724999869,-1.075954764596605,0.06
-1.6475978127359627,-2714.094345829472,-2714.0247385799807,-6.316875868094572,-1.0940152670548455,0.06
-0.8189048615999528,-2714.913250691072,-2714.8436434415808,-8.449196121062819,-1.1887630740565773,0.04
0.09446622084013279,-2714.8187844702315,-2714.7491772207404,-8.223104836001273,-1.1730507225556162,0.06
-3.6463300569599357,-2718.4651145271914,-2718.3955072777003,-8.262072136995872,-1.2382878204052132,0.06
-0.8856618365759585,-2719.350776363767,-2719.281169114276,-8.226170463012311,-1.2340449416442545,0.06
-1.2345445227839384,-2720.585320886551,-2720.51571363706,-8.312725663598721,-1.2441474510839354,0.06
-2.009734623119801,-2722.5950555096706,-2722.5254482601795,-8.531751318774397,-1.2092398107028124,0.06
-0.8434549842376227,-2723.4385104939083,-2723.368903244417,-8.452520012519033,-1.1993490831555662,0.06
-1.459359839111977,-2724.8978703330204,-2724.8282630835292,-8.504385764057371,-1.2072608550483683,0.06
-4.694490539270474,-2729.592360872291,-2729.5227536228,-8.115523270599398,-1.2805190721953776,0.06
-1.811892465936028,-2731.404253338227,-2731.334646088736,-8.228897454127736,-1.2993934506998894,0.06
-0.4824266378399357,-2731.886679976067,-2731.817072726576,-8.335418488161922,-1.3074667459402098,0.06
-1.6020111138238997,-2733.4886910898913,-2733.4190838404,-8.52118865889599,-1.329861122937968,0.06
-1.1079626904575837,-2734.596653780349,-2734.5270465308577,-8.554373130705333,-1.3336956004527187,0.06
-1.2409961428295682,-2735.8376499231786,-2735.7680426736874,-8.608756147649066,-1.340278691808509,0.06
-0.21382551033590058,-2736.0514754335145,-2735.9818681840234,-8.530805413457873,-1.334410073392508,0.06
-0.43436170588800727,-2736.4858371394025,-2736.4162298899114,-8.632252509205818,-1.3416223384996766,0.06
-0.386798596800051,-2736.8726357362025,-2736.8030284867114,-8.690726050792076,-1.3457750585457584,0.06
-0.5068794608639762,-2737.3795151970667,-2737.3099079475755,-8.682685647787695,-1.3451272666948804,0.06
-0.42306031634400937,-2737.802575513411,-2737.7329682639197,-8.566970311490278,-1.3347323985831858,0.06
0.22118830560006053,-2737.5813872078106,-2737.5117799583195,-8.215522821191529,-1.3047599971431862,0.08
-0.04925440072796056,-2737.6306416085386,-2737.5610343590474,-8.002092644786908,-1.2855891753683055,0.08
-1.1732698548720948,-2738.8039114634107,-2738.7343042139196,-7.963166829587687,-1.27896341989295,0.08
-1.1824298371679467,-2739.9863413005787,-2739.9167340510876,-7.963976169285364,-1.2790817277639244,0.08
-0.9620968400639813,-2740.948438140643,-2740.8788308911517,-7.862759981391596,-1.2470465096917336,0.08
-0.5343599194944388,-2741.482798060137,-2741.413190810646,-7.8425083811249126,-1.245106413056344,0.08
-1.263909623558236,-2742.7467076836956,-2742.6771004342045,-9.220601053902705,-1.314631842972655,0.06
-0.46068754830555075,-2743.207395232001,-2743.13778798251,-9.035286711621087,-1.297226059909969,0.06
-0.12427013922474944,-2743.331665371226,-2743.2620581217348,-8.70513659239416,-1.2573060936253453,0.06
-1.2232015247150363,-2744.554866895941,-2744.48525964645,-8.960755240126845,-1.278718986254046,0.06
-1.4823953874399585,-2746.0372622833806,-2745.9676550338895,-9.252594182728203,-1.2316329349279658,0.06
-1.1950857860406703,-2747.2323480694213,-2747.16274081993,-9.415953490437138,-1.245597131857741,0.06
-0.5957357055998752,-2747.8280837750212,-2747.75847652553,-9.223067888499509,-1.219720266980201,0.06
-1.1003556063999622,-2748.9284393814214,-2748.8588321319303,-9.204255507227087,-1.217426737727882,0.06
-0.3078397808416035,-2749.236279162263,-2749.166671912772,-9.083933771741178,-1.2093159600055208,0.06
-1.3350875843998051,-2750.571366746663,-2750.501759497172,-9.141306291668805,-1.216414986010321,0.06
-0.4199339812799524,-2750.991300727943,-2750.9216934784517,-9.393585186435448,-1.229315658392017,0.04
-0.9560736287198686,-2751.9473743566627,-2751.8777671071716,-9.40200021097506,-1.2300906084976142,0.04
3.2188187085305753,-2748.728555648132,-2748.658948398641,-7.241360364517934,-1.142177336080604,0.06
-1.4404573747871585,-2750.169013022919,-2750.099405773428,-7.339263928229004,-1.1566613754304287,0.06
-1.17316010212798,-2751.342173125047,-2751.2725658755558,-7.292601183999329,-1.1469137035209873,0.06
-1.30112436076789,-2752.643297485815,-2752.5736902363237,-7.263322428029983,-1.1403639945917088,0.06
-1.3311168377118747,-2753.9744143235266,-2753.9048070740355,-7.235453614273442,-1.1123066867987474,0.06
-0.8435370197630885,-2754.8179513432897,-2754.7483440937986,-7.135518636500669,-1.0794607361305208,0.06
2.3419921353120317,-2752.4759592079777,-2752.4063519584865,-6.037177594605292,-0.9952792962140403,0.08
-0.9772316013887754,-2753.4531908093663,-2753.383583559875,-5.954319915100374,-0.9711821248370165,0.08
-0.9524107496958291,-2754.4056015590622,-2754.335994309571,-5.875117905137248,-0.9511000488766945,0.08
-1.0117510212263658,-2755.4173525802885,-2755.3477453307974,-5.80924643272853,-0.9158775527241032,0.08
-0.7465931158463956,-2756.1639456961348,-2756.0943384466436,-5.7052278533594505,-0.8913194192410963,0.08
-1.2686427230398367,-2757.4325884191744,-2757.3629811696833,-5.7525225547334085,-0.8997168080487734,0.08
3.184876864245571,-2754.2477115549286,-2754.1781043054375,-4.581468725541497,-0.8030673145091427,0.1
-0.5878649642623819,-2754.835576519191,-2754.7659692697,-4.553773743096521,-0.7984465165623912,0.1
-0.34734917879997346,-2755.182925697991,-2755.1133184484997,-4.622177729009056,-0.8072828245551933,0.08
-0.7985508551999904,-2755.981476553191,-2755.9118693037,-4.548258921020453,-0.7503272405199946,0.08
-1.281881143065576,-2757.2633576962567,-2757.1937504467655,-4.587500379442009,-0.7582516266497867,0.08
-0.33762973463997165,-2757.6009874308966,-2757.5313801814054,-4.4811382143389755,-0.7403133308869075,0.08
-0.1745872606799422,-2757.7755746915764,-2757.7059674420852,-4.302023189994753,-0.7036103836381103,0.08
-0.33503628048000256,-2758.1106109720563,-2758.041003722565,-4.236333435585454,-0.6934420095629578,0.08
-0.6849062269679635,-2758.7955171990243,-2758.725909949533,-4.16033775644071,-0.6779529373200777,0.08
-2.7042131293199354,-2761.4997303283444,-2761.4301230788533,-4.330799113781455,-0.6381473891210669,0.08
-1.4022747032975102,-2762.902005031642,-2762.832397782151,-4.306943421502374,-0.6299550338682965,0.08
-1.173849789947871,-2764.07585482159,-2764.006247572099,-4.390644064266171,-0.6437834969104551,0.08
-0.4561473701759514,-2764.532002191766,-2764.462394942275,-4.270623798119665,-0.6208662220374963,0.08
-1.6750524799277453,-2766.2070546716936,-2766.1374474222025,-4.313369689375088,-0.6322080178268995,0.08
-0.5802727039199835,-2766.7873273756136,-2766.7177201261225,-4.238098815770843,-0.6189935490487077,0.08
-0.9609875856000003,-2767.7483149612135,-2767.6787077117224,-4.342788678451928,-0.6339367905539898,0.08
1.2201106526400223,-2766.5282043085735,-2766.4585970590824,-3.9927380650575635,-0.6008473433834292,0.1
-0.4113900008160257,-2766.9395943093896,-2766.8699870598984,-3.9963570129625796,-0.6013391714637487,0.1
-1.322823408255973,-2768.2624177176453,-2768.192810468154,-4.086859044385978,-0.6176580504115886,0.1
-1.6556082334880724,-2769.9180259511336,-2769.8484187016425,-4.212905990302289,-0.64230900875447,0.1
-0.6460471124799312,-2770.5640730636137,-2770.4944658141226,-4.355268030201636,-0.6596537171160698,0.08
-0.8520867953638982,-2771.4161598589776,-2771.3465526094865,-4.4748944560173225,-0.6757103650087884,0.08
-0.9859210302142809,-2772.402080889192,-2772.3324736397008,-4.4560265806378005,-0.6719633885156321,0.08
-0.5875648494143326,-2772.989645738606,-2772.920038489115,-4.387195548636915,-0.6600660887605599,0.08
-0.4560983855999903,-2773.445744124206,-2773.376136874715,-4.322023039916286,-0.6499461196712802,0.08
-0.4913785825999607,-2773.937122706806,-2773.8675154573148,-4.315858342379378,-0.6490864929333905,0.08
-1.5099910559999543,-2775.4471137628057,-2775.3775065133145,-4.334732469260615,-0.6540081215822249,0.08
-1.3620873628799437,-2776.8092011256854,-2776.7395938761942,-4.436801235761345,-0.6720361178737128,0.08
-0.713466539520021,-2777.5226676652055,-2777.4530604157144,-4.526661403219466,-0.6838200458796182,0.08
-1.0361679584351722,-2778.558835623641,-2778.4892283741497,-4.508521967921094,-0.6800793745540209,0.08
-0.7552110159359777,-2779.3140466395766,-2779.2444393900855,-4.437478508337941,-0.6655356871239413,0.08
-0.9286301203199665,-2780.2426767598968,-2780.1730695104056,-4.410291979328066,-0.6602065738095271,0.08
-1.362576558599955,-2781.6052533184966,-2781.5356460690055,-4.493638558773844,-0.675543390869529,0.08
-1.536324661583941,-2783.1415779800805,-2783.0719707305893,-4.529380368811127,-0.6842627719732084,0.08
-1.4028436183679698,-2784.5444215984485,-2784.4748143489574,-4.660045957816861,-0.7061628487237357,0.08
-1.532271138599959,-2786.0766927370482,-2786.007085487557,-4.674435991329458,-0.7101065198077389,0.08
-0.24689204351996008,-2786.323584780568,-2786.253977531077,-4.646431640149583,-0.7066456810525389,0.08
-0.9493141219198588,-2787.272898902488,-2787.203291652997,-4.645676381003267,-0.7065104909165387,0.08
-0.45666415301760255,-2787.729563055506,-2787.6599558060148,-6.003410066677687,-0.7800201481475022,0.06
-0.6486778212960583,-2788.378240876802,-2788.308633627311,-5.911828480857947,-0.7641845570776803,0.06
-1.231848578687912,-2789.6100894554897,-2789.5404822059986,-5.917270957195829,-0.7653583266088789,0.06
0.0581435473920332,-2789.551945908098,-2789.4823386586067,-5.683079954686236,-0.7381729684456805,0.08
-1.3826187646559849,-2790.934564672754,-2790.8649574232627,-5.686719171413407,-0.7392030069845625,0.08
-1.1876124332519578,-2792.122177106006,-2792.0525698565148,-5.726941350885782,-0.74608451525434,0.08
-1.5405546362398599,-2793.662731742246,-2793.5931244927547,-7.145567840700737,-0.8237354506853778,0.06
-0.5561631900719166,-2794.2188949323177,-2794.1492876828265,-7.067785411798512,-0.8153140824590408,0.06
-2.0596516103798903,-2796.2785465426978,-2796.2089392932066,-7.100905362456546,-0.8374588996727219,0.06
-2.0176634649599743,-2798.296210007658,-2798.226602758167,-7.135083078904553,-0.8575771485473941,0.06
-0.7982226268800261,-2799.094432634538,-2799.024825385047,-7.144549502359833,-0.8586097387680667,0.06
-0.8402548970879753,-2799.934687531626,-2799.865080282135,-7.090111347300314,-0.8500419822490295,0.06
-0.8635592943358507,-2800.798246825962,-2800.728639576471,-10.588813865499622,-0.931010705420658,0.04
-1.0196589156960285,-2801.8179057416583,-2801.748298492167,-10.718587018536322,-0.9396465844493309,0.04
-0.7991503772159381,-2802.617056118874,-2802.547448869383,-10.917303490847052,-0.9486826084176502,0.04
-0.9721517334527975,-2803.589207852327,-2803.519600602836,-10.96382126523527,-0.9521546259827063,0.04
-0.6767665742591833,-2804.265974426586,-2804.196367177095,-10.836025222550807,-0.9400523346065784,0.04
-0.3152084808399433,-2804.581182907426,-2804.511575657935,-10.822947728748826,-0.9396039095305778,0.04
-1.5779961840558205,-2806.1591790914817,-2806.0895718419906,-11.211026568878575,-0.9676720879980953,0.04
-0.26475511500623905,-2806.423934206488,-2806.354326956997,-11.166668871497555,-0.9662664646886202,0.04
-0.31000948952319507,-2806.733943696011,-2806.66433644652,-10.978239956595639,-0.9587685299397247,0.04
-0.6697269119999016,-2807.403670608011,-2807.33406335852,-11.468084698548687,-0.9180788055933242,0.04
-0.45805885363207355,-2807.861729461643,-2807.7921222121518,-11.246472048448329,-0.8991944886000154,0.04
0.023407546129136425,-2807.838321915514,-2807.768714666023,-10.699746670361721,-0.8752493418784754,0.06
-0.5360728836671679,-2808.374394799181,-2808.30478754969,-10.738799721584876,-0.8768478521482996,0.06
-0.19043822807993094,-2808.564833027261,-2808.49522577777,-10.441157354350649,-0.8471555671113432,0.06
-0.5232304719518576,-2809.088063499213,-2809.018456249722,-10.416457445723706,-0.8460147224719807,0.06
-0.627995858399854,-2809.716059357613,-2809.646452108122,-10.324417090318224,-0.8393548879279779,0.06
-0.9735404642239484,-2810.689599821837,-2810.619992572346,-12.641405177522731,-0.8832279102652572,0.04
4.965549436292859,-2805.724050385544,-2805.654443136053,-5.742781450219771,-0.7756891215230796,0.06
-1.3412560321920841,-2807.0653064177363,-2806.995699168245,-5.744219821580831,-0.7760577740018018,0.06
-0.4804954047359664,-2807.545801822472,-2807.476194572981,-5.61435003714408,-0.7525555174267596,0.06
-0.7850155519007582,-2808.330817374373,-2808.261210124882,-5.63575501324685,-0.7553348862151762,0.06
-0.4934379788640014,-2808.8242553532373,-2808.754648103746,-5.578717472849887,-0.7481619098851783,0.06
-0.15563266271994702,-2808.9798880159574,-2808.9102807664663,-5.437943433713094,-0.7315561425352916,0.06
-0.8078018868319743,-2809.787689902789,-2809.718082653298,-5.4716465206234055,-0.7359608832836444,0.06
-0.7276408010639964,-2810.515330703853,-2810.445723454362,-5.516887932674127,-0.7413917315929246,0.06
-0.7976230116479359,-2811.312953715501,-2811.24334646601,-5.566239908938893,-0.747516620173884,0.06
-2.4510962030399477,-2813.764049918541,-2813.6944426690497,-5.5660082125115,-0.7663387231146838,0.06
-1.0158348533278976,-2814.7798847718686,-2814.7102775223775,-5.532962404608284,-0.759413672923643,0.06
-0.9709635186430956,-2815.750848290512,-2815.6812410410207,-5.568042183395971,-0.7645636125061046,0.06
-0.9440801585759953,-2816.694928449088,-2816.625321199597,-5.557088659715103,-0.762721856508921,0.06
-1.0286468544000054,-2817.723575303488,-2817.653968053997,-5.592827676759917,-0.7681905732782016,0.06
-1.1731960663039107,-2818.8967713697916,-2818.8271641203005,-5.620276763944693,-0.7730818921978805,0.06
-0.6539347309342838,-2819.550706100726,-2819.481098851235,-5.537374641435322,-0.7589090556445669,0.06
-1.0337667631395626,-2820.584472863866,-2820.5148656143747,-5.495364811249785,-0.7488578976756792,0.06
-1.2066052976350525,-2821.791078161501,-2821.72147091201,-5.479499376645957,-0.7449331312610211,0.06
0.1200285145669906,-2821.671049646934,-2821.601442397443,-5.23225451439297,-0.7118871381976821,0.08
-0.8386083004319987,-2822.509657947366,-2822.440050697875,-5.331180574103853,-0.7237214633359228,0.08
-1.227405928320001,-2823.737063875686,-2823.667456626195,-5.360455488529898,-0.7292832994639257,0.08
-0.7062882377615032,-2824.4433521134474,-2824.3737448639563,-5.401533220737391,-0.7342757811588037,0.08
-0.9483204225599364,-2825.3916725360073,-2825.322065286516,-5.443457001346805,-0.7402686331840813,0.08
-1.004824952448034,-2826.396497488455,-2826.326890238964,-5.420201264593935,-0.7357281606592838,0.08
-0.3190542651503722,-2826.7155517536057,-2826.6459445041146,-5.503294467706358,-0.7432721169101317,0.06
-0.48154064111994843,-2827.1970923947256,-2827.1274851452345,-5.390973567315265,-0.7252505544394111,0.06
-0.9313397326607264,-2828.1284321273865,-2828.0588248778954,-5.363114975924345,-0.7201251004275864,0.06
-0.7810425283679128,-2828.9094746557544,-2828.8398674062632,-5.290097100665488,-0.7049348582701476,0.06
-0.9406336539599869,-2829.8501083097144,-2829.7805010602233,-5.345967300161786,-0.712624267547909,0.06
-0.4714666619519793,-2830.3215749716665,-2830.2519677221753,-5.2148317101354085,-0.6808605685793507,0.06
-0.9212285689599233,-2831.2428035406265,-2831.1731962911354,-5.154011933356333,-0.6589318706593497,0.06
-0.8228507402399612,-2832.0656542808665,-2831.9960470313754,-5.157394185614084,-0.6594244329265484,0.06
-0.9620799903791074,-2833.0277342712457,-2832.9581270217545,-5.172742943981063,-0.661860934792371,0.06
-1.0709897466239688,-2834.0987240178697,-2834.0291167683786,-5.197182506687422,-0.6660095438381333,0.06
-1.0027981897918536,-2835.1015222076617,-2835.0319149581705,-5.195288049553989,-0.6656723293200498,0.06
-1.5275761192799855,-2836.629098326942,-2836.5594910774507,-5.2633762995914495,-0.6802408441613308,0.06
-0.9067449054239717,-2837.535843232366,-2837.466235982875,-5.255394117354381,-0.6789327076007542,0.06
-0.9484212326399073,-2838.4842644650057,-2838.4146572155146,-5.292939303299368,-0.6843658007683687,0.06
-1.1406542434558937,-2839.624918708462,-2839.5553114589707,-5.416844213016714,-0.7008747160206877,0.06
-0.4286564048879891,-2840.05357511335,-2839.9839678638587,-5.284947725667675,-0.6778879204373313,0.06
0.44493388588006844,-2839.60864122747,-2839.5390339779788,-5.107669437548162,-0.6636941404196051,0.08
-0.8934896480399531,-2840.50213087551,-2840.432523626019,-5.202352951669761,-0.6753637435899402,0.08
-0.8540418532240015,-2841.356172728734,-2841.2865654792427,-5.228812074401599,-0.6790500424144221,0.08
-1.8764923435198906,-2843.232665072254,-2843.1630578227628,-5.362411277192608,-0.7074187122121784,0.08
-1.3022622281535163,-2844.5349273004076,-2844.4653200509165,-5.577213390305793,-0.7339321076978316,0.06
-0.9412534764584242,-2845.476180776866,-2845.406573527375,-5.638757588697064,-0.7420357195536568,0.06
-1.0140629961599983,-2846.490243773026,-2846.420636523535,-5.780232762060273,-0.7585082149152581,0.06
-0.4714666619519793,-2846.961710434978,-2846.892103185487,-5.770535201619286,-0.7574729387152604,0.06
-0.693909972423971,-2847.6556204074022,-2847.586013157911,-5.781437821985258,-0.7587912209957429,0.06
-2.134653606399934,-2849.790274013802,-2849.720666764311,-5.836326562071416,-0.7820134838392626,0.06
-2.050278555199995,-2851.840552569002,-2851.7709453195107,-13.057643751534687,-0.9223300436691197,0.04
-1.4786854752800216,-2853.319238044282,-2853.249630794791,-13.02694884749321,-0.9250786325308783,0.04
-2.5203552828807867,-2855.8395933271627,-2855.7699860776715,-12.523354609728717,-0.9658758300937746,0.04
-0.9743550291902833,-2856.8139483563527,-2856.7443411068616,-12.58657705689224,-0.9696626196395652,0.04
-2.076597516879855,-2858.8905458732324,-2858.8209386237413,-12.601099050038387,-1.0013258103998823,0.04
-1.515610986207947,-2860.40615685944,-2860.336549609949,-13.148083004351607,-1.0285253768696423,0.04
-0.8189944168590695,-2861.225151276299,-2861.155544026808,-13.153015982800358,-1.0287492274701844,0.04
-0.4667643592319325,-2861.691915635531,-2861.62230838604,-12.991595943596776,-1.023531698633543,0.04
-0.4627020661759216,-2862.154617701707,-2862.085010452216,-12.799278263745077,-1.0168332797241026,0.04
-0.6223182056159525,-2862.776935907323,-2862.707328657832,-13.188929926591332,-0.9802577197756228,0.04
-0.7260557274144065,-2863.5029916347376,-2863.4333843852464,-13.081775344447037,-0.9744621372573529,0.04
-0.9157455653998972,-2864.4187372001375,-2864.3491299506463,-13.065360742275633,-0.9733577781924889,0.04
-1.155949091308847,-2865.574686291446,-2865.505079041955,-13.10732921399095,-0.977595156847146,0.04
-0.7937746521600745,-2866.3684609436064,-2866.298853694115,-13.030262631073478,-0.9728977128023473,0.04
-0.987041949230249,-2867.3555028928367,-2867.2858956433456,-12.999352396252656,-0.9691746304608742,0.04
-1.208386707732704,-2868.5638896005694,-2868.4942823510783,-13.170997913470249,-0.9802636699968426,0.04
-0.6411582777599145,-2869.2050478783294,-2869.1354406288383,-13.01435417604139,-0.9724115002892496,0.04
-1.6284296703998444,-2870.833477548729,-2870.763870299238,-12.955765147239815,-0.9808479877445454,0.04
-1.5159860269677892,-2872.349463575697,-2872.279856326206,-13.87021034345981,-1.013568278575241,0.02
-2.4525360948130848,-2874.80199967051,-2874.732392421019,-13.35227922513105,-1.0458468344628629,0.02
-1.443151405785662,-2876.2451510762958,-2876.1755438268046,-13.353516444948545,-1.050161744012176,0.02
-2.0588611907598304,-2878.3040122670554,-2878.2344050175643,-13.330672951354433,-1.0772132030721426,0.02
-1.704941292719943,-2880.0089535597754,-2879.9393463102842,-13.368910161082674,-1.0923456204753426,0.02
-1.8839849645344167,-2881.8929385243096,-2881.8233312748184,-13.344953071476178,-1.1099288207170703,0.02
-1.3112662584000185,-2883.2042047827094,-2883.1345975332183,-13.827413538688301,-1.1297730605820633,0.02
-0.8230535037840031,-2884.0272582864936,-2883.9576510370025,-14.049954159611142,-1.1366033178353443,0.02
-1.2992058579999162,-2885.3264641444935,-2885.2568568950023,-14.148858999307194,-1.143960640342128,0.02
-2.902275038199979,-2888.2287391826935,-2888.1591319332024,-13.533303690916956,-1.1863852905387695,0.02
-0.6580938229247408,-2888.8868330056184,-2888.8172257561273,-13.393383959005574,-1.1807344939180644,0.02
-1.567269184319764,-2890.454102189938,-2890.384494940447,-13.776532870962562,-1.20265054436542,0.02
-0.9143804937918641,-2891.36848268373,-2891.2988754342387,-13.773554152668478,-1.2025135828620592,0.02
-0.746459998536014,-2892.114942682266,-2892.0453354327747,-13.733111441208958,-1.20098576802798,0.02
-0.14606305845598525,-2892.261005740722,-2892.1913984912308,-13.191635240081299,-1.1846654293895176,0.02
-1.7414102047999473,-2894.002415945522,-2893.932808696031,-13.246650889975,-1.1980738385530372,0.02
-0.7339805066349918,-2894.736396452157,-2894.6667892026658,-13.130885707542344,-1.1926974848899001,0.02
-1.0239336526319496,-2895.760330104789,-2895.6907228552977,-13.048087309874955,-1.1826246355569392,0.02
-0.9644292434160873,-2896.7247593482048,-2896.6551520987136,-13.069909333723032,-1.1837783223167815,0.02
-0.946858676399944,-2897.671618024605,-2897.6020107751137,-13.069329176256328,-1.1837470711919824,0.02
-0.10778676022398803,-2897.779404784829,-2897.7097975353377,-12.500180889578935,-1.1630897215273444,0.02
-0.7783512773759675,-2898.5577560622046,-2898.4881488127135,-12.691338034335969,-1.1700836189771038,0.02
-0.4262645735999773,-2898.9840206358044,-2898.9144133863133,-13.557645408841942,-1.1875075881667045,0.0
-1.6435142295553038,-2900.62753486536,-2900.5579276158687,-13.68961708400784,-1.2025080797970116,0.0
-0.10708165470510694,-2900.734616520065,-2900.665009270574,-13.16034879677354,-1.1875688758266338,0.0
-0.7224369962399104,-2901.457053516305,-2901.387446266814,-12.995829164165041,-1.1644877688810342,0.0
-0.5777317798656477,-2902.034785296171,-2901.9651780466797,-12.734640510423617,-1.1499971599152767,0.0
-0.583653445336666,-2902.6184387415074,-2902.5488314920162,-12.571060106735265,-1.1428451592928417,0.0
-0.8443272395200424,-2903.4627659810276,-2903.3931587315365,-12.511952435293423,-1.1394504441600426,0.0
-1.9426229529599803,-2905.4053889339875,-2905.3357816844964,-12.787147689313272,-1.1688735699802026,0.0
-0.729546707375965,-2906.1349356413634,-2906.0653283918723,-12.804942734500607,-1.1695863046792423,0.0
-0.3969611344798665,-2906.5318967758435,-2906.4622895263524,-12.54373476229576,-1.1348324552408409,0.0
-1.3782972385199501,-2907.9101940143632,-2907.840586764872,-12.64090967673356,-1.1213928289072401,0.0
-1.1669192777429744,-2909.0771132921063,-2909.007506042615,-12.611562670473285,-1.1151575049564992,0.0
-1.2126972575999946,-2910.2898105497065,-2910.2202033002154,-12.998467516357774,-1.0890043444508835,0.0
-0.8229417100631744,-2911.11275225977,-2911.0431450102787,-12.94125154085363,-1.0859760780683412,0.0
-0.9461528425811653,-2912.058905102351,-2911.98929785286,-13.04285219319582,-1.0633671845823676,0.0
-1.2256660008790958,-2913.2845711032305,-2913.2149638537394,-13.042502753075915,-1.0575682848757904,0.0
1.7836007404160206,-2911.5009703628143,-2911.431363113323,-10.195329486108939,-1.0055163817302886,0.02
-1.3956456561598065,-2912.8966160189743,-2912.827008769483,-10.417014258863242,-1.024094007668846,0.02
-0.9071793534319598,-2913.8037953724065,-2913.7341881229154,-10.574489167416118,-1.0329835534139669,0.02
-1.2913391632589193,-2915.0951345356652,-2915.025527286174,-10.736435007596056,-1.0463639725668261,0.02
-1.1926242241199454,-2916.287758759785,-2916.218151510294,-10.851749267969995,-1.055695342500937,0.02
-0.7045165246079064,-2916.9922752843927,-2916.9226680349016,-10.784908752924625,-1.0514707616850971,0.02
-1.6778550968927584,-2918.6701303812856,-2918.6005231317945,-10.806811608069863,-1.0619088817967755,0.02
-1.1449790338560004,-2919.8151094151417,-2919.7455021656506,-10.893527123312944,-1.068932969430694,0.02
-1.7604765461759193,-2921.5755859613178,-2921.5059787118266,-10.947164063763502,-1.0844016613696073,0.02
-1.573843128575954,-2923.1494290898936,-2923.0798218404025,-10.971526890339042,-1.0917107897864724,0.02
-1.1741041639199092,-2924.3235332538134,-2924.2539260043222,-11.124105993627039,-1.1023697075096723,0.02
-0.5113447004159123,-2924.8348779542293,-2924.765270704738,-10.888100887991751,-1.0800280081099936,0.02
-1.5545044559280015,-2926.3893824101574,-2926.3197751606663,-10.888115246826983,-1.0807983766891978,0.02
-1.9626253464000238,-2928.352007756557,-2928.282400507066,-11.040762042561703,-1.0710001617209366,0.02
-1.123625871599999,-2929.475633628157,-2929.406026378666,-11.007161821269627,-1.0646096510372234,0.02
-1.4795401485600244,-2930.955173776717,-2930.885566527226,-11.084164878110537,-1.0530232301932272,0.02
-1.2801894899038357,-2932.235363266621,-2932.1657560171298,-11.087764865342805,-1.0445281941369051,0.02
-0.7503533295839986,-2932.985716596205,-2932.9161093467137,-11.007993088142877,-1.0218555614378966,0.02
-0.8220185123039783,-2933.807735108509,-2933.738127859018,-10.914905734022469,-1.012070606515976,0.02
-0.6149797810126987,-2934.4227148895216,-2934.3531076400304,-10.83953596134125,-1.0079091320605498,0.02
-0.3419994796799881,-2934.7647143692016,-2934.6951071197104,-10.55093147342407,-0.9887650044941513,0.02
-0.5198268010320563,-2935.2845411702338,-2935.2149339207426,-10.96981395589724,-0.9411160397507927,0.02
-1.0339144809599417,-2936.3184556511937,-2936.2488484017026,-11.079823584859682,-0.9486324529114968,0.02
-0.3546490969920085,-2936.673104748186,-2936.6034974986947,-10.81407232902668,-0.9243800511649417,0.02
-0.43467355372788247,-2937.1077783019136,-2937.0381710524225,-10.63361979354146,-0.914785912363662,0.02
-0.027679620067209032,-2937.135457921981,-2937.06585067249,-10.261072740664336,-0.900410304794286,0.02
-0.04774978137597469,-2937.183207703357,-2937.1136004538657,-10.196957470845508,-0.8984440392526857,0.02
-0.46420518640635533,-2937.647412889763,-2937.577805640272,-10.051715936388188,-0.8728999388848139,0.02
-0.4634413566720119,-2938.110854246435,-2938.0412469969438,-9.95071930054235,-0.8674891558855542,0.02
-0.49975524165835494,-2938.6106094880934,-2938.5410022386022,-9.803348365771594,-0.8570055876660824,0.02
-1.0218674245246562,-2939.632476912618,-2939.562869663127,-9.812490707932284,-0.8581543512882539,0.02
-0.6497304397758658,-2940.282207352394,-2940.212600102903,-9.735938126292721,-0.8522117865557722,0.02
-0.6827547136872513,-2940.964962066081,-2940.89535481659,-10.007275171179328,-0.8637111456250375,0.02
-0.28103288131981374,-2941.245994947401,-2941.17638769791,-9.806239768995779,-0.8537647777039145,0.02
-0.38169489316492194,-2941.627689840566,-2941.5580825910747,-9.78566506596667,-0.8528733840952134,0.02
-1.0325998371357066,-2942.6602896777017,-2942.5906824282106,-9.801633331627375,-0.8406550962468213,0.02
-0.9544892310399467,-2943.6147789087418,-2943.5451716592506,-10.14923120118301,-0.8576032477735183,0.02
-1.2024138589440354,-2944.817192767686,-2944.7475855181947,-10.235345080205462,-0.8672027850276006,0.02
-0.9281427959999906,-2945.745335563686,-2945.6757283141947,-10.34186969018254,-0.8742110053502876,0.02
-0.7833967501199406,-2946.528732313806,-2946.459125064315,-10.41158448494748,-0.8782058714459531,0.02
-0.7394698266480089,-2947.268202140454,-2947.198594890963,-10.381505074529482,-0.8761087231885122,0.02
-0.5338415180159469,-2947.8020436584698,-2947.7324364089786,-10.360781428272896,-0.8479330944896316,0.02
-0.8738961569599322,-2948.6759398154295,-2948.6063325659384,-10.400330657438836,-0.8508200834813111,0.02
-2.3750984548778273,-2951.0510382703073,-2950.981431020816,-10.27573576566589,-0.8903828298892702,0.02
-0.37795634284792334,-2951.4289946131553,-2951.359387363664,-10.04363526716488,-0.8703760119758296,0.02
-1.5847552147199844,-2953.0137498278755,-2952.9441425783843,-10.028800783924094,-0.87873273071537,0.02
-1.2975403446079214,-2954.3112901724835,-2954.2416829229924,-10.031527950633254,-0.8804295924555283,0.02
-0.9968401717999136,-2955.308130344283,-2955.238523094792,-10.068635318557915,-0.8839075616902633,0.02
-0.6653025319679293,-2955.973432876251,-2955.90382562676,-9.993677950407907,-0.8782905554779984,0.02
-1.2441520245841908,-2957.2175849008354,-2957.1479776513443,-9.994474930168295,-0.8786602759521004,0.02
-0.7496556886496333,-2957.967240589485,-2957.8976333399937,-13.345378918892633,-0.9293254045334135,0.0
-1.0240942711872039,-2958.991334860672,-2958.921727611181,-13.355532764700618,-0.9218943768339614,0.0
-1.216395242400039,-2960.2077301030718,-2960.1381228535806,-13.397632328092516,-0.928078694613323,0.0
-0.9279555687288645,-2961.1356856718007,-2961.0660784223096,-13.367921953293994,-0.9208110227227219,0.0
0.7550178017761868,-2960.3806678700244,-2960.311060620533,-11.571178349046209,-0.8818581822047993,0.02
-1.2224867677208027,-2961.6031546377453,-2961.533547388254,-11.675305760708001,-0.8922175870670572,0.02
-1.1988059411199012,-2962.8019605788654,-2962.7323533293743,-11.764549342474506,-0.8826366039516,0.02
-0.3435968539423502,-2963.145557432808,-2963.0759501833168,-11.466125803789868,-0.8666089603533271,0.02
-1.8187831583432308,-2964.964340591151,-2964.89473334166,-11.438556000499313,-0.8677750925966733,0.02
-0.6423782597439901,-2965.606718850895,-2965.537111601404,-11.37839895789035,-0.8491457952200341,0.02
-0.9203604681599129,-2966.527079319055,-2966.4574720695637,-11.351978394461556,-0.8440709213048342,0.02
-0.2741673753719564,-2966.801246694427,-2966.731639444936,-11.202211409344665,-0.8393273748039549,0.02
-0.800568607479954,-2967.6018153019068,-2967.5322080524156,-11.211164924387056,-0.824248657834994,0.02
-1.5847552147199844,-2969.186570516627,-2969.116963267136,-11.41685706330519,-0.8166912552013932,0.02
-0.6133305772159698,-2969.799901093843,-2969.7302938443518,-11.299856643380354,-0.8064853493137127,0.02
-3.090173082199894,-2972.8900741760426,-2972.8204669265515,-10.04014923805723,-0.83869800798651,0.02
-2.0334338889918424,-2974.9235080650346,-2974.8539008155435,-9.880528077102259,-0.8537628959682703,0.02
-1.603494844682429,-2976.527002909717,-2976.4573956602258,-9.936123644228186,-0.8708257262702388,0.02
-0.9108814790400375,-2977.437884388757,-2977.368277139266,-9.956644735858815,-0.87260298560496,0.02
-3.505095399231865,-2980.942979787989,-2980.8733725384977,-9.141211793430204,-0.9304052979693432,0.02
-1.186541465839983,-2982.129521253829,-2982.0599140043378,-9.360606212361361,-0.9472961376925432,0.02
-1.74237748799991,-2983.8718987418288,-2983.8022914923376,-9.524501237676754,-0.9717471514319003,0.02
-2.358459227519936,-2986.230357969349,-2986.160750719858,-9.448115950061696,-0.9982380463631002,0.02
-3.410082242931748,-2989.6404402122807,-2989.5708329627896,-9.203242283429915,-1.059346709281895,0.02
0.02517758164799161,-2989.615262630633,-2989.545655381142,-9.017550317342563,-1.0501496865743776,0.04
-1.912637832120113,-2991.527900462753,-2991.458293213262,-9.393027734479665,-1.0878488508154356,0.04
-1.3629205051774467,-2992.8908209679307,-2992.8212137184396,-9.773000277871887,-1.114152265291465,0.04
-2.388588218457362,-2995.279409186388,-2995.209801936897,-9.93958688158582,-1.152639925932485,0.04
-1.850691700199913,-2997.130100886588,-2997.060493637097,-10.182810769713159,-1.1803849328030431,0.04
-0.007258852389564918,-2997.1373597389775,-2997.0677524894863,-9.964058782602219,-1.1705350050176673,0.04
-1.4262075101951135,-2998.5635672491726,-2998.4939599996815,-10.027086459049654,-1.1786218067310765,0.04
-2.4053098053599022,-3000.9688770545326,-3000.8992698050415,-10.156177191771704,-1.2137333940427573,0.04
-0.47931664147197994,-3001.4481936960046,-3001.3785864465135,-10.085953120712915,-1.209664632598452,0.04
-0.976817813903872,-3002.4250115099085,-3002.3554042604173,-10.320001501590868,-1.223580331250133,0.04
-1.154282654532762,-3003.5792941644413,-3003.50968691495,-10.558421513523859,-1.2390320864774897,0.04
-0.8144607758400577,-3004.3937549402813,-3004.32414769079,-10.500418745505861,-1.2346693052515767,0.04
-0.6323157929917747,-3005.026070733273,-3004.956463483782,-10.403229233981182,-1.2282258364906133,0.04
-0.7093482926400012,-3005.735419025913,-3005.665811776422,-10.280875154248454,-1.2183645251645325,0.04
-0.9019468807198838,-3006.637365906633,-3006.567758657142,-10.274131348852237,-1.2178406068589305,0.04
-1.7347192326143253,-3008.3720851392472,-3008.302477889756,-10.425697038586618,-1.2368670565088182,0.04
-0.6354710627999309,-3009.007556202047,-3008.937948952556,-10.39133657475714,-1.2347870812318567,0.04
-1.5810218976236365,-3010.5885780996705,-3010.5189708501794,-10.626964891443455,-1.2557306888240105,0.04
-0.7921257300720279,-3011.3807038297423,-3011.311096580251,-10.602651261430738,-1.2540952802862524,0.04
-0.6378710981118485,-3012.018574927854,-3011.948967678363,-10.449872422887681,-1.2193507331509328,0.04
-2.228620775400005,-3014.247195703254,-3014.177588453763,-10.728977415011089,-1.2563640218019745,0.04
-1.8533175368639645,-3016.100513240118,-3016.0309059906267,-10.736226711548241,-1.261735268244854,0.04
-1.9541424554398628,-3018.054655695558,-3017.9850484460667,-10.774955479810592,-1.274867310461493,0.04
-2.261655151199744,-3020.3163108467575,-3020.2467035972663,-10.85550555520317,-1.3001636100494895,0.04
-2.349148473643349,-3022.6654593204007,-3022.5958520709096,-11.038529936152182,-1.3338405288829978,0.04
-3.01155545088001,-3025.677014771281,-3025.60740752179,-10.927740714755586,-1.369188597408914,0.04
-2.28159020879981,-3027.958604980081,-3027.88899773059,-11.115530927050521,-1.3998272878119178,0.04
-2.0255657401438967,-3029.984170720225,-3029.914563470734,-11.24197313445226,-1.4198567171910517,0.04
-1.9275655688999347,-3031.9117362891247,-3031.8421290396336,-11.32533963939624,-1.4340801237210496,0.04
-1.5951925146526742,-3033.5069288037776,-3033.4373215542864,-11.46497235477081,-1.4474248626395256,0.04
-2.712788417714952,-3036.2197172214924,-3036.1501099720012,-12.577804657721222,-1.5167809870293487,0.02
-2.416391541999956,-3038.6361087634923,-3038.566501514001,-12.655560750417752,-1.5406590825149318,0.02
-1.3635473443775776,-3039.9996561078697,-3039.9300488583785,-12.697377194833148,-1.543953910580085,0.02
-0.8752932672342907,-3040.874949375104,-3040.8053421256127,-12.961247987535323,-1.554587838845924,0.02
-0.9001615366798692,-3041.7751109117835,-3041.7055036622924,-12.747672972895705,-1.5362154064126565,0.02
-0.7666861271999537,-3042.5417970389835,-3042.4721897894924,-12.804872829084273,-1.5387015637617758,0.02
-0.8373839986078894,-3043.3791810375915,-3043.3095737881004,-12.771731055037455,-1.5370420343707354,0.02
-0.65518874738951,-3044.034369784981,-3043.96476253549,-12.98291884106697,-1.5446624618110862,0.02
-0.3491548802639062,-3044.383524665245,-3044.313917415754,-12.750986327640955,-1.5356341872667656,0.02
-0.72818209967992,-3045.111706764925,-3045.042099515434,-12.499779888565714,-1.5185027249659644,0.02
-0.47093724724800506,-3045.582644012173,-3045.513036762682,-12.429655452565559,-1.5156548583666052,0.02
-1.1876311666080441,-3046.770275178781,-3046.70066792929,-12.536724144368801,-1.477604020054768,0.02
-1.0356258796798445,-3047.8059010584607,-3047.7362938089695,-12.391248260469018,-1.4576478598685279,0.02
-0.4242464437598879,-3048.2301475022205,-3048.1605402527293,-12.015115814388727,-1.4340628918500773,0.02
-0.42167912097595495,-3048.6518266231965,-3048.5822193737054,-11.810022941241899,-1.4242788446887957,0.02
0.34798738687207303,-3048.3038392363246,-3048.2342319868335,-11.406515928560017,-1.3472171889667168,0.04
-0.5876685900480411,-3048.8915078263726,-3048.8219005768815,-11.217963644559692,-1.3352397314508782,0.04
-0.49516647119997165,-3049.3866742975724,-3049.3170670480813,-10.93015999314718,-1.310295511114879,0.04
-0.3794480944463464,-3049.7661223920186,-3049.6965151425275,-10.646095516151812,-1.2707152884534074,0.04
-0.3216959059199871,-3050.0878182979386,-3050.0182110484475,-10.727698804179756,-1.2089475617131722,0.04
-0.3828733565792348,-3050.470691654518,-3050.4010844050267,-10.946591152588661,-1.2171085804777166,0.02
-1.303536564862315,-3051.7742282193803,-3051.704620969889,-10.922841276385883,-1.2049265551325608,0.02
-1.1977415588157592,-3052.971969778196,-3052.902362528705,-10.897454084410533,-1.201622976205327,0.02
-1.2302459146783886,-3054.2022156928747,-3054.1326084433836,-10.948905487815052,-1.1784561301297476,0.02
-1.001865462623842,-3055.2040811554984,-3055.1344739060073,-10.873167685013991,-1.1614796053782261,0.02
-1.1444636772544632,-3056.348544832753,-3056.2789375832617,-11.359729890198572,-1.1842237018755242,0.02
-0.6713851747679074,-3057.0199300075205,-3056.9503227580294,-11.175282945066346,-1.16912725516698,0.02
-0.4109526387359332,-3057.4308826462566,-3057.3612753967654,-11.003699233723887,-1.1292401118345006,0.02
-0.9391159822079578,-3058.3699986284646,-3058.3003913789735,-11.17649599474031,-1.13843609864922,0.02
-0.7522867805327893,-3059.1222854089974,-3059.0526781595063,-11.10632523036747,-1.1339454779817983,0.02
-0.27122283181591433,-3059.3935082408134,-3059.3239009913223,-10.783703326943963,-1.1162842815274616,0.02
-2.4062582372639016,-3061.7997664780773,-3061.730159228586,-10.78894744760437,-1.1481202307559384,0.02
-0.5023040696960137,-3062.3020705477734,-3062.2324632982823,-10.735979609070341,-1.145519996290023,0.02
-0.4990780628160021,-3062.8011486105893,-3062.731541361098,-10.65420869817134,-1.1413145916935432,0.02
0.07591541513607769,-3062.7252331954533,-3062.655625945962,-10.224231895822077,-1.121757345776424,0.04
-2.0454319404502117,-3064.7706651359035,-3064.7010578864124,-10.200595925036366,-1.1279715999331417,0.04
-1.3257418640428793,-3066.0964069999463,-3066.026799750455,-10.361599778135517,-1.1417770159580007,0.04
-0.7497592229119396,-3066.8461662228583,-3066.776558973367,-10.21966445149246,-1.1251517624637668,0.04
-1.3920792479999553,-3068.238245470858,-3068.168638221367,-10.336645424591921,-1.1371508328223252,0.04
-1.5544248445440525,-3069.792670315402,-3069.723063065911,-10.519272796993416,-1.1554819077509693,0.04
-0.9028150746879126,-3070.69548539009,-3070.625878140599,-10.474697350624162,-1.1289657937367275,0.04
-1.051343523839944,-3071.74682891393,-3071.677221664439,-10.421691353442817,-1.1129263134762473,0.04
-1.292308995671918,-3073.0391379096022,-3072.969530660111,-10.423580639752677,-1.0996896442808883,0.04
-0.9448986140927629,-3073.984036523695,-3073.914429274204,-10.432263673939717,-1.0733545135387488,0.04
-1.3953654612159982,-3075.379401984911,-3075.30979473542,-10.559128389835541,-1.0542788532902017,0.04
-1.0174772023680279,-3076.396879187279,-3076.327271937788,-11.06440424719323,-1.014397288319962,0.04
-1.070485990784079,-3077.467365178063,-3077.397757928572,-11.245714904104167,-0.9901752039596474,0.04
-0.9552085145599984,-3078.4225736926232,-3078.352966443132,-11.326820168823236,-0.9687680594479693,0.04
-0.47225326000318146,-3078.8948269526263,-3078.825219703135,-11.207829454043928,-0.9396618132700343,0.04
-0.30672312767988263,-3079.2015500803063,-3079.131942830815,-10.919842533129115,-0.9138924255305786,0.04
-0.8937251407927921,-3080.095275221099,-3080.025667971608,-11.639817680467917,-0.8775111599921352,0.04
-0.9296938880927585,-3081.024969109192,-3080.955361859701,-12.340387210092711,-0.8477772069139913,0.04
-1.3986677001887218,-3082.4236368093807,-3082.3540295598896,-12.331064585371399,-0.8484796140302141,0.04
-1.309778976095856,-3083.7334157854766,-3083.6638085359855,-12.349164534145904,-0.8571693282074455,0.04
-3.053468498587115,-3086.786884284064,-3086.717277034573,-10.990286787031225,-0.9002354674455905,0.04
-0.21252311404793278,-3086.999407398112,-3086.929800148621,-10.712560071464562,-0.88915220718255,0.04
-1.1237239613443617,-3088.1231313594562,-3088.053524109965,-10.765721402864548,-0.8948790064372794,0.04
-1.2051377215199373,-3089.328269080976,-3089.258661831485,-10.887723490951526,-0.905877985919888,0.04
-1.5847085853055907,-3090.9129776662817,-3090.8433704167905,-11.146040734525092,-0.9305890600207217,0.04
-0.7300872032398968,-3091.6430648695214,-3091.5734576200302,-11.14674261143887,-0.9306271620919213,0.04
-0.4174095689279488,-3092.060474438449,-3091.990867188958,-11.117338393483172,-0.92955660852552,0.04
-0.49934784979194136,-3092.559822288241,-3092.4902150387497,-10.91870862530499,-0.9157909421891981,0.04
-1.6162305541199116,-3094.1760528423606,-3094.1064455928695,-10.91245238893685,-0.9274030356779994,0.04
-0.7211914719358465,-3094.8972443142966,-3094.8276370648055,-11.047504356203824,-0.9333419362415185,0.04
-0.5943101735998377,-3095.4915544878963,-3095.421947238405,-11.134471004881707,-0.9367945572939962,0.04
-0.43168438480795795,-3095.923238872704,-3095.853631623213,-11.798804555723333,-0.9523879927275968,0.02
-2.3308832793790217,-3098.2541221520833,-3098.184514902592,-11.636381188512628,-0.9872522865142165,0.02
-1.3332673583999446,-3099.5873895104833,-3099.517782260992,-11.879077997833173,-1.004014304258216,0.02
-0.8461685255526785,-3100.4335580360357,-3100.3639507865446,-12.115517125724834,-1.0133487128803425,0.02
-1.8512961178799132,-3102.2848541539156,-3102.2152469044245,-12.418597598919497,-1.0439407171195412,0.02
-1.395344378768026,-3103.680198532684,-3103.6105912831927,-12.780886684387296,-1.064190137563317,0.02
-1.5200709948199687,-3105.2002695275037,-3105.1306622780126,-12.777870844904355,-1.06852082616247,0.02
-1.1450573860479802,-3106.3453269135516,-3106.2757196640605,-12.76925026662531,-1.0674671427071143,0.02
-2.0561863140799717,-3108.4015132276318,-3108.3319059781406,-12.632378001026655,-1.083985950695146,0.02
-1.197923297519853,-3109.5994365251518,-3109.5298292756606,-12.676190819060583,-1.0879071073930662,0.02
-1.8313844266367738,-3111.4308209517885,-3111.3612137022974,-12.652053639892271,-1.1016455223807124,0.02
-1.83157692648,-3113.2623978782685,-3113.1927906287774,-12.810601664944862,-1.1248493574149543,0.02
-1.5646122858239928,-3114.8270101640924,-3114.7574029146012,-13.191230607085553,-1.1479225503567154,0.02
-1.3040960607199463,-3116.1311062248124,-3116.0614989753212,-13.282788993960917,-1.1552221519269554,0.02
-2.3582089037150498,-3118.4893151285273,-3118.419707879036,-13.227574199050904,-1.1873405943906006,0.02
-2.6478470764143274,-3121.1371622049414,-3121.0675549554503,-13.37078003307603,-1.2348730792825688,0.02
-1.6255947527757273,-3122.762756957717,-3122.693149708226,-13.60034021292356,-1.2192598095928053,0.02
-2.1230605823999897,-3124.885817540117,-3124.816210290626,-13.875759398364256,-1.251674939846885,0.02
-0.7365619591918275,-3125.622379499309,-3125.5527722498177,-14.033032497613819,-1.2564246177744014,0.02
-2.044551951000023,-3127.6669314503088,-3127.5973242008176,-14.979022206720277,-1.2988339650971232,0.0
-2.368003128348668,-3130.0349345786576,-3129.9653273291665,-14.825026263297133,-1.3052853888550926,0.0
-2.5375825134818975,-3132.5725170921396,-3132.5029098426485,-14.551719253487775,-1.3295222018438728,0.0
-1.0371456281520368,-3133.6096627202915,-3133.5400554708003,-14.703778271024408,-1.3352699299486748,0.0
-0.659865292415832,-3134.2695280127073,-3134.199920763216,-14.389017152600182,-1.3206256508369925,0.0
-0.47166466167683924,-3134.741192674384,-3134.671585424893,-13.941946322615653,-1.298970447179648,0.0
-1.07375397271998,-3135.814946647104,-3135.745339397613,-14.013164646813987,-1.3023892251402893,0.0
-0.5497119766799301,-3136.364658623784,-3136.295051374293,-13.747458622752054,-1.292356594197089,0.0
-1.0720438259199927,-3137.436702449704,-3137.367095200213,-13.685872056212249,-1.2879512908020505,0.0
-0.9286272680639389,-3138.365329717768,-3138.295722468277,-13.678885763629427,-1.2876258638814742,0.0
-0.4524196224639727,-3138.817749340232,-3138.7481420907407,-13.279750371897322,-1.2687669471064336,0.0
-0.9832714319999777,-3139.801020772232,-3139.7314135227407,-13.26726047217736,-1.2680828316990727,0.0
0.9121597485839221,-3138.8888610236477,-3138.8192537741566,-11.718039537733238,-1.2284299169117125,0.02
-1.0947554735999292,-3139.9836164972476,-3139.9140092477564,-11.756900975684905,-1.231220856092511,0.02
-1.1418420544638836,-3141.1254585517113,-3141.05585130222,-12.011847965393862,-1.2446126319817252,0.02
-1.4354466627120448,-3142.560905214423,-3142.491297964932,-12.432562988866733,-1.2671871026823684,0.02
-1.6252438220854941,-3144.1861490365086,-3144.1165417870175,-12.581426746589946,-1.2818174763082226,0.02
-0.315973817279979,-3144.5021228537885,-3144.4325156042974,-12.272896361460598,-1.269543074891967,0.02
-1.2013299110806979,-3145.7034527648693,-3145.633845515378,-12.237670271736702,-1.2655963191098065,0.02
-1.4820101383136368,-3147.185462903183,-3147.115855653692,-12.260827727945623,-1.2690409423541622,0.02
-1.7301168869598413,-3148.915579790143,-3148.845972540652,-12.741588335928153,-1.2425739101216167,0.02
-2.660011619687943,-3151.575591409831,-3151.5059841603397,-13.01869316560402,-1.2915236802344168,0.02
-0.5649062913919756,-3152.140497701223,-3152.070890451732,-12.77849996843308,-1.2803473268353691,0.02
-0.8445169653759466,-3152.985014666599,-3152.915407417108,-12.660771553868361,-1.2731349117124893,0.02
-1.5649225598183807,-3154.5499372264176,-3154.4803299769264,-12.659827871153812,-1.272739191202745,0.02
-2.1212473710479016,-3156.6711845974655,-3156.6015773479744,-12.83869062377853,-1.300562394558905,0.02
-1.5954970049998685,-3158.2666816024653,-3158.197074352974,-13.25885707312247,-1.3241241432803434,0.02
-3.0718410082728056,-3161.338522610738,-3161.268915361247,-13.193652672877574,-1.3755740064499609,0.02
-2.047910554255978,-3163.386433164994,-3163.3168259155027,-13.1821136437451,-1.3842076064526818,0.02
-1.2409037210399885,-3164.627336886034,-3164.5577296365427,-13.384546859465054,-1.3946018514347651,0.02
-2.7765318863999084,-3167.4038687724337,-3167.3342615229426,-13.514230377388902,-1.4382462856907665,0.02
-1.4154361250760388,-3168.81930489751,-3168.749697648019,-13.955784097295677,-1.457921320496128,0.02
-0.7906475425967473,-3169.6099524401066,-3169.5403451906154,-13.753024576267912,-1.4271166057604825,0.02
-1.2687018074399181,-3170.8786542475464,-3170.8090469980552,-13.736446552979572,-1.425825294741282,0.02
-0.9145136683199706,-3171.7931679158664,-3171.7235606663753,-13.76870966229048,-1.4271921975966277,0.02
-0.4191923000880542,-3172.2123602159545,-3172.1427529664634,-13.29700228019614,-1.3985501212407905,0.02
-1.7623795793600219,-3173.9747397953147,-3173.9051325458236,-13.335569606641046,-1.4058908252526308,0.02
-1.2776003985600086,-3175.2523401938747,-3175.1827329443836,-13.289033573894617,-1.4010414133274312,0.02
-1.6073619620400157,-3176.859702155915,-3176.7900949064237,-13.383293697043293,-1.410287504847272,0.02
-1.1159351594158238,-3177.975637315331,-3177.90603006584,-13.288445215987744,-1.3914824817539893,0.02
-0.9598765700591334,-3178.9355138853903,-3178.865906635899,-13.207449039463391,-1.3867215472047747,0.02
-3.005907025959767,-3181.94142091135,-3181.871813661859,-12.882750688232633,-1.4102119991912345,0.02
-0.508064244671879,-3182.449485156022,-3182.379877906531,-12.515950027954936,-1.383741745555072,0.02
-0.2916171172137508,-3182.741102273236,-3182.6714950237447,-12.065075489602146,-1.358281842182867,0.02
-0.7695544438400033,-3183.510656717076,-3183.441049467585,-11.906784079544508,-1.3475910098452684,0.02
-0.5747272473599344,-3184.085383964436,-3184.015776714945,-11.680899715392984,-1.3119213767181659,0.02
-0.6571185116759002,-3184.742502476112,-3184.6728952266208,-11.593281069835966,-1.2721068054233975,0.02
-0.6604087542718944,-3185.402911230384,-3185.3333039808927,-11.373875200561441,-1.252803085453321,0.02
-1.7135681951427149,-3187.1164794255264,-3187.0468721760353,-11.403077668309404,-1.2446132377081753,0.02
-0.8780762130878763,-3187.994555638614,-3187.924948389123,-11.452907679447126,-1.2474435227860965,0.02
-0.048787061399992865,-3188.0433427000144,-3187.9737354505232,-10.953961392405319,-1.207528224994096,0.02
-1.4649627772407965,-3189.5083054772554,-3189.4386982277642,-11.028049381774961,-1.1894674179719384,0.02
-0.14355401663986844,-3189.6518594938952,-3189.582252244404,-10.740008288448907,-1.141586848035098,0.02
-1.3707213467998904,-3191.0225808406954,-3190.952973591204,-10.79525293739538,-1.148258362408055,0.02
-0.7400287108799004,-3191.762609551575,-3191.693002302084,-10.824112211374464,-1.1498616307773364,0.02
-1.0651968539999375,-3192.8278064055753,-3192.758199156084,-11.026079157353706,-1.1617322746237984,0.02
-0.540946469720039,-3193.3687528752953,-3193.299145625804,-10.85245840462918,-1.1510761245637995,0.02
-0.7168117534775725,-3194.0855646287728,-3194.0159573792816,-10.917716058777632,-1.1544181200997523,0.02
-0.7919104342398114,-3194.8774750630128,-3194.8078678135216,-10.840892262817855,-1.1488154522661487,0.02
-0.5588396441599344,-3195.4363147071726,-3195.3667074576815,-10.714603425319394,-1.1414196997880686,0.02
-0.7262508117598101,-3196.1625655189323,-3196.092958269441,-10.824132110034562,-1.1468963235739853,0.02
-0.6763625255997769,-3196.838928044532,-3196.769320795041,-10.729423817106898,-1.1407581454459814,0.02
-1.4929432433735235,-3198.331871287906,-3198.2622640384147,-12.120122228739332,-1.1888602052851303,0.0
-0.4927224328800427,-3198.8245937207857,-3198.7549864712946,-11.88221312527066,-1.1768195444707326,0.0
-0.8518824447967663,-3199.6764761655827,-3199.6068689160916,-11.798983161397945,-1.17102035227739,0.0
-1.6161204933528377,-3201.2925966589355,-3201.2229894094444,-11.804861209427713,-1.1746338288902058,0.0
-0.926051289464775,-3202.2186479484003,-3202.149040698909,-11.700075719889513,-1.1606499782377915,0.0
-0.7828532742398309,-3203.00150122264,-3202.931893973149,-11.934524323466698,-1.1699875673769886,0.0
-0.8779023582078511,-3203.879403580848,-3203.8097963313567,-11.848281409341872,-1.1635190163195317,0.0
-0.9358994724799075,-3204.8153030533276,-3204.7456958038365,-11.75061416905073,-1.152596803002857,0.0
-0.8716111729920566,-3205.6869142263195,-3205.6173069768283,-11.640919935201449,-1.1354266887235014,0.0
-1.1742613499997732,-3206.861175576319,-3206.791568326828,-11.946296937642423,-1.105711683329738,0.0
-0.6575129394750858,-3207.518688515794,-3207.449081266303,-11.99202492083737,-1.1075638162914003,0.0
-2.849175796767972,-3210.3678643125622,-3210.298257063071,-11.662599179257665,-1.1476569929192406,0.0
-0.6871207723197852,-3211.054985084882,-3210.985377835391,-11.478842880419807,-1.1301009571692688,0.0
-1.1953202352638366,-3212.250305320146,-3212.1806980706547,-11.530014254540378,-1.1115824144535875,0.0
-0.716842686280025,-3212.9671480064258,-3212.8975407569346,-11.370708041434346,-1.0940093280791907,0.0
-1.2390092682398337,-3214.2061572746657,-3214.1365500251745,-12.07025219850445,-1.057352693278531,0.0
-0.6058460267999657,-3214.8120033014657,-3214.7423960519745,-11.99993191754811,-1.0285114027294109,0.0
-0.44384874119996254,-3215.2558520426655,-3215.1862447931744,-11.72363962949906,-1.0125703031326103,0.0
-0.36528654433916136,-3215.6211385870047,-3215.5515313375136,-12.11483098600823,-0.9643453962913955,0.0
-0.46167705737990267,-3216.0828156443845,-3216.0132083948934,-11.863591566766482,-0.9452702149374729,0.0
-0.95271684203807,-3217.0355324864227,-3216.9659252369315,-11.913425281612401,-0.9485116009262992,0.0
-0.9362739959679731,-3217.9718064823905,-3217.9021992328994,-11.869148144029309,-0.9418630446968602,0.0
-0.7496850204200862,-3218.7214915028107,-3218.6518842533196,-11.814239386468516,-0.9385664717388625,0.0
-0.4369560935999055,-3219.1584475964105,-3219.0888403469194,-11.825512270326568,-0.9389217476090996,0.0
-1.0903114818239497,-3220.2487590782343,-3220.179151828743,-11.909889392551491,-0.9254803856583783,0.0
-0.6725961946798937,-3220.9213552729143,-3220.851748023423,-11.780486907392344,-0.9133803015807759,0.0
-0.025913273127980863,-3220.9472685460423,-3220.877661296551,-11.276917213725318,-0.8817513278025352,0.0
-0.4075005574398334,-3221.3547691034823,-3221.285161853991,-11.038074831903673,-0.8675826357630154,0.0
-0.6081191772000154,-3221.9628882806824,-3221.8932810311912,-10.928657049414458,-0.860547487905833,0.0
-0.8294827158399292,-3222.792370996522,-3222.722763747031,-12.427941081658938,-0.8170190017034363,0.0
-1.194649937431937,-3223.987020933954,-3223.917413684463,-12.614815475522901,-0.8307507155586376,0.0
-0.7887139734400349,-3224.775734907394,-3224.706127657903,-12.942364758807154,-0.8406926526831632,0.0
-1.074060906239882,-3225.849795813634,-3225.780188564143,-13.006841218229761,-0.8467827819311607,0.0
-0.5086152730399371,-3226.358411086674,-3226.288803837183,-12.961932403769788,-0.8454605424447607,0.0
0.7986326985257342,-3225.5597783881485,-3225.4901711386574,-11.208546181866533,-0.8163455182407282,0.02
-2.088351216045466,-3227.648129604194,-3227.5785223547027,-10.975818719511022,-0.8449043674761996,0.02
-0.5952253755058703,-3228.2433549796997,-3228.1737477302086,-10.953717686873192,-0.8225375110834626,0.02
-0.9274602925598732,-3229.1708152722595,-3229.1012080227683,-10.963808529614106,-0.8235251926729026,0.02
-1.6828363079679292,-3230.8536515802275,-3230.7840443307364,-11.36478966188283,-0.8562061776042613,0.02
-1.598431057984008,-3232.4520826382113,-3232.38247538872,-11.32861175826506,-0.8588755432191256,0.02
-1.1305517509726974,-3233.582634389184,-3233.513027139693,-11.777933267395113,-0.8786154979057821,0.02
-0.8519924507039816,-3234.434626839888,-3234.365019590397,-11.743507494608844,-0.8682409199838639,0.02
-0.7791900478583011,-3235.2138168877464,-3235.1442096382552,-11.757775176053824,-0.8690241467234319,0.02
-0.28793487122393213,-3235.5017517589704,-3235.4321445094793,-11.427954889531811,-0.8534789070679117,0.02
-0.8389038683927751,-3236.340655627363,-3236.271048377872,-11.548917171713098,-0.8594380550413665,0.02
-0.6036858864000079,-3236.944341513763,-3236.874734264272,-11.499918369082314,-0.8571755376998152,0.02
-1.6404309331199705,-3238.584772446883,-3238.515165197392,-11.484262542202393,-0.8741459476774185,0.02
-0.4856598427519612,-3239.070432289635,-3239.000825040144,-11.444747093654236,-0.872682351649259,0.02
-1.4205717303199146,-3240.4910040199547,-3240.4213967704636,-11.52070857776794,-0.8865687700204612,0.02
-0.7057923033039322,-3241.1967963232587,-3241.1271890737676,-11.53284654840722,-0.8871573655745442,0.02
-0.6198034790591898,-3241.816599802318,-3241.7469925528267,-11.426481667808197,-0.8696945702882575,0.02
-0.8594061656220726,-3242.67600596794,-3242.606398718449,-11.580830395401433,-0.8770282449430981,0.02
-1.0436521105919552,-3243.719658078532,-3243.650050829041,-11.620783529426426,-0.8808636382590019,0.02
-0.478908248903906,-3244.198566327436,-3244.1289590779447,-11.483737736534179,-0.8581193933700233,0.02
-1.0818580970399458,-3245.2804244244758,-3245.2108171749846,-11.506924196928807,-0.8612355295215266,0.02
0.17296100628801636,-3245.1074634181878,-3245.0378561686966,-10.85379150642252,-0.8421192439109697,0.04
-0.6175993031199078,-3245.7250627213075,-3245.6554554718164,-10.769612264077699,-0.8369131828092108,0.04
-0.9095526131999991,-3246.6346153345075,-3246.5650080850164,-10.764448599871463,-0.8363862456236127,0.04
-0.28433798942395894,-3246.9189533239314,-3246.8493460744403,-10.510503456535888,-0.8246407819522507,0.04
-0.6208355326503987,-3247.5397888565817,-3247.4701816070906,-10.398804384157927,-0.8135722656052633,0.04
0.5695151373520069,-3246.9702737192297,-3246.9006664697386,-9.523404783589216,-0.7890317040687215,0.06
-1.8298884598560115,-3248.800162179086,-3248.7305549295947,-10.278998440601828,-0.7686459573304822,0.06
-1.3946908228797952,-3250.194853001966,-3250.1252457524747,-10.330502716255218,-0.7827973583416824,0.06
-0.7488407957038772,-3250.9436937976698,-3250.8740865481786,-10.27476515597689,-0.7738677695504832,0.06
-1.1037984862118768,-3252.0474922838816,-3251.9778850343905,-10.340179429679232,-0.7816068855491203,0.06
-0.9566356939198526,-3253.0041279778015,-3252.9345207283104,-10.330827866724665,-0.7759594140627206,0.06
-0.6578900861791068,-3253.6620180639807,-3253.5924108144895,-10.350210252341702,-0.7770002952503035,0.06
-0.36120276341598745,-3254.0232208273965,-3253.9536135779053,-10.305629006013543,-0.775347375694624,0.06
-0.632484181183878,-3254.6557050085803,-3254.586097759089,-10.43178648275158,-0.7806913284315183,0.06
-0.6103998340239578,-3255.2661048426044,-3255.1964975931132,-10.499016894165907,-0.7836657839643993,0.06
-0.5022246525119467,-3255.768329495116,-3255.698722245625,-10.361001879970498,-0.7746559401738771,0.06
-0.3157338840527036,-3256.084063379169,-3256.014456129678,-10.131128676360774,-0.7622451379355715,0.06
-0.5568180446400381,-3256.640881423809,-3256.5712741743178,-10.065184498114112,-0.7583877984199705,0.06
-0.5674701292799916,-3257.208351553089,-3257.138744303598,-10.123825993361487,-0.7609980791335724,0.06
-0.88240307566552,-3258.0907546287544,-3258.0211473792633,-10.102382719201588,-0.7568399110104036,0.06
-0.5137758647999988,-3258.6045304935546,-3258.5349232440635,-10.041580169309817,-0.7536635044128058,0.06
-0.9176887270079686,-3259.5222192205624,-3259.4526119710713,-10.473881841377805,-0.7714990134904055,0.06
-0.6084788189598764,-3260.1306980395225,-3260.0610907900314,-10.57011792895343,-0.7755185787208064,0.06
-0.13652373839984255,-3260.2672217779223,-3260.197614528431,-10.29874122316816,-0.766086669944803,0.06
-0.10164890505628871,-3260.3688706829785,-3260.2992634334873,-9.950690701732583,-0.7515299937291302,0.06
0.01947510364803451,-3260.3493955793306,-3260.2797883298394,-9.50708625768281,-0.7272474929075307,0.08
-0.42572158855992703,-3260.7751171678906,-3260.7055099183995,-9.385112617303136,-0.7199876452099285,0.08
-0.9641281331279248,-3261.7392453010184,-3261.6696380515273,-9.377510630262776,-0.7177889897476895,0.08
-0.6276475516390911,-3262.3668928526577,-3262.2972856031665,-9.420167447369867,-0.7201696353196724,0.08
-0.9040407931919254,-3263.2709336458497,-3263.2013263963586,-10.761234281618007,-0.7542231051540256,0.06
-0.7767370433758531,-3264.0476706892255,-3263.9780634397343,-11.251004319733092,-0.7279908217006333,0.06
-0.6480222007999612,-3264.6956928900254,-3264.6260856405343,-11.27340402676053,-0.7290467582065152,0.06
-1.4796587423518732,-3266.1753516323774,-3266.1057443828863,-11.170826920473969,-0.7400907272023552,0.06
-1.0556380469120081,-3267.2309896792895,-3267.1613824297983,-11.403450736680776,-0.7275467619812368,0.06
-1.112164866240032,-3268.3431545455296,-3268.2735472960385,-11.60736645129529,-0.7178214381463571,0.06
-0.9507656986799948,-3269.2939202442094,-3269.2243129947183,-11.620376444888082,-0.7142257171005033,0.06
-0.2294637661999963,-3269.5233840104092,-3269.453776760918,-11.293960232799794,-0.7017751434104236,0.06
1.274469016420911,-3268.2489149939884,-3268.1793077444972,-9.00176380860645,-0.6607019621248393,0.08
-1.3146343654894252,-3269.5635493594777,-3269.4939421099866,-9.1906748301544,-0.6812359520101492,0.08
-0.7097736659039791,-3270.2733230253816,-3270.2037157758905,-9.16396842254885,-0.6786533479603734,0.08
-0.9373156226399066,-3271.2106386480214,-3271.1410313985302,-9.234202852135668,-0.6853259426851713,0.08
-1.2439827449277783,-3272.4546213929493,-3272.385014143458,-9.334122326271657,-0.6773969789213274,0.08
-0.6496857838559638,-3273.1043071768054,-3273.0346999273143,-9.392365251750887,-0.6806774977434074,0.08
-0.5680281542207333,-3273.6723353310263,-3273.602728081535,-9.354853607491508,-0.6636266262214237,0.08
-1.3130049402880117,-3274.9853402713143,-3274.915733021823,-9.37360129569813,-0.6757708789611054,0.08
-0.6562434737855416,-3275.6415837451,-3275.571976495609,-9.384713588419567,-0.6764996788556324,0.08
-0.7406331292798893,-3276.38221687438,-3276.312609624889,-9.362441181363511,-0.6741242181287888,0.08
-0.46748524679991754,-3276.8497021211797,-3276.7800948716886,-9.238284624624207,-0.662600880852948,0.08
-0.19327715076795826,-3277.042979271948,-3276.9733720224567,-9.093503655546975,-0.656888258890229,0.08
-0.10483031759985395,-3277.1478095895477,-3277.0782023400566,-8.787677935955728,-0.6373477033014272,0.08
-0.5344511602943133,-3277.682260749842,-3277.612653500351,-9.215553467750098,-0.6514959466330739,0.06
-0.6722891360560348,-3278.354549885898,-3278.284942636407,-9.231312295957553,-0.6525897432917964,0.06
-0.9065452639999243,-3279.2610951498978,-3279.1914879004066,-9.231029187004012,-0.6525295963077948,0.06
-0.8193532332959639,-3280.080448383194,-3280.010841133703,-9.425301277827941,-0.663229901185235,0.06
-1.0768545132798921,-3281.157302896474,-3281.087695646983,-9.491813767426267,-0.6723502807978248,0.06
-0.3712456641599309,-3281.528548560634,-3281.458941311143,-10.384539976452617,-0.6911654968280635,0.04
-0.8677090813679904,-3282.396257642002,-3282.326650392511,-10.737029114974481,-0.6719219092583031,0.04
-0.5307007626719822,-3282.926958404674,-3282.857351155183,-10.748767303299491,-0.6546421080541468,0.04
-0.4685259359087876,-3283.395484340583,-3283.325877091092,-10.642840993437876,-0.6490358108582451,0.04
-1.0147069717919428,-3284.410191312375,-3284.340584062884,-10.655682662161691,-0.6472539805698464,0.04
-0.5312298193599483,-3284.941421131735,-3284.8718138822437,-10.564907743830783,-0.6387458630786483,0.04
-0.6172722284479616,-3285.5586933601826,-3285.4890861106915,-10.55143571729441,-0.6379335059240254,0.04
-0.8299738128639664,-3286.3886671730465,-3286.3190599235554,-10.732430363755718,-0.647308926912985,0.04
-0.9672385085134831,-3287.35590568156,-3287.286298432069,-10.784367824124429,-0.654004013459577,0.04
-1.4764021848477498,-3288.832307866408,-3288.762700616917,-10.693135607183374,-0.6713240604760529,0.04
-0.8411166616958977,-3289.673424528104,-3289.603817278613,-10.802226271114048,-0.6781019006597319,0.04
-0.8273865443839832,-3290.500811072488,-3290.431203822997,-11.029387102567163,-0.6883349538663576,0.04
-1.6950419004958615,-3292.1958529729836,-3292.1262457234925,-10.865657449117814,-0.7110994309834741,0.04
-0.8422313961600516,-3293.0380843691437,-3292.9684771196526,-10.952153538069766,-0.7165946563210751,0.04
-0.9398764768847474,-3293.9779608460285,-3293.9083535965374,-10.958312970756962,-0.7177441243454598,0.04
-0.605406553113528,-3294.583367399142,-3294.513760149651,-11.001254216273876,-0.7195767381117304,0.04
-2.160837136799801,-3296.7442045359417,-3296.6745972864505,-10.44359376809242,-0.7444397063075671,0.04
-2.2344536447998458,-3298.9786581807416,-3298.9090509312505,-10.080498949262704,-0.7769592028243664,0.04
-0.9686236967999082,-3299.9472818775416,-3299.8776746280505,-10.433345874231183,-0.7936012019923677,0.04
-1.3721077003999493,-3301.3193895779414,-3301.2497823284502,-10.833663620879666,-0.8190103778992409,0.04
-0.10980767425600452,-3301.4291972521974,-3301.359590002706,-10.944902062794375,-0.8215960334573217,0.02
-1.7807160810398375,-3303.209913333237,-3303.140306083746,-11.025208352750207,-0.84869592330692,0.02
-1.3038344222399998,-3304.513747755477,-3304.444140505986,-11.042319484401222,-0.8554900490891613,0.02
-1.353505115496939,-3305.867252870974,-3305.797645621483,-11.160900781718173,-0.8700072003663185,0.02
-1.6199025334237807,-3307.4871554043975,-3307.4175481549064,-11.14428364434828,-0.8843244351709555,0.02
-0.33059067597116243,-3307.8177460803686,-3307.7481388308775,-10.931241509866666,-0.8754015078228617,0.02
-1.1260335778559578,-3308.9437796582247,-3308.8741724087336,-11.04836627935734,-0.8849617353639816,0.02
-1.183068839311991,-3310.1268484975367,-3310.0572412480456,-11.066651965454941,-0.879029937303184,0.02
4.663870463347313,-3305.4629780341893,-3305.393370784698,-5.648595694705675,-0.7646397670979975,0.04
-0.7980009794799509,-3306.2609790136694,-3306.1913717641783,-5.6096315461800925,-0.758356489362796,0.04
-1.247201582319971,-3307.5081805959894,-3307.4385733464983,-5.6411418973923295,-0.7642852070355954,0.04
-0.5825843540723041,-3308.090764950062,-3308.0211577005707,-5.7091855466611126,-0.7713476187930417,0.04
0.014933485375063116,-3308.075831464687,-3308.0062242151957,-6.142830713270274,-0.7965383294139585,0.04
-0.5252501396160649,-3308.601081604303,-3308.531474354812,-6.0359784721579945,-0.7807506448964914,0.04
-0.9810210119998908,-3309.582102616303,-3309.512495366812,-6.075479095027111,-0.7861755918184095,0.04
-0.5741044030079399,-3310.156207019311,-3310.0865997698197,-6.0179410358948555,-0.7789113674257702,0.04
-1.4668005001031255,-3311.623007519414,-3311.553400269923,-6.033964670858567,-0.7833677225292771,0.04
-1.024980334847899,-3312.647987854262,-3312.5783806047707,-6.089056997940631,-0.7908736135491159,0.04
-0.17665412391988278,-3312.8246419781817,-3312.7550347286906,-6.005728832619147,-0.7830461329430989,0.04
-0.46862213752795157,-3313.2932641157095,-3313.2236568662183,-5.889820292542622,-0.7661584768878975,0.04
-0.6520308335039805,-3313.9452949492133,-3313.875687699722,-5.889106931842535,-0.7660742240822666,0.04
-0.39231782921516756,-3314.3376127784286,-3314.2680055289375,-5.826154136268257,-0.759107918080972,0.04
-0.6522983433119707,-3314.9899111217405,-3314.9203038722494,-5.85965566218335,-0.7628041800112131,0.04
-0.5812499227727792,-3315.5711610445132,-3315.501553795022,-5.939936354661583,-0.7705636354513095,0.04
-1.0776933454318616,-3316.648854389945,-3316.579247140454,-6.116719259812493,-0.7900208960079496,0.04
-0.7706833190208714,-3317.419537708966,-3317.3499304594748,-6.158178809359143,-0.7947455391824808,0.04
-1.0240652762880025,-3318.443602985254,-3318.373995735763,-6.210076187809366,-0.8017810619871202,0.04
-0.7406187307199075,-3319.1842217159738,-3319.1146144664826,-6.1849507597029705,-0.7984625313215199,0.04
-1.3004449306399182,-3320.4846666466137,-3320.4150593971226,-6.241016557434518,-0.808084365268399,0.04
-0.26930687999999015,-3320.7539735266137,-3320.6843662771225,-6.101375875163373,-0.7919334126028008,0.04
-0.602486758079924,-3321.3564602846936,-3321.2868530352025,-6.147390691932749,-0.7965582344812008,0.04
-0.7135383475999643,-3322.0699986322934,-3322.0003913828023,-6.123495825216282,-0.7934748198058402,0.04
-0.6236993447999648,-3322.6936979770935,-3322.6240907276024,-6.140805566455888,-0.7953347914483999,0.04
-0.7756620305525688,-3323.469360007646,-3323.399752758155,-6.196240037116596,-0.8014775133412755,0.04
-0.8710134340119293,-3324.340373441658,-3324.270766192167,-6.1770535050822835,-0.7986036425856753,0.04
-0.6676873323358652,-3325.0080607739937,-3324.9384535245026,-6.202225384249305,-0.8013327928451937,0.04
-0.187000853599944,-3325.1950616275935,-3325.1254543781024,-6.110790860631812,-0.7927273653482331,0.04
-0.4320015683198052,-3325.6270631959133,-3325.557455946422,-6.040427532548553,-0.78476792045735,0.04
-0.5958444882079261,-3326.2229076841213,-3326.15330043463,-5.983280158532717,-0.7773400400512389,0.04
-0.25906000745209956,-3326.4819676915736,-3326.4123604420824,-5.813105322691357,-0.752993196503326,0.04
-0.23496047265594472,-3326.7169281642296,-3326.6473209147384,-5.702327804342987,-0.7408700727225268,0.04
-0.6363217885990816,-3327.3532499528287,-3327.2836427033376,-5.672733580546321,-0.7370487776068287,0.04
-0.7031957061599994,-3328.0564456589887,-3327.9868384094975,-5.58232673830837,-0.7172118537201115,0.04
-0.7243349011006994,-3328.780780560089,-3328.711173310598,-5.565043395323235,-0.7148539238189245,0.04
-0.517183901632783,-3329.297964461722,-3329.228357212231,-5.500240389054571,-0.7064000723138852,0.04
-0.9859982090239332,-3330.283962670746,-3330.214355421255,-5.555126587724693,-0.7140119054320933,0.04
-0.8461124503678215,-3331.130075121114,-3331.0604678716227,-5.492725738080943,-0.6877174117034537,0.04
-0.6125344781999676,-3331.7426095993137,-3331.6730023498226,-5.404543327690856,-0.6552790283714561,0.04
-0.4132606280400065,-3332.1558702273537,-3332.0862629778626,-5.3162461952287225,-0.6441717669962581,0.04
-0.9459632410397798,-3333.1018334683936,-3333.0322262189025,-5.277813576452506,-0.6356488778090547,0.04
-0.7326502477439095,-3333.8344837161376,-3333.7648764666465,-5.401753548896825,-0.6481057292788128,0.04
-1.3358145988440184,-3335.1702983149817,-3335.1006910654905,-5.3888702266118935,-0.6392076996348964,0.04
-0.7677314321599116,-3335.9380297471416,-3335.8684224976505,-5.331237204673122,-0.6284856398332946,0.04
-0.7998511617599453,-3336.7378809089014,-3336.6682736594103,-5.275591272472713,-0.6174125607585548,0.04
-0.9675426705472439,-3337.7054235794485,-3337.6358163299574,-5.232628590209405,-0.604365363501024,0.04
-0.9251472379783395,-3338.630570817427,-3338.5609635679357,-5.333913308438896,-0.6162564947411675,0.04
-0.8503816225279605,-3339.4809524399548,-3339.4113451904636,-5.302634002195987,-0.6107434556346076,0.04
1.178001776640056,-3338.3029506633147,-3338.2333434138236,-4.700907971781455,-0.5635220433155667,0.06
-0.9566356939198526,-3339.2595863572346,-3339.1899791077435,-11.85865435344286,-0.6759321664609099,0.04
-0.4076244403199952,-3339.6672107975546,-3339.5976035480635,-11.68287694924089,-0.6681246356777109,0.04
-0.5301182574985579,-3340.197329055053,-3340.127721805562,-11.667477135192371,-0.6537829691812825,0.04
-1.0566593118975898,-3341.2539883669506,-3341.1843811174595,-11.723175488234503,-0.6632644683377883,0.04
-0.7171748190720681,-3341.9711631860227,-3341.9015559365316,-12.348305797340512,-0.6779066344267309,0.02
-1.0713313495040129,-3343.0424945355267,-3342.9728872860355,-12.444027009661154,-0.6888282586244898,0.02
-2.462457271503836,-3345.5049518070305,-3345.4353445575393,-10.993917734986157,-0.7184569838145688,0.02
-0.026978374768695468,-3345.531930181799,-3345.462322932308,-10.604657197265384,-0.7075144632497838,0.02
-0.7403243045118817,-3346.272254486311,-3346.2026472368198,-10.671661293930491,-0.692984939337959,0.02
-0.6172151950719771,-3346.8894696813827,-3346.8198624318916,-10.600413803886648,-0.6848296365424406,0.02
-0.7029736884798783,-3347.5924433698624,-3347.5228361203713,-10.901861326331892,-0.6953560278336406,0.02
-0.782869920399989,-3348.3753132902625,-3348.3057060407714,-11.025208394244801,-0.7016409834910813,0.02
-0.433393862976013,-3348.8087071532386,-3348.7390999037475,-10.919600860419322,-0.6972682440805218,0.02
-1.1010735893167722,-3349.9097807425555,-3349.8401734930644,-11.10893550474934,-0.711443359282554,0.02
-1.208800979279928,-3351.1185817218357,-3351.0489744723445,-11.154193810995585,-0.7225734120019132,0.02
-0.9289335433223467,-3352.047515265158,-3351.977908015667,-11.250713022021355,-0.7295270844129046,0.02
-1.6177899709439232,-3353.6653052361016,-3353.5956979866105,-11.07393334453804,-0.7403290169231458,0.02
-0.9490387981601184,-3354.6143440342616,-3354.5447367847705,-11.106434989866958,-0.7438961265059306,0.02
-0.9559650023999791,-3355.5703090366615,-3355.5007017871703,-11.102750930130194,-0.7425341210281702,0.02
-1.5723892428383794,-3357.1426982794997,-3357.0730910300085,-11.023725165993378,-0.7591695312705398,0.02
-0.06427680943190861,-3357.2069750889314,-3357.1373678394402,-10.593778486250642,-0.7344461688463795,0.02
-0.9355522321598824,-3358.142527321091,-3358.0729200716,-10.86988491628788,-0.7477710758895774,0.02
-0.4147463180799792,-3358.557273639171,-3358.48766638968,-10.774810524715683,-0.7440162670895784,0.02
-0.42510287041585193,-3358.9823765095866,-3358.9127692600955,-10.647096431648848,-0.7382475575458962,0.02
-0.4303853864799911,-3359.4127618960665,-3359.3431546465754,-10.555866771775664,-0.7343812783794966,0.02
-0.4964596261632428,-3359.90922152223,-3359.839614272739,-10.45258810778901,-0.7287972302917102,0.02
-2.086797610815818,-3361.9960191330456,-3361.9264118835545,-10.082636953370528,-0.7531129138277879,0.02
-0.9960576341905869,-3362.992076767236,-3362.922469517745,-10.15253712580814,-0.7596803198648824,0.02
-1.1383777649247242,-3364.130454532161,-3364.06084728267,-10.482986741223918,-0.778707858091378,0.02
-0.5294235525298772,-3364.6598780846907,-3364.5902708351996,-10.53147608144354,-0.7806562977755794,0.02
-0.9677587718399622,-3365.627636856531,-3365.5580296070398,-10.632563536141605,-0.78809458344822,0.02
-0.7406331292798893,-3366.368269985811,-3366.29866273632,-10.874830818171299,-0.7977260458847759,0.02
-0.5869937408159935,-3366.955263726627,-3366.885656477136,-11.084600232637081,-0.8047667112479769,0.02
-1.551354228039974,-3368.506617954667,-3368.437010705176,-11.122538571783112,-0.8230673600367947,0.02
-0.4774567008959473,-3368.984074655563,-3368.9144674060717,-11.019726489317959,-0.8185525799315139,0.02
-0.906249646599981,-3369.8903243021628,-3369.8207170526716,-11.069448406141987,-0.8221908748414993,0.02
-0.713848334759948,-3370.6041726369226,-3370.5345653874315,-11.15564167934585,-0.8261241635040426,0.02
-0.46395513777594916,-3371.0681277746985,-3370.9985205252074,-10.974639197012657,-0.8156833020790829,0.02
-0.8857875953999875,-3371.9539153700985,-3371.8843081206073,-10.983741882281798,-0.8164768049797263,0.02
-0.8830554719839863,-3372.8369708420823,-3372.767363592591,-11.072015152455231,-0.8218872248554067,0.02
-1.2766911635999243,-3374.1136620056823,-3374.044054756191,-11.294420620140823,-0.8391558355666049,0.02
-0.9044855820000206,-3375.0181475876825,-3374.9485403381914,-11.286189397578763,-0.8383262823858098,0.02
-0.9276369244406679,-3375.9457845121233,-3375.876177262632,-11.340315051972256,-0.842226015919745,0.02
-1.1072666010239312,-3377.0530511131474,-3376.9834438636562,-11.350787083999135,-0.8376550559633432,0.02
-0.6171011283200081,-3377.6701522414673,-3377.600544991976,-11.29202205801469,-0.8346424498865451,0.02
-1.244378471999887,-3378.9145307134672,-3378.844923463976,-11.34492393016783,-0.8435329960913439,0.02
-1.27043063683197,-3380.184961350299,-3380.115354100808,-11.358783735257767,-0.8495907554170387,0.02
-0.837553352443104,-3381.0225147027422,-3380.952907453251,-11.337679223822963,-0.8478388777063338,0.02
-0.796128322752036,-3381.818643025494,-3381.749035776003,-11.322112969450618,-0.8467538117108152,0.02
-0.858522788999887,-3382.677165814494,-3382.607558565003,-14.174445143170933,-0.8874843030236143,0.0
-1.2721487430400122,-3383.949314557534,-3383.8797073080427,-14.173497361711227,-0.8937945640060174,0.0
-1.5169757491438118,-3385.466290306678,-3385.3966830571867,-14.433162287147459,-0.9159815901824938,0.0
-0.8617209998518952,-3386.32801130653,-3386.2584040570387,-14.645804155577782,-0.9226136450295604,0.0
-1.0380195515759891,-3387.3660308581057,-3387.2964236086145,-14.643323332457767,-0.9222408498231285,0.0
-1.252724903760762,-3388.6187557618664,-3388.5491485123753,-14.767720100355827,-0.9329518515169025,0.0
-0.6380151630428048,-3389.2567709249092,-3389.187163675418,-14.583782273029122,-0.9242855277876783,0.0
0.10321569196801972,-3389.153555232941,-3389.08394798345,-14.884100234198065,-0.8729720685182412,0.02
-1.0020774355200115,-3390.155632668461,-3390.0860254189697,-15.894631069021635,-0.8924740497332674,0.02
-0.7022382167999717,-3390.857870885261,-3390.78826363577,-15.867973370866723,-0.8917123279790292,0.02
-0.9446290931998209,-3391.8024999784607,-3391.7328927289695,-16.060653922878178,-0.8982606059415861,0.02
-1.6840270646423776,-3393.4865270431033,-3393.416919793612,-15.853611678318488,-0.9178816734648361,0.02
-1.076528199999968,-3394.563055243103,-3394.493447993612,-15.950089862061217,-0.9237548390568356,0.02
-0.848443677059947,-3395.411498920163,-3395.341891670672,-16.327012392254122,-0.9320558353385144,0.02
-0.7358334102559412,-3396.147332330419,-3396.077725080928,-16.191831820476132,-0.9247510317572977,0.02
-0.6597070022399054,-3396.807039332659,-3396.7374320831677,-16.01572392067796,-0.9137691522164972,0.02
-0.8432841808327397,-3397.6503235134915,-3397.5807162640003,-15.98119258778444,-0.9120561649667052,0.02
-0.42118780838400854,-3398.0715113218753,-3398.001904072384,-15.84230734695073,-0.8881241217155068,0.02
-0.6173292618239461,-3398.6888405836994,-3398.6192333342083,-15.656935740943338,-0.8814899309887834,0.02
-0.6502615590239555,-3399.3391021427233,-3399.269494893232,-15.503355785651621,-0.8753758621212628,0.02
-0.5873918609914506,-3399.9264940037147,-3399.8568867542235,-15.572619739252646,-0.8556759144843242,0.02
-2.8641436729752634,-3402.79063767669,-3402.721030427199,-13.87137082467206,-0.9116732517551914,0.02
-0.8398117702399432,-3403.63044944693,-3403.560842197439,-13.839410559186815,-0.9097584425167926,0.02
-0.24882312381595373,-3403.879272570746,-3403.8096653212547,-13.66847574048888,-0.9064399786315122,0.02
-0.4457173334399961,-3404.3249899041857,-3404.2553826546946,-13.686791123243815,-0.9068522678919949,0.02
-0.5594432799200123,-3404.8844331841055,-3404.8148259346144,-13.792933898526902,-0.9094334257607954,0.02
-0.2999901270320029,-3405.1844233111374,-3405.1148160616463,-13.608634391567755,-0.9055040357781706,0.02
-0.302324487728004,-3405.4867477988655,-3405.4171405493744,-13.771401510011309,-0.8698145733164143,0.02
-0.44403883948797435,-3405.9307866383533,-3405.861179388862,-13.48933156312037,-0.8587741974223619,0.02
-0.42698792600004776,-3406.3577745643533,-3406.288167314862,-13.202065130687567,-0.8445464006438687,0.02
-0.5334860635999872,-3406.891260627953,-3406.821653378462,-13.20497728507342,-0.8446276508652708,0.02
-0.3502655027999572,-3407.2415261307533,-3407.171918881262,-12.873187712219288,-0.8322777854844707,0.02
-0.3461103508799649,-3407.587636481633,-3407.518029232142,-12.616134104669005,-0.8243873299164721,0.02
-0.2909465277599784,-3407.878583009393,-3407.808975759902,-12.394740792816746,-0.8184663856553519,0.02
-0.29358529439994047,-3408.172168303793,-3408.102561054302,-12.178726990740536,-0.7933110069825511,0.02
-0.40261796871289746,-3408.574786272506,-3408.505179023015,-12.125628592944151,-0.7918142323388903,0.02
-0.11980008431996725,-3408.694586356826,-3408.624979107335,-11.654113840264689,-0.7760852410932898,0.02
-1.5631564263998126,-3410.257742783226,-3410.188135533735,-11.598860532504382,-0.7930714029260872,0.02
-1.0679874131302958,-3411.3257301963563,-3411.256122946865,-11.795762974460793,-0.8051520484331742,0.02
-1.061761380287964,-3412.387491576644,-3412.317884327153,-11.817570543478292,-0.8086715241309337,0.02
-0.7454636959423735,-3413.1329552725865,-3413.0633480230954,-11.778320529803354,-0.8059196886101014,0.02
-0.7713727842559409,-3413.9043280568426,-3413.8347208073515,-11.744321080720777,-0.7958133210232218,0.02
-1.1795931671680264,-3415.0839212240107,-3415.0143139745196,-11.757114558327505,-0.801315472726582,0.02
1.2811399711440445,-3413.8027812528667,-3413.7331740033756,-9.513093464372709,-0.7571399348148877,0.04
-3.7261572587519143,-3417.5289385116184,-3417.4593312621273,-8.195544354316901,-0.8095177479694473,0.04
-5.25875244360006,-3422.7876909552183,-3422.718083705727,-6.823533764433616,-0.9023507742750483,0.04
-2.2816499928318508,-3425.06934094805,-3424.999733698559,-6.843711265464295,-0.9230962046916876,0.04
-1.1876232621598852,-3426.25696421021,-3426.1873569607187,-6.835251297280135,-0.921440057198246,0.04
-1.0564847938559923,-3427.3134490040657,-3427.2438417545745,-6.866958068057154,-0.9258186860265036,0.04
-1.0202347713597586,-3428.3336837754255,-3428.2640765259343,-6.900879338451873,-0.9303008149986581,0.04
-1.0690847532288459,-3429.402768528654,-3429.333161279163,-6.931109417634973,-0.9345120542832371,0.04
-0.6179649767999477,-3430.0207335054542,-3429.951126255963,-6.835751609410196,-0.9214283789584361,0.04
-0.5473802072400707,-3430.5681137126944,-3430.4985064632033,-6.7091609069459075,-0.9020364681203611,0.04
-1.2859681349025944,-3431.854081847597,-3431.784474598106,-6.7616418764475705,-0.9105214108213753,0.04
-1.054381491071993,-3432.908463338669,-3432.838856089178,-6.763741177038692,-0.9108486496112953,0.04
-0.6855546561671427,-3433.5940179948366,-3433.5244107453454,-6.684858972889411,-0.8995052446594229,0.04
-0.8719074220079195,-3434.4659254168446,-3434.3963181673535,-6.724729145341833,-0.9041830898387252,0.04
-1.3340654377391825,-3435.799990854584,-3435.730383605093,-7.006389549605495,-0.9329287124328691,0.02
-0.866066963840054,-3436.666057818424,-3436.596450568933,-6.9860141683974195,-0.93020850299927,0.02
-0.628812534911946,-3437.294870353336,-3437.225263103845,-6.971937609381112,-0.9287399893615094,0.02
-0.5045283849598797,-3437.799398738296,-3437.729791488805,-6.892217104939799,-0.9199379751967107,0.02
-0.5671699825279644,-3438.366568720824,-3438.296961471333,-6.761731667768404,-0.8976008335544224,0.02
-0.40788599039996964,-3438.774454711224,-3438.7048474617327,-6.646009185645193,-0.8842279893624224,0.02
-0.2940098464238283,-3439.0684645576475,-3438.9988573081564,-6.537530480073609,-0.8731393127497,0.02
-0.4777854966719389,-3439.5462500543194,-3439.4766428048283,-6.488992426271995,-0.86797835447802,0.02
-0.7523915392800105,-3440.2986415935993,-3440.229034344108,-6.505046077890127,-0.8698320452188222,0.02
-0.38172920558936685,-3440.6803707991885,-3440.6107635496974,-6.419282745530678,-0.8606009457139546,0.02
-0.7496237548799215,-3441.4299945540683,-3441.360387304577,-6.48148586654239,-0.867169664643873,0.02
-0.46499715181914897,-3441.8949917058876,-3441.8253844563965,-6.451592188138059,-0.864123022443777,0.02
-0.7921916820000223,-3442.6871833878877,-3442.6175761383965,-6.475743503791286,-0.8669616249032984,0.02
0.05968250326402064,-3442.6275008846237,-3442.5578936351326,-6.324815901115724,-0.854020137618189,0.04
-0.7347224371839947,-3443.3622233218075,-3443.2926160723164,-6.300696046585707,-0.8114317129023635,0.04
-0.6416575837839122,-3444.0038809055914,-3443.9342736561002,-6.267865077634986,-0.8074686291732429,0.04
-0.8693572706559843,-3444.8732381762475,-3444.8036309267563,-6.388572535581852,-0.8198793121100435,0.04
-0.872415198968802,-3445.745653375216,-3445.676046125725,-6.466141223670213,-0.8284132694206197,0.04
-0.6341674767040012,-3446.37982085192,-3446.310213602429,-6.480549018162682,-0.8299077533562993,0.04
-0.7272281279999054,-3447.10704897992,-3447.037441730429,-6.569254688557238,-0.8384525133756574,0.04
-1.1670889151687471,-3448.2741378950886,-3448.2045306455975,-6.7208217403760555,-0.8557478019244723,0.04
-0.9788919130799438,-3449.253029808169,-3449.1834225586776,-6.818310134976126,-0.8664448633963118,0.04
-2.493556017447906,-3451.746585825617,-3451.6769785761257,-6.9427626756157155,-0.9077762252252688,0.04
-2.446720722879875,-3454.193306548497,-3454.1236992990057,-7.059621872322921,-0.9460409184108666,0.04
-0.9686236967999082,-3455.161930245297,-3455.0923229958057,-7.18092548237984,-0.9584080822908656,0.04
-1.624170067900773,-3456.7861003131975,-3456.7164930637064,-7.369493995725762,-0.983969276631282,0.04
-0.06799375525593765,-3456.8540940684534,-3456.7844868189623,-7.306831489297414,-0.9795102211812011,0.04
-1.6530565679998381,-3458.5071506364534,-3458.4375433869623,-7.514155681289484,-1.006699646653199,0.04
-1.0596606463999492,-3459.5668112828535,-3459.4972040333623,-7.643884025780423,-1.01984050020694,0.04
-2.5669489333999227,-3462.1337602162534,-3462.0641529667623,-7.882143472216539,-1.0687834771885392,0.04
-1.1326422089038846,-3463.266402425157,-3463.196795175666,-7.839481594222589,-1.0601731928386207,0.04
-0.7860905231040265,-3464.0524929482613,-3463.98288569877,-7.7915339921693185,-1.054535255038095,0.04
-2.040728489279826,-3466.093221437541,-3466.02361418805,-7.854857682095974,-1.0741145972179325,0.04
-0.9384990803519906,-3467.031720517893,-3466.962113268402,-7.890720671365239,-1.0779753049061247,0.04
-1.0813129958398684,-3468.1130335137327,-3468.0434262642416,-7.944265361731807,-1.0841741091378034,0.04
-0.7274181039999639,-3468.8404516177325,-3468.7708443682413,-7.868366072092329,-1.075130607874442,0.04
-1.0694453466000036,-3469.9098969643323,-3469.840289714841,-8.761018617794921,-1.122142314229323,0.02
-1.387917049569662,-3471.297814013902,-3471.228206764411,-9.195106378057902,-1.075377510045678,0.02
-1.5592335338000285,-3472.857047547702,-3472.787440298211,-12.269232298930634,-1.0013871318496774,0.02
-1.3763314681559369,-3474.233379015858,-3474.163771766367,-12.635789458072113,-0.983280761356159,0.02
-1.8495408976989411,-3476.082919913557,-3476.013312664066,-12.519776336711818,-0.9965191140669403,0.02
-2.225803669559848,-3478.3087235831167,-3478.2391163336256,-12.25379020273166,-1.0199054915810175,0.02
-1.0189250628637025,-3479.3276486459804,-3479.2580413964893,-12.253475199835997,-1.0198792974110962,0.02
-1.52356746463999,-3480.8512161106205,-3480.7816088611294,-12.275405929785377,-1.0289689516393192,0.02
-0.7564737933438982,-3481.6076899039645,-3481.5380826544733,-12.341891560096068,-1.0317391279701982,0.02
-0.7475486824246855,-3482.355238586389,-3482.285631336898,-12.444980347427647,-1.0357424974738905,0.02
-0.8965541896959104,-3483.251792776085,-3483.182185526594,-12.367935914085319,-1.0279542185697566,0.02
-0.8003010254799203,-3484.0520938015648,-3483.9824865520736,-12.289077381439203,-1.0228726092579152,0.02
-0.4086460863999545,-3484.460739887965,-3484.3911326384737,-12.131144753008702,-1.0173344378625715,0.02
-0.9349445615997987,-3485.3956844495647,-3485.3260772000735,-12.151169463518405,-1.0185951806544091,0.02
-1.101023987148765,-3486.4967084367136,-3486.4271011872224,-12.127995082656575,-1.013934351642601,0.02
-0.5649612820798721,-3487.0616697187934,-3486.9920624693023,-11.995056322673475,-1.007912238007397,0.02
-1.6538245471254096,-3488.715494265919,-3488.645887016428,-12.15242655674049,-1.0284124782516664,0.02
-0.288248396705655,-3489.0037426626245,-3488.9341354131334,-12.010274319982662,-1.024086878486582,0.02
-1.0831725435328212,-3490.0869152061573,-3490.017307956666,-12.202204204230892,-1.034406929706679,0.02
-1.8209043025919978,-3491.907819508749,-3491.838212259258,-12.471141598983966,-1.0626672959505195,0.02
-1.7178969381998934,-3493.625716446949,-3493.5561091974578,-12.877219546666923,-1.091145037786041,0.02
-0.8432941995679295,-3494.469010646517,-3494.3994033970257,-13.079667141936023,-1.0984552118439606,0.02
-0.9566170960798767,-3495.4256277425966,-3495.3560204931055,-13.165868442185353,-1.102539722979958,0.02
-1.504507978247851,-3496.9301357208446,-3496.8605284713535,-13.583287206413264,-1.1249952984331277,0.02
-0.7026745655440156,-3497.6328102863886,-3497.5632030368974,-13.557171596052223,-1.1240563146464095,0.02
-1.5371172719999369,-3499.1699275583887,-3499.1003203088976,-13.93249882874936,-1.1454987170500255,0.02
-1.9095493305278883,-3501.079476888917,-3501.0098696394257,-14.025358741783048,-1.1678458700205827,0.02
-1.6758983578558628,-3502.7553752467725,-3502.6857679972813,-15.020510106957884,-1.2025574872429803,0.0
-0.7963607308798039,-3503.5517359776522,-3503.482128728161,-15.061282907140365,-1.2037902531168965,0.0
-0.8060195104000154,-3504.357755488052,-3504.288148238561,-15.177825992455217,-1.2070774916492186,0.0
-1.8102056849998682,-3506.167961173052,-3506.098353923561,-15.302575946586,-1.2258944599360964,0.0
-1.4412225353231871,-3507.609183708375,-3507.539576458884,-15.48568230234938,-1.237270606663184,0.0
-2.028726501120001,-3509.637910209495,-3509.568302960004,-15.724907549461319,-1.265161787151504,0.0
-0.18496315861365917,-3509.822873368109,-3509.753266118618,-15.18651584722263,-1.254316487763779,0.0
-1.586389879919956,-3511.4092632480288,-3511.3396559985376,-15.243802290952178,-1.2627025070588032,0.0
-0.6723314916319086,-3512.081594739661,-3512.0119874901698,-15.053468643102073,-1.2565712986298425,0.0
-0.7996811813999526,-3512.881275921061,-3512.81166867157,-15.264151201836201,-1.2226938019088833,0.0
-1.7352756781359013,-3514.616551599197,-3514.546944349706,-15.708755266264225,-1.208464901014004,0.0
-0.3934400515999127,-3515.009991650797,-3514.940384401306,-15.25295108267227,-1.1969612281100042,0.0
-0.5436223834879126,-3515.553614034285,-3515.484006784794,-14.871207967752603,-1.1753502744217468,0.0
-1.0549252906606315,-3516.608539324946,-3516.538932075455,-15.754762573082322,-1.1950889051298406,0.0
-0.19445193137759498,-3516.8029912563234,-3516.7333840068322,-14.985029505637531,-1.1659168123973958,0.0
-0.2092727858879655,-3517.0122640422114,-3516.9426567927203,-14.35076976477284,-1.1489090551871561,0.0
-0.36214140758841173,-3517.3744054497997,-3517.3047982003086,-14.48964021898111,-1.1048129046709259,0.0
-0.900032989067933,-3518.2744384388675,-3518.2048311893764,-14.408774755811294,-1.100160720274207,0.0
-0.6105945366320167,-3518.8850329754996,-3518.8154257260085,-14.294112421973166,-1.0966508005447668,0.0
-0.0918373129599756,-3518.9768702884594,-3518.9072630389683,-13.76624187487723,-1.0576729770183697,0.0
-0.64692731831998,-3519.6237976067796,-3519.5541903572885,-13.620008299336158,-1.0518415417777296,0.0
0.24608373552005924,-3519.3777138712594,-3519.3081066217683,-12.598069953130603,-1.025293607150531,0.02
-0.41964056479991474,-3519.7973544360593,-3519.727747186568,-12.419289902160383,-1.01913805636653,0.02
-0.55191121390242,-3520.3492656499616,-3520.2796584004705,-12.217044972547614,-1.0087873737125783,0.02
-0.516400318559884,-3520.8656659685216,-3520.7960587190305,-11.97664844703605,-0.9913570390923827,0.02
-1.4244454879617072,-3522.2901114564834,-3522.2205042069922,-11.991528280631966,-0.9886612781756163,0.02
-0.8259662875280207,-3523.1160777440114,-3523.0464704945202,-11.903594909100642,-0.977653974563058,0.02
-0.5309706715200115,-3523.6470484155316,-3523.5774411660404,-11.792565016082404,-0.9512825700394794,0.02
-0.7717102668800118,-3524.4187586824114,-3524.3491514329203,-12.053575416316264,-0.9222007019858826,0.02
-1.1726154614398459,-3525.591374143851,-3525.52176689436,-12.071960092516644,-0.9252745099574056,0.02
-0.8570808804158903,-3526.4484550242673,-3526.378847774776,-12.047527130573256,-0.9119447782729234,0.02
-0.9457096315918487,-3527.394164655859,-3527.324557406368,-12.107566468054985,-0.9157294950378825,0.02
-0.044887284800058325,-3527.4390519406593,-3527.369444691168,-11.632443532040242,-0.90167626708539,0.02
-0.9561820275999237,-3528.395233968259,-3528.325626718768,-11.646714638765415,-0.9028688238434702,0.02
-1.0863563386271906,-3529.4815903068866,-3529.4119830573954,-11.712133430633141,-0.9085899301064156,0.02
-0.9464965029599168,-3530.4280868098463,-3530.358479560355,-11.952232966699167,-0.9193469384376148,0.02
-0.7250781404863116,-3531.1531649503327,-3531.0835577008415,-11.882965024505824,-0.9151496100153451,0.02
-1.2242768577839178,-3532.3774418081166,-3532.3078345586255,-11.890657067165876,-0.9176146674280481,0.02
-11.765757321504,-3544.143199129621,-3544.0735918801297,-5.007592697127563,-1.1416305882165307,0.02
-0.38499360600802424,-3544.5281927356286,-3544.4585854861375,-4.8910533197900525,-1.116253969394183,0.02
1.7775682776864876,-3542.750624457942,-3542.681017208451,-4.5782529026101315,-1.0749376359063403,0.04
-0.7776452462479044,-3543.5282697041903,-3543.458662454699,-4.550800510617958,-1.068827089960642,0.04
-0.980845902176031,-3544.5091156063663,-3544.439508356875,-4.48858372220875,-1.0520259219523225,0.04
-0.04991245529605692,-3544.5590280616625,-3544.4894208121714,-4.338278705320516,-1.018666232294246,0.04
-0.8348090467828863,-3545.3938371084455,-3545.3242298589544,-4.337508040424182,-1.018496529238545,0.04
-0.5841895295200794,-3545.9780266379657,-3545.9084193884746,-4.302946536249148,-1.011047977907349,0.04
-1.0874914659936024,-3547.065518103959,-3546.995910854468,-4.271183377359098,-1.0027076476622638,0.04
-0.3152608312320047,-3547.3807789351913,-3547.3111716857,-4.232352809832257,-0.9949593729760238,0.04
-0.7608297567519655,-3548.1416086919435,-3548.0720014424523,-4.170101703938307,-0.9794336226710644,0.04
-0.49934854079990487,-3548.6409572327434,-3548.5713499832523,-4.059957548186734,-0.9512296068765046,0.04
-1.1570834515895991,-3549.798040684333,-3549.728433434842,-4.022831354179056,-0.9408533087511795,0.04
-0.6004950846927108,-3550.398535769026,-3550.3289285195347,-4.004702918409076,-0.9369359958274376,0.04
-0.598261240639941,-3550.996797009666,-3550.9271897601748,-3.9855347605581946,-0.932780830432236,0.04
-0.358559168519921,-3551.355356178186,-3551.285748928695,-3.8683024174535756,-0.9037479001026371,0.04
-0.29519806399995807,-3551.650554242186,-3551.580946992695,-3.7694339418536105,-0.8808274106761727,0.04
-0.30724606295992196,-3551.957800305146,-3551.888193055655,-3.636078324279163,-0.8463978019129709,0.04
-0.9444415843519207,-3552.902241889498,-3552.8326346400067,-3.7073497432057705,-0.8615873704277363,0.04
-0.5359479483998053,-3553.438189837898,-3553.3685825884068,-3.6228762556291545,-0.8405785317973333,0.04
-0.6289960762240275,-3554.067185914122,-3553.997578664631,-3.6189199673851475,-0.8397118234891756,0.04
-0.4322620631327666,-3554.499447977255,-3554.429840727764,-3.5850975285635673,-0.832363441123832,0.04
-0.6234315500959923,-3555.122879527351,-3555.05327227786,-3.4996757506313187,-0.8101265585630335,0.04
-0.1261847651998959,-3555.249064292551,-3555.1794570430598,-3.472793308407045,-0.8047814528350333,0.04
-2.1113935331999385,-3557.360457825751,-3557.29085057626,-3.586922615585085,-0.8361368758292739,0.04
-0.8868210217087148,-3558.2472788474597,-3558.1776715979686,-3.5731029153446356,-0.8327747904502355,0.04
-0.8533753301439351,-3559.1006541776037,-3559.0310469281126,-3.6352147674892255,-0.8459532584255622,0.04
0.962816726592053,-3558.137837451012,-3558.0682302015207,-3.4979978054515657,-0.822511468175962,0.06
-0.6071872409919938,-3558.745024692004,-3558.6754174425128,-3.52096533008469,-0.8274123848440337,0.06
-0.0551995432870217,-3558.800224235291,-3558.7306169857998,-3.441881267328561,-0.8105157159284153,0.06
-1.7231848303999597,-3560.523409065691,-3560.4538018161998,-3.526616453134358,-0.8327675218037743,0.06
-0.08963051098405239,-3560.613039576675,-3560.543432327184,-3.5263881232250918,-0.8327233857642559,0.06
-0.9566356939198526,-3561.569675270595,-3561.5000680211037,-3.5528876555609887,-0.8389175532762532,0.06
-0.9423237284361041,-3562.5119989990308,-3562.4423917495396,-3.669307961937319,-0.8626857025553766,0.04
-0.6101684858878912,-3563.1221674849185,-3563.0525602354273,-3.687293786050836,-0.8664962609771361,0.04
-0.823736194772658,-3563.945903679691,-3563.8762964302,-3.711754179462432,-0.8719327605945408,0.04
-0.8145778376959326,-3564.7604815173872,-3564.690874267896,-3.7388333222935857,-0.8778963109772618,0.04
-0.9332083599999123,-3565.693689877387,-3565.624082627896,-3.7010275701358286,-0.8680715684180258,0.04
-0.8651852214559006,-3566.5588750988427,-3566.4892678493516,-3.7043959504029473,-0.8688559470965835,0.04
-0.9226322385335901,-3567.481507337376,-3567.411900087885,-3.739347949936011,-0.876689178436855,0.04
-0.9162927338326696,-3568.3978000712086,-3568.3281928217175,-3.7518164633593547,-0.8795808277759082,0.04
-0.7008508780800197,-3569.0986509492886,-3569.0290436997975,-3.7123592742372282,-0.8701455361087116,0.04
-0.8064618559999914,-3569.905112805289,-3569.8355055557977,-3.7079883401504476,-0.8691331556203937,0.04
-1.1235435033599557,-3571.028656308649,-3570.9590490591577,-3.7223732810126626,-0.8726898330557558,0.04
-1.184227444818518,-3572.2128837534674,-3572.1432765039763,-3.8281327626412955,-0.8954766362561251,0.04
-2.069554291430388,-3574.282438044898,-3574.2128307954067,-3.9041087034600905,-0.9177440815327345,0.04
-1.132280706207968,-3575.4147187511057,-3575.3451115016146,-3.9077677099334447,-0.9186625688843497,0.04
-0.9459880439199821,-3576.3607067950256,-3576.2910995455345,-3.907724849398753,-0.9186523997035512,0.04
-0.8535563911680304,-3577.214263186194,-3577.1446559367027,-3.919131215655076,-0.9212219647171855,0.04
-1.4387157895679448,-3578.652978975762,-3578.583371726271,-3.9348845157778323,-0.9255107433528661,0.04
0.9753558701633326,-3577.6776231055987,-3577.6080158561076,-7.289924911730575,-0.6706884795195195,0.06
-0.3781557650638577,-3578.0557788706624,-3577.9861716211713,-7.287757809784919,-0.6705517227006361,0.06
-0.7961429628320269,-3578.8519218334945,-3578.7823145840034,-9.304295632064301,-0.7220259475110063,0.04
-1.3290102776136274,-3580.180932111108,-3580.111324861617,-9.335665533010415,-0.7330532481383208,0.04
-0.4936250381759784,-3580.6745571492843,-3580.604949899793,-9.214204753549689,-0.7233088308583199,0.04
-0.04616298933592944,-3580.7207201386204,-3580.6511128891293,-9.211735705943562,-0.7232338415391172,0.04
-0.9950207360255577,-3581.715740874646,-3581.646133625155,-9.234317478117667,-0.7264380753239706,0.04
-1.2526534099199533,-3582.968394284566,-3582.8987870350747,-9.329865223022665,-0.7398073529319682,0.04
-1.0766556046800158,-3584.045049889246,-3583.975442639755,-9.329334273102738,-0.7395906357056965,0.04
-0.9435949380431876,-3584.988644827289,-3584.919037577798,-9.532347487723241,-0.75215731784192,0.04
-1.0845503505310221,-3586.0731951778203,-3586.003587928329,-9.581121729859582,-0.7586317297175011,0.04
-1.2265794076494554,-3587.2997745854695,-3587.2301673359784,-9.721132372421646,-0.7731763470544922,0.04
-1.2620035368079119,-3588.5617781222772,-3588.492170872786,-9.719485784136037,-0.7752747487588586,0.04
-1.0570427437753205,-3589.6188208660524,-3589.5492136165612,-9.820177367605604,-0.7844057019405107,0.04
-0.9167488587960188,-3590.5355697248483,-3590.465962475357,-9.905874321378725,-0.7907754543036323,0.04
-1.111001919359826,-3591.646571644208,-3591.576964394717,-10.124808039430025,-0.8058243093204304,0.04
-0.7164074783999743,-3592.362979122608,-3592.293371873117,-10.314459557307249,-0.8142484976084305,0.04
-0.9442573330559318,-3593.307236455664,-3593.237629206173,-10.56032352946657,-0.826988723010351,0.04
-0.9443406192640384,-3594.2515770749283,-3594.181969825437,-10.560305908537387,-0.8269867037085933,0.04
-0.34566881169585023,-3594.597245886624,-3594.527638637133,-10.461932936188177,-0.823181120974514,0.04
-1.2396164601598878,-3595.836862346784,-3595.767255097293,-10.573425221042035,-0.8353935286532312,0.04
-0.5804524242592036,-3596.4173147710435,-3596.3477075215524,-10.64439780907346,-0.83835733587576,0.04
-1.2414783293919633,-3597.6587931004356,-3597.5891858509444,-10.763693348444738,-0.8507182714616794,0.04
-2.125137542079915,-3599.7839306425153,-3599.714323393024,-10.918830895178484,-0.8906973269992798,0.04
-1.5361153988800558,-3601.3200460413955,-3601.2504387919043,-11.145697866600909,-0.8791917643128823,0.04
-2.632705555667619,-3603.952751597063,-3603.883144347572,-10.606373102382662,-0.9141094549920603,0.04
-1.2743161226399498,-3605.227067719703,-3605.157460470212,-10.668919042249167,-0.9225282708419806,0.04
-2.7042661073999263,-3607.931333827103,-3607.861726577612,-11.722370490475003,-0.9958699275218202,0.02
-0.8344657412959575,-3608.765799568399,-3608.696192318908,-11.817228224544952,-1.0004154975278994,0.02
-4.615365769519945,-3613.381165337919,-3613.311558088428,-10.01937156935155,-1.091618822052558,0.02
-1.559217133389625,-3614.9403824713086,-3614.8707752218174,-10.019835958976344,-1.0883394681123513,0.02
-1.59529386151989,-3616.5356763328286,-3616.4660690833375,-10.437036729330833,-1.118452735123068,0.02
-2.136728810507315,-3618.672405143336,-3618.602797893845,-10.479411623522564,-1.142054597454817,0.02
-1.1340985329519877,-3619.8065036762882,-3619.736896426797,-10.521795654073754,-1.1458900935451348,0.02
-1.1433309991919052,-3620.9498346754804,-3620.8802274259892,-10.672510183121677,-1.1565533438112152,0.02
-0.8332645349679961,-3621.783099210448,-3621.713491960957,-10.675405696670838,-1.156743910615122,0.02
-1.1479174519151907,-3622.931016662363,-3622.861409412872,-10.75880436187199,-1.163410702899507,0.02
-1.7102386777998835,-3624.641255340163,-3624.5716480906717,-10.859152380356472,-1.1789513092555064,0.02
-1.030004569407908,-3625.671259909571,-3625.6016526600797,-10.903734660868396,-1.1822476962145467,0.02
-0.4191148678639083,-3626.0903747774346,-3626.0207675279435,-10.71828003192721,-1.172177348801153,0.02
-0.9307111247999805,-3627.0210859022345,-3626.9514786527434,-10.7222034150635,-1.1724657166204993,0.02
-1.7062072294399355,-3628.7272931316743,-3628.657685882183,-10.898385166718889,-1.1925728436476977,0.02
-1.6363696089598998,-3630.363662740634,-3630.294055491143,-11.043780117325346,-1.209170998706896,0.02
-1.6409122000573975,-3632.0045749406913,-3631.9349676912,-11.106145042759103,-1.2195183726408445,0.02
-1.4344910606224046,-3633.4390660013137,-3633.3694587518225,-11.143650423356043,-1.2245236449569223,0.02
-1.1116313041680155,-3634.5506973054817,-3634.4810900559905,-11.102445371735495,-1.205365185211675,0.02
-1.1972498866400805,-3635.747947192122,-3635.678339942631,-11.115424764399753,-1.206664568820317,0.02
-1.2761725167907434,-3637.0241197089126,-3636.9545124594215,-11.18866245321061,-1.2132682582777323,0.02
-0.42651964315032265,-3637.450639352063,-3637.3810321025717,-11.019198694856962,-1.204727523317378,0.02
-1.3297891731984763,-3638.7804285252614,-3638.7108212757703,-11.006521184166877,-1.2025489909899887,0.02
-7.099749801849535,-3645.880178327111,-3645.81057107762,-8.91154059712822,-1.3640511044302464,0.0
-0.7504465175998548,-3646.630624844711,-3646.5610175952197,-9.006297520910811,-1.3714969194809663,0.0
-0.3826363693599954,-3647.013261214071,-3646.94365396458,-8.902725198811348,-1.3632267876115254,0.0
-1.411262143200042,-3648.424523357271,-3648.35491610778,-8.913392193812241,-1.3648718249232539,0.0
-0.8725280559998052,-3649.2970514132708,-3649.2274441637796,-9.002866292965356,-1.3724498852797304,0.0
-0.3489477333759806,-3649.645999146647,-3649.5763918971556,-9.098616405038724,-1.3785055801605313,0.0
-0.8837557183839323,-3650.5297548650306,-3650.4601476155394,-9.076224015231956,-1.3762802798076987,0.0
-0.6597566079999568,-3651.1895114730305,-3651.1199042235394,-8.959832561908076,-1.3644223437692988,0.0
-1.100305876396705,-3652.2898173494273,-3652.220210099936,-8.963948651221031,-1.3648953492036326,0.0
-0.9302409292174693,-3653.220058278645,-3653.150451029154,-8.961311304677196,-1.364628269027118,0.0
-0.7588262371647048,-3653.9788845158096,-3653.9092772663184,-8.896580813671243,-1.3581137867597919,0.0
-0.6470767754479702,-3654.6259612912577,-3654.5563540417666,-8.784427893692651,-1.3465237341157623,0.0
-1.021605634295911,-3655.6475669255537,-3655.5779596760626,-8.745823479733696,-1.3417157760655223,0.0
-0.13032631860810262,-3655.777893244162,-3655.708285994671,-8.526369726764521,-1.3231814475621777,0.0
-1.5622477195678812,-3657.34014096373,-3657.270533714239,-8.617891851504737,-1.336091424777615,0.0
2.4426567000000485,-3654.89748426373,-3654.8278770142388,-7.349451806447782,-1.2650182523904174,0.02
-0.7831111190398778,-3655.6805953827698,-3655.6109881332786,-7.360623257153692,-1.2663523252032158,0.02
-0.9345973212800124,-3656.6151927040496,-3656.5455854545585,-7.359186311208632,-1.2661591249676973,0.02
-0.9143394450256551,-3657.5295321490753,-3657.459924899584,-7.354695558046965,-1.2655591014829295,0.02
-17.31001909503987,-3674.8395512441152,-3674.769943994624,-4.452088871415579,-1.6048461071498101,0.02
-0.9069063096160177,-3675.746457553731,-3675.67685030424,-4.431232249318295,-1.5981919041389328,0.02
-1.0766607820798435,-3676.8231183358107,-3676.7535110863196,-4.4640278094707915,-1.6081160712953453,0.02
-0.9576078138119379,-3677.7807261496228,-3677.7111189001316,-4.446300589020106,-1.6024386609837449,0.02
-0.7011387815039491,-3678.481864931127,-3678.4122576816358,-4.363928041544791,-1.5739586857722259,0.02
-0.7713079193599826,-3679.253172850487,-3679.1835656009957,-4.317331124756554,-1.5586625361818245,0.02
-1.9165846457593823,-3681.1697574962463,-3681.100150246755,-4.284474137321265,-1.5443401179836593,0.02
-0.7784477738062503,-3681.9482052700528,-3681.8785980205616,-4.253630328560112,-1.5344227510069854,0.02
-0.3191790477758929,-3682.2673843178286,-3682.1977770683375,-4.121429329138173,-1.486721009814505,0.02
-1.1602333372798959,-3683.4276176551084,-3683.3580104056173,-4.141534517923552,-1.4932363617341835,0.02
-1.4726500766318686,-3684.9002677317403,-3684.830660482249,-4.029334049994929,-1.430382047876422,0.02
-0.9698713571440278,-3685.870139088884,-3685.800531839393,-3.99493563319528,-1.41859513235151,0.02
-0.6865195535999389,-3686.556658642484,-3686.4870513929927,-3.9407010433376413,-1.400419646193111,0.02
-0.9290086000271698,-3687.485667242511,-3687.41605999302,-3.8748747260448666,-1.376265241983508,0.02
0.04660314220804518,-3687.4390641003033,-3687.369456850812,-3.7967415437005747,-1.3526512084803075,0.04
-1.0112316030608375,-3688.450295703364,-3688.380688453873,-3.788893535365542,-1.3500092205576864,0.04
-0.9374069404799967,-3689.387702643844,-3689.318095394353,-3.795319208333207,-1.352092068667926,0.04
-0.836531694336041,-3690.22423433818,-3690.154627088689,-3.776516041673675,-1.3458643535163433,0.04
-0.708794139199936,-3690.93302847738,-3690.863421227889,-3.7188331528205265,-1.325835462744344,0.04
-1.3997721532032505,-3692.3328006305833,-3692.263193381092,-3.740075343391428,-1.333230814420251,0.04
-0.34210540366885706,-3692.674906034252,-3692.605298784761,-3.7348930033923784,-1.33169062513635,0.04
-0.7357797055358506,-3693.4106857397883,-3693.341078490297,-3.7228253326539593,-1.3277919967510676,0.04
-0.3741239969597804,-3693.7848097367482,-3693.715202487257,-3.643943789542266,-1.3011503321014644,0.04
-1.2604380237199133,-3695.045247760468,-3694.975640510977,-3.6235328628944794,-1.2936317003966644,0.04
-0.8384403740061865,-3695.883688134474,-3695.814080884983,-3.5781636401955184,-1.2775822638756404,0.04
-0.5987361429279586,-3696.482424277402,-3696.412817027911,-3.5290122363250855,-1.2608671655217514,0.04
-0.43017456199980664,-3696.9125988394017,-3696.8429915899105,-3.487270048473485,-1.2472380306783872,0.04
-0.7041723609016817,-3697.6167712003034,-3697.5471639508123,-3.458142769604877,-1.2373764801636193,0.04
-0.9392763845919835,-3698.5560475848956,-3698.4864403354045,-3.4388549879890937,-1.2306385575196441,0.04
-0.08627610236799865,-3698.642323687264,-3698.5727164377727,-3.4163168069202294,-1.2238336867039976,0.04
-2.3902194333599622,-3701.032543120624,-3700.9629358711327,-3.468356258279855,-1.2450422919072275,0.04
-1.0811588781887522,-3702.1137019988128,-3702.0440947493216,-3.3183381447522136,-1.1246704734340118,0.04
-0.9177144982650329,-3703.0314164970778,-3702.9618092475866,-3.3287753286712576,-1.1280158330473151,0.04
-0.7245732334079384,-3703.755989730486,-3703.686382480995,-3.3512637404758308,-1.134854570328274,0.04
-0.9069063096160177,-3704.6628960401017,-3704.5932887906106,-3.321647213517557,-1.1247674536565935,0.04
-1.6423795780799695,-3706.305275618182,-3706.2356683686908,-3.3659878230434277,-1.1401644840981968,0.04
-0.9464965029599168,-3707.2517721211416,-3707.1821648716505,-3.4048064321936145,-1.1521154594898757,0.04
-1.011351322800062,-3708.263123443942,-3708.1935161944507,-3.412661140191125,-1.1546673715781983,0.04
-0.08848567119986173,-3708.351609115142,-3708.2820018656507,-3.3736791380022098,-1.1432419528421964,0.04
-0.8082860863999834,-3709.159895201542,-3709.090287952051,-3.3558093321344664,-1.1374015570422618,0.04
-1.1991436950526877,-3710.3590388965945,-3710.2894316471034,-3.371914894074241,-1.1427796123589662,0.04
-0.4998001014159419,-3710.8588389980105,-3710.7892317485193,-3.355083319697427,-1.137599089643991,0.04
-0.6593983468798522,-3711.51823734489,-3711.448630095399,-3.3558798137507404,-1.1378455210726286,0.04
-1.04592805743994,-3712.56416540233,-3712.494558152839,-3.357344150442564,-1.1383319695355092,0.04
-0.6035314553855742,-3713.167696857716,-3713.0980896082247,-3.3895915092421087,-1.1477960722710587,0.04
-1.0718669640959448,-3714.2395638218118,-3714.1699565723206,-3.3616300349877815,-1.13798845716162,0.04
-1.2870811561334528,-3715.526644977945,-3715.457037728454,-3.666642924860904,-1.21258321428429,0.02
-1.0586150042559632,-3716.585259982201,-3716.51565273271,-3.68439785762096,-1.2180932919886116,0.02
-0.8502368058239403,-3717.435496788025,-3717.365889538534,-3.6789255914015273,-1.2164060816794902,0.02
0.0206410213760303,-3717.414855766649,-3717.345248517158,-3.6129862079086665,-1.1977064723514566,0.04
-0.8347843314399268,-3718.249640098089,-3718.180032848598,-13.847245349426062,-0.8682017770794578,0.04
-0.7273926549117684,-3718.977032753001,-3718.90742550351,-13.77759231965056,-0.8646115039853727,0.04
-0.5204697005119575,-3719.497502453513,-3719.4278952040218,-13.554100031028979,-0.8534876823540148,0.04
-0.6007502295999179,-3720.0982526831126,-3720.0286454336215,-13.406657526510639,-0.8463505306697746,0.04
-0.45470614438954937,-3720.552958827502,-3720.483351578011,-13.241759845241706,-0.8414218779274866,0.04
-0.46937915267761304,-3721.0223379801796,-3720.9527307306885,-13.061811261598452,-0.8353833025938391,0.04
-0.4542090734367802,-3721.4765470536163,-3721.406939804125,-13.318099519475117,-0.806135791147387,0.04
-0.5714328238110603,-3722.047979877427,-3721.978372627936,-13.211198844472547,-0.8019954921474833,0.04
-0.49922452639995285,-3722.547204403827,-3722.477597154336,-13.374049749420372,-0.8055964017199645,0.04
-0.45603822104014113,-3723.003242624867,-3722.933635375376,-13.150021803306531,-0.7915124993951693,0.04
-0.7173623684079654,-3723.720604993275,-3723.650997743784,-13.247239604036873,-0.7764067452306914,0.04
-0.7348534434680316,-3724.4554584367434,-3724.3858511872522,-13.195349285038503,-0.7717063869571714,0.04
-0.9449711258399669,-3725.400429562583,-3725.330822313092,-13.267120988512048,-0.7768754184019719,0.04
-0.618855914793506,-3726.019285477377,-3725.9496782278857,-13.161263504159542,-0.7706723646972986,0.04
-0.87191548294409,-3726.891200960321,-3726.82159371083,-14.038678048965044,-0.7890427372003415,0.02
-0.9334687902398913,-3727.824669750561,-3727.75506250107,-14.03647247933641,-0.7874874809439224,0.02
-0.9178901013119848,-3728.742559851873,-3728.672952602382,-14.034401485154964,-0.7870971441605622,0.02
-0.648248071679985,-3729.390807923553,-3729.321200674062,-13.95295725094396,-0.7833314717074411,0.02
-5.044196955199796,-3734.435004878753,-3734.3653976292617,-8.588946034355606,-0.8700395280274382,0.02
-1.1221654348799504,-3735.557170313633,-3735.487563064142,-8.570729824772359,-0.8644873936609723,0.02
0.5474773589840333,-3735.009692954649,-3734.940085705158,-8.126390246490857,-0.8466957384079146,0.04
-0.9088138672800055,-3735.918506821929,-3735.848899572438,-8.160964768723794,-0.8501564216427976,0.04
-1.2829686526079707,-3737.201475474537,-3737.1318682250458,-8.344036703643443,-0.8683333147557613,0.04
-0.7938883617839174,-3737.995363836321,-3737.9257565868297,-8.27772711365176,-0.8590023215170415,0.04
-1.3135978234079086,-3739.3089616597285,-3739.2393544102374,-8.338124323288122,-0.868505470505076,0.04
-0.7642498779918926,-3740.0732115377205,-3740.0036042882293,-8.379557580065498,-0.8718157452063545,0.04
-1.0485585127680375,-3741.1217700504885,-3741.0521628009974,-8.525482134424584,-0.8841834242217191,0.04
-0.7498503715279805,-3741.8716204220163,-3741.802013172525,-8.536576987932296,-0.8850969844342452,0.04
-2.085700957156668,-3743.957321379173,-3743.887714129682,-8.536308705648558,-0.908025475885539,0.04
-0.27157191180294493,-3744.228893290976,-3744.159286041485,-8.612484199122589,-0.9117313920742379,0.04
-0.1464507258046146,-3744.3753440167807,-3744.3057367672895,-8.449075969916496,-0.8668560179231308,0.04
-1.0202157213358256,-3745.3955597381164,-3745.3259524886253,-8.440802090606514,-0.8656371547860722,0.04
-0.1357662880799978,-3745.5313260261964,-3745.4617187767053,-8.207885570377723,-0.8499981905823717,0.04
-1.4037840683927696,-3746.935110094589,-3746.865502845098,-8.295589930948745,-0.8635824072820684,0.04
-0.14089463039991346,-3747.076004724989,-3747.006397475498,-8.072990840755173,-0.8482621736977463,0.04
-1.0680248753662958,-3748.1440296003557,-3748.0744223508646,-8.050010684322379,-0.8367750796434728,0.04
-0.9194011859199287,-3749.0634307862756,-3748.9938235367845,-8.045575763802136,-0.836233173302673,0.04
-0.8006605676158904,-3749.8640913538916,-3749.7944841044005,-8.009526380236561,-0.8320193581989895,0.04
-1.5726872701439634,-3751.4367786240355,-3751.3671713745443,-8.302720602355693,-0.8617033901778715,0.04
-0.1932596797551301,-3751.6300383037906,-3751.5604310542994,-8.118681865877203,-0.8494028620449744,0.04
-0.6336407252799416,-3752.2636790290703,-3752.194071779579,-8.022631811279673,-0.8380928026495195,0.04
-0.8371418451840298,-3753.100820874254,-3753.031213624763,-8.104570169610993,-0.8448396375248813,0.04
-0.37372451433594933,-3753.4745453885903,-3753.404938139099,-8.02235443562797,-0.8391261608740033,0.04
-0.7671521985678948,-3754.2416975871583,-3754.172090337667,-7.974758457638044,-0.8335506436965625,0.04
-0.40788599039996964,-3754.649583577558,-3754.579976328067,-7.918858953723206,-0.8296377343968503,0.04
-0.9405277959335765,-3755.5901113734917,-3755.5205041240006,-7.900515450161706,-0.8270109510336029,0.04
0.42679001452802157,-3755.163321358964,-3755.093714109473,-7.399311975438558,-0.7927335276203733,0.06
-0.4795807129055789,-3755.6429020718697,-3755.5732948223786,-7.288594657431002,-0.7811528417933657,0.06
-2.9998234327999254,-3758.6427255046697,-3758.5731182551785,-7.1151354056511895,-0.8241445743328853,0.06
-0.9328642643999108,-3759.5755897690697,-3759.5059825195785,-7.359192229901957,-0.8432146800484043,0.04
-0.8285579539199492,-3760.40414772299,-3760.3345404734987,-7.358089384043491,-0.8430901524980047,0.04
-1.293027988511949,-3761.6971757115016,-3761.6275684620105,-7.436158012035183,-0.8544028591700082,0.04
-0.8823003256079028,-3762.5794760371095,-3762.5098687876184,-7.512051742439439,-0.8616394716719273,0.04
-1.1310402295359494,-3763.7105162666453,-3763.640909017154,-7.604644927832433,-0.8722452716706478,0.04
-1.0337868071038474,-3764.744303073749,-3764.674695824258,-7.72383465075452,-0.8838268849249338,0.04
-0.8883926561998525,-3765.632695729949,-3765.5630884804577,-7.8180269633534465,-0.8922071549953786,0.04
-1.4521461983630881,-3767.084841928312,-3767.015234678821,-7.980454210800805,-0.9121658974939048,0.04
-1.1064244794622042,-3768.191266407774,-3768.121659158283,-8.084479582324866,-0.9228657306069276,0.04
-0.6586404783999331,-3768.849906886174,-3768.7802996366827,-8.126161502037405,-0.9260540496469273,0.04
-0.9405926734336267,-3769.7904995596073,-3769.720892310116,-8.239853276236156,-0.935745138694797,0.04
-0.9320798289599503,-3770.7225793885673,-3770.652972139076,-8.28391363065644,-0.9400394879058367,0.04
0.3664870848717714,-3770.3560923036957,-3770.2864850542046,-7.891224965985744,-0.9180126773390406,0.06
-1.7393142686955652,-3772.0954065723913,-3772.0257993229,-7.950478427142896,-0.9338995401961526,0.06
-1.350724230962342,-3773.4461308033538,-3773.3765235538626,-8.067634620314415,-0.9485369065195293,0.06
-1.0427815295040253,-3774.4889123328576,-3774.4193050833665,-8.096415787143634,-0.951954227450728,0.06
-1.1542723035198954,-3775.6431846363776,-3775.5735773868864,-8.129316865209539,-0.9563702977163281,0.06
-0.9485501814238763,-3776.5917348178014,-3776.52212756831,-8.1346982716517,-0.956983499318566,0.06
-0.6376073546751864,-3777.2293421724767,-3777.1597349229855,-8.132104135609818,-0.9567706849784698,0.06
-0.8541113210398908,-3778.0834534935166,-3778.0138462440254,-10.416659961794556,-0.8729689722952719,0.06
-0.7483712125839581,-3778.8318247061006,-3778.7622174566095,-10.34200394786629,-0.865493087849352,0.06
-0.35612538592008014,-3779.187950092021,-3779.1183428425297,-11.129932040192084,-0.8835651427474341,0.04
-0.9200509042559475,-3780.1080009962766,-3780.0383937467855,-11.132518826441657,-0.8837898834869532,0.04
-1.2577232759521317,-3781.365724272229,-3781.2961170227377,-11.133060854653344,-0.8832849759538364,0.04
-1.1630611996870688,-3782.528785471916,-3782.4591782224247,-11.202103619889996,-0.8906684327118992,0.04
-0.4988605316112066,-3783.027646003527,-3782.958038754036,-11.010626955398573,-0.8743736868759652,0.04
-0.42933126408003575,-3783.4569772676073,-3783.387370018116,-10.863174466621677,-0.8676753145977283,0.04
-2.25160891647997,-3785.7085861840874,-3785.6389789345963,-10.567233146541264,-0.8917363226719668,0.04
-1.3889917763999609,-3787.0975779604873,-3787.027970710996,-10.653397966028415,-0.9045191507694064,0.04
-0.8838947495040275,-3787.9814727099915,-3787.9118654605004,-10.805891220519015,-0.8804830266163536,0.04
-0.23428114199994468,-3788.2157538519914,-3788.1461466025003,-10.781556689790031,-0.8797372112202936,0.04
-0.089631781847968,-3788.3053856338393,-3788.235778384348,-10.739762295853378,-0.8786008323411606,0.04
-0.5441078366623995,-3788.849493470502,-3788.7798862210107,-10.595760212120666,-0.8690786746476923,0.04
-1.0880709431998996,-3789.9375644137017,-3789.8679571642106,-10.995270745097558,-0.8881247677500902,0.04
-0.07620204604798342,-3790.0137664597496,-3789.9441592102585,-10.55136685346636,-0.8615731273031944,0.04
-1.4706901475240513,-3791.484456607274,-3791.4148493577827,-10.93751964165453,-0.8881690376456771,0.04
-0.6581444208000111,-3792.142601028074,-3792.0729937785827,-10.830918841097287,-0.8799714285543516,0.04
-0.9394748659186889,-3793.0820758939926,-3793.0124686445015,-10.835210975136919,-0.8803729021543267,0.04
-1.1419226246399903,-3794.2239985186325,-3794.1543912691413,-10.899509351216434,-0.8871981432948087,0.04
-0.9139939468351506,-3795.1379924654675,-3795.0683852159764,-10.895982764101083,-0.8740242768286325,0.04
-0.8878922580959101,-3796.025884723563,-3795.956277474072,-11.235556668014523,-0.8879169283954481,0.04
-1.188669523072036,-3797.214554246635,-3797.144946997144,-11.368875315340889,-0.8990175043512899,0.04
-1.1774398390719085,-3798.391994085707,-3798.322386836216,-11.428882406508475,-0.9058234642290475,0.04
-0.9022711067759666,-3799.294265192483,-3799.224657942992,-11.670023834382395,-0.9163943960778479,0.04
-1.3301109244798446,-3800.624376116963,-3800.554768867472,-11.759162362288759,-0.9276535705960868,0.04
-1.9614520510720677,-3802.5858281680353,-3802.516220918544,-11.870174317675813,-0.9587248918095288,0.04
-1.212907990079927,-3803.7987361581154,-3803.7291289086243,-11.914706137597943,-0.9641724956924559,0.04
-0.7816819663039489,-3804.5804181244193,-3804.510810874928,-13.004226853877345,-0.9883419353090953,0.02
-0.7837778295934426,-3805.3641959540128,-3805.2945887045216,-13.184562120718832,-0.9944258776428525,0.02
-0.24541818394710674,-3805.60961413796,-3805.5400068884687,-14.419359022460057,-0.9393377726657962,0.02
-1.028797121071884,-3806.6384112590317,-3806.5688040095406,-14.44351869541738,-0.9412564297992355,0.02
-1.2136342044959847,-3807.8520454635277,-3807.7824382140366,-14.521730497648802,-0.9489579548107563,0.02
-1.109192890879874,-3808.9612383544077,-3808.8916311049165,-14.529152370469786,-0.9452812528581148,0.02
-1.6112758238718063,-3810.5725141782796,-3810.5029069287884,-14.463025237376073,-0.9598607628233928,0.02
-1.318135444911805,-3811.890649623191,-3811.8210423737,-14.454991629986573,-0.9636026671309099,0.02
-0.6117953231518911,-3812.502444946343,-3812.432837696852,-14.254619041759032,-0.9551628374518709,0.02
-0.7710150234880364,-3813.273459969831,-3813.20385272034,-14.201140419994614,-0.9528152847976346,0.02
-1.4396312311998867,-3814.713091201031,-3814.64348395154,-14.205202902265022,-0.9525649854543705,0.02
-0.9558443983958365,-3815.668935599427,-3815.599328349936,-14.175504736738432,-0.9495533838330431,0.02
-0.8269329797759877,-3816.495868579203,-3816.426261329712,-14.270449587347423,-0.9529192338605642,0.02
-0.9136923378863773,-3817.4095609170895,-3817.3399536675984,-14.261514844851924,-0.9523812271496191,0.02
-0.9319254011199116,-3818.3414863182093,-3818.271879068718,-14.26146456966612,-0.9523781385928184,0.02
-0.8214292242639059,-3819.162915542473,-3819.093308292982,-15.920400269881641,-0.9761364647755321,0.0
-1.141603343360027,-3820.304518885833,-3820.234911636342,-16.21798704519652,-0.9641822462688212,0.0
-1.0073141246878414,-3821.3118330105212,-3821.24222576103,-16.240819484432432,-0.9573140441433313,0.0
-0.2576203103999172,-3821.569453320921,-3821.49984607143,-15.559075927444482,-0.941610819761249,0.0
-0.8728039875647561,-3822.4422573084858,-3822.3726500589946,-15.501715010619101,-0.9359814534421463,0.0
-0.7544433180671738,-3823.196700626553,-3823.127093377062,-15.410352051123242,-0.9320993161750123,0.0
-1.458703273984033,-3824.6554039005373,-3824.585796651046,-15.532196654271829,-0.9485212345611892,0.0
-0.9569146615199255,-3825.612318562057,-3825.542711312566,-15.573428883250786,-0.9505773013707899,0.0
-0.9543218115998463,-3826.5666403736573,-3826.497033124166,-15.676059823944993,-0.9546963133511076,0.0
-1.972783410220909,-3828.539423783878,-3828.469816534387,-15.686164716297261,-0.9870294738371242,0.0
-1.4667724531199118,-3830.006196236998,-3829.936588987507,-15.686814174935686,-0.9979639048144034,0.0
-1.1740290796799004,-3831.180225316678,-3831.110618067187,-15.688916414463728,-0.9962900208889589,0.0
-1.742574712319709,-3832.9228000289977,-3832.8531927795066,-15.475534737693026,-1.0078802911416118,0.0
-1.9411229104798746,-3834.8639229394776,-3834.7943156899864,-15.506947794653527,-1.036725538718985,0.0
-0.7156194528000663,-3835.5795423922777,-3835.5099351427866,-15.782617107955133,-1.0424513024933857,0.0
-0.659322557599992,-3836.2388649498776,-3836.1692577003864,-16.359162921917832,-1.010605575315786,0.0
-1.0478075379198528,-3837.286672487797,-3837.217065238306,-16.372837621146747,-1.003781890546184,0.0
0.9002582898960525,-3836.386414197901,-3836.31680694841,-13.45415917203516,-0.9680988297581823,0.02
-0.48353695336622027,-3836.8699511512673,-3836.800343901776,-13.68560201310119,-0.9730839459855077,0.02
-3.6869906004351485,-3840.5569417517027,-3840.4873345022115,-11.998390192830968,-1.0450311223572515,0.02
-0.7724727069951971,-3841.329414458698,-3841.259807209207,-12.107679684642353,-1.0495984197639074,0.02
-0.6067880061119875,-3841.93620246481,-3841.8665952153187,-11.936446520051922,-1.0399727610221492,0.02
-1.6219636097376533,-3843.5581660745474,-3843.4885588250563,-12.503227567155832,-1.0708879922959427,0.02
-1.2125123027998854,-3844.7706783773474,-3844.7010711278563,-12.49109107310946,-1.0657244354014592,0.02
-0.5514880229599051,-3845.322166400307,-3845.252559150816,-12.432627742209172,-1.0635913074446572,0.02
-1.126724091119921,-3846.448890491427,-3846.379283241936,-12.480538502420698,-1.0673362919486817,0.02
-0.9749199469566459,-3847.4238104383835,-3847.3542031888924,-12.440659492007887,-1.0639962383950148,0.02
-2.154805792292828,-3849.5786162306763,-3849.509008981185,-12.35272605506637,-1.0888124753041684,0.02
-1.130817915199951,-3850.7094341458765,-3850.6398268963853,-12.420573668822884,-1.0936709884462494,0.02
-0.4265386109247693,-3851.135972756801,-3851.06636550731,-12.115542446003712,-1.078428370203304,0.02
-0.5745623987840107,-3851.710535155585,-3851.640927906094,-11.909105675406355,-1.066370821397546,0.02
-0.6707256077433172,-3852.3812607633286,-3852.3116535138374,-11.81955294069562,-1.061739911416893,0.02
-0.3568877156639543,-3852.7381484789926,-3852.6685412295014,-11.487886623560222,-1.0422754472405753,0.02
-2.4323443305038857,-3855.1704928094964,-3855.1008855600053,-11.2982166236741,-1.0516932928292115,0.02
-1.6827813645998948,-3856.8532741740964,-3856.7836669246053,-11.303597100659031,-1.061090760319611,0.02
-0.6855970159999248,-3857.5388711900964,-3857.4692639406053,-11.267092525173958,-1.0591690613135303,0.02
-0.38229080112005775,-3857.9211619912166,-3857.8515547417255,-11.08695557735447,-1.0511393207440627,0.02
-1.327572082943903,-3859.2487340741604,-3859.1791268246693,-11.468392836378158,-1.0727823987239986,0.02
-0.32934843572788264,-3859.578082509888,-3859.508475260397,-11.18143375649314,-1.0587934250171187,0.02
-4.085037690399932,-3863.663120200288,-3863.593512950797,-9.9621720626815,-1.1162214947351976,0.02
-0.23816661349600873,-3863.9012868137843,-3863.831679564293,-9.690715177569096,-1.0988009691875202,0.02
-0.8444505094399354,-3864.745737323224,-3864.676130073733,-9.586781162333674,-1.0834644628988828,0.02
-1.172980215359907,-3865.918717538584,-3865.849110289093,-9.568209759919094,-1.0805613583078448,0.02
-1.7851672162559153,-3867.70388475484,-3867.634277505349,-9.738030744957834,-1.1040287961699253,0.02
-1.0576858670926952,-3868.761570621933,-3868.691963372442,-9.805459780997369,-1.1097622130420186,0.02
-0.8542979972799214,-3869.615868619213,-3869.546261369722,-9.709668341216062,-1.0980555483636192,0.02
-1.1839081994109977,-3870.7997768186237,-3870.7301695691326,-9.752120988511667,-1.1026168243839225,0.02
-1.117321386047977,-3871.9170982046717,-3871.8474909551805,-9.815391963635673,-1.1084245925093623,0.02
-1.3160740931519306,-3873.233172297824,-3873.1635650483327,-9.88635208896042,-1.1164722276146732,0.02
-1.0918422571985786,-3874.3250145550223,-3874.255407305531,-9.919958151423707,-1.1196705647362466,0.02
-0.9347045937358314,-3875.259719148758,-3875.190111899267,-9.948622404223642,-1.121936072125685,0.02
-1.5818813913597671,-3876.8416005401177,-3876.7719932906266,-9.994178575656091,-1.13074163308568,0.02
-1.764780297891167,-3878.606380838009,-3878.536773588518,-10.069206864967764,-1.1458909565497464,0.02
-0.6067880061119875,-3879.213168844121,-3879.14356159463,-10.209845741027765,-1.152874310463988,0.02
-1.9381759889760342,-3881.151344833097,-3881.081737583606,-10.31545864462589,-1.1741817504922134,0.02
-1.4041285148799454,-3882.555473347977,-3882.485866098486,-10.450886434411256,-1.187175454428469,0.02
-0.9718523883023873,-3883.5273257362796,-3883.4577184867885,-10.37033133866027,-1.177438436714836,0.02
-0.9622290609280373,-3884.489554797208,-3884.4199475477167,-10.371640187162653,-1.1775447247029982,0.02
-0.7882835657311847,-3885.277838362939,-3885.2082311134477,-10.326198949168422,-1.174223959785625,0.02
-1.230765919999961,-3886.508604282939,-3886.438997033448,-10.299038192626325,-1.159383609981206,0.02
-1.1748499833598327,-3887.6834542662987,-3887.6138470168075,-10.262727274769716,-1.1535451605860043,0.02
-1.1434764165118863,-3888.8269306828106,-3888.7573234333195,-10.2573456281288,-1.152934107322644,0.02
-0.9333767616719707,-3889.7603074444824,-3889.690700194991,-10.163777149249327,-1.1367501483096893,0.02
-0.7537821055519278,-3890.5140895500344,-3890.4444823005433,-10.036633076541857,-1.1130033322111303,0.02
-0.9650014119999112,-3891.479090962034,-3891.409483712543,-10.104189610024486,-1.1179909713951275,0.02
-0.44444537798392153,-3891.923536340018,-3891.853929090527,-10.025732146780049,-1.113693427802806,0.02
-0.8851508991999462,-3892.8086872392178,-3892.7390799897266,-9.988781834298848,-1.1104402950284078,0.02
-2.901789889559931,-3895.7104771287777,-3895.6408698792866,-10.872229255346895,-1.1864812586175275,0.0
-0.8834128579680077,-3896.5938899867456,-3896.5242827372545,-11.020817029572717,-1.1944787767095633,0.0
-0.22389351989194967,-3896.8177835066376,-3896.7481762571465,-11.518510895553982,-1.125216835098699,0.0
-0.8953344937982122,-3897.7131180004358,-3897.6435107509446,-11.561095457547093,-1.1276740708347595,0.0
-1.3064881536797928,-3899.0196061541155,-3898.9499989046244,-11.766349744475827,-1.1416680737861156,0.0
-0.11807479972076002,-3899.1376809538365,-3899.0680737043454,-11.273012049530136,-1.1115902975857777,0.0
-0.5436662353919111,-3899.6813471892283,-3899.611739939737,-11.068489611920748,-1.0982133762376183,0.0
-0.5285746628903063,-3900.2099218521184,-3900.1403146026273,-11.058128174406699,-1.097755109036226,0.0
-0.6793031863199792,-3900.8892250384383,-3900.819617788947,-10.930284182048137,-1.0888066909402274,0.0
-0.49115851948764655,-3901.380383557926,-3901.310776308435,-10.759773398850216,-1.0791314623908475,0.0
-0.6831458233094236,-3902.0635293812356,-3901.9939221317445,-10.690478461882893,-1.0496982630111795,0.0
-0.09483542939193251,-3902.1583648106275,-3902.0887575611364,-10.292479803940557,-1.028978613295019,0.0
-1.1955980275200073,-3903.3539628381477,-3903.2843555886566,-10.519632006772621,-1.0443598016269238,0.0
-1.2287692065598226,-3904.5827320447074,-3904.5131247952163,-10.693882827829569,-1.05744393778244,0.0
-1.9508696942398154,-3906.5336017389473,-3906.463994489456,-10.817379351102694,-1.08304681951237,0.0
-2.0024671754230874,-3908.5360689143704,-3908.4664616648793,-11.087876956766863,-1.1159584087075527,0.0
-1.1705858447999349,-3909.7066547591703,-3909.637047509679,-11.234979133988448,-1.0907232389934736,0.0
-1.108707949631933,-3910.8153627088022,-3910.745755459311,-11.201850628875825,-1.0792417706941144,0.0
-0.5943774404960116,-3911.409740149298,-3911.340132899807,-11.163695281243292,-1.0774173791840362,0.0
-1.1720309183996651,-3912.581771067698,-3912.512163818207,-11.447625131867103,-1.0932121815296283,0.0
-2.551581108552093,-3915.13335217625,-3915.063744926759,-11.212619971529524,-1.117692362041792,0.0
-1.3689658644479115,-3916.502318040698,-3916.432710791207,-11.556913745310558,-1.1384847106161926,0.0
-2.2928929847039363,-3918.795211025402,-3918.7256037759107,-13.431934149539357,-1.1026418165022727,0.0
-0.3742240606079328,-3919.16943508601,-3919.0998278365187,-13.552685207064691,-1.1053629654445112,0.0
-0.8817698539147532,-3920.0512049399244,-3919.9815976904333,-13.569226560761626,-1.1061093523340078,0.0
-1.2739643987135838,-3921.325169338638,-3921.2555620891467,-13.584398196948683,-1.1081290360010811,0.0
-0.7510252067840333,-3922.076194545422,-3922.006587295931,-13.474266773376408,-1.0874461958116435,0.0
-0.7605827654784192,-3922.8367773109003,-3922.767170061409,-13.357973165817167,-1.0815041337793578,0.0
-1.5299926543998057,-3924.3667699653,-3924.297162715809,-13.46732477378604,-1.0950180269217555,0.0
-1.9176702605279807,-3926.284440225828,-3926.2148329763368,-13.383960795828555,-1.1096932681440954,0.0
-1.3107906950398576,-3927.595230920868,-3927.5256236713767,-13.415169608910226,-1.1135626543239328,0.0
-0.6043553458319154,-3928.1995862667,-3928.129979017209,-13.164388608795281,-1.0993282793775325,0.0
-0.11126124667188991,-3928.3108475133718,-3928.2412402638806,-12.588644607070147,-1.0797166591669989,0.0
-1.3750931666880193,-3929.68594068006,-3929.616333430569,-12.66988072382023,-1.0885244306260426,0.0
-0.6240573298398286,-3930.3099980098996,-3930.2403907604084,-12.462458459601974,-1.0693679493956438,0.0
-1.3913073829198503,-3931.7013053928194,-3931.6316981433283,-12.506112844006887,-1.0618984910962175,0.0
-0.7681107058558716,-3932.4694160986755,-3932.3998088491844,-12.5865470953868,-1.0651249450910951,0.0
-1.0888897118960101,-3933.5583058105717,-3933.4886985610806,-12.663339007545305,-1.0481392195494947,0.0
-0.36441546943992886,-3933.9227212800115,-3933.8531140305204,-12.298061416562865,-1.0273449586406942,0.0
-0.7396229503440622,-3934.6623442303558,-3934.5927369808646,-12.214968183126011,-1.0227003698815278,0.0
-0.7791819276799561,-3935.4415261580357,-3935.3719189085446,-12.152196974440765,-1.0190394272165662,0.0
-1.228485631999864,-3936.6700117900355,-3936.6004045405443,-12.261810398431196,-1.0278434685419398,0.0
-0.7333096276797053,-3937.4033214177152,-3937.333714168224,-12.129104337509814,-1.0178943426955347,0.0
-1.1729345414398837,-3938.5762559591553,-3938.506648709664,-12.128853716285098,-1.0178560338571359,0.0
-1.147226320655932,-3939.7234822798114,-3939.6538750303203,-12.129418132903554,-1.0179310319400168,0.0
-0.665555521343927,-3940.389037801155,-3940.319430551664,-12.026183797256603,-1.0125746071334558,0.0
0.08015063520806054,-3940.308887165947,-3940.239279916456,-11.473268846311834,-0.995895952318256,0.02
-1.1549061284543096,-3941.4637932944015,-3941.3941860449104,-11.50981429025909,-0.999694046647344,0.02
-0.45538368518393607,-3941.9191769795852,-3941.849569730094,-11.516006337567426,-0.9999128127913443,0.02
-0.91103759114721,-3942.8302145707326,-3942.7606073212414,-11.52358479529896,-1.0004305466302896,0.02
-1.2503578193278972,-3944.0805723900603,-3944.010965140569,-12.392302930678888,-0.9674019052256488,0.02
-1.1315367365943,-3945.2121091266545,-3945.1425018771633,-12.4482528919498,-0.9723643827981747,0.02
-1.1579724146398673,-3946.3700815412944,-3946.3004742918033,-12.919539976030263,-0.9910459606931332,0.02
-1.227250245799988,-3947.5973317870944,-3947.5277245376033,-12.986483098199773,-0.9976842757331685,0.02
-1.4863595797707583,-3949.083691366865,-3949.014084117374,-12.970696956851805,-1.001281704254988,0.02
-1.959876144034952,-3951.0435675108997,-3950.9739602614086,-13.415941804289929,-1.0381177311412717,0.02
-1.0872869241599787,-3952.1308544350595,-3952.0612471855684,-13.670152266012114,-1.048990144916633,0.02
-1.471606663680047,-3953.6024610987397,-3953.5328538492486,-13.96823103931408,-1.067850784932428,0.02
-1.0597926618240279,-3954.6622537605635,-3954.5926465110724,-14.142403150618364,-1.075460574442509,0.02
-1.0072747424159143,-3955.6695285029796,-3955.5999212534884,-14.450126615699958,-1.085782898901074,0.02
-1.4899857849598392,-3957.1595142879396,-3957.0899070384485,-14.67099400429404,-1.1019196981340824,0.02
-0.7866285074766978,-3957.946142795416,-3957.876535545925,-15.367355555440671,-1.115755559695778,0.02
-0.9676381760638594,-3958.91378097148,-3958.8441737219887,-15.296134819613115,-1.111196362666655,0.02
-0.6682349980800264,-3959.58201596956,-3959.512408720069,-15.041757880119164,-1.099985678497059,0.02
-0.664870961855946,-3960.2468869314157,-3960.1772796819246,-15.012265156788345,-1.0742657038493817,0.02
-0.5984188770624574,-3960.8453058084783,-3960.775698558987,-15.020947807461813,-1.046184737882169,0.02
-0.6584502397264345,-3961.5037560482047,-3961.4341487987135,-14.795029670694186,-1.035942025780699,0.02
-0.7257830483200063,-3962.2295390965246,-3962.1599318470335,-14.633233561842793,-1.0282835277544604,0.02
-1.1497385056318756,-3963.3792776021564,-3963.3096703526653,-14.900138454056304,-1.0393907490571777,0.02
-0.6770487646719775,-3964.056326366828,-3963.986719117337,-14.692667351983218,-1.0294911059826242,0.02
-0.6279221115199196,-3964.6842484783483,-3964.614641228857,-15.63467678304056,-0.9910179260419806,0.02
-0.6167973635999946,-3965.3010458419485,-3965.2314385924574,-15.408179759006222,-0.975974556025022,0.02
-2.3021296950961254,-3967.6031755370445,-3967.5335682875534,-15.392376775354649,-0.9761592902328659,0.02
-1.9207948020799424,-3969.5239703391244,-3969.4543630896333,-15.512517907817259,-1.0070907050623061,0.02
-1.2286376511999464,-3970.752607990324,-3970.683000740833,-15.59647131136823,-1.01402806100801,0.02
-1.1507445920879706,-3971.903352582412,-3971.833745332921,-15.594896064104233,-1.0115636648754978,0.02
-1.3132012706982907,-3973.2165538531103,-3973.146946603619,-15.755667958726628,-1.0228071861537829,0.02
-1.0188448399358077,-3974.235398693046,-3974.165791443555,-15.888165775716653,-1.0279724276429305,0.02
-1.204536141119965,-3975.4399348341663,-3975.370327584675,-15.958476884965457,-1.0214632973773339,0.02
-0.9949547452000241,-3976.4348895793664,-3976.3652823298753,-16.337376394665498,-1.0030089870707746,0.02
-0.8530393087360928,-3977.2879288881027,-3977.2183216386115,-16.25430968532703,-0.9938539593446994,0.02
-2.007819693297492,-3979.2957485814,-3979.226141331909,-16.011782318816252,-1.021923246294011,0.02
-1.9854058684351996,-3981.281154449835,-3981.211547200344,-16.575697127653246,-1.059406138729277,0.02
-1.0936268848960093,-3982.374781334731,-3982.3051740852397,-16.56900068788663,-1.0537768130934368,0.02
-1.9756729693438468,-3984.350454304075,-3984.280847054584,-16.489185855418718,-1.0808091258835173,0.02
-1.3821596574166892,-3985.7326139614916,-3985.6630067120004,-16.49069310127681,-1.0806261713734542,0.02
-1.3202614500479828,-3987.0528754115394,-3986.9832681620483,-16.695284092674353,-1.0916691862572963,0.02
-2.1104576771728043,-3989.163333088712,-3989.093725839221,-16.252121089926703,-1.112100545562832,0.02
-1.4899857849598392,-3990.653318873672,-3990.583711624181,-16.902972471783297,-1.1346119518732305,0.02
-2.0127559535958714,-3992.666074827268,-3992.596467577777,-16.851928591521325,-1.1600746119382666,0.02
-0.5654790460319682,-3993.2315538733,-3993.161946623809,-16.64467396694319,-1.1558005543053067,0.02
-1.6638736444799767,-3994.8954275177803,-3994.825820268289,-16.599468600515085,-1.1645083145549089,0.02
-1.5211989807919348,-3996.416626498572,-3996.347019249081,-16.87292387209561,-1.1802661016171536,0.02
-0.683580452519838,-3997.100206951092,-3997.0305997016007,-16.570006288294046,-1.1704790198387527,0.02
-0.43918901400706795,-3997.5393959650987,-3997.4697887156076,-16.03606160137881,-1.1563182737057753,0.02
-0.9653030899198789,-3998.5046990550186,-3998.4350918055275,-16.24856640499197,-1.1623132250772945,0.02
-0.5787956422270557,-3999.0834946972454,-3999.0138874477543,-17.271254735182872,-1.1754921506259968,0.0
-1.18176775087348,-4000.265262448119,-4000.1956551986277,-17.279445727997974,-1.1760293830743802,0.0
-0.45207755136007277,-4000.717339999479,-4000.647732749988,-17.274912366587976,-1.1759632603979029,0.0
-0.18963334871999632,-4000.906973348199,-4000.8373660987077,-16.44155890675579,-1.1615351755493586,0.0
-0.7926581421119919,-4001.699631490311,-4001.6300242408197,-16.231533890312825,-1.1523811820050407,0.0
-1.4616696476798599,-4003.161301137991,-4003.0916938885,-16.26459684772571,-1.1589838402267518,0.0
-0.5445426419999846,-4003.705843779991,-4003.6362365305,-15.862901333889388,-1.1467152447739541,0.0
-0.21779177241594772,-4003.923635552407,-4003.854028302916,-15.107713916122712,-1.1265260753062731,0.0
-0.984145377848519,-4004.9077809302557,-4004.8381736807646,-15.034927651635778,-1.1164817912678284,0.0
-0.6041377675360211,-4005.5119186977918,-4005.4423114483006,-14.935174784402488,-1.0893670237378499,0.0
-0.10099760639989974,-4005.6129163041915,-4005.5433090547003,-14.163813507128552,-1.0696412373826483,0.0
0.8872786303919824,-4004.7256376737996,-4004.6560304243085,-12.112394357590798,-1.0224635315012078,0.02
-0.7609570907198675,-4005.4865947645194,-4005.4169875150283,-12.01961513289276,-1.0164868200791244,0.02
1.5477179366960432,-4003.938876827823,-4003.869269578332,-9.787039603741782,-0.9653869664968855,0.04
-0.9276808436639166,-4004.866557671487,-4004.796950421996,-9.729207734957514,-0.954140867670967,0.04
-0.9868774015998973,-4005.853435073087,-4005.783827823596,-9.775696891603769,-0.9581458455534309,0.04
-0.4529326074609942,-4006.306367680548,-4006.236760431057,-9.620754185146557,-0.9478517341813736,0.04
0.9715984902107687,-4005.3347691903373,-4005.265161940846,-8.674607759135615,-0.9150550644155578,0.06
-1.1630826628079194,-4006.497851853145,-4006.428244603654,-8.770019377681685,-0.9250192984345972,0.06
-1.57906742204788,-4008.076919275193,-4008.007312025702,-8.907756076786413,-0.9446322693343057,0.06
-1.527052315491202,-4009.6039715906845,-4009.5343643411934,-9.032744131254951,-0.962004310849601,0.06
-1.0207435597438543,-4010.6247151504285,-4010.5551079009374,-9.096815014304694,-0.9679035210780779,0.06
-6.054086451858548,-4016.678801602287,-4016.609194352796,-7.276246134465151,-1.0659904800026114,0.06
-1.4885796073599988,-4018.167381209647,-4018.097773960156,-7.386060468140676,-1.0822210968563717,0.06
-1.018992298560039,-4019.186373508207,-4019.116766258716,-7.453720428630046,-1.0900425005971741,0.06
-1.4401028887582146,-4020.6264763969652,-4020.556869147474,-7.574464376070155,-1.1065086111003388,0.06
-1.4364208977518227,-4022.062897294717,-4021.993290045226,-7.551062235039381,-1.0891944351534526,0.06
-0.9928621288966282,-4023.055759423614,-4022.9861521741227,-7.472817373212486,-1.0706357816897862,0.06
-1.996562222304023,-4025.052321645918,-4024.9827143964267,-7.520128988352441,-1.0859942731118677,0.06
-1.6436504703998434,-4026.6959721163175,-4026.6263648668264,-7.566515453257133,-1.0958523906781052,0.06
-0.9751284917119037,-4027.6711006080295,-4027.6014933585384,-7.522337092895174,-1.0890909350983775,0.06
-2.002027921397564,-4029.6731285294272,-4029.603521279936,-7.599703598871496,-1.1087545967276127,0.06
-0.6729743055856836,-4030.346102835013,-4030.276495585522,-7.514482457522982,-1.098123360016927,0.06
-1.8849643960000046,-4032.231067231013,-4032.161459981522,-7.594255980500116,-1.1159235530329266,0.06
-1.5824367862798474,-4033.813504017293,-4033.7438967678017,-7.683724919735124,-1.1305115025838017,0.06
-1.8703946840001229,-4035.683898701293,-4035.614291451802,-7.680858376395982,-1.1277630023978542,0.06
-1.3206601114102376,-4037.004558812703,-4036.934951563212,-7.640603131690356,-1.1144680872573551,0.06
-1.1775977303999265,-4038.1821565431032,-4038.112549293612,-7.651871647789751,-1.1161475041674336,0.06
-1.0406517911999429,-4039.2228083343034,-4039.1532010848123,-7.577318747972147,-1.0974470806045553,0.06
-1.4583901445118186,-4040.681198478815,-4040.611591229324,-7.58429555565335,-1.098971690346458,0.06
-1.9876930811440139,-4042.668891559959,-4042.5992843104677,-7.623450121564384,-1.1123203229683787,0.06
-1.5647483655998653,-4044.2336399255587,-4044.1640326760676,-7.60585018125187,-1.10140613673692,0.06
-1.721688830399931,-4045.955328755959,-4045.8857215064677,-7.620957430140908,-1.1060401976457215,0.06
-0.9018401162338099,-4046.8571688721927,-4046.7875616227016,-7.525619976076314,-1.0838218808984805,0.06
-2.0042274415967536,-4048.8613963137896,-4048.7917890642984,-7.685721578427122,-1.1125968488097762,0.06
-1.372354466687881,-4050.2337507804773,-4050.164143530986,-7.662881017663583,-1.1067664652539342,0.06
-1.5762490799999085,-4051.809999860477,-4051.740392610986,-7.66693249227193,-1.1078674672380935,0.06
2.9297788496159,-4048.880221010861,-4048.81061376137,-6.276403938801125,-1.0356002811953788,0.08
-1.5259231238397863,-4050.4061441347008,-4050.3365368852096,-6.414679424954655,-1.0573349633920333,0.08
-1.01716806815999,-4051.423312202861,-4051.3537049533697,-6.421299204392761,-1.0583722629568355,0.08
-1.1772591500910434,-4052.600571352952,-4052.530964103461,-6.504607249461435,-1.0703415331141153,0.08
-1.5520646819837929,-4054.1526360349358,-4054.0830287854446,-6.539146244614229,-1.0777474717363216,0.08
-8.966838016399954,-4063.1194740513356,-4063.0498668018445,-5.509040791892728,-1.248042681037119,0.08
-1.6728813932038662,-4064.7923554445397,-4064.7227481950486,-5.661732694402149,-1.2777076419267965,0.08
-3.642090655039099,-4068.434446099579,-4068.364838850088,-5.7972245173314185,-1.3346962921853387,0.08
-2.575503321623929,-4071.0099494212027,-4070.9403421717116,-5.86093404499809,-1.3569729656642202,0.08
-1.9742089141597021,-4072.9841583353623,-4072.914551085871,-5.9915885365618955,-1.3855662911074145,0.08
-1.1520092800559345,-4074.1361676154183,-4074.066560365927,-6.102738412277976,-1.4042506412602143,0.08
-1.563608866559997,-4075.6997764819785,-4075.6301692324873,-6.156775437147973,-1.4158399110344435,0.08
-1.4393153940478285,-4077.139091876026,-4077.069484626535,-6.245309148685264,-1.43254346356468,0.08
-3.0396404913558355,-4080.178732367382,-4080.109125117891,-6.485848469946505,-1.4913163212637985,0.08
-0.7773693336191887,-4080.9561017010014,-4080.8864944515103,-6.765143974587172,-1.524609280544022,0.06
-1.460559150959968,-4082.4166608519613,-4082.34705360247,-6.843117411525669,-1.538601321748824,0.06
-1.7490701340001096,-4084.1657309859615,-4084.0961237364704,-7.427035117991803,-1.6045370831627472,0.04
-1.6683865224790768,-4085.8341175084406,-4085.7645102589495,-7.510587583707281,-1.6193511967390501,0.04
-1.069364565792024,-4086.9034820742327,-4086.8338748247415,-7.521400419512352,-1.6210009400228929,0.04
-1.9643921023998836,-4088.8678741766325,-4088.7982669271414,-7.704650536112692,-1.6512301299216707,0.04
-1.908881729383733,-4090.776755906016,-4090.707148656525,-8.227389135365259,-1.7088397343135608,0.02
-2.4138318796797567,-4093.190587785696,-4093.120980536205,-8.341336995088938,-1.7338547186509974,0.02
-1.756135562399928,-4094.946723348096,-4094.877116098605,-8.359306190884215,-1.7373960814580383,0.02
-1.559256167279931,-4096.505979515376,-4096.4363722658845,-8.362890326136787,-1.7380401584938128,0.02
-0.9630857661942231,-4097.46906528157,-4097.399458032079,-8.354016675608136,-1.7368870026228203,0.02
-1.7783255990398947,-4099.24739088061,-4099.1777836311185,-8.749073089351135,-1.651371785566447,0.02
-2.1713803628798667,-4101.41877124349,-4101.349163993998,-8.809829263186215,-1.6650278006768446,0.02
-1.4111509096550416,-4102.829922153144,-4102.760314903653,-8.869023739165527,-1.6728709728987445,0.02
-1.5756201005599495,-4104.405542253704,-4104.335935004213,-8.885645723860808,-1.6755813171347793,0.02
-1.4891603207038744,-4105.894702574408,-4105.825095324917,-8.892364711409197,-1.6766361055938206,0.02
-0.10428346295998925,-4105.998986037368,-4105.929378787877,-8.701285167619915,-1.6588645322750875,0.02
-1.83462038087995,-4107.833606418248,-4107.7639991687565,-8.68829770981549,-1.6556256954466062,0.02
-1.1766081985054486,-4109.010214616753,-4108.940607367262,-8.628595308241579,-1.6462848500087182,0.02
-2.9686537849599466,-4111.978868401713,-4111.909261152222,-8.778979404248368,-1.686155355873679,0.02
-0.9094161973600469,-4112.888284599073,-4112.818677349582,-8.642758702355342,-1.6643031213929285,0.02
-0.4684386027240205,-4113.356723201797,-4113.287115952306,-8.600826930621459,-1.6602124073356952,0.02
-2.496118074879897,-4115.852841276676,-4115.783234027185,-8.634503192424999,-1.6724354809132933,0.02
-1.6703415995112705,-4117.523182876188,-4117.453575626697,-8.643960118248199,-1.674193577177922,0.02
-2.793543723203048,-4120.316726599391,-4120.2471193499,-8.684023543700397,-1.6926565579619801,0.02
-1.321016890599946,-4121.6377434899905,-4121.568136240499,-8.684072281097917,-1.6926636935457744,0.02
-1.3340539043998398,-4122.971797394391,-4122.9021901449,-8.706415656662394,-1.6957928170257728,0.02
-0.21861781030876354,-4123.190415204699,-4123.120807955208,-8.544019133805339,-1.679352137407949,0.02
-2.6635664592015886,-4125.8539816639,-4125.784374414409,-8.626957427385465,-1.7034556637017446,0.02
-1.3572810360318954,-4127.211262699932,-4127.141655450441,-8.561738781566007,-1.690847422799502,0.02
-3.464178268819169,-4130.675440968752,-4130.605833719261,-8.620026195013331,-1.728836020863888,0.02
-3.745535810860631,-4134.420976779613,-4134.351369530122,-8.652075794587441,-1.7693129604731024,0.02
-4.475882021999965,-4138.896858801613,-4138.827251552122,-8.741383858432837,-1.840793798588425,0.02
-3.76776173306393,-4142.664620534677,-4142.595013285186,-8.766727985741518,-1.8760644844177687,0.02
-3.7026426856473407,-4146.367263220324,-4146.297655970833,-8.870043734251155,-1.922670248796958,0.02
-3.102335375080046,-4149.469598595404,-4149.399991345913,-8.96422949368865,-1.9531919746985609,0.02
-3.2641793620477717,-4152.733777957452,-4152.664170707961,-10.61083374505548,-2.077071138931834,0.0
-4.466289474777486,-4157.200067432229,-4157.130460182738,-10.624978706316007,-2.1358784659505883,0.0
-2.1989431482719244,-4159.3990105805005,-4159.329403331009,-10.81101555562351,-2.1595139675528268,0.0
-2.13797978649574,-4161.536990366996,-4161.467383117505,-10.961340306890287,-2.178728380280921,0.0
-2.553256364159919,-4164.090246731156,-4164.020639481665,-11.077372405933083,-2.1987522139244438,0.0
-2.5109931917713855,-4166.601239922928,-4166.531632673436,-14.356820372944933,-2.069635317431872,0.0
-3.417652864639957,-4170.018892787568,-4169.949285538077,-14.379301370020967,-2.104530746860594,0.0
-0.9258145415999982,-4170.944707329168,-4170.8751000796765,-14.157251254804132,-2.050205224591812,0.0
-2.5920239718860785,-4173.536731301054,-4173.467124051563,-14.157153616100159,-2.0505356375970547,0.0
-1.6991028509197776,-4175.235834151974,-4175.166226902483,-14.10355592198137,-2.045033516332256,0.0
-1.9483843286207732,-4177.184218480595,-4177.1146112311035,-14.322927808502696,-2.060961017303553,0.0
-1.5305445075198563,-4178.714762988115,-4178.6451557386235,-14.31363739335717,-2.0602997301227504,0.0
-2.1522795145279368,-4180.867042502643,-4180.797435253152,-14.466893963376588,-2.0745590125323523,0.0
-1.7921948029917565,-4182.659237305635,-4182.5896300561435,-14.417232227597541,-2.0496100987650707,0.0
-1.5836471597663069,-4184.2428844654005,-4184.173277215909,-14.73842545987306,-2.0657356552880133,0.0
-2.179603286651989,-4186.422487752053,-4186.352880502562,-14.896275571258766,-2.0801165380018536,0.0
-2.182535783471919,-4188.605023535525,-4188.535416286034,-14.974165075939947,-2.0887858509912895,0.0
-0.7359854805408239,-4189.341009016066,-4189.271401766575,-14.597060821288089,-2.070137830152525,0.0
-1.4890543396400333,-4190.830063355706,-4190.760456106215,-14.754496779684539,-2.078531625629485,0.0
-2.0031944711328067,-4192.833257826839,-4192.763650577348,-14.761103787658815,-2.0793076730041435,0.0
2.4843800760064285,-4190.348877750833,-4190.279270501342,-11.899544439499806,-1.9914424368963402,0.02
-1.919334033231875,-4192.268211784065,-4192.198604534574,-11.855536390962014,-1.9815524799673827,0.02
-0.722163502479973,-4192.990375286545,-4192.920768037054,-11.606693440417157,-1.9608730387689834,0.02
-1.6192913945375662,-4194.609666681083,-4194.5400594315915,-11.617439221326734,-1.9620737433141364,0.02
-2.0170779286111404,-4196.626744609694,-4196.557137360202,-11.826905849371153,-1.9831535865624743,0.02
-1.330499674859228,-4197.957244284553,-4197.887637035062,-11.741797586397304,-1.9741970680788612,0.02
-0.9997702518599343,-4198.957014536413,-4198.887407286922,-11.530608122030298,-1.9507648658584626,0.02
-0.18494198927982974,-4199.141956525693,-4199.072349276202,-11.169454701479996,-1.9262406874509583,0.02
-2.4827549933440145,-4201.624711519037,-4201.555104269546,-11.261765577210207,-1.9443833853066395,0.02
-2.7135467770799164,-4204.338258296117,-4204.268651046626,-11.376578076970397,-1.9688711144341604,0.02
-1.9432086829373607,-4206.281466979054,-4206.211859729563,-11.87346022391633,-2.005649618833708,0.02
-2.5462938358399763,-4208.827760814894,-4208.758153565403,-11.936580488721274,-2.019883087932908,0.02
-1.6250463310848475,-4210.452807145979,-4210.383199896488,-12.036689476448007,-2.028851850584496,0.02
-1.9983911964798142,-4212.451198342459,-4212.381591092968,-11.99791467761207,-2.0094465988148937,0.02
-1.531411016959785,-4213.982609359419,-4213.913002109928,-12.158254293962292,-2.0218864952068887,0.02
-3.404384154055732,-4217.386993513475,-4217.317386263984,-12.572811735610939,-2.0806054062335226,0.02
-2.4998819104639605,-4219.886875423939,-4219.817268174448,-12.572978141653769,-2.080680682945204,0.02
-1.569668914015948,-4221.456544337955,-4221.386937088464,-12.552330151022481,-2.0786672292352977,0.02
-1.5752723566399918,-4223.031816694595,-4222.962209445104,-12.431272841633414,-2.054301801904036,0.02
-1.736015926399868,-4224.767832620995,-4224.698225371504,-12.52190094384204,-2.062601782620035,0.02
-1.5945777157437309,-4226.362410336739,-4226.292803087248,-12.582606072777272,-2.0678122588469123,0.02
-0.7118744164800368,-4227.074284753219,-4227.004677503728,-12.793773377724431,-2.0776773909703383,0.02
-1.676640335471879,-4228.7509250886915,-4228.6813178392,-12.69167773099101,-2.057938868495744,0.02
-0.28879495455993653,-4229.039720043252,-4228.970112793761,-12.317162928758085,-2.036569146866305,0.02
-0.2552002269934599,-4229.294920270245,-4229.225313020754,-11.84872806525835,-1.9723895860297904,0.02
-0.9323362334878171,-4230.227256503733,-4230.157649254242,-11.699777434278698,-1.916125594482334,0.02
-1.119061597295894,-4231.346318101028,-4231.276710851537,-11.845406212718302,-1.848989185988253,0.02
-2.002839009600091,-4233.349157110629,-4233.279549861138,-11.991226858768245,-1.8136907315189763,0.02
-7.5428660937135295,-4240.892023204342,-4240.822415954851,-10.183818964396792,-1.8904951996802999,0.02
-1.9570343731200284,-4242.849057577462,-4242.779450327971,-10.148591074501756,-1.8675891796410995,0.02
-0.9208698370318701,-4243.769927414494,-4243.700320165003,-9.96264164996974,-1.8207229891407815,0.02
-3.258906000767996,-4247.028833415262,-4246.959226165771,-10.136162468481068,-1.7965753196605916,0.02
-2.6975446229952813,-4249.726378038257,-4249.656770788766,-10.150835447356828,-1.8065473491550588,0.02
-1.4291439053920276,-4251.15552194365,-4251.085914694158,-10.069744775885175,-1.7923706315329844,0.02
-3.678868073831682,-4254.834390017481,-4254.76478276799,-10.011209136831493,-1.8148828657264198,0.02
-2.144672932359809,-4256.979062949841,-4256.90945570035,-9.993841434133598,-1.8075564605381884,0.02
-1.695476415867136,-4258.674539365708,-4258.604932116217,-9.965521419692811,-1.7731129315627319,0.02
-9.215570190192256,-4267.8901095559,-4267.820502306409,-8.423957321896303,-1.9389080445345772,0.02
-1.5132809031296048,-4269.40339045903,-4269.3337832095385,-8.338683616911498,-1.9173331831594476,0.02
-3.5903827439301814,-4272.99377320296,-4272.924165953469,-8.418274691719382,-1.9551587810196558,0.02
-4.833015829487849,-4277.826789032448,-4277.757181782957,-8.417103806456673,-2.0128514110369973,0.02
-2.3997223215836994,-4280.226511354032,-4280.15690410454,-8.492709339532901,-2.030234967318274,0.02
-1.4964184113576995,-4281.722929765389,-4281.653322515898,-8.430128116684083,-2.017117745254869,0.02
-0.05925729709990979,-4281.782187062489,-4281.712579812998,-8.179594015073429,-1.9824589951370326,0.02
-0.6138307177599438,-4282.396017780249,-4282.326410530758,-8.053215233591256,-1.963062666296905,0.02
-3.2424344696223857,-4285.638452249872,-4285.568845000381,-8.09781074703859,-1.984319289956313,0.02
-2.7497696733313566,-4288.388221923204,-4288.318614673713,-8.129493509938445,-1.9956639677535017,0.02
-1.6136610732478212,-4290.001882996451,-4289.93227574696,-8.240924885989505,-2.0132174796076416,0.02
-1.4913919625598113,-4291.493274959011,-4291.42366770952,-8.24118379546482,-2.013264232066037,0.02
1.1599755798400895,-4290.333299379171,-4290.26369212968,-7.73062721466977,-1.9500008310465793,0.04
-1.9384961035598836,-4292.271795482731,-4292.20218823324,-8.644610328954021,-2.0384583546379056,0.02
-2.0000102009599967,-4294.271805683691,-4294.2021984342,-8.651852548490492,-2.040071877992468,0.02
-3.1483203289118236,-4297.420126012603,-4297.350518763112,-8.877662903537841,-2.088595014521105,0.02
-0.5781228019631317,-4297.998248814566,-4297.928641565075,-8.725084170498496,-2.067771642669616,0.02
-2.6031727508797413,-4300.601421565446,-4300.531814315955,-8.765896481262242,-2.0794935391149885,0.02
-2.431205347759807,-4303.032626913206,-4302.9630196637145,-8.873260740898594,-2.101507652573,0.02
-2.4908983851646562,-4305.52352529837,-4305.453918048879,-9.034903435666937,-2.1313302152390943,0.02
-3.2355204335999526,-4308.75904573197,-4308.689438482479,-9.386956547891112,-2.1923417841254973,0.02
-5.49431256572763,-4314.253358297698,-4314.183751048206,-9.289342452264664,-2.2525729355731694,0.02
-2.0546458179119065,-4316.308004115609,-4316.238396866118,-9.240720100040088,-2.239394916389809,0.02
-3.879866949119907,-4320.187871064729,-4320.118263815238,-9.320637396302672,-2.2781280817134597,0.02
3.2845619170631863,-4316.903309147666,-4316.833701898175,-8.065753338640263,-2.1615109666553964,0.04
-3.3572677961855986,-4320.260576943851,-4320.19096969436,-8.1704471365975,-2.196155395957412,0.04
-1.100815112767856,-4321.3613920566195,-4321.291784807128,-8.078107738206297,-2.1782038742831724,0.04
-4.79567044655982,-4326.157062503179,-4326.087455253688,-8.181427661141347,-2.243489062875173,0.04
-2.3901574214000147,-4328.547219924579,-4328.477612675088,-8.1366529301563,-2.223204528222059,0.04
-1.2207677109599357,-4329.767987635539,-4329.698380386048,-8.023796688525712,-2.197622244231978,0.04
-3.847110860885536,-4333.615098496424,-4333.545491246933,-8.141992475890119,-2.2431710831693703,0.04
-4.150932531960056,-4337.7660310283845,-4337.696423778893,-8.262598383185592,-2.2946842866757713,0.04
-1.025273643663795,-4338.791304672049,-4338.721697422558,-8.184100452275738,-2.28046944102105,0.04
-2.381123882239694,-4341.172428554289,-4341.1028213047975,-8.250607191360656,-2.296200364350969,0.04
-0.9019105262398986,-4342.074339080528,-4342.004731831037,-8.276384977748968,-2.300001086546166,0.04
-1.2913838458799445,-4343.365722926408,-4343.296115676917,-8.235323621540413,-2.292295956754328,0.04
-2.0027085417597217,-4345.368431468168,-4345.298824218677,-8.445890392564955,-2.3265742284983233,0.04
-1.934493576600004,-4347.302925044768,-4347.233317795277,-8.664103616125578,-2.3601600954904542,0.04
-1.4763154584000646,-4348.779240503168,-4348.709633253677,-8.733833540702829,-2.3710396799886992,0.04
-0.8065165113600219,-4349.585757014528,-4349.516149765037,-8.690119559444616,-2.3647887782699817,0.04
-1.5723313153858878,-4351.158088329914,-4351.088481080423,-8.64696673905764,-2.3561786243856977,0.04
-1.961353376015733,-4353.11944170593,-4353.0498344564385,-8.921198760707583,-2.2445483700317417,0.04
-1.1314259919999865,-4354.25086769793,-4354.1812604484385,-8.823768443306829,-2.2280362024093407,0.04
-1.5282896847169143,-4355.779157382646,-4355.709550133155,-8.906209295584262,-2.240184599363042,0.04
-1.9155413959359253,-4357.694698778582,-4357.625091529091,-8.826458446280231,-2.2133173072664003,0.04
-1.1710583683919498,-4358.865757146974,-4358.796149897483,-8.682500708773569,-2.182787582174334,0.04
-1.5440558067439523,-4360.409812953718,-4360.340205704227,-8.696053739229336,-2.1850858202013725,0.04
-0.7410759657727429,-4361.15088891949,-4361.081281669999,-8.470780710396816,-2.1263299780401934,0.04
-1.3445815073999507,-4362.49547042689,-4362.425863177399,-8.391121540588372,-2.110328149540996,0.04
-1.5347144527997953,-4364.03018487969,-4363.960577630199,-8.374135483235017,-2.1071129102796493,0.04
-0.10927946232001318,-4364.13946434201,-4364.069857092519,-9.173422791629365,-1.9249870957222046,0.04
-1.525939085855982,-4365.665403427866,-4365.595796178375,-9.175057040727939,-1.9252402593767324,0.04
-1.9004397783551723,-4367.565843206222,-4367.496235956731,-9.13210479371734,-1.891441400065232,0.04
-2.1539713757918313,-4369.719814582014,-4369.650207332523,-9.258103538606395,-1.8378605109913115,0.04
-0.7653376220159371,-4370.48515220403,-4370.415544954539,-9.057601901904954,-1.8051728169999564,0.04
-0.732297769087898,-4371.217449973118,-4371.147842723627,-8.934077096644302,-1.7898904041545607,0.04
-0.7114338806398881,-4371.928883853758,-4371.859276604267,-9.082867690987355,-1.80293393582536,0.04
-1.628030620000059,-4373.556914473757,-4373.487307224266,-9.251218972170895,-1.8232179338701622,0.04
-1.9323067020191986,-4375.489221175777,-4375.419613926286,-9.215419767892348,-1.7970153785180987,0.04
-2.9556988569573086,-4378.444920032734,-4378.375312783243,-9.21553039817268,-1.8011339621906177,0.04
-1.6184314166397988,-4380.063351449374,-4379.993744199883,-9.216103779836898,-1.801229369058457,0.04
-0.3642301131437501,-4380.427581562518,-4380.357974313027,-9.00953913230411,-1.778686132070136,0.04
-0.8566406035198986,-4381.284222166038,-4381.214614916546,-9.609933059062396,-1.8190184557373357,0.02
-1.2678413130238575,-4382.552063479062,-4382.482456229571,-9.524168824372435,-1.805605359926615,0.02
-1.1171932252991237,-4383.669256704361,-4383.59964945487,-9.409043049311713,-1.7879490204133979,0.02
-0.8066654525439807,-4384.475922156905,-4384.406314907414,-9.213623329683598,-1.7411159228860411,0.02
-0.26270914558283065,-4384.738631302487,-4384.669024052996,-9.137804102122272,-1.7348076497584346,0.02
-1.4493234370558339,-4386.187954739543,-4386.118347490052,-9.051435603392212,-1.7117306634819567,0.02
-1.6651195043199134,-4387.8530742438625,-4387.783466994371,-8.996981457134103,-1.6964089466131589,0.02
-1.1960827900078705,-4389.04915703387,-4388.979549784379,-8.88036633447741,-1.670512634710023,0.02
-0.28592754791035024,-4389.33508458178,-4389.265477332289,-8.601166269702336,-1.6115207769962308,0.02
-1.0506557475919558,-4390.385740329372,-4390.316133079881,-8.934908202665357,-1.5226476406335174,0.02
-0.961621406599848,-4391.347361735972,-4391.277754486481,-8.80615558472786,-1.5007871524072762,0.02
-0.6378687163199017,-4391.985230452292,-4391.915623202801,-8.739808324640062,-1.4359471877512764,0.02
-1.3545668163200217,-4393.339797268612,-4393.2701900191205,-11.42257500997023,-1.5287297624189407,0.0
-1.4250759728799942,-4394.764873241492,-4394.695265992001,-11.583267314247289,-1.4900859259528283,0.0
-1.4310845719998242,-4396.195957813492,-4396.126350564001,-11.655796791194508,-1.4966913151374677,0.0
-1.3033361575918123,-4397.499293971084,-4397.429686721593,-12.99682060784852,-1.4268446293581076,0.0
-1.1450520483760098,-4398.64434601946,-4398.5747387699685,-12.96056061109809,-1.4019425218976271,0.0
-1.7335192663619479,-4400.377865285822,-4400.308258036331,-13.039358924533687,-1.4121975530056676,0.0
-1.4142662754463504,-4401.792131561268,-4401.722524311777,-14.131205642443543,-1.363540661296884,0.0
-2.051012377265516,-4403.843143938534,-4403.773536689043,-16.575640495426313,-1.3215422582029932,0.0
-1.9774580572798799,-4405.820601995814,-4405.750994746323,-16.64550273577809,-1.340585946475315,0.0
-1.574450424000009,-4407.395052419814,-4407.325445170323,-16.99992564721236,-1.3244524773105213,0.0
-2.157473861793452,-4409.552526281608,-4409.482919032117,-17.05250755945556,-1.3495637440215922,0.0
0.4658228326760331,-4409.086703448932,-4409.017096199441,-15.121665406195287,-1.3144196104504726,0.02
-0.6442843380479352,-4409.73098778698,-4409.661380537489,-14.83330065639567,-1.2872511263762372,0.02
-0.2271247270879908,-4409.9581125140685,-4409.888505264577,-14.198049009140806,-1.253103749385997,0.02
-1.9842692208766637,-4411.942381734945,-4411.872774485454,-14.140088243806522,-1.2632628246355286,0.02
-0.7686130609843899,-4412.71099479593,-4412.641387546439,-14.118860744005971,-1.262504755628016,0.02
-0.6235750967639817,-4413.334569892694,-4413.264962643203,-13.805425534711658,-1.2435296312555781,0.02
-1.5999846111359433,-4414.93455450383,-4414.864947254339,-13.859356066102636,-1.2363022559579822,0.02
-1.628030620000059,-4416.56258512383,-4416.492977874339,-13.922657833877867,-1.2462343485179836,0.02
-1.4403361557438823,-4418.002921279574,-4417.933314030083,-13.91761664106408,-1.244475277938523,0.02
-2.6185522346567898,-4420.621473514231,-4420.55186626474,-13.59756959444935,-1.2585354947129404,0.02
-2.8345929233598506,-4423.456066437591,-4423.3864591881,-13.229317964231138,-1.2918061858122982,0.02
-2.225444974999809,-4425.681511412591,-4425.6119041631,-13.150367913736291,-1.3054339691774155,0.02
-0.9402530975999521,-4426.6217645101915,-4426.5521572607,-13.240556065882853,-1.3094175118139597,0.02
-1.1679183638974266,-4427.789682874089,-4427.7200756245975,-13.199927005836898,-1.3058842489439093,0.02
-2.6021838366717587,-4430.39186671076,-4430.322259461269,-12.996194601599539,-1.3272336366213482,0.02
-1.6642225910399,-4432.0560893018,-4431.986482052309,-13.677899870189352,-1.358332499195746,0.02
-0.9682522544095564,-4433.02434155621,-4432.954734306719,-13.533280709716129,-1.3471787625668177,0.02
-0.6743653599199462,-4433.69870691613,-4433.6290996666385,-13.25581044338282,-1.3226572741981133,0.02
-0.913934524319906,-4434.61264144045,-4434.543034190959,-13.154686881003343,-1.2978565371686748,0.02
-2.770730905579974,-4437.38337234603,-4437.313765096539,-13.084537981657464,-1.3379644028399553,0.02
-1.8445382345599812,-4439.22791058059,-4439.158303331099,-13.336550926324078,-1.3602092121493967,0.02
-1.677380910767876,-4440.905291491358,-4440.835684241867,-13.614993439603916,-1.3795281527519565,0.02
-0.8001758620799695,-4441.7054673534385,-4441.635860103947,-13.383918976851396,-1.362971057593555,0.02
-1.7284066280822739,-4443.433873981521,-4443.36426673203,-13.393411592746189,-1.3588930561148167,0.02
-0.7024381171919303,-4444.1363120987135,-4444.066704849222,-13.5468241134463,-1.3138278413195088,0.02
-1.16209567095991,-4445.298407769674,-4445.228800520183,-13.473915139088666,-1.3047011264059112,0.02
-2.1143086447835704,-4447.4127164144575,-4447.343109164966,-13.921851586153235,-1.3397026970387076,0.02
-0.25372714348794223,-4447.666443557945,-4447.596836308454,-13.525059299022402,-1.3276444278380684,0.02
-2.381529172517342,-4450.047972730463,-4449.978365480972,-13.45307708925097,-1.3499181850279383,0.02
-0.6571243231280559,-4450.705097053591,-4450.6354898041,-13.250876938028657,-1.3407168069845168,0.02
-0.3657142874590007,-4451.07081134105,-4451.001204091559,-12.996816323862632,-1.331897783682817,0.02
-0.3091016604479119,-4451.379913001498,-4451.310305752007,-13.029986505401626,-1.3328256339801188,0.02
-0.7564876411118538,-4452.136400642609,-4452.066793393118,-12.819028720894917,-1.3189689180612394,0.02
-0.7186392046079844,-4452.855039847217,-4452.785432597726,-12.58223713344417,-1.3000393120670006,0.02
-1.4982276484559605,-4454.353267495673,-4454.283660246182,-12.634417070336752,-1.3060822092359623,0.02
-1.3821892235279634,-4455.7354567192015,-4455.66584946971,-13.108942392803497,-1.3280074427483148,0.02
-1.524621773784966,-4457.260078492986,-4457.190471243495,-13.213529406095585,-1.3374867632721748,0.02
-1.5031246484854863,-4458.763203141472,-4458.693595891981,-13.35175866959046,-1.3483168281098878,0.02
-1.35654353826241,-4460.119746679735,-4460.050139430244,-13.632485807915423,-1.3626903245487378,0.02
-2.3464211105279356,-4462.466167790263,-4462.396560540772,-13.575733949062315,-1.382527410432896,0.02
-1.5681503207999998,-4464.034318111063,-4463.964710861572,-13.595383282874009,-1.3853888973912962,0.02
-1.3947781230719887,-4465.429096234135,-4465.359488984644,-13.588787834537417,-1.3846627684127395,0.02
-1.9430099481600065,-4467.372106182294,-4467.302498932803,-13.63656162728565,-1.3974562442241034,0.02
-7.281386382479894,-4474.653492564774,-4474.583885315283,-9.807957475434735,-1.5201829309061814,0.02
-1.238925294431919,-4475.892417859206,-4475.822810609715,-9.741809329900885,-1.5102910514675805,0.02
-1.1495516374399581,-4477.041969496646,-4476.972362247155,-9.698019960994184,-1.5049967587074524,0.02
-0.7719208174400833,-4477.813890314086,-4477.744283064595,-9.5168633401967,-1.4794149275109438,0.02
-2.1113894273039095,-4479.92527974139,-4479.855672491899,-9.52220294952379,-1.4820935549114245,0.02
-2.3765579421481,-4482.301837683538,-4482.232230434047,-9.563985779840744,-1.4981357052743867,0.02
-1.7753195252798797,-4484.077157208818,-4484.007549959327,-9.543300950681706,-1.4904926185441147,0.02
-1.512215651063856,-4485.589372859882,-4485.519765610391,-10.126174916830873,-1.5300533882189127,0.0
-1.9699244356176517,-4487.5592972955,-4487.489690046009,-10.358625325047061,-1.556566190170307,0.0
-2.007104430900038,-4489.5664017264,-4489.496794476909,-10.751682814593023,-1.5921657842465482,0.0
-2.2393508272639235,-4491.805752553663,-4491.736145304172,-10.760275964430107,-1.597267416374293,0.0
-2.556413535599875,-4494.362166089263,-4494.292558839772,-10.984279666316857,-1.6330234258666028,0.0
-1.9116819780559229,-4496.273848067319,-4496.204240817828,-11.257274968470444,-1.6587855634924418,0.0
-0.80673992313596,-4497.080587990455,-4497.0109807409635,-11.0774043957653,-1.642920669732442,0.0
-3.0352240381758646,-4500.115812028631,-4500.04620477914,-11.077551664191848,-1.671064538095958,0.0
-1.1362183924007025,-4501.252030421032,-4501.182423171541,-11.014893901435626,-1.6649821828290945,0.0
-1.5919624069438538,-4502.843992827976,-4502.774385578485,-10.96823736465432,-1.6444503862748356,0.0
-1.9598738243772047,-4504.8038666523535,-4504.734259402862,-10.982514914993889,-1.626956004295183,0.0
-2.028013889595206,-4506.8318805419485,-4506.762273292457,-10.975695600857184,-1.623007382587091,0.0
-0.7373165956463206,-4507.5691971375945,-4507.499589888103,-10.916595135295836,-1.618948652548018,0.0
-3.2320916029440334,-4510.801288740538,-4510.731681491047,-10.966621437629792,-1.6602321173289505,0.0
0.9217681864000813,-4509.879520554138,-4509.809913304647,-10.028194253512583,-1.5897530768675134,0.02
-1.1370622667774266,-4511.016582820916,-4510.946975571424,-9.946357004639635,-1.579209870382264,0.02
-1.774601927439953,-4512.791184748356,-4512.7215774988645,-10.075794689686552,-1.595336863842872,0.02
-1.8249864998398886,-4514.616171248195,-4514.546563998704,-10.288824476506006,-1.618349286641271,0.02
-1.1309247956159263,-4515.747096043811,-4515.67748879432,-10.338129839458231,-1.6226890920671913,0.02
-1.799420423107849,-4517.5465164669195,-4517.476909217428,-10.324380021863213,-1.6032628824177488,0.02
-1.0878598565279152,-4518.634376323447,-4518.564769073956,-10.210343797195343,-1.5881293148571074,0.02
-0.6507601987599048,-4519.285136522207,-4519.215529272716,-10.008288158126343,-1.5675969006169481,0.02
-1.38891078720007,-4520.674047309407,-4520.604440059916,-10.130143363183286,-1.57937159911935,0.02
-1.4288935075630866,-4522.10294081697,-4522.033333567479,-10.091834705753092,-1.5733813367089662,0.02
-0.9357258523199744,-4523.038666669289,-4522.969059419798,-10.151291281947643,-1.578047091411527,0.02
-1.379656116744035,-4524.418322786033,-4524.348715536542,-10.190640604560738,-1.58239830032721,0.02
-0.8472552195039607,-4525.2655780055375,-4525.195970756046,-10.008749159877635,-1.5570572318216174,0.02
-0.8327443229759596,-4526.098322328514,-4526.028715079023,-10.183037603801413,-1.568637575411378,0.02
-1.0194352623360783,-4527.11775759085,-4527.048150341358,-10.039781318007917,-1.5413956972077525,0.02
-2.2726562512750323,-4529.390413842125,-4529.320806592634,-10.27637327787256,-1.5737063357706922,0.02
-1.31689356239981,-4530.707307404525,-4530.637700155034,-10.528093931451558,-1.592729921269508,0.02
-0.6579319798921011,-4531.365239384417,-4531.295632134926,-10.646680731508475,-1.5997065276583922,0.02
-1.8064293770639903,-4533.171668761481,-4533.10206151199,-10.853012619499712,-1.6207053623774346,0.02
-0.666723115519924,-4533.8383918770005,-4533.768784627509,-10.836703733416678,-1.6196670405956735,0.02
-1.0001081250199744,-4534.838500002021,-4534.76889275253,-10.735106578844237,-1.609704650126954,0.02
-2.391151993119952,-4537.229651995141,-4537.160044745649,-10.817983670032206,-1.6298839055187935,0.02
-0.03534978519998838,-4537.265001780341,-4537.19539453085,-10.394947205319996,-1.6000984657470942,0.02
-1.7306299958640092,-4538.995631776204,-4538.926024526713,-10.423926076242102,-1.6046485726946644,0.02
-2.3614296414127964,-4541.357061417617,-4541.287454168126,-10.511018303811813,-1.6247462947576725,0.02
-1.087385570481529,-4542.444446988098,-4542.374839738607,-10.371038511544079,-1.5995655839567442,0.02
-1.4135849232000046,-4543.858031911298,-4543.788424661807,-10.348114048022524,-1.5964742760047441,0.02
-1.4527633804798517,-4545.310795291778,-4545.241188042287,-10.357380208241215,-1.5976339811529017,0.02
-1.1728662297600585,-4546.483661521538,-4546.414054272047,-10.253277717986501,-1.5822311067849022,0.02
-1.5592839479518665,-4548.04294546949,-4547.973338219999,-14.283985777609276,-1.4677890580943418,0.02
-1.4364158803999352,-4549.4793613498905,-4549.409754100399,-14.336598793975178,-1.4717388698137024,0.02
-0.9473835009599163,-4550.426744850851,-4550.35713760136,-14.251218010411739,-1.4676955070841016,0.02
-2.7054603939024284,-4553.132205244753,-4553.062597995262,-14.36546401800891,-1.5063662986133481,0.02
-0.9585430762143171,-4554.090748320968,-4554.021141071476,-14.16944764789921,-1.4833093715915566,0.02
-0.4006861044479453,-4554.491434425416,-4554.421827175925,-13.71802187075987,-1.4437919348375532,0.02
-6.1097458429950136,-4560.601180268411,-4560.5315730189195,-10.93443248052744,-1.530480461191856,0.02
-0.6032419236479598,-4561.204422192059,-4561.134814942568,-10.712760425896072,-1.5123009866435382,0.02
-1.368628920204784,-4562.573051112264,-4562.503443862773,-10.648539532671148,-1.5002750763352808,0.02
-0.13495764595204718,-4562.708008758216,-4562.638401508725,-10.225620508409735,-1.462832140636321,0.02
-1.4857698984479342,-4564.193778656664,-4564.124171407173,-10.181525621542832,-1.4477605220600012,0.02
-1.2249406573440114,-4565.418719314008,-4565.349112064517,-10.116565191923845,-1.4211310644948838,0.02
-1.0908149830159137,-4566.5095342970235,-4566.439927047532,-10.014424267261857,-1.4047137245940837,0.02
-1.673731611439951,-4568.183265908463,-4568.113658658972,-10.16912518038147,-1.4220535583601634,0.02
-1.6881132492800495,-4569.871379157743,-4569.801771908252,-10.249259355383328,-1.395111342582247,0.02
-0.7734920449279317,-4570.64487120267,-4570.575263953179,-10.16127979436827,-1.3878568156327917,0.02
-1.3526862729599398,-4571.99755747563,-4571.927950226139,-10.130758011681873,-1.3830712929531137,0.02
-7.086355396427814,-4579.083912872058,-4579.014305622567,-8.396320524170473,-1.485600924394126,0.02
-0.8191835514719545,-4579.90309642353,-4579.833489174039,-8.253318795882914,-1.4614243176316608,0.02
-0.17441308851198328,-4580.077509512042,-4580.0079022625505,-8.131557095410155,-1.450166247488974,0.02
-0.5817643778847158,-4580.659273889926,-4580.589666640435,-7.963665429701092,-1.3971597029877876,0.02
-1.2716834134128887,-4581.930957303339,-4581.861350053848,-8.521479393826409,-1.4410287349840472,0.0
-2.0769491050559923,-4584.007906408395,-4583.938299158904,-8.614923615434787,-1.4598264717496183,0.0
-0.959588773855872,-4584.967495182251,-4584.89788793276,-8.510561718732118,-1.4435262086779368,0.0
-1.2175932693598883,-4586.185088451611,-4586.11548120212,-8.444923014485283,-1.4313783440683365,0.0
-0.6135735707006995,-4586.798662022311,-4586.72905477282,-8.350622009478503,-1.4210313195700324,0.0
-0.003083718143920555,-4586.801745740455,-4586.732138490964,-8.040005592689825,-1.3851045854707535,0.0
-0.5088117889599999,-4587.310557529415,-4587.240950279924,-7.936877876084274,-1.3735236241193953,0.0
-0.39195581470790924,-4587.702513344123,-4587.632906094632,-7.883849239601023,-1.3683475364383555,0.0
-0.5826322793279763,-4588.285145623451,-4588.21553837396,-7.759888850288171,-1.3522219662809136,0.0
-0.5916023276799558,-4588.876747951131,-4588.80714070164,-7.635747317751997,-1.335476142683251,0.0
-0.44265650504799536,-4589.319404456179,-4589.249797206688,-7.548214511613337,-1.3256147557378113,0.0
-0.5565733035199194,-4589.875977759699,-4589.806370510208,-7.426841304983938,-1.309153099473329,0.0
-0.37433268211183607,-4590.250310441811,-4590.18070319232,-7.342243427331741,-1.2996946487254866,0.0
-2.1046000236238696,-4592.354910465435,-4592.285303215944,-7.467023189511383,-1.3251317627384447,0.0
-0.908253886087125,-4593.263164351522,-4593.193557102031,-7.450704684097346,-1.3229081352134657,0.0
-0.9906891519998275,-4594.253853503522,-4594.184246254031,-7.344822446519322,-1.2972687932279614,0.0
-1.2399442186559488,-4595.493797722178,-4595.424190472687,-7.33597820774877,-1.2957298063530842,0.0
-1.4331514307902937,-4596.9269491529685,-4596.857341903477,-7.442865591645003,-1.311234195371048,0.0
-0.8281090647037969,-4597.755058217673,-4597.685450968182,-7.333264902690298,-1.2916677891238444,0.0
-0.8450325235815244,-4598.6000907412545,-4598.530483491763,-7.362616141119337,-1.2952339772850763,0.0
-2.162390910784003,-4600.762481652038,-4600.692874402547,-7.46404957193877,-1.318479633000357,0.0
-0.5079452795199234,-4601.270426931558,-4601.200819682067,-7.277211628328307,-1.2808154987283564,0.0
-0.8224025976000034,-4602.092829529158,-4602.023222279667,-7.431875242768358,-1.2965565549763565,0.0
-0.7215347339199689,-4602.814364263078,-4602.744757013586,-7.31034060169446,-1.276374649737476,0.0
-0.9257065559999252,-4603.740070819077,-4603.670463569586,-7.1978050277301335,-1.2476601880292184,0.0
0.05324305996803963,-4603.686827759109,-4603.617220509618,-6.990271914533067,-1.224847615420227,0.02
0.013353703512118842,-4603.673474055598,-4603.603866806106,-6.763517411529949,-1.1963088428859845,0.04
-1.853971260927874,-4605.527445316526,-4605.457838067035,-6.79311452966062,-1.204333000494945,0.04
-0.16372882801583674,-4605.691174144542,-4605.621566895051,-6.634609219038246,-1.1841502524600604,0.04
-5.104720526879808,-4610.795894671422,-4610.7262874219305,-6.451326944564893,-1.2550589840386195,0.04
-0.865357003679861,-4611.661251675101,-4611.59164442561,-6.388823627608706,-1.243637806504218,0.04
-0.9526647563039826,-4612.613916431405,-4612.544309181914,-6.389470855727437,-1.2437434316110991,0.04
-0.7778094526799586,-4613.391725884086,-4613.3221186345945,-6.25761935520893,-1.20519041278665,0.04
-0.9257065559999252,-4614.317432440085,-4614.247825190594,-6.253627685139249,-1.204533682382362,0.04
-0.28864311663346065,-4614.606075556719,-4614.536468307228,-6.2355284741293975,-1.2022928226260723,0.04
-0.5877772777439431,-4615.193852834463,-4615.1242455849715,-6.5900163238125185,-1.091853451321051,0.04
-0.3497777267599339,-4615.543630561223,-4615.474023311732,-6.544624179008927,-1.0867841673832903,0.04
-1.1120328897599296,-4616.6556634509825,-4616.586056201491,-6.517507957509572,-1.0816522467743932,0.04
-0.9171462803199285,-4617.572809731302,-4617.503202481811,-6.654496942612874,-1.097296019461751,0.04
-2.2062651155277586,-4619.77907484683,-4619.7094675973385,-6.6895138732954935,-1.1117059238033475,0.04
0.014261769503907229,-4619.764813077326,-4619.695205827835,-6.483154260209181,-1.086921875266389,0.06
-0.5344331362239949,-4620.29924621355,-4620.229638964059,-6.403171104656844,-1.0757942383305508,0.06
-1.0869585378239275,-4621.386204751374,-4621.316597501883,-6.349731841122755,-1.0640587768582301,0.06
-0.14375635592377056,-4621.529961107298,-4621.460353857807,-6.147497197351568,-1.0331716389911045,0.06
-0.7817132447999378,-4622.311674352098,-4622.242067102607,-6.148658553041043,-1.0333360629885449,0.06
-0.6948824755200229,-4623.006556827618,-4622.936949578127,-6.070207807823322,-1.0201799870397463,0.06
0.544553819211987,-4622.462003008406,-4622.392395758915,-7.321930391337148,-0.8675618027269505,0.08
-7.672334880513428,-4630.13433788892,-4630.0647306394285,-5.599881616410498,-1.0046248293077797,0.08
-0.7364964411573955,-4630.870834330077,-4630.801227080586,-5.684618032719221,-1.015866496360688,0.08
-3.6349549437837063,-4634.5057892738605,-4634.436182024369,-5.795547980140651,-1.0769303076786678,0.08
-0.9933674827118467,-4635.499156756572,-4635.429549507081,-5.766678091028423,-1.0713639890646471,0.08
-2.58833810995168,-4638.087494866524,-4638.017887617033,-5.778867863885089,-1.081591769162561,0.08
-0.9769857750239481,-4639.0644806415485,-4638.994873392057,-5.78085720047696,-1.0819397091859222,0.08
-0.9257065559999252,-4639.990187197548,-4639.920579948057,-5.749524644262186,-1.076101974918723,0.08
-0.7669563943679898,-4640.757143591916,-4640.687536342425,-5.769830777098083,-1.079169631392069,0.08
-0.6035132115598025,-4641.360656803476,-4641.2910495539845,-5.865606353070132,-1.0911782212603864,0.08
-0.6808263633770423,-4642.041483166853,-4641.971875917362,-5.889935148069615,-1.0946185127487273,0.08
-3.0540633523197775,-4645.095546519173,-4645.025939269682,-6.064924096312558,-1.1478606635009647,0.08
-1.035125277087843,-4646.130671796261,-4646.06106454677,-6.123378334988847,-1.156910523456162,0.08
-0.7251866054399381,-4646.855858401701,-4646.78625115221,-6.14211670358615,-1.1595822090113617,0.08
-0.381972586560033,-4647.237830988261,-4647.1682237387695,-6.132570435552116,-1.1583685306416025,0.08
-0.13633582497899877,-4647.37416681324,-4647.304559563749,-6.0650382027443905,-1.1499637810707841,0.08
-0.3223921257022828,-4647.696558938942,-4647.626951689451,-6.056756016654679,-1.148924969942593,0.08
0.0038065747201120326,-4647.692752364222,-4647.6231451147305,-5.823898073888194,-1.1067568379757133,0.1
-1.6034025394557718,-4649.296154903677,-4649.226547654186,-5.8906150528497125,-1.1206598110430863,0.1
-1.2136931783999003,-4650.509848082077,-4650.440240832586,-5.914360658594638,-1.1251198915710878,0.1
-0.9906891519998275,-4651.500537234077,-4651.430929984585,-5.888037140282518,-1.1201347902379652,0.1
-6.162681778252631,-4657.663219012329,-4657.593611762838,-5.6548617371955645,-1.214725397187212,0.1
-0.07710084782399451,-4657.740319860153,-4657.670712610662,-5.557702705542939,-1.199705232849616,0.1
-0.4704158459158846,-4658.2107357060695,-4658.141128456578,-5.513459295339169,-1.1922128992963033,0.1
-0.5513067241439735,-4658.762042430213,-4658.692435180722,-5.377861673626683,-1.1599912155635026,0.1
-1.1261845307999452,-4659.888226961013,-4659.818619711522,-5.445300089598259,-1.1723560005891032,0.1
-0.18202479401596267,-4660.070251755029,-4660.000644505538,-5.366165585801273,-1.1595484445174222,0.1
-0.7917032471999841,-4660.861955002229,-4660.792347752737,-5.373964132986567,-1.1609518147830227,0.1
-0.7350423582717749,-4661.596997360501,-4661.5273901110095,-5.353438175971814,-1.1571385308284594,0.1
-0.7387692264319659,-4662.335766586933,-4662.266159337441,-5.457236506017761,-1.1729787765564597,0.08
-0.7765513380240319,-4663.112317924956,-4663.042710675465,-5.561219728751949,-1.1887768773871827,0.06
-2.610292286306284,-4665.722610211263,-4665.653002961772,-5.5937530692991855,-1.2039032978947508,0.06
-0.334217095991784,-4666.056827307254,-4665.987220057763,-5.617513276403342,-1.20731306325427,0.06
-0.16176019017591925,-4666.21858749743,-4666.148980247939,-5.517750405974877,-1.108453856520192,0.06
-4.374932433695655,-4670.593519931126,-4670.523912681635,-5.587185668096093,-1.178645365120508,0.06
-1.8833841057200371,-4672.4769040368465,-4672.407296787355,-5.664532253263286,-1.1972597521088288,0.06
-0.05417062954225349,-4672.531074666389,-4672.461467416898,-5.568201703591396,-1.182786975646075,0.06
-0.9256885583999495,-4673.456763224789,-4673.387155975298,-5.568199780649887,-1.1827866156940754,0.06
-0.089688978911938,-4673.546452203701,-4673.47684495421,-5.539787060510294,-1.178807532939645,0.06
-2.586152818871867,-4676.1326050225725,-4676.062997773081,-5.6887628449746925,-1.2187750437622034,0.06
-1.2437907122158722,-4677.376395734788,-4677.306788485297,-5.791698534424959,-1.2366553034713221,0.06
-1.2296178242400906,-4678.606013559029,-4678.536406309538,-5.8031135367337106,-1.2390070021609254,0.06
-1.7395305763918125,-4680.345544135421,-4680.27593688593,-5.876710678348891,-1.2554546880823632,0.06
-0.7916700837404802,-4681.137214219161,-4681.06760696967,-5.762716461949927,-1.2271627874466176,0.06
-0.7717080443199115,-4681.908922263481,-4681.83931501399,-5.871495347430923,-1.242882183723094,0.04
-0.9688906190079256,-4682.877812882489,-4682.808205632998,-5.923940292791564,-1.2515713333787726,0.04
-8.886683144040068,-4691.764496026529,-4691.694888777038,-5.419453024375138,-1.4075658255030954,0.04
-1.4084529673919697,-4693.172948993921,-4693.10334174443,-5.543683416019756,-1.4328597577324593,0.04
-1.2298216782638374,-4694.4027706721845,-4694.333163422693,-5.584828389841415,-1.4418219264017373,0.04
-1.086836344320054,-4695.489607016504,-4695.419999767013,-5.622536264877337,-1.4496610037777378,0.04
-2.1025699551518264,-4697.592176971656,-4697.522569722165,-5.893684993446795,-1.5026034792650143,0.02
-1.316942168880011,-4698.909119140536,-4698.839511891045,-6.184601013305595,-1.3754956250323458,0.02
-0.7617332399999357,-4699.6708523805355,-4699.601245131044,-6.187661789926268,-1.3760003610091969,0.02
-1.543144565175834,-4701.213996945711,-4701.14438969622,-6.128857449731703,-1.334164153437039,0.02
-0.4727660284481202,-4701.686762974159,-4701.617155724668,-6.06516523167359,-1.3237521243517645,0.02
-4.246539771595843,-4705.933302745755,-4705.863695496264,-6.04474778157029,-1.356916157584648,0.02
-1.0189501731838835,-4706.952252918939,-4706.882645669448,-6.049210809948076,-1.3577554455478467,0.02
-0.7411262841279032,-4707.693379203067,-4707.623771953576,-6.028149374363851,-1.3540638401104061,0.02
-1.3145348053198287,-4709.007914008386,-4708.938306758895,-6.0853319561501396,-1.365015408329443,0.02
-2.5110429286030254,-4711.5189569369895,-4711.449349687498,-6.239045893999407,-1.4031660026703074,0.02
-1.112076695104009,-4712.631033632094,-4712.561426382603,-6.288365205952101,-1.4117910093048467,0.02
-4.897892389103881,-4717.528926021198,-4717.459318771706,-6.224904889664585,-1.4486675900405288,0.02
-0.9257425511998768,-4718.454668572397,-4718.385061322906,-6.213160262377441,-1.4464799355227695,0.02
-2.2302877580879326,-4720.684956330485,-4720.615349080994,-6.341318030856673,-1.4765819585757294,0.02
-1.0551115059199834,-4721.740067836405,-4721.670460586914,-6.4235776032500596,-1.4900447369629282,0.02
-0.5022400996799012,-4722.242307936084,-4722.172700686593,-6.475846169441561,-1.4973628224569464,0.02
-0.0778929395037683,-4722.320200875588,-4722.250593626097,-6.439464040412143,-1.4924728387329762,0.02
-0.31064344015192497,-4722.6308443157395,-4722.561237066248,-6.487018192193818,-1.498761839030417,0.0
3.8239505111683196,-4718.806893804571,-4718.73728655508,-5.475152115863609,-1.390214778017935,0.02
-2.1681319483040222,-4720.975025752875,-4720.905418503384,-5.540785829672526,-1.4093035534160174,0.02
4.1766761819759335,-4716.798349570899,-4716.7287423214075,-4.70964637248565,-1.305956246736502,0.04
-0.9257425511998768,-4717.724092122098,-4717.654484872607,-4.630517523497201,-1.2012174621954472,0.04
-1.7318335336879287,-4719.455925655786,-4719.386318406295,-4.772822703827876,-1.234312115912726,0.04
-1.278887559680006,-4720.734813215466,-4720.665205965975,-4.843967522114761,-1.2504815501880082,0.04
-1.025972564166329,-4721.760785779632,-4721.691178530141,-4.88724264895177,-1.2599748669884554,0.04
-1.3707150324479755,-4723.13150081208,-4723.061893562589,-4.90631342028639,-1.264865477021416,0.04
-1.6151583942400025,-4724.74665920632,-4724.677051956829,-5.034046604549092,-1.2935281490258967,0.04
-2.7791116327726826,-4727.525770839093,-4727.456163589602,-5.15949675672191,-1.333276316737351,0.04
-0.46146856828798266,-4727.987239407381,-4727.91763215789,-5.132168283416416,-1.327804840937675,0.04
-0.9257425511998768,-4728.9129819585805,-4728.843374709089,-5.149484616181905,-1.3315443074330333,0.04
0.4440010892798908,-4728.468980869301,-4728.39937361981,-5.013048575878311,-1.3071332588869546,0.06
-1.4423043861601077,-4729.911285255461,-4729.84167800597,-4.948374547076225,-1.2837735008840312,0.06
-1.133812400319828,-4731.04509765578,-4730.975490406289,-5.023348106730586,-1.299765406970592,0.06
-0.7498316636160067,-4731.794929319396,-4731.725322069905,-5.084007366627364,-1.311526836439394,0.06
-0.668918824145781,-4732.463848143542,-4732.394240894051,-4.935801885649463,-1.2374065642483962,0.06
-4.218451957603963,-4736.682300101146,-4736.612692851655,-4.991026496930021,-1.2841079212860749,0.06
-2.291194036767965,-4738.973494137914,-4738.903886888423,-5.174289063123298,-1.3288483894305891,0.06
-0.29196531996804925,-4739.265459457882,-4739.1958522083905,-5.110937231683559,-1.316173924661951,0.06
-0.7917336433598529,-4740.057193101242,-4739.987585851751,-5.1848719398297956,-1.3302148179509092,0.06
-1.1207498264159232,-4741.177942927658,-4741.108335678166,-5.095100565839168,-1.3009067581017906,0.06
-0.8678815681536205,-4742.045824495811,-4741.97621724632,-5.062837896081263,-1.2933885752205456,0.06
-0.771738440479962,-4742.81756293629,-4742.747955686799,-5.02293156553459,-1.284230987545343,0.06
0.07242881968324699,-4742.745134116607,-4742.675526867116,-4.857948168676727,-1.2479917996238417,0.08
-0.7257396607999966,-4743.470873777407,-4743.401266527916,-4.851868069493435,-1.246673191165032,0.08
-1.9478745774798782,-4745.418748354887,-4745.349141105396,-4.9398508366858795,-1.2701965218282314,0.08
-0.4156389695999715,-4745.834387324487,-4745.7647800749955,-4.887463605543665,-1.2591314888400722,0.08
-0.3881005715599469,-4746.222487896047,-4746.152880646556,-5.2631555700037,-1.0891598373904698,0.08
-0.1041741775359577,-4746.326662073583,-4746.257054824092,-5.117203922971422,-1.0630742615933497,0.08
0.13629538314239503,-4746.190366690441,-4746.12075944095,-4.9542546227331234,-1.035751920365225,0.1
-0.5988655375999973,-4746.789232228041,-4746.71962497855,-4.9034574160029925,-1.025992504230824,0.1
-0.9086179653200004,-4747.697850193362,-4747.628242943871,-4.815222508505699,-1.0021134644341874,0.1
-0.3770689270400185,-4748.074919120402,-4748.005311870911,-4.71893478069165,-0.9833159995973876,0.1
7.258224195537813,-4740.816694924864,-4740.747087675373,-3.1090934877816774,-0.8229168508866326,0.12
-0.864621983199967,-4741.681316908064,-4741.611709658573,-3.062426347138333,-0.8093463992471152,0.12
-2.0869153327359853,-4743.7682322408,-4743.698624991309,-3.1712877043838144,-0.8416293853328725,0.12
-0.0185814008711212,-4743.786813641671,-4743.71720639218,-2.9486197579253566,-0.757070217918378,0.12
-0.7210189833599383,-4744.5078326250305,-4744.438225375539,-2.9260253366979985,-0.7511115941218992,0.12
-0.33240479463196504,-4744.840237419662,-4744.770630170171,-2.892672479223706,-0.7429371643319804,0.12
-1.9325567784426247,-4746.772794198105,-4746.703186948614,-2.9312086086843143,-0.7552976037944363,0.12
-0.5718720014753101,-4747.34466619958,-4747.275058950089,-2.8072392353133107,-0.716514185251882,0.12
-0.4159017674240359,-4747.760567967004,-4747.690960717513,-2.7533289491758857,-0.7025906866982825,0.12
-0.6056724327838462,-4748.366240399788,-4748.296633150297,-2.562395948409174,-0.6167462875718818,0.12
-0.7923276821887866,-4749.158568081976,-4749.088960832485,-2.551882730846395,-0.6140779901916601,0.12
-0.7362374986752154,-4749.894805580651,-4749.82519833116,-2.4501679557486846,-0.5841969850034058,0.12
-0.4640167703999657,-4750.3588223510515,-4750.28921510156,-2.4023979444101466,-0.5723750902930054,0.12
-0.7055220801600373,-4751.064344431212,-4750.994737181721,-2.4193602837733024,-0.576440729902608,0.12
-0.42214354367988643,-4751.486487974892,-4751.416880725401,-2.45021842776774,-0.5833257419861304,0.12
-0.6727324548798008,-4752.159220429772,-4752.089613180281,-2.481241085042123,-0.590567522280688,0.12
-0.8845815409678994,-4753.04380197074,-4752.974194721249,-3.102456397515727,-0.6847381633234123,0.1
-0.29700973275193665,-4753.340811703491,-4753.271204454,-2.9587688718936325,-0.6473157190123706,0.1
-0.06521344082076985,-4753.4060251443125,-4753.336417894821,-3.729106621624021,-0.7321535114683048,0.08
-0.5096816588751496,-4753.915706803187,-4753.846099553696,-3.686560202404876,-0.7238322936218101,0.08
-0.37732837087039,-4754.293035174058,-4754.223427924567,-3.5658837254104654,-0.6967421903654594,0.08
-1.5379236398975018,-4755.8309588139555,-4755.761351564464,-3.5855049255769207,-0.7019229119698093,0.08
2.3573426702240052,-4753.473616143731,-4753.40400889424,-3.09726352314153,-0.6342566072820026,0.1
-2.654100543928121,-4756.12771668766,-4756.058109438169,-3.1700581721729466,-0.6599243175116055,0.1
-1.382282870399966,-4757.5099995580595,-4757.440392308568,-3.1533914244563213,-0.6552668070348047,0.1
-1.7821553081599122,-4759.29215486622,-4759.222547616729,-3.104686367355616,-0.6353276805425493,0.1
-1.651086747311921,-4760.943241613531,-4760.87363436404,-3.2060854978431017,-0.659120044123028,0.1
-1.2039085295999175,-4762.1471501431315,-4762.07754289364,-3.22972247010469,-0.664683363691029,0.1
-1.5181995666239194,-4763.665349709755,-4763.595742460264,-3.4297795929423964,-0.7039273768091051,0.08
-0.8203267851358556,-4764.485676494891,-4764.4160692454,-3.37783147348289,-0.6914878247886201,0.08
-2.04483002169614,-4766.530506516587,-4766.460899267096,-3.440350950070961,-0.7097081772161462,0.08
-0.21026098819995226,-4766.740767504787,-4766.671160255296,-3.384191921391927,-0.6989167637078252,0.08
-1.1858934314878389,-4767.926660936275,-4767.857053686784,-3.4305439877938335,-0.7092562558546665,0.08
-1.0984199769231142,-4769.025080913198,-4768.9554736637065,-3.327003222012988,-0.6468556162410495,0.08
-1.3209848985600474,-4770.346065811757,-4770.276458562266,-3.2666409481695307,-0.627451433476891,0.08
-1.414167217199798,-4771.760233028957,-4771.690625779466,-3.3746979107506023,-0.649895471421526,0.08
-0.9062888092159295,-4772.666521838173,-4772.596914588682,-3.3857668136346146,-0.6521865747386477,0.08
-0.5423301081599552,-4773.208851946333,-4773.139244696842,-3.3295565200635164,-0.6406181803735282,0.08
-0.8504845544798704,-4774.0593365008135,-4773.989729251322,-3.327884970866901,-0.6402702401000532,0.08
-1.2617845127999727,-4775.321121013613,-4775.251513764122,-3.3721973364996174,-0.6500711615464535,0.08
-1.3696241675160081,-4776.690745181129,-4776.621137931638,-3.52267742854813,-0.6789122212904385,0.06
0.8623886213082148,-4775.828356559821,-4775.75874931033,-3.316641992213282,-0.6471496556482744,0.08
-2.056694901811129,-4777.885051461632,-4777.815444212141,-3.3226563360306045,-0.6493260621348993,0.08
-2.3925089116480325,-4780.277560373281,-4780.20795312379,-3.4725236863389437,-0.6888634609758604,0.08
-0.34696499551198046,-4780.624525368793,-4780.554918119302,-3.467911138187587,-0.6880407494549011,0.08
0.05865304032010754,-4780.565872328473,-4780.496265078982,-3.447713478139773,-0.6847842050977797,0.1
-1.1296018485278818,-4781.695474177001,-4781.62586692751,-3.5844327464608465,-0.7101021497311854,0.08
-3.459263015423845,-4785.154737192425,-4785.085129942934,-3.7352409248136498,-0.7673100992876623,0.08
-0.8807737597919205,-4786.035510952217,-4785.965903702726,-3.7326558030398305,-0.7667532151771007,0.08
-2.0176273260000563,-4788.053138278217,-4787.983531028726,-3.867552452813017,-0.7995643831563015,0.08
-1.7261325130421676,-4789.7792707912595,-4789.709663541768,-7.631219704171318,-0.9792515173279012,0.06
-1.5683133255381916,-4791.347584116797,-4791.277976867306,-7.710616543031446,-0.9933253441746657,0.06
-1.9489128875997683,-4793.296497004397,-4793.226889754906,-7.715566520472888,-0.9905652952719413,0.06
-1.0351446064559058,-4794.331641610853,-4794.262034361362,-7.967621633824204,-1.010896559383637,0.06
-0.4866223258399979,-4794.818263936692,-4794.748656687201,-7.912043103563659,-1.0062086262332381,0.06
-0.7385561290495501,-4795.556820065742,-4795.487212816251,-8.014229747647022,-1.01433165292159,0.06
-1.7705864467196801,-4797.3274065124615,-4797.25779926297,-8.015877151775063,-1.011092246287131,0.06
-0.9265475231999474,-4798.253954035661,-4798.18434678617,-8.091287195069954,-1.0181857567216237,0.06
-0.4869849394399337,-4798.740938975101,-4798.67133172561,-8.110853313063105,-1.0196074201619418,0.06
-1.2610840511999193,-4800.002023026301,-4799.93241577681,-8.227802172315435,-1.0327156525302632,0.06
0.19425566401919714,-4799.807767362282,-4799.738160112791,-7.928130433365812,-1.0129839856061036,0.08
-4.222075080959926,-4804.029842443242,-4803.960235193751,-7.595917029347875,-1.0827007372517976,0.08
-0.6805562490000195,-4804.710398692242,-4804.640791442751,-7.6430208363964764,-1.0870315268237989,0.08
-0.34045124961590006,-4805.050849941858,-4804.981242692367,-7.561156552030578,-1.079730110212916,0.08
-0.721511317871999,-4805.77236125973,-4805.702754010239,-7.625998541467665,-1.0857174656967583,0.08
-1.276411862375984,-4807.0487731221065,-4806.979165872615,-7.721589447723546,-1.0977910538466817,0.08
-1.0205528877598198,-4808.069326009866,-4807.999718760375,-7.743772176640351,-1.1005104807825203,0.08
-0.834139445660087,-4808.903465455526,-4808.833858206035,-7.864697590733108,-1.1112530750406835,0.08
-0.6038474265095561,-4809.507312882036,-4809.437705632545,-8.008824105717423,-1.1220257547544592,0.08
-1.486317186535731,-4810.993630068571,-4810.92402281908,-8.17003029921791,-1.1415584653076707,0.08
-0.7822299955199001,-4811.775860064091,-4811.7062528146,-8.266883628144193,-1.149656497800661,0.08
-1.2332634131998836,-4813.009123477291,-4812.9395162278,-8.235479989274804,-1.1435632932667084,0.08
-0.023314760524932532,-4813.032438237816,-4812.962830988325,-9.779627474811544,-1.1911764418816873,0.06
0.28342009123196804,-4812.749018146584,-4812.679410897093,-9.314664952050187,-1.1324260291784856,0.08
-0.7968232195839657,-4813.545841366167,-4813.476234116676,-9.21294999862873,-1.1207168361621656,0.08
-1.373658873359829,-4814.919500239527,-4814.849892990036,-9.192731177239752,-1.1125469074661638,0.08
-0.5625182093439389,-4815.482018448871,-4815.41241119938,-9.014216953541917,-1.0907755367068044,0.08
-1.2019773650640506,-4816.683995813934,-4816.614388564443,-9.013951117499369,-1.090736913416087,0.08
-0.6280186111915218,-4817.312014425126,-4817.242407175635,-8.864939418980867,-1.072933294307439,0.08
-0.3147760730879007,-4817.626790498214,-4817.557183248723,-8.721367630747734,-1.06282228006648,0.08
-0.7052446913117167,-4818.332035189526,-4818.262427940035,-8.603192926048811,-1.0360305734587913,0.08
-0.7817739379198665,-4819.113809127446,-4819.044201877955,-8.773916936470448,-1.0474608324531898,0.08
-1.041415130559903,-4820.155224258006,-4820.085617008514,-8.752113574572851,-1.044571266434631,0.08
-7.263921848366207,-4827.419146106372,-4827.349538856881,-6.809894795248349,-1.1678813038634928,0.08
-3.8145244506526508,-4831.233670557024,-4831.164063307533,-6.791095210494388,-1.2177520949053449,0.08
-2.696590478879823,-4833.930261035904,-4833.8606537864125,-6.844650414537692,-1.2434005601389453,0.08
-1.0899700630399949,-4835.020231098943,-4834.950623849452,-6.8686528475154995,-1.2470741852154266,0.08
-0.3462297110638986,-4835.366460810007,-4835.296853560516,-6.834040373007287,-1.2431521772735055,0.08
-0.28997438424310545,-4835.65643519425,-4835.586827944759,-6.7419986395989335,-1.2319419738687702,0.08
-1.1731828348799402,-4836.82961802913,-4836.760010779639,-6.732203918477761,-1.2301699403103696,0.08
-0.4363455883967723,-4837.265963617527,-4837.196356368036,-6.606618696952478,-1.211504368727985,0.08
-3.0846851925598977,-4840.350648810087,-4840.281041560595,-7.083763680492491,-1.290445845005347,0.06
-0.6816115433918745,-4841.032260353479,-4840.962653103988,-6.943444804156717,-1.2629441778369621,0.06
-1.3142942981598993,-4842.346554651639,-4842.276947402148,-6.87901748054391,-1.2413798855671994,0.06
-0.5529202286399706,-4842.899474880279,-4842.829867630788,-6.915739420670949,-1.2454989902297593,0.06
-2.1867938654761057,-4845.086268745755,-4845.016661496264,-7.205899533937657,-1.2904079283456835,0.04
-1.8601105064522847,-4846.946379252207,-4846.876772002716,-7.274430042472079,-1.3050181015041715,0.04
-1.1545538094461785,-4848.100933061653,-4848.031325812162,-7.233058082577366,-1.2589239173846183,0.04
-1.3842675443999464,-4849.485200606054,-4849.415593356563,-7.297293128794249,-1.2689937930767787,0.04
-1.6863696741119725,-4851.171570280166,-4851.101963030675,-7.277916483293933,-1.262368640039017,0.04
-0.9404019585599985,-4852.111972238726,-4852.042364989235,-7.1932377977125475,-1.2466540289493735,0.04
-1.924848633600159,-4854.036820872326,-4853.967213622835,-7.217392469346557,-1.253784735110613,0.04
-0.7175822347199091,-4854.754403107046,-4854.6847958575545,-7.086252119716267,-1.2291581220530157,0.04
-1.6955374143456163,-4856.449940521391,-4856.3803332719,-7.154262550287589,-1.2423659782108099,0.04
-1.05888323430395,-4857.508823755695,-4857.439216506204,-7.246364091667736,-1.2538111963800889,0.04
-1.4652092470400033,-4858.974033002734,-4858.904425753243,-7.341713507665059,-1.268344258739898,0.04
-0.30801880595184233,-4859.282051808686,-4859.212444559195,-7.142437847536971,-1.2390929059245412,0.04
-0.1725711322078959,-4859.454622940894,-4859.385015691403,-7.007786126247396,-1.2240133781047005,0.04
-0.21991579792001248,-4859.674538738815,-4859.6049314893235,-6.956097405426239,-1.218671995274302,0.04
-1.6319294654255883,-4861.30646820424,-4861.236860954749,-6.990864301023907,-1.2260889035588152,0.04
-0.9014235297599495,-4862.207891734,-4862.138284484509,-7.207110066440131,-1.2480024874343982,0.02
3.778517937191337,-4858.429373796809,-4858.359766547318,-5.7309072425712895,-1.087990627071373,0.04
-1.1692450023800411,-4859.598618799189,-4859.529011549698,-5.787665062716998,-1.0977644021389734,0.04
-1.5641816875519456,-4861.162800486742,-4861.0931932372505,-5.929435985556359,-1.1222390108976943,0.04
-1.3275215215998069,-4862.4903220083415,-4862.42071475885,-5.997687653568204,-1.1343592149722503,0.04
-8.447803751399984,-4870.9381257597415,-4870.86851851025,-5.364012237315646,-1.2777870527527304,0.04
-1.4700357193535916,-4872.408161479095,-4872.338554229604,-5.402382990118578,-1.2867767093846059,0.04
-0.9234965681158943,-4873.331658047211,-4873.26205079772,-5.411280142856787,-1.288563851833722,0.04
-1.0281300597199396,-4874.359788106931,-4874.29018085744,-5.454705353818534,-1.2970495044979296,0.04
0.034503811612323354,-4874.325284295319,-4874.255677045828,-5.29521216894039,-1.2666330845349687,0.06
-2.584866284885981,-4876.910150580205,-4876.840543330713,-5.418761593205083,-1.30268581032229,0.06
-1.2020324278558934,-4878.11218300806,-4878.042575758569,-5.416064184099071,-1.3020611906154105,0.06
-2.322949485391862,-4880.435132493452,-4880.365525243961,-5.620983707053759,-1.3480538851127488,0.06
-0.7831413127199823,-4881.218273806172,-4881.148666556681,-5.757479823327173,-1.3693851131917882,0.04
-2.4368232619295322,-4883.655097068102,-4883.585489818611,-5.879653457032745,-1.4021851140386992,0.04
-0.9143616986399572,-4884.569458766742,-4884.499851517251,-5.836355979416448,-1.392999170544302,0.04
-1.831765850240016,-4886.401224616982,-4886.331617367491,-5.953789585855305,-1.4183841233622234,0.04
-1.530134579711759,-4887.931359196694,-4887.861751947203,-5.982108388484594,-1.4249472676551775,0.04
-2.0980523901817643,-4890.0294115868755,-4889.959804337384,-6.110389432709186,-1.4543479432349824,0.04
-2.0820078506399247,-4892.111419437516,-4892.041812188025,-6.280369108619774,-1.489692578786023,0.04
-1.5133078705359833,-4893.624727308052,-4893.5551200585605,-6.362719779388457,-1.5058538423705081,0.04
-1.7168697454344142,-4895.341597053486,-4895.271989803995,-6.453209445459808,-1.524555758520799,0.04
-0.9715012641215075,-4896.313098317608,-4896.243491068117,-6.4456199637012705,-1.5231574811920314,0.04
-0.710348652832012,-4897.02344697044,-4896.953839720949,-6.746260757961129,-1.3920860172813474,0.04
-1.0715833408000155,-4898.09503031124,-4898.025423061749,-6.668351927514907,-1.3372271950842947,0.04
-1.415615459522188,-4899.5106457707625,-4899.441038521271,-6.602438759544551,-1.311607694697142,0.04
-2.10716206588796,-4901.61780783665,-4901.548200587159,-6.685794516814729,-1.3319515347541013,0.04
-3.0084172031998766,-4904.62622503985,-4904.556617790359,-6.89434223562859,-1.3851952845968207,0.04
-1.5600489528734973,-4906.186273992724,-4906.116666743233,-7.062928633517228,-1.4105967759694287,0.04
-1.2987714921119464,-4907.485045484836,-4907.4154382353445,-7.0770729738731015,-1.413108549114069,0.04
-2.274337163879916,-4909.7593826487155,-4909.689775399224,-7.271389362946301,-1.4498683806237316,0.04
-1.0828909759198995,-4910.842273624636,-4910.772666375145,-7.1656035683928865,-1.4098324962909319,0.04
-0.989428343529538,-4911.831701968165,-4911.762094718674,-7.210147382298633,-1.415988832293685,0.04
-0.31975068403195794,-4912.151452652197,-4912.081845402706,-7.066063654875639,-1.3960979600111265,0.04
-1.010712451439998,-4913.162165103637,-4913.0925578541455,-7.133141584619244,-1.4052538044671266,0.04
-3.3765168838894644,-4916.538681987526,-4916.469074738035,-7.13551850615024,-1.4290482648353937,0.04
-1.426051916855989,-4917.964733904381,-4917.89512665489,-7.0988854000581805,-1.420367093043468,0.04
-1.4609823278399403,-4919.425716232221,-4919.35610898273,-7.1320416472428185,-1.4264956634113435,0.04
-0.8025111771740874,-4920.228227409395,-4920.158620159904,-7.0604407467687835,-1.4148605360668263,0.04
-5.425521237639985,-4925.653748647035,-4925.584141397544,-6.911770444978547,-1.4896435673373865,0.04
-2.0228224052799684,-4927.676571052315,-4927.606963802824,-7.013449272575994,-1.5112919762717858,0.04
-0.280128200601487,-4927.956699252916,-4927.887092003425,-6.822971973204577,-1.4783975676118124,0.04
-3.1519189550301667,-4931.108618207946,-4931.039010958455,-6.985357187688935,-1.5270843020180171,0.04
-3.2401969585774877,-4934.348815166523,-4934.279207917032,-7.042915192055501,-1.557977492902655,0.04
-1.101265089599995,-4935.450080256123,-4935.380473006632,-7.047914981619779,-1.5588251300085758,0.04
-3.730757591999724,-4939.180837848123,-4939.111230598632,-7.119944417418853,-1.60413609690777,0.04
-0.8037630254016113,-4939.984600873524,-4939.914993624033,-7.193609653987417,-1.6140509812967654,0.04
-1.2465208048798935,-4941.231121678404,-4941.161514428913,-7.346942685893094,-1.6355299747502052,0.04
-1.6295541225601071,-4942.860675800964,-4942.791068551473,-7.536000754551993,-1.6637227412430073,0.04
-0.9206658141167519,-4943.78134161508,-4943.711734365589,-7.455034163261534,-1.6494974682168309,0.04
-1.7569857376798252,-4945.5383273527605,-4945.468720103269,-7.549745219063274,-1.6666087123752282,0.04
-1.3774763983142635,-4946.915803751075,-4946.846196501584,-9.238951727698506,-1.7697285990853402,0.02
-2.6355975014398925,-4949.5514012525155,-4949.481794003024,-9.374384297414673,-1.7990556490665373,0.02
-1.6813710081598963,-4951.232772260675,-4951.163165011184,-9.388717820846606,-1.8013994354786962,0.02
-0.544530480327098,-4951.777302741002,-4951.707695491511,-9.239932944963941,-1.785739614653242,0.02
-10.76689452409586,-4962.544197265098,-4962.474590015607,-8.04841262812157,-1.8321214301071596,0.02
-1.5108767693599932,-4964.055074034458,-4963.985466784967,-8.052869364919445,-1.8329382511072876,0.02
-1.3635613837437908,-4965.418635418202,-4965.349028168711,-8.110679407446222,-1.8417395474198455,0.02
-0.8617715469439028,-4966.280406965146,-4966.2107997156545,-8.086691033197434,-1.8384123771643248,0.02
-1.1692276239999628,-4967.449634589146,-4967.380027339655,-8.292312295888348,-1.8624870058765706,0.0
-0.7931488838397968,-4968.242783472985,-4968.173176223494,-8.11485346103489,-1.8266526578556468,0.0
-0.7840542259200343,-4969.026837698905,-4968.957230449414,-8.05569960511408,-1.8182930938169297,0.0
-0.8695855809094011,-4969.896423279814,-4969.826816030323,-7.908219348851507,-1.7892258157272805,0.0
-0.8428675046399513,-4970.739290784454,-4970.669683534963,-7.917109240522772,-1.7904203395656797,0.0
-0.4849885967998987,-4971.224279381254,-4971.154672131763,-7.708099817093617,-1.7513836462630874,0.0
-1.0220195328991952,-4972.246298914153,-4972.176691664662,-7.7226298912528994,-1.753536802948272,0.0
-1.0099573191600195,-4973.256256233313,-4973.186648983822,-7.634467692570691,-1.7371006323266718,0.0
-2.526237079679907,-4975.782493312993,-4975.712886063502,-7.705371005921623,-1.757022682326035,0.0
-0.528378928159925,-4976.310872241153,-4976.241264991662,-7.528874655580416,-1.7256292130855981,0.0
-0.3908287636200344,-4976.701701004774,-4976.632093755283,-7.336817102331683,-1.6918056313452003,0.0
3.2077999478930965,-4973.4939010568805,-4973.424293807389,-6.385259210524384,-1.597383474976619,0.02
-0.31785496697125304,-4973.811756023852,-4973.74214877436,-6.241900386507715,-1.5694031794073557,0.02
-1.518605039279993,-4975.330361063132,-4975.260753813641,-6.292608417413004,-1.5803452549105252,0.02
-2.806682451148689,-4978.137043514281,-4978.06743626479,-6.446093391787914,-1.622271930876859,0.02
-0.864872923999942,-4979.001916438281,-4978.93230918879,-6.424200565165237,-1.6181377225408573,0.02
-1.6318676662798577,-4980.633784104561,-4980.5641768550695,-6.442219678980081,-1.6224627666760107,0.02
-0.9620327141279321,-4981.595816818689,-4981.526209569198,-6.347779729314963,-1.59956017964081,0.02
0.46021282368105565,-4981.135603995008,-4981.065996745517,-6.03426019895097,-1.5301875791031916,0.04
-1.1717123213759084,-4982.307316316384,-4982.237709066892,-6.0013070818354475,-1.5224208464732398,0.04
-0.9026744482000136,-4983.209990764583,-4983.140383515092,-5.963948664095148,-1.5144989055950009,0.04
-0.9633731768799076,-4984.173363941463,-4984.103756691972,-5.866305853150918,-1.488279625855001,0.04
-1.7475010010855536,-4985.920864942549,-4985.851257693058,-5.9206493714801,-1.501571826358314,0.04
-0.20545267956634167,-4986.1263176221155,-4986.056710372624,-5.8333904466133415,-1.48589231307905,0.04
-0.606063129623959,-4986.73238075174,-4986.6627735022485,-5.8665030601873385,-1.49161856199089,0.04
-0.5418150529199649,-4987.27419580466,-4987.204588555169,-5.817637338596115,-1.4822406140204896,0.04
-3.1056211358080414,-4990.379816940468,-4990.310209690977,-5.813491931860737,-1.476822699058861,0.04
-0.03198279891256295,-4990.4117997393805,-4990.342192489889,-5.667908642315056,-1.4489413166999925,0.04
-1.5718961934719835,-4991.983695932852,-4991.914088683361,-5.676330182850354,-1.4511595940126332,0.04
-8.67552341395198,-5000.659219346804,-5000.589612097313,-5.4991181468753645,-1.6086198387481911,0.04
-1.3253787384000009,-5001.984598085204,-5001.914990835713,-5.4095931179640155,-1.5266169887633916,0.04
-1.681727155055903,-5003.66632524026,-5003.596717990769,-5.388458215597824,-1.5197950837589103,0.04
-2.523475852334239,-5006.189801092594,-5006.120193843103,-5.556343150976767,-1.564662036793565,0.04
-1.5441737439199181,-5007.733974836514,-5007.664367587023,-5.4777877156614485,-1.5325071325713602,0.04
-1.7111038233025042,-5009.445078659816,-5009.375471410325,-5.4091414653944225,-1.5019252698658605,0.04
-0.7545100544959014,-5010.199588714312,-5010.129981464821,-5.378646636337078,-1.4949901691637786,0.04
-0.415257595695946,-5010.614846310008,-5010.545239060517,-5.194869295124275,-1.4286801692377031,0.04
-1.506055777248008,-5012.120902087256,-5012.0512948377645,-5.251421466806691,-1.4427260242746311,0.04
-1.0820511441200145,-5013.202953231375,-5013.133345981884,-5.238184678998311,-1.4394366310594335,0.04
-1.151851429727851,-5014.354804661103,-5014.285197411612,-5.20283830302457,-1.4298825772027886,0.04
-0.9673985692800046,-5015.322203230383,-5015.252595980892,-5.206865918182481,-1.4308172323060535,0.04
-0.04639218397276568,-5015.368595414356,-5015.298988164865,-5.058948720154975,-1.396605361231912,0.04
-0.724807988265505,-5016.093403402621,-5016.02379615313,-5.0058566818513714,-1.3835519930309372,0.04
-1.2658050871999595,-5017.359208489821,-5017.28960124033,-4.927306423819122,-1.3561561447461385,0.04
-1.112873738239965,-5018.472082228061,-5018.402474978569,-4.886680509660401,-1.3447861993477397,0.04
-0.9405788895360749,-5019.412661117597,-5019.343053868106,-4.921708687632508,-1.3527071675319196,0.04
-1.085559112835837,-5020.498220230433,-5020.428612980942,-5.841754912995378,-1.159080459306719,0.04
-0.5459487311999359,-5021.044168961633,-5020.974561712142,-5.737686640474324,-1.1397818985435177,0.04
-1.3188754699199345,-5022.363044431553,-5022.293437182062,-5.73371198836247,-1.1388881802670405,0.04
-1.067054920588627,-5023.430099352142,-5023.360492102651,-5.756497209499945,-1.142993847739935,0.04
-0.3397647302431382,-5023.7698640823855,-5023.700256832894,-5.654883442015364,-1.1264045898647985,0.04
-0.8875615257598825,-5024.657425608146,-5024.587818358655,-5.665910953027088,-1.1282928427032004,0.04
-1.5259224523198025,-5026.1833480604655,-5026.113740810974,-5.739591376879697,-1.1431302072311957,0.04
-7.854877443520914,-5034.038225503987,-5033.968618254496,-5.3607271068769755,-1.282836044483426,0.04
-6.191391530711829,-5040.229617034699,-5040.160009785208,-5.385511044570141,-1.3898065250048635,0.04
-3.04011244185591,-5043.269729476555,-5043.200122227064,-5.554018547587158,-1.4409090019059838,0.04
-3.635279527263892,-5046.905009003819,-5046.835401754328,-5.6799732016494175,-1.4931742017932776,0.04
-1.2289017796326696,-5048.133910783452,-5048.064303533961,-5.699346166158066,-1.4975530910027306,0.04
3.285914159438641,-5044.847996624013,-5044.778389374522,-4.961771876465125,-1.38131006622036,0.06
-1.1154270223999818,-5045.963423646413,-5045.8938163969215,-5.012538759254072,-1.3930510281051611,0.06
-1.7949771573598101,-5047.758400803772,-5047.688793554281,-5.125311821718678,-1.4211339959799565,0.06
-2.472173236223883,-5050.230574039996,-5050.160966790505,-5.8640942869514925,-1.534733459662296,0.04
-2.5758036274359353,-5052.806377667432,-5052.7367704179405,-6.045456736274573,-1.5798924328715895,0.04
-2.854065930307031,-5055.660443597739,-5055.590836348248,-6.119338148242774,-1.6066016506921303,0.04
-1.9526991251599284,-5057.613142722898,-5057.543535473407,-6.077872259950892,-1.5895219841723551,0.04
-2.447462286191723,-5060.06060500909,-5059.990997759599,-6.19598587787072,-1.6211737714161907,0.04
-1.1572674551279654,-5061.217872464218,-5061.148265214727,-6.155922189161325,-1.611681767193153,0.04
-2.617574871999924,-5063.835447336218,-5063.765840086727,-6.272607801244025,-1.644792610350593,0.04
-4.244481503247894,-5068.0799288394655,-5068.010321589974,-6.595388749068996,-1.7388864968891715,0.02
-0.21267693774709018,-5068.292605777213,-5068.222998527722,-6.48562440556259,-1.7197057892165952,0.02
-4.776265790092647,-5073.068871567306,-5072.999264317815,-6.621877477238612,-1.797177616054448,0.02
-0.42670080460790666,-5073.495572371914,-5073.425965122423,-6.561389358257284,-1.786444168609008,0.02
-0.028758426928003566,-5073.524330798842,-5073.454723549351,-6.383183551489203,-1.7520693171258568,0.02
-1.9894245965279511,-5075.51375539537,-5075.444148145879,-6.555056881809835,-1.7877487554650893,0.02
-0.2545087311359385,-5075.7682641265055,-5075.698656877014,-6.512627023654727,-1.780717667495329,0.02
-0.7112129069949459,-5076.4794770335,-5076.409869784009,-6.5318644059859166,-1.7841056245768285,0.02
-1.4492792711998819,-5077.9287563047,-5077.859149055209,-6.439810048517233,-1.750978787284665,0.02
-1.3226102730671823,-5079.251366577767,-5079.181759328276,-6.584899606943677,-1.7767913367677577,0.02
-0.0390549184559662,-5079.290421496223,-5079.220814246732,-6.419805819363726,-1.7461345112674374,0.02
-4.592113753385579,-5083.882535249609,-5083.812928000118,-6.918516231356338,-1.6644663180561095,0.02
-0.870280121880016,-5084.752815371488,-5084.683208121997,-6.868551180080249,-1.6553643457257095,0.02
-2.2890276610560005,-5087.041843032544,-5086.972235783053,-6.909593535048378,-1.6675103558457112,0.02
-0.8875413630718952,-5087.929384395617,-5087.859777146125,-6.778159392610429,-1.6347916660604647,0.02
-7.16727465142002,-5095.096659047036,-5095.027051797545,-6.596585676861214,-1.7472536842104665,0.02
-0.5989099129863218,-5095.695568960023,-5095.625961710532,-6.488739034553232,-1.7250098060041432,0.02
-0.1375442108400039,-5095.833113170863,-5095.763505921372,-6.413880432105586,-1.712670489131025,0.02
-0.09020946420789944,-5095.923322635071,-5095.85371538558,-6.372629761984496,-1.706169526501264,0.02
-0.8621330742719382,-5096.785455709342,-5096.715848459851,-6.312842428042294,-1.6932910724417425,0.02
1.736013999801662,-5095.049441709541,-5094.9798344600495,-5.920724713543305,-1.6369297695633092,0.04
-0.37075274171976247,-5095.420194451261,-5095.3505872017695,-5.843529082743576,-1.6213077958031474,0.04
-1.0099645305598552,-5096.430158981821,-5096.360551732329,-5.847416209430377,-1.6221591150287444,0.04
-0.5094874926718241,-5096.939646474492,-5096.870039225001,-5.899989097200505,-1.6314210212027254,0.04
-1.934744970076844,-5098.8743914445695,-5098.804784195078,-5.999429594219909,-1.6556197608389525,0.04
-0.7579335923197639,-5099.63232503689,-5099.5627177873985,-5.952489794097928,-1.6454623309413483,0.04
-0.7752098097360185,-5100.407534846626,-5100.337927597135,-5.92075908648139,-1.6387090523712695,0.04
-0.14120740032002665,-5100.548742246946,-5100.479134997455,-5.836505382116344,-1.6227216225869485,0.04
-4.136800238855983,-5104.685542485802,-5104.615935236311,-5.966425899980556,-1.6837464451073516,0.04
-0.9259225271998526,-5105.611465013002,-5105.541857763511,-6.0042694414809565,-1.6913459210273496,0.04
-0.3610993515200585,-5105.972564364522,-5105.902957115031,-5.912287161881923,-1.6721903986593523,0.04
-2.0592243562558528,-5108.031788720778,-5107.962181471287,-5.985980759096892,-1.692033787372697,0.04
-3.7061054981279207,-5111.737894218906,-5111.668286969415,-6.193219509589926,-1.7593606027303923,0.04
-0.6395693367167078,-5112.377463555623,-5112.307856306132,-6.16823340436686,-1.7544007589495292,0.04
-2.5831977412799354,-5114.960661296903,-5114.891054047412,-6.233149026980418,-1.7755462647287317,0.04
-1.4248477994397826,-5116.3855090963425,-5116.315901846851,-6.406955376520545,-1.6469456718471087,0.04
-1.961178932807919,-5118.346688029151,-5118.27708077966,-6.5033641284356625,-1.5623414198890309,0.04
-0.35508422892790037,-5118.701772258079,-5118.632165008587,-6.298862143921381,-1.5086408556304705,0.04
-1.00109848716792,-5119.702870745246,-5119.633263495755,-6.174436327060649,-1.455957234828551,0.04
1.765521463528938,-5117.937349281718,-5117.8677420322265,-5.715530377540686,-1.396068769965319,0.06
-1.3888297979998514,-5119.326179079718,-5119.256571830227,-6.6141330590300695,-1.489563649114089,0.04
-1.9384635258240732,-5121.264642605542,-5121.1950353560505,-6.6859589103711885,-1.5060243791825707,0.04
-0.8244735987839159,-5122.089116204325,-5122.019508954834,-6.59038638755532,-1.4866143080110528,0.04
-1.914813783095951,-5124.0039299874215,-5123.93432273793,-6.561483575217748,-1.475467118948494,0.04
-1.0504327002078937,-5125.05436268763,-5124.984755438139,-6.453354594111454,-1.4449597004039334,0.04
-2.1155451225598894,-5127.169907810189,-5127.100300560698,-6.427170618046433,-1.4301892842489905,0.04
-1.4430905183997416,-5128.612998328589,-5128.543391079098,-6.388546353623606,-1.4199971121137869,0.04
-9.493197944559888,-5138.106196273149,-5138.036589023658,-5.71275253915037,-1.56091182528115,0.04
-1.7067651830400297,-5139.812961456189,-5139.743354206698,-5.755252079098275,-1.5719017798393915,0.04
-23.416089077970916,-5163.229050534161,-5163.15944328467,-3.886846043353106,-1.987872063958811,0.04
-0.025538736687934993,-5163.254589270849,-5163.184982021357,-3.726416392210433,-1.903493208627612,0.04
-3.9939527122561094,-5167.248541983105,-5167.1789347336135,-3.870832948681511,-1.9791187241177925,0.04
-0.376736281536028,-5167.625278264641,-5167.5556710151495,-3.7148116763313523,-1.8911281339466601,0.04
0.016712370416232636,-5167.608565894225,-5167.538958644734,-3.6931433196564276,-1.8822598704461775,0.06
0.774242518175997,-5166.834323376049,-5166.764716126558,-3.6515007312781576,-1.8661998515440974,0.08
-0.5838877340799675,-5167.418211110129,-5167.348603860638,-3.5921282610172574,-1.8380891142951377,0.08
-1.073504238239987,-5168.491715348369,-5168.422108098878,-3.6295118650679963,-1.8544690244372182,0.08
-0.3708696296479401,-5168.862584978017,-5168.792977728526,-3.6137218108910663,-1.8476621588902782,0.08
-0.8567857579199603,-5169.719370735937,-5169.649763486446,-3.588305697260696,-1.8358122886246802,0.08
-0.8733484977600197,-5170.592719233698,-5170.5231119842065,-3.5689465616012312,-1.8268270531185369,0.08
-1.180298090880004,-5171.773017324577,-5171.703410075086,-3.621297731541056,-1.8496519165670173,0.08
-1.140954821184004,-5172.913972145761,-5172.84436489627,-3.505720535665118,-1.780628737922986,0.08
-0.8539143751198699,-5173.767886520881,-5173.69827927139,-3.5049944370600565,-1.7803014229877832,0.08
-1.2120695615998356,-5174.97995608248,-5174.910348832989,-3.46247914915696,-1.75876226099866,0.08
-0.8817394823998724,-5175.86169556488,-5175.792088315389,-3.46222348582306,-1.7586462233852191,0.08
0.789749846611235,-5175.0719457182695,-5175.002338468778,-3.209259011628371,-1.5995057334245941,0.1
-1.851637572639934,-5176.92358329091,-5176.853976041419,-3.262074636823954,-1.6245602866176663,0.1
0.21674285253357373,-5176.706840438376,-5176.637233188885,-3.244769290240673,-1.617474545350195,0.12
-2.4214771034400178,-5179.128317541817,-5179.0587102923255,-3.343136002125941,-1.6640998981348372,0.12
-0.21840789453823767,-5179.346725436355,-5179.277118186864,-3.313426046023471,-1.6512253945401634,0.12
-1.2511693056799615,-5180.597894742035,-5180.528287492544,-3.465532592193394,-1.7109690606497958,0.1
-10.674469850702339,-5191.272364592738,-5191.202757343247,-3.660187970623936,-1.9170434028294474,0.1
-1.977032996880081,-5193.249397589618,-5193.179790340127,-3.6993768227136288,-1.936384772155852,0.1
-1.296926145999878,-5194.546323735618,-5194.476716486127,-3.73393561912777,-1.9521335452224131,0.1
-0.7950764274855096,-5195.341400163104,-5195.271792913612,-3.686798649513985,-1.9293401743705862,0.1
-0.9104281753111896,-5196.251828338415,-5196.182221088924,-3.693529066390489,-1.9323900660304147,0.1
-10.784060201880132,-5207.035888540296,-5206.966281290805,-3.8695752006215227,-2.132567073873297,0.1
-3.5325873698400954,-5210.568475910136,-5210.498868660645,-3.998539801393012,-2.2003946732636983,0.1
-1.9225735603255494,-5212.491049470462,-5212.421442220971,-3.92785967939652,-2.1561101396930895,0.1
-1.9045701961598744,-5214.395619666621,-5214.32601241713,-3.967387286392221,-2.17568309307229,0.1
-0.8888473600510847,-5215.284467026672,-5215.214859777181,-3.9909958305193625,-2.1862380532429104,0.1
-0.2640667494719831,-5215.548533776144,-5215.478926526653,-3.91603263262579,-2.1503349011072332,0.1
-3.758139867120075,-5219.306673643264,-5219.237066393773,-3.9175002724603676,-2.151375588487076,0.1
-2.872249053599952,-5222.178922696864,-5222.109315447373,-4.0037677121177975,-2.196029182824741,0.1
-4.215353548089725,-5226.394276244953,-5226.324668995462,-4.052856356467032,-2.228672298960937,0.1
-2.4924848591998785,-5228.886761104153,-5228.817153854662,-4.093309358644942,-2.2500250401561392,0.1
-1.6225555369751716,-5230.509316641129,-5230.439709391638,-4.080156972654664,-2.243252572239484,0.1
-0.5294804759998883,-5231.0387971171285,-5230.969189867637,-4.088202167362475,-2.246740497180924,0.1
-0.8588740363198687,-5231.897671153449,-5231.828063903958,-4.082015064542829,-2.2438960081639627,0.1
-1.6101108367679924,-5233.507781990217,-5233.438174740726,-4.249798005633691,-2.3114086541699015,0.08
5.382900385231451,-5228.124881604986,-5228.0552743554945,-3.8539299841318773,-2.175974050505275,0.1
-0.04233798979193448,-5228.167219594778,-5228.0976123452865,-3.776297429055685,-2.1380515397846325,0.1
-0.8575688623200188,-5229.024788457097,-5228.955181207606,-3.777668911710218,-2.1387134450553544,0.1
-3.6106059628991334,-5232.635394419996,-5232.565787170505,-3.8326548709186214,-2.172629288651418,0.1
-0.8309467631999248,-5233.466341183196,-5233.396733933705,-3.8236266949669195,-2.168239569911259,0.1
6.618304829800545,-5226.848036353395,-5226.778429103904,-3.360955300800419,-1.99356257086405,0.12
-0.11675295221013915,-5226.964789305605,-5226.895182056114,-3.310247344655113,-1.967035819540258,0.12
-1.311246854399928,-5228.276036160005,-5228.206428910514,-3.1389112010509486,-1.8033967977370589,0.12
-13.214267413876733,-5241.490303573882,-5241.4206963243905,-3.294066501869529,-2.033546842353793,0.12
1.2127565326969116,-5240.277547041184,-5240.207939791693,-3.466736959916457,-1.5409699301404365,0.14
-0.7669574607998677,-5241.044504501984,-5240.974897252493,-3.5061651252227413,-1.5557983046226753,0.14
-1.1791112012351226,-5242.223615703219,-5242.154008453728,-3.3999435631973838,-1.4995014744022552,0.14
-1.2389481551998565,-5243.462563858419,-5243.392956608928,-3.4433208746505226,-1.5167457118755316,0.14
-1.9804824831999448,-5245.443046341619,-5245.373439092128,-3.542102471624742,-1.5566896089478552,0.12
1.1939596255783504,-5244.249086716041,-5244.17947946655,-3.5152597129003853,-1.5482952667998082,0.12
-0.42848409569191137,-5244.677570811733,-5244.607963562242,-3.5070339984545593,-1.545187194032047,0.12
0.0815103682960221,-5244.596060443437,-5244.526453193946,-3.446104691175796,-1.522086901901327,0.14
-1.3687984312799935,-5245.964858874717,-5245.895251625226,-3.496032649322426,-1.542045477933968,0.14
-1.823852858879988,-5247.788711733597,-5247.719104484106,-3.5413709685716195,-1.5613868199531686,0.14
-0.4714867968000007,-5248.260198530396,-5248.190591280905,-3.520566452187299,-1.5533495859339683,0.14
-4.808213735903967,-5253.068412266301,-5252.9988050168095,-3.6470270485870824,-1.6259078988344475,0.14
-0.8037255103999322,-5253.872137776701,-5253.8025305272095,-3.630296834023183,-1.619163312618766,0.14
-0.16828105912795843,-5254.040418835829,-5253.970811586338,-3.5940995397759314,-1.6054506462989278,0.14
-2.5012486015999036,-5256.541667437429,-5256.472060187938,-3.64957377582906,-1.631234227098929,0.14
-0.3106376720719148,-5256.852305109501,-5256.78269786001,-3.619761153701559,-1.6198121908923702,0.14
-2.0947274015999398,-5258.947032511101,-5258.8774252616095,-3.770382181383598,-1.6775017358565936,0.12
-0.04509268239185349,-5258.992125193492,-5258.922517944001,-3.6796346156409148,-1.641370838051632,0.12
-9.458473544307955,-5268.4505987378,-5268.380991488309,-3.9005440101266857,-1.8348751659884623,0.1
-0.11814764639993613,-5268.5687463842,-5268.4991391347085,-3.794064025443497,-1.7888085768476611,0.1
-0.8296109698679264,-5269.398357354067,-5269.328750104576,-3.8253420385576575,-1.8010326383542545,0.1
-0.7108029521280078,-5270.109160306195,-5270.039553056704,-3.799370744112988,-1.7902253112832156,0.1
-0.653967850211827,-5270.763128156407,-5270.693520906916,-3.645740163506829,-1.589815271273405,0.1
-0.4566602016479898,-5271.219788358055,-5271.150181108564,-3.571925737099512,-1.5594078153687634,0.1
-1.5734928698158914,-5272.7932812278705,-5272.723673978379,-3.584859809578177,-1.5649391498450838,0.1
-0.736233473039912,-5273.52951470091,-5273.459907451419,-3.5818106194905255,-1.5637622907561717,0.1
-1.273465756527997,-5274.802980457438,-5274.733373207947,-3.5997455794935735,-1.571023042380508,0.1
-0.1224132809758961,-5274.925393738414,-5274.855786488923,-3.4328175836361448,-1.3577901039624232,0.1
-1.2285550938239043,-5276.153948832238,-5276.084341582747,-3.336936876134936,-1.3117094584420994,0.1
-6.436407779984051,-5282.5903566122215,-5282.52074936273,-3.454479594802341,-1.4019861428352696,0.1
-0.9091572047998875,-5283.499513817022,-5283.42990656753,-3.4055479481350894,-1.3820778830080696,0.1
-0.6239062091519711,-5284.123420026173,-5284.053812776682,-3.3911319815655925,-1.3767790599900875,0.1
-0.7883158615199082,-5284.911735887693,-5284.842128638202,-3.420683900037088,-1.387264042231046,0.1
-0.5222557169086948,-5285.433991604602,-5285.364384355111,-3.281447085666785,-1.3225463592268185,0.1
-0.40224008537988043,-5285.836231689982,-5285.766624440491,-3.1654186107929645,-1.2731461798624168,0.1
-0.6359291534519724,-5286.472160843434,-5286.402553593943,-3.01935239683591,-1.201557691969662,0.1
-0.9852429404160676,-5287.45740378385,-5287.387796534359,-2.9498121740319503,-1.1714128535939856,0.1
-0.445710738919978,-5287.90311452277,-5287.833507273279,-2.8894600140379776,-1.1478759576328816,0.1
-4.818202403903923,-5292.721316926674,-5292.651709677183,-3.0564902539435117,-1.2336503961909626,0.1
-0.3345472103759554,-5293.05586413705,-5292.986256887559,-3.028047221905554,-1.223163859672084,0.1
-0.6244893313919033,-5293.680353468441,-5293.61074621895,-2.9785565522998394,-1.2034514295645624,0.1
-0.6537977929079134,-5294.33415126135,-5294.264544011859,-3.4688272758968024,-1.3241853931273497,0.08
-1.1172149958886697,-5295.451366257238,-5295.381759007747,-3.5330226155093682,-1.3456829332492846,0.08
-0.3105514393743576,-5295.761917696613,-5295.692310447122,-3.5003096128497058,-1.3347425847903713,0.08
-0.5014661386440629,-5296.263383835257,-5296.193776585766,-3.3589228369337927,-1.2725597883052697,0.08
-0.501517995543969,-5296.764901830801,-5296.69529458131,-3.3396839044975484,-1.2659712129521505,0.08
-0.19213520607596823,-5296.957037036877,-5296.887429787386,-4.0661024676571955,-1.4021800136696811,0.06
-0.837336778403841,-5297.794373815282,-5297.724766565791,-4.117208642307905,-1.4165916901935551,0.06
-2.29846594763746,-5300.0928397629195,-5300.023232513428,-4.169334814714467,-1.4363360720583054,0.06
-0.6067397204878785,-5300.699579483407,-5300.629972233916,-4.7482996321052475,-1.1841855181905285,0.06
-0.7482063075119499,-5301.44778579092,-5301.3781785414285,-4.996892721424843,-1.2234047749947057,0.04
6.7239180699814645,-5294.723867720938,-5294.654260471447,-3.689434381407488,-1.0735872643790791,0.06
-0.8212893382399604,-5295.545157059178,-5295.4755498096865,-3.6644085653580802,-1.0664308271191758,0.06
-0.7203087461375086,-5296.265465805315,-5296.195858555824,-3.6280409608104,-1.0560580389379288,0.06
-0.9416450746607048,-5297.2071108799755,-5297.137503630484,-3.563931258107858,-1.035281290767144,0.06
-1.8282506950320616,-5299.035361575007,-5298.965754325516,-3.8131109442654654,-1.0957254971793524,0.04
-2.900486375721552,-5301.935847950729,-5301.866240701238,-3.9594505049145297,-1.1451655427799452,0.04
-1.4994122261279639,-5303.435260176857,-5303.365652927366,-4.082747742915246,-1.1767839946684249,0.02
-1.4429617100638596,-5304.878221886921,-5304.80861463743,-4.08756051580262,-1.1782672602441022,0.02
-1.8176797655805328,-5306.695901652502,-5306.62629440301,-4.08721025641999,-1.1781437983781131,0.02
-5.827188491280013,-5312.523090143782,-5312.453482894291,-4.253464666645965,-1.2852578322677133,0.02
-1.7713650893903101,-5314.294455233172,-5314.224847983681,-4.166837480490852,-1.2245208593374401,0.02
-2.645298364719903,-5316.9397535978915,-5316.8701463484,-4.274645850244365,-1.2613523164238396,0.02
-1.6290183367295583,-5318.568771934621,-5318.4991646851295,-4.3847690128507155,-1.2905670619758716,0.02
0.11058244381911436,-5318.4581894908015,-5318.38858224131,-4.203789897742887,-1.2383304410674911,0.04
-1.3323424851599386,-5319.790531975961,-5319.72092472647,-4.281778705928303,-1.2587645373292518,0.04
-0.7808528296271973,-5320.571384805588,-5320.501777556097,-4.197301528560896,-1.232487045889797,0.04
-4.228669846199952,-5324.800054651789,-5324.730447402298,-4.4090469501390555,-1.3161585891659586,0.04
-0.5362618415519629,-5325.336316493341,-5325.26670924385,-4.561905309341931,-1.1377143551108388,0.04
-0.7404084340919563,-5326.076724927433,-5326.007117677942,-4.625053378716933,-1.1501595708646795,0.04
-0.36271282394634197,-5326.439437751379,-5326.369830501888,-4.579911779309325,-1.1408216079462477,0.04
-0.20618417750402873,-5326.645621928883,-5326.576014679392,-4.529426531266493,-1.130729232453768,0.04
0.004649763024249243,-5326.640972165858,-5326.571364916367,-4.461607989820511,-1.1175568801890465,0.06
-0.8881263307320248,-5327.52909849659,-5327.459491247099,-4.501627980908715,-1.1261862027707272,0.06
-1.1062142340983723,-5328.635312730688,-5328.565705481197,-4.467185382946045,-1.116840630056377,0.06
-0.7407686354997818,-5329.376081366188,-5329.306474116697,-4.467597243936462,-1.1169313333055744,0.06
-1.5803221363246425,-5330.956403502513,-5330.886796253022,-4.48944021985996,-1.1230684609015071,0.06
-1.0258519378559632,-5331.982255440369,-5331.912648190878,-4.5764393899806715,-1.1411372340391086,0.06
-0.5469085289999357,-5332.529163969369,-5332.459556719878,-4.516883847319582,-1.127504302742629,0.06
-0.17419393463024835,-5332.703357903999,-5332.633750654508,-4.434339042383624,-1.0022600258355532,0.06
-12.31446529622387,-5345.017823200223,-5344.9482159507315,-3.8670801628073903,-1.2303661876640328,0.06
-0.7177030137727765,-5345.735526213995,-5345.665918964504,-3.873781114044275,-1.232242123756449,0.06
-0.7188012773200008,-5346.454327491316,-5346.384720241825,-3.868902326467925,-1.2308518320724509,0.06
-1.0014134186839305,-5347.45574091,-5347.386133660509,-3.90252783992277,-1.2404349861079556,0.06
-1.124300771135876,-5348.580041681135,-5348.510434431644,-3.95343957326396,-1.2548761998230753,0.06
-0.6326687234880461,-5349.212710404623,-5349.143103155132,-3.953202381679289,-1.2548109912237968,0.06
-0.6942396634920205,-5349.906950068115,-5349.837342818624,-3.9329942943706526,-1.248990925685316,0.06
-3.264686559398429,-5353.171636627514,-5353.102029378023,-4.084219119201103,-1.305370442094885,0.06
-2.3341208201472057,-5355.505757447661,-5355.43615019817,-4.019555844628634,-1.2556888104197506,0.06
-1.0189981851039833,-5356.524755632765,-5356.455148383274,-4.070069256658805,-1.2693778299143113,0.06
-0.77938083454081,-5357.304136467305,-5357.234529217814,-4.0814814724970185,-1.2724756599772893,0.06
-1.1558343048000401,-5358.459970772105,-5358.390363522614,-4.116858275940227,-1.2825163902151318,0.06
-1.0225721379839214,-5359.482542910089,-5359.412935660598,-4.1104428446461965,-1.2806235330570368,0.06
-0.6080830606367484,-5360.090625970726,-5360.021018721235,-4.133722589315383,-1.2865741654822846,0.06
-0.6961194198424454,-5360.786745390568,-5360.717138141077,-4.148531414570029,-1.2904672311062524,0.06
-0.9886867151359315,-5361.775432105705,-5361.705824856213,-4.184493400682876,-1.3002106054980915,0.06
-0.31974190975990924,-5362.095174015464,-5362.025566765973,-4.195026464165556,-1.3027627395717705,0.06
-0.8338605437295068,-5362.9290345591935,-5362.859427309702,-4.1947743355027445,-1.302693214878284,0.06
-1.58549569301758,-5364.514530252211,-5364.44492300272,-4.156811340772327,-1.288433809785886,0.06
-0.5628671497800328,-5365.077397401991,-5365.0077901525,-4.153446999362084,-1.287556358371729,0.06
-1.1174837706430727,-5366.194881172634,-5366.125273923143,-4.179574728588737,-1.2949419076343518,0.06
-1.3782048038302421,-5367.573085976464,-5367.503478726973,-5.516780254180334,-1.4569843651105858,0.04
-0.2925875286624261,-5367.865673505127,-5367.796066255636,-5.4619445054376845,-1.446410328919035,0.04
-0.7039385088559141,-5368.569612013983,-5368.500004764492,-5.4603338748052686,-1.4460829241734032,0.04
-0.6090563518615251,-5369.178668365845,-5369.109061116354,-5.428349552040911,-1.4394311497174195,0.04
-0.7232421373631206,-5369.901910503208,-5369.832303253716,-5.33988487861184,-1.4173309785640407,0.04
-0.876807286079968,-5370.778717789288,-5370.709110539797,-5.216946955059462,-1.3768573967712092,0.04
-0.7725767485991136,-5371.551294537887,-5371.481687288396,-5.156841423451905,-1.3623206872206322,0.04
-0.10371853500791872,-5371.655013072895,-5371.585405823404,-5.0332629333977525,-1.3355358237195132,0.04
-2.0277027554280083,-5373.682715828323,-5373.613108578832,-5.045572259365556,-1.3397362835164628,0.04
-1.091056843065529,-5374.7737726713885,-5374.704165421897,-4.988240000034321,-1.2450136505521732,0.04
-5.159574424068694,-5379.933347095457,-5379.863739845966,-5.0260789674434765,-1.3127778372457408,0.04
-0.996985513036688,-5380.930332608494,-5380.860725359003,-4.9249094280538435,-1.2798115802120764,0.04
-0.5689512893951448,-5381.499283897889,-5381.429676648398,-4.8381548606171645,-1.2586102392653882,0.04
-0.8441184617879711,-5382.3434023596765,-5382.273795110185,-4.936727852091802,-1.27770425737753,0.02
-0.9727412875198927,-5383.316143647196,-5383.246536397705,-4.907658737360634,-1.2705122334247292,0.02
-1.0099513401599491,-5384.326094987357,-5384.256487737865,-4.927901308349976,-1.275094203635384,0.02
-0.2990960417278888,-5384.625191029085,-5384.555583779594,-4.739987680974378,-1.1965027275459428,0.02
-1.204084203184774,-5385.8292752322695,-5385.759667982778,-4.7996049135784755,-1.209859174778599,0.02
-0.9673781558504004,-5386.79665338812,-5386.727046138629,-4.82008080550198,-1.214398569213768,0.02
-0.8640683755199883,-5387.66072176364,-5387.591114514149,-4.869211081710493,-1.2244256802452407,0.02
1.4069108489573956,-5386.253810914683,-5386.1842036651915,-4.6557676881607755,-1.1921637797160123,0.04
-0.39879035537924146,-5386.6526012700615,-5386.58299402057,-4.698847891465954,-1.200232582084082,0.02
-0.4742921451144037,-5387.126893415176,-5387.057286165685,-4.660361169507447,-1.1919558983717298,0.02
-0.8627715008639041,-5387.98966491604,-5387.920057666549,-4.639908807051376,-1.1870870437070404,0.02
-0.9367772884800285,-5388.92644220452,-5388.856834955029,-4.657185787473822,-1.1910072167666454,0.02
-0.4173063630358925,-5389.343748567556,-5389.274141318065,-4.560377682169967,-1.1677469013008703,0.02
-0.7190231991599881,-5390.062771766716,-5389.993164517225,-4.533933180422934,-1.1616103265269508,0.02
-0.7551319709304802,-5390.817903737646,-5390.748296488155,-4.553150571590554,-1.1657747953655617,0.02
0.014227812480043955,-5390.803675925165,-5390.734068675674,-4.532787130439804,-1.162006360423356,0.04
-1.0982770044623076,-5391.901952929627,-5391.832345680136,-7.665716119589267,-0.9376825945881245,0.04
-0.9127712851199412,-5392.814724214747,-5392.745116965256,-7.702608794011445,-0.941583960015068,0.04
8.628702709200066,-5384.186021505547,-5384.116414256056,-3.3461559797348377,-0.7546338802846665,0.06
-0.5674765216063223,-5384.753498027153,-5384.683890777662,-3.3080587664335668,-0.7459551423431143,0.06
-0.3805915377189774,-5385.134089564872,-5385.064482315381,-3.242361001683787,-0.7310809576747765,0.06
-0.5834653516800157,-5385.717554916552,-5385.647947667061,-3.2378430699832745,-0.7300968902386158,0.06
-1.3042824724799083,-5387.021837389032,-5386.952230139541,-3.2878033440041152,-0.7422977464183735,0.06
-1.757275509199891,-5388.779112898232,-5388.709505648741,-3.2230086600666166,-0.7121495254144028,0.06
-1.0686231427199964,-5389.8477360409515,-5389.77812879146,-3.1412637582514575,-0.6868395718658585,0.06
-0.5908669449310453,-5390.438602985882,-5390.368995736391,-3.103463271597894,-0.6782769470623999,0.06
-1.328412797359157,-5391.767015783242,-5391.697408533751,-3.1483522090497633,-0.6892575863187669,0.06
-9.536904004319926,-5401.303919787561,-5401.23431253807,-3.0565394185019596,-0.8568789803091645,0.06
-0.6973662208319438,-5402.001286008393,-5401.931678758902,-3.033370675732969,-0.8503748619661251,0.06
-0.29804930399996044,-5402.299335312394,-5402.229728062903,-3.009380856463531,-0.8441741868333892,0.06
-1.3042824724799083,-5403.603617784874,-5403.534010535383,-3.0513273050154495,-0.8563374478861384,0.06
-0.8767172740799799,-5404.480335058954,-5404.4107278094625,-3.0434819512764206,-0.8540980590650193,0.06
-1.0932612787199172,-5405.573596337674,-5405.503989088183,-3.1005016287342015,-0.8695684464442196,0.06
-1.7885740199997313,-5407.362170357674,-5407.292563108183,-3.1619570785825832,-0.8886627159696241,0.06
-0.4867958881798839,-5407.848966245853,-5407.779358996362,-3.0864938322464277,-0.8666887198728702,0.06
-0.36233227978548693,-5408.211298525639,-5408.141691276148,-3.070954841247645,-0.8626780224729793,0.06
-0.8094198589463377,-5409.020718384585,-5408.951111135094,-3.049516554166181,-0.8565167442390446,0.06
-1.3055068780799919,-5410.326225262665,-5410.2566180131735,-3.044885527748197,-0.8550627857240394,0.06
-1.1963705825597921,-5411.522595845225,-5411.452988595734,-3.110959551767933,-0.8731384468019868,0.06
-10.63169173897579,-5422.154287584201,-5422.084680334709,-3.1457215645338827,-1.0716935114043844,0.06
0.3105721712063462,-5421.843715412994,-5421.774108163503,-3.082824042971565,-1.053300940943027,0.08
-0.7562013662848036,-5422.599916779279,-5422.530309529788,-3.0848627232453603,-1.0539601255214606,0.08
-0.11291049201601827,-5422.712827271295,-5422.643220021804,-3.0357662020289884,-1.0386821896401817,0.08
-1.2667963664127189,-5423.979623637708,-5423.910016388217,-3.0647793007116326,-1.0485665819964538,0.08
-0.7412934639167111,-5424.720917101625,-5424.651309852134,-3.106332868755885,-1.0613180805746296,0.08
-2.024016745111971,-5426.744933846737,-5426.675326597246,-3.106154942723906,-1.0612443603683088,0.08
-0.6652834794623168,-5427.410217326199,-5427.340610076708,-3.0804274756910495,-1.0527288930962446,0.08
-0.4508843263119295,-5427.861101652511,-5427.79149440302,-2.8899880627819865,-0.9585550911411093,0.08
-0.5277074349455879,-5428.388809087457,-5428.319201837966,-2.860756458699713,-0.9491695295792872,0.08
-1.0685191283198832,-5429.457328215777,-5429.387720966286,-2.8915809205765997,-0.9591608863577821,0.08
-0.9635079364414512,-5430.420836152219,-5430.351228902728,-2.898850525913163,-0.9615486758508517,0.08
0.6708516173753961,-5429.749984534843,-5429.680377285352,-2.786557163491311,-0.9286768177529459,0.1
-0.6156234576775016,-5430.36560799252,-5430.296000743029,-2.7624538868606687,-0.920790260103297,0.1
-0.43882366099189707,-5430.804431653512,-5430.734824404021,-2.771609245280767,-0.9235848124885772,0.1
-0.8588943786623795,-5431.663326032175,-5431.593718782684,-2.7512724505052137,-0.9166810159981292,0.1
-0.578487755076057,-5432.241813787251,-5432.17220653776,-2.7273941365321277,-0.9089032079826422,0.1
-0.28726052291993165,-5432.5290743101705,-5432.459467060679,-2.6909468488259822,-0.8973670509306413,0.1
-1.3039315192800065,-5433.8330058294505,-5433.763398579959,-2.881076578993987,-0.9515838982953894,0.08
0.9332926281600199,-5432.89971320129,-5432.830105951799,-2.7840695322836972,-0.924942238624604,0.1
-3.5900639188511603,-5436.489777120141,-5436.42016987065,-2.9361761830783144,-0.9872576740993392,0.1
-0.43892166401283156,-5436.928698784154,-5436.859091534663,-2.9095160336835626,-0.9787806773623177,0.1
-0.47248733093600837,-5437.40118611509,-5437.331578865599,-2.8806393982839475,-0.9694948782114372,0.1
-0.8015541420158725,-5438.202740257106,-5438.133133007615,-2.9049083324566083,-0.9771798337910369,0.1
0.1505254611457083,-5438.05221479596,-5437.982607546469,-2.8472274378601266,-0.9597888605849231,0.12
-8.714459003327846,-5446.766673799288,-5446.697066549797,-3.021345075299458,-1.1189754012328703,0.12
-0.4443935308720258,-5447.2110673301595,-5447.141460080668,-3.0498194315710734,-1.1281478280999118,0.1
-0.7088983316064231,-5447.919965661766,-5447.8503584122745,-3.028006133659566,-1.120360254642794,0.1
-0.6537131036519321,-5448.573678765418,-5448.504071515927,-3.0132400664150123,-1.1151790910134338,0.1
-0.5213925508678098,-5449.095071316286,-5449.0254640667945,-4.137130242449199,-1.2981809962147914,0.08
-0.4156117017838445,-5449.510683018069,-5449.441075768578,-4.1254021541993335,-1.2951436998183419,0.08
-0.9634041322495627,-5450.474087150319,-5450.404479900828,-4.168737133665023,-1.3067999517089532,0.08
-0.5729007382079174,-5451.046987888527,-5450.977380639036,-4.167932530651413,-1.3065886594395115,0.08
-0.4859661339646171,-5451.532954022491,-5451.463346773,-4.110207734923136,-1.2902223326692057,0.08
-0.3036556672512088,-5451.8366096897425,-5451.767002440251,-4.011792169715703,-1.261149935830232,0.08
-1.8693073512255765,-5453.705917040968,-5453.636309791477,-4.060104339911993,-1.2771636200003436,0.08
-1.0321247858877673,-5454.738041826856,-5454.668434577365,-4.091591782719635,-1.2859887768194782,0.08
-0.8743250557439499,-5455.612366882599,-5455.542759633108,-4.061352102779504,-1.2769070219871739,0.08
-0.6501482383198386,-5456.2625151209195,-5456.192907871428,-4.1226675682686995,-1.0991719066671721,0.08
-1.1409595221120044,-5457.403474643032,-5457.3338673935405,-4.157858031319788,-1.1080437726927734,0.08
-6.068910301798365,-5463.47238494483,-5463.402777695339,-4.316580570619702,-1.2234609926487416,0.08
-0.9903177587278645,-5464.462702703558,-5464.3930954540665,-4.293936001578601,-1.2171816983737007,0.08
-1.8319975196398657,-5466.294700223198,-5466.2250929737065,-4.35869166120093,-1.2362873032848984,0.08
-2.4906800784525425,-5468.785380301651,-5468.715773052159,-4.440545316830807,-1.2642356792795508,0.08
-1.3444552367998968,-5470.129835538451,-5470.0602282889595,-4.412313639614403,-1.2553533036155542,0.08
-1.6960584566399057,-5471.82589399509,-5471.756286745599,-4.502057755459,-1.2795385549847547,0.08
-2.2406834923038996,-5474.066577487394,-5473.996970237903,-4.634100050409301,-1.3171055792351227,0.08
-3.9240245621304033,-5477.990602049525,-5477.920994800033,-4.778787024111748,-1.3793976732988042,0.08
-2.0411656083999956,-5480.031767657924,-5479.962160408433,-4.824878369272904,-1.3941108479052042,0.08
-1.6026538751999941,-5481.634421533125,-5481.5648142836335,-4.852987842280558,-1.4022365137580084,0.08
-4.462170815081479,-5486.096592348206,-5486.026985098715,-5.5625324846934365,-1.2788460952801222,0.08
-1.8640025925119832,-5487.960594940719,-5487.890987691228,-5.801942944788023,-1.3223375905544887,0.06
-2.2430420717330266,-5490.2036370124515,-5490.13402976296,-5.921416292384721,-1.352074404663453,0.06
-1.1032521674398663,-5491.306889179891,-5491.2372819304,-6.04287400339042,-1.37188123817193,0.06
-1.1559529786798617,-5492.462842158571,-5492.39323490908,-6.0322820239701676,-1.3696643704172728,0.06
-0.5456690483254273,-5493.008511206896,-5492.938903957405,-6.008449521491649,-1.3657518821054473,0.06
-2.038136046055063,-5495.0466472529515,-5494.97704000346,-6.009254923752984,-1.3660342681243092,0.06
-2.6815707072,-5497.728217960152,-5497.6586107106605,-6.159100852708772,-1.4063600126790627,0.06
-1.8973764447998458,-5499.625594404952,-5499.555987155461,-6.303077287338076,-1.4352898550488211,0.06
-3.6923624245175652,-5503.317956829469,-5503.248349579978,-6.480080344009886,-1.4985829548402605,0.06
-0.5445444502239071,-5503.862501279693,-5503.792894030202,-6.41751550075905,-1.4881034612783413,0.06
-0.9389390888767364,-5504.801440368569,-5504.731833119078,-6.41476727030121,-1.487612084327047,0.06
-0.1345893017391504,-5504.936029670308,-5504.866422420817,-6.553850522556035,-1.5037209027093377,0.04
-1.4998610420638387,-5506.4358907123715,-5506.36628346288,-6.6512844296259805,-1.5214056543970644,0.04
-1.301987346399852,-5507.7378780587715,-5507.66827080928,-6.756229321930637,-1.5386689281052235,0.04
-1.386904895999995,-5509.124782954771,-5509.05517570528,-6.814292334947334,-1.549229138451976,0.04
-2.1935862104829256,-5511.318369165254,-5511.248761915763,-6.9720185953385405,-1.5815311075601133,0.04
-0.47408547263996037,-5511.792454637894,-5511.722847388402,-7.000729582823761,-1.585267606554514,0.04
-2.6825071552800344,-5514.474961793174,-5514.405354543683,-7.092487893001638,-1.6128391192745144,0.04
-2.800185493919965,-5517.275147287094,-5517.205540037603,-7.579390137316011,-1.6875086817161142,0.02
-1.8960995732398231,-5519.171246860334,-5519.1016396108425,-7.538562308071467,-1.6536293948038874,0.02
-0.8706758495999967,-5520.041922709934,-5519.972315460443,-7.605360454227549,-1.6622644785156309,0.02
-0.1411484913113747,-5520.183071201245,-5520.113463951754,-7.546783001722886,-1.6556377017231378,0.02
-0.5991532846391383,-5520.782224485884,-5520.712617236393,-7.516288256840709,-1.6515896845756033,0.02
-1.4853146049838317,-5522.267539090868,-5522.197931841377,-7.771279444394101,-1.6843064858981942,0.0
-7.337717466242254,-5529.60525655711,-5529.535649307619,-8.286551533556302,-1.6567716551564822,0.0
-0.5785963618632111,-5530.183852918973,-5530.1142456694815,-8.312786040782711,-1.659455711776306,0.0
-1.1191115070566082,-5531.30296442603,-5531.233357176538,-8.37978633363592,-1.6676599752853096,0.0
-1.6587106273918475,-5532.9616750534215,-5532.89206780393,-8.526037285142625,-1.687759925760108,0.0
-0.12344507567996843,-5533.085120129102,-5533.0155128796105,-8.439289440004567,-1.6798009762563513,0.0
-2.1422598595197853,-5535.227379988622,-5535.15777273913,-8.67625657200301,-1.71433393941107,0.0
-0.6240772638799086,-5535.851457252502,-5535.781850003011,-8.614484346732128,-1.707547402043677,0.0
-0.4880857596799953,-5536.339543012182,-5536.269935762691,-8.597199594267803,-1.7058511024731182,0.0
-0.7319530643197592,-5537.071496076502,-5537.001888827011,-8.64578139130844,-1.7107708410802211,0.0
-1.4069088422606983,-5538.478404918763,-5538.408797669272,-8.844094211765512,-1.7328359045804111,0.0
-1.1672067793845338,-5539.645611698147,-5539.576004448656,-8.759136302562588,-1.71879389314359,0.0
-1.3256077043998826,-5540.971219402547,-5540.901612153056,-8.803631046030477,-1.7246635515138324,0.0
-3.463509976499677,-5544.434729379047,-5544.365122129556,-8.967288803655142,-1.776447249928947,0.0
-1.945350668687878,-5546.380080047735,-5546.310472798244,-9.157680399027855,-1.8023512985363077,0.0
-2.0537895748606783,-5548.433869622595,-5548.364262373104,-9.269167667799481,-1.8206078995912813,0.0
-1.4707059095997468,-5549.904575532195,-5549.834968282704,-9.780308789029636,-1.7286438117473089,0.0
-1.4099320512000342,-5551.314507583395,-5551.244900333904,-9.856041010589928,-1.7370360975967523,0.0
-1.7402674579005888,-5553.054775041296,-5552.985167791805,-9.84621312087161,-1.7352014963619669,0.0
-1.2247576967999134,-5554.279532738096,-5554.209925488605,-9.724001485256176,-1.7098830487289143,0.0
-2.2763933314304254,-5556.555926069526,-5556.486318820035,-9.819206027904517,-1.7285218106215248,0.0
-1.5626560563999154,-5558.118582125926,-5558.048974876435,-9.80239847049135,-1.7258537626167252,0.0
-0.5027081119683531,-5558.621290237895,-5558.551682988404,-9.533241364392513,-1.6910942550100139,0.0
-0.644613184799998,-5559.2659034226945,-5559.196296173203,-9.412426153843333,-1.6255060274634061,0.0
-0.522606846844748,-5559.788510269539,-5559.718903020048,-9.175392141010715,-1.595134852232301,0.0
-2.0836711419678,-5561.872181411507,-5561.802574162016,-9.216470115552562,-1.6047551975676568,0.0
-0.7787243135999682,-5562.650905725107,-5562.581298475616,-9.280911879479577,-1.531086267538027,0.0
-1.368994906079966,-5564.019900631187,-5563.950293381696,-9.226968576685897,-1.5211861138093865,0.0
-0.9369608751997718,-5564.956861506386,-5564.887254256895,-9.082829732915826,-1.4950644898787215,0.0
-1.8719033795998898,-5566.828764885986,-5566.759157636495,-9.17780446943701,-1.510437514121922,0.0
-1.5594145297918942,-5568.388179415778,-5568.318572166287,-9.235467150588125,-1.5185067451441625,0.0
-1.0546472070792032,-5569.442826622857,-5569.373219373366,-9.348449421623831,-1.5286863083192381,0.0
-4.224260214047828,-5573.667086836905,-5573.5974795874135,-9.154271916943756,-1.5724087916790932,0.0
-0.8859931652880619,-5574.5530800021925,-5574.483472752701,-8.995561490806095,-1.5364972408408548,0.0
-1.3328212549176586,-5575.88590125711,-5575.816294007619,-8.935285313293171,-1.5252061370432108,0.0
-1.5160893190160263,-5577.401990576126,-5577.332383326635,-8.980673095445939,-1.4816806749331801,0.0
-0.7607917661305134,-5578.162782342257,-5578.093175092766,-9.030771430170605,-1.486005621251312,0.0
-2.1227430275422274,-5580.285525369799,-5580.215918120308,-9.169366146636419,-1.5096817000246219,0.0
-0.7687949470341842,-5581.054320316834,-5580.984713067342,-9.339902485130393,-1.5223658129305226,0.0
0.8872431163680832,-5580.167077200465,-5580.097469950974,-8.682619283801728,-1.4746237297618843,0.02
-0.9312457799996926,-5581.098322980465,-5581.028715730974,-8.62326714637016,-1.4672088984338811,0.02
-1.49555916590078,-5582.593882146366,-5582.524274896875,-8.636389986332798,-1.4693819838318967,0.02
-1.6027474881598671,-5584.196629634526,-5584.127022385035,-8.597503051467928,-1.4575652093854357,0.02
-0.43598117257597624,-5584.6326108071025,-5584.563003557611,-8.588444811624939,-1.456803123384156,0.02
-1.0040461621439687,-5585.636656969246,-5585.567049719755,-8.470626386436512,-1.4232339035214345,0.02
-0.7352890421759566,-5586.371946011423,-5586.302338761931,-8.314137654650425,-1.3819359744865543,0.02
-2.0150947831679757,-5588.387040794591,-5588.317433545099,-8.320253780326171,-1.3843158786851175,0.02
-1.7670967750657272,-5590.154137569656,-5590.084530320165,-8.436143510429417,-1.402244297194432,0.02
-2.3873794335116196,-5592.541517003167,-5592.471909753676,-8.752203439806408,-1.4471689160384371,0.02
-0.8680727712959557,-5593.409589774464,-5593.339982524973,-8.80959138755136,-1.4525473057715734,0.02
-16.669795201665693,-5610.079384976129,-5610.009777726638,-5.1133160009463845,-1.7562369177052108,0.02
-2.2377715192559458,-5612.3171564953855,-5612.247549245894,-5.095619896736912,-1.6542379987654845,0.02
-2.1208169668709984,-5614.437973462256,-5614.368366212765,-5.200379665238946,-1.68508241086564,0.02
-2.25003223223981,-5616.688005694496,-5616.6183984450045,-5.27045138573831,-1.7077008253693042,0.02
-2.0342398365359524,-5618.722245531031,-5618.65263828154,-5.292608840515918,-1.7152114095521862,0.02
-3.8748769858847636,-5622.597122516916,-5622.527515267425,-5.504775644329189,-1.790240047756282,0.02
-1.0360599627918283,-5623.633182479708,-5623.563575230217,-5.432430126386089,-1.768116049821723,0.02
-8.973698493215956,-5632.606880972924,-5632.537273723433,-5.459781359848003,-1.935108474408444,0.02
-1.420172573040045,-5634.027053545964,-5633.957446296473,-5.528651329312473,-1.9537502106756452,0.02
-1.8391862827998589,-5635.866239828764,-5635.796632579273,-5.604833658750255,-1.9758948750452472,0.02
-2.104139257295667,-5637.97037908606,-5637.900771836569,-5.647270817245252,-1.9898394833459463,0.02
-0.7264982937601707,-5638.696877379821,-5638.62727013033,-5.613983100959759,-1.9810253136334592,0.02
-1.569979024847866,-5640.266856404669,-5640.197249155178,-5.630201511730403,-1.9859127400424188,0.02
-1.2575655717998904,-5641.524421976469,-5641.454814726978,-5.520675006302646,-1.941793851948423,0.02
8.46463978845695,-5633.059782188012,-5632.990174938521,-4.252820271184737,-1.7335940428055263,0.04
-2.3941033439422994,-5635.453885531954,-5635.384278282463,-4.267815133485689,-1.740400318187159,0.04
-1.243437086279938,-5636.6973226182345,-5636.627715368743,-4.255782534459739,-1.735854941720763,0.04
-1.368967902479839,-5638.066290520715,-5637.996683271223,-4.253628954494704,-1.735035658746359,0.04
-0.48076412916469047,-5638.547054649879,-5638.477447400388,-4.1841270230118655,-1.7098455921716407,0.04
-0.9034507238399935,-5639.450505373719,-5639.380898124228,-4.166341996222881,-1.7034194527124424,0.04
-2.000707026172687,-5641.451212399892,-5641.381605150401,-4.154056301864329,-1.6979057266072877,0.04
-2.513539622087933,-5643.96475202198,-5643.8951447724885,-4.19742558352447,-1.716923397921048,0.04
-0.8606900975040308,-5644.825442119483,-5644.755834869992,-4.218681242379838,-1.7240830376317617,0.04
-0.801696878639887,-5645.627138998123,-5645.557531748632,-4.227963514759783,-1.7272247115085593,0.04
-1.2107572800334796,-5646.837896278156,-5646.768289028665,-4.267763245812821,-1.740987720172334,0.04
-1.2429555349824304,-5648.080851813139,-5648.011244563648,-4.2259540687847315,-1.7241734080326268,0.04
-0.8868772527360107,-5648.967729065875,-5648.8981218163835,-4.2322374627127175,-1.7263364668153474,0.04
-1.1224719179856255,-5650.09020098386,-5650.020593734369,-4.218954715711103,-1.7214060070534607,0.04
-1.781537549568083,-5651.8717385334285,-5651.802131283937,-4.26356143642788,-1.7382975405408267,0.04
-0.1942325321758171,-5652.065971065605,-5651.996363816113,-4.169691390473633,-1.7047441235923455,0.04
-1.5995846366398414,-5653.665555702244,-5653.595948452753,-4.1717068459485,-1.7055475257293045,0.04
-1.620679284791827,-5655.286234987036,-5655.2166277375445,-4.201523195073338,-1.7168681672835568,0.04
-0.9758042851199428,-5656.262039272156,-5656.192432022664,-4.071646599098317,-1.6518990487049994,0.04
-3.391508880586965,-5659.653548152743,-5659.5839409032515,-4.183413547852218,-1.7020093630109772,0.04
-0.5955743639037324,-5660.249122516646,-5660.179515267155,-4.1417851614036465,-1.6872644251906987,0.04
-0.6963929694399134,-5660.945515486086,-5660.875908236595,-4.096908438874566,-1.6708704981991764,0.04
-1.4388894253438973,-5662.3844049114305,-5662.314797661939,-4.134058954839331,-1.6844324513834443,0.04
-1.3953804220319208,-5663.779785333462,-5663.710178083971,-4.098944392875924,-1.669885199273238,0.04
-0.7327801829615884,-5664.512565516424,-5664.442958266933,-4.096849647250013,-1.6691649039917862,0.04
-0.5388764169357644,-5665.0514419333595,-5664.981834683868,-4.193713251387866,-1.6976872946578632,0.02
-1.311702586539948,-5666.3631445199,-5666.293537270409,-4.2147805344272875,-1.7052964307886682,0.02
-0.04187197444793944,-5666.405016494347,-5666.335409244856,-4.129419939538545,-1.6762226869596113,0.02
-0.9687966876158569,-5667.373813181964,-5667.3042059324725,-4.095764403881484,-1.663543670948731,0.02
-1.2963271541599741,-5668.670140336124,-5668.600533086633,-4.145104445198355,-1.680750590580411,0.02
-0.8908326064799492,-5669.560972942604,-5669.491365693113,-4.138685687098713,-1.6784863194671304,0.02
-1.8766747233359995,-5671.43764766594,-5671.368040416449,-4.1994501433599645,-1.7013140330903318,0.02
-1.4715870556081072,-5672.909234721548,-5672.839627472057,-4.172881070461885,-1.690443878539134,0.02
-0.9426063024000375,-5673.8518410239485,-5673.782233774457,-4.129460116151468,-1.6739540690858206,0.02
-0.10563181679989136,-5673.957472840749,-5673.887865591258,-4.00788637518068,-1.6283191167515858,0.02
-0.6087088278239654,-5674.566181668572,-5674.496574419081,-3.9928923354256805,-1.6231318378821458,0.02
-0.5307878990519184,-5675.096969567624,-5675.027362318133,-4.810206853763552,-1.3003516918298703,0.02
-0.419175245760031,-5675.516144813384,-5675.446537563893,-4.677818083848124,-1.2639797663599521,0.02
-0.5826422592000284,-5676.098787072584,-5676.029179823093,-4.5679382219834395,-1.2332162722065327,0.02
-0.7700259913919585,-5676.868813063976,-5676.799205814485,-4.468894436979138,-1.203616147389576,0.02
-0.7182562213199495,-5677.587069285296,-5677.517462035805,-4.377077637476378,-1.1772964750852557,0.02
-1.2692981318398908,-5678.8563674171355,-5678.786760167644,-4.271684884869975,-1.1251848980043584,0.02
-0.9512488869597102,-5679.807616304095,-5679.738009054604,-4.264972789778383,-1.1234886764877159,0.02
-0.9984370590720764,-5680.806053363167,-5680.736446113676,-4.583212528343,-0.9639834478048382,0.02
-0.7239412001279677,-5681.529994563295,-5681.460387313804,-4.520283253140181,-0.9500588203465969,0.02
-1.8327909952799994,-5683.3627855585755,-5683.293178309084,-4.51990660174666,-0.9499309145961996,0.02
-0.5977010467680464,-5683.960486605343,-5683.890879355852,-4.401604064608972,-0.9198021503856473,0.02
-0.8844470579998835,-5684.844933663343,-5684.775326413852,-4.417461825070757,-0.9229611256704413,0.02
-1.3868778924000316,-5686.231811555743,-5686.162204306252,-4.404054484981706,-0.9192991030214849,0.02
-2.1112328113917447,-5688.343044367134,-5688.273437117643,-4.459484552211231,-0.9363724478133219,0.02
-1.789847845499946,-5690.132892212634,-5690.063284963143,-12.615126668980714,-1.1414622004924597,0.0
-2.2293788937335495,-5692.362271106367,-5692.292663856876,-12.699057604831273,-1.1381677114882849,0.0
-1.0096980962880842,-5693.371969202655,-5693.302361953164,-12.645535702257408,-1.1334929316884477,0.0
-1.5195044891519982,-5694.891473691807,-5694.821866442316,-12.649841277617723,-1.1365036634218908,0.0
-1.24426839542397,-5696.135742087231,-5696.06613483774,-12.958626910556095,-1.1517737487470763,0.0
-1.994842146182393,-5698.130584233413,-5698.060976983922,-13.00002287917623,-1.1736015771939246,0.0
-1.3008289130159167,-5699.431413146429,-5699.361805896938,-13.064079786873034,-1.1596040149307891,0.0
-1.0885924588800409,-5700.520005605309,-5700.450398355818,-13.394211536792481,-1.1311050716666313,0.0
-1.5114137289600222,-5702.031419334269,-5701.961812084778,-13.524434787822587,-1.144119544295751,0.0
-2.0220664895999305,-5704.053485823869,-5703.983878574378,-13.57828685560869,-1.1685269365149518,0.0
-0.934554900095942,-5704.988040723965,-5704.918433474474,-13.49536583722515,-1.1630028889162012,0.0
-1.5324179475678572,-5706.520458671533,-5706.4508514220415,-13.515888907781939,-1.1687921371679098,0.0
-0.7352007364478126,-5707.255659407981,-5707.1860521584895,-13.442014792605097,-1.1657586068421457,0.0
-2.59290230639996,-5709.848561714381,-5709.7789544648895,-13.104562696267639,-1.1951672146104324,0.0
-0.7646184963359116,-5710.613180210717,-5710.543572961225,-12.937406567289031,-1.174828833545789,0.0
-0.6820355531807207,-5711.295215763897,-5711.225608514406,-13.279946589791075,-1.184584893965887,0.0
-0.6612655505279882,-5711.956481314425,-5711.886874064934,-13.042046015896407,-1.1658185122436502,0.0
-2.034112227840047,-5713.990593542265,-5713.920986292774,-12.959396788175937,-1.1740871711046146,0.0
-0.29984056039200446,-5714.290434102657,-5714.220826853166,-12.592406087868861,-1.1605678966100554,0.0
1.153698288560181,-5713.136735814097,-5713.067128564606,-11.615502020056296,-1.0696637532271127,0.02
-0.6508711742400034,-5713.787606988337,-5713.717999738846,-11.64109110622816,-1.070769689433838,0.02
-0.6660620546677954,-5714.453669043005,-5714.384061793514,-11.628007679662064,-1.0701630711383958,0.02
-1.7250945452799349,-5716.178763588285,-5716.109156338794,-11.610604962120496,-1.0758871735371165,0.02
-1.305959218704042,-5717.484722806988,-5717.415115557497,-11.604638836311501,-1.074098749470559,0.02
-1.7437574089437522,-5719.228480215932,-5719.158872966441,-11.738038799628928,-1.094318293990202,0.02
-1.1648870074559197,-5720.393367223388,-5720.323759973897,-11.958325371250778,-1.1068385058006054,0.02
-1.4013401527607914,-5721.794707376149,-5721.725100126658,-11.965242166968421,-1.1086312571250223,0.02
-1.358967318143929,-5723.153674694293,-5723.084067444802,-12.579156125305385,-1.134973163998942,0.02
-2.5042521180072157,-5725.6579268123005,-5725.588319562809,-12.383450701439692,-1.1656822726067693,0.02
-1.8067250712000704,-5727.464651883501,-5727.3950446340095,-12.383730298102826,-1.1758902309475712,0.02
-1.9404239316479583,-5729.405075815149,-5729.335468565658,-12.472370736945928,-1.1968820574509313,0.02
-2.532437502000017,-5731.937513317149,-5731.867906067658,-12.264166734094157,-1.2099973130242114,0.02
-0.8992147950069613,-5732.8367281121555,-5732.767120862664,-12.14274999662989,-1.1985498678121886,0.02
-1.4048958967200789,-5734.241624008876,-5734.172016759385,-12.243259802429385,-1.2077956596985895,0.02
-1.223082700559801,-5735.464706709436,-5735.3950994599445,-12.800132894009932,-1.2301446773737876,0.02
-1.7288033855999185,-5737.193510095036,-5737.123902845545,-13.07937126001562,-1.252546568529307,0.02
-2.0492952533999844,-5739.2428053484355,-5739.173198098944,-13.376752023188265,-1.282916715616268,0.02
-2.823092864856001,-5742.065898213292,-5741.996290963801,-13.443535525844098,-1.3309950679981875,0.02
-2.416009007232033,-5744.481907220524,-5744.412299971033,-13.661432661561975,-1.3676624029588276,0.02
-2.431798732759925,-5746.913705953283,-5746.844098703792,-13.796595665725118,-1.400897857786187,0.02
-2.948528468659119,-5749.862234421942,-5749.792627172451,-13.756022829783102,-1.4455033027329702,0.02
-0.4155555247199879,-5750.277789946662,-5750.208182697171,-13.350273734599734,-1.4284284505905722,0.02
-1.929945966303984,-5752.207735912966,-5752.138128663475,-13.532112074212701,-1.4480023921774576,0.02
-1.7948713891839725,-5754.00260730215,-5753.933000052659,-13.703604497090435,-1.4639310787796955,0.02
-5.055875507612641,-5759.058482809763,-5758.9888755602715,-12.180950727398999,-1.550569764929389,0.02
-6.2982728183647065,-5765.356755628128,-5765.287148378637,-10.365535867724983,-1.6398794013910833,0.02
-2.944061453132786,-5768.300817081261,-5768.23120983177,-10.61942157705089,-1.686806609518378,0.02
-3.8524169539319,-5772.153234035193,-5772.083626785702,-10.670659958575415,-1.7461660074370184,0.02
-3.0043108996559122,-5775.157544934849,-5775.087937685358,-10.756331585864991,-1.778514667582136,0.02
-2.802186711887809,-5777.959731646737,-5777.890124397246,-10.767086522089938,-1.7923337455920572,0.02
-2.638697779887962,-5780.598429426625,-5780.528822177134,-10.814423651034044,-1.8093107442798173,0.02
-3.7254773780639643,-5784.32390680469,-5784.2542995551985,-10.731869280172328,-1.839232713966426,0.02
-1.7471879439358748,-5786.071094748626,-5786.001487499135,-10.869162544796518,-1.8539825109193817,0.02
-1.1970779335198602,-5787.268172682146,-5787.1985654326545,-10.807789925051603,-1.847533979806739,0.02
-2.439402406127987,-5789.707575088273,-5789.637967838782,-10.950779325871242,-1.8714366600208192,0.02
-1.6358445397919348,-5791.343419628065,-5791.273812378574,-10.905950528571159,-1.86425670789301,0.02
-3.1265944336510536,-5794.470014061716,-5794.400406812225,-11.028649419914519,-1.9007720183057129,0.02
-0.2837870819999772,-5794.753801143716,-5794.684193894225,-10.795012033515144,-1.8846759107681117,0.02
-1.2969718473599885,-5796.050772991076,-5795.981165741585,-10.755977595132943,-1.880387073136111,0.02
0.10137838888017825,-5795.949394602196,-5795.879787352705,-10.259894121826248,-1.8379181755665086,0.04
0.0059229876000186366,-5795.943471614596,-5795.873864365105,-9.99628433924541,-1.8191086178125895,0.06
-1.176452023536057,-5797.119923638132,-5797.050316388641,-9.937479953313954,-1.8119892993319535,0.06
0.4283888762244593,-5796.691534761907,-5796.621927512416,-9.591209365907199,-1.7887175070785082,0.08
-0.8477876827486578,-5797.539322444655,-5797.469715195164,-9.394465042524716,-1.7538152146054822,0.08
-1.09401055663832,-5798.633333001294,-5798.563725751803,-9.459402868692347,-1.7604030558115304,0.08
-1.7085774165358714,-5800.34191041783,-5800.272303168339,-9.635679583764848,-1.7809338930786331,0.08
-0.8743907369039721,-5801.2163011547345,-5801.146693905243,-9.683306109442553,-1.7851963968061528,0.08
-0.8842494442079651,-5802.100550598942,-5802.030943349451,-9.518138267836264,-1.7621991411335114,0.08
-1.7172120985052974,-5803.8177626974475,-5803.748155447956,-9.796468631669224,-1.7905465718957772,0.08
-1.477746547199796,-5805.295509244647,-5805.225901995156,-10.655279416406966,-1.8431754686109767,0.06
0.6774437863204501,-5804.618065458327,-5804.548458208836,-10.174000146327323,-1.8166091693997677,0.08
-0.47061577219209894,-5805.088681230519,-5805.019073981028,-10.121223088332792,-1.8127002437502537,0.08
-1.2797649130031323,-5806.368446143522,-5806.298838894031,-10.054431983693169,-1.8037936511047175,0.08
0.4012118915118634,-5805.967234252011,-5805.89762700252,-9.596182574717234,-1.7696502289003997,0.1
-1.8888268039598959,-5807.856061055971,-5807.78645380648,-9.611174676684549,-1.7725516168007223,0.1
-7.6842255199049205,-5815.540286575876,-5815.470679326385,-8.73087292141164,-1.9029383870497023,0.1
-1.8010685962750306,-5817.341355172151,-5817.27174792266,-8.776588891175209,-1.910932955919987,0.1
-0.35398700089578816,-5817.695342173047,-5817.625734923556,-8.608371979102454,-1.8908333495750245,0.1
-0.6042931763038768,-5818.299635349351,-5818.23002809986,-8.393491606998046,-1.8528341707409575,0.1
-3.3507102130148416,-5821.650345562366,-5821.580738312875,-8.457565428192265,-1.883713873577253,0.1
0.455504209055864,-5821.19484135331,-5821.125234103819,-8.070063047412601,-1.8357953107631766,0.12
