pnl,size,leverage
-0.06960724949118643,,
-0.19796327410399925,,
-0.7374793637087877,,
-0.30292077446397697,,
-0.3612073103832042,,
-0.28212940000000875,,
-0.45835005980798704,,
-0.29019434065438954,,
-0.10920627765600127,,
-0.09823415457920066,,
-0.13097254801677652,,
-0.09483157724797439,,
-0.40998359999995804,,
-0.32277000974401826,,
-0.19993958060799516,,
-0.3044149743199922,,
-0.379271792899984,,
-0.270009616464009,,
-0.7862895898799791,,
-0.1424098259167857,,
-0.188337199999984,,
-0.40202042908800073,,
-0.20006078060799207,,
-0.16045245035519415,,
-1.3091933737063077,,
-0.19452598060801363,,
-0.2134791820479774,,
-0.13612027822077077,,
-0.395036445935994,,
-0.4791274680815889,,
-0.16036797039357914,,
-0.44452943897599084,,
-0.13743783959359696,,
-0.29899636422398274,,
-0.4753166448800029,,
-0.18036809445598856,,
-0.19277207942243596,,
-0.2550451951520015,,
-0.18449807815034186,,
-0.2927023999999751,,
-0.18279847539998362,,
-0.3616917623000101,,
-0.16671980601602793,,
-0.18426107523358637,,
-0.24502449124001652,,
-0.1206289878815585,,
-0.3561058193919776,,
-0.48198306662398954,,
-0.06553236678398695,,
-0.1313937425231786,,
-0.36723701967997624,,
-0.2716752940719893,,
-0.2044388399999908,,
-0.15630296427358015,,
-0.387309446999965,,
-0.17187847371997428,,
-0.1519499344048324,,
0.08939477519199229,,
-0.22250786017595525,,
-0.25187687644000023,,
-0.18755549603998728,,
-0.14657776440479608,,
-0.17313446831999904,,
-0.32201919112799327,,
-0.4573800431999732,,
-0.13341596543998135,,
-0.18915117062398762,,
0.3970776701360031,,
-0.12743566444798304,,
-0.42366965088960207,,
-0.8167489229087921,,
-0.09635085667998594,,
-2.0728998312799862,,
-0.16872983492158292,,
1.4104893914400076,,
-0.2903979999999427,,
-0.14667021435917238,,
-0.37805120000000125,,
-0.13813703920477083,,
-0.2865528599999904,,
-0.4415904328320279,,
-0.17376809128798607,,
-0.2784209999999784,,
-0.05686249245604147,,
-0.2456443898239662,,
-0.21828510622560998,,
-0.13706117731601453,,
-0.16774476721599726,,
-0.11925957828476907,,
-0.138002914347985,,
-0.08747453831997717,,
-0.17507942163599022,,
-0.5476925252943823,,
-0.9334881536175801,,
-1.163668986912002,,
-0.2058055825280079,,
-0.3295165140951883,,
-0.14750020981439374,,
-0.24478556155194486,,
-0.31315811999998,,
-0.21308986501438132,,
-0.3405965348296082,,
-0.43148199999998876,,
-0.2934680456105004,,
-0.37075768078271953,,
-0.3516895884799933,,
-0.38751599999997455,,
-0.4063211999999927,,
-0.3025199000000065,,
-0.2446099615040016,,
-0.24978178987199917,,
-0.3580575900159834,,
-0.32248730770396516,,
-0.6212681746343334,,
-0.3616033298863549,,
-0.3294446840879735,,
-0.22857628480800027,,
-0.33462247655197214,,
-0.4184045502621605,,
0.25903116902402307,,
-0.20672594748556683,,
-0.30118739999997923,,
-0.6158241186799948,,
-0.4046651999999947,,
-0.5123934832640114,,
-0.39558527999999793,,
-0.40357478000000324,,
-0.40061918399997476,,
-0.20667042747116293,,
-0.15550506418560378,,
-0.1406618362799671,,
-0.4316385999999752,,
-0.29332436340542095,,
-0.29185519999997434,,
-0.16911916563198331,,
-0.30103199999996266,,
-0.3884846799999517,,
-0.2790319999999904,,
-0.38263679999996636,,
-0.30424952000000005,,
-0.4425181589087871,,
-0.24489836140793542,,
-0.34772478771200466,,
-0.4057785300000077,,
-0.567978040166385,,
-0.5126744000000142,,
-0.8909356155599878,,
-0.5072860165559838,,
-0.30936060000000937,,
-0.6327590130579106,,
-0.2988143999999646,,
-0.30405759999999576,,
-0.40489439999999777,,
-0.393579048816001,,
-0.4003777400000085,,
-0.2616095669759775,,
-0.5263358715359518,,
-0.44639994640634073,,
-0.18919179999997615,,
-0.3191159087999688,,
-1.4444462232959743,,
-0.3853440207359997,,
-0.5515539363999631,,
-0.39908454205699984,,
-0.24159593285517603,,
-0.32537878070399895,,
-0.3065439777279829,,
-0.3793415049863894,,
-0.6001148649040056,,
-0.6918828729119975,,
-1.1155712153825803,,
-0.5697246384479915,,
-0.46157804367997546,,
-0.5593618311640114,,
-0.5584896622079799,,
-0.40086895999999017,,
-0.9776481113599329,,
-0.5785658040831976,,
-0.40506209999999077,,
-0.3602480134399744,,
-0.6458011037026479,,
-0.3433201873759887,,
-0.13242375056064948,,
-0.3658643889119942,,
-0.3350915801279989,,
-0.4087367713919715,,
-0.30145379999997246,,
-0.3037875200000033,,
-0.19429794911997758,,
-0.3116929199999911,,
-0.38528219999997115,,
-0.3774628846455924,,
-0.4045111399999769,,
-0.40587399999998464,,
-0.6721728741479501,,
1.0357375397712523,,
-0.28032619476799714,,
-0.6366847436940399,,
-0.886279785895972,,
-0.6017265582327602,,
-0.20644339999999,,
0.044128838368874046,,
-0.6000951451439261,,
-0.5251065529776079,,
-0.1155337575200017,,
-0.44578713463197417,,
-0.2180549688757045,,
-0.5958021657055749,,
-0.832730599479979,,
-0.31243239999999994,,
-0.29954999999999266,,
-0.08785587573599955,,
-0.33147401003200916,,
-0.32584558564794613,,
-0.38451070491917144,,
-0.4916975846223073,,
-0.4032875136705408,,
-0.46558681857598233,,
-0.5124040254399791,,
-0.4312335999999478,,
-0.4815327166319818,,
-0.3396122681743865,,
-0.4424245306415786,,
-0.30922061872637796,,
-0.6042433540063643,,
-0.19042849613599713,,
-0.6051211460639913,,
-0.335257180127964,,
-0.6117045747119865,,
-0.30533880000001634,,
-0.20641119999999638,,
-0.29241991999998634,,
-0.22522228192799282,,
-0.31063670501597507,,
-0.2998371746079437,,
-0.3878472837119592,,
-0.6417283269839047,,
-0.4311087291966097,,
-0.2520431602559684,,
-0.3363260817839705,,
-0.4312335999999478,,
-0.3000395999999769,,
-0.2777447561696007,,
-0.30039680000001096,,
-0.5886496453119437,,
-0.9125580160399649,,
-0.34403374467836983,,
-0.15179720647680545,,
-0.2093249525241397,,
-0.4571248401279658,,
-0.4317869982069639,,
-0.39697310275997055,,
-0.36068459857835006,,
-0.3933283199999535,,
-0.2983754599999905,,
-0.4016983999999547,,
-0.7536984799679818,,
-0.5808286838479355,,
-0.4015935999999768,,
-0.20634679999998295,,
-0.10565093260803349,,
-0.348646387711947,,
-0.3055457999999765,,
-0.4015261677143317,,
-0.2815049951769838,,
-0.29266012000000985,,
-0.289833573119995,,
-0.4078099199999585,,
-0.05428716726397846,,
-0.2854054587526045,,
-0.373775620064015,,
-0.7736202309143695,,
-0.4284599999999571,,
-0.30596397407996523,,
-0.3585432101759929,,
-0.27867599135997034,,
-0.18099174772800858,,
-0.730848082799949,,
-0.15587961566636838,,
-0.15616496271597588,,
-0.6086641628879776,,
-1.0002560060387928,,
-0.4027631999999698,,
-0.47040641689600227,,
-0.4042030279999879,,
-0.4808370453599926,,
-0.49026372220961456,,
-0.40185467999995805,,
-0.19413843487085164,,
-0.48213226565997896,,
-0.19102819999998633,,
-0.15318331403515795,,
-0.5172720510719846,,
-0.3030416399999891,,
-0.5154839999999484,,
-0.31869680057600147,,
-0.278819991359972,,
-1.1038302144143584,,
-0.6141511970663666,,
-0.482030744471997,,
-0.7474563866639832,,
-0.6274912545279722,,
-0.7834576133999633,,
-0.7924500907199893,,
-1.2185694695119444,,
-0.3583768364319918,,
-0.8490813080383894,,
-0.5614087236155711,,
-0.45606795907199715,,
-0.6396000787199975,,
-0.7458284442495887,,
-0.5161344276479702,,
-2.4840174900822465,,
-1.8892323089199077,,
-0.5621264587519781,,
-0.6384946070159765,,
-0.6259500513599927,,
-0.7120080950400101,,
-0.31266599999999123,,
-0.3873337999999519,,
-0.29473200000000876,,
-0.3337737303599908,,
-0.5925771417215783,,
-0.2794655907839822,,
0.7767389067296792,,
-0.3068450989951898,,
-0.4561417998728063,,
-0.31640400000000224,,
-0.23645006425942036,,
-0.26855279637498686,,
-0.49527771946394694,,
-1.3050388574399356,,
-0.410836399999956,,
-0.3124200000000066,,
-0.21409692699595934,,
-0.3873705999999931,,
-0.2947536000000042,,
-0.3322559769599698,,
-0.30672837782399354,,
-0.2944535245519842,,
-0.08441047112796381,,
-0.08226133948718947,,
-0.262901116632,,
-0.16304849244001,,
-0.18907744146716804,,
-0.1663883520223915,,
-0.36289919078395977,,
-0.21895770275998802,,
-0.2956594483506135,,
-0.46117279041120507,,
-0.14424761669199265,,
-0.593781339707706,,
-0.19105059999999177,,
-0.28187199999998647,,
-2.24609416501118,,
-0.19857167999998782,,
-0.10990400861436292,,
-0.19118159999999595,,
-0.14805416692127693,,
-0.17547409465441757,,
-0.11769403860476968,,
-0.24857101295999584,,
-0.15286718713599148,,
-0.36507043849598586,,
-0.33475729647357466,,
-0.8013851056127732,,
-0.15037798761598545,,
-0.24203896697903787,,
-0.20130637349981842,,
-0.2418025992479984,,
-0.12206761136878586,,
-0.14064358531197643,,
-0.12439018075200696,,
-0.6503834344184569,,
-0.06265433932797745,,
-0.1920345284231743,,
-0.2982361200000264,,
-0.19118159999999595,,
-0.12355934401437992,,
-0.13424750406398495,,
-0.2742049799999833,,
-0.19030000000001018,,
-0.08076727424797814,,
-0.3643136383039834,,
-0.16754399351999047,,
-0.5105017258563029,,
-0.11160208092000382,,
0.6418298968712058,,
0.10513551714561542,,
-0.18857393275774167,,
-0.22923235875916886,,
-0.1841369744752008,,
-0.48365489793596084,,
-0.3407012938055698,,
-0.3289818292319987,,
-0.3242145560639945,,
-0.20060800000000445,,
-0.5944884770879827,,
0.3690104691208296,,
-0.3243828960000114,,
-0.12056779754878458,,
-0.27198018799999324,,
-0.095943492119993,,
-0.2877845493367964,,
-0.19335999999997922,,
-0.6411356098752177,,
-0.31106042553600044,,
-0.38728544000000964,,
-0.06284593865597851,,
-0.26780753880000485,,
-0.18836849371197165,,
-0.28779301944,,
-0.1738481254359996,,
-0.2476056109439817,,
-0.9930016930039613,,
-0.4067538267119799,,
-0.33659026763597016,,
-0.13293718627199214,,
1.1076863158817147,,
-0.21026240230399532,,
-0.23073836553438093,,
-0.7065154679277115,,
-0.3127474217454265,,
-0.11341618055999333,,
-0.4170562310559902,,
-0.28787401943998303,,
-0.12350505696800423,,
-0.2407521099023825,,
-0.209314633980004,,
-0.2954166231839872,,
-0.8041375885607858,,
-0.17808699361599473,,
-0.27010236729200565,,
-0.15404398848000417,,
-0.19395383819616002,,
-0.18033966038956584,,
-0.21156339009837655,,
-0.08449067112799143,,
-0.1003679738879869,,
-0.14745118727036752,,
-0.17119655548799087,,
-0.27639526000000736,,
-0.23409417118318884,,
-0.16654299227197605,,
-0.29445759999997667,,
-0.2035651086871725,,
-0.18388919567998657,,
-0.510391257023995,,
-0.08425007112801983,,
-0.8051872929224002,,
-0.5185894341503934,,
-0.12710558041599068,,
-0.20167919999997766,,
-0.49785872688639127,,
-0.08841637563518343,,
0.19855683749762232,,
-0.5289968764079955,,
-0.1296141834399868,,
-0.17052719251200188,,
-0.35694101010958446,,
0.0013694794400319343,,
-0.2669678559359871,,
-0.15581438871996692,,
-0.29581174184959785,,
-0.38001800781477213,,
-0.45296798554223855,,
-0.15323461585198428,,
-0.17845520543638,,
-0.3485586023999855,,
-0.08909322246000193,,
-0.12430911799197913,,
-0.48153605068797933,,
0.9068640364084096,,
-0.28746142030398425,,
-0.2953036843007934,,
-0.23096638387199014,,
-0.6352405776879831,,
-0.1529623058879922,,
-0.3330333295919987,,
-0.8837650054559928,,
-1.573333031452811,,
-0.20358483999999683,,
-0.17652359395199668,,
-0.18154128254266005,,
-0.26977859999995824,,
-0.30512027430000616,,
-0.14582998319999668,,
-0.1666299908800004,,
-0.2446659736910351,,
-0.16775588783200035,,
-0.05525312817358055,,
-0.5153266572607687,,
-0.5152128654000157,,
-0.12179425262641064,,
-0.20159645137630455,,
-0.14114350306560913,,
-0.16437327472797256,,
-0.061987746030377794,,
-0.16920839011198213,,
-0.21102516933046386,,
-0.30085502039999656,,
-0.49404164392959526,,
-0.14753498631997863,,
-0.3531689198111935,,
-0.30195669240000483,,
-0.3217612652543952,,
-0.27074532412398916,,
-0.29284961977598273,,
-0.3020191999999761,,
-0.38092213899999205,,
-0.19563967999998017,,
-0.30456270842400146,,
-0.23744475809999435,,
-0.30820679999995887,,
-0.21143500503998877,,
-0.14757298631996726,,
-1.0748355012263822,,
-0.2792496172799917,,
-0.4045675049199772,,
-0.20888903999999672,,
-0.16268053167199578,,
-0.25489897111678794,,
-0.2901696195839938,,
-0.35091561545598526,,
-0.1736879919359952,,
-0.1483999899199875,,
-0.2694977999999979,,
-0.2788766278727933,,
-0.3618601085688383,,
-0.22353500455997702,,
-0.18354911666880638,,
-0.3582915586879989,,
-0.30430933900796997,,
-0.12737411056239645,,
-0.14997058369033356,,
-0.128881956320005,,
-0.14354617942921324,,
-0.1608370089695778,,
-0.06884380755200299,,
-1.23011006358238,,
-0.15871438564799017,,
-0.14130898823999188,,
-0.20243223523326276,,
-0.11521997599999517,,
-0.08385772699199817,,
-0.16317520705677344,,
0.2748234325200123,,
-0.19590255482557675,,
-0.12396717889920354,,
0.048923884240008375,,
-0.439054604832793,,
-0.1452323567040497,,
-0.09412345283997575,,
-0.14596916417439038,,
-0.37532003839998457,,
-0.25044961036799485,,
-0.19445997177597718,,
-0.35661640703918995,,
-0.35157723599999546,,
-0.5408578165615587,,
-0.4111107488399843,,
-0.1870868941199764,,
-0.5221452598079739,,
-0.6963480960479855,,
-1.1850913012556596,,
-0.5822697492239972,,
-0.11163945190397798,,
-0.2550643334359729,,
-0.2864359757599878,,
-0.23332140849598526,,
-0.4048034279839623,,
-0.45420259489197046,,
-0.41784608784680927,,
-0.2079805457343982,,
-0.26668040000001586,,
-0.1857629954399973,,
-0.14701828283998952,,
-0.29557638000001496,,
-0.2206999232927809,,
-0.937341500183918,,
-0.12695358036796717,,
-0.22465638473594746,,
-0.2261584018719902,,
-0.08865896817598695,,
-0.2958372000000015,,
-0.3869309999999989,,
-0.08326857040798108,,
-0.2735067999999947,,
-0.21121239999998473,,
-0.23113300470400466,,
-0.37215965279995916,,
-0.29587950251997297,,
-0.16805899016000575,,
-0.22376300455998976,,
-0.2911202870000175,,
-0.2905579999999679,,
-0.1968280964720095,,
-0.16126220397118182,,
-0.13454533927997445,,
-0.46878760665149355,,
-0.21625108176158675,,
-0.29129994239996476,,
-0.3362373343440039,,
-0.40349677119598565,,
-0.19760279999997765,,
-0.34592833866236805,,
-0.3802350316799422,,
-0.49442889839994175,,
-0.4903197243360113,,
-0.18256352130157918,,
-0.2658711999999808,,
-0.3058175999999592,,
-0.209168697815989,,
-0.15146491599599626,,
-0.23114134649919987,,
-0.23544176356799912,,
-0.12577878051199617,,
-0.10623956112000363,,
-0.3128594028461037,,
-0.0912965745119724,,
-0.28511699999998275,,
-0.14230772016143836,,
-0.2544256087359936,,
-0.20385823999999675,,
-0.567374462975986,,
-0.5571614983495953,,
-0.15953916851197927,,
-0.11357368091998296,,
-0.2804209233695667,,
-0.40864717336796264,,
-0.5326051297420853,,
-0.3151614652287879,,
-0.3683807869463622,,
-1.0768525759999852,,
-0.32875169236000057,,
-0.38198820000000155,,
-0.14566638732798018,,
-0.41018184871998975,,
-0.23667259255998058,,
-0.127513714299997,,
-0.5729811130943854,,
-0.37576754259999473,,
-0.6132108504959908,,
-0.057959949599969474,,
-0.37843460000000284,,
-0.15115598982397146,,
-0.739273798917002,,
-0.40132010110396765,,
-0.6496266507640043,,
-0.23192338382399322,,
-0.2698758400000234,,
-0.5811815477887996,,
-0.301459536799183,,
-0.16872054994878283,,
-0.1954543319400325,,
-0.14415996159999894,,
-0.2268185845919617,,
-0.1442622822159868,,
-0.13624611787843807,,
-0.29649735599997873,,
-0.37894179999996647,,
-0.31583952991357067,,
-0.057749949600013645,,
-0.19403119894399673,,
-0.09265370590000538,,
-0.27050771999997814,,
-0.0910773670719986,,
-0.28859644799996964,,
-0.5046513674080118,,
-0.1837199711999806,,
-0.319083636772783,,
-0.05396429859918492,,
-0.17049687485759857,,
0.09179302677600623,,
-0.17105544310954746,,
-0.1914335976960006,,
0.26097755254943844,,
-0.45500175550402766,,
0.25843215360004546,,
-0.20759040000000512,,
-1.4647523059567646,,
0.24048332940803666,,
-0.2052688200000043,,
-0.816332696311957,,
-0.35553997516797814,,
-0.39395399999999686,,
-0.2881572680000247,,
0.774792325562917,,
-0.29401919999996134,,
-0.19707839999999346,,
-0.3472930177826202,,
-0.229993403120008,,
-0.20777199999998322,,
-0.0946681683199754,,
-0.2056506999999744,,
-0.11876716428798823,,
-0.39481959999997507,,
-0.2933551999999832,,
-0.07892525807036574,,
-0.031867916115206146,,
-0.5555423470464183,,
-0.38035153999999816,,
-0.2966499999999771,,
-0.29513802000001516,,
-0.19352498199997384,,
-0.3033856000000129,,
-0.23461678444799305,,
-0.18002997551997113,,
-0.5402766489535888,,
-0.5285727226079737,,
-0.3982247994239897,,
-0.20394560000000067,,
-0.27014960000000054,,
-0.15103406598400088,,
-0.8229522531400184,,
-0.2714988599999793,,
-0.6097482640799763,,
-0.6023194150079392,,
-0.11454180753276919,,
-0.31397300407996764,,
-1.6697639329679002,,
-0.6390617558077123,,
-0.47394562150395725,,
-0.4007375999999827,,
-0.3102879999999821,,
-0.39275036000000607,,
-0.20465355128399462,,
-0.6766399216617905,,
-0.46801171303197203,,
-0.6442986905279547,,
-0.16396237446399697,,
-0.15842675268861084,,
-0.12216253797437543,,
-0.09337495799998535,,
-0.10205651153600598,,
-0.4796582558399675,,
0.5578089666359869,,
-0.3090816023039964,,
-0.39468808377437653,,
-0.2698863919359954,,
-0.19120859870398504,,
-0.4297070103439621,,
-0.2968880000000025,,
-0.4967055248119614,,
-0.6066376452620388,,
-0.6394834520567707,,
-0.6440579795584079,,
-0.31045199999998396,,
-0.053517351887959974,,
-0.5510016399359802,,
-1.1377324570799914,,
-0.3624221970431478,,
-0.24218455023359503,,
-0.3990130199999834,,
-0.35716201872000986,,
-1.1711588573951999,,
-0.5182651245598588,,
-0.35721601382400797,,
-0.40122339999998313,,
-0.295698680000007,,
-0.2699535919360061,,
-0.2704687999999924,,
-0.16807949114398568,,
-0.36784799193600526,,
-0.3930934399999575,,
-0.2784999759999903,,
-0.20076521999997818,,
-0.16001757062398236,,
-0.38649919999997784,,
-0.3951882799999945,,
-0.4906949624728667,,
-0.1343486529335951,,
-0.2827500180000082,,
-0.5051498551199349,,
-0.39445626000000245,,
-0.19892565598080214,,
-0.6739906647084611,,
-0.8566593225343807,,
-0.6341007389152064,,
-0.9791893352160084,,
-0.16834997599997792,,
-0.6359422525119947,,
-0.41446079999994545,,
-0.3922450191999858,,
-0.42882303815998507,,
-0.5046888247679966,,
-0.3627639135599711,,
-0.6496837774560056,,
-0.32313600979200424,,
-0.8393432419327276,,
-1.3378557775439375,,
-0.5897561632516337,,
-0.6290500600000358,,
-0.7433879122399493,,
0.2625524485632311,,
-0.23189975089916182,,
-0.5472987603177573,,
-0.48611905413199535,,
-0.3708135338255698,,
-0.44020519239357603,,
-0.6632393443103883,,
-0.6062072259999722,,
-0.9283966427039211,,
-0.6092629487424267,,
-0.2796336725759924,,
-0.207312559999997,,
-0.38143699999996467,,
-0.2711071999999761,,
-0.3648775126000191,,
-0.47012692042396853,,
-0.37423341627200946,,
-0.657150783839971,,
-0.7180102911839226,,
-0.4113729019070259,,
-0.4679046604287968,,
-0.37930000000001074,,
-0.09678597263997327,,
-0.33032802736477423,,
-0.5055544836799857,,
-0.7188324975358977,,
-0.7515635402304053,,
-0.5405534279164913,,
-0.38455900000000465,,
-0.30772014162557737,,
-0.43010760910076773,,
-0.5733343388079954,,
-0.27924000000000204,,
-0.2775473960735859,,
-0.18236833591194468,,
-0.41232366000001486,,
-0.21785398723196364,,
-0.32744000359996167,,
-0.3621763944799551,,
-0.3374000080639966,,
-0.207312559999997,,
-0.3778293199999857,,
-0.3607316193919905,,
-0.30182511391435723,,
-0.18357691176959406,,
-0.2634799904000046,,
-0.21264160000000512,,
-0.1322400092604072,,
-0.24715206162397152,,
-0.1431763580479793,,
-0.3953091150847993,,
-0.17834697143997935,,
-0.10464731209438269,,
-0.3571569354079643,,
-0.40109796459997915,,
-0.3127371365519719,,
0.01965497763834434,,
-0.3786082625279306,,
-0.46083923587519215,,
-0.20116198128000393,,
-0.3576596052791725,,
-0.16591236539197388,,
-0.3439700343199877,,
-0.2895710997423431,,
-0.12769958017600241,,
-0.22229246147996584,,
-0.23841393535513888,,
-0.37827135999995765,,
-0.21178079999998461,,
-0.2786041599999656,,
-0.29712599999996747,,
-0.1853578714240084,,
-0.22303998079997728,,
-0.3539885871839904,,
-0.5271442055527262,,
-0.5303439333999841,,
-0.5400295170399596,,
-0.6448647429223875,,
-0.27838500000001093,,
-0.4077794400000147,,
-0.2790319999999904,,
-0.49818674993980666,,
-0.7594764580759551,,
-0.4035761327975822,,
-0.3510244984399865,,
-0.32806873370875317,,
-0.44021717577596015,,
-0.7339748344559128,,
-0.34087693639997235,,
-1.6161462551863743,,
-0.6093520017575702,,
-0.9409745499791657,,
-0.03217399902227444,,
-0.30189798012798275,,
-0.32550718425596115,,
-0.22598995535992716,,
-0.28253999999998847,,
-0.2722305599999981,,
-0.2886392183359857,,
-0.31417700407998506,,
-0.31053399999996667,,
-0.46110901281597044,,
-0.5255064119519521,,
-0.2569749867999833,,
-0.27546501295677334,,
-0.40105439999996295,,
-0.0753110212583768,,
-0.16293718508560237,,
-0.20105798127999813,,
-0.401277804771176,,
-0.32025353660960576,,
-0.7028935325119312,,
-0.28439519539200364,,
-0.28221359999996654,,
-0.5338565015263818,,
-0.9235930062399622,,
-0.2720195999999985,,
-0.23705415287677303,,
-0.678002585627985,,
-0.32074971251986556,,
-0.4327700845899045,,
-0.3019895999999603,,
-0.6753198959199107,,
-0.4568805628799606,,
-0.17851899471999091,,
-0.30687499880001046,,
-0.27350985110393045,,
-0.1910518004975793,,
-0.7865231462400353,,
-0.8076549042911743,,
-0.388888219151995,,
-1.2447582922392164,,
-0.46836354428000376,,
-0.4805614714320298,,
-0.32181601267201093,,
-0.5912664455039432,,
-0.13157998183679767,,
-0.3155841115439901,,
-0.41518079999998003,,
-0.27192508000001336,,
-0.10597383793757953,,
-0.2359414856591805,,
-0.4206038200000006,,
-0.5097666493919856,,
-0.29736399999999286,,
-0.37899999999996287,,
-0.3556956074880081,,
-0.329995734878372,,
-0.10937175086158132,,
-0.174963197432806,,
-0.7539316847104098,,
-0.26279099351996815,,
-0.5943236929919451,,
-0.36614152803279837,,
-0.5242355152799338,,
-0.37477442534397176,,
-0.3802199948159597,,
-0.9219769022399508,,
-0.24291737183521322,,
-0.47362963031998184,,
-0.20501588831279216,,
-0.2593720513087892,,
-0.3824490203999807,,
-0.30372899999999525,,
-0.3788999999999839,,
-0.3213039037979124,,
-0.28163927999999044,,
-0.389534615599997,,
-0.599855482456765,,
-0.39558807999998147,,
-0.28038507999996887,,
-0.3046896606423932,,
-0.21071007768001349,,
-0.2545574861999876,,
-0.2585176696399611,,
-0.21244897960001452,,
-0.2897639999999708,,
-0.2593940116895651,,
-0.054469747727985254,,
1.098399952644039,,
-0.25157186090401673,,
-0.4047462146559966,,
-0.18530866337197746,,
-0.2724285820800017,,
-0.2676450000000126,,
-0.16285630817277483,,
-0.41496319999996545,,
-0.37293935279995216,,
-0.39647228291189085,,
-0.11383043195996038,,
-0.208628980559989,,
-0.16674872510718153,,
-0.25656478112157427,,
-0.1169608492919485,,
-0.40447963583996316,,
-0.11467151080066361,,
-0.11030216212798272,,
0.08537809235201593,,
0.07032129763202999,,
-0.30351718799998284,,
-0.3116550000000007,,
-0.3773836799999666,,
-0.2970919999999897,,
-0.5403933427200006,,
-0.36023829079035663,,
-0.20425607999999004,,
-0.31556437828240075,,
-0.49687537107995505,,
-0.46259251928481043,,
-0.6535478895359204,,
-0.8383932030791987,,
-0.2956950599999739,,
-0.3862103999999631,,
-0.29659392000000045,,
-0.487114664191957,,
-0.13079560395788206,,
-0.40310563472001376,,
-0.3990252289440115,,
-0.1347439614191949,,
-0.5929600296959261,,
-0.18682684964798352,,
-0.2356019870399917,,
-0.11901272825359904,,
-0.3079730471547174,,
-0.6074236729759708,,
-0.41822819999995886,,
-0.22922944418878963,,
-0.34598789032799204,,
-0.2675780230975734,,
-0.6716389549840275,,
0.17561402477044175,,
-0.2929400800000056,,
-0.21204231999999051,,
-0.1284839800799905,,
-0.3354269877599773,,
-0.15624268768798685,,
-0.9555475391535679,,
-0.35334997588800277,,
-0.3219580097440089,,
-0.5502112591359957,,
-0.7095145957151969,,
-0.8167740364799985,,
-0.4192745497999895,,
-0.2697710037719713,,
-0.5516323880407729,,
-0.7992430136063832,,
-0.13915646589596026,,
-0.43885497815998664,,
-0.16839589531862875,,
-0.2501706864399983,,
-0.19916861576553035,,
-0.2462109877600005,,
-0.20036215583998895,,
-0.24190396236799624,,
-0.1864213296167678,,
-0.10148161930560427,,
-0.1809047675519749,,
-0.16352487139201605,,
-0.2842739755200151,,
-0.6728051487759777,,
-0.4541618962240252,,
-0.38070815999995367,,
-0.2971135999999937,,
-0.5348033481599783,,
-0.42964954323194615,,
-0.5180648538559784,,
-0.39620339999998766,,
-0.337583352563136,,
-0.6434954199999586,,
-0.5007826854709101,,
-0.49734089793838,,
-0.47993571542398933,,
-0.6729031776951706,,
-0.4578489075327058,,
-0.27869997600003704,,
-0.7539371055359223,,
-0.6463643614719575,,
-0.3781821093999716,,
-0.4434752107519875,,
-0.2855153200000105,,
-0.41848185970081386,,
-1.1609688175359445,,
-0.27098513999997004,,
-0.3438720129599854,,
-0.34104958617596093,,
-0.26723999999999054,,
-0.3814867799999866,,
-0.2721505627142282,,
-0.3307714279631824,,
-0.35078400863998765,,
-0.28957185511199235,,
-0.3212279538479964,,
-0.42002151400319465,,
-0.12026224002234473,,
-0.31381351029601556,,
-0.29739799999997063,,
-0.27775679078397986,,
-0.39620339999998766,,
-0.7635303866879233,,
-0.38573856769839004,,
-0.30135562093437784,,
-0.23587198704000678,,
-0.17002549004000025,,
-0.23186174402560733,,
-0.24164238214398262,,
-0.27344495539204194,,
-0.19252214445915533,,
-0.48563627724794967,,
-0.39861359942396535,,
-0.36468511873274123,,
-0.13166151883680313,,
-0.6567121528799624,,
-0.30998500600000334,,
-0.5231903341591787,,
0.04364049165599371,,
-0.32781715217515095,,
-1.3278042630400089,,
-0.431325934775983,,
-0.2850199999999987,,
-0.29751699999999437,,
-0.5257142179199557,,
-0.8463527610984076,,
-0.6548874170399821,,
-0.5000739621695801,,
-1.0481625794079186,,
-0.4983347679232029,,
-0.4729057265203064,,
-0.6414014959199835,,
-0.284579975519996,,
-0.6185178473280242,,
-0.3602751907839904,,
-0.26682417082555393,,
-0.16148623638766973,,
-0.28099341553917145,,
-0.10102854916796897,,
-0.284375975519971,,
-0.3539401419135101,,
-0.3845775023440183,,
-0.5090537985920417,,
-0.6777848002559238,,
-0.2793803599999984,,
-0.5435778947759851,,
-0.537624187263966,,
-0.34588807296001955,,
-0.6769180790799543,,
-0.3221328126719735,,
-0.5470548105599773,,
-0.3148425539863801,,
-0.6347974226799359,,
-0.6168404872079819,,
-0.21296439999997946,,
-0.6126149486927863,,
-0.27606279711793574,,
-1.4791682903039938,,
0.535954355484819,,
-0.8112777177600079,,
-0.17180096606394463,,
-0.2890270787615838,,
-0.5102402488159842,,
-0.08591072209601397,,
-0.7601506775999816,,
-0.38857589999999115,,
-0.5310360518400107,,
-0.5337552633600079,,
-0.8204072282518805,,
-0.9899503067663691,,
-0.43742701224001135,,
-0.4545199823119907,,
-0.7802545825279844,,
-0.6673772396159298,,
-0.32443797988796164,,
-0.3481432702079548,,
-0.3570251999999495,,
-0.2154863758080149,,
-1.5655735641168027,,
-0.16625249099998796,,
-0.3091238204351747,,
-0.279719880000004,,
-0.09192929174397046,,
-0.09875245010396475,,
-0.31573157302400146,,
-0.2348286825023736,,
-0.054301015835982375,,
-0.19809018050238086,,
-0.33764761022397427,,
-0.46331670239997025,,
-0.5490800888320544,,
-0.429619206911956,,
-0.29149967999997145,,
-0.6606390679543723,,
-0.3159711999999869,,
-0.3236964895512111,,
-0.4898737070735734,,
-0.3016040599999875,,
-0.18415579303998098,,
-0.29377279999997374,,
-0.38280555310401576,,
-1.3012104806399842,,
-0.5405316269759767,,
-0.4172987862544026,,
-0.2624496157679995,,
-0.4766543871888117,,
-0.6296165814959462,,
-0.3222120467743931,,
-0.28587156000000197,,
-0.37082882505599307,,
-0.5744844440639869,,
-0.501046825919955,,
-0.9271883486719747,,
-0.8185407826559854,,
-0.37910651697404896,,
-0.4996674262719499,,
-0.9782160493139072,,
-0.515562044815984,,
-0.7724826818399402,,
-0.24879001079998764,,
-0.6246862227759599,,
-0.19590162145440038,,
-0.5056629045759434,,
-0.4562586712319567,,
-0.3859776233999692,,
-0.23529748351198043,,
-0.40410369999996276,,
-0.507446799999949,,
-0.7332481550399932,,
-0.6718338362176146,,
-0.23958201046397437,,
-0.28269092160317877,,
-0.27754066084159235,,
-0.34569151475999377,,
-0.2832983999999794,,
-0.2684939999999761,,
-0.43212052979676663,,
-0.21002400000000165,,
-0.42239766547195373,,
-0.37992911385597594,,
-0.24032984748422292,,
-0.7997458063359881,,
-0.2083014626083105,,
-0.23824491097599365,,
-0.3032825599999942,,
-0.2803859999999881,,
-0.6932382110079668,,
-0.31797877283200143,,
-0.28309399999996576,,
-0.39117806000000827,,
-0.6779806540799822,,
-0.35710680575997195,,
-0.27266400000000274,,
0.04075204110326458,,
-0.33236393932798247,,
-0.30392879999995687,,
-0.19778237158399042,,
-0.47420745895039657,,
-0.20693650261599067,,
0.32798778902918124,,
-0.48326421035992967,,
-0.3595343910840104,,
-0.6898352508159145,,
-0.46245847356800146,,
-0.8223430222391439,,
-0.41574376823994863,,
-0.6333581598791581,,
-0.6396000320415525,,
-0.7013226216319663,,
-0.4644183801599531,,
-0.3130175999999865,,
-0.2991413999999585,,
-0.3105647999999559,,
-0.2575301680140695,,
-0.8287011592495805,,
-0.169418814916789,,
-0.6519941706023887,,
-0.3701446424031929,,
-0.3088051469567989,,
-0.9407845670399654,,
-0.8417106448640412,,
-0.477145228799975,,
-0.17008346443917133,,
-0.04774172536320295,,
-0.10300055915200801,,
-0.24997921094397652,,
-0.4486783790170923,,
-0.36570551420317127,,
-0.43975662057596887,,
-0.21299727793997636,,
-0.864134208263978,,
-0.20834477407999882,,
-0.7790141412959395,,
-0.3198936196191787,,
-0.04864736496958581,,
-0.2059159999999917,,
-0.25547426407996243,,
-0.9536769285599009,,
-0.5038154241103043,,
-0.5737275939559627,,
-0.20597999999999983,,
-0.39705600000000935,,
-0.4094934363519238,,
-0.6017675624959232,,
-0.2851979999999759,,
-0.87216554919355,,
-0.17443565203676092,,
-0.14019719416956028,,
-0.6354898870240148,,
-0.17439878413679893,,
-0.3704082591839674,,
-0.5394181124327959,,
-0.7050003212160195,,
-0.2760591904000071,,
-0.6440282376079521,,
-0.3469032362879786,,
-0.1531822291327891,,
-0.3918670266399732,,
-0.38234241689600057,,
-0.43684404297641066,,
-0.47150529950718334,,
-0.3442031873279676,,
-0.7639531082399722,,
-0.5752416422400237,,
-0.30981119846400496,,
-0.4666278561119748,,
-0.5528061646799582,,
-0.14402318874397932,,
-0.1898986705520173,,
-0.4312151674879768,,
-0.8276177966243458,,
-0.12637554971517953,,
-0.10859440865513395,,
-0.6461026900296096,,
-0.22862710852000878,,
-0.34222803168000815,,
-0.296884020159996,,
-0.42007193669599757,,
-1.0550835142559976,,
-0.41227801290396476,,
-1.0832540685410057,,
-1.010278476475944,,
-0.5812404661439665,,
-0.28105002111997834,,
-1.3216839924429276,,
-0.9512177447039649,,
-0.3579744376319839,,
-0.3323411917223627,,
-0.6921469039800181,,
1.8627998565624415,,
-0.15130738896556786,,
-1.1731230023039343,,
-0.18088994758801266,,
-0.2817368000000021,,
-0.20121919999998178,,
-0.0878021991319875,,
-0.27525780000000555,,
-0.17904779659198886,,
-0.2504351628799927,,
-0.23625928351196102,,
-0.6182999285119778,,
-0.6537763153039771,,
-0.29893820580799224,,
-0.4305279647615747,,
-0.9584263170942957,,
0.7808859741999961,,
-0.23108498036799793,,
-0.30227086511997064,,
-0.12070747218885114,,
-0.3323411917223627,,
-0.9600557827559733,,
-0.11517198115582668,,
-0.42587330328001083,,
-0.13816896644795323,,
-0.02403679365353173,,
0.06993097029603201,,
-0.2591557555744105,,
-0.25339598483199544,,
-0.23292058996797005,,
-1.4659275217439596,,
-0.27509747999997824,,
-0.2310052432089767,,
-0.18725342399998376,,
-0.5251412261759967,,
-0.41787702684641037,,
-2.296868146070324,,
-0.24023235279995697,,
-0.5018971855359688,,
-0.35430047183993346,,
-0.3788989003359673,,
-0.4807812202223519,,
-0.5246679127679904,,
-0.3503384684799836,,
-0.3749464140160077,,
-0.3157236034559735,,
-0.2593445355695787,,
-0.19199298046399058,,
-0.23485833946398507,,
-0.08208920630720307,,
-0.6589294242399784,,
-0.4313519976672272,,
-0.9255540278942086,,
-0.34914004344000005,,
-0.5745935121127741,,
-0.21806073695998157,,
-3.0274057428383943,,
-0.5917729107040071,,
-0.23172748379998698,,
-0.6564516225919621,,
-0.41391717347200735,,
-0.2829674411557539,,
-0.48068162282550203,,
-0.2644683168959582,,
-0.1867130145711986,,
-0.3604893645120063,,
-0.19984004636641553,,
-0.5434085659199539,,
-0.7009107852607365,,
-0.8958261759999611,,
-0.48255043798063746,,
-0.4313523870391795,,
-1.0045845712063748,,
-0.3218754110879908,,
-0.28287503999994706,,
-0.33294283018801146,,
-0.0741653050743803,,
-0.2991599999999638,,
-0.29541779184797573,,
-0.21608029554958455,,
-0.5104352538559809,,
-0.4363528372595699,,
-0.17833499351999665,,
-0.4991166514079779,,
-0.14337213587196096,,
-0.30777973326405395,,
-1.0509746083199993,,
-0.23927639155198552,,
-0.6476805714015985,,
-0.9816001147567854,,
-0.46329222067197096,,
-0.5822999913599415,,
-1.394427748896023,,
-0.29960319999996377,,
-0.3306590249688105,,
-0.3240411412969048,,
-0.32369700897596715,,
-0.23233500647999072,,
-0.09479359009120958,,
-0.18850006841681924,,
-0.6457564597903833,,
-0.2835986399999786,,
-0.3053424073919839,,
-0.6476805714015985,,
-0.8848646923703677,,
-0.990251634183946,,
-1.30666734667468,,
-0.7274263276799735,,
-0.7497883087439381,,
-0.5058456524160053,,
-0.43493843244795044,,
-1.008223553584008,,
-0.04536196469119111,,
-0.934931995603178,,
-1.0511581953599993,,
-0.2419641501759519,,
1.7393159728113912,,
-0.19942150462080763,,
-0.8297771322399914,,
-0.36486782164800335,,
-0.38787583999999925,,
-0.20371847999999365,,
-0.44474118440313437,,
-0.797535968216008,,
-0.2985306373919569,,
-0.21836987272343086,,
-1.574324325580759,,
-0.14298935237273902,,
-0.2659929776543839,,
-1.039170192480053,,
-0.3063747918703872,,
-0.03810177771115322,,
-0.43923579632795706,,
-0.05692053773278524,,
-0.15517367738285112,,
-0.2644271902480022,,
-0.28961910980800887,,
-0.3017616773696074,,
-0.705172490419159,,
-0.6134748781439858,,
-1.0631665967999218,,
-0.7457145430055865,,
-0.3892069999999531,,
-0.6101924386623668,,
-0.9391932209743639,,
-0.31273263999998563,,
-0.852536380427128,,
-0.2050882623167517,,
-0.4156229872883359,,
-0.44374583489596775,,
-0.3474075587839804,,
-1.039170192480053,,
0.3116436836783884,,
-0.35236687119997007,,
-0.5312494513143247,,
-1.2880020374143637,,
-0.03287042608317825,,
-0.06874005506476524,,
-0.18170619265599164,,
-0.36743054132394837,,
-0.1530203063759793,,
-0.2963548544135642,,
-0.3496620837189415,,
-0.2026023962559806,,
-0.6183839999999876,,
-0.3775783199999537,,
-0.3124776199999624,,
-0.0920678735791958,,
-0.9314173583231897,,
-0.4158372315360089,,
-0.4085416044959753,,
-0.08585188146078324,,
-0.43022183542422326,,
-0.6183839999999876,,
-0.21463553193597595,,
-0.6428073781583074,,
-0.5345270976079933,,
-0.38339027999995384,,
-0.3405545138879711,,
-0.03788455086077869,,
-0.10302042239997611,,
-0.4183479056686131,,
-0.6004019956799584,,
-0.4068630707631916,,
-0.6227972784319817,,
-0.6531183372167075,,
-3.1129457300087595,,
-0.3813606412320113,,
-0.6435386427904135,,
-0.237221614792444,,
-1.075215795359905,,
-0.2292777338879769,,
-0.854812564479988,,
-0.6531183372167075,,
-0.2681444000000035,,
-0.11324877926400137,,
-0.3643262959279485,,
-0.5852829507839777,,
-3.0818427876936076,,
-0.21831330114323294,,
-0.6124019985600021,,
-0.10630115439999152,,
-0.6544271915999073,,
-0.46163219589766,,
-0.35412187388796124,,
-0.3695344407223858,,
-0.14575678703998704,,
-1.7443096386687629,,
-1.0512193910399268,,
-0.34175642227995157,,
-0.06972106543357405,,
-0.3929583358079799,,
-0.20262482116800884,,
-0.3317432822633933,,
-0.22678380647999644,,
-0.31009387723203513,,
-0.6184079999999633,,
-0.2010189999999758,,
-0.3238697055439674,,
-0.3432729618017636,,
-0.576925046207962,,
-0.6184079999999633,,
-0.29887660580800446,,
-0.20153223999997572,,
-0.7643923104479861,,
-0.16900397465599573,,
-0.18753019786690994,,
-0.15428720786153327,,
-2.118014463039965,,
-0.36107378168401155,,
-0.4003844275199712,,
-0.23462119049597213,,
-0.1580617171560104,,
-1.2670034428798393,,
-0.19325473630012585,,
-1.3026002774400063,,
-0.36501244964794205,,
-0.946793047703978,,
-1.7461044963431558,,
-0.7558893979560071,,
-0.18148709945215658,,
-0.46542349110400505,,
-0.3433255990375653,,
-0.5339114814079686,,
-1.5675524491872042,,
0.7210880061664052,,
0.42951998163203625,,
-0.12260976944154267,,
-0.15340537122216913,,
-0.37429763394807514,,
-1.3142211062399527,,
-0.9495940425047693,,
-0.07912544755997952,,
-0.5737590681599656,,
-0.42509809849595326,,
-0.5444254909439363,,
-1.0153136651839911,,
-0.36338854139998955,,
-0.4557640105599938,,
-0.25883645571590924,,
-0.11727865132801085,,
-0.9919207037303466,,
-0.6818998244967809,,
-0.22844598367999736,,
-0.2845439927039969,,
-0.5351465666559188,,
-0.22546084787194476,,
-0.13969440515014497,,
-0.19688291999998359,,
-0.3095499999999554,,
-0.2688938999999658,,
-0.61437699523201,,
-0.7877866147199473,,
0.22603716824801376,,
-0.20084998128000492,,
-0.12512068048799435,,
-0.9215075974910725,,
-0.7757098527999913,,
-0.6444801562319913,,
-0.6239189553119161,,
-0.4325480326400289,,
-1.2364882289279069,,
-0.3302900119420602,,
-0.35203092748799275,,
-0.8784830250560418,,
-0.13264586205597395,,
-0.24015119323198394,,
-0.5147550491999625,,
-0.6751099094399994,,
-0.4872079857599128,,
-0.8875079831471957,,
-0.7394897133120022,,
-0.12312531728198645,,
-0.14579596063999445,,
-0.38701875462400054,,
-0.07219162199995344,,
-0.5324877029999971,,
-0.32486158178717534,,
-0.6659906366254698,,
-0.3308240124799869,,
-0.43256972352771306,,
-0.21701818478395235,,
-0.20706239999999637,,
-0.18840768771999594,,
-0.18682550611195087,,
-0.843987030640017,,
-0.2579389905487921,,
-0.39227975999996245,,
-0.6413865350400068,,
-0.2007979812799836,,
-0.4562127744720124,,
-0.3804998928719864,,
-0.24549698775998471,,
-0.44474776567998103,,
-0.6976476233599747,,
-0.16232718823999026,,
-0.4932123195731975,,
-0.8495596958640428,,
-0.45940231324797753,,
-0.9063518003239298,,
-0.7304904634400051,,
-1.0017547820159063,,
-0.1712097029159775,,
-0.7729364345599832,,
-0.2893159999999774,,
-0.45331723830398235,,
-0.4400342500607659,,
-0.3882327583392008,,
-0.15578534415750944,,
-0.8943607748927731,,
-0.41150864937594595,,
-0.2455309877599625,,
-0.41632797503997865,,
-0.2658262089600242,,
-0.2850255927039834,,
-0.46002828062395823,,
-0.3377480638367415,,
-0.31790814028798564,,
-0.5269691951999931,,
-0.9139351745175508,,
-0.36988620239997666,,
-0.35946487219996787,,
-0.5555080628527851,,
0.064769065040005,,
-0.4781458290879378,,
-0.26214299352000864,,
-0.32150080153600513,,
-0.33007200815997423,,
-0.29298233102319937,,
-0.39943199999995066,,
-0.4172691160551456,,
-0.6847551562463519,,
0.22864353747022248,,
-0.8087196201840334,,
-0.2623244261783786,,
-0.5460923726719615,,
-0.36680088999996724,,
-0.4028256680593577,,
0.5846191814720243,,
-0.2925175399999805,,
-0.5862952099199654,,
-0.9368216542399996,,
-1.2319037633279817,,
-0.8320677934799273,,
-1.0343874491279497,,
-0.6092051365279703,,
-0.21531840422398374,,
-0.061527539039961415,,
-0.44405283628800407,,
-0.5555382491847685,,
-1.045116463611977,,
-0.48226599866917924,,
-0.7044017109080162,,
-0.5594940647999596,,
-0.45739628396002124,,
-0.8219533887488071,,
-0.6923371474079771,,
-0.5071423957599352,,
-0.8269201171199518,,
-0.5003100489599961,,
-0.6668936615239471,,
-0.40125833999996674,,
-1.0854096544799847,,
-0.32126351582398244,,
-0.7436919428208326,,
-0.5092471443199696,,
-0.15257618588798103,,
-0.2848019254499755,,
-0.6096088542399744,,
-0.280788030753524,,
-0.34326341817597594,,
-0.39876723263999536,,
-0.2239013851680042,,
-0.23505323670399492,,
-0.2741327900159926,,
-0.6783266526959573,,
-0.3605974921439442,,
-0.4859693290143933,,
-0.4190169719999728,,
-0.4787577477119796,,
-0.38272691777279233,,
-0.3995873970399537,,
-0.3765542820479605,,
-0.4700175694399159,,
-0.4069079999999967,,
-0.49656884866398165,,
-0.48318823818715295,,
-0.17966976385917816,,
-0.3618979670879232,,
-0.10798952282397739,,
-0.743584408879973,,
-0.6859967878847903,,
-0.3207519497159825,,
-0.3593216139391604,,
-0.22820598031999018,,
-0.17248188470302023,,
-0.3003840000000033,,
-0.3430975544947203,,
-0.32737360673597193,,
-0.5271895823639514,,
-0.26234399183995466,,
-0.4027427743079258,,
-0.23675586479998784,,
-0.2680220428031115,,
-0.3605974921439442,,
-0.27697380000000027,,
-0.3391426104639965,,
-0.356042366748385,,
-0.2344912065279896,,
-0.53792980494869,,
-0.8391008084159486,,
-0.25079598444796997,,
-0.48433709185835006,,
-0.21920988168796823,,
-0.3742232912880409,,
-0.10932695512002041,,
-0.615650555839959,,
-0.5262630838400171,,
-0.43135653144478914,,
-0.3026399999999638,,
-0.27187919999996424,,
-0.23653484920004259,,
-0.10778592350154342,,
-0.19639692000000125,,
-0.3387962572631619,,
-0.36789641644793974,,
-0.3674530218879539,,
-0.34951993540800064,,
-0.29791925862398394,,
-0.526178929663975,,
-0.3335925164000009,,
-0.18850895578616964,,
-0.37010704640002096,,
-0.5044398850079403,,
-0.3391850927871801,,
-0.42696899788799403,,
-0.7370010840959715,,
-0.062399942399969766,,
-0.6873642964080098,,
-0.6972487940880103,,
-0.7976986949759849,,
-0.5331508315199719,,
-0.4920827328000206,,
-0.2769253000000105,,
-0.16627781919997814,,
-0.45626344420798703,,
0.24730064906403043,,
-0.5075354635040148,,
-0.33934380238942013,,
-0.27731799999999274,,
-0.31508159999997576,,
-0.3997200000000009,,
-0.41003820000001007,,
-0.8024361713759685,,
-0.7249125007360293,,
-0.34081588448320677,,
-0.5518027302144148,,
-0.6090512148800031,,
-0.46651577457594806,,
-0.33988822841680255,,
-0.7684919071532766,,
-0.28276660702973333,,
-0.5358941451519841,,
-0.6798004625280304,,
-0.5157810455039681,,
-0.695098698719937,,
-0.7854640963199399,,
-0.4920827328000206,,
-0.29779200316795995,,
-0.7949843005439614,,
-0.7866281627903596,,
-0.26033521428477624,,
-0.21853918415997983,,
-1.1007832780799522,,
-0.6727412989743522,,
-0.3970525424223712,,
-0.48497096255997113,,
-0.7459527304320134,,
-0.6091906247199687,,
-0.4982057461039895,,
-0.8757055823999501,,
-1.0585297232639141,,
-1.110279516910844,,
-0.35382745438640106,,
-0.3859560172799981,,
-0.7623527976000011,,
-0.30303263420561827,,
-1.0176534019440258,,
-0.4703781399679686,,
-0.5167881281279404,,
-0.6940983017159073,,
-0.35907601324799593,,
-0.44803681022394304,,
-0.6693304435199249,,
-0.2965899158935975,,
-0.2014703686464071,,
-0.49517810378397914,,
-0.26695199193602137,,
-0.7734940739199908,,
-0.4754978048880051,,
-0.3696821694719778,,
-0.4169880015839509,,
-0.14871028259838306,,
-0.7972973960831089,,
-0.29919917999999984,,
-0.4838629926239173,,
-1.2664598214151657,,
-0.4344485380415751,,
-0.8942453697599304,,
-0.7087578170399815,,
-0.40496802150398703,,
-0.589735245503948,,
-0.6991646811143826,,
-0.4263280963200079,,
-0.31143597868797657,,
-0.8959711071358785,,
-0.7717666965119236,,
-0.3045923999999671,,
-0.2594015865599946,,
-0.5427754314943947,,
-0.23335042931680597,,
-0.2935865199999895,,
-0.43349302951998003,,
-0.5281541236320175,,
-0.30922100263998265,,
-0.7573253519039134,,
-0.10041129057958915,,
-0.3848009652000136,,
-1.1821073903520285,,
-0.5278056542399681,,
-0.5025577413999679,,
-0.6180776510719957,,
-0.2208072233740887,,
-0.4025794800000057,,
-0.4437072501119076,,
-0.28062599672960997,,
-0.245730761695996,,
-0.499061853617579,,
-0.572946593119979,,
-0.7113147774479472,,
-0.24565426382375322,,
-0.6779681136000468,,
-0.5837428981775707,,
-0.3400523035977743,,
-0.47657593828002304,,
-0.43876317167998063,,
-0.5232717555200008,,
-0.8434248401280071,,
-0.43770529963760607,,
-0.3682623694399533,,
-0.1947482783999666,,
-0.422338289023942,,
-0.4714324529759245,,
-0.3187091916500406,,
-0.6281684044799581,,
-0.37028385888003257,,
0.416607929692854,,
-0.18147223705917326,,
-0.20224098128000767,,
-0.4442519782511608,,
-0.7953460860799308,,
-0.350053513079993,,
-0.37759919208003634,,
-0.11003198039566701,,
-0.9586992648960528,,
-0.3026399999999638,,
-0.280191396015984,,
-0.11734415508478563,,
-0.8493769507199633,,
-0.5278713816434393,,
-1.0197118555967557,,
-0.33286851685758345,,
-0.6403032184000441,,
-0.39337199999998274,,
-0.3452320336943888,,
-0.6517076446463734,,
-0.3196889850208014,,
-0.2478254613359518,,
-0.18524006416793962,,
-0.3682623694399533,,
-0.31533279999997677,,
-0.23308318387200702,,
-0.546323871271982,,
-0.47644332891994046,,
-0.49244995872000635,,
-0.2852639740799853,,
-0.4884257466239307,,
-0.15274596478718178,,
-0.2216214807146413,,
-0.47695166479998774,,
-0.48830206540798404,,
-0.18244380943655322,,
-0.0879494911232262,,
-0.5860192590703155,,
-0.3731197855999796,,
-0.3026399999999638,,
-0.2878867199999918,,
-0.5103461018879522,,
-0.3424673852620658,,
-0.14993929822798163,,
-0.2961739999999867,,
-0.6114223410559758,,
-0.5204633119935358,,
-0.28965600000000313,,
-0.5222144056319549,,
-0.42908635914552373,,
-0.4688554251519871,,
-0.07429337898402688,,
-0.4926553103847462,,
-0.3282911320319576,,
-0.45446444294397714,,
-0.2905732348519608,,
-0.3543642783999435,,
-0.45219632687999767,,
-0.3825807364079504,,
-0.40692365971203776,,
-0.5902843982399821,,
-0.579553071759987,,
-0.3095846225103741,,
-0.35524138708798614,,
-0.0902860678127389,,
-0.3757631942399518,,
-0.2202676471247887,,
-0.5277260922960023,,
-0.389850321599914,,
-0.22684760317964753,,
-0.4772389850799743,,
-0.6298525435679938,,
-0.08357336601597842,,
-0.0668175756047937,,
-0.7027126397440142,,
-0.3208791526944079,,
-0.49235815224000035,,
-0.4159155009599484,,
-0.37721601868799376,,
-0.3972099851173992,,
-0.5070165868799854,,
-0.7161772266959185,,
-0.28100195583996646,,
-0.4605891796799883,,
-0.6594166081719899,,
-0.4974442312319588,,
-0.679351630848018,,
-0.27614210039999276,,
-0.175631719259913,,
-0.2639098458336256,,
-0.05864426594399879,,
-0.7025276666879392,,
-0.3205161430719584,,
-0.5019150727039496,,
-0.008770872759951143,,
-0.3795122663999933,,
-0.3506604709566801,,
-0.659517105077565,,
-0.4757221380160025,,
-0.5607663600800289,,
-0.5271086050399585,,
-0.6557566728239748,,
-0.5166425103359478,,
-0.6048556228800397,,
-0.1894064251631281,,
-0.42421920460796314,,
-0.4926263236439795,,
-0.28590081279993046,,
-0.18978424273438277,,
-0.3887007753599979,,
-0.9358903629999467,,
-0.3279080067199811,,
-0.4212482399999693,,
-0.3192540093599632,,
-0.35222406112000715,,
-0.505040679999935,,
-0.5384478269279638,,
-0.44268578060795494,,
-0.7491740032492846,,
-0.6240489326399307,,
-0.38220161132001934,,
-0.8132011361919529,,
-0.27595725900001106,,
-1.3882924271199557,,
-0.595447444353595,,
-0.4097595545567976,,
-0.6961273189315595,,
-0.4936400456960226,,
-1.1417839607999856,,
-0.8597316237959673,,
-0.6272590243199372,,
-0.5534788522079769,,
-0.3995545917599967,,
-0.32933603512863985,,
-0.3791274714935768,,
-0.41553499999998234,,
-0.6220392191999404,,
-1.0726888032671726,,
-0.718539396847973,,
-0.6140905662720064,,
-3.287724431417562,,
-0.9545650909439575,,
-0.35453816245680525,,
-0.5358560624639566,,
-0.6410140401600299,,
-0.6281029412435266,,
-0.6927082398879795,,
-0.2272907260151558,,
-0.3720824923199779,,
-0.46345242735993913,,
-0.8569231815199193,,
-0.78175752601593,,
-0.6431215296096027,,
-0.5775383191679362,,
-0.7351339125312311,,
-0.45682561915117226,,
-0.2652806238767822,,
-0.6782856460799251,,
-0.7215907722239605,,
-0.6133973105231911,,
-0.7291229838719974,,
-0.581580851599997,,
-0.45729875807998255,,
-0.5056577016428825,,
-0.4566503681759688,,
-0.36538512514112365,,
-0.6472690403544092,,
-0.6534170120176287,,
-0.2725329712559179,,
-0.38900679696001805,,
-0.5348944825760059,,
-0.5564113353999608,,
-0.4007254903199474,,
-0.47820312798400605,,
-0.2893949492591501,,
-0.27963668912001116,,
-0.3899444958079966,,
-0.3790338543203864,,
-0.38553930492804284,,
-0.4765538367199708,,
-0.3521694192631951,,
-0.5156776782080541,,
-0.5399649124799202,,
-0.6539776798720269,,
-0.2958404158079775,,
-0.5071553166719298,,
-0.8654354261280365,,
-0.5103080191999417,,
-0.6474895119159148,,
-0.4555318993981248,,
-0.2363801322607783,,
-0.5157538435840353,,
-0.6364573521999612,,
-0.35272597103999437,,
-0.8948319815199999,,
-0.5611813292638832,,
-0.5097882777448057,,
-0.43153030735998427,,
-0.4189120325119948,,
-0.2647247919359761,,
-0.23473222545919098,,
-0.4430752689967883,,
-0.46922223923197126,,
-0.20391445199995717,,
-0.17621268312479876,,
4.475436690858413,,
-0.19896810536048937,,
-0.2300279519999221,,
-0.3816786800000024,,
-0.6472571735167932,,
-0.7041250994399525,,
-0.6520249220400194,,
-0.28738917076799675,,
-0.46702541082398696,,
-0.7304212295063858,,
-0.5872180790798844,,
-0.7943066090400491,,
-0.16194827135200768,,
-0.22898332339519242,,
-0.1576769335200039,,
-0.37525204006396234,,
-0.6419653119999823,,
-0.6223911162868074,,
-0.8219857447999497,,
-0.35842949911996,,
-0.6037969589280164,,
-0.6210871519999575,,
-0.6123177341999361,,
-0.959403719807931,,
-0.6387360010239379,,
-0.6506563254399329,,
-1.0481098858207634,,
-0.8759480280095825,,
-2.0888816008368227,,
-0.5244210553440184,,
-0.26133054107756953,,
-0.5050104751439941,,
-0.34331360691197754,,
-0.6309279406463868,,
-0.5925375425999965,,
-1.0072662903199405,,
-0.9960765839599814,,
-0.42033204427435,,
-0.642305335999987,,
-0.6494922532759693,,
-0.8062894251879742,,
-0.3608572704799898,,
-0.05064497481595098,,
-0.5092607452799525,,
-0.2961463313600019,,
-0.46772523839995583,,
-0.38740669703998026,,
-0.6979997951999874,,
-0.4910287944096051,,
-1.3756955326863218,,
-0.6419653119999823,,
-0.6873375807223141,,
-0.48691912851194513,,
-0.5338655699519913,,
-1.003073973686335,,
-0.2561979514420772,,
-0.27455172416000395,,
-0.5511978082399773,,
-0.3533731942399203,,
-0.5624186937599982,,
-0.6633820839095349,,
-0.6275801131999077,,
-0.3444600934719939,,
-0.5058027207199722,,
-0.2202428014367833,,
-0.5761868769279794,,
-0.4750307243999755,,
-0.3713546991358994,,
-0.15336760370915706,,
-0.386473337599953,,
-0.627403035600002,,
-0.6611229442080198,,
-0.5079003867711605,,
-0.2800419105599771,,
-0.2973712342846979,,
-0.34183525199990317,,
-0.6832038409494834,,
-0.5271528081599725,,
-0.4216883999999429,,
-0.7185548570903119,,
-0.5590666654398853,,
-0.8661256579663883,,
-0.3133674675999639,,
-0.48250599587994525,,
-0.1505758150400002,,
-0.19167221555199282,,
-0.6570751625023984,,
-0.19672920839998786,,
-0.998414752339131,,
-0.37906280000001447,,
-0.8472598696239149,,
-0.7472302834878954,,
-0.7256710602239759,,
-0.6493846356799744,,
-0.7021223580799558,,
-0.38295799999999375,,
-0.4013537020000056,,
-0.49300276973918644,,
-0.653937557039925,,
-0.631535661820755,,
-0.2656807999999823,,
-0.716527814863889,,
-0.7100765305414991,,
-0.6243859581599686,,
-0.3504311145680028,,
-0.5279654655199737,,
-0.21758795895998448,,
-0.6918485397359275,,
-0.6563213972992343,,
-0.3203540536311711,,
-0.35258433855995086,,
-0.2861606971391125,,
-0.6491602198399908,,
-0.9674109957343935,,
-0.38465279999997354,,
-0.40378901199998096,,
-0.38464199999996246,,
-0.2929439999999873,,
-1.2001652957711237,,
-0.7171289772959477,,
-0.5271528081599725,,
-0.04915296547201797,,
-0.43602985447996445,,
-0.6969588896255836,,
-0.661324578439932,,
-0.3276071518184304,,
-0.19109110166399185,,
-0.23028067560961984,,
-0.1435939184783152,,
-0.16978770943996027,,
-0.6566036512215432,,
-0.6490106092799497,,
-0.664148953520006,,
-0.7793994291599925,,
-0.7473076543427289,,
0.11574188458802342,,
-0.3640024726463547,,
-0.44950381665598027,,
-0.7171058556639752,,
-0.18843025999998556,,
-1.2365987664159268,,
-0.8915111587839984,,
-0.2668630357439858,,
-0.5374473062927191,,
-0.42857999999994356,,
-1.1644476794399425,,
-0.8753036777599923,,
-1.232129540487956,,
-1.0201722912000382,,
-0.9822728177063789,,
-0.45493554489517685,,
-0.365659089407958,,
-0.7590891454343669,,
-2.9312062829950856,,
-0.5110528751328112,,
-0.6189591673999464,,
-0.3682836335999762,,
-1.262588429805987,,
-0.27665639999999553,,
-0.49489922457600133,,
-0.389890790015997,,
-0.6669366745599721,,
-0.654886223999998,,
-0.7009789608799972,,
-0.5254390871999781,,
-0.3773249675999875,,
-0.5290979834567788,,
-0.7401642431999114,,
-0.8688047070622683,,
-0.48410561267196855,,
-0.44670327129677523,,
-0.7429460822399909,,
-0.4739382020999164,,
-0.6288088172080016,,
-0.6577832284800402,,
-0.32978006294958023,,
-0.36543059327995664,,
-0.1428499898752123,,
-0.495375755155112,,
-0.13059841235030445,,
-0.8910653872799138,,
-1.462767669432747,,
-0.6685279868799474,,
-0.6576659201999604,,
-1.7315191540571273,,
-1.2210922915839755,,
-0.4057046497200007,,
-1.0036255014480129,,
-0.9116915190431489,,
-0.3653326663679638,,
-0.44856340130156747,,
-0.5338959808159804,,
-0.9110724729279207,,
-0.790427843295977,,
-0.7978166846720214,,
-0.655151442720032,,
-0.4602979071591877,,
-0.3590299458784507,,
-0.5746278981967372,,
-0.7151362238592152,,
-0.5014477910159941,,
-1.6512691265615125,,
-0.6718975977999517,,
-0.7876270429999055,,
-0.3635129045231465,,
-0.49149041099202123,,
-0.11142055973759099,,
-0.583181432640007,,
-0.5751480256512562,,
-0.4824277513199093,,
-0.4044247798399022,,
-0.1275629563679453,,
-0.2595513975224124,,
-0.25585995679998386,,
-0.3096268706959523,,
-0.657647558903898,,
-0.7046402357999089,,
-0.365169454847994,,
-0.48233007803198463,,
-0.5095932887519878,,
-0.5275472359999572,,
-0.6402872935599028,,
-0.5119738199999463,,
-0.7351798653864086,,
-1.5425069344127407,,
-0.6572786328640279,,
-0.47447254545594963,,
-0.20146187646718078,,
-0.4793417919999462,,
-0.37977344732151774,,
-0.3232927763199231,,
-0.30878940351989714,,
-0.34242305680001317,,
-0.25234701287275957,,
-0.12294567999886419,,
-0.26702650620787594,,
-0.38904208790393746,,
-0.7777201954800211,,
-1.3529852416079475,,
-0.39766493330391534,,
-0.36501440390396,,
-0.7340809418208245,,
-0.42542380854398504,,
-0.4929703654519549,,
-0.5095932887519878,,
-0.5854080359999567,,
-0.8680390206177742,,
-0.7284817016566816,,
-0.9149424140000025,,
-0.5233990562400044,,
-0.9999523077999477,,
-0.6852607039295471,,
-0.003656752286372078,,
-0.5057776074287834,,
-1.3259724579599113,,
-0.4843136730119859,,
-0.7822297175805926,,
-0.7176492140159482,,
-0.5749862382000193,,
-0.40767534827194557,,
-0.38206398873601494,,
-0.11269579378957997,,
-0.779490467520003,,
-0.5850212666399202,,
-0.3863922620799395,,
-0.3955256305880039,,
-0.44515092273595613,,
-0.41580031763198344,,
-0.046592038795635976,,
-0.41152981511993914,,
-0.6506860775399262,,
-0.7198484892480017,,
-0.360876867401657,,
-0.3663155456399477,,
-0.6753578704111565,,
-0.4424601404959287,,
-0.3400940449439954,,
-0.6499830779199824,,
-0.4867947475567658,,
-0.5867512479199212,,
-0.5243822926079268,,
-0.3406255473391302,,
-0.4635230744144192,,
-0.7143468515423528,,
-0.6502525469400336,,
-0.7093987195999506,,
-0.5271528081599725,,
-0.7532456793919432,,
-0.9552856310110825,,
-0.4643722729055546,,
-0.6640062141759805,,
-0.4351573488240197,,
-0.45185800911997875,,
-0.4857331248000065,,
-0.19704398390064104,,
-0.3115871732159672,,
-0.2096925828799302,,
-0.3582798885599849,,
-0.6016330050559859,,
-0.37272080951993186,,
-0.18652152199292293,,
-0.27667167079196237,,
-0.17078075575680224,,
-0.21471410495353582,,
-0.3410191339807911,,
-0.3585491875680091,,
-0.49162778068800667,,
-0.4555560925192875,,
-0.6800665828319585,,
-0.6658424175839767,,
-0.1669530154431335,,
-0.5262653455199553,,
-0.702186962639987,,
-0.030193406639969,,
-0.4130339399999836,,
-0.7636799020959462,,
0.2864649332571182,,
-0.23297506857501468,,
-0.7267655974800233,,
-0.737495054800013,,
-0.5101331108543713,,
-0.8057309902719121,,
-0.49583013730394376,,
-0.743121483699138,,
-0.7458368104799356,,
-0.6778072418399993,,
-0.444012832659605,,
-0.5032390648383388,,
-0.35758236332635196,,
-0.5324509123199713,,
-0.259546392127976,,
-0.273571319999976,,
-0.4705704343920032,,
-0.4674184759199736,,
-0.9471742762559183,,
-0.5781095831120129,,
-0.37315696017597655,,
-0.7005072440799305,,
-1.257351227801545,,
-0.6986947788799918,,
-0.7333708186979426,,
-1.0285009198078785,,
-1.0398055701598699,,
-0.7205364464399318,,
-0.7000160746079156,,
-1.1536345384446824,,
-0.7307755331999335,,
-0.7232276087199352,,
-0.35879441287679625,,
-0.4607461209599994,,
-1.0313503992479984,,
-1.3367846289503682,,
-0.7033785457606601,,
-0.7008302668799788,,
-0.7033188345311352,,
-0.7327085539531788,,
-0.6767293657599454,,
-0.7276030765919496,,
-0.7296073909599585,,
-0.5101741177488193,,
-0.35323726463519745,,
-0.5091917204079321,,
-0.35120384111998365,,
-0.25627862894398956,,
-0.84770975009763,,
-0.5840266836479322,,
-1.040049527492768,,
-0.6646843228960035,,
-0.6765559535199823,,
-0.11292517019837367,,
-0.6648149247999433,,
-0.21506012202170052,,
-0.757339195463967,,
-0.30127743483596126,,
-0.2040094519840108,,
-0.42448135739510967,,
-0.12785845572000798,,
-0.6024187365119844,,
3.0865913794080533,,
-0.6212892440927851,,
-0.4359771820799285,,
-0.44043194879984826,,
-0.3275147420158722,,
-0.8953893699198973,,
-0.43647856227355186,,
-0.20260396990398882,,
-0.8884097768520043,,
-0.2870350429159005,,
-1.7359536628895804,,
-0.5363158497279918,,
-0.8762116368675061,,
-0.4291335982453681,,
-0.40761023135988766,,
-0.9493062051200066,,
-0.4535328336448394,,
-1.1212791003919738,,
-0.9655985021950675,,
-0.8708653885119032,,
-0.8143811645599747,,
-0.664991737279992,,
-0.6626676052352072,,
-0.5091393893119771,,
-0.6523156425600336,,
-0.9466599386878852,,
-0.5541314121503378,,
-0.5154470471919909,,
-0.9699772070975949,,
-0.4856848412159718,,
-0.4916968089601788,,
-0.6553383809279782,,
-0.7083081861888203,,
-0.5594910421536327,,
-0.724581079289606,,
-0.5384961259199255,,
-0.6866104631999936,,
-0.47749500777595655,,
-0.5770119935999078,,
-1.1393352094407945,,
-2.1005928748559826,,
-0.7432593685438966,,
-0.79806198896,,
-0.8894388254856304,,
-1.2246221760303817,,
-0.4672274884800627,,
-0.7981792944847671,,
-0.6430326037519558,,
-0.8457305296159701,,
-2.1491648812798707,,
-0.36205653448797925,,
-1.2802890203599,,
-1.2697928370767573,,
-0.7694493871999172,,
-1.4814977174639872,,
-1.2236846221655886,,
-0.7443837303999368,,
-0.9135389360240413,,
-0.9539033296000066,,
-0.951874489881539,,
-0.5576494152240448,,
-0.8701418174398984,,
-0.8635358600783591,,
-1.6578882383999531,,
-1.1114755698239702,,
-1.2402768761200158,,
-4.829501367907338,,
-1.8922147801198852,,
-1.3310036083200214,,
-2.0208209907765595,,
-1.8087245206799045,,
-0.8669863543679742,,
-4.131323517600084,,
-1.2630276635999498,,
-1.8161984734560046,,
-1.3218082804079025,,
-0.7943814627840187,,
-0.5014010905199688,,
-0.9280369544160249,,
-1.0358719608383726,,
-0.7155737075199586,,
-0.6470589702527919,,
-0.9783646870399986,,
-0.9180276513198955,,
-0.7381138984799144,,
-0.7078483622399003,,
-0.8751587661525315,,
-0.6978771584399437,,
-0.8533634869195892,,
-0.7591403836719444,,
-0.5465321852639938,,
-0.7063095311999653,,
-0.8196322191999164,,
-0.870832406184028,,
-0.9598266644399905,,
-1.804857334603126,,
-1.4556781794671694,,
-0.20568329717357578,,
-0.7421655732223547,,
-0.7922171937680307,,
-0.894635786303916,,
-0.5232707541519304,,
-0.7653621924959721,,
-0.8939550023440097,,
-0.11507387659586035,,
-0.9200678136046636,,
-0.3228930297600371,,
-0.641306957531179,,
-0.8872178227199656,,
-0.7448859244639257,,
-0.6461541356607352,,
-2.3016093784319036,,
-1.4290056197279735,,
-0.988551709286341,,
-0.8197158369599301,,
-0.573476141680003,,
-0.6573401772080165,,
-0.5166967133399432,,
-0.5401605404159879,,
-1.5996344809199576,,
-0.5048405590079801,,
-1.6130679738574687,,
-2.880979547801144,,
-0.44458951357747306,,
-0.9493792726079529,,
-0.4822797103108188,,
-1.0341445652735757,,
-0.6551862160703716,,
-2.190322350719897,,
-0.6991524524543224,,
-1.8596382534286564,,
-0.7388993539199362,,
-1.1081006194966923,,
-0.8195924940783048,,
-0.6650541656863171,,
-1.1101954115118984,,
-1.0061376424320416,,
-0.3571952119999985,,
-0.4471312159777264,,
-0.8008150291753187,,
-2.4390678133439616,,
-0.8199674547199467,,
-0.8518291852800226,,
-0.8955516608128256,,
-0.786048617999987,,
-0.6330420762399513,,
-0.5945451068879413,,
-0.2858490160240307,,
-0.7319355801159465,,
-0.07026694265994993,,
-0.7023571446519905,,
-0.48416282768797797,,
-1.0182422638079673,,
-0.8194569167998688,,
-0.42480243359996184,,
-0.572204038623959,,
-0.4809247797760061,,
-0.29670864933592805,,
-0.46407658803518104,,
-0.552182357039917,,
-0.5469899350150844,,
-0.6427946985407532,,
-1.3139752922000114,,
-1.2358819724000145,,
-1.2353813759039078,,
-0.6561663300719183,,
-0.6564636314790648,,
-0.9277618869119533,,
-0.8386946159615496,,
-0.6936258383680295,,
-2.7049191894143494,,
-0.834279428735921,,
-1.4379583436511336,,
-1.0308254854399324,,
-0.8211643683839357,,
-1.8355299711597688,,
-1.399978229094395,,
-0.5100319197119292,,
-0.9945034403999589,,
-0.5652502698239376,,
-0.7044780443519904,,
-0.46457546104723046,,
-0.631753723583969,,
-0.5309510462519501,,
-0.6634608132223917,,
-0.6932365108880039,,
0.20567755273598282,,
-0.46254793075195394,,
-0.4680499724895808,,
-0.999620772863964,,
-0.3116862752639586,,
-0.45094739376000675,,
-0.5831564481279725,,
-0.6315331105599605,,
-1.9446575621975932,,
-0.5067472878719781,,
-0.5903986994399267,,
-0.20702712293910008,,
-0.34189005171200687,,
-0.3376701498575865,,
-0.48527047680000146,,
-0.5645320091999918,,
-0.5870447135999854,,
-0.21840658195199014,,
-0.34420271872318703,,
-0.7349004316159755,,
-0.35917231589038107,,
-0.04896095134400963,,
-0.5328182409480309,,
-0.6563872939503039,,
-0.15970913587196098,,
-0.7044780443519904,,
-0.6991632184575198,,
-0.3605974921439755,,
-0.3837251791999685,,
-0.38435950799998825,,
-0.351595570559974,,
-0.41101052219997253,,
-0.7324472417975229,,
-0.4487302943760245,,
-0.4363419974399543,,
-0.5697851467199642,,
-0.6854010132479987,,
-0.33770775651197715,,
-1.0510347366574742,,
-0.2627432938880111,,
-0.7274455372799651,,
-0.4021446792839326,,
-0.7151870315520372,,
-0.5253992460959791,,
-0.7251045411999606,,
-1.2299021779198944,,
-0.33824771462397907,,
-0.3610739337727996,,
-0.6868449976319222,,
-0.7026116526159903,,
0.3128763216984283,,
-1.2105429924599957,,
-0.5319286492543583,,
-0.4036917861599325,,
-0.5914965869999189,,
-0.750507579852767,,
-0.2627432938880111,,
-0.4622150246399553,,
-0.5852108220799437,,
-0.46379012226400007,,
0.040318265736036446,,
-0.28122076895385467,,
-0.2492144685855808,,
-0.20710030527998957,,
-0.32505310454398706,,
-0.2720994735167912,,
-0.26983682699999484,,
-0.44424407001598254,,
-0.2235357385680098,,
-0.2506741005599667,,
-0.38594198822393205,,
-0.3905232211687991,,
-0.4599545450879701,,
-0.43556984596797454,,
-0.011867504399946993,,
-0.17101599360549768,,
-0.07922050751998039,,
-0.3630776271999781,,
-0.6792149411998958,,
-0.4722491401919835,,
-0.4863268065279731,,
-0.40004367638398053,,
-0.337862535436753,,
-0.34194659770318675,,
-0.5280817537279795,,
-0.7311958547038228,,
-0.6405650100959546,,
-0.6850452976799088,,
-0.4997491699200037,,
-0.2734640252815409,,
-0.7026116526159903,,
-0.6774155107775172,,
-0.7270416248928333,,
-0.4967216031935833,,
-0.6665370470399901,,
-0.6491413076399055,,
-0.07305360403195882,,
-0.3589293344000073,,
-0.47993128575997246,,
-0.4005414715199894,,
-0.337862535436753,,
-0.3424858465250936,,
-0.7450066532159615,,
-0.5069186599679655,,
-0.4854060215359346,,
-0.3520124301823653,,
-0.34751132847998134,,
-0.324379835784004,,
-0.33459578885920477,,
-0.48106255495999484,,
-0.5034266165760058,,
-0.4915984315039228,,
-0.2831336175999985,,
-1.0024914391199855,,
-1.05700268215198,,
-0.19730422353598764,,
-0.9383485502744138,,
-0.5712532623359466,,
-0.4544117798616235,,
-0.5464019816639845,,
-0.9304867267800963,,
-0.8109115046399684,,
-0.29699717745599236,,
-0.16143258503999092,,
-0.5543570565791592,,
-0.6730544667166503,,
-0.9060014070814943,,
-0.6163878783599888,,
-1.3087964160239516,,
-0.6518667801599709,,
-0.7437683819999794,,
-0.3674483637560287,,
-0.4236712211765141,,
-1.0917227865599433,,
-0.5207291807999731,,
-0.6383399237279874,,
-0.8641521664000114,,
-0.6792295161599136,,
-0.7652913956158901,,
-0.8403990281951441,,
-0.63271528319995,,
-0.5003976187583832,,
-0.07163352703999148,,
-0.6504389228159959,,
-0.35836612816704494,,
-0.5690001898392091,,
-0.43707807811201094,,
-0.3478918153359699,,
-0.5365613657599069,,
-1.6955199854039904,,
-0.2346832351934067,,
-0.3599209527479787,,
-0.4464206837599946,,
-1.0535155580879418,,
-1.0452353202847684,,
-0.46990022860798364,,
-0.32493434692316525,,
-0.18748869111355826,,
-0.3832702724543866,,
-0.6058694246399985,,
-0.23764486076799632,,
-0.24687270191994812,,
-0.2887671227391675,,
-0.2852343575999619,,
-1.3587064739407881,,
-1.0479593718591642,,
-0.3672379643136002,,
-0.157822288128026,,
-0.3322449932791633,,
-0.21645890431995563,,
-0.2652831449857488,,
-0.9289332040319422,,
-0.48521427657591465,,
-1.1253608453695267,,
-0.3185457189680309,,
-0.6453937059871292,,
-0.32330963679998753,,
-0.40069247486400117,,
-0.4025425050399677,,
-0.35844418815678314,,
-0.3297274612367984,,
-0.5128525666791754,,
-0.4051854570240291,,
-0.3518789367599898,,
-0.47617815841595723,,
-0.49091189415841696,,
-0.516356026087926,,
-0.37509486299998984,,
-0.47238854272001124,,
-0.3356399333759937,,
-0.5856269227048654,,
-0.5463877935871653,,
-0.42453633310316985,,
-0.6149716019999669,,
-0.4617253900799806,,
-0.32114490423835446,,
-0.35056202380800133,,
-0.5300834118479105,,
-0.483067064444751,,
0.723554005176051,,
-0.5128832831999447,,
-0.4228790517599885,,
-0.7132784435127653,,
-0.28747516237437803,,
-0.5313221650513688,,
-1.053936990911958,,
-0.6022635206559739,,
-1.3385618530463566,,
-0.9645141934079602,,
-0.6405309471360118,,
-0.8737380943199624,,
-0.4466548986703703,,
-0.07217577797596303,,
-0.11111280764634202,,
-0.2865114292367758,,
-0.4906399429631487,,
-0.516356026087926,,
-1.1945464376159014,,
-0.27778369287357685,,
-0.5271647090000094,,
-0.7308058732799196,,
-0.5046381657600324,,
-0.5288624113359854,,
-0.6649206903727685,,
-0.3769106535359925,,
-0.44242979264636223,,
-0.5864426962559626,,
-0.25295808647996126,,
-0.31859910273593395,,
-0.48556916505116055,,
-0.5729432975999573,,
-0.662180214833552,,
-0.5190272850175666,,
-0.5139238684184171,,
-0.5955613787199997,,
-0.34329027054400696,,
-0.7620798924287884,,
-0.83897127904801,,
-0.9698892379199717,,
-1.1138196597307037,,
-0.5105104151999771,,
-0.7544220823679688,,
0.008295127584848988,,
-0.9831998967840115,,
-1.115484003839991,,
-0.9850916582688032,,
-0.9211086694399991,,
-1.4184351130320152,,
-1.000604407635132,,
-0.48380969919998695,,
-0.5733810258559778,,
-0.5000097803167431,,
-0.7187109309279736,,
-1.0957733799598746,,
-0.617617784476783,,
-0.7022887473999615,,
-0.662180214833552,,
-1.235713234559995,,
-0.34248917399998574,,
-0.5264007434671919,,
-0.66406043180156,,
-0.5079774947039559,,
-0.34565139719998744,,
-0.34106157736559856,,
-0.6260075838759745,,
-0.6778235439359545,,
-0.514688004353575,,
-1.1454290722559868,,
-0.6884395048943759,,
-0.21078035918879195,,
-0.9062912600640252,,
-0.6405032087999376,,
-0.07805718230402223,,
-0.46294947647999724,,
-0.38943391902556335,,
-0.6697542942144394,,
-0.32385367519999486,,
-0.46008224769597766,,
-0.34209790691997954,,
-0.18459975504001372,,
-0.4359238387199904,,
-0.25551037199999566,,
-0.30149269111440485,,
-0.24450014500559367,,
-0.28133897727993196,,
-0.536071200271918,,
-0.6218398945991492,,
-0.27196546615839384,,
0.7636551589680142,,
-0.4924867257999367,,
-0.3686751170879503,,
-0.6650433529231519,,
-0.7318139740799603,,
-0.31880544191997945,,
-0.49504096853753393,,
-0.44253818222402536,,
-0.290543066692791,,
-0.500623402608001,,
-0.34106157736559856,,
-0.45715220328953826,,
-0.4085633199999726,,
-0.5858485956959552,,
-0.2586101976640005,,
-0.3841519127391839,,
-0.11858293784478022,,
-0.4770008642610548,,
-0.3638256799999989,,
-0.33426127324797905,,
-0.31042413023997334,,
-0.42909894871998966,,
-0.3931772976000151,,
-0.4619760169823601,,
-0.3655143031039829,,
-0.9032093821439151,,
-0.6689481205343228,,
-0.18784023090000648,,
-0.10837340811358981,,
-0.5144454312319509,,
-0.48993698879999314,,
-0.4966562539439419,,
-0.8270879226960031,,
-0.5006067276671282,,
-0.7457497675200561,,
-0.4272810328800034,,
-0.3689306885375734,,
-0.3362878162880187,,
-0.46472869188712185,,
-0.3924847745279888,,
-0.4836003551999499,,
-0.24731473311994023,,
-0.345634395999999,,
-0.3550258588799544,,
-0.3272233884911734,,
-0.7090758174719538,,
-0.6668741101439231,,
-0.4167033325151813,,
-0.342176868633563,,
-0.5144454312319509,,
-1.1914118217119944,,
-0.026349770271953732,,
-0.3513427189119651,,
-0.507480889651954,,
-0.2929744814399887,,
-0.49486623104397837,,
-0.20163931709598226,,
-0.4199543309015827,,
-0.46987597785122837,,
-0.38671584432000883,,
-0.7116658015630781,,
-0.42728116305598685,,
-0.37385476463997425,,
-0.3454482299039868,,
-0.5027595989327226,,
-0.25573628766389833,,
-0.4822091658239255,,
-0.26605332319999647,,
-0.14133707516158464,,
-0.24274984309114245,,
-0.342341603583951,,
-0.32952643904797024,,
-0.7280207403945267,,
-0.504533136268783,,
-0.40094746017599825,,
-0.373672346400002,,
-0.12494022167988833,,
-0.5216564902119929,,
-0.46956643994875946,,
-0.4981546115567428,,
-0.32421365983435213,,
-1.6230656617127717,,
-0.40211193787198496,,
-0.39406918495196563,,
-0.4494063167440182,,
-0.23013300225597258,,
-0.2494354679519764,,
-0.1929460755393183,,
-0.19142774111997066,,
-0.3510484403608118,,
-0.4985440728624181,,
-0.33220570968000873,,
-0.4413355078079615,,
-0.4151786063999916,,
-0.7143586206399827,,
-0.7785825765696115,,
-0.313459901104004,,
-0.46570709405278776,,
-0.283473641599964,,
-0.4203948917999789,,
-0.5222503421280356,,
-0.07133609274879307,,
-2.7690303931414983,,
-0.9757696060799943,,
-0.9318820053311299,,
-1.0330402848191877,,
-0.9078524121599285,,
-0.6246397749599977,,
-0.5928011980799441,,
-0.7156944391999969,,
-1.0856717016050017,,
-0.9448803541887871,,
-0.6030434937999611,,
-0.4454122722719706,,
-0.359405367999964,,
-0.33414641314077287,,
-0.6939369242879281,,
-0.4954792631183248,,
-0.34283803862395773,,
-0.3251879589887458,,
-0.14346118390637652,,
-0.31498387321436006,,
-0.44363367999996955,,
-0.3454983863999587,,
-0.4299808990719788,,
-0.6791494441535685,,
-0.5222503421280356,,
-0.37204406007996,,
-0.33325208201600676,,
-1.044518963846381,,
-0.7418626862399929,,
-0.24762415495994214,,
-0.3365945070399452,,
-0.5051822041600113,,
-0.663267920159995,,
-0.7151870315519451,,
-0.4341423235967661,,
-0.4992367186799858,,
-0.10951606043517807,,
-0.4637886302255233,,
-0.47441941842240537,,
-0.5535339259679943,,
-0.4739335326143591,,
-0.7459465872000043,,
-0.6439697375999924,,
-2.6473237193039045,,
-1.1925764599000397,,
-0.627201900288005,,
-0.6819426518687738,,
-0.9233543751167128,,
-0.6570034189920053,,
-0.6872288270400126,,
-0.38500917520001376,,
-0.6726728231711598,,
-0.7380349161119893,,
-0.3540028657984027,,
-0.4573985535360007,,
-0.4844713130399581,,
-0.18267698836794133,,
-0.464035003639064,,
-0.3758553565680025,,
-0.5139393887999759,,
-0.5460208879199788,,
-0.7770044230559998,,
-0.6853416793151998,,
-0.4821150866880285,,
-0.3426277001759386,,
-0.4655386452095797,,
-0.276032818900812,,
-0.6815154567310873,,
-0.49897629263996396,,
-0.6590626996799345,,
-0.7054044917759571,,
-0.480753133119993,,
-0.47524636788479313,,
-0.4637886302255233,,
-0.3606762417023845,,
-0.37184684615995733,,
-0.2542603003200009,,
-0.3295567011840027,,
-0.10258074043593945,,
-0.48755225302398897,,
-0.6613009880732593,,
-0.7590523841279773,,
-0.37318520404799294,,
-0.35401524092479963,,
-0.6151317867360051,,
-0.6020828193600227,,
-0.8139838576351339,,
-1.128807439200033,,
-0.6395525060639894,,
-1.124188357336805,,
-1.4458560782399157,,
-0.3315647469183701,,
-0.5242484823264072,,
-0.5328574588127741,,
-0.2053021476000193,,
-0.6621369157599674,,
-0.5039736440991103,,
-0.45684679540988726,,
-0.46600755609598055,,
-0.531793251697515,,
-0.3792843554111094,,
-0.8853230513279811,,
-0.37191831511998524,,
-0.49791564159998575,,
-0.34208808168959537,,
-2.6861080957247148,,
-0.2462968981960194,,
-0.8584104513599005,,
-0.3936173721423917,,
-0.3315647469183701,,
-1.0462732461152018,,
-0.7338389125535014,,
-0.8030787411840061,,
-0.7295150656000546,,
-1.079128936367966,,
-0.6515521182719595,,
-1.0849901529599384,,
-1.3635906214442475,,
-0.9794644816318527,,
-0.8437159647359357,,
-0.1531141039023535,,
-0.25330420503997814,,
-0.46013605071996766,,
-0.5304005459999771,,
-0.1723002798000029,,
-0.5067353368800116,,
-0.4565217538511349,,
-0.41226438385434766,,
-0.32320421392002074,,
-0.34556620415995626,,
-0.0742376668192058,,
-0.33292361883196997,,
-0.47565940118395333,,
-0.16913483534635132,,
-0.2830354473599786,,
-0.3690892077263837,,
-0.4558666811663019,,
-0.12231271599998161,,
-0.2842473600799547,,
-0.461529659135973,,
-0.46270465919999393,,
-0.5239011413999665,,
-0.43164145127999687,,
-0.2378497556880039,,
-0.34551172086076426,,
-0.37534949172795884,,
-0.47345742100800525,,
-0.7328220748799412,,
-0.18144148633913076,,
-0.12033250779353247,,
-0.4771128989039738,,
-0.5009819826119454,,
-1.635533569199993,,
0.47996847044655067,,
-1.1833131152447063,,
-0.44154054322075187,,
-0.6724659115295374,,
-0.3999435595199913,,
-0.6091629263999425,,
0.1848558017600166,,
-0.9499619662344889,,
-0.6038138531647158,,
-0.7298384516719834,,
-0.5072224926455171,,
-0.7319908541375566,,
-0.4996372954239763,,
-0.21475015637033032,,
-0.36451927511998883,,
-0.386963527103951,,
-0.3258347830399304,,
-0.06400118259016246,,
-0.1868683268135774,,
-0.2388734384799739,,
-0.22761856672799063,,
-0.2970766516607524,,
-0.7136160155487831,,
-0.384449159687995,,
-0.07897413047994789,,
-0.20436719184000535,,
-0.4008707873999501,,
-0.9753222953375204,,
-0.4685626090098135,,
-1.1049888471336164,,
-0.2753882007359899,,
0.16871533208327172,,
-0.31565687025599165,,
-0.6572577559103414,,
5.5343310911919845,,
-1.8940796663999528,,
-0.7154299430399229,,
-0.4729013334047547,,
-0.25690870547996836,,
-0.33869140206718046,,
-1.0664575767456022,,
-0.9300472581456065,,
-0.6483026476415629,,
-0.8401832168399652,,
-0.3929047648239764,,
-0.30895905004797575,,
-0.9557468083199109,,
-2.2405595928799547,,
-0.4729013334047547,,
-0.6465768432191377,,
-2.8935184831727563,,
-1.0709490705724596,,
-0.2650095259239823,,
-0.23602265667677763,,
-0.29521521276697016,,
-1.0203319725982336,,
-0.7149780954604645,,
-0.6801152299199604,,
-0.37699976959992365,,
0.028522644422415533,,
-0.19187762286957794,,
-0.2418621091199351,,
-0.22277743603197542,,
-0.1789846965024402,,
-0.12369444251997466,,
-0.30427935897593333,,
-0.2804141119999621,,
-0.7149674287938741,,
3.9558214827198888,,
-0.1103047671023453,,
-0.34400083307024737,,
-0.47434018127515454,,
-0.6496811216159983,,
-1.0600335627999649,,
-1.026920705659108,,
-0.24731162623995384,,
-0.32320539288798156,,
-0.3000976761887489,,
-0.4644154769039969,,
-0.4259584005599743,,
-0.34408457449279983,,
-0.5086266720719446,,
-0.1964934295679889,,
-0.6652025135999359,,
-0.218175726215857,,
-0.8734925513495262,,
-1.2401543246400013,,
-0.25460433905599145,,
-0.2229924372479945,,
-0.34988743799993693,,
-0.41805344839995656,,
-2.421136148479959,,
-0.9568313993878164,,
-0.05588681033028958,,
-0.38368240431820333,,
-0.2687253796416053,,
-0.5402166473599079,,
-0.3313715217119695,,
-0.4787046336767083,,
-1.859083775999973,,
-0.3436660700928452,,
-0.945180808572013,,
-0.44105669955356785,,
1.4170423988000198,,
-0.5435120836799314,,
-0.31291382256000955,,
-0.6276975868799571,,
-0.44556201588957783,,
-0.27165755747754744,,
-0.5407341263279201,,
-1.2924615670270498,,
-0.7507191333599263,,
-0.25413992710397093,,
-0.8210135536559373,,
-2.9849644361599803,,
-0.3713225930720031,,
-0.36764074927997586,,
-0.2584937062656225,,
-0.334175587199961,,
-1.238369126702357,,
-0.40985808008073116,,
-0.5484962558399833,,
-0.9508298767679481,,
-0.4221556366720045,,
-1.064405082787112,,
-0.09582082291196958,,
-1.1057543089039386,,
-0.6713810942615464,,
-0.31438701215995624,,
-0.45122861160001476,,
-0.8890779885598239,,
-0.46981076155198737,,
-0.09874423637761426,,
-0.49591358639999517,,
-0.1492929971071321,,
-0.4483592418400019,,
-0.36940207359996774,,
-2.014666000780695,,
-1.0070367571407761,,
0.7397812617888544,,
-0.9711406261319454,,
-0.7880962871039352,,
-0.3315984886992369,,
-0.4502624987999803,,
-1.1250526862743775,,
-0.5184496150511617,,
-0.7368656014719681,,
-0.5112751375031153,,
-0.8142735308398545,,
-0.6259502121599494,,
-0.7290502286398911,,
-0.6745265819136392,,
-0.6551445479039093,,
-0.46979417471993,,
0.10141083456005145,,
-0.9206398006271854,,
-0.5050112928479853,,
-1.4205954033407788,,
-0.6080684169599427,,
-3.132105155982448,,
-0.5299701407999717,,
-0.34286695878961587,,
-0.5583226967615966,,
-0.3228734695031692,,
-0.40689458761597486,,
-1.3512978649726237,,
-1.3005766511999304,,
-0.42453635151998736,,
-0.6139418006399806,,
-0.3796014335039559,,
-0.4999445494560055,,
-0.33022659839994095,,
2.3626664120160346,,
-0.15224501510397753,,
-0.3848130998399829,,
-0.3901021263999457,,
-0.5428631382743916,,
-0.6846439892320868,,
-1.1149696115207146,,
-0.7792534189440817,,
-0.6951685499039929,,
-0.06451719687598367,,
-0.7032354403199902,,
-0.5705890646399829,,
-0.9599167783519753,,
-0.8512804531679901,,
-0.8880213467999233,,
-4.648831220203206,,
-0.922177851955171,,
-0.8549460338399282,,
-0.28266822144000564,,
-1.7206181615998908,,
-0.3317679892591604,,
-0.46626695150396946,,
-3.346877016251948,,
-0.13404206995196988,,
-0.4855899745199952,,
-1.2790025125127769,,
-0.29434159551997063,,
-1.1243992618767495,,
-0.7558661692799352,,
-0.2935343381880455,,
-0.583507102007975,,
-0.13284003311036502,,
-0.3927740572799613,,
-0.35724702115199714,,
-1.2900537789567261,,
-0.7015402270079419,,
-0.48663041817596797,,
-0.22175528411997758,,
1.654709943539903,,
-0.471603225887985,,
-2.9949446340799466,,
-0.359521684642332,,
-0.7700800773599366,,
-1.8327761052119387,,
-0.30887914380959447,,
-0.39260123999997476,,
-0.31770354879998364,,
-1.7405399937199348,,
0.13734224121593558,,
-0.27721835807999073,,
-2.8947333272591287,,
-0.5891436665999775,,
-0.2206634408159563,,
-1.5560292426623774,,
-0.31017729168000047,,
-0.6508028980799585,,
0.05808687193599901,,
0.3266223981456088,,
-0.19890958478157325,,
1.9753981780097314,,
-0.1653584369471627,,
-2.0974718176079246,,
-0.4529113470839834,,
-0.1756289720319814,,
-0.3499404477479243,,
-0.2381860166399961,,
-0.8889056012927279,,
-1.3799999530799418,,
-1.3793042816111174,,
-0.4536904365071726,,
-0.3264788203199545,,
-0.31624576266233584,,
-0.31090210406400187,,
-0.4533996714335651,,
-0.13327739546396516,,
-1.5973006173695643,,
-0.6688790572175651,,
-0.9993568131118324,,
-0.3229884337499827,,
-0.23353371647998533,,
-0.3432475568983458,,
-0.16366871663999716,,
-0.5294712630238865,,
0.0752892460991805,,
-3.2195479952782873,,
-4.331853095500736,,
-1.0901013022174788,,
-0.276188169062366,,
-0.7327544565599652,,
-0.9955211141119258,,
-0.352430528750395,,
-1.1043596640383226,,
-0.1323433792799924,,
-0.7978540974624,,
-0.4065229360799856,,
-1.1789409275039444,,
-0.753805106061815,,
-2.2775666216423307,,
-0.8217552148079263,,
-0.6913785709440015,,
-0.4511630460286756,,
-0.33044602187521355,,
-0.30108854451202754,,
-0.34424624102395796,,
-0.686159521144806,,
-0.10859995161596381,,
-1.270779469344054,,
-1.2429897265438847,,
-0.4018086075647853,,
-0.9052410110495644,,
-0.20554632789920285,,
-0.48440467027683876,,
-0.3789638515743583,,
-0.6549819321935892,,
18.883969783670434,,
-0.24936054975995103,,
-0.6062314476799349,,
-0.35483837518244854,,
-0.39173715359991446,,
-0.047089183666319756,,
-0.38910493124801304,,
-0.6385760035199484,,
-0.5523684064447657,,
-0.49559108614395697,,
-0.4983064336607589,,
-0.27413494234873187,,
-0.6727648498030161,,
-0.4630602959999925,,
-0.6545425677119188,,
-0.6380671526400117,,
-0.9321947392030823,,
-0.4777053657599591,,
-0.7917074954207521,,
-0.4219098921695613,,
-0.5973656147071988,,
-0.40487339289593066,,
-0.6400747785599599,,
-0.4978081438367979,,
-0.05291862224874716,,
-1.2449195195040148,,
-0.33876531122398656,,
-0.6817994051231591,,
-0.4986930643199592,,
-0.4717623715199457,,
-0.5983727697920317,,
-0.07828259913600874,,
-1.0087250344856926,,
-1.346291826431938,,
-0.6975758949119595,,
-0.410368052102374,,
1.3248184206877218,,
-0.42908806159998436,,
-0.3689600423999813,,
-0.9556219526398988,,
-1.2622632970462173,,
-0.08923681871997449,,
-0.198857755713569,,
-0.4268503037031007,,
-0.685519795631998,,
-0.5053169729408031,,
-0.23722293857759072,,
-1.3641805767742776,,
-0.4514153628671764,,
-1.0664451678318039,,
-0.6072043305600102,,
-0.4924298715840261,,
-0.4932392389919385,,
-0.5113552227887174,,
-0.23781595902765357,,
-0.2512060776000189,,
-0.3692097795551804,,
-0.5026752197279535,,
-0.8890910271999586,,
-0.04226268600798269,,
-1.9500749622862865,,
-0.30094367166719294,,
-0.3190890787200252,,
-4.1765575321280135,,
-0.35694841540656175,,
-0.5117153314560283,,
-0.3761448010320656,,
-0.92378176557117,,
-1.4924898670798867,,
-0.40358201071198263,,
-0.5577124911310809,,
-0.7506033405501217,,
-0.2464146027840053,,
-0.43338302645119675,,
-0.49471826687997394,,
-0.9197064894526932,,
-1.454417148263885,,
-0.6505240712039416,,
-0.9705566377102883,,
-0.6356817214103695,,
-0.4765864773239701,,
-0.38931552213599224,,
-0.2795307026759586,,
-0.46191505973756797,,
-0.38904805199997583,,
-0.571110716159909,,
-0.41853355891202165,,
-0.35757095422400714,,
-0.6247194624239484,,
-0.2627142815526658,,
-0.3366492730304183,,
-0.34105383109197673,,
-0.49577839857827966,,
-0.9386021388287331,,
-0.410490608378279,,
-0.7681728095999645,,
-0.3849490190079885,,
-0.7003134303999448,,
-0.3591015381599476,,
0.26252539353606164,,
-0.9556075511998572,,
-0.29845119652794216,,
0.3014941412736577,,
-0.4836385767839426,,
-0.6570000512007154,,
-0.3639453684479749,,
-0.5163764897511416,,
-1.459680013399534,,
-0.9728748777600296,,
-0.991749499084659,,
-1.1766743531279251,,
-0.18633400719351384,,
-0.48895883896313697,,
-0.2660139402958649,,
-0.6764777480000426,,
-0.6830578989599072,,
-0.10578717327348253,,
-0.13248681911991272,,
-0.20747007652797556,,
-0.929061376847909,,
-0.5134747023359895,,
-0.861809803911322,,
-1.2231075593259577,,
-0.894236938152018,,
-0.8933796186000009,,
-0.8380043747904418,,
-1.7602183539863612,,
-1.4852025086663716,,
-1.998345768479966,,
-0.5925462521471848,,
-1.1823582252800762,,
-0.677938773600063,,
-0.7176323895840508,,
-0.9293543021376013,,
-0.6404369041199218,,
-0.5195638125039393,,
-0.6538407280080257,,
-0.6996812060399591,,
-0.6640864020000257,,
-1.2473651720448862,,
-1.1020000060799247,,
-0.672654018055991,,
-1.1444005271999556,,
-1.5366973991199577,,
1.6052499908495421,,
-0.34436814662400206,,
-1.2850500878879534,,
-1.0677114704159216,,
-1.2203357687807952,,
-0.34365417139203713,,
-1.1872676025599664,,
-0.6248417844023798,,
-1.1744530540679676,,
-1.2498404915518937,,
-1.5036000171839505,,
-1.648379547115163,,
-1.1723590073520544,,
-2.0377284091999996,,
-0.870110182656006,,
-1.007874031679958,,
-0.9625495699679566,,
-0.611465714496001,,
-0.7434023327999004,,
-0.6821014389383911,,
-0.6409421797839617,,
0.3840182001040662,,
-0.6851178809375948,,
-0.7337476074240206,,
-0.5202819431920045,,
-0.7861870413600247,,
-0.7319191045919522,,
-0.8842856396879117,,
-1.2141491237831907,,
-0.3227824927966717,,
-0.3694840763120043,,
-0.7431239049600046,,
-0.6629372375998037,,
-0.6255365578727756,,
-1.96488629889457,,
-0.889832971387029,,
-1.2156759878400067,,
-1.0287891660964514,,
-0.5631226142719488,,
-0.7623507388559696,,
-1.217989489170157,,
-0.9566026907040326,,
-0.5192078855039799,,
-0.6128019223199125,,
-0.6258525261599539,,
-0.8981582917199505,,
-0.5667402905999586,,
-1.2896163087359866,,
-0.34910356679996396,,
-1.903733847247199,,
-1.0142733116279703,,
-1.1647989702639865,,
-0.670337114022298,,
-0.8913690590399989,,
-1.395684870359978,,
0.11705254257200487,,
1.7662508070313048,,
-0.733658510515267,,
-0.5167643752703386,,
-0.6975960655679766,,
-1.3082319409599152,,
-0.5920440386399022,,
-0.6702397217470539,,
-0.5153411289600073,,
-0.6559352660447206,,
-1.0947458870400038,,
-1.6842929355359082,,
-1.4840602599052284,,
-0.9295990306079605,,
-0.5670364802159834,,
-0.6104245793600237,,
-0.366680593907133,,
-0.6390718193433622,,
-0.6843483478559602,,
-0.9581470051199857,,
-0.3066203780991734,,
-0.8935150672000287,,
-0.4473057367200028,,
-0.6469384350192364,,
-0.3582292406879754,,
-0.6771290299695265,,
-1.3185606020255984,,
-0.7514330557919523,,
-0.48903654038401484,,
-0.5693675049599968,,
-0.27498066805433524,,
-0.221365282463967,,
-0.544169935871952,,
-0.7126984814399868,,
-1.0325299626720104,,
-0.8806399452000055,,
-0.09139939719115281,,
-0.5155028150159779,,
-0.48320791595999424,,
-1.2492363511439069,,
-0.427715556479918,,
-0.49036789210877874,,
-0.566444100983831,,
-0.5754534477119809,,
-0.5504618254847438,,
-0.9467737079040062,,
-2.005173771713204,,
-0.9898013702399937,,
-0.6524348905841277,,
-0.7432631188799524,,
-0.8413860671999729,,
-1.1828044837799476,,
-0.5370088187519895,,
-0.3002638607487621,,
-0.3063610286927798,,
-0.16582163174397566,,
-0.3833094287519945,,
-0.47695106339194815,,
-0.3331692476028947,,
-0.6370494508799971,,
-0.9053897299198828,,
-1.6430707610639999,,
-0.20982094944000756,,
-0.43482262128002036,,
-0.5151452693760089,,
-0.7326891015839213,,
-1.0505880167999375,,
-0.5230863204095957,,
-0.03545317070148146,,
-0.3351446496959726,,
-0.6603300762447252,,
-0.4040206753439525,,
-0.32714515447199644,,
-0.8266361973734284,,
-1.0200003450354962,,
-0.7002488258399135,,
-0.7432631188799524,,
-0.19192131851037847,,
-0.9050325742079767,,
-1.2597899663999026,,
-0.514718986751974,,
-0.6796809613438488,,
-0.13365397271994678,,
-0.3191488479359401,,
-0.505440138960022,,
-0.3722110283639677,,
1.5525656762098077,,
-1.1063758695838983,,
-0.40761747740155657,,
2.62273783235046,,
-0.5001766697799717,,
-1.020163086108022,,
-0.9872475148799773,,
-0.4562034817103632,,
-0.6774944197599133,,
-0.6468218747920476,,
-0.016630365175189427,,
-0.40382432954876984,,
-0.07516032940797851,,
-1.1105183016639995,,
-2.630472633575866,,
-1.6710103387008282,,
-0.8849733349256075,,
-2.336726059200062,,
-0.37138381183675795,,
-0.6789680837759836,,
-0.4959753275520198,,
-1.2771052977599622,,
-1.5016331043839015,,
-0.6721430383039806,,
-1.0906367049599581,,
-0.3964453724400116,,
-0.6534472703760217,,
-0.3164168885760129,,
-1.4175271613892975,,
0.2887340185599978,,
-0.0985040407439452,,
-1.1379163139999346,,
-1.0258910891998834,,
0.06470347287045153,,
-0.512246940592009,,
-1.6425084695711571,,
-2.7635849585024417,,
-1.4355353268359416,,
-2.0726989115998977,,
-0.6666117171839416,,
-3.6039225962855848,,
-0.5766426372719404,,
-1.5627260278614359,,
-3.3192710724111523,,
-0.8999752511808075,,
-0.7009594759999332,,
-0.5954844343679924,,
-0.730173458044769,,
-1.29110162764804,,
-0.6293945813791857,,
-1.0041065397599787,,
-0.7189800197016455,,
0.005520609920047048,,
-2.557065272639964,,
-0.5928055259135864,,
-0.9129125621280024,,
-0.8895196327198303,,
-0.7673165978831467,,
-1.3853616446951738,,
-2.2957006925551737,,
-0.609386080319954,,
-1.9351114031760086,,
-0.9731341036799612,,
-0.7605967079039515,,
-2.857930741156516,,
-1.8947438801279615,,
-0.46817253806395925,,
-0.17923650427663934,,
-0.8428462016758915,,
-0.7434023327999004,,
-0.7017659351999487,,
-1.015976825054284,,
-0.3141108606944011,,
-0.47744831974394264,,
-0.8170401522399697,,
-0.777164703360012,,
-1.522872602956736,,
-0.5757385962239212,,
-0.37933750943999234,,
-0.7006867016639695,,
-1.2012024015935376,,
-1.3944532021560105,,
-0.29094298062717433,,
-0.4195537936127656,,
-0.09324582602393394,,
-0.7640130376971653,,
-0.6990357755520107,,
-0.8633663833920011,,
-0.3808369044479153,,
-0.4876848907199162,,
-0.031545383327916676,,
-0.7046987200799055,,
-0.36526859876159373,,
-0.6563153119199437,,
-0.5690890771199155,,
-0.7800435663966604,,
-0.31684933895753853,,
-0.5635338180959848,,
-0.9554107315199182,,
-1.9571001730359803,,
-1.68395642188788,,
-0.9352000183679957,,
-0.49279324695039645,,
-0.9291229261600045,,
-0.4454050169279959,,
-0.6857921287437954,,
-0.48081286039675153,,
-0.4355848063583558,,
-0.08372406329983967,,
-0.5843649341039626,,
-0.11028047767189264,,
-1.2491337505041,,
-1.0318090007518355,,
-4.384071591525484,,
-2.2978217903040328,,
-0.742845477119985,,
-0.31510618055994755,,
-0.39120095545724987,,
-0.761846942880005,,
-0.7303313458319256,,
-1.2618061679999548,,
-0.5491808289359725,,
-0.16829004422860544,,
-0.556876273478311,,
-1.8074128976638093,,
-0.678980323243127,,
-1.2355209404159826,,
-0.12424311955998851,,
-0.742845477119985,,
-2.968690148351889,,
-0.11691439248318233,,
-1.7314513389599018,,
-1.2423429685919318,,
-0.4296185196959641,,
-0.3543954633408021,,
-2.0792241706048333,,
-0.9772600945966698,,
-0.5161240003439912,,
-1.3583780913600731,,
-1.5352356351000171,,
-1.399090989600054,,
0.5717139795069162,,
-1.1732556144719504,,
-1.5859961187839384,,
-1.1505539068798423,,
-2.2260893147998586,,
-0.9823105998000018,,
-0.7203178865999819,,
-3.652244387366205,,
-1.0445938459703348,,
0.020993625292828832,,
-1.3609161652318844,,
-1.0397390039999843,,
-1.6552394514431195,,
-0.6705370548576025,,
-0.9590826544398658,,
-2.3347301594399466,,
-0.3601194183999718,,
-0.9909175286399361,,
-0.08113332844794552,,
-0.6563046481392257,,
-1.2466029429599588,,
-0.4468640486400779,,
-0.2818388505599835,,
-0.7376606751359174,,
-0.6843179322455781,,
-0.24988402972799095,,
-0.19975216257596998,,
-0.5618004568799777,,
-0.35169972648795644,,
-0.3428262505103763,,
-0.45320730720000146,,
-0.7978182174719695,,
-0.8704515609599903,,
-0.43712717685843067,,
-0.06797804584317368,,
-0.3740034881391989,,
-1.669632470865614,,
-0.5250209435951793,,
-0.6116599579679765,,
-0.4749020001279558,,
-0.5900162083200096,,
-0.740660396880034,,
-0.61006093798394,,
-0.9915578658720312,,
-0.6197858987792231,,
-0.20797165559997377,,
-0.555833901470329,,
-0.33211810517751444,,
-0.5887256227775977,,
-3.023335778567974,,
-1.7121137561455906,,
-0.21956669531997772,,
-0.33191206857596867,,
-0.6742346419199846,,
-1.239930934847945,,
-0.08966634346793652,,
1.7030496574368708,,
-0.4798265058528173,,
-0.2137800135839738,,
-0.3438186678400017,,
-0.4087147646735607,,
-1.5087421092959301,,
-1.0336993812791773,,
-0.6609612326903009,,
-2.1286343154911234,,
-1.0213077845664054,,
-0.4420193997360193,,
-0.6308747740943965,,
-0.3726336398399679,,
-0.023446741315204023,,
-0.3323425689023118,,
-0.5022976306080003,,
-1.4103244471679444,,
-0.09096733409918625,,
-1.7469383327014456,,
-0.24394169684635675,,
-0.5726954497535965,,
-0.2991349442878971,,
-0.6071058604295203,,
-0.20654527121603,,
-0.6531656335199465,,
-1.0045732067423725,,
-0.14853635495999407,,
-1.3524465751342842,,
-0.5064951884544083,,
-0.283741956399976,,
-0.4588597103399431,,
-0.8377508249567382,,
-0.15450877679996777,,
-0.43118234160077584,,
-0.7909126871038454,,
-1.021060511883089,,
-0.5249087433479895,,
-1.356004738915207,,
-0.9671542283808101,,
-5.6132987996447214,,
-0.46470489784314867,,
-0.6696386382575555,,
-0.6332415214103425,,
-1.0526559966719795,,
-3.5598895133119584,,
-1.3970091953399657,,
-0.5087026411776027,,
-0.7087158959999533,,
-0.6160640618879356,,
-0.018812232119828076,,
-0.7278754202639328,,
-0.5990947162111316,,
-0.2911068273151855,,
-1.1678076894527771,,
-0.6602508422399398,,
-0.7122160036992156,,
-0.9278561651038829,,
-2.2179624979319392,,
-0.08333781668954379,,
-0.04222070269907824,,
-0.6567309484288174,,
-2.501375966399998,,
-3.8738994963358726,,
-0.8237165111999982,,
-0.7844628899999354,,
-0.5109579345840002,,
-0.9892094371775775,,
-0.4644293502912165,,
-0.7760083588222695,,
-0.7287582285360015,,
-1.342901515821597,,
-0.23509854734382496,,
-0.516351918028779,,
-0.1500947295119047,,
-0.5276402699999541,,
0.36861222240005287,,
-0.13991632327917125,,
-6.099148882752013,,
-0.43330280166713564,,
-0.49951813507197107,,
-4.449204930979088,,
-0.36519106348798647,,
-0.556581814876753,,
-1.200619557107192,,
-1.129216288415983,,
-0.91864507926392,,
-1.9390654732607864,,
-1.0706297840640067,,
-0.7296410368080014,,
-0.14183004512159425,,
-0.8578838442959934,,
-1.4229077301071795,,
-0.8195951166720126,,
-0.4313216430240092,,
-0.832987102464045,,
-0.5937685457600131,,
-1.6032003038478642,,
-0.13055706991199595,,
-0.5860083812736412,,
-0.30713192726401645,,
-0.8521976636159534,,
-0.6909653985279756,,
-2.377782403919946,,
-0.3280208561279121,,
-0.8342009484479942,,
-0.6460312304159658,,
-0.6787339459439674,,
-0.07553588114395995,,
-0.488661153119918,,
-0.36586343151353723,,
-0.6007463642880072,,
-1.5499062581815857,,
-1.9305918753279703,,
-0.39190457087991426,,
-0.45988716708480243,,
-0.23498087659195044,,
0.7418419792606107,,
-0.015936612192012145,,
-0.1983787342847756,,
-0.20985066211197778,,
-0.04985747308798655,,
-0.28863182879999966,,
-0.6350875307711865,,
-1.9564789847518869,,
-0.18361081200001123,,
-0.3453040264319979,,
-0.870634428408002,,
-0.7235317059358899,,
-0.5964359815583462,,
-0.45407615507518284,,
-0.29502292582404366,,
-0.15609235186158843,,
-0.3670212457200131,,
-1.0232119524960064,,
-0.6723116741087212,,
-0.708098815274287,,
-1.2932923983359168,,
-2.2827013687727575,,
-0.5664608872079503,,
-0.6463775010671514,,
-0.6558132281183231,,
-0.48418272808560014,,
-0.34261609139997495,,
-1.1978642769599022,,
-0.6499557499679927,,
-0.48401397014391206,,
-0.4876169168159472,,
-0.5827541202863706,,
-0.8130658558967547,,
-0.6000013328399817,,
0.00508689107764565,,
-0.45386358982076824,,
-0.19328197994635415,,
-0.5063800629096153,,
-0.4610444838383414,,
-0.7115075290799903,,
-0.33750233884802083,,
-0.5659237134959674,,
-0.9453467464895478,,
1.1162539536824714,,
-0.475613548197543,,
-1.455645494879982,,
-0.3756680309504148,,
-0.33340843411197196,,
-1.61001754833598,,
-0.1536591373199718,,
-0.22588935396952187,,
-0.47862196955757,,
-0.46863567488156727,,
-1.1279614224837389,,
6.201185631209206,,
-0.4716259418783296,,
-0.6294424928399988,,
-0.18830896800480018,,
-0.9518193284158732,,
-0.514460868321568,,
-2.0656992470399786,,
-0.6913632570119369,,
-1.1141408781118873,,
-0.03569411339992895,,
-0.4694498842943672,,
-0.027487676397549288,,
-0.2867434412479032,,
-0.334063719304016,,
-0.9222251976543734,,
-0.46349322452156894,,
-0.971806555499982,,
-0.4902195450527749,,
-0.5615600028480117,,
-0.34070864827996516,,
-0.2873793751487576,,
-0.6804894287519841,,
-0.5737652930951967,,
-0.41594081309756414,,
-1.1559672048575185,,
-0.473044859399991,,
-0.25505953017116784,,
-0.4740700582656359,,
-0.935920782719914,,
-0.4681552428431771,,
-0.9126358173599738,,
1.3649918967568797,,
-0.5604036958727603,,
-2.498019531976813,,
-0.6832983422231506,,
-1.3504237030319908,,
-1.7941973131487654,,
-0.6501707085214701,,
-0.4338214816296016,,
-0.3525838341600054,,
-0.5229187953095463,,
-0.1060161711839267,,
-0.6686952099231607,,
-0.6801332331359544,,
-0.2531082461039985,,
-0.49543603467994735,,
-0.27807447174004557,,
-0.3092513277599528,,
0.2752922657703535,,
-2.3226310336319695,,
-0.12258838015181028,,
-0.4565981884799661,,
-1.1264258658670283,,
-0.7101703255679683,,
-0.3275816677535778,,
-0.7191366038063499,,
-0.49000419551999674,,
0.047171565304870544,,
-0.5238768451079674,,
-0.33419809678879464,,
-0.7944902319119562,,
-0.8621221619999395,,
-0.3061868514216212,,
-0.4866966647999825,,
-0.04334576767195619,,
-0.41922771695436667,,
-0.6171481124423531,,
-0.5408402712000252,,
-0.2219418630000055,,
-0.321951739132695,,
-0.777933694487956,,
-0.6294915052703829,,
0.9735408034960756,,
-0.32453462591999854,,
-0.02739592506944788,,
-0.677882141006302,,
-0.4078868190479416,,
-0.4727128665599819,,
-0.547895403408065,,
-0.19109913856002336,,
-0.3639539802959897,,
-0.790881898852787,,
-0.19066393370873713,,
-1.6375038239999422,,
-0.6638625991008278,,
-0.7035516649823697,,
-1.380586913279926,,
-0.8228443247999646,,
-2.1855891206399836,,
-0.3544423997279738,,
-1.363764750873534,,
-0.7977197279999656,,
-0.6765071265215021,,
-1.1818707142319989,,
-0.31213829537273763,,
-0.6443788223999276,,
-0.42737240671994303,,
-0.2521104861312311,,
-1.0797636772223576,,
-0.609093139151994,,
-0.9391827088799907,,
-0.6957158004719534,,
-0.0753952857359644,,
-0.6346361576447536,,
-1.7128637351759397,,
-0.5014048265039839,,
-1.0507392528479111,,
-1.0374797375999405,,
-2.747846430335947,,
-1.308832199558374,,
-1.264898232935876,,
-0.7864401186240184,,
-1.3798634208480176,,
-0.7797238313183452,,
-1.9397621494431936,,
-1.1169460425599445,,
-0.756436873919968,,
-0.7579940870087347,,
-1.137349484843977,,
1.0944486362952168,,
-0.8328698593679809,,
-0.39710379047999256,,
-0.913411331999942,,
-0.6054037157199349,,
-0.2258583155848594,,
-0.12910957259998412,,
-0.4989810931199793,,
-1.172566259699984,,
-0.48438446085113906,,
-0.22222040498235546,,
-0.7541466167039109,,
-0.9403195823999941,,
-0.30135001343997975,,
-0.34526730608954836,,
-0.4808828614079688,,
-0.8794943067631793,,
-1.9180143682559556,,
-0.59026008674872,,
-0.4989810931199793,,
-1.6030782231359666,,
-4.672617638639936,,
-0.6664256967600186,,
-0.37336590347518384,,
-1.0182750030639536,,
-0.6947874839360249,,
-0.8611650461215875,,
-0.3614417993279692,,
-0.942623533248022,,
-0.494486883744011,,
-0.5400052940799646,,
-1.932012150017525,,
-1.053880655198427,,
-1.0195315007999484,,
-0.3993612237600079,,
-0.688743343655984,,
-0.47059900562634654,,
-0.9150870835583185,,
-0.3553267576622494,,
-0.6629722401455956,,
-1.5841773721520118,,
-0.9422001480862597,,
-0.6792334458623079,,
-0.4387482614399374,,
-0.5043192268799388,,
-0.46067423067195457,,
-0.13583899900794838,,
-0.9469558861199905,,
-0.494486883744011,,
-0.6966324220799534,,
0.012528936695989895,,
-0.647511784703938,,
-0.9434721297792127,,
-0.5111359084800101,,
-0.4918281859007152,,
0.2607053704320319,,
-2.1036549699359406,,
-0.4154336185247453,,
-0.2824770124799645,,
-0.4979578708079699,,
-0.46989402470397307,,
-0.45178932838395963,,
-0.7169209649279311,,
-0.5039159865599703,,
-1.0369996895998643,,
-0.993777287567933,,
-0.4800101920222915,,
-0.9776446346879495,,
-0.2770602130400236,,
-1.5693364831871561,,
-0.7569191548799062,,
-1.35463453395672,,
-0.7150819334399403,,
-1.6091798044798833,,
-1.8184519439999063,,
-1.5208108092863248,,
-0.9431815459919022,,
-2.578727523047938,,
-0.8994358664135805,,
-1.2328473163103952,,
-0.8405208940799782,,
-1.224505784159924,,
-0.7432631188799524,,
-0.45517745370232154,,
-0.9884025103679002,,
-2.003160734120026,,
-0.49459729478395004,,
-0.6403600295999534,,
-0.9579261830399213,,
-0.9586210525198735,,
-1.7479257395999823,,
-0.4858116121920016,,
-1.2368363903999922,,
-0.19584580041598065,,
-0.3134951719296708,,
-0.6481809661708029,,
-0.3464589308640001,,
-0.6617151818927447,,
-0.6566889781919403,,
-0.08050687860478539,,
-0.09796525939200235,,
-0.39570839677590797,,
-0.22232772639986753,,
-1.563666516191979,,
-0.6511739547135253,,
-0.5889904256079346,,
-0.49577938783993347,,
-0.985250515199989,,
-0.261765634799953,,
-0.5160634891647381,,
-0.7139353159929704,,
-0.6893191650239731,,
-0.9319438250638559,,
-0.6400720008000292,,
-1.2363429586400845,,
-1.043757095635125,,
-0.8831102628318629,,
-1.3408436927998606,,
-1.1993463627598395,,
-2.012220484127988,,
-0.49572291133435264,,
-0.8923597259304836,,
-0.7423324018176058,,
-0.10350558691191392,,
-0.8218950796159086,,
-0.457466062031956,,
-0.9598838574400061,,
-0.6750475835198693,,
-0.6456823183583849,,
-0.47554482975998735,,
-1.2607278197279723,,
-0.8513475711998895,,
-0.6593531567999567,,
-0.9580200324239003,,
-0.006292964119128885,,
-0.6846377053823323,,
-0.6508216668799629,,
-0.9884534015999701,,
-3.162401665247924,,
-0.736471345991986,,
-1.6979681522495518,,
-0.9840743975998322,,
-1.0228229030880054,,
-1.329407178719956,,
-0.9102539784575975,,
-1.3994214803278673,,
-0.6309019295232086,,
-1.9331575597439108,,
-1.8867124482248139,,
-0.3877141746720023,,
-1.1888308717478582,,
-0.883171029887979,,
-0.827820284800054,,
-0.3129790343998695,,
-0.25885952639993737,,
-0.25341130079996427,,
-0.4536755879039551,,
-0.9836309557007503,,
-0.5690660157600127,,
-0.9199284156431284,,
-0.4582775831759559,,
-0.5570779301471,,
-0.32919469440001786,,
-0.5051257075199503,,
-0.45568018953582085,,
-0.4244854590144056,,
-0.7955096110175915,,
-0.7952965263359765,,
-0.8739543695999699,,
-0.5328773191319274,,
-0.44159276413439047,,
-1.0111539052798604,,
-0.12438380411992123,,
-0.4606146488591789,,
-0.9108818630784152,,
-0.026927081999936042,,
-0.7404116337599085,,
-0.4536755879039551,,
-1.0192572590087727,,
-0.9878859787199814,,
-0.6193539566240367,,
-0.4417662814806731,,
-0.5531960459519609,,
-0.34383935733833343,,
-0.34851812951996863,,
-0.24593558579989405,,
-0.7952354976000018,,
-0.532717227187189,,
-0.7026009103199613,,
-0.4952714343840362,,
-0.16770484504796834,,
-1.4520246998399222,,
-0.5979502493207718,,
-1.987601523455985,,
-0.2888232287615633,,
-0.5917286458031915,,
-0.7789627654224054,,
-0.0955029176640238,,
-0.4043992986000142,,
-0.8453783073599148,,
-0.8437175387519544,,
-1.2373419236255672,,
-0.43942042003192716,,
-1.0142059456111412,,
-1.2731710471199205,,
-0.04117423041592372,,
-0.32518269071997186,,
-1.420555834631983,,
-0.38182572489597133,,
-0.287421519907195,,
-0.27389354771998514,,
-5.624239634111975,,
-1.4104660061655183,,
-0.3492258466343041,,
-0.45392900255999835,,
-0.0759315364079253,,
-0.8783581052400313,,
-0.40445688427202847,,
-0.8997536153839715,,
-0.896248945279937,,
-2.3359712286240257,,
-0.2528436665879274,,
-0.622580731379998,,
-0.36109478471996287,,
-0.011313663087950926,,
-0.07163970091194394,,
-0.41731584191994137,,
-0.5615721149807276,,
-0.7133750903759398,,
-0.20569750679515064,,
-0.21921469287355808,,
-0.16830958463995183,,
-0.7551883427040709,,
-0.5886080024039787,,
1.2869746723246562,,
-0.5673770683199746,,
-1.1150953038687137,,
-0.988514841599996,,
-0.7008679370398808,,
-0.7133750903759398,,
-0.6439554372383567,,
-0.826660599654351,,
0.16617220275360273,,
-1.6475908415999814,,
-3.92528696639999,,
-0.8390721293198606,,
-1.1197372275934894,,
-1.471319732966272,,
-0.14046970687678723,,
0.1313292220576395,,
-0.32080149539194536,,
-0.10602650559991733,,
-0.7016979831839524,,
-0.6573926831998705,,
-0.7244228321200119,,
-1.260853931491117,,
-1.519484986727998,,
-2.436922381713395,,
-0.8525537736143606,,
-0.6745385434320077,,
-1.2712023541614796,,
-0.743541546719972,,
-1.7844951513599978,,
-1.4627011745039142,,
-0.8092784113223281,,
-0.10172183865597201,,
-0.4934072759975807,,
-0.8853629664000322,,
-1.1050208378639979,,
-1.0754964639999616,,
-0.9221727308832606,,
-0.7016979831839524,,
-1.148536866263934,,
-1.2032582828638563,,
-0.8225217875679464,,
-0.26675934983999544,,
-0.3916219420800087,,
-0.6771386526487688,,
-0.8018312214431722,,
-0.7325609767728418,,
-1.274231865816072,,
-0.8682376382327457,,
-1.341959822399998,,
-1.035547064351844,,
-1.1925482653950055,,
-0.5343912690480428,,
-1.0761869663271961,,
-0.6564545258399535,,
-0.7838804698669417,,
-0.7012182718151324,,
-0.9219365044319415,,
-1.0912072020479742,,
-1.4578500456239143,,
-1.062275025279949,,
-0.9494906330232158,,
-1.5255944958407537,,
-1.1861685519263896,,
-2.9024795180159124,,
-1.759544044799846,,
-0.8960684572799582,,
-1.1234581712423597,,
-1.3376031965277924,,
-3.203838027622219,,
1.032863868890987,,
-0.5871955941600073,,
-0.7803931936319493,,
-1.649986009463915,,
-0.7434023327999004,,
-0.4674679833455818,,
-2.645646290015859,,
0.08823761440012878,,
-0.34058611968003566,,
-0.9275949910751982,,
-0.7523939977918952,,
-1.5907012228607853,,
-0.5088478076927918,,
-1.4842739867999875,,
-1.447327525228759,,
-1.8086899094398805,,
-1.0959128654237351,,
-1.6502311055998726,,
-1.3507302169998994,,
-1.1842260676079048,,
-0.6585133026383558,,
-0.8101943870400741,,
-1.0987052171584302,,
-1.3547271584399336,,
-1.1027212300799456,,
-0.7351210247518989,,
-1.2352484696184152,,
-0.5800347563040033,,
-1.1256551367999084,,
-1.200097269951908,,
-0.2617332078591612,,
-1.2487677595847968,,
-0.3391947984238323,,
-0.3934508457599263,,
2.825146574600107,,
-0.339763039104001,,
-0.6390350971199649,,
0.05148398639999485,,
-0.7248602747232107,,
-1.214836351488026,,
-0.5497395692398789,,
-0.37572953668792486,,
-0.28891468510077895,,
-0.6488100259199212,,
-0.40549547716798395,,
-0.49704309071997743,,
-0.20590274879984372,,
-0.8373373695280717,,
-0.7083549174240105,,
-1.0179878686080217,,
-1.8876568771199844,,
-1.0520077681847897,,
-0.940257926975989,,
-0.5343808179071925,,
-0.9664737346270821,,
-1.220038539363159,,
-0.4271987865599902,,
-0.6740907993959854,,
-0.25679706589675766,,
-0.5077057192199389,,
-0.3358823596800261,,
-0.44247165601910765,,
-0.06275559220796553,,
-0.3522376716191875,,
-0.34489192680000647,,
-0.4919291519998914,,
-0.23180256579835926,,
-0.649666240127942,,
-0.33906415399200696,,
-0.8225440185599613,,
-0.13641412053359675,,
-0.7482256630847115,,
-0.7110138482663128,,
-0.1869058261919606,,
-0.35768961167995483,,
-1.299380186687936,,
-0.6288050301263504,,
-0.5488206657599503,,
-0.22015912596478587,,
3.461421931992141,,
-0.31949966853592887,,
-0.5273466135199226,,
-0.9569123179199177,,
-1.1135683187663559,,
-0.41388600991673685,,
-0.0398238240959265,,
-0.31961631704635446,,
-0.4358556626239812,,
0.019601443416020214,,
-0.6747030852767897,,
-0.7710502618272015,,
-0.7707138260640282,,
-0.6467362185600354,,
-0.015717096192025326,,
-0.3254238857447689,,
-1.1663608266262306,,
-0.6740335180487071,,
-0.6581847623999553,,
-0.3005874299999683,,
-1.1643772201599831,,
0.80618461094216,,
-0.733022089343994,,
-0.2579958064079906,,
-0.8017444882831761,,
-0.3755111952383722,,
-0.5218408186991303,,
-1.0836453431135356,,
-4.1397519940606635,,
-0.0367038436319613,,
-0.7281176044799705,,
-0.36058713395997904,,
-0.49328374919993867,,
-1.100443003655903,,
-0.32728953806637123,,
-0.6099629661839325,,
-0.06253164976074993,,
-0.08633513433602574,,
-0.2870145994895555,,
-0.6740335180487071,,
3.6254665646400275,,
-0.7487650520062736,,
-0.8509251699200283,,
-0.4151382956447163,,
1.2052095581632265,,
-0.5174371070399528,,
-0.7851061866239383,,
-0.6224890214927774,,
-0.0036185631598643075,,
-0.6690764505599389,,
-1.1038740105600668,,
-0.9444092590078389,,
-0.729288921599933,,
-0.5015579907839736,,
-0.3812651889478692,,
-0.5218408186991303,,
0.8738016162241079,,
-1.0816992819599958,,
-1.9632587666439112,,
-0.2453782481279569,,
-1.039305618181421,,
-0.9682543528680125,,
-1.8444725029960094,,
1.8732996120300185,,
-1.5440268885385091,,
-1.4552695846847856,,
4.222783514104092,,
-1.054391503795227,,
-0.38572239843989486,,
-1.7242428739198927,,
-1.6778158655999102,,
-1.823035818206207,,
-0.5781225759118928,,
-5.207024320799959,,
-0.5853194398999805,,
-1.7037370655039643,,
0.47384367973594604,,
-1.1721926508542595,,
-0.5180419675199652,,
-0.6961246723583747,,
-0.32657284747198084,,
-0.3534306012480099,,
-0.44360059147992514,,
-0.06759475117674815,,
-5.214417059999931,,
-0.7514694487991563,,
-0.9273116116927043,,
1.3279363881040371,,
-1.0062190118399172,,
-0.3431187695486789,,
-0.6136506090719863,,
-0.9362590595567122,,
-0.7990623848640043,,
-0.32214518879992216,,
-0.9819607462558622,,
-0.7290546581759699,,
-0.6900962898863672,,
-1.7888047430398701,,
-0.6807669714599826,,
-3.1698138431999983,,
-1.0062190118399172,,
-0.5258828865248056,,
-2.5964535074400334,,
-0.6207462410399684,,
-0.9401531663999356,,
-0.7687889079239475,,
-0.16948178413585113,,
-0.6688187027424004,,
-0.0059457483358977825,,
-0.5985884894304122,,
-1.3109016560638511,,
-0.5284392231040296,,
-0.8512724102399339,,
-0.814006807300766,,
0.5707847306471223,,
-0.181302646559985,,
-0.7059111223295771,,
-0.4679014281816421,,
-0.8532223660479883,,
-0.3477127413759664,,
-0.8670427385920119,,
-1.7239530766479958,,
-1.082414753760006,,
-0.5849611521599146,,
-0.8280207110015736,,
-0.29271010487038684,,
-0.837353671480739,,
-0.3330091967999014,,
-0.034669849199960745,,
-0.9389082610159671,,
-0.849188968319704,,
-0.6726399257599975,,
-0.2305695599999794,,
-0.22672672829196377,,
-0.7203808217759408,,
-1.5759253914879663,,
-2.415632181759851,,
-1.1179956136608755,,
-2.557133663739128,,
-0.5993940804047004,,
-0.6913387829038664,,
-0.6980952943999706,,
-1.4262084808880622,,
-1.7558079922471759,,
-0.9120527961598639,,
-1.450475341919899,,
-0.42134951370395235,,
-1.2748255570679952,,
-0.4913172633599771,,
-1.8992532083199065,,
-1.02837517753687,,
-1.2133870378320064,,
-1.1889300621263779,,
-1.533103759903969,,
-1.9432113019871204,,
-3.4007678853115584,,
-0.2638111372415842,,
-0.9530293574063251,,
-0.7776088398687151,,
-1.559815424431994,,
-0.7445726898239251,,
3.9184854884866365,,
-0.6911513542079275,,
-0.38447516448007624,,
-1.097805774623901,,
-0.729419050799897,,
-3.7551166421759428,,
-1.337991361599939,,
-1.0637712444718725,,
-1.0315796819200094,,
-0.8681735407104353,,
-0.0787618758239168,,
-0.4822922639359982,,
-0.9162388147200458,,
-0.9118415750400368,,
-0.5072564311359693,,
-0.07374845052957546,,
-0.17916259449595695,,
-0.5392690534078662,,
-0.9428037219287351,,
-1.2774317663999286,,
-1.0077954894719952,,
-1.5045576286398648,,
-1.176514443619233,,
-2.5638577436735224,,
-0.6313647512639198,,
2.2123618722573037,,
-1.3309767014398322,,
-2.1202684534559433,,
-0.1525568932799911,,
-3.8366979537439816,,
-0.49687593955191023,,
-1.8895789494768644,,
-1.215032069015917,,
-0.7133786669596667,,
-0.9801362841597872,,
0.22509963780484143,,
-0.917326123440011,,
-1.1768449123199334,,
-0.7162554072959145,,
-1.6605436976000545,,
-1.6286098072318205,,
-2.7339822273599474,,
-2.485834553174416,,
-1.8670798605119978,,
-2.1820901702399578,,
-1.9565145477119334,,
-2.772875828855926,,
-1.9744997899967418,,
-0.848773282655985,,
-1.6475978127359627,,
-0.8189048615999528,,
0.09446622084013279,,
-3.6463300569599357,,
-0.8856618365759585,,
-1.2345445227839384,,
-2.009734623119801,,
-0.8434549842376227,,
-1.459359839111977,,
-4.694490539270474,,
-1.811892465936028,,
-0.4824266378399357,,
-1.6020111138238997,,
-1.1079626904575837,,
-1.2409961428295682,,
-0.21382551033590058,,
-0.43436170588800727,,
-0.386798596800051,,
-0.5068794608639762,,
-0.42306031634400937,,
0.22118830560006053,,
-0.04925440072796056,,
-1.1732698548720948,,
-1.1824298371679467,,
-0.9620968400639813,,
-0.5343599194944388,,
-1.263909623558236,,
-0.46068754830555075,,
-0.12427013922474944,,
-1.2232015247150363,,
-1.4823953874399585,,
-1.1950857860406703,,
-0.5957357055998752,,
-1.1003556063999622,,
-0.3078397808416035,,
-1.3350875843998051,,
-0.4199339812799524,,
-0.9560736287198686,,
3.2188187085305753,,
-1.4404573747871585,,
-1.17316010212798,,
-1.30112436076789,,
-1.3311168377118747,,
-0.8435370197630885,,
2.3419921353120317,,
-0.9772316013887754,,
-0.9524107496958291,,
-1.0117510212263658,,
-0.7465931158463956,,
-1.2686427230398367,,
3.184876864245571,,
-0.5878649642623819,,
-0.34734917879997346,,
-0.7985508551999904,,
-1.281881143065576,,
-0.33762973463997165,,
-0.1745872606799422,,
-0.33503628048000256,,
-0.6849062269679635,,
-2.7042131293199354,,
-1.4022747032975102,,
-1.173849789947871,,
-0.4561473701759514,,
-1.6750524799277453,,
-0.5802727039199835,,
-0.9609875856000003,,
1.2201106526400223,,
-0.4113900008160257,,
-1.322823408255973,,
-1.6556082334880724,,
-0.6460471124799312,,
-0.8520867953638982,,
-0.9859210302142809,,
-0.5875648494143326,,
-0.4560983855999903,,
-0.4913785825999607,,
-1.5099910559999543,,
-1.3620873628799437,,
-0.713466539520021,,
-1.0361679584351722,,
-0.7552110159359777,,
-0.9286301203199665,,
-1.362576558599955,,
-1.536324661583941,,
-1.4028436183679698,,
-1.532271138599959,,
-0.24689204351996008,,
-0.9493141219198588,,
-0.45666415301760255,,
-0.6486778212960583,,
-1.231848578687912,,
0.0581435473920332,,
-1.3826187646559849,,
-1.1876124332519578,,
-1.5405546362398599,,
-0.5561631900719166,,
-2.0596516103798903,,
-2.0176634649599743,,
-0.7982226268800261,,
-0.8402548970879753,,
-0.8635592943358507,,
-1.0196589156960285,,
-0.7991503772159381,,
-0.9721517334527975,,
-0.6767665742591833,,
-0.3152084808399433,,
-1.5779961840558205,,
-0.26475511500623905,,
-0.31000948952319507,,
-0.6697269119999016,,
-0.45805885363207355,,
0.023407546129136425,,
-0.5360728836671679,,
-0.19043822807993094,,
-0.5232304719518576,,
-0.627995858399854,,
-0.9735404642239484,,
4.965549436292859,,
-1.3412560321920841,,
-0.4804954047359664,,
-0.7850155519007582,,
-0.4934379788640014,,
-0.15563266271994702,,
-0.8078018868319743,,
-0.7276408010639964,,
-0.7976230116479359,,
-2.4510962030399477,,
-1.0158348533278976,,
-0.9709635186430956,,
-0.9440801585759953,,
-1.0286468544000054,,
-1.1731960663039107,,
-0.6539347309342838,,
-1.0337667631395626,,
-1.2066052976350525,,
0.1200285145669906,,
-0.8386083004319987,,
-1.227405928320001,,
-0.7062882377615032,,
-0.9483204225599364,,
-1.004824952448034,,
-0.3190542651503722,,
-0.48154064111994843,,
-0.9313397326607264,,
-0.7810425283679128,,
-0.9406336539599869,,
-0.4714666619519793,,
-0.9212285689599233,,
-0.8228507402399612,,
-0.9620799903791074,,
-1.0709897466239688,,
-1.0027981897918536,,
-1.5275761192799855,,
-0.9067449054239717,,
-0.9484212326399073,,
-1.1406542434558937,,
-0.4286564048879891,,
0.44493388588006844,,
-0.8934896480399531,,
-0.8540418532240015,,
-1.8764923435198906,,
-1.3022622281535163,,
-0.9412534764584242,,
-1.0140629961599983,,
-0.4714666619519793,,
-0.693909972423971,,
-2.134653606399934,,
-2.050278555199995,,
-1.4786854752800216,,
-2.5203552828807867,,
-0.9743550291902833,,
-2.076597516879855,,
-1.515610986207947,,
-0.8189944168590695,,
-0.4667643592319325,,
-0.4627020661759216,,
-0.6223182056159525,,
-0.7260557274144065,,
-0.9157455653998972,,
-1.155949091308847,,
-0.7937746521600745,,
-0.987041949230249,,
-1.208386707732704,,
-0.6411582777599145,,
-1.6284296703998444,,
-1.5159860269677892,,
-2.4525360948130848,,
-1.443151405785662,,
-2.0588611907598304,,
-1.704941292719943,,
-1.8839849645344167,,
-1.3112662584000185,,
-0.8230535037840031,,
-1.2992058579999162,,
-2.902275038199979,,
-0.6580938229247408,,
-1.567269184319764,,
-0.9143804937918641,,
-0.746459998536014,,
-0.14606305845598525,,
-1.7414102047999473,,
-0.7339805066349918,,
-1.0239336526319496,,
-0.9644292434160873,,
-0.946858676399944,,
-0.10778676022398803,,
-0.7783512773759675,,
-0.4262645735999773,,
-1.6435142295553038,,
-0.10708165470510694,,
-0.7224369962399104,,
-0.5777317798656477,,
-0.583653445336666,,
-0.8443272395200424,,
-1.9426229529599803,,
-0.729546707375965,,
-0.3969611344798665,,
-1.3782972385199501,,
-1.1669192777429744,,
-1.2126972575999946,,
-0.8229417100631744,,
-0.9461528425811653,,
-1.2256660008790958,,
1.7836007404160206,,
-1.3956456561598065,,
-0.9071793534319598,,
-1.2913391632589193,,
-1.1926242241199454,,
-0.7045165246079064,,
-1.6778550968927584,,
-1.1449790338560004,,
-1.7604765461759193,,
-1.573843128575954,,
-1.1741041639199092,,
-0.5113447004159123,,
-1.5545044559280015,,
-1.9626253464000238,,
-1.123625871599999,,
-1.4795401485600244,,
-1.2801894899038357,,
-0.7503533295839986,,
-0.8220185123039783,,
-0.6149797810126987,,
-0.3419994796799881,,
-0.5198268010320563,,
-1.0339144809599417,,
-0.3546490969920085,,
-0.43467355372788247,,
-0.027679620067209032,,
-0.04774978137597469,,
-0.46420518640635533,,
-0.4634413566720119,,
-0.49975524165835494,,
-1.0218674245246562,,
-0.6497304397758658,,
-0.6827547136872513,,
-0.28103288131981374,,
-0.38169489316492194,,
-1.0325998371357066,,
-0.9544892310399467,,
-1.2024138589440354,,
-0.9281427959999906,,
-0.7833967501199406,,
-0.7394698266480089,,
-0.5338415180159469,,
-0.8738961569599322,,
-2.3750984548778273,,
-0.37795634284792334,,
-1.5847552147199844,,
-1.2975403446079214,,
-0.9968401717999136,,
-0.6653025319679293,,
-1.2441520245841908,,
-0.7496556886496333,,
-1.0240942711872039,,
-1.216395242400039,,
-0.9279555687288645,,
0.7550178017761868,,
-1.2224867677208027,,
-1.1988059411199012,,
-0.3435968539423502,,
-1.8187831583432308,,
-0.6423782597439901,,
-0.9203604681599129,,
-0.2741673753719564,,
-0.800568607479954,,
-1.5847552147199844,,
-0.6133305772159698,,
-3.090173082199894,,
-2.0334338889918424,,
-1.603494844682429,,
-0.9108814790400375,,
-3.505095399231865,,
-1.186541465839983,,
-1.74237748799991,,
-2.358459227519936,,
-3.410082242931748,,
0.02517758164799161,,
-1.912637832120113,,
-1.3629205051774467,,
-2.388588218457362,,
-1.850691700199913,,
-0.007258852389564918,,
-1.4262075101951135,,
-2.4053098053599022,,
-0.47931664147197994,,
-0.976817813903872,,
-1.154282654532762,,
-0.8144607758400577,,
-0.6323157929917747,,
-0.7093482926400012,,
-0.9019468807198838,,
-1.7347192326143253,,
-0.6354710627999309,,
-1.5810218976236365,,
-0.7921257300720279,,
-0.6378710981118485,,
-2.228620775400005,,
-1.8533175368639645,,
-1.9541424554398628,,
-2.261655151199744,,
-2.349148473643349,,
-3.01155545088001,,
-2.28159020879981,,
-2.0255657401438967,,
-1.9275655688999347,,
-1.5951925146526742,,
-2.712788417714952,,
-2.416391541999956,,
-1.3635473443775776,,
-0.8752932672342907,,
-0.9001615366798692,,
-0.7666861271999537,,
-0.8373839986078894,,
-0.65518874738951,,
-0.3491548802639062,,
-0.72818209967992,,
-0.47093724724800506,,
-1.1876311666080441,,
-1.0356258796798445,,
-0.4242464437598879,,
-0.42167912097595495,,
0.34798738687207303,,
-0.5876685900480411,,
-0.49516647119997165,,
-0.3794480944463464,,
-0.3216959059199871,,
-0.3828733565792348,,
-1.303536564862315,,
-1.1977415588157592,,
-1.2302459146783886,,
-1.001865462623842,,
-1.1444636772544632,,
-0.6713851747679074,,
-0.4109526387359332,,
-0.9391159822079578,,
-0.7522867805327893,,
-0.27122283181591433,,
-2.4062582372639016,,
-0.5023040696960137,,
-0.4990780628160021,,
0.07591541513607769,,
-2.0454319404502117,,
-1.3257418640428793,,
-0.7497592229119396,,
-1.3920792479999553,,
-1.5544248445440525,,
-0.9028150746879126,,
-1.051343523839944,,
-1.292308995671918,,
-0.9448986140927629,,
-1.3953654612159982,,
-1.0174772023680279,,
-1.070485990784079,,
-0.9552085145599984,,
-0.47225326000318146,,
-0.30672312767988263,,
-0.8937251407927921,,
-0.9296938880927585,,
-1.3986677001887218,,
-1.309778976095856,,
-3.053468498587115,,
-0.21252311404793278,,
-1.1237239613443617,,
-1.2051377215199373,,
-1.5847085853055907,,
-0.7300872032398968,,
-0.4174095689279488,,
-0.49934784979194136,,
-1.6162305541199116,,
-0.7211914719358465,,
-0.5943101735998377,,
-0.43168438480795795,,
-2.3308832793790217,,
-1.3332673583999446,,
-0.8461685255526785,,
-1.8512961178799132,,
-1.395344378768026,,
-1.5200709948199687,,
-1.1450573860479802,,
-2.0561863140799717,,
-1.197923297519853,,
-1.8313844266367738,,
-1.83157692648,,
-1.5646122858239928,,
-1.3040960607199463,,
-2.3582089037150498,,
-2.6478470764143274,,
-1.6255947527757273,,
-2.1230605823999897,,
-0.7365619591918275,,
-2.044551951000023,,
-2.368003128348668,,
-2.5375825134818975,,
-1.0371456281520368,,
-0.659865292415832,,
-0.47166466167683924,,
-1.07375397271998,,
-0.5497119766799301,,
-1.0720438259199927,,
-0.9286272680639389,,
-0.4524196224639727,,
-0.9832714319999777,,
0.9121597485839221,,
-1.0947554735999292,,
-1.1418420544638836,,
-1.4354466627120448,,
-1.6252438220854941,,
-0.315973817279979,,
-1.2013299110806979,,
-1.4820101383136368,,
-1.7301168869598413,,
-2.660011619687943,,
-0.5649062913919756,,
-0.8445169653759466,,
-1.5649225598183807,,
-2.1212473710479016,,
-1.5954970049998685,,
-3.0718410082728056,,
-2.047910554255978,,
-1.2409037210399885,,
-2.7765318863999084,,
-1.4154361250760388,,
-0.7906475425967473,,
-1.2687018074399181,,
-0.9145136683199706,,
-0.4191923000880542,,
-1.7623795793600219,,
-1.2776003985600086,,
-1.6073619620400157,,
-1.1159351594158238,,
-0.9598765700591334,,
-3.005907025959767,,
-0.508064244671879,,
-0.2916171172137508,,
-0.7695544438400033,,
-0.5747272473599344,,
-0.6571185116759002,,
-0.6604087542718944,,
-1.7135681951427149,,
-0.8780762130878763,,
-0.048787061399992865,,
-1.4649627772407965,,
-0.14355401663986844,,
-1.3707213467998904,,
-0.7400287108799004,,
-1.0651968539999375,,
-0.540946469720039,,
-0.7168117534775725,,
-0.7919104342398114,,
-0.5588396441599344,,
-0.7262508117598101,,
-0.6763625255997769,,
-1.4929432433735235,,
-0.4927224328800427,,
-0.8518824447967663,,
-1.6161204933528377,,
-0.926051289464775,,
-0.7828532742398309,,
-0.8779023582078511,,
-0.9358994724799075,,
-0.8716111729920566,,
-1.1742613499997732,,
-0.6575129394750858,,
-2.849175796767972,,
-0.6871207723197852,,
-1.1953202352638366,,
-0.716842686280025,,
-1.2390092682398337,,
-0.6058460267999657,,
-0.44384874119996254,,
-0.36528654433916136,,
-0.46167705737990267,,
-0.95271684203807,,
-0.9362739959679731,,
-0.7496850204200862,,
-0.4369560935999055,,
-1.0903114818239497,,
-0.6725961946798937,,
-0.025913273127980863,,
-0.4075005574398334,,
-0.6081191772000154,,
-0.8294827158399292,,
-1.194649937431937,,
-0.7887139734400349,,
-1.074060906239882,,
-0.5086152730399371,,
0.7986326985257342,,
-2.088351216045466,,
-0.5952253755058703,,
-0.9274602925598732,,
-1.6828363079679292,,
-1.598431057984008,,
-1.1305517509726974,,
-0.8519924507039816,,
-0.7791900478583011,,
-0.28793487122393213,,
-0.8389038683927751,,
-0.6036858864000079,,
-1.6404309331199705,,
-0.4856598427519612,,
-1.4205717303199146,,
-0.7057923033039322,,
-0.6198034790591898,,
-0.8594061656220726,,
-1.0436521105919552,,
-0.478908248903906,,
-1.0818580970399458,,
0.17296100628801636,,
-0.6175993031199078,,
-0.9095526131999991,,
-0.28433798942395894,,
-0.6208355326503987,,
0.5695151373520069,,
-1.8298884598560115,,
-1.3946908228797952,,
-0.7488407957038772,,
-1.1037984862118768,,
-0.9566356939198526,,
-0.6578900861791068,,
-0.36120276341598745,,
-0.632484181183878,,
-0.6103998340239578,,
-0.5022246525119467,,
-0.3157338840527036,,
-0.5568180446400381,,
-0.5674701292799916,,
-0.88240307566552,,
-0.5137758647999988,,
-0.9176887270079686,,
-0.6084788189598764,,
-0.13652373839984255,,
-0.10164890505628871,,
0.01947510364803451,,
-0.42572158855992703,,
-0.9641281331279248,,
-0.6276475516390911,,
-0.9040407931919254,,
-0.7767370433758531,,
-0.6480222007999612,,
-1.4796587423518732,,
-1.0556380469120081,,
-1.112164866240032,,
-0.9507656986799948,,
-0.2294637661999963,,
1.274469016420911,,
-1.3146343654894252,,
-0.7097736659039791,,
-0.9373156226399066,,
-1.2439827449277783,,
-0.6496857838559638,,
-0.5680281542207333,,
-1.3130049402880117,,
-0.6562434737855416,,
-0.7406331292798893,,
-0.46748524679991754,,
-0.19327715076795826,,
-0.10483031759985395,,
-0.5344511602943133,,
-0.6722891360560348,,
-0.9065452639999243,,
-0.8193532332959639,,
-1.0768545132798921,,
-0.3712456641599309,,
-0.8677090813679904,,
-0.5307007626719822,,
-0.4685259359087876,,
-1.0147069717919428,,
-0.5312298193599483,,
-0.6172722284479616,,
-0.8299738128639664,,
-0.9672385085134831,,
-1.4764021848477498,,
-0.8411166616958977,,
-0.8273865443839832,,
-1.6950419004958615,,
-0.8422313961600516,,
-0.9398764768847474,,
-0.605406553113528,,
-2.160837136799801,,
-2.2344536447998458,,
-0.9686236967999082,,
-1.3721077003999493,,
-0.10980767425600452,,
-1.7807160810398375,,
-1.3038344222399998,,
-1.353505115496939,,
-1.6199025334237807,,
-0.33059067597116243,,
-1.1260335778559578,,
-1.183068839311991,,
4.663870463347313,,
-0.7980009794799509,,
-1.247201582319971,,
-0.5825843540723041,,
0.014933485375063116,,
-0.5252501396160649,,
-0.9810210119998908,,
-0.5741044030079399,,
-1.4668005001031255,,
-1.024980334847899,,
-0.17665412391988278,,
-0.46862213752795157,,
-0.6520308335039805,,
-0.39231782921516756,,
-0.6522983433119707,,
-0.5812499227727792,,
-1.0776933454318616,,
-0.7706833190208714,,
-1.0240652762880025,,
-0.7406187307199075,,
-1.3004449306399182,,
-0.26930687999999015,,
-0.602486758079924,,
-0.7135383475999643,,
-0.6236993447999648,,
-0.7756620305525688,,
-0.8710134340119293,,
-0.6676873323358652,,
-0.187000853599944,,
-0.4320015683198052,,
-0.5958444882079261,,
-0.25906000745209956,,
-0.23496047265594472,,
-0.6363217885990816,,
-0.7031957061599994,,
-0.7243349011006994,,
-0.517183901632783,,
-0.9859982090239332,,
-0.8461124503678215,,
-0.6125344781999676,,
-0.4132606280400065,,
-0.9459632410397798,,
-0.7326502477439095,,
-1.3358145988440184,,
-0.7677314321599116,,
-0.7998511617599453,,
-0.9675426705472439,,
-0.9251472379783395,,
-0.8503816225279605,,
1.178001776640056,,
-0.9566356939198526,,
-0.4076244403199952,,
-0.5301182574985579,,
-1.0566593118975898,,
-0.7171748190720681,,
-1.0713313495040129,,
-2.462457271503836,,
-0.026978374768695468,,
-0.7403243045118817,,
-0.6172151950719771,,
-0.7029736884798783,,
-0.782869920399989,,
-0.433393862976013,,
-1.1010735893167722,,
-1.208800979279928,,
-0.9289335433223467,,
-1.6177899709439232,,
-0.9490387981601184,,
-0.9559650023999791,,
-1.5723892428383794,,
-0.06427680943190861,,
-0.9355522321598824,,
-0.4147463180799792,,
-0.42510287041585193,,
-0.4303853864799911,,
-0.4964596261632428,,
-2.086797610815818,,
-0.9960576341905869,,
-1.1383777649247242,,
-0.5294235525298772,,
-0.9677587718399622,,
-0.7406331292798893,,
-0.5869937408159935,,
-1.551354228039974,,
-0.4774567008959473,,
-0.906249646599981,,
-0.713848334759948,,
-0.46395513777594916,,
-0.8857875953999875,,
-0.8830554719839863,,
-1.2766911635999243,,
-0.9044855820000206,,
-0.9276369244406679,,
-1.1072666010239312,,
-0.6171011283200081,,
-1.244378471999887,,
-1.27043063683197,,
-0.837553352443104,,
-0.796128322752036,,
-0.858522788999887,,
-1.2721487430400122,,
-1.5169757491438118,,
-0.8617209998518952,,
-1.0380195515759891,,
-1.252724903760762,,
-0.6380151630428048,,
0.10321569196801972,,
-1.0020774355200115,,
-0.7022382167999717,,
-0.9446290931998209,,
-1.6840270646423776,,
-1.076528199999968,,
-0.848443677059947,,
-0.7358334102559412,,
-0.6597070022399054,,
-0.8432841808327397,,
-0.42118780838400854,,
-0.6173292618239461,,
-0.6502615590239555,,
-0.5873918609914506,,
-2.8641436729752634,,
-0.8398117702399432,,
-0.24882312381595373,,
-0.4457173334399961,,
-0.5594432799200123,,
-0.2999901270320029,,
-0.302324487728004,,
-0.44403883948797435,,
-0.42698792600004776,,
-0.5334860635999872,,
-0.3502655027999572,,
-0.3461103508799649,,
-0.2909465277599784,,
-0.29358529439994047,,
-0.40261796871289746,,
-0.11980008431996725,,
-1.5631564263998126,,
-1.0679874131302958,,
-1.061761380287964,,
-0.7454636959423735,,
-0.7713727842559409,,
-1.1795931671680264,,
1.2811399711440445,,
-3.7261572587519143,,
-5.25875244360006,,
-2.2816499928318508,,
-1.1876232621598852,,
-1.0564847938559923,,
-1.0202347713597586,,
-1.0690847532288459,,
-0.6179649767999477,,
-0.5473802072400707,,
-1.2859681349025944,,
-1.054381491071993,,
-0.6855546561671427,,
-0.8719074220079195,,
-1.3340654377391825,,
-0.866066963840054,,
-0.628812534911946,,
-0.5045283849598797,,
-0.5671699825279644,,
-0.40788599039996964,,
-0.2940098464238283,,
-0.4777854966719389,,
-0.7523915392800105,,
-0.38172920558936685,,
-0.7496237548799215,,
-0.46499715181914897,,
-0.7921916820000223,,
0.05968250326402064,,
-0.7347224371839947,,
-0.6416575837839122,,
-0.8693572706559843,,
-0.872415198968802,,
-0.6341674767040012,,
-0.7272281279999054,,
-1.1670889151687471,,
-0.9788919130799438,,
-2.493556017447906,,
-2.446720722879875,,
-0.9686236967999082,,
-1.624170067900773,,
-0.06799375525593765,,
-1.6530565679998381,,
-1.0596606463999492,,
-2.5669489333999227,,
-1.1326422089038846,,
-0.7860905231040265,,
-2.040728489279826,,
-0.9384990803519906,,
-1.0813129958398684,,
-0.7274181039999639,,
-1.0694453466000036,,
-1.387917049569662,,
-1.5592335338000285,,
-1.3763314681559369,,
-1.8495408976989411,,
-2.225803669559848,,
-1.0189250628637025,,
-1.52356746463999,,
-0.7564737933438982,,
-0.7475486824246855,,
-0.8965541896959104,,
-0.8003010254799203,,
-0.4086460863999545,,
-0.9349445615997987,,
-1.101023987148765,,
-0.5649612820798721,,
-1.6538245471254096,,
-0.288248396705655,,
-1.0831725435328212,,
-1.8209043025919978,,
-1.7178969381998934,,
-0.8432941995679295,,
-0.9566170960798767,,
-1.504507978247851,,
-0.7026745655440156,,
-1.5371172719999369,,
-1.9095493305278883,,
-1.6758983578558628,,
-0.7963607308798039,,
-0.8060195104000154,,
-1.8102056849998682,,
-1.4412225353231871,,
-2.028726501120001,,
-0.18496315861365917,,
-1.586389879919956,,
-0.6723314916319086,,
-0.7996811813999526,,
-1.7352756781359013,,
-0.3934400515999127,,
-0.5436223834879126,,
-1.0549252906606315,,
-0.19445193137759498,,
-0.2092727858879655,,
-0.36214140758841173,,
-0.900032989067933,,
-0.6105945366320167,,
-0.0918373129599756,,
-0.64692731831998,,
0.24608373552005924,,
-0.41964056479991474,,
-0.55191121390242,,
-0.516400318559884,,
-1.4244454879617072,,
-0.8259662875280207,,
-0.5309706715200115,,
-0.7717102668800118,,
-1.1726154614398459,,
-0.8570808804158903,,
-0.9457096315918487,,
-0.044887284800058325,,
-0.9561820275999237,,
-1.0863563386271906,,
-0.9464965029599168,,
-0.7250781404863116,,
-1.2242768577839178,,
-11.765757321504,,
-0.38499360600802424,,
1.7775682776864876,,
-0.7776452462479044,,
-0.980845902176031,,
-0.04991245529605692,,
-0.8348090467828863,,
-0.5841895295200794,,
-1.0874914659936024,,
-0.3152608312320047,,
-0.7608297567519655,,
-0.49934854079990487,,
-1.1570834515895991,,
-0.6004950846927108,,
-0.598261240639941,,
-0.358559168519921,,
-0.29519806399995807,,
-0.30724606295992196,,
-0.9444415843519207,,
-0.5359479483998053,,
-0.6289960762240275,,
-0.4322620631327666,,
-0.6234315500959923,,
-0.1261847651998959,,
-2.1113935331999385,,
-0.8868210217087148,,
-0.8533753301439351,,
0.962816726592053,,
-0.6071872409919938,,
-0.0551995432870217,,
-1.7231848303999597,,
-0.08963051098405239,,
-0.9566356939198526,,
-0.9423237284361041,,
-0.6101684858878912,,
-0.823736194772658,,
-0.8145778376959326,,
-0.9332083599999123,,
-0.8651852214559006,,
-0.9226322385335901,,
-0.9162927338326696,,
-0.7008508780800197,,
-0.8064618559999914,,
-1.1235435033599557,,
-1.184227444818518,,
-2.069554291430388,,
-1.132280706207968,,
-0.9459880439199821,,
-0.8535563911680304,,
-1.4387157895679448,,
0.9753558701633326,,
-0.3781557650638577,,
-0.7961429628320269,,
-1.3290102776136274,,
-0.4936250381759784,,
-0.04616298933592944,,
-0.9950207360255577,,
-1.2526534099199533,,
-1.0766556046800158,,
-0.9435949380431876,,
-1.0845503505310221,,
-1.2265794076494554,,
-1.2620035368079119,,
-1.0570427437753205,,
-0.9167488587960188,,
-1.111001919359826,,
-0.7164074783999743,,
-0.9442573330559318,,
-0.9443406192640384,,
-0.34566881169585023,,
-1.2396164601598878,,
-0.5804524242592036,,
-1.2414783293919633,,
-2.125137542079915,,
-1.5361153988800558,,
-2.632705555667619,,
-1.2743161226399498,,
-2.7042661073999263,,
-0.8344657412959575,,
-4.615365769519945,,
-1.559217133389625,,
-1.59529386151989,,
-2.136728810507315,,
-1.1340985329519877,,
-1.1433309991919052,,
-0.8332645349679961,,
-1.1479174519151907,,
-1.7102386777998835,,
-1.030004569407908,,
-0.4191148678639083,,
-0.9307111247999805,,
-1.7062072294399355,,
-1.6363696089598998,,
-1.6409122000573975,,
-1.4344910606224046,,
-1.1116313041680155,,
-1.1972498866400805,,
-1.2761725167907434,,
-0.42651964315032265,,
-1.3297891731984763,,
-7.099749801849535,,
-0.7504465175998548,,
-0.3826363693599954,,
-1.411262143200042,,
-0.8725280559998052,,
-0.3489477333759806,,
-0.8837557183839323,,
-0.6597566079999568,,
-1.100305876396705,,
-0.9302409292174693,,
-0.7588262371647048,,
-0.6470767754479702,,
-1.021605634295911,,
-0.13032631860810262,,
-1.5622477195678812,,
2.4426567000000485,,
-0.7831111190398778,,
-0.9345973212800124,,
-0.9143394450256551,,
-17.31001909503987,,
-0.9069063096160177,,
-1.0766607820798435,,
-0.9576078138119379,,
-0.7011387815039491,,
-0.7713079193599826,,
-1.9165846457593823,,
-0.7784477738062503,,
-0.3191790477758929,,
-1.1602333372798959,,
-1.4726500766318686,,
-0.9698713571440278,,
-0.6865195535999389,,
-0.9290086000271698,,
0.04660314220804518,,
-1.0112316030608375,,
-0.9374069404799967,,
-0.836531694336041,,
-0.708794139199936,,
-1.3997721532032505,,
-0.34210540366885706,,
-0.7357797055358506,,
-0.3741239969597804,,
-1.2604380237199133,,
-0.8384403740061865,,
-0.5987361429279586,,
-0.43017456199980664,,
-0.7041723609016817,,
-0.9392763845919835,,
-0.08627610236799865,,
-2.3902194333599622,,
-1.0811588781887522,,
-0.9177144982650329,,
-0.7245732334079384,,
-0.9069063096160177,,
-1.6423795780799695,,
-0.9464965029599168,,
-1.011351322800062,,
-0.08848567119986173,,
-0.8082860863999834,,
-1.1991436950526877,,
-0.4998001014159419,,
-0.6593983468798522,,
-1.04592805743994,,
-0.6035314553855742,,
-1.0718669640959448,,
-1.2870811561334528,,
-1.0586150042559632,,
-0.8502368058239403,,
0.0206410213760303,,
-0.8347843314399268,,
-0.7273926549117684,,
-0.5204697005119575,,
-0.6007502295999179,,
-0.45470614438954937,,
-0.46937915267761304,,
-0.4542090734367802,,
-0.5714328238110603,,
-0.49922452639995285,,
-0.45603822104014113,,
-0.7173623684079654,,
-0.7348534434680316,,
-0.9449711258399669,,
-0.618855914793506,,
-0.87191548294409,,
-0.9334687902398913,,
-0.9178901013119848,,
-0.648248071679985,,
-5.044196955199796,,
-1.1221654348799504,,
0.5474773589840333,,
-0.9088138672800055,,
-1.2829686526079707,,
-0.7938883617839174,,
-1.3135978234079086,,
-0.7642498779918926,,
-1.0485585127680375,,
-0.7498503715279805,,
-2.085700957156668,,
-0.27157191180294493,,
-0.1464507258046146,,
-1.0202157213358256,,
-0.1357662880799978,,
-1.4037840683927696,,
-0.14089463039991346,,
-1.0680248753662958,,
-0.9194011859199287,,
-0.8006605676158904,,
-1.5726872701439634,,
-0.1932596797551301,,
-0.6336407252799416,,
-0.8371418451840298,,
-0.37372451433594933,,
-0.7671521985678948,,
-0.40788599039996964,,
-0.9405277959335765,,
0.42679001452802157,,
-0.4795807129055789,,
-2.9998234327999254,,
-0.9328642643999108,,
-0.8285579539199492,,
-1.293027988511949,,
-0.8823003256079028,,
-1.1310402295359494,,
-1.0337868071038474,,
-0.8883926561998525,,
-1.4521461983630881,,
-1.1064244794622042,,
-0.6586404783999331,,
-0.9405926734336267,,
-0.9320798289599503,,
0.3664870848717714,,
-1.7393142686955652,,
-1.350724230962342,,
-1.0427815295040253,,
-1.1542723035198954,,
-0.9485501814238763,,
-0.6376073546751864,,
-0.8541113210398908,,
-0.7483712125839581,,
-0.35612538592008014,,
-0.9200509042559475,,
-1.2577232759521317,,
-1.1630611996870688,,
-0.4988605316112066,,
-0.42933126408003575,,
-2.25160891647997,,
-1.3889917763999609,,
-0.8838947495040275,,
-0.23428114199994468,,
-0.089631781847968,,
-0.5441078366623995,,
-1.0880709431998996,,
-0.07620204604798342,,
-1.4706901475240513,,
-0.6581444208000111,,
-0.9394748659186889,,
-1.1419226246399903,,
-0.9139939468351506,,
-0.8878922580959101,,
-1.188669523072036,,
-1.1774398390719085,,
-0.9022711067759666,,
-1.3301109244798446,,
-1.9614520510720677,,
-1.212907990079927,,
-0.7816819663039489,,
-0.7837778295934426,,
-0.24541818394710674,,
-1.028797121071884,,
-1.2136342044959847,,
-1.109192890879874,,
-1.6112758238718063,,
-1.318135444911805,,
-0.6117953231518911,,
-0.7710150234880364,,
-1.4396312311998867,,
-0.9558443983958365,,
-0.8269329797759877,,
-0.9136923378863773,,
-0.9319254011199116,,
-0.8214292242639059,,
-1.141603343360027,,
-1.0073141246878414,,
-0.2576203103999172,,
-0.8728039875647561,,
-0.7544433180671738,,
-1.458703273984033,,
-0.9569146615199255,,
-0.9543218115998463,,
-1.972783410220909,,
-1.4667724531199118,,
-1.1740290796799004,,
-1.742574712319709,,
-1.9411229104798746,,
-0.7156194528000663,,
-0.659322557599992,,
-1.0478075379198528,,
0.9002582898960525,,
-0.48353695336622027,,
-3.6869906004351485,,
-0.7724727069951971,,
-0.6067880061119875,,
-1.6219636097376533,,
-1.2125123027998854,,
-0.5514880229599051,,
-1.126724091119921,,
-0.9749199469566459,,
-2.154805792292828,,
-1.130817915199951,,
-0.4265386109247693,,
-0.5745623987840107,,
-0.6707256077433172,,
-0.3568877156639543,,
-2.4323443305038857,,
-1.6827813645998948,,
-0.6855970159999248,,
-0.38229080112005775,,
-1.327572082943903,,
-0.32934843572788264,,
-4.085037690399932,,
-0.23816661349600873,,
-0.8444505094399354,,
-1.172980215359907,,
-1.7851672162559153,,
-1.0576858670926952,,
-0.8542979972799214,,
-1.1839081994109977,,
-1.117321386047977,,
-1.3160740931519306,,
-1.0918422571985786,,
-0.9347045937358314,,
-1.5818813913597671,,
-1.764780297891167,,
-0.6067880061119875,,
-1.9381759889760342,,
-1.4041285148799454,,
-0.9718523883023873,,
-0.9622290609280373,,
-0.7882835657311847,,
-1.230765919999961,,
-1.1748499833598327,,
-1.1434764165118863,,
-0.9333767616719707,,
-0.7537821055519278,,
-0.9650014119999112,,
-0.44444537798392153,,
-0.8851508991999462,,
-2.901789889559931,,
-0.8834128579680077,,
-0.22389351989194967,,
-0.8953344937982122,,
-1.3064881536797928,,
-0.11807479972076002,,
-0.5436662353919111,,
-0.5285746628903063,,
-0.6793031863199792,,
-0.49115851948764655,,
-0.6831458233094236,,
-0.09483542939193251,,
-1.1955980275200073,,
-1.2287692065598226,,
-1.9508696942398154,,
-2.0024671754230874,,
-1.1705858447999349,,
-1.108707949631933,,
-0.5943774404960116,,
-1.1720309183996651,,
-2.551581108552093,,
-1.3689658644479115,,
-2.2928929847039363,,
-0.3742240606079328,,
-0.8817698539147532,,
-1.2739643987135838,,
-0.7510252067840333,,
-0.7605827654784192,,
-1.5299926543998057,,
-1.9176702605279807,,
-1.3107906950398576,,
-0.6043553458319154,,
-0.11126124667188991,,
-1.3750931666880193,,
-0.6240573298398286,,
-1.3913073829198503,,
-0.7681107058558716,,
-1.0888897118960101,,
-0.36441546943992886,,
-0.7396229503440622,,
-0.7791819276799561,,
-1.228485631999864,,
-0.7333096276797053,,
-1.1729345414398837,,
-1.147226320655932,,
-0.665555521343927,,
0.08015063520806054,,
-1.1549061284543096,,
-0.45538368518393607,,
-0.91103759114721,,
-1.2503578193278972,,
-1.1315367365943,,
-1.1579724146398673,,
-1.227250245799988,,
-1.4863595797707583,,
-1.959876144034952,,
-1.0872869241599787,,
-1.471606663680047,,
-1.0597926618240279,,
-1.0072747424159143,,
-1.4899857849598392,,
-0.7866285074766978,,
-0.9676381760638594,,
-0.6682349980800264,,
-0.664870961855946,,
-0.5984188770624574,,
-0.6584502397264345,,
-0.7257830483200063,,
-1.1497385056318756,,
-0.6770487646719775,,
-0.6279221115199196,,
-0.6167973635999946,,
-2.3021296950961254,,
-1.9207948020799424,,
-1.2286376511999464,,
-1.1507445920879706,,
-1.3132012706982907,,
-1.0188448399358077,,
-1.204536141119965,,
-0.9949547452000241,,
-0.8530393087360928,,
-2.007819693297492,,
-1.9854058684351996,,
-1.0936268848960093,,
-1.9756729693438468,,
-1.3821596574166892,,
-1.3202614500479828,,
-2.1104576771728043,,
-1.4899857849598392,,
-2.0127559535958714,,
-0.5654790460319682,,
-1.6638736444799767,,
-1.5211989807919348,,
-0.683580452519838,,
-0.43918901400706795,,
-0.9653030899198789,,
-0.5787956422270557,,
-1.18176775087348,,
-0.45207755136007277,,
-0.18963334871999632,,
-0.7926581421119919,,
-1.4616696476798599,,
-0.5445426419999846,,
-0.21779177241594772,,
-0.984145377848519,,
-0.6041377675360211,,
-0.10099760639989974,,
0.8872786303919824,,
-0.7609570907198675,,
1.5477179366960432,,
-0.9276808436639166,,
-0.9868774015998973,,
-0.4529326074609942,,
0.9715984902107687,,
-1.1630826628079194,,
-1.57906742204788,,
-1.527052315491202,,
-1.0207435597438543,,
-6.054086451858548,,
-1.4885796073599988,,
-1.018992298560039,,
-1.4401028887582146,,
-1.4364208977518227,,
-0.9928621288966282,,
-1.996562222304023,,
-1.6436504703998434,,
-0.9751284917119037,,
-2.002027921397564,,
-0.6729743055856836,,
-1.8849643960000046,,
-1.5824367862798474,,
-1.8703946840001229,,
-1.3206601114102376,,
-1.1775977303999265,,
-1.0406517911999429,,
-1.4583901445118186,,
-1.9876930811440139,,
-1.5647483655998653,,
-1.721688830399931,,
-0.9018401162338099,,
-2.0042274415967536,,
-1.372354466687881,,
-1.5762490799999085,,
2.9297788496159,,
-1.5259231238397863,,
-1.01716806815999,,
-1.1772591500910434,,
-1.5520646819837929,,
-8.966838016399954,,
-1.6728813932038662,,
-3.642090655039099,,
-2.575503321623929,,
-1.9742089141597021,,
-1.1520092800559345,,
-1.563608866559997,,
-1.4393153940478285,,
-3.0396404913558355,,
-0.7773693336191887,,
-1.460559150959968,,
-1.7490701340001096,,
-1.6683865224790768,,
-1.069364565792024,,
-1.9643921023998836,,
-1.908881729383733,,
-2.4138318796797567,,
-1.756135562399928,,
-1.559256167279931,,
-0.9630857661942231,,
-1.7783255990398947,,
-2.1713803628798667,,
-1.4111509096550416,,
-1.5756201005599495,,
-1.4891603207038744,,
-0.10428346295998925,,
-1.83462038087995,,
-1.1766081985054486,,
-2.9686537849599466,,
-0.9094161973600469,,
-0.4684386027240205,,
-2.496118074879897,,
-1.6703415995112705,,
-2.793543723203048,,
-1.321016890599946,,
-1.3340539043998398,,
-0.21861781030876354,,
-2.6635664592015886,,
-1.3572810360318954,,
-3.464178268819169,,
-3.745535810860631,,
-4.475882021999965,,
-3.76776173306393,,
-3.7026426856473407,,
-3.102335375080046,,
-3.2641793620477717,,
-4.466289474777486,,
-2.1989431482719244,,
-2.13797978649574,,
-2.553256364159919,,
-2.5109931917713855,,
-3.417652864639957,,
-0.9258145415999982,,
-2.5920239718860785,,
-1.6991028509197776,,
-1.9483843286207732,,
-1.5305445075198563,,
-2.1522795145279368,,
-1.7921948029917565,,
-1.5836471597663069,,
-2.179603286651989,,
-2.182535783471919,,
-0.7359854805408239,,
-1.4890543396400333,,
-2.0031944711328067,,
2.4843800760064285,,
-1.919334033231875,,
-0.722163502479973,,
-1.6192913945375662,,
-2.0170779286111404,,
-1.330499674859228,,
-0.9997702518599343,,
-0.18494198927982974,,
-2.4827549933440145,,
-2.7135467770799164,,
-1.9432086829373607,,
-2.5462938358399763,,
-1.6250463310848475,,
-1.9983911964798142,,
-1.531411016959785,,
-3.404384154055732,,
-2.4998819104639605,,
-1.569668914015948,,
-1.5752723566399918,,
-1.736015926399868,,
-1.5945777157437309,,
-0.7118744164800368,,
-1.676640335471879,,
-0.28879495455993653,,
-0.2552002269934599,,
-0.9323362334878171,,
-1.119061597295894,,
-2.002839009600091,,
-7.5428660937135295,,
-1.9570343731200284,,
-0.9208698370318701,,
-3.258906000767996,,
-2.6975446229952813,,
-1.4291439053920276,,
-3.678868073831682,,
-2.144672932359809,,
-1.695476415867136,,
-9.215570190192256,,
-1.5132809031296048,,
-3.5903827439301814,,
-4.833015829487849,,
-2.3997223215836994,,
-1.4964184113576995,,
-0.05925729709990979,,
-0.6138307177599438,,
-3.2424344696223857,,
-2.7497696733313566,,
-1.6136610732478212,,
-1.4913919625598113,,
1.1599755798400895,,
-1.9384961035598836,,
-2.0000102009599967,,
-3.1483203289118236,,
-0.5781228019631317,,
-2.6031727508797413,,
-2.431205347759807,,
-2.4908983851646562,,
-3.2355204335999526,,
-5.49431256572763,,
-2.0546458179119065,,
-3.879866949119907,,
3.2845619170631863,,
-3.3572677961855986,,
-1.100815112767856,,
-4.79567044655982,,
-2.3901574214000147,,
-1.2207677109599357,,
-3.847110860885536,,
-4.150932531960056,,
-1.025273643663795,,
-2.381123882239694,,
-0.9019105262398986,,
-1.2913838458799445,,
-2.0027085417597217,,
-1.934493576600004,,
-1.4763154584000646,,
-0.8065165113600219,,
-1.5723313153858878,,
-1.961353376015733,,
-1.1314259919999865,,
-1.5282896847169143,,
-1.9155413959359253,,
-1.1710583683919498,,
-1.5440558067439523,,
-0.7410759657727429,,
-1.3445815073999507,,
-1.5347144527997953,,
-0.10927946232001318,,
-1.525939085855982,,
-1.9004397783551723,,
-2.1539713757918313,,
-0.7653376220159371,,
-0.732297769087898,,
-0.7114338806398881,,
-1.628030620000059,,
-1.9323067020191986,,
-2.9556988569573086,,
-1.6184314166397988,,
-0.3642301131437501,,
-0.8566406035198986,,
-1.2678413130238575,,
-1.1171932252991237,,
-0.8066654525439807,,
-0.26270914558283065,,
-1.4493234370558339,,
-1.6651195043199134,,
-1.1960827900078705,,
-0.28592754791035024,,
-1.0506557475919558,,
-0.961621406599848,,
-0.6378687163199017,,
-1.3545668163200217,,
-1.4250759728799942,,
-1.4310845719998242,,
-1.3033361575918123,,
-1.1450520483760098,,
-1.7335192663619479,,
-1.4142662754463504,,
-2.051012377265516,,
-1.9774580572798799,,
-1.574450424000009,,
-2.157473861793452,,
0.4658228326760331,,
-0.6442843380479352,,
-0.2271247270879908,,
-1.9842692208766637,,
-0.7686130609843899,,
-0.6235750967639817,,
-1.5999846111359433,,
-1.628030620000059,,
-1.4403361557438823,,
-2.6185522346567898,,
-2.8345929233598506,,
-2.225444974999809,,
-0.9402530975999521,,
-1.1679183638974266,,
-2.6021838366717587,,
-1.6642225910399,,
-0.9682522544095564,,
-0.6743653599199462,,
-0.913934524319906,,
-2.770730905579974,,
-1.8445382345599812,,
-1.677380910767876,,
-0.8001758620799695,,
-1.7284066280822739,,
-0.7024381171919303,,
-1.16209567095991,,
-2.1143086447835704,,
-0.25372714348794223,,
-2.381529172517342,,
-0.6571243231280559,,
-0.3657142874590007,,
-0.3091016604479119,,
-0.7564876411118538,,
-0.7186392046079844,,
-1.4982276484559605,,
-1.3821892235279634,,
-1.524621773784966,,
-1.5031246484854863,,
-1.35654353826241,,
-2.3464211105279356,,
-1.5681503207999998,,
-1.3947781230719887,,
-1.9430099481600065,,
-7.281386382479894,,
-1.238925294431919,,
-1.1495516374399581,,
-0.7719208174400833,,
-2.1113894273039095,,
-2.3765579421481,,
-1.7753195252798797,,
-1.512215651063856,,
-1.9699244356176517,,
-2.007104430900038,,
-2.2393508272639235,,
-2.556413535599875,,
-1.9116819780559229,,
-0.80673992313596,,
-3.0352240381758646,,
-1.1362183924007025,,
-1.5919624069438538,,
-1.9598738243772047,,
-2.028013889595206,,
-0.7373165956463206,,
-3.2320916029440334,,
0.9217681864000813,,
-1.1370622667774266,,
-1.774601927439953,,
-1.8249864998398886,,
-1.1309247956159263,,
-1.799420423107849,,
-1.0878598565279152,,
-0.6507601987599048,,
-1.38891078720007,,
-1.4288935075630866,,
-0.9357258523199744,,
-1.379656116744035,,
-0.8472552195039607,,
-0.8327443229759596,,
-1.0194352623360783,,
-2.2726562512750323,,
-1.31689356239981,,
-0.6579319798921011,,
-1.8064293770639903,,
-0.666723115519924,,
-1.0001081250199744,,
-2.391151993119952,,
-0.03534978519998838,,
-1.7306299958640092,,
-2.3614296414127964,,
-1.087385570481529,,
-1.4135849232000046,,
-1.4527633804798517,,
-1.1728662297600585,,
-1.5592839479518665,,
-1.4364158803999352,,
-0.9473835009599163,,
-2.7054603939024284,,
-0.9585430762143171,,
-0.4006861044479453,,
-6.1097458429950136,,
-0.6032419236479598,,
-1.368628920204784,,
-0.13495764595204718,,
-1.4857698984479342,,
-1.2249406573440114,,
-1.0908149830159137,,
-1.673731611439951,,
-1.6881132492800495,,
-0.7734920449279317,,
-1.3526862729599398,,
-7.086355396427814,,
-0.8191835514719545,,
-0.17441308851198328,,
-0.5817643778847158,,
-1.2716834134128887,,
-2.0769491050559923,,
-0.959588773855872,,
-1.2175932693598883,,
-0.6135735707006995,,
-0.003083718143920555,,
-0.5088117889599999,,
-0.39195581470790924,,
-0.5826322793279763,,
-0.5916023276799558,,
-0.44265650504799536,,
-0.5565733035199194,,
-0.37433268211183607,,
-2.1046000236238696,,
-0.908253886087125,,
-0.9906891519998275,,
-1.2399442186559488,,
-1.4331514307902937,,
-0.8281090647037969,,
-0.8450325235815244,,
-2.162390910784003,,
-0.5079452795199234,,
-0.8224025976000034,,
-0.7215347339199689,,
-0.9257065559999252,,
0.05324305996803963,,
0.013353703512118842,,
-1.853971260927874,,
-0.16372882801583674,,
-5.104720526879808,,
-0.865357003679861,,
-0.9526647563039826,,
-0.7778094526799586,,
-0.9257065559999252,,
-0.28864311663346065,,
-0.5877772777439431,,
-0.3497777267599339,,
-1.1120328897599296,,
-0.9171462803199285,,
-2.2062651155277586,,
0.014261769503907229,,
-0.5344331362239949,,
-1.0869585378239275,,
-0.14375635592377056,,
-0.7817132447999378,,
-0.6948824755200229,,
0.544553819211987,,
-7.672334880513428,,
-0.7364964411573955,,
-3.6349549437837063,,
-0.9933674827118467,,
-2.58833810995168,,
-0.9769857750239481,,
-0.9257065559999252,,
-0.7669563943679898,,
-0.6035132115598025,,
-0.6808263633770423,,
-3.0540633523197775,,
-1.035125277087843,,
-0.7251866054399381,,
-0.381972586560033,,
-0.13633582497899877,,
-0.3223921257022828,,
0.0038065747201120326,,
-1.6034025394557718,,
-1.2136931783999003,,
-0.9906891519998275,,
-6.162681778252631,,
-0.07710084782399451,,
-0.4704158459158846,,
-0.5513067241439735,,
-1.1261845307999452,,
-0.18202479401596267,,
-0.7917032471999841,,
-0.7350423582717749,,
-0.7387692264319659,,
-0.7765513380240319,,
-2.610292286306284,,
-0.334217095991784,,
-0.16176019017591925,,
-4.374932433695655,,
-1.8833841057200371,,
-0.05417062954225349,,
-0.9256885583999495,,
-0.089688978911938,,
-2.586152818871867,,
-1.2437907122158722,,
-1.2296178242400906,,
-1.7395305763918125,,
-0.7916700837404802,,
-0.7717080443199115,,
-0.9688906190079256,,
-8.886683144040068,,
-1.4084529673919697,,
-1.2298216782638374,,
-1.086836344320054,,
-2.1025699551518264,,
-1.316942168880011,,
-0.7617332399999357,,
-1.543144565175834,,
-0.4727660284481202,,
-4.246539771595843,,
-1.0189501731838835,,
-0.7411262841279032,,
-1.3145348053198287,,
-2.5110429286030254,,
-1.112076695104009,,
-4.897892389103881,,
-0.9257425511998768,,
-2.2302877580879326,,
-1.0551115059199834,,
-0.5022400996799012,,
-0.0778929395037683,,
-0.31064344015192497,,
3.8239505111683196,,
-2.1681319483040222,,
4.1766761819759335,,
-0.9257425511998768,,
-1.7318335336879287,,
-1.278887559680006,,
-1.025972564166329,,
-1.3707150324479755,,
-1.6151583942400025,,
-2.7791116327726826,,
-0.46146856828798266,,
-0.9257425511998768,,
0.4440010892798908,,
-1.4423043861601077,,
-1.133812400319828,,
-0.7498316636160067,,
-0.668918824145781,,
-4.218451957603963,,
-2.291194036767965,,
-0.29196531996804925,,
-0.7917336433598529,,
-1.1207498264159232,,
-0.8678815681536205,,
-0.771738440479962,,
0.07242881968324699,,
-0.7257396607999966,,
-1.9478745774798782,,
-0.4156389695999715,,
-0.3881005715599469,,
-0.1041741775359577,,
0.13629538314239503,,
-0.5988655375999973,,
-0.9086179653200004,,
-0.3770689270400185,,
7.258224195537813,,
-0.864621983199967,,
-2.0869153327359853,,
-0.0185814008711212,,
-0.7210189833599383,,
-0.33240479463196504,,
-1.9325567784426247,,
-0.5718720014753101,,
-0.4159017674240359,,
-0.6056724327838462,,
-0.7923276821887866,,
-0.7362374986752154,,
-0.4640167703999657,,
-0.7055220801600373,,
-0.42214354367988643,,
-0.6727324548798008,,
-0.8845815409678994,,
-0.29700973275193665,,
-0.06521344082076985,,
-0.5096816588751496,,
-0.37732837087039,,
-1.5379236398975018,,
2.3573426702240052,,
-2.654100543928121,,
-1.382282870399966,,
-1.7821553081599122,,
-1.651086747311921,,
-1.2039085295999175,,
-1.5181995666239194,,
-0.8203267851358556,,
-2.04483002169614,,
-0.21026098819995226,,
-1.1858934314878389,,
-1.0984199769231142,,
-1.3209848985600474,,
-1.414167217199798,,
-0.9062888092159295,,
-0.5423301081599552,,
-0.8504845544798704,,
-1.2617845127999727,,
-1.3696241675160081,,
0.8623886213082148,,
-2.056694901811129,,
-2.3925089116480325,,
-0.34696499551198046,,
0.05865304032010754,,
-1.1296018485278818,,
-3.459263015423845,,
-0.8807737597919205,,
-2.0176273260000563,,
-1.7261325130421676,,
-1.5683133255381916,,
-1.9489128875997683,,
-1.0351446064559058,,
-0.4866223258399979,,
-0.7385561290495501,,
-1.7705864467196801,,
-0.9265475231999474,,
-0.4869849394399337,,
-1.2610840511999193,,
0.19425566401919714,,
-4.222075080959926,,
-0.6805562490000195,,
-0.34045124961590006,,
-0.721511317871999,,
-1.276411862375984,,
-1.0205528877598198,,
-0.834139445660087,,
-0.6038474265095561,,
-1.486317186535731,,
-0.7822299955199001,,
-1.2332634131998836,,
-0.023314760524932532,,
0.28342009123196804,,
-0.7968232195839657,,
-1.373658873359829,,
-0.5625182093439389,,
-1.2019773650640506,,
-0.6280186111915218,,
-0.3147760730879007,,
-0.7052446913117167,,
-0.7817739379198665,,
-1.041415130559903,,
-7.263921848366207,,
-3.8145244506526508,,
-2.696590478879823,,
-1.0899700630399949,,
-0.3462297110638986,,
-0.28997438424310545,,
-1.1731828348799402,,
-0.4363455883967723,,
-3.0846851925598977,,
-0.6816115433918745,,
-1.3142942981598993,,
-0.5529202286399706,,
-2.1867938654761057,,
-1.8601105064522847,,
-1.1545538094461785,,
-1.3842675443999464,,
-1.6863696741119725,,
-0.9404019585599985,,
-1.924848633600159,,
-0.7175822347199091,,
-1.6955374143456163,,
-1.05888323430395,,
-1.4652092470400033,,
-0.30801880595184233,,
-0.1725711322078959,,
-0.21991579792001248,,
-1.6319294654255883,,
-0.9014235297599495,,
3.778517937191337,,
-1.1692450023800411,,
-1.5641816875519456,,
-1.3275215215998069,,
-8.447803751399984,,
-1.4700357193535916,,
-0.9234965681158943,,
-1.0281300597199396,,
0.034503811612323354,,
-2.584866284885981,,
-1.2020324278558934,,
-2.322949485391862,,
-0.7831413127199823,,
-2.4368232619295322,,
-0.9143616986399572,,
-1.831765850240016,,
-1.530134579711759,,
-2.0980523901817643,,
-2.0820078506399247,,
-1.5133078705359833,,
-1.7168697454344142,,
-0.9715012641215075,,
-0.710348652832012,,
-1.0715833408000155,,
-1.415615459522188,,
-2.10716206588796,,
-3.0084172031998766,,
-1.5600489528734973,,
-1.2987714921119464,,
-2.274337163879916,,
-1.0828909759198995,,
-0.989428343529538,,
-0.31975068403195794,,
-1.010712451439998,,
-3.3765168838894644,,
-1.426051916855989,,
-1.4609823278399403,,
-0.8025111771740874,,
-5.425521237639985,,
-2.0228224052799684,,
-0.280128200601487,,
-3.1519189550301667,,
-3.2401969585774877,,
-1.101265089599995,,
-3.730757591999724,,
-0.8037630254016113,,
-1.2465208048798935,,
-1.6295541225601071,,
-0.9206658141167519,,
-1.7569857376798252,,
-1.3774763983142635,,
-2.6355975014398925,,
-1.6813710081598963,,
-0.544530480327098,,
-10.76689452409586,,
-1.5108767693599932,,
-1.3635613837437908,,
-0.8617715469439028,,
-1.1692276239999628,,
-0.7931488838397968,,
-0.7840542259200343,,
-0.8695855809094011,,
-0.8428675046399513,,
-0.4849885967998987,,
-1.0220195328991952,,
-1.0099573191600195,,
-2.526237079679907,,
-0.528378928159925,,
-0.3908287636200344,,
3.2077999478930965,,
-0.31785496697125304,,
-1.518605039279993,,
-2.806682451148689,,
-0.864872923999942,,
-1.6318676662798577,,
-0.9620327141279321,,
0.46021282368105565,,
-1.1717123213759084,,
-0.9026744482000136,,
-0.9633731768799076,,
-1.7475010010855536,,
-0.20545267956634167,,
-0.606063129623959,,
-0.5418150529199649,,
-3.1056211358080414,,
-0.03198279891256295,,
-1.5718961934719835,,
-8.67552341395198,,
-1.3253787384000009,,
-1.681727155055903,,
-2.523475852334239,,
-1.5441737439199181,,
-1.7111038233025042,,
-0.7545100544959014,,
-0.415257595695946,,
-1.506055777248008,,
-1.0820511441200145,,
-1.151851429727851,,
-0.9673985692800046,,
-0.04639218397276568,,
-0.724807988265505,,
-1.2658050871999595,,
-1.112873738239965,,
-0.9405788895360749,,
-1.085559112835837,,
-0.5459487311999359,,
-1.3188754699199345,,
-1.067054920588627,,
-0.3397647302431382,,
-0.8875615257598825,,
-1.5259224523198025,,
-7.854877443520914,,
-6.191391530711829,,
-3.04011244185591,,
-3.635279527263892,,
-1.2289017796326696,,
3.285914159438641,,
-1.1154270223999818,,
-1.7949771573598101,,
-2.472173236223883,,
-2.5758036274359353,,
-2.854065930307031,,
-1.9526991251599284,,
-2.447462286191723,,
-1.1572674551279654,,
-2.617574871999924,,
-4.244481503247894,,
-0.21267693774709018,,
-4.776265790092647,,
-0.42670080460790666,,
-0.028758426928003566,,
-1.9894245965279511,,
-0.2545087311359385,,
-0.7112129069949459,,
-1.4492792711998819,,
-1.3226102730671823,,
-0.0390549184559662,,
-4.592113753385579,,
-0.870280121880016,,
-2.2890276610560005,,
-0.8875413630718952,,
-7.16727465142002,,
-0.5989099129863218,,
-0.1375442108400039,,
-0.09020946420789944,,
-0.8621330742719382,,
1.736013999801662,,
-0.37075274171976247,,
-1.0099645305598552,,
-0.5094874926718241,,
-1.934744970076844,,
-0.7579335923197639,,
-0.7752098097360185,,
-0.14120740032002665,,
-4.136800238855983,,
-0.9259225271998526,,
-0.3610993515200585,,
-2.0592243562558528,,
-3.7061054981279207,,
-0.6395693367167078,,
-2.5831977412799354,,
-1.4248477994397826,,
-1.961178932807919,,
-0.35508422892790037,,
-1.00109848716792,,
1.765521463528938,,
-1.3888297979998514,,
-1.9384635258240732,,
-0.8244735987839159,,
-1.914813783095951,,
-1.0504327002078937,,
-2.1155451225598894,,
-1.4430905183997416,,
-9.493197944559888,,
-1.7067651830400297,,
-23.416089077970916,,
-0.025538736687934993,,
-3.9939527122561094,,
-0.376736281536028,,
0.016712370416232636,,
0.774242518175997,,
-0.5838877340799675,,
-1.073504238239987,,
-0.3708696296479401,,
-0.8567857579199603,,
-0.8733484977600197,,
-1.180298090880004,,
-1.140954821184004,,
-0.8539143751198699,,
-1.2120695615998356,,
-0.8817394823998724,,
0.789749846611235,,
-1.851637572639934,,
0.21674285253357373,,
-2.4214771034400178,,
-0.21840789453823767,,
-1.2511693056799615,,
-10.674469850702339,,
-1.977032996880081,,
-1.296926145999878,,
-0.7950764274855096,,
-0.9104281753111896,,
-10.784060201880132,,
-3.5325873698400954,,
-1.9225735603255494,,
-1.9045701961598744,,
-0.8888473600510847,,
-0.2640667494719831,,
-3.758139867120075,,
-2.872249053599952,,
-4.215353548089725,,
-2.4924848591998785,,
-1.6225555369751716,,
-0.5294804759998883,,
-0.8588740363198687,,
-1.6101108367679924,,
5.382900385231451,,
-0.04233798979193448,,
-0.8575688623200188,,
-3.6106059628991334,,
-0.8309467631999248,,
6.618304829800545,,
-0.11675295221013915,,
-1.311246854399928,,
-13.214267413876733,,
1.2127565326969116,,
-0.7669574607998677,,
-1.1791112012351226,,
-1.2389481551998565,,
-1.9804824831999448,,
1.1939596255783504,,
-0.42848409569191137,,
0.0815103682960221,,
-1.3687984312799935,,
-1.823852858879988,,
-0.4714867968000007,,
-4.808213735903967,,
-0.8037255103999322,,
-0.16828105912795843,,
-2.5012486015999036,,
-0.3106376720719148,,
-2.0947274015999398,,
-0.04509268239185349,,
-9.458473544307955,,
-0.11814764639993613,,
-0.8296109698679264,,
-0.7108029521280078,,
-0.653967850211827,,
-0.4566602016479898,,
-1.5734928698158914,,
-0.736233473039912,,
-1.273465756527997,,
-0.1224132809758961,,
-1.2285550938239043,,
-6.436407779984051,,
-0.9091572047998875,,
-0.6239062091519711,,
-0.7883158615199082,,
-0.5222557169086948,,
-0.40224008537988043,,
-0.6359291534519724,,
-0.9852429404160676,,
-0.445710738919978,,
-4.818202403903923,,
-0.3345472103759554,,
-0.6244893313919033,,
-0.6537977929079134,,
-1.1172149958886697,,
-0.3105514393743576,,
-0.5014661386440629,,
-0.501517995543969,,
-0.19213520607596823,,
-0.837336778403841,,
-2.29846594763746,,
-0.6067397204878785,,
-0.7482063075119499,,
6.7239180699814645,,
-0.8212893382399604,,
-0.7203087461375086,,
-0.9416450746607048,,
-1.8282506950320616,,
-2.900486375721552,,
-1.4994122261279639,,
-1.4429617100638596,,
-1.8176797655805328,,
-5.827188491280013,,
-1.7713650893903101,,
-2.645298364719903,,
-1.6290183367295583,,
0.11058244381911436,,
-1.3323424851599386,,
-0.7808528296271973,,
-4.228669846199952,,
-0.5362618415519629,,
-0.7404084340919563,,
-0.36271282394634197,,
-0.20618417750402873,,
0.004649763024249243,,
-0.8881263307320248,,
-1.1062142340983723,,
-0.7407686354997818,,
-1.5803221363246425,,
-1.0258519378559632,,
-0.5469085289999357,,
-0.17419393463024835,,
-12.31446529622387,,
-0.7177030137727765,,
-0.7188012773200008,,
-1.0014134186839305,,
-1.124300771135876,,
-0.6326687234880461,,
-0.6942396634920205,,
-3.264686559398429,,
-2.3341208201472057,,
-1.0189981851039833,,
-0.77938083454081,,
-1.1558343048000401,,
-1.0225721379839214,,
-0.6080830606367484,,
-0.6961194198424454,,
-0.9886867151359315,,
-0.31974190975990924,,
-0.8338605437295068,,
-1.58549569301758,,
-0.5628671497800328,,
-1.1174837706430727,,
-1.3782048038302421,,
-0.2925875286624261,,
-0.7039385088559141,,
-0.6090563518615251,,
-0.7232421373631206,,
-0.876807286079968,,
-0.7725767485991136,,
-0.10371853500791872,,
-2.0277027554280083,,
-1.091056843065529,,
-5.159574424068694,,
-0.996985513036688,,
-0.5689512893951448,,
-0.8441184617879711,,
-0.9727412875198927,,
-1.0099513401599491,,
-0.2990960417278888,,
-1.204084203184774,,
-0.9673781558504004,,
-0.8640683755199883,,
1.4069108489573956,,
-0.39879035537924146,,
-0.4742921451144037,,
-0.8627715008639041,,
-0.9367772884800285,,
-0.4173063630358925,,
-0.7190231991599881,,
-0.7551319709304802,,
0.014227812480043955,,
-1.0982770044623076,,
-0.9127712851199412,,
8.628702709200066,,
-0.5674765216063223,,
-0.3805915377189774,,
-0.5834653516800157,,
-1.3042824724799083,,
-1.757275509199891,,
-1.0686231427199964,,
-0.5908669449310453,,
-1.328412797359157,,
-9.536904004319926,,
-0.6973662208319438,,
-0.29804930399996044,,
-1.3042824724799083,,
-0.8767172740799799,,
-1.0932612787199172,,
-1.7885740199997313,,
-0.4867958881798839,,
-0.36233227978548693,,
-0.8094198589463377,,
-1.3055068780799919,,
-1.1963705825597921,,
-10.63169173897579,,
0.3105721712063462,,
-0.7562013662848036,,
-0.11291049201601827,,
-1.2667963664127189,,
-0.7412934639167111,,
-2.024016745111971,,
-0.6652834794623168,,
-0.4508843263119295,,
-0.5277074349455879,,
-1.0685191283198832,,
-0.9635079364414512,,
0.6708516173753961,,
-0.6156234576775016,,
-0.43882366099189707,,
-0.8588943786623795,,
-0.578487755076057,,
-0.28726052291993165,,
-1.3039315192800065,,
0.9332926281600199,,
-3.5900639188511603,,
-0.43892166401283156,,
-0.47248733093600837,,
-0.8015541420158725,,
0.1505254611457083,,
-8.714459003327846,,
-0.4443935308720258,,
-0.7088983316064231,,
-0.6537131036519321,,
-0.5213925508678098,,
-0.4156117017838445,,
-0.9634041322495627,,
-0.5729007382079174,,
-0.4859661339646171,,
-0.3036556672512088,,
-1.8693073512255765,,
-1.0321247858877673,,
-0.8743250557439499,,
-0.6501482383198386,,
-1.1409595221120044,,
-6.068910301798365,,
-0.9903177587278645,,
-1.8319975196398657,,
-2.4906800784525425,,
-1.3444552367998968,,
-1.6960584566399057,,
-2.2406834923038996,,
-3.9240245621304033,,
-2.0411656083999956,,
-1.6026538751999941,,
-4.462170815081479,,
-1.8640025925119832,,
-2.2430420717330266,,
-1.1032521674398663,,
-1.1559529786798617,,
-0.5456690483254273,,
-2.038136046055063,,
-2.6815707072,,
-1.8973764447998458,,
-3.6923624245175652,,
-0.5445444502239071,,
-0.9389390888767364,,
-0.1345893017391504,,
-1.4998610420638387,,
-1.301987346399852,,
-1.386904895999995,,
-2.1935862104829256,,
-0.47408547263996037,,
-2.6825071552800344,,
-2.800185493919965,,
-1.8960995732398231,,
-0.8706758495999967,,
-0.1411484913113747,,
-0.5991532846391383,,
-1.4853146049838317,,
-7.337717466242254,,
-0.5785963618632111,,
-1.1191115070566082,,
-1.6587106273918475,,
-0.12344507567996843,,
-2.1422598595197853,,
-0.6240772638799086,,
-0.4880857596799953,,
-0.7319530643197592,,
-1.4069088422606983,,
-1.1672067793845338,,
-1.3256077043998826,,
-3.463509976499677,,
-1.945350668687878,,
-2.0537895748606783,,
-1.4707059095997468,,
-1.4099320512000342,,
-1.7402674579005888,,
-1.2247576967999134,,
-2.2763933314304254,,
-1.5626560563999154,,
-0.5027081119683531,,
-0.644613184799998,,
-0.522606846844748,,
-2.0836711419678,,
-0.7787243135999682,,
-1.368994906079966,,
-0.9369608751997718,,
-1.8719033795998898,,
-1.5594145297918942,,
-1.0546472070792032,,
-4.224260214047828,,
-0.8859931652880619,,
-1.3328212549176586,,
-1.5160893190160263,,
-0.7607917661305134,,
-2.1227430275422274,,
-0.7687949470341842,,
0.8872431163680832,,
-0.9312457799996926,,
-1.49555916590078,,
-1.6027474881598671,,
-0.43598117257597624,,
-1.0040461621439687,,
-0.7352890421759566,,
-2.0150947831679757,,
-1.7670967750657272,,
-2.3873794335116196,,
-0.8680727712959557,,
-16.669795201665693,,
-2.2377715192559458,,
-2.1208169668709984,,
-2.25003223223981,,
-2.0342398365359524,,
-3.8748769858847636,,
-1.0360599627918283,,
-8.973698493215956,,
-1.420172573040045,,
-1.8391862827998589,,
-2.104139257295667,,
-0.7264982937601707,,
-1.569979024847866,,
-1.2575655717998904,,
8.46463978845695,,
-2.3941033439422994,,
-1.243437086279938,,
-1.368967902479839,,
-0.48076412916469047,,
-0.9034507238399935,,
-2.000707026172687,,
-2.513539622087933,,
-0.8606900975040308,,
-0.801696878639887,,
-1.2107572800334796,,
-1.2429555349824304,,
-0.8868772527360107,,
-1.1224719179856255,,
-1.781537549568083,,
-0.1942325321758171,,
-1.5995846366398414,,
-1.620679284791827,,
-0.9758042851199428,,
-3.391508880586965,,
-0.5955743639037324,,
-0.6963929694399134,,
-1.4388894253438973,,
-1.3953804220319208,,
-0.7327801829615884,,
-0.5388764169357644,,
-1.311702586539948,,
-0.04187197444793944,,
-0.9687966876158569,,
-1.2963271541599741,,
-0.8908326064799492,,
-1.8766747233359995,,
-1.4715870556081072,,
-0.9426063024000375,,
-0.10563181679989136,,
-0.6087088278239654,,
-0.5307878990519184,,
-0.419175245760031,,
-0.5826422592000284,,
-0.7700259913919585,,
-0.7182562213199495,,
-1.2692981318398908,,
-0.9512488869597102,,
-0.9984370590720764,,
-0.7239412001279677,,
-1.8327909952799994,,
-0.5977010467680464,,
-0.8844470579998835,,
-1.3868778924000316,,
-2.1112328113917447,,
-1.789847845499946,,
-2.2293788937335495,,
-1.0096980962880842,,
-1.5195044891519982,,
-1.24426839542397,,
-1.994842146182393,,
-1.3008289130159167,,
-1.0885924588800409,,
-1.5114137289600222,,
-2.0220664895999305,,
-0.934554900095942,,
-1.5324179475678572,,
-0.7352007364478126,,
-2.59290230639996,,
-0.7646184963359116,,
-0.6820355531807207,,
-0.6612655505279882,,
-2.034112227840047,,
-0.29984056039200446,,
1.153698288560181,,
-0.6508711742400034,,
-0.6660620546677954,,
-1.7250945452799349,,
-1.305959218704042,,
-1.7437574089437522,,
-1.1648870074559197,,
-1.4013401527607914,,
-1.358967318143929,,
-2.5042521180072157,,
-1.8067250712000704,,
-1.9404239316479583,,
-2.532437502000017,,
-0.8992147950069613,,
-1.4048958967200789,,
-1.223082700559801,,
-1.7288033855999185,,
-2.0492952533999844,,
-2.823092864856001,,
-2.416009007232033,,
-2.431798732759925,,
-2.948528468659119,,
-0.4155555247199879,,
-1.929945966303984,,
-1.7948713891839725,,
-5.055875507612641,,
-6.2982728183647065,,
-2.944061453132786,,
-3.8524169539319,,
-3.0043108996559122,,
-2.802186711887809,,
-2.638697779887962,,
-3.7254773780639643,,
-1.7471879439358748,,
-1.1970779335198602,,
-2.439402406127987,,
-1.6358445397919348,,
-3.1265944336510536,,
-0.2837870819999772,,
-1.2969718473599885,,
0.10137838888017825,,
0.0059229876000186366,,
-1.176452023536057,,
0.4283888762244593,,
-0.8477876827486578,,
-1.09401055663832,,
-1.7085774165358714,,
-0.8743907369039721,,
-0.8842494442079651,,
-1.7172120985052974,,
-1.477746547199796,,
0.6774437863204501,,
-0.47061577219209894,,
-1.2797649130031323,,
0.4012118915118634,,
-1.8888268039598959,,
-7.6842255199049205,,
-1.8010685962750306,,
-0.35398700089578816,,
-0.6042931763038768,,
-3.3507102130148416,,
0.455504209055864,,
