pnl,rolling_profit_factor,rolling_expectancy,edge_decay
-0.06960724949118643,0.0,,
-0.19796327410399925,0.0,,
-0.7374793637087877,0.0,,
-0.30292077446397697,0.0,,
-0.3612073103832042,0.0,,-0.3338355944302309
-0.28212940000000875,0.0,,-0.32521789535852724
-0.45835005980798704,0.0,,-0.34423677599416436
-0.29019434065438954,0.0,,-0.3374814715766925
-0.10920627765600127,0.0,,-0.31211756114106015
-0.09823415457920066,0.0,,-0.2907292204848742
-0.13097254801677652,0.0,,-0.27620588662413803
-0.09483157724797439,0.0,,-0.26109136084279105
-0.40998359999995804,0.0,,-0.272544610008727
-0.32277000974401826,0.0,,-0.2761321385612478
-0.19993958060799516,0.0,,-0.27105263469769764
-0.3044149743199922,0.0,-0.273137780924091,-0.273137780924091
-0.379271792899984,0.0,-0.27938095809914354,-0.27938095809914354
-0.270009616464009,0.0,-0.2788603280083028,-0.2788603280083028
-0.7862895898799791,0.0,-0.30556713126470675,-0.30556713126470675
-0.1424098259167857,0.0,-0.2974092659973107,-0.2974092659973107
-0.188337199999984,0.0,-0.2922153580926761,-0.2922153580926761
-0.40202042908800073,0.0,-0.2972064976833727,-0.2972064976833727
-0.20006078060799207,0.0,-0.2929827708540083,-0.2929827708540083
-0.16045245035519415,0.0,-0.2874606741665577,-0.2874606741665577
-1.3091933737063077,0.0,-0.32832998214814774,-0.32832998214814774
-0.19452598060801363,0.0,-0.32318367439660406,-0.32318367439660406
-0.2134791820479774,0.0,-0.3191205450503587,-0.3191205450503587
-0.13612027822077077,0.0,-0.31258482123501624,-0.31258482123501624
-0.395036445935994,0.0,-0.31542798070746375,-0.31542798070746375
-0.4791274680815889,0.0,-0.32088463028660125,-0.32088463028660125
-0.16036797039357914,0.0,-0.3157066735158586,-0.3157066735158586
-0.44452943897599084,0.0,-0.31973238493648776,-0.31973238493648776
-0.13743783959359696,0.0,-0.314208307804885,-0.314208307804885
-0.29899636422398274,0.0,-0.31376089769956433,-0.31376089769956433
-0.4753166448800029,0.0,-0.31837677619043403,-0.31837677619043403
-0.18036809445598856,0.0,-0.3145432016978105,-0.3145432016978105
-0.19277207942243596,0.0,-0.3112520902849626,-0.3112520902849626
-0.2550451951520015,0.0,-0.3097729614656741,-0.3097729614656741
-0.18449807815034186,0.0,-0.3065607849704092,-0.3065607849704092
-0.2927023999999751,0.0,-0.30621432534614834,-0.30621432534614834
-0.18279847539998362,0.0,-0.3032041826645346,-0.3032041826645346
-0.3616917623000101,0.0,-0.30459674408442683,-0.30459674408442683
-0.16671980601602793,0.0,-0.30139030366423153,-0.30139030366423153
-0.18426107523358637,0.0,-0.2987282757453532,-0.2987282757453532
-0.24502449124001652,0.0,-0.2975348583119013,-0.2975348583119013
-0.1206289878815585,0.0,-0.2936890785199373,-0.2936890785199373
-0.3561058193919776,0.0,-0.29501709428317224,-0.29501709428317224
-0.48198306662398954,0.0,-0.29891221870693924,-0.29891221870693924
-0.06553236678398695,0.0,-0.29414936458606267,-0.29414936458606267
-0.1313937425231786,0.0,-0.290894252144805,-0.290894252144805
-0.36723701967997624,0.0,-0.2968468475485808,-0.29239116915529856
-0.2716752940719893,0.0,-0.29832108794794054,-0.29199278694215797
-0.2044388399999908,0.0,-0.2876602774737646,-0.2903408256790982
-0.15630296427358015,0.0,-0.2847279212699567,-0.2878586430604775
-0.387309446999965,0.0,-0.2852499640022919,-0.28966683949574096
-0.17187847371997428,0.0,-0.28304494547669123,-0.28756347582117364
-0.1519499344048324,0.0,-0.2769169429686281,-0.28518429088404484
0.08939477519199229,0.006594649218273397,-0.2693251606517005,-0.2787260311241132
-0.22250786017595525,0.006539986354439076,-0.27159119230209955,-0.2777731807690597
-0.25187687644000023,0.006467292250988379,-0.27466404673931555,-0.27734157569690865
-0.18755549603998728,0.006440926251001214,-0.2757957056997798,-0.2758696727517132
-0.14657776440479608,0.006417001540660343,-0.27683062944291625,-0.27378431939127906
-0.17313446831999904,0.006527988300122691,-0.272093646809317,-0.272186702707608
-0.32201919112799327,0.006528346236173772,-0.27207863043699654,-0.2729653353391765
-0.4573800431999732,0.00640787540442966,-0.2772274396888361,-0.27580248469088103
-0.13341596543998135,0.006487393460394293,-0.2738074595112359,-0.27364511318707957
-0.18915117062398762,0.006578152791374622,-0.27000504706571593,-0.2723840095667349
0.3970776701360031,0.03652294928365856,-0.2566633013337157,-0.26253898486522403
-0.12743566444798304,0.038423565334737335,-0.24348622282507576,-0.2605809657287423
-0.42366965088960207,0.03758853450403936,-0.24911141932453212,-0.2629108040881832
-0.8167489229087921,0.035847909337436604,-0.2616796537827083,-0.27071134097298044
-0.09635085667998594,0.03667397735547078,-0.255566262334548,-0.2682896675800222
-2.0728998312799862,0.032136643480971235,-0.2930230433479879,-0.29301035475399434
-0.16872983492158292,0.032119080488895065,-0.29318859103931566,-0.29133088826977255
1.4104893914400076,0.1370963202574236,-0.23879493573638932,-0.2686399512069755
-0.2903979999999427,0.1361529414670123,-0.2407123761242279,-0.2689262413226724
-0.14667021435917238,0.13680896247184504,-0.2393761967704518,-0.26733850071275683
-0.37805120000000125,0.1344628456487311,-0.2442148152060364,-0.26875789429336255
-0.13813703920477083,0.13695681114660535,-0.23907682707141198,-0.2671044657479373
-0.2865528599999904,0.13888783785858505,-0.23522533490977998,-0.267347570676088
-0.4415904328320279,0.13608583513694944,-0.24084978415854896,-0.2694987171224576
-0.17376809128798607,0.13878154225589848,-0.23543455720478884,-0.26833127046593963
-0.2784209999999784,0.13736471937853362,-0.2382542204129165,-0.26845283347237386
-0.05686249245604147,0.1398162068135526,-0.23341154297755767,-0.26593390084122703
-0.2456443898239662,0.14222378099020883,-0.22881809787643692,-0.26569520071161223
-0.21828510622560998,0.1418206120334136,-0.22957643811182937,-0.2651439205431703
-0.13706117731601453,0.14241377352197462,-0.22846222006970096,-0.26367170510377774
-0.16774476721599726,0.14335331838718193,-0.22671621151098084,-0.26258162626414383
-0.11925957828476907,0.1440635618924968,-0.2254114415136694,-0.26097126617448796
-0.138002914347985,0.1457762217323903,-0.22231745180062962,-0.25960495115419346
-0.08747453831997717,0.14685196797616062,-0.22041097305902949,-0.2577134081560153
-0.17507942163599022,0.149004556831581,-0.21667872624574908,-0.25681521265036283
-0.5476925252943823,0.14467514634767442,-0.22429818063131615,-0.25994292568954586
-0.9334881536175801,0.13685509214781852,-0.23928272219899605,-0.2671083004547377
-1.163668986912002,0.12834877496425956,-0.25765561211243576,-0.27654578136481417
-0.2058055825280079,0.12761333122916346,-0.2593591440053647,-0.27580890429359745
-0.3295165140951883,0.12784200587687225,-0.2588273578994289,-0.2763625909925829
-0.14750020981439374,0.13079025538024217,-0.252137700763237,-0.2750476687356626
-0.24478556155194486,0.12919355093702933,-0.2557227646585962,-0.27474199088532203
-0.31315811999998,0.12761379987750654,-0.25935805220813224,-0.27512615217646863
-0.21308986501438132,0.1289510089174219,-0.2562751091148203,-0.27451193151149744
-0.3405965348296082,0.12834967732791575,-0.2576535339299727,-0.2751598197793221
-0.43148199999998876,0.12640781456830347,-0.26219439712997267,-0.2766775108494256
-0.2934680456105004,0.125262878382343,-0.2649376987567111,-0.2768389582990513
-0.37075768078271953,0.12539993671812177,-0.26460666343236616,-0.2777334223227053
-0.3516895884799933,0.12392687562932293,-0.2682028857275665,-0.27843112200343445
-0.38751599999997455,0.12204862933042432,-0.2729142070394694,-0.2794506068445236
-0.4063211999999927,0.11333424107204083,-0.2828285265433091,-0.2806253345589261
-0.3025199000000065,0.11276851016312715,-0.2844287673397901,-0.28082620213178006
-0.2446099615040016,0.11281965811876989,-0.2842834290410701,-0.28049696358061843
-0.24978178987199917,0.11238317686056243,-0.2855279549177104,-0.2802202503039642
-0.3580575900159834,0.11092468492129574,-0.2897575514299341,-0.28091522655139295
-0.32248730770396516,0.10991725891446805,-0.29274460821761344,-0.281283121074867
-0.6212681746343334,0.1079528216987409,-0.29872958788774023,-0.2842654461060904
-0.3616033298863549,0.1085738692078853,-0.29681405362146784,-0.28493794944331013
-0.3294446840879735,0.1073103202088944,-0.3007346279944277,-0.28532162819024687
-0.22857628480800027,0.10705974031705688,-0.301523130278108,-0.28483662525535586
-0.33462247655197214,0.08191782109486861,-0.31615713321186745,-0.285258539249395
-0.4184045502621605,0.08055651500054639,-0.321976510928151,-0.28637741329151906
0.25903116902402307,0.09771480868436568,-0.30832249452987853,-0.2818323417722229
-0.20672594748556683,0.10133277692917154,-0.296122035021414,-0.2812116277698538
-0.30118739999997923,0.1000884073388742,-0.3002187658878139,-0.28137536360780563
-0.6158241186799948,0.10966816934601294,-0.27107725163581403,-0.28409445917749826
-0.4046651999999947,0.10799444747011919,-0.27579595893738224,-0.28506680386155064
-0.5123934832640114,0.01621812171272056,-0.31425361643146266,-0.28688541729677036
-0.39558527999999793,0.016112010448293416,-0.3163573620314638,-0.28774811461981187
-0.40357478000000324,0.01585859433730548,-0.3214954533442804,-0.28866013560705744
-0.40061918399997476,0.01583671317030831,-0.32194681302427985,-0.2895348156726271
-0.20667042747116293,0.01577063403019843,-0.3233174807896077,-0.28889245607416614
-0.15550506418560378,0.015897473659140023,-0.32069652487332,-0.2878663992134849
-0.1406618362799671,0.016196606137747756,-0.31467795294227874,-0.2867427002597939
-0.4316385999999752,0.015939595575949605,-0.31983536311651856,-0.2878403964699468
-0.29332436340542095,0.015924991006447932,-0.3201334303846274,-0.2878816293040481
-0.29185519999997434,0.015698197125071835,-0.32483328453550603,-0.28791128281670425
-0.16911916563198331,0.01577133981915344,-0.3233027800516664,-0.28703134120792856
-0.30103199999996266,0.015692280272447918,-0.32495771792715344,-0.28713428722845824
-0.3884846799999517,0.015456850752730724,-0.32998618798083224,-0.2878740711173013
-0.2790319999999904,0.015354883467611371,-0.332211932636512,-0.2878099981381903
-0.38263679999996636,0.015118840430086204,-0.33747947707081594,-0.288492205345829
-0.30424952000000005,0.014973547676566362,-0.34080440918385635,-0.2886047575933588
-0.4425181589087871,0.014672416280199411,-0.3479052815956325,-0.28969634199985117
-0.24489836140793542,0.01461461860762312,-0.34930166039107136,-0.2893808632632884
-0.34772478771200466,0.01478138577239021,-0.3453023056394239,-0.28978886273495774
-0.4057785300000077,0.015240321936582556,-0.33474811316707237,-0.2905943465354095
-0.567978040166385,0.01579386516377394,-0.32283429423216004,-0.2925073375259679
-0.5126744000000142,0.015503779187188085,-0.32897167058160015,-0.29401533110455724
-0.8909356155599878,0.014999748800682207,-0.34020005261089614,-0.29807601331173705
-0.5072860165559838,0.014693619584790586,-0.347395768745728,-0.2994895944147387
-0.30936060000000937,0.01463999273315021,-0.3486872695146892,-0.2995558427743714
-0.6327590130579106,0.014380238338493672,-0.3550792873758478,-0.3017771972429284
-0.2988143999999646,0.014312126381427615,-0.3567937780755595,-0.3017575760691339
-0.30405759999999576,0.01434107913354152,-0.3560629993789673,-0.3017727078055211
-0.40489439999999777,0.014362220377092396,-0.35553124737896746,-0.3024467057937203
-0.393579048816001,0.014282939404746127,-0.35753346744307746,-0.30303847425490393
-0.4003777400000085,0.014259649894634302,-0.35812586862742324,-0.3036664695177756
-0.2616095669759775,0.014330714469364783,-0.356324268197343,-0.3033968739886615
-0.5263358715359518,0.014221491843790438,-0.3591006656280624,-0.30481686760361243
-0.44639994640634073,0.01419026717556136,-0.35990224055618947,-0.30571296303907275
-0.18919179999997615,0.014278915673928994,-0.3576356785561889,-0.30498012553568216
-0.3191159087999688,0.014220510766539879,-0.35912579750210816,-0.30506847418108396
-1.4444462232959743,0.013345253108178703,-0.3830190861705877,-0.312145354610369
-0.3853440207359997,0.013326518775187125,-0.383564814784988,-0.31259719822842846
-0.5515539363999631,0.013171296148344433,-0.3881461473589079,-0.31406319048714954
-0.39908454205699984,0.01332180134840998,-0.38370247470736124,-0.31458161336257545
-0.24159593285517603,0.013404532796355105,-0.3813023267667377,-0.31413927590495483
-0.32537878070399895,0.013407353774877579,-0.38122100869905823,-0.3142069837651901
-0.3065439777279829,0.013353464828314461,-0.3827803625574579,-0.3141610975014942
-0.3793415049863894,0.013322751405032175,-0.38367474312614624,-0.3145490761174757
-0.6001148649040056,0.013199391116378573,-0.38730894941898314,-0.3162388145126623
-0.6918828729119975,0.0,-0.4063272302577036,-0.31844848544442306
-1.1155712153825803,0.0,-0.42450413561564376,-0.3231100218768099
-0.5697246384479915,0.0,-0.42987488038460403,-0.32454382778710755
-0.46157804367997546,0.0,-0.42678995888460364,-0.325335933081286
-0.5593618311640114,0.0,-0.429883891507884,-0.32668090950704876
-0.5584896622079799,0.0,-0.4308058150867633,-0.32800553095105406
-0.40086895999999017,0.0,-0.4309114886867632,-0.32841952770701394
-0.9776481113599329,0.0,-0.44239295531396183,-0.3320874858067479
-0.5785658040831976,0.0,-0.44595188771562627,-0.3334721954599864
-0.40506209999999077,0.0,-0.4499197211662028,-0.33387213906076857
-0.3602480134399744,0.0,-0.45401458015129026,-0.3340186716962086
-0.6458011037026479,0.0,-0.46411736549974386,-0.3357412265691723
-0.3433201873759887,0.0,-0.4623509972472641,-0.33578286921096806
-0.13242375056064948,0.0,-0.4591329849903687,-0.3346716171964854
-0.3658643889119942,0.0,-0.4606131687686091,-0.3348411431297219
-0.3350915801279989,0.0,-0.46393261705852934,-0.3348424968432261
-0.4087367713919715,0.0,-0.46608671248636957,-0.33523977788918713
-0.30145379999997246,0.0,-0.46434609488637,-0.3350591042106351
-0.3037875200000033,0.0,-0.4648412052863703,-0.33489276599674883
-0.19429794911997758,0.0,-0.4610744282687705,-0.33414887807676585
-0.3116929199999911,0.0,-0.46122329626877034,-0.3340306888237302
-0.38528219999997115,0.0,-0.460078577090594,-0.33429902134297756
-0.3774628846455924,0.0,-0.4627298675553471,-0.334523833131012
-0.4045111399999769,0.0,-0.4638655946011066,-0.33488646166401187
-0.40587399999998464,0.0,-0.46386750400110605,-0.3352523768100736
-0.6721728741479501,0.0,-0.46595140068073737,-0.3369801742323191
1.0357375397712523,0.04545719920805922,-0.4349831618853121,-0.3299765124261784
-0.28032619476799714,0.046708946110409565,-0.42277097346947223,-0.32972448035684754
-0.6366847436940399,0.04643795599425599,-0.42535894801223334,-0.33127478471713634
-0.886279785895972,0.04526705387912746,-0.4368973317301526,-0.3340637545723064
-0.6017265582327602,0.04532853195953833,-0.43627668263364966,-0.33540206859060867
-0.20644339999999,0.045512519519611376,-0.4344292626336501,-0.334760483174735
0.044128838368874046,0.048094218911963166,-0.4274655338662727,-0.33288479346412303
-0.6000951451439261,0.04767970615797317,-0.43136954876915135,-0.33420110061525504
-0.5251065529776079,0.04740441080349932,-0.4340000988523835,-0.335136911656247
-0.1155337575200017,0.0480046706279188,-0.42830321920278336,-0.33406567675802135
-0.44578713463197417,0.047614825238318594,-0.43198677055590323,-0.3346080139321668
-0.2180549688757045,0.04827097789890292,-0.4258211525026983,-0.33404495574348825
-0.5958021657055749,0.047950743140553316,-0.428809196888683,-0.3353034038683059
-0.832730599479979,0.04661857497062719,-0.441679972878283,-0.33768343829707
-0.31243239999999994,0.046632029788342376,-0.4415463027022837,-0.33756319525756007
-0.29954999999999266,0.04905744060262317,-0.4186483782363641,-0.3373830379340645
-0.08785587573599955,0.049729517201170186,-0.41269861533636404,-0.33620602301803587
-0.33147401003200916,0.05023868735552242,-0.408297016809005,-0.3361838069946273
-0.32584558564794613,0.050410450899954135,-0.40683223768082394,-0.3361354975490821
-0.38451070491917144,0.05007636321714437,-0.4096905331221038,-0.3363604985135941
-0.4916975846223073,0.04969309731693453,-0.41301690920046996,-0.33707965169002335
-0.4032875136705408,0.049472847825457814,-0.4149517799193211,-0.3373847570447723
-0.46558681857598233,0.049278138527576745,-0.416676686191113,-0.3379728398958329
-0.5124040254399791,0.04947616972467402,-0.4149224694018324,-0.33876932932754134
-0.4312335999999478,0.05007416295460558,-0.4097094839435914,-0.3391896214669613
-0.4815327166319818,0.051590979585973744,-0.3970287139685794,-0.339833707870423
-0.3396122681743865,0.052164459794874746,-0.3924264665631074,-0.3398327103943147
-0.4424245306415786,0.0522127689967099,-0.3920433963023395,-0.3402927633999078
-0.30922061872637796,0.05285199337378427,-0.3870405720535868,-0.34015404846832953
-0.6042433540063643,0.05273390492259465,-0.3879556458895545,-0.3413277787151653
-0.19042849613599713,0.05328145677576393,-0.38374683661227466,-0.34066008277454946
-0.6051211460639913,0.05427914953375919,-0.3762962973063558,-0.34182510948507566
-0.335257180127964,0.054951193438184096,-0.37143012482725113,-0.34179630277736905
-0.6117045747119865,0.05437937140327426,-0.375562974321491,-0.3429749415194416
-0.30533880000001634,0.05453015222165145,-0.37446479005269184,-0.34281130612153105
-0.20641119999999638,0.05576751794019084,-0.3656769919786388,-0.3422208294716542
-0.29241991999998634,0.055914497107636976,-0.3646589866311188,-0.34200617037910397
-0.22522228192799282,0.05564711143515706,-0.36651495725846567,-0.34150495197373437
-0.31063670501597507,0.05580593312437697,-0.3654104035805452,-0.34137303638844485
-0.2998371746079437,0.05590779134524469,-0.3647053154701442,-0.3411962880404427
-0.3878472837119592,0.05596832158417987,-0.36428752571654394,-0.3413939617509152
-0.6417283269839047,0.05499836678631408,-0.3710930162562226,-0.34266119535949324
-0.4311087291966097,0.05464402431972355,-0.3736394404401547,-0.3430328236529265
-0.2520431602559684,0.05448481659954388,-0.37479434466287453,-0.34265211376423627
-0.3363260817839705,0.05441718312640583,-0.37528700789855407,-0.3426257552976519
-0.4312335999999478,0.054291465448860037,-0.3762060358985536,-0.34299342270305555
-0.3000395999999769,0.05450362300738849,-0.37465757020564133,-0.3428159275679189
-0.2777447561696007,0.05485459500467524,-0.37212224252903375,-0.34254814496957187
-0.30039680000001096,0.05515008841407374,-0.37001269852903435,-0.34237539355576224
-0.5886496453119437,0.05538634622987662,-0.3683422339523142,-0.34338059458333847
-0.9125580160399649,0.0021621676343056566,-0.40730814506853846,-0.34569432393885324
-0.34403374467836983,0.0021554395161389526,-0.408582296066746,-0.3456876009458958
-0.15179720647680545,0.0022077272457120024,-0.3988845453224013,-0.34490578483916556
-0.2093249525241397,0.0022851183997131723,-0.3853454486549646,-0.3443612835045671
-0.4571248401279658,0.0023023582130558998,-0.3824534142928687,-0.3448123377310607
-0.4317869982069639,0.0022756039920270206,-0.3869602862570083,-0.3451588503225982
-0.39697310275997055,0.0,-0.3957823250795851,-0.3453644624354449
-0.36068459857835006,0.0,-0.39099411414827356,-0.3454250163332429
-0.3933283199999535,0.0,-0.38835854948872045,-0.3456136120169701
-0.2983754599999905,0.0,-0.3920153835383203,-0.3454283643620016
-0.4016983999999547,0.0,-0.3911336088456799,-0.34564816918871233
-0.7536984799679818,0.0,-0.40184647906752546,-0.34723591358863165
-0.5808286838479355,0.0,-0.40154700943037264,-0.34814131192297004
-0.4015935999999768,0.0,-0.39292426944077263,-0.3483476914136148
-0.20634679999998295,0.0,-0.3908025574407722,-0.34780153413894704
-0.10565093260803349,0.0,-0.38692457609293307,-0.34687375405645315
-0.348646387711947,0.0,-0.392140386332452,-0.34688051983376417
-0.3055457999999765,0.0,-0.3916218221318114,-0.34672335359865475
-0.4015261677143317,0.0,-0.39313543377313903,-0.3469309400157595
-0.2815049951769838,0.0,-0.3910753195782954,-0.34668404965787736
-0.29266012000000985,0.0,-0.38709457028584937,-0.3464809521779606
-0.289833573119995,0.0,-0.38482549147483847,-0.3462687897095787
-0.4078099199999585,0.0,-0.383669953503318,-0.3464984207927517
-0.05428716726397846,0.0,-0.374507616339798,-0.34541213360491246
-0.2854054587526045,0.0,-0.3715910535148511,-0.345189886661015
-0.373775620064015,0.0,-0.36943591158349176,-0.3452953690720962
-0.7736202309143695,0.0,-0.37811607083829135,-0.34687009282886927
-0.4284599999999571,0.0,-0.37783678022545897,-0.34716895695770106
-0.30596397407996523,0.0,-0.3777716473325307,-0.34701857380851225
-0.3585432101759929,0.0,-0.3728576444559233,-0.34706048157712127
-0.27867599135997034,0.0,-0.3746225943604028,-0.34681271168503014
-0.18099174772800858,0.0,-0.36614000639368316,-0.34621408004619614
-0.730848082799949,0.0,-0.3740518244471228,-0.3475976555956701
-0.15587961566636838,0.0,-0.3649353252662105,-0.3469104941622317
-0.15616496271597588,0.0,-0.3619518485205297,-0.3462292601213522
-0.6086641628879776,0.0,-0.3699969077782893,-0.3471631921596676
-1.0002560060387928,0.0,-0.38415362949906545,-0.34947912412377796
-0.4027631999999698,0.0,-0.3877044478605049,-0.34966740707740407
-0.47040641689600227,0.0,-0.3908998420981055,-0.3500925444359203
-0.4042030279999879,0.0,-0.3929871591659464,-0.3502824057817591
-0.4808370453599926,0.0,-0.39484695439890705,-0.3507388905355292
-0.49026372220961456,0.0,-0.3918176623034212,-0.35122503977481173
-0.40185467999995805,0.0,-0.39123258131948824,-0.35140083713670456
-0.19413843487085164,0.0,-0.39007448681178586,-0.35085667657523106
-0.48213226565997896,0.0,-0.39299061048930606,-0.3513093510203509
-0.19102819999998633,0.0,-0.3881865024893068,-0.35075855668694755
-0.15318331403515795,0.0,-0.3852493767700104,-0.3500819291436195
-0.5172720510719846,0.0,-0.3900399226680581,-0.35065254389422823
-0.3030416399999891,0.0,-0.3900928194680576,-0.35049060204424787
-0.5154839999999484,0.0,-0.38862950656181783,-0.35104990169833494
-0.31869680057600147,0.0,-0.37675228225253854,-0.3509406006810298
-0.278819991359972,0.0,-0.3754480071861706,-0.3506977703466154
-1.1038302144143584,0.0,-0.39448866734492155,-0.35322506042737967
-0.6141511970663666,0.0,-0.4025851922357662,-0.35409772309172416
-0.482030744471997,0.0,-0.40308331032264677,-0.35452416649632507
-0.7474563866639832,0.0,-0.4093966980917872,-0.3558295891546893
-0.6274912545279722,0.0,-0.41400706112714725,-0.35672913109301146
-0.7834576133999633,0.0,-0.4224625214235795,-0.35813747591910705
-0.7924500907199893,0.0,-0.4304449568379802,-0.3595661358362152
-1.2185694695119444,0.0,-0.44884883702821926,-0.36238254020892247
-0.3583768364319918,0.0,-0.44798240575686,-0.36236944967370377
-0.8490813080383894,0.0,-0.4498900623182682,-0.3639548303198428
-0.5614087236155711,0.0,-0.4495016631136209,-0.36459591438898475
-0.45606795907199715,0.0,-0.45059115029506125,-0.36489194042355766
-0.6396000787199975,0.0,-0.4592562158694616,-0.3657780957083849
-0.7458284442495887,0.0,-0.47205976610229267,-0.3670001225525688
-0.5161344276479702,0.0,-0.4754095269010131,-0.3674781171201823
-2.4840174900822465,0.0,-0.5189789607026585,-0.37424022374306426
-1.8892323089199077,0.0,-0.5487330835267701,-0.3790650393009523
-0.5621264587519781,0.0,-0.5543455127982699,-0.3796461866642889
-0.6384946070159765,0.0,-0.5612622025385893,-0.3804653272350221
-0.6259500513599927,0.0,-0.5679845321033893,-0.38123972699566866
-0.7120080950400101,0.0,-0.5740684956041903,-0.38227987909643707
-0.31266599999999123,0.0,-0.5792360722589105,-0.3820616537701159
-0.3873337999999519,0.0,-0.5812746390838575,-0.3820781292270842
-0.29473200000000876,0.0,-0.5796937666825773,-0.38180602290550447
-0.3337737303599908,0.0,-0.5708968366714898,-0.38165685429511464
-0.5925771417215783,0.0,-0.5741791795059222,-0.3823098582809551
-0.2794655907839822,0.0,-0.5736492118400025,-0.38199243770226077
0.7767389067296792,0.027423427919900795,-0.550943569501889,-0.37842711048862404
-0.3068450989951898,0.02739618147745326,-0.5515069516545935,-0.37820753376625155
-0.4561417998728063,0.027132863683885077,-0.5570099526974894,-0.3784458648552624
-0.31640400000000224,0.027531443683352468,-0.5487210710414905,-0.3782567128282646
-0.23645006425942036,0.027453042937027543,-0.5503324800133516,-0.377825689580335
-0.26855279637498686,0.02734442450792259,-0.5525802366865318,-0.3774945596009249
-0.49527771946394694,0.0274540119220324,-0.5503125078180511,-0.3778503999630488
-1.3050388574399356,0.027161412384309597,-0.556408164846074,-0.38064313628075025
-0.410836399999956,0.02715374666764023,-0.5565696288460737,-0.38073380674236956
-0.3124200000000066,0.02730454948915729,-0.5534099005081538,-0.38052927438685347
-0.21409692699595934,0.027488246907878523,-0.5496077784880733,-0.3800324614095672
-0.3873705999999931,0.027579471862349648,-0.5477384495808733,-0.380054301107753
-0.2947536000000042,0.027772264938426477,-0.5438282471366811,-0.3798011833003116
-0.3322559769599698,0.027841548590902862,-0.5424362730758813,-0.3796605170093638
-0.30672837782399354,0.02772964032556924,-0.5446880719349442,-0.3794453779557197
-0.2944535245519842,0.027916686195635178,-0.5409344971127843,-0.37919540191629697
-0.08441047112796381,0.02802407264488032,-0.5388021425353438,-0.37833092997850126
-0.08226133948718947,0.02809596470978698,-0.5373837030443844,-0.3774652294215091
-0.262901116632,0.02835687714380397,-0.5322962843555847,-0.3771312232617729
-0.16304849244001,0.028502548382063016,-0.5294964214043851,-0.37650888974194224
-0.18907744146716804,0.028848077285175595,-0.5229682902337295,-0.3759656101817255
-0.1663883520223915,0.029012191554690314,-0.5199221212626574,-0.37535989556276783
-0.36289919078395977,0.028921365001951884,-0.5216037052511371,-0.3753239857507252
-0.21895770275998802,0.029906721154292264,-0.5039062550180496,-0.3748746573513266
-0.2956594483506135,0.03027801636449326,-0.49753642004373455,-0.3746476796751067
-0.46117279041120507,0.03030265432406127,-0.4971192609625188,-0.37489489427720984
-0.14424761669199265,0.031032945852806356,-0.48505508556307897,-0.3742377795262548
-0.593781339707706,0.031074797630364887,-0.4843808872666736,-0.3748614828222248
-0.19105059999999177,0.03182915751330061,-0.4725327469986742,-0.3743407721060146
-0.28187199999998647,0.03250933194743331,-0.4623211851842741,-0.3740795608853761
-2.24609416501118,0.031168894201265347,-0.4828716790942589,-0.3793528414603783
-0.19857167999998782,0.03137005922022769,-0.4796755759656188,-0.3788450292090851
-0.10990400861436292,0.03233536903498668,-0.4648920299771382,-0.378091693016943
-0.19118159999999595,0.03284153677965674,-0.4574874875048267,-0.37756959778505206
-0.14805416692127693,0.03327488310060999,-0.45132721166181233,-0.37693027903612797
-0.17547409465441757,0.033949901927824995,-0.4420446919805008,-0.37637067852395656
-0.11769403860476968,0.034908297311171635,-0.4294820038676043,-0.37565412273470666
-0.24857101295999584,0.03533317408400464,-0.42413073557384484,-0.37530306442041195
-0.15286718713599148,0.03952442250456627,-0.37750772951491973,-0.3746902934086091
-0.36507043849598586,0.04284755461987173,-0.3470244921064413,-0.3746638652357722
-0.33475729647357466,0.04339179423612345,-0.34247710886087324,-0.3745545321706703
-0.8013851056127732,0.04300050146745433,-0.34573491883280916,-0.3757207359232444
-0.15037798761598545,0.044163222563204804,-0.33622347755792903,-0.3751067229850774
-0.24203896697903787,0.04537571348015159,-0.3268240949967096,-0.3747451258220175
-0.20130637349981842,0.0456728350241604,-0.3245969024667062,-0.3742751021029872
-0.2418025992479984,0.046067046618780194,-0.3216862784516671,-0.3739170683114873
-0.12206761136878586,0.04654367373401966,-0.31823299067904265,-0.37323822880490315
-0.14064358531197643,0.04708861739590205,-0.31437038777808235,-0.37261297438691143
-0.12439018075200696,0.04846418228948079,-0.3050066485586909,-0.3719474977283728
-0.6503834344184569,0.047367936292922116,-0.3124250054313804,-0.37269197884251737
-0.06265433932797745,0.0,-0.3292128703525335,-0.37186521180381193
-0.1920345284231743,0.0,-0.32691665894109323,-0.3713869387097145
-0.2982361200000264,0.0,-0.3237585453436376,-0.371192904707832
-0.19118159999999595,0.0,-0.3212540973436375,-0.37071668432500704
-0.12355934401437992,0.0,-0.31899628293873666,-0.3700645541394909
-0.13424750406398495,0.0,-0.31631017709251663,-0.36944398295508174
-0.2742049799999833,0.0,-0.31188872230323733,-0.36919401181871664
-0.19030000000001018,0.0,-0.2895939451544389,-0.36872570288725404
-0.08076727424797814,0.0,-0.2829925626393993,-0.36797385320412274
-0.3643136383039834,0.0,-0.2840304354054789,-0.367964321394487
-0.16754399351999047,0.0,-0.2830993767359595,-0.36744374911429345
-0.5105017258563029,0.0,-0.2855619992530857,-0.3678143656343505
-0.11160208092000382,0.0,-0.2818989688714857,-0.3671523183870266
0.6418298968712058,0.04663548927131545,-0.26241725139486216,-0.36455184876007235
0.10513551714561542,0.05551184657508794,-0.25417997349546995,-0.3633444262256105
-0.18857393275774167,0.055952111328201486,-0.2520623816595851,-0.36289629675518004
-0.22923235875916886,0.05535165585644422,-0.2549588194122092,-0.3625544452513539
-0.1841369744752008,0.05493692646827884,-0.2569963321119695,-0.36209929864223106
-0.48365489793596084,0.05405923493008985,-0.26141140773804866,-0.36240860042160444
-0.3407012938055698,0.05337301520144386,-0.26496446376535987,-0.3623535057347617
-0.3289818292319987,0.05284474708037968,-0.2677625515206565,-0.3622690204777927
-0.3242145560639945,0.05226122136936308,-0.27091907560148853,-0.3621729233454346
-0.20060800000000445,0.052861444929552526,-0.2676732517858094,-0.36176595880300283
-0.5944884770879827,0.051492984839546015,-0.2751838672723693,-0.3623506887484425
0.3690104691208296,0.07853178535661114,-0.26189046892294043,-0.3605177033903741
-0.3243828960000114,0.07929507769802006,-0.25915467103471657,-0.3604273663718982
-0.12056779754878458,0.07942872105324357,-0.2586810746518524,-0.35982921283368596
-0.27198018799999324,0.08129059667547625,-0.25224505161769817,-0.3596106829211643
-0.095943492119993,0.0818576945062427,-0.2503429094600982,-0.3589564219018066
-0.2877845493367964,0.08182220902679305,-0.2504611604468344,-0.358780253900408
-0.19335999999997922,0.0963185752255152,-0.20940647714661037,-0.35837180882904895
-0.6411356098752177,0.09277483839882873,-0.218257755744115,-0.3590682713932021
-0.31106042553600044,0.09124890026139058,-0.22228088408254773,-0.35895031599797556
-0.38728544000000964,0.08980884865384353,-0.22620296088254796,-0.3590197648313138
-0.06284593865597851,0.0904289365843494,-0.224498796317242,-0.3582956234470221
-0.26780753880000485,0.08975738121944632,-0.22634546520015378,-0.3580749208015416
-0.18836849371197165,0.08925005614186665,-0.2277589543022978,-0.3576620097867251
-0.28779301944,0.08897097413240514,-0.2285433944318979,-0.35749242485869903
-0.1738481254359996,0.08882240077059046,-0.22896301319789805,-0.35704776553806294
-0.2476056109439817,0.08966065830725152,-0.22661371664685795,-0.3567834125076425
-0.9930016930039613,0.0851571063233207,-0.2397786045774657,-0.3583164686052239
-0.4067538267119799,0.08780108202149525,-0.23188597899944985,-0.3584329045622114
-0.33659026763597016,0.08653332286134394,-0.23561022459984954,-0.35838052413792787
-0.13293718627199214,0.08727162387982755,-0.2334281889857086,-0.35784118600906195
1.1076863158817147,0.17667632677950396,-0.20724833519807795,-0.354343507006936
-0.21026240230399532,0.17712018268274465,-0.2066175312591979,-0.35400045675764324
-0.23073836553438093,0.17560020594971013,-0.2087909463425098,-0.3537076726929799
-0.7065154679277115,0.1680889346729469,-0.22010838399482452,-0.3545437101224461
-0.3127474217454265,0.16572926165139767,-0.2238755288146929,-0.3544449009300655
-0.11341618055999333,0.17263826240508046,-0.21313618373752363,-0.3538764369669285
-0.4170562310559902,0.1680153751663759,-0.22022422157208388,-0.3540250953059616
-0.28787401943998303,0.16680744965493413,-0.22214101139242004,-0.3538698110903138
-0.12350505696800423,0.1690229014282854,-0.2186463901317796,-0.35333031517902025
-0.2407521099023825,0.1683884295582534,-0.21963780032982735,-0.3530672819891216
-0.209314633980004,0.16730199027470852,-0.22135290612913983,-0.3527321942315246
-0.2954166231839872,0.165297607353106,-0.22457628851153988,-0.3525989022058327
-0.8041375885607858,0.15903283632596651,-0.23517494068275593,-0.35364655577046133
-0.17808699361599473,0.15917186580084208,-0.2349306805550756,-0.3532401678951037
-0.27010236729200565,0.15704348885525665,-0.2387173824159562,-0.35304816373666703
-0.15404398848000417,0.15941074528716975,-0.23451198941947657,-0.3525896287706379
-0.19395383819616002,0.15910950659403594,-0.23504018631299994,-0.35222494879230576
-0.18033966038956584,0.1629592656322044,-0.2284369450036652,-0.3518307164794554
-0.21156339009837655,0.1617741755162177,-0.23043617118723264,-0.35150973861588314
-0.08449067112799143,0.11437720272834631,-0.2449625825472166,-0.35090010604170985
-0.1003679738879869,0.10600587697821738,-0.24907265236788867,-0.35032941781356924
-0.14745118727036752,0.1063197359916592,-0.2482501974581412,-0.3498683309259711
-0.17119655548799087,0.10676585522094963,-0.2470894813927176,-0.3494631795077444
-0.27639526000000736,0.10605841205762276,-0.24893464710321375,-0.34929786747265895
-0.23409417118318884,0.10799407602564715,-0.24394343256815834,-0.34903781398216355
-0.16654299227197605,0.10938729593188569,-0.24046026653748645,-0.34862678960894244
-0.29445759999997667,0.10966776083691837,-0.239769781952846,-0.34850506109296725
-0.2035651086871725,0.11065927933620912,-0.23735679300530957,-0.3481800836212054
-0.18388919567998657,0.11079809357336676,-0.2370224169189092,-0.3478125424848715
-0.510391257023995,0.11150165808309864,-0.23534047251762943,-0.3481754414012535
-0.08425007112801983,0.08310990164456716,-0.24440568332260643,-0.3475876343405113
-0.8051872929224002,0.08021611805486911,-0.2540217712610542,-0.3486045224706933
-0.5185894341503934,0.07796876056262152,-0.26198220399308636,-0.34898142914847535
-0.12710558041599068,0.07877204290654728,-0.25908471184140636,-0.34849055337694335
-0.20167919999997766,0.07818415336660182,-0.26119942599900603,-0.34816646650414645
-0.49785872688639127,0.07704179851175186,-0.26540090954999795,-0.34849618513934966
-0.08841637563518343,0.07760826425535172,-0.26330203706270205,-0.3479245811624174
0.19855683749762232,0.09582426985371999,-0.2465081881152452,-0.34672615699868925
-0.5289968764079955,0.09431638386055292,-0.2508669171326851,-0.3471249988354711
-0.1296141834399868,0.09610440388718758,-0.24571349200148468,-0.3466500843913761
-0.17052719251200188,0.09534900639663794,-0.24786711707860512,-0.3462663743872817
-0.35694101010958446,0.09473264895122153,-0.24964978650479672,-0.3462895801171128
0.0013694794400319343,0.09614541451026398,-0.24585502704175663,-0.34553543899009076
-0.2669678559359871,0.09629286016388086,-0.24543852377167638,-0.34536537928651045
-0.15581438871996692,0.09642090790467253,-0.24507784903735572,-0.3449559818986777
-0.29581174184959785,0.0960793812671958,-0.24604197165546807,-0.3448500675882271
-0.38001800781477213,0.10061091376736463,-0.2337822979516843,-0.344925697567209
-0.45296798554223855,0.10025442603172288,-0.23470658112828943,-0.3451575479705889
-0.15323461585198428,0.10168388228138309,-0.23103946809260972,-0.34474657809453185
-0.17845520543638,0.10132522969849121,-0.23194982847589748,-0.34439125464868114
-0.3485586023999855,0.015084608842196399,-0.2610747268415315,-0.3444001402515624
-0.08909322246000193,0.015223789545737235,-0.2586513432446516,-0.34385693404349527
-0.12430911799197913,0.015348175272483664,-0.25652275829380355,-0.3433908027992245
-0.48153605068797933,0.015617919874489234,-0.2520231699490089,-0.3436834834091583
0.9068640364084096,0.08862591700942622,-0.22763094078593224,-0.341039619730897
-0.28746142030398425,0.08740774824757058,-0.23111184558081205,-0.34092658555489086
-0.2953036843007934,0.08825635919316192,-0.2286767946457081,-0.3408305373417244
-0.23096638387199014,0.0886586799549069,-0.22753864193434825,-0.34059973029661994
-0.6352405776879831,0.08516747588537192,-0.2377733523487478,-0.3412174259934571
-0.1529623058879922,0.08574673124891048,-0.23601755626846,-0.3408235868300566
-0.3330333295919987,0.08493266027894089,-0.2384919301806999,-0.34080732324500845
-0.8837650054559928,0.08126372014320733,-0.25025889782614,-0.341938485082948
-1.573333031452811,0.07691956945098707,-0.2656428066839805,-0.3444985569049228
-0.20358483999999683,0.07678350555076598,-0.26615276361166057,-0.3442062047951615
-0.17652359395199668,0.07728524297433426,-0.26428118814486035,-0.34385903582861255
-0.18154128254266005,0.07713713287881771,-0.2648311340261135,-0.3435236685697572
-0.26977859999995824,0.07673163959981423,-0.26634762926218947,-0.3433716168819844
-0.30512027430000616,0.0760735426583715,-0.2688432415403983,-0.3432929104157664
-0.14582998319999668,0.07641880935120142,-0.2675285734024307,-0.34288744239273605
-0.1666299908800004,0.0759878560668088,-0.26917135979747087,-0.3425262590904559
-0.2446659736910351,0.07524243446183952,-0.2720573197935318,-0.34232613580743043
-0.16775588783200035,0.07513871557916525,-0.27246341380476446,-0.3419698699952357
-0.05525312817358055,0.07573484461342563,-0.2701445452584763,-0.3413859255108739
-0.5153266572607687,0.07451653892690319,-0.2749231732036915,-0.3417394635835363
-0.5152128654000157,0.07313237754179423,-0.28054554708802804,-0.34209133660953317
-0.12179425262641064,0.07334925821939121,-0.27965057229511675,-0.3416453910953973
-0.20159645137630455,0.07380345189972153,-0.27779334932264327,-0.34136246394444963
-0.14114350306560913,0.0741119371546133,-0.276544917210212,-0.3409587966846133
-0.16437327472797256,0.07420891397174888,-0.2761545987911717,-0.34060349382353355
-0.061987746030377794,0.07650915377166286,-0.2671865285712994,-0.3400440244504549
-0.16920839011198213,0.07606244526069338,-0.26888569495097864,-0.3397016684698167
-0.21102516933046386,0.07930051259515217,-0.2570024524791399,-0.33944431547153797
-0.30085502039999656,0.08055724352270673,-0.252647764204132,-0.339367290930477
-0.49404164392959526,0.07846174390376762,-0.25998648547440406,-0.3396754071715111
-0.14753498631997863,0.07876406801224879,-0.2589036012008041,-0.33929341826325754
-0.3531689198111935,0.07958352065203939,-0.2560098050593001,-0.33932094902029714
-0.30195669240000483,0.07838002899232117,-0.2602806113945966,-0.33924696039332625
-0.3217612652543952,0.06288581252335201,-0.27068697344963694,-0.33921240368356553
-0.27074532412398916,0.06403076318175853,-0.26552194240395677,-0.33907736013413836
-0.29284961977598273,0.06330227101004303,-0.2687866511306767,-0.33898636064524434
-0.3020191999999761,0.06272738950547675,-0.27141649128043616,-0.3389137336105778
-0.38092213899999205,0.06262366823774544,-0.2718961138582443,-0.33899610303291
-0.19563967999998017,0.06169697584875089,-0.2758362970470446,-0.33871556208764003
-0.30456270842400146,0.06153957590174136,-0.27658819409680485,-0.3386488572953283
-0.23744475809999435,0.061200560459689315,-0.2782208014844054,-0.3384515783495284
-0.30820679999995887,0.061149409468256234,-0.27846870264741264,-0.3383927363683035
-0.21143500503998877,0.061852516181641254,-0.2750970425919169,-0.3381462165016466
-0.14757298631996726,0.06316827450940107,-0.26898914260747153,-0.33777688853617827
-1.0748355012263822,0.059357812751794435,-0.2874211603149595,-0.33920253382184595
-0.2792496172799917,0.05896877275364856,-0.2894370485518317,-0.3390867946007227
-0.4045675049199772,0.05875478927377099,-0.29055722660223154,-0.33921296167262877
-0.20888903999999672,0.05830227916869269,-0.2929531429530315,-0.33896233874633525
-0.16268053167199578,0.05815880733635327,-0.2937205712266318,-0.3386239859496475
-0.25489897111678794,0.05901659225542283,-0.28918782963520795,-0.3384635932009255
-0.2901696195839938,0.0,-0.31312850275505605,-0.3383712529072029
-0.35091561545598526,0.0,-0.3143975866580961,-0.3383951925303876
-0.1736879919359952,0.0,-0.3119652728108001,-0.33808146452925536
-0.1483999899199875,0.0,-0.31031394493176007,-0.3377208533607967
-0.2694977999999979,0.0,-0.30299908937800035,-0.3375913978515732
-0.2788766278727933,0.0,-0.30551737581769634,-0.3374801956357043
-0.3618601085688383,0.0,-0.30609391139723313,-0.3375262824276384
-0.22353500455997702,0.0,-0.29288931137931284,-0.33731120454486924
-0.18354911666880638,0.0,-0.26509363308363276,-0.33702163375790867
-0.3582915586879989,0.0,-0.26818776745739276,-0.33706161481980734
-0.30430933900796997,0.0,-0.27074348235851226,-0.3370001658970834
-0.12737411056239645,0.0,-0.26966013891890694,-0.33660760774102594
-0.14997058369033356,0.0,-0.26726397859271445,-0.3362587534904639
-0.128881956320005,0.0,-0.2637392122331145,-0.3358718564808175
-0.14354617942921324,0.0,-0.2636935361576988,-0.33551370810641973
-0.1608370089695778,0.0,-0.2635776765194904,-0.33518903022698326
-0.06884380755200299,0.0,-0.2600612331967097,-0.3346948832461391
-1.23011006358238,0.0,-0.28130831671171724,-0.33635305950602107
-0.15871438564799017,0.0,-0.2833775418612055,-0.3360247070589637
-0.14130898823999188,0.0,-0.2758971884807899,-0.3356654529652017
-0.20243223523326276,0.0,-0.2696415758774549,-0.3354200879233381
-0.11521997599999517,0.0,-0.26951009034492657,-0.335015308305832
-0.08385772699199817,0.0,-0.26715531585724045,-0.33455446870709105
-0.16317520705677344,0.0,-0.2675959499370637,-0.334240587275497
0.2748234325200123,0.020795657248739993,-0.25881201579210406,-0.3331271247164559
-0.19590255482557675,0.020587044188738662,-0.26149031196800804,-0.3328767149173849
-0.12396717889920354,0.020657051402080844,-0.26058548774375245,-0.33249618752937365
0.048923884240008375,0.0247266111939503,-0.255386506672343,-0.331802696489793
-0.439054604832793,0.024468343709857197,-0.25815049836099896,-0.331997346051214
-0.1452323567040497,0.02513085565060571,-0.25117431261648804,-0.33165900367920825
-0.09412345283997575,0.02523548361526471,-0.25010608194688794,-0.331229463804273
-0.14596916417439038,0.025649748192281156,-0.2459620868341519,-0.33089505893129484
-0.37532003839998457,0.02550152294751134,-0.24742935375415148,-0.33097510393934654
-0.25044961036799485,0.02564557948479233,-0.2460031206564235,-0.33083027391493763
-0.19445997177597718,0.025801496095227694,-0.24447741360946323,-0.3305854439290508
-0.35661640703918995,0.025671036312999853,-0.24575274935472738,-0.3306320944005744
-0.35157723599999546,0.02557055357962095,-0.2467439100747278,-0.33066956334797937
-0.5408578165615587,0.02525157046056242,-0.24994262362595912,-0.3310448995144322
-0.4111107488399843,0.024834200333357342,-0.25425204500275916,-0.3311876193884528
-0.1870868941199764,0.025060026358336082,-0.2519025287166787,-0.3309312124039893
-0.5221452598079739,0.02451967251629146,-0.2575965387508383,-0.3312708465912078
-0.6963480960479855,0.02381945940236255,-0.2653593646717988,-0.33191814667889713
-1.1850913012556596,0.022227192012015607,-0.28483249059611226,-0.3334281876604489
-0.5822697492239972,0.02158305573053422,-0.2935264258541928,-0.3338678370625046
-0.11163945190397798,0.023064063264290564,-0.2742625048677448,-0.3334758998752762
-0.2550643334359729,0.02310387082622671,-0.2737787991908644,-0.33333785134281263
-0.2864359757599878,0.02330029996292496,-0.2714161686076646,-0.33325542273897635
-0.23332140849598526,0.02325940032927116,-0.27190481597758437,-0.3330800999069711
-0.4048034279839623,0.022861717310654197,-0.27674727390382364,-0.33320570993862964
-0.45420259489197046,0.022544426813038514,-0.28073334637932734,-0.3334172429542823
-0.41784608784680927,0.02234575379436142,-0.28328687574458367,-0.33356458823332685
-0.2079805457343982,0.022568406783910554,-0.28042817435015194,-0.3333458007028409
-0.26668040000001586,0.022423049468782045,-0.2822880225114323,-0.33322986087553164
-0.1857629954399973,0.022365172928523292,-0.2830352826218325,-0.3329738420119283
-0.14701828283998952,0.022556022889333883,-0.2805856922786324,-0.3326515620133634
-0.29557638000001496,0.022529809456853567,-0.2809196873211768,-0.3325874180998455
-0.2206999232927809,0.022753325364807713,-0.27809648361565564,-0.33239417544905614
-0.937341500183918,0.02166638515690559,-0.2923726135281345,-0.33343718807790934
-0.12695358036796717,0.0217487604496528,-0.29124070280211767,-0.3330817946050867
-0.22465638473594746,0.02194577579461869,-0.28856799932307664,-0.3328954966499851
-0.2261584018719902,0.02206265485769812,-0.28700498058035706,-0.332712414154654
-0.08865896817598695,0.022121017851368514,-0.28623067773262884,-0.3322945144183892
-0.2958372000000015,0.02190271829421206,-0.28914801005882224,-0.3322321942228022
-0.3869309999999989,0.02152690198160193,-0.2943089909324221,-0.33232553689477695
-0.08326857040798108,0.021613529738855355,-0.29310343875199746,-0.33190124904726964
-0.2735067999999947,0.02145216887276085,-0.2953568345726058,-0.33180193875977426
-0.21121239999998473,0.02125168813361362,-0.2982042064215655,-0.3315972027007594
-0.23113300470400466,0.022743081029456196,-0.2782246652439979,-0.33142692439906996
-0.37215965279995916,0.022407099583595266,-0.2824935705870373,-0.331495846105332
-0.29587950251997297,0.022169923813590064,-0.2855849808726369,-0.3314356833627892
-0.16805899016000575,0.02222223158615497,-0.28489751597117174,-0.3311601746052803
-0.22376300455998976,0.022057890030429732,-0.28706837654237166,-0.3309793712887057
-0.2911202870000175,0.021750738520147816,-0.291213627742532,-0.33091238123107763
-0.2905579999999679,0.021566172532101763,-0.293761283601396,-0.33084467253773686
-0.1968280964720095,0.003216848156593531,-0.3031943141812364,-0.3306201891607424
-0.16126220397118182,0.0032241918203837596,-0.3025015071641485,-0.3303369818276494
-0.13454533927997445,0.0032219457244095613,-0.30271307037176387,-0.3300101176497735
-0.46878760665149355,0.0,-0.31306730018959394,-0.33024141346477637
-0.21625108176158675,0.0,-0.3086112297281698,-0.33005174569155976
-0.29129994239996476,0.0,-0.3115325814420881,-0.32998737392529465
-0.3362373343440039,0.0,-0.31637485907216867,-0.3299977387021084
-0.40349677119598565,0.0,-0.3215254112126006,-0.33011942584199894
-0.19760279999997765,0.0,-0.3179710664446005,-0.32990039009680555
-0.34592833866236805,0.0,-0.3198806410104879,-0.32992683885681473
-0.3802350316799422,0.0,-0.3235961422085672,-0.33000971891088904
-0.49442889839994175,0.0,-0.32635239203578226,-0.3302801451929434
-0.4903197243360113,0.0,-0.3291272418025025,-0.33054293596329326
-0.18256352130157918,0.0,-0.32196135589730296,-0.33030034675892983
-0.2658711999999808,0.0,-0.3190565649205029,-0.3301948980735633
-0.3058175999999592,0.0,-0.3214311790381026,-0.33015506588716853
-0.209168697815989,0.0,-0.31517164779826284,-0.3299576982394178
-0.15146491599599626,0.0,-0.30427398419722307,-0.32966699338234384
-0.23114134649919987,0.0,-0.2851949851020939,-0.3295067890784688
-0.23544176356799912,0.0,-0.27825842538897394,-0.3293540861149778
-0.12577878051199617,0.0,-0.27854121196113424,-0.3290241423457671
-0.10623956112000363,0.0,-0.2755647165148149,-0.3286636494958873
-0.3128594028461037,0.0,-0.27609318505653724,-0.32863811759499906
-0.0912965745119724,0.0,-0.27325268837685696,-0.32825530865454255
-0.28511699999998275,0.0,-0.27085895981717734,-0.3281858427790924
-0.14230772016143836,0.0,-0.2646210623225667,-0.32788700335366205
-0.2544256087359936,0.0,-0.2613526527403504,-0.32776908779247804
-0.20385823999999675,0.0,-0.26127020662566236,-0.3275705127158875
-0.567374462975986,0.0,-0.2672840878851818,-0.3279541990363037
-0.5571614983495953,0.0,-0.2747120579433738,-0.3283203448818521
-0.15953916851197927,0.0,-0.27496247565681353,-0.32805115640279325
-0.11357368091998296,0.0,-0.2713224216752129,-0.32770963176030465
-0.2804209233695667,0.0,-0.2725168416767486,-0.32763445098384886
-0.40864717336796264,0.0,-0.26194295514042953,-0.32776304260668077
-0.5326051297420853,0.0,-0.2700559861279119,-0.3280876734896212
-0.3151614652287879,0.0,-0.27186608773776866,-0.32806722062844895
-0.3683807869463622,0.0,-0.2747105354392561,-0.3281309071471187
-1.0768525759999852,0.0,-0.2944744075957361,-0.32931185615161845
-0.32875169236000057,0.0,-0.2951326974429361,-0.3293109740039151
-0.38198820000000155,0.0,-0.2950338414429361,-0.32939379983095296
-0.14566638732798018,0.0,-0.2962817977813361,-0.3291053737516705
-0.41018184871998975,0.0,-0.299015298755736,-0.32923245286604086
-0.23667259255998058,0.0,-0.2995245026069359,-0.3290876017544508
-0.127513714299997,0.0,-0.2974521167988558,-0.3287726425553032
-0.5729811130943854,0.0,-0.30146854600474426,-0.3291536230085623
-0.37576754259999473,0.0,-0.3030663068063447,-0.3292262303599508
-0.6132108504959908,0.0,-0.3119693440130644,-0.3296678860677829
-0.057959949599969474,0.0,-0.30865328291386407,-0.32924597933413724
-0.37843460000000284,0.0,-0.31039956917386374,-0.3293222407615262
-0.15115598982397146,0.0,-0.3076115289703438,-0.32904644161146807
-0.739273798917002,0.0,-0.31846044301924364,-0.3296804869859743
-0.40132010110396765,0.0,-0.3232616009618994,-0.3297910419460329
-0.6496266507640043,0.0,-0.33356322719157994,-0.33028385490260914
-0.23192338382399322,0.0,-0.32882594273502996,-0.33013253110094976
-0.2698758400000234,0.0,-0.3298984378997987,-0.3300399708995658
-0.5811815477887996,0.0,-0.33569607000757534,-0.33042515736718736
-0.301459536799183,0.0,-0.33500051405667897,-0.33038079960215216
-0.16872054994878283,0.0,-0.33030498963173494,-0.33013361267607666
-0.1954543319400325,0.0,-0.33026202027053597,-0.32992799545357887
-0.14415996159999894,0.0,-0.32622665272928864,-0.3296448124751435
-0.2268185845919617,0.0,-0.323158323787529,-0.3294883037569043
-0.1442622822159868,0.0,-0.3161549914638499,-0.32920680524392415
-0.13624611787843807,0.0,-0.30907351933469845,-0.32891399691711765
-0.29649735599997873,0.0,-0.31135219602866643,-0.3288648807945159
-0.37894179999996647,0.0,-0.31361360802866617,-0.3289406401276558
-0.31583952991357067,0.0,-0.3138140466269384,-0.32892084993095777
-0.057749949600013645,0.0,-0.3107856716626189,-0.3285118440481057
-0.19403119894399673,0.0,-0.3116369973215789,-0.32830931295608146
-0.09265370590000538,0.0,-0.308867244509595,-0.32795494362216254
-0.27050771999997814,0.0,-0.3095685636382346,-0.3278686865296367
-0.0910773670719986,0.0,-0.30887453536943466,-0.32751367705518747
-0.28859644799996964,0.0,-0.31252167310703394,-0.3274554177302545
-0.5046513674080118,0.0,-0.3163575123982721,-0.3277202846206547
-0.1837199711999806,0.0,-0.31820598033203223,-0.32750535877972836
-0.319083636772783,0.0,-0.3188853130674883,-0.3274928077782277
-0.05396429859918492,0.0,-0.3171184446362432,-0.32708577130623506
-0.17049687485759857,0.0,-0.3154398699586753,-0.32685309835460263
0.09179302677600623,0.005896212054634292,-0.3095268446231552,-0.32623196167043256
-0.17105544310954746,0.006050233230856698,-0.3016004642258265,-0.3260020705318239
-0.1914335976960006,0.006199681150358464,-0.2942859062127546,-0.32580300474360524
0.26097755254943844,0.024085576421950895,-0.28587557179152623,-0.32493626832219746
-0.45500175550402766,0.023536903852637535,-0.2927041332832071,-0.32512810532394054
0.25843215360004546,0.041557055408961346,-0.28192707174381487,-0.32426866458914827
-0.20759040000000512,0.04213302671370469,-0.27790593627645577,-0.32409707890592887
-1.4647523059567646,0.03958913911906582,-0.29654887980074934,-0.32577204987076125
0.24048332940803666,0.056315462197972746,-0.28543598390801284,-0.3249417633908803
-0.2052688200000043,0.05692946598183962,-0.28217374456908567,-0.32476654678269457
-0.816332696311957,0.05793840513337522,-0.2769633469753251,-0.32548521074399467
-0.35553997516797814,0.05783301312245951,-0.27749911263148463,-0.32552908631249683
-0.39395399999999686,0.057786060364628994,-0.27773842863148457,-0.32562883108463603
-0.2881572680000247,0.05723274189144496,-0.28058824624492545,-0.3255742873246875
0.774792325562917,0.1123963630769271,-0.2568887627592673,-0.323974917247816
-0.29401919999996134,0.11195270714559417,-0.2580356949080669,-0.3239314401545681
-0.19707839999999346,0.11141920620405608,-0.2594269886220668,-0.3237475951688368
-0.3472930177826202,0.11316884049044541,-0.25491322671583155,-0.32378166958651233
-0.229993403120008,0.11432845432440697,-0.2519977439262318,-0.32364613740953757
-0.20777199999998322,0.11768229578477796,-0.24388896691631168,-0.3234789308620491
-0.0946681683199754,0.11737056095643468,-0.24462313129071178,-0.3231492323569452
-0.2056506999999744,0.11885247283034141,-0.2411674532907112,-0.3229801697204604
-0.11876716428798823,0.11913443603544285,-0.24051967677999156,-0.3226867602298965
-0.39481959999997507,0.12221801974246682,-0.233630592801651,-0.32279025067432987
-0.2933551999999832,0.12321765711393534,-0.2314712947795713,-0.3227480801146245
-0.07892525807036574,0.12878568195635823,-0.22005726692569855,-0.3223992634879517
-0.031867916115206146,0.13085855076681216,-0.2160561575715228,-0.3219842187059907
-0.5555423470464183,0.12791855517417708,-0.22176948771245072,-0.322317397205763
-0.38035153999999816,0.12997142655101177,-0.21775288755667468,-0.32240006692484313
-0.2966499999999771,0.13002139750844183,-0.2176566968206906,-0.32236343809564705
-0.29513802000001516,0.12872056445674762,-0.2201850462217152,-0.3223247656267612
-0.19352498199997384,0.12874022180345254,-0.22014645922291404,-0.32214207089821256
-0.3033856000000129,0.1271378845282685,-0.22333097199091434,-0.32211550365897995
-0.23461678444799305,0.12706043275322132,-0.22348693598803496,-0.3219917430943251
-0.18002997551997113,0.12670639343515147,-0.2242022898541146,-0.3217912321231749
-0.5402766489535888,0.12284001570968332,-0.23228290047561767,-0.32209939209049565
-0.5285727226079737,0.12072402231080287,-0.23692440780777754,-0.32239019959826676
-0.3982247994239897,0.12055148122002471,-0.23731006779625802,-0.3224968586697516
-0.20394560000000067,0.12155961951807279,-0.23507218919798661,-0.32233035409296823
-0.27014960000000054,0.11966009813232047,-0.23932018220598636,-0.32225716930461906
-0.15103406598400088,0.12003982024811326,-0.2384602395467864,-0.322017361036663
-0.8229522531400184,0.11390073045655762,-0.2530662104915867,-0.322717969277367
-0.2714988599999793,0.11389282531625225,-0.25308603329158674,-0.32264643420854383
-0.6097482640799763,0.10990126548939164,-0.26345945123174624,-0.3230468551707076
-0.6023194150079392,0.10761990809366692,-0.26973391057190566,-0.3234358141676954
-0.11454180753276919,0.11047145814896278,-0.26193171937440085,-0.32314528008336313
-0.31397300407996764,0.10950270200558757,-0.2645367800320006,-0.3231325408111361
-1.6697639329679002,0.1003751308439554,-0.29155038595590294,-0.3250002681234202
-0.6390617558077123,0.09687707253146753,-0.30325233510007343,-0.32543525633350917
-0.47394562150395725,0.09515718657251317,-0.3093213100330006,-0.3256406648607159
-0.4007375999999827,0.08772998719751506,-0.3191719225685204,-0.3257443899092508
-0.3102879999999821,0.0870372402414482,-0.3219565737063291,-0.32572307075075524
-0.39275036000000607,0.0860547224866708,-0.3259829089524092,-0.32581539484063027
-0.20465355128399462,0.07061057809234043,-0.33529553102907783,-0.32564873480822776
-0.6766399216617905,0.06975351927374347,-0.3397282943522331,-0.32613086555940024
-0.46801171303197203,0.05421125468254492,-0.3542571716848735,-0.3263254894928331
-0.6442986905279547,0.05297594558344597,-0.3629913374954325,-0.3267610692202785
-0.16396237446399697,0.05683344523237819,-0.33697553886557713,-0.32653836238750655
-0.15842675268861084,0.04299032949218355,-0.3449537405075101,-0.326308701718519
-0.12216253797437543,0.04318948731299633,-0.34329161486699755,-0.32603019399171934
-0.09337495799998535,0.04500311538057431,-0.32883246010075806,-0.32571322500535455
-0.10205651153600598,0.045675613840767425,-0.32376279082811865,-0.32540893015709693
-0.4796582558399675,0.04544600048835269,-0.32547687594491803,-0.32561850804525305
0.5578089666359869,0.07950854529532513,-0.30855755125219775,-0.3244198276182771
-0.3090816023039964,0.03267857822335144,-0.33023502980953606,-0.32439904411514126
-0.39468808377437653,0.032486984044393916,-0.3322484074850244,-0.32449415783592506
-0.2698863919359954,0.03234980913566559,-0.33370456732374437,-0.3244203635576819
-0.19120859870398504,0.032645315373186934,-0.33058287894217175,-0.3242405905956661
-0.4297070103439621,0.03226816263039327,-0.33457715108665076,-0.32438272862767187
-0.2968880000000025,0.032102667374136425,-0.33635947108665115,-0.3243457236093305
-0.4967055248119614,0.031376680069933695,-0.3444002182164909,-0.3245773900087964
-0.6066376452620388,0.03068457529009845,-0.35241995712173213,-0.32495599437826383
-0.6394834520567707,0.029830117235611638,-0.36283428287710784,-0.3253776129542404
-0.6440579795584079,0.029437753329097423,-0.36781905046827645,-0.32580422656415226
-0.31045199999998396,0.029411216624382036,-0.3681609864682765,-0.32578370219708785
-0.053517351887959974,0.029450670672071376,-0.36765282834462837,-0.32542019572137476
-0.5510016399359802,0.028664999393055134,-0.37803550282104387,-0.32572097098032754
-1.1377324570799914,0.027832314673156507,-0.3896793050217153,-0.3268022113080235
-0.3624221970431478,0.027857235716950993,-0.3893207181625783,-0.32684957831033085
-0.24218455023359503,0.02793321488687314,-0.3882314091672507,-0.3267371413540537
-0.3990130199999834,0.027788666193624897,-0.39030890916725,-0.32683299795703236
-0.35716201872000986,0.027563964934593642,-0.3935816499016508,-0.32687316884546014
-1.1711588573951999,0.026430600725478485,-0.4109371150495545,-0.3279899488567693
-0.5182651245598588,0.026080082383841068,-0.4166100818517918,-0.32824130311793587
-0.35721601382400797,0.02586580371329711,-0.42015380261787255,-0.32827952832994917
-0.40122339999998313,0.026033667486344156,-0.4173727376388004,-0.328375633562716
-0.295698680000007,0.026319724289178555,-0.4127152567866411,-0.32833263757118614
-0.2699535919360061,0.026479990827960702,-0.41014983263688143,-0.32825592397639614
-0.2704687999999924,0.02639663154280647,-0.4114802966368813,-0.3281800878556922
-0.16807949114398568,0.026524750354599107,-0.4094388944597609,-0.32797025745371094
-0.36784799193600526,0.026254074386445947,-0.41377517297880106,-0.3280224534412532
-0.3930934399999575,0.02679621317327127,-0.40517799671599986,-0.3281075135544018
-0.2784999759999903,0.026787204048695386,-0.40531801903600007,-0.32804275175602793
-0.20076521999997818,0.02732385155427575,-0.3971383581544001,-0.3278768097328779
-0.16001757062398236,0.027928955337116014,-0.388292321266721,-0.3276582430152882
-0.38649919999997784,0.027553765533380823,-0.3937314691160651,-0.327734759214228
-0.3951882799999945,0.027443668565821044,-0.3953557746344657,-0.32782236118927444
-0.4906949624728667,0.029133686558242746,-0.37177439522456496,-0.3280336096993699
-0.1343486529335951,0.02992245915618975,-0.3616801331670827,-0.3277827224496733
-0.2827500180000082,0.030232532347769646,-0.3578562210970037,-0.32772446539346417
-0.5051498551199349,0.030062408856020323,-0.3599444661994028,-0.3279536971631366
-0.39445626000000245,0.02992665729093302,-0.3616278313994032,-0.32803950692163575
-0.19892565598080214,0.030241127732974736,-0.35775133731901904,-0.3278731230931038
-0.6739906647084611,0.029490744492298177,-0.36713807958750844,-0.32831857681461646
-0.8566593225343807,0.02921271461168262,-0.37073846760496015,-0.3289976780301946
-0.6341007389152064,0.028960808879348727,-0.3740602481226249,-0.32938933792863484
-0.9791893352160084,0.028465868764508635,-0.38075806101638593,-0.3302224148482341
-0.16834997599997792,0.028459496506614952,-0.3808458130471055,-0.3300151518023336
-0.6359422525119947,0.027782630722573542,-0.3903961230435732,-0.3304063629285608
-0.41446079999994545,0.027383963603922718,-0.3962420882840846,-0.3305137121457657
-0.3922450191999858,0.026987992215420177,-0.4022194895080846,-0.3305924510578246
-0.42882303815998507,0.026567961661805254,-0.40875482004056424,-0.3307175855636872
-0.5046888247679966,0.026536325466293732,-0.4092554314191248,-0.33093892301814565
-0.3627639135599711,0.0,-0.42766688902304395,-0.33097936137969813
-0.6496837774560056,0.0,-0.4344789325260841,-0.33138380860822136
-0.32313600979200424,0.0,-0.43304789104643665,-0.3313733551242971
-0.8393432419327276,0.0,-0.44443702804637136,-0.33201635498101667
-1.3378557775439375,0.0,-0.4673699716231704,-0.3332879598135868
-0.5897561632516337,0.0,-0.4705709546813238,-0.33361178330277624
-0.6290500600000358,0.0,-0.47721419588132447,-0.33398434102875
-0.7433879122399493,0.0,-0.4821478436298843,-0.3344999626549607
0.2625524485632311,0.01117208590721809,-0.46476404175337893,-0.33374895333267357
-0.23189975089916182,0.011369268015999733,-0.4566123677302267,-0.333621002073335
-0.5472987603177573,0.011417105109670835,-0.4546771833454137,-0.33388910465582483
-0.48611905413199535,0.011330552269509327,-0.45819052442805386,-0.33407986900353936
-0.3708135338255698,0.011177498346319523,-0.46453644806680616,-0.33412584355275343
-0.44020519239357603,0.011230471075788492,-0.46232051911595795,-0.33425844273880445
-0.6632393443103883,0.011463127438650368,-0.4528306568605659,-0.3346691554748489
-0.6062072259999722,0.011342401911166897,-0.45770635743970245,-0.3350077316226358
-0.9283966427039211,0.011015840426053887,-0.47143059928910896,-0.3357466966426624
-0.6092629487424267,0.01091951503711417,-0.47563559786395787,-0.33608689098607
-0.2796336725759924,0.01095483772518209,-0.47408503094107746,-0.3360167627644426
-0.207312559999997,0.011413856079191332,-0.4548081049931734,-0.3358570801307398
-0.38143699999996467,0.011482155198912544,-0.45207154250197545,-0.33591356082450585
-0.2711071999999761,0.01152555791459685,-0.4503493662254949,-0.3358333549323963
-0.3648775126000191,0.011543976513725409,-0.4496224484774956,-0.3358692562397728
-0.47012692042396853,0.011456116035008275,-0.4531110132859748,-0.33603500644246936
-0.37423341627200946,0.011404225586875153,-0.4551966097726949,-0.3360821068245033
-0.657150783839971,0.011215845205643935,-0.4629302494494945,-0.3364775115991529
-0.7180102911839226,0.010958407924095541,-0.4739288654502933,-0.3369468016109423
-0.4113729019070259,0.010938536522851748,-0.47479936364971365,-0.33703823416658857
-0.4679046604287968,0.010904549149498758,-0.4762955880582904,-0.33719880646875083
-0.37930000000001074,0.010859087456195082,-0.4783115885382908,-0.33725040106866655
-0.09678597263997327,0.010905989200075895,-0.4762320035910907,-0.33695607496287866
-0.33032802736477423,0.010829377728195743,-0.47963821272590657,-0.3369479722152038
-0.5055544836799857,0.010776458662155871,-0.48201931839950674,-0.33715384097157103
-0.7188324975358977,0.010635181246439866,-0.48849220275022476,-0.33761930274786894
-0.7515635402304053,0.010523974691191752,-0.4937095743053756,-0.3381234979214165
-0.5405534279164913,0.010355368199492399,-0.5018336698050334,-0.33836976304306504
-0.38455900000000465,0.010313952909021906,-0.5038698494450334,-0.33842588605273327
-0.30772014162557737,0.010394570185587104,-0.4999212551751463,-0.3383886217997877
-0.43010760910076773,0.010379919416820507,-0.5006342821571615,-0.3384997963298495
-0.5733343388079954,0.010228515734297703,-0.5081224558137054,-0.3387840996500409
-0.27924000000000204,0.010388273803258722,-0.5002274425195362,-0.3387120995295451
-0.2775473960735859,0.010631886635659588,-0.4886452039903203,-0.3386382291147432
-0.18236833591194468,0.01082999544237198,-0.47961055593025514,-0.3384497250216156
-0.41232366000001486,0.011089291651270235,-0.46827324242593527,-0.33853872976255345
-0.21785398723196364,0.011066153704295818,-0.46926332265057497,-0.33839350143219166
-0.32744000359996167,0.01121194102829513,-0.46309327767233427,-0.3383803361703741
-0.3621763944799551,0.011237030323364748,-0.46204758956193454,-0.33840890286702424
-0.3374000080639966,0.01126346930900448,-0.46095068933921474,-0.3384076931610255
-0.207312559999997,0.011371530387570602,-0.4565204797760149,-0.3382506930015512
-0.3778293199999857,0.01143435612127581,-0.4539832896806547,-0.33829803585681245
-0.3607316193919905,0.011435368242113957,-0.45394264379729515,-0.33832483822662746
-0.30182511391435723,0.011611289103977409,-0.44698547052646215,-0.33828128246969164
-0.18357691176959406,0.011683398475190726,-0.444194288566014,-0.33809689108625884
-0.2634799904000046,0.011990665364767623,-0.43267702353535953,-0.33800806144258466
-0.21264160000000512,0.012640222131872207,-0.41017273998448084,-0.33785899311744494
-0.1322400092604072,0.01292491243538,-0.40102241690465634,-0.3376147900487311
-0.24715206162397152,0.013172557119062128,-0.39338445693713503,-0.33750747957610383
-0.1431763580479793,0.013581542190676026,-0.38138022585329556,-0.3372772294321132
-0.3953091150847993,0.0,-0.3945374571262562,-0.3373459062198678
-0.17834697143997935,0.0,-0.3934664015370726,-0.3371579642165819
-0.10464731209438269,0.0,-0.3846133725726051,-0.3368834534112428
-0.3571569354079643,0.0,-0.3820341301981245,-0.3369073608192578
-0.40109796459997915,0.0,-0.3826398188136126,-0.3369829681264201
-0.3127371365519719,0.0,-0.3800904576967806,-0.33695444361868543
0.01965497763834434,0.001071624981692957,-0.36643257125780593,-0.336535396120146
-0.3786082625279306,0.0010850899801600827,-0.36188059198836514,-0.3365847774187467
-0.46083923587519215,0.0011138408699391986,-0.3525294438517906,-0.3367304450136546
-0.20116198128000393,0.0011402104514257637,-0.344367424502542,-0.3365716997399618
-0.3576596052791725,0.0011350726761837865,-0.3459279431566057,-0.3365963639569667
-0.16591236539197388,0.0011377929758372399,-0.34509993926444515,-0.33639696676238146
-0.3439700343199877,0.0011402660971988774,-0.3443505999508457,-0.33640580348065174
-0.2895710997423431,0.0011390459889867256,-0.34471987794569303,-0.3363512175788588
-0.12769958017600241,0.0011549203042243595,-0.33997631929721267,-0.3361083169532443
-0.22229246147996584,0.001171987578266198,-0.33501963011833263,-0.3359759729352521
-0.23841393535513888,0.0011815565891243208,-0.33230324049999527,-0.3358626604641951
-0.37827135999995765,0.0012017029010811789,-0.326725652023195,-0.33591185849149874
-0.21178079999998461,0.0012400845195189327,-0.31660106219951617,-0.33576802180726756
-0.2786041599999656,0.001250560125353724,-0.31394568736137496,-0.33570185993017576
-0.29712599999996747,0.0012642978569594357,-0.31053011415279835,-0.3356572635603142
-0.1853578714240084,0.0012802695301496758,-0.3066512715812783,-0.33548370768024927
-0.22303998079997728,0.0012698266935565188,-0.30917635174447844,-0.3353540148003412
-0.3539885871839904,0.0012678885854135115,-0.3096495629408627,-0.3353754832017048
-0.5271442055527262,0.0012661252608427704,-0.31008135737831755,-0.3355961606727647
-0.5303439333999841,0.001281687470590428,-0.3063115860955993,-0.3358200086873937
-0.5400295170399596,0.001299614333889729,-0.30208090563179035,-0.3360544627727583
-0.6448647429223875,0.0012907120238601038,-0.3041671319319083,-0.3364086030022877
-0.27838500000001093,0.0012997744184102755,-0.3020436519319084,-0.33634213839403765
-0.4077794400000147,0.0012912305084469115,-0.3040448378993971,-0.3364238744370651
-0.2790319999999904,0.0013041742911474254,-0.3010233257173816,-0.3363582837234227
-0.49818674993980666,0.0013107098797158372,-0.2995203739400178,-0.33654301941545056
-0.7594764580759551,0.001270036945794538,-0.3091251031015369,-0.3370252696305709
-0.4035761327975822,0.0012597778906084667,-0.3116456778360168,-0.3371010678801916
-0.3510244984399865,0.0012463053929482946,-0.31501880108657765,-0.33711690796046445
-0.32806873370875317,0.0012529995847299243,-0.31333370256075244,-0.33710662594426927
-0.44021717577596015,0.0012354858390932148,-0.3177809663316324,-0.33722366402580356
-0.7339748344559128,0.0012047006294155995,-0.32591166294875135,-0.3376734952847946
-0.34087693639997235,0.0012062754156646198,-0.3254856737871517,-0.3376771231909273
-1.6161462551863743,0.0011184959916144099,-0.35106059872959927,-0.3391233552406959
-0.6093520017575702,0.0010934786675557107,-0.3591013875647508,-0.3394286983441048
-0.9409745499791657,0.001060260864783603,-0.3703642921643343,-0.34010764400057775
-0.03217399902227444,0.0010793915594174656,-0.36379313975694005,-0.3397604809284489
-0.30189798012798275,0.001079387240151511,-0.36379459708121253,-0.33971784297709706
-0.32550718425596115,0.0010710391885681086,-0.36663320253093984,-0.3397018579841599
-0.22598995535992716,0.0010732317014133014,-0.3658834018301383,-0.33957409180143605
-0.28253999999998847,0.0010691510711272792,-0.367281369830138,-0.33951008047505954
-0.2722305599999981,0.001061071101467293,-0.3700811808449298,-0.339434655003675
-0.2886392183359857,0.0010586999543598403,-0.3709109239791701,-0.33937777321569323
-0.31417700407998506,0.0010490374636446232,-0.37433093689981023,-0.33934958443589935
-0.31053399999996667,0.0010538055853064798,-0.3726354345981136,-0.339317388252172
-0.46110901281597044,0.0010380681157763066,-0.37829067542563344,-0.33945331640458704
-0.5255064119519521,0.0010154962050163932,-0.38670785742278474,-0.3396607334564793
-0.2569749867999833,0.0010207797727727211,-0.3847042184506251,-0.33956865578759676
-0.27546501295677334,0.0010274838354069208,-0.382191559417761,-0.3394973502894535
-0.40105439999996295,0.0010227618724314505,-0.3839579046867208,-0.33956574701135406
-0.0753110212583768,0.0,-0.3858572246646553,-0.3392724565277214
-0.16293718508560237,0.0,-0.38154380311580866,-0.33907696287867256
-0.20105798127999813,0.0,-0.3763481780239048,-0.3389241179378102
-0.401277804771176,0.0,-0.38035049449372826,-0.33899309325510374
-0.32025353660960576,0.0,-0.3796023731203369,-0.3389723865626778
-0.7028935325119312,0.0,-0.39034199646273615,-0.3393740655317167
-0.28439519539200364,0.0,-0.38915049968417637,-0.339313449357362
-0.28221359999996654,0.0,-0.3890033496893288,-0.33925056406071286
-0.5338565015263818,0.0,-0.3971264881163365,-0.3394646520007191
-0.9235930062399622,0.0,-0.4111524990115364,-0.3401065512910919
-0.2720195999999985,0.0,-0.41182461230443357,-0.3400318125959315
-0.23705415287677303,0.0,-0.40900026816196994,-0.33991889849536233
-0.678002585627985,0.0,-0.41832470387452986,-0.3402891982622107
-0.32074971251986556,0.0,-0.4191676149249279,-0.3402678202690572
-0.4327700845899045,0.0,-0.42188049661672666,-0.3403689156398996
-0.3019895999999603,0.0,-0.42421313118824566,-0.3403270168236988
-0.6753198959199107,0.0,-0.4332587294906443,-0.34069233075946354
-0.4568805628799606,0.0,-0.4353165690045638,-0.3408188974611199
-0.17851899471999091,0.0,-0.42834406478790904,-0.34064229256151035
-0.30687499880001046,0.0,-0.4238746860959096,-0.34060558898133475
-0.27350985110393045,0.0,-0.4185442927771889,-0.3405327380172985
-0.1910518004975793,0.0,-0.4094680339286928,-0.3403706111870168
-0.7865231462400353,0.0,-0.4196307968534933,-0.3408539833810071
-0.8076549042911743,0.0,-0.42762830613931657,-0.3413591791828579
-0.388888219151995,0.0,-0.42982543052235656,-0.3414105619287705
-1.2447582922392164,0.0,-0.44475686136834475,-0.3423860994345053
-0.46836354428000376,0.0,-0.43893460309242577,-0.3425219974332599
-0.4805614714320298,0.0,-0.4404743098651147,-0.3426707468664483
-0.32181601267201093,0.0,-0.4398901401497552,-0.3426482982828159
-0.5912664455039432,0.0,-0.44515409438565895,-0.3429156296239139
-0.13157998183679767,0.0,-0.4389813505068757,-0.3426886310763445
-0.3155841115439901,0.0,-0.43061353604863734,-0.34265954897384193
-0.41518079999998003,0.0,-0.4320996133206375,-0.34273727807462023
-0.27192508000001336,0.0,-0.40521518981691024,-0.3426614620167245
-0.10597383793757953,0.0,-0.3951476265405104,-0.3424083201727896
-0.2359414856591805,0.0,-0.3810469652541107,-0.3422945735547195
-0.4206038200000006,0.0,-0.3888155616736652,-0.34237814799062694
-0.5097666493919856,0.0,-0.3929729350589453,-0.3425566005507564
-0.29736399999999286,0.0,-0.3924100713738259,-0.342508472115665
-0.37899999999996287,0.0,-0.3954702722666266,-0.34254729289001
-0.3556956074880081,0.0,-0.39693338441638704,-0.3425612655941524
-0.329995734878372,0.0,-0.3980886879139545,-0.3425479263895709
-0.10937175086158132,0.0,-0.3945033385644664,-0.3423006557898593
-0.174963197432806,0.0,-0.3917190624315229,-0.34212339153312515
-0.7539316847104098,0.0,-0.40058701612573167,-0.34255916750474136
-0.26279099351996815,0.0,-0.3966206557398116,-0.34247484596775957
-0.5943236929919451,0.0,-0.3979970013606115,-0.3427407898400132
-0.36614152803279837,0.0,-0.40018033218526783,-0.34276547416300135
-0.5242355152799338,0.0,-0.40515574223173106,-0.3429566965456325
-0.37477442534397176,0.0,-0.4046301427386112,-0.342990188891736
-0.3802199948159597,0.0,-0.41072832220976285,-0.34302933695264476
-0.9219769022399508,0.0,-0.42590911655284985,-0.3436374751514759
-0.24291737183521322,0.0,-0.4267463043639541,-0.34353178773981147
-0.47362963031998184,0.0,-0.4281933408749303,-0.34366815864398353
-0.20501588831279216,0.0,-0.42588858790899403,-0.3435229730206001
-0.2593720513087892,0.0,-0.4170181582849311,-0.3434349490439141
-0.3824490203999807,0.0,-0.4189792347850907,-0.34347571609862265
-0.30372899999999525,0.0,-0.41940954278509124,-0.343434226833384
-0.3788999999999839,0.0,-0.41631041275456326,-0.34347120887005406
-0.3213039037979124,0.0,-0.4042646307057223,-0.34344811792727054
-0.28163927999999044,0.0,-0.4044570243057221,-0.3433838007181891
-0.389534615599997,0.0,-0.40750663356018657,-0.3434317745382326
-0.599855482456765,0.0,-0.40594369149676224,-0.34369805045507423
-0.39558807999998147,0.0,-0.40744045884636454,-0.34375187828655235
-0.28038507999996887,0.0,-0.4043927587545658,-0.3436862132106077
-0.3046896606423932,0.0,-0.4044467599674145,-0.34364584410857024
-0.21071007768001349,0.0,-0.3951545636026165,-0.3435083717544559
-0.2545574861999876,0.0,-0.391108102069017,-0.34341648034375916
-0.2585176696399611,0.0,-0.3927080755674165,-0.3433288654720318
-0.21244897960001452,0.0,-0.3908195551834165,-0.34319393775463797
-0.2897639999999708,0.0,-0.39114463816133743,-0.3431389120720894
-0.2593940116895651,0.0,-0.39251148238517714,-0.3430527547671691
-0.054469747727985254,0.0,-0.37787041441493613,-0.3427561638041278
1.098399952644039,0.06073250591324454,-0.3397493172762318,-0.34127653740120356
-0.25157186090401673,0.061197143267850765,-0.33700299011127227,-0.34118453260479625
-0.4047462146559966,0.06420186180777711,-0.32020274855960784,-0.341249657279029
-0.18530866337197746,0.06528192892314097,-0.31454165094144737,-0.34109004520747627
-0.2724285820800017,0.06609958738299385,-0.31037899315440676,-0.3410198392124584
-0.2676450000000126,0.06631577062129068,-0.30929557290096676,-0.3409448904492179
-0.16285630817277483,0.06807658599765545,-0.3007273701543435,-0.34076316740607865
-0.41496319999996545,0.06690155957572198,-0.3063950345176068,-0.34083880454429877
-0.37293935279995216,0.06666865899739388,-0.307542139342726,-0.34087149349364254
-0.39647228291189085,0.06674444966551611,-0.3071679690009642,-0.3409280558429999
-0.11383043195996038,0.0673918594495908,-0.30400607604016316,-0.3406972655748261
-0.208628980559989,0.06697005775701662,-0.30605917889261136,-0.3405631860976537
-0.16674872510718153,0.06725378271620103,-0.30467532368157135,-0.34038690368285607
-0.25656478112157427,0.06793612803739629,-0.30139454290400286,-0.34030197752017993
-0.1169608492919485,0.06962773891655119,-0.29353842690200216,-0.34007592374666956
-0.40447963583996316,0.06915814980013701,-0.29568073961880154,-0.3401410437791198
-0.11467151080066361,0.07032861607763692,-0.29039416983481553,-0.3399132967761113
-0.11030216212798272,0.07145126626713101,-0.28548630092761507,-0.33968160037384276
0.08537809235201593,0.07869441848971626,-0.2771788243830073,-0.3392531127803691
0.07032129763202999,0.08397978695081106,-0.27358496341313504,-0.33884065113846334
-0.30351718799998284,0.0832630157823934,-0.27615604322447856,-0.33880511445522543
-0.3116550000000007,0.08578191014765862,-0.2673105095302704,-0.33877782790803423
-0.3773836799999666,0.08511475700352622,-0.26960236325987036,-0.3388165888037089
-0.2970919999999897,0.08686711747898124,-0.2636577294000313,-0.33877473866448754
-0.5403933427200006,0.0858311509685838,-0.2671427656937753,-0.33897676131384175
-0.36023829079035663,0.08680545956601249,-0.26386282120398374,-0.33899804412613055
-0.20425607999999004,0.08784224681118141,-0.2604524542971042,-0.3388633021620044
-0.31556437828240075,0.0882418716404677,-0.259159341966433,-0.338840026513773
-0.49687537107995505,0.09096268474126486,-0.25065731134323305,-0.3389977464185297
-0.46259251928481043,0.08953605843393565,-0.255050814292225,-0.33912097151610326
-0.6535478895359204,0.08840053483397943,-0.25864917947654376,-0.3394341457372385
-0.8383932030791987,0.08462245544346561,-0.2713167257718719,-0.33993062241121064
-0.2956950599999739,0.08441555663677115,-0.27204318594569554,-0.3398866506791915
-0.3862103999999631,0.08439418930669772,-0.2721184135376952,-0.3399326524163522
-0.29659392000000045,0.08443473087789348,-0.2719757119376953,-0.3398896576421296
-0.487114664191957,0.08382400865224718,-0.2741400052215348,-0.3400355694424763
-0.13079560395788206,0.08490515490059927,-0.2703298392247342,-0.33982840115981827
-0.40310563472001376,0.08421263007299296,-0.27275916631913466,-0.33989098991704897
-0.3990252289440115,0.08415899608167066,-0.27294897858601497,-0.3399494229595657
-0.1347439614191949,0.08687042130050965,-0.26364674816526357,-0.3397468509343531
-0.5929600296959261,0.08569876566568496,-0.26759418715918243,-0.33999656807317125
-0.18682684964798352,0.0862501884128683,-0.26572302255214275,-0.33984566194664395
-0.2356019870399917,0.0866619607734557,-0.2643412690800947,-0.339743059904413
-0.11901272825359904,0.08721460107348615,-0.26250732209156635,-0.33952601926365505
-0.3079730471547174,0.08689182304759174,-0.263575633310661,-0.3394950242026443
-0.6074236729759708,0.08484084783880713,-0.2705537533773812,-0.33975795712587625
-0.41822819999995886,0.08367598336006446,-0.27466933778538005,-0.33983488873653706
-0.22922944418878963,0.08401531998067874,-0.2734586466691564,-0.33972655823257264
-0.34598789032799204,0.08353074599182725,-0.275190524241925,-0.3397326847806112
-0.2675780230975734,0.08236167760084562,-0.27945268974931675,-0.3396621523644987
-0.6716389549840275,0.009793416728168795,-0.31485346790187807,-0.33998634846080683
0.17561402477044175,0.0211745146090928,-0.3063097501883889,-0.3394833237064349
-0.2929400800000056,0.02132690865001368,-0.30407362749526906,-0.33943795992114595
-0.21204231999999051,0.021290270929804154,-0.30460830062782934,-0.3393139135336863
-0.1284839800799905,0.021489042660322786,-0.3017294085878291,-0.3391088260497819
-0.3354269877599773,0.021394982808562363,-0.30308504834302846,-0.33910524797564207
-0.15624268768798685,0.02140412414414126,-0.30295277593333264,-0.3389277115093434
-0.9555475391535679,0.020681835189707863,-0.31376446271640474,-0.3395257908766026
-0.35334997588800277,0.02070715678985845,-0.31337267517816575,-0.3395391864047144
-0.3219580097440089,0.02080404450067991,-0.3118823897148081,-0.3395221668726131
-0.5502112591359957,0.02024918632304033,-0.3206100062583288,-0.33972592808369956
-0.7095145957151969,0.01964770930316312,-0.330627718561433,-0.3400832118205415
-0.8167740364799985,0.018918439094801277,-0.3436282247888893,-0.34054333809917037
-0.4192745497999895,0.018744286948085855,-0.34688242016245757,-0.34061926019338523
-0.2697710037719713,0.01858362517503655,-0.34993862325205805,-0.340551005611091
-0.5516323880407729,0.018431493261608513,-0.3528816782960743,-0.34075416382324664
-0.7992430136063832,0.017755303759128278,-0.36657310835218865,-0.34119501848649963
-0.13915646589596026,0.017727890747381802,-0.36715019442754815,-0.3410009372640303
-0.43885497815998664,0.012857562791100764,-0.3776348558377882,-0.34109484709214544
-0.16839589531862875,0.009101023590756143,-0.3824091996968014,-0.3409292680396301
-0.2501706864399983,0.009126254305527664,-0.3813422696656017,-0.34084233453235074
-0.19916861576553035,0.009179916951063013,-0.37909254198091236,-0.34070676159573177
-0.2462109877600005,0.00924329660703651,-0.37646908813611296,-0.34061642146778176
-0.20036215583998895,0.009290597772243578,-0.374534491252913,-0.3404824632389109
-0.24190396236799624,0.009439660729122614,-0.3685647036458729,-0.3403883997838814
-0.1864213296167678,0.009528687873544004,-0.36508836442240117,-0.3402416246931596
-0.10148161930560427,0.009582122259026356,-0.3630328752085134,-0.34001423421183813
-0.1809047675519749,0.009653048074074747,-0.3603396829939049,-0.3398628455661104
-0.16352487139201605,0.009833226346844266,-0.3536726730001461,-0.33969522391765594
-0.2842739755200151,0.009932397979154205,-0.3501063021248503,-0.3396425921527959
-0.6728051487759777,0.0099215918351655,-0.3504914473096513,-0.3399586856600285
-0.4541618962240252,0.010141746379257861,-0.34280682117254785,-0.3400669351487148
-0.38070815999995367,0.010092198486863177,-0.3445070831725475,-0.34010542115709663
-0.2971135999999937,0.010144138717369185,-0.3427251471725481,-0.34006474772175405
-0.5348033481599783,0.010006451061740352,-0.3474893357357477,-0.34024881067112855
-0.42964954323194615,0.010039323328004819,-0.34634003331654745,-0.34033323062633236
-0.5180648538559784,0.009821876670620846,-0.3540854183145094,-0.3405009019690018
-0.39620339999998766,0.009825669708374408,-0.3539473736201088,-0.340553401967146
-0.337583352563136,0.009859563889083633,-0.3527185360924914,-0.3405506053104568
-0.6434954199999586,0.009585765445767652,-0.36289356526410654,-0.3408355957287912
-0.5007826854709101,0.009634239487317281,-0.36105001837960626,-0.3409859219409548
-0.49734089793838,0.00947287012679497,-0.3672602993454142,-0.34113273412498996
-0.47993571542398933,0.0093496445360813,-0.37214697391309415,-0.3412629433006926
-0.6729031776951706,0.009081830597137028,-0.38322478290192563,-0.34157375889056557
-0.4578489075327058,0.009011980640664578,-0.38622230010948533,-0.34168263075259003
-0.27869997600003704,0.009166613210274023,-0.3796478261699667,-0.3416237133954782
-0.7539371055359223,0.00900875136565096,-0.3863620042806859,-0.34200905301430107
-0.6463643614719575,0.008820016835733312,-0.3947047026263493,-0.34229323164031195
-0.3781821093999716,0.00880577860995771,-0.3953485870077889,-0.34232671007105786
-0.4434752107519875,0.008728790873562596,-0.3988665307608772,-0.34242097708008024
-0.2855153200000105,0.008899592258557043,-0.39114405806119684,-0.34236799229695164
-0.41848185970081386,0.0,-0.40302597575062193,-0.34243879589453663
-1.1609688175359445,0.0,-0.42038655050134077,-0.34319951152803235
-0.27098513999997004,0.0,-0.4215654069013403,-0.34313246011528575
-0.3438720129599854,0.0,-0.4258731675589402,-0.34313314615688567
-0.34104958617596093,0.0,-0.4259856195272599,-0.34313121514670875
-0.26723999999999054,0.0,-0.4282055657735,-0.3430609455030544
-0.3814867799999866,0.0,-0.4167243505904284,-0.3430964920659562
-0.2721505627142282,0.0,-0.41510036232695285,-0.34303092281516906
-0.3307714279631824,0.0,-0.4152766306913363,-0.34301960287532424
-0.35078400863998765,0.0,-0.41128808568141617,-0.3430267656112695
-0.28957185511199235,0.0,-0.4028892308693521,-0.3429774984126526
-0.3212279538479964,0.0,-0.392978309216712,-0.34295747120771275
-0.42002151400319465,0.0,-0.39299324850077616,-0.3430283672912413
-0.12026224002234473,0.0,-0.39000307322578365,-0.34282361901250147
-0.31381351029601556,0.0,-0.3852466956708885,-0.3427969797942127
-0.29739799999997063,0.0,-0.37520979539876015,-0.3427553293540345
-0.27775679078397986,0.0,-0.37798180189652064,-0.3426957523250977
-0.39620339999998766,0.0,-0.37712877033332065,-0.34274475200245563
-0.7635303866879233,0.0,-0.3890314601607065,-0.34312973428487603
-0.38573856769839004,0.0,-0.39174281778587433,-0.3431686820302266
-0.30135562093437784,0.0,-0.3937865578892513,-0.34313049658630346
-0.23587198704000678,0.0,-0.3935797778748515,-0.3430326329827028
-0.17002549004000025,0.0,-0.3929730445588517,-0.34287492364547156
-0.23186174402560733,0.0,-0.39277220019200393,-0.34277381874599994
-0.24164238214398262,0.0,-0.3938766212425481,-0.3426817974206114
-0.27344495539204194,0.0,-0.3973158879642769,-0.342618854836949
-0.19252214445915533,0.0,-0.3975482355024205,-0.34248252721626077
-0.48563627724794967,0.0,-0.40399046361953916,-0.3426124308006815
-0.39861359942396535,0.0,-0.40627725609761817,-0.3426632024857434
-0.36468511873274123,0.0,-0.4001148554967535,-0.3426831498736483
-0.13166151883680313,0.0,-0.3936648479490091,-0.34249218007180504
-0.6567121528799624,0.0,-0.3991849278066092,-0.34277628492967854
-0.30998500600000334,0.0,-0.39944235592660937,-0.3427466631781612
-0.5231903341591787,0.0,-0.39921009564659343,-0.34290951847688056
0.04364049165599371,0.0022344383347142043,-0.3897442949488346,-0.3425609612089519
-0.32781715217515095,0.002256417828217938,-0.38593934091521803,-0.3425476784981107
-1.3278042630400089,0.0021527250901293067,-0.4045713581760185,-0.34343449810615917
-0.431325934775983,0.0021428162963334843,-0.4064462098202754,-0.3435135371679126
-0.2850199999999987,0.00218120929446085,-0.3992767014202762,-0.34346098232768985
-0.29751699999999437,0.002203596706286079,-0.39521138771085795,-0.3434197399737153
-0.5257142179199557,0.002200444149010197,-0.3957788541104894,-0.34358323277904823
-0.8463527610984076,0.0021605273098321254,-0.4031071950239778,-0.3440337431090835
-0.6548874170399821,0.002162456033524335,-0.402746879810874,-0.3443120364608569
-0.5000739621695801,0.0021579409329910053,-0.4035913809036115,-0.3444513583979846
-1.0481625794079186,0.002078844053984522,-0.41898063297176913,-0.34508023348378436
-0.4983347679232029,0.002104467606626627,-0.4138685862195148,-0.3452170678895338
-0.4729057265203064,0.0021222192590659205,-0.41039941352048165,-0.3453309739186425
-0.6414014959199835,0.002095397643075021,-0.41566380125088204,-0.3455948513892319
-0.284579975519996,0.0021115070752104797,-0.4124858965462421,-0.3455405193537294
-0.6185178473280242,0.002078025847007136,-0.4191459470928024,-0.34578338174516565
-0.3602751907839904,0.00208380135744333,-0.41798181371446597,-0.34579626335320013
-0.26682417082555393,0.00217673657887231,-0.40009892078025816,-0.3457261282799074
-0.16148623638766973,0.0021886904993975343,-0.3979089427080122,-0.34556265011496307
-0.28099341553917145,0.0021956144449338877,-0.39665137075959583,-0.3455054078857292
-0.10102854916796897,0.002222452324879864,-0.39185095001943604,-0.34528886505249823
-0.284375975519971,0.002220514541291948,-0.39219366952983564,-0.34523495984052255
-0.3539401419135101,0.0022236312438513434,-0.39164273676810607,-0.3452426567300655
-0.3845775023440183,0.0022109656511664372,-0.39389127556070186,-0.34527740482689756
-0.5090537985920417,0.0021911741987487732,-0.39745692297327906,-0.34542195592466024
-0.6777848002559238,0.0021557793242258736,-0.4039969388055978,-0.345715044852642
-0.2793803599999984,0.002156865188561274,-0.4037931089033579,-0.34565660019638417
-0.5435778947759851,0.0021334203728789764,-0.4082401077219177,-0.34583082668809156
-0.537624187263966,0.0021212251214378906,-0.4105921611871331,-0.3459995103825294
-0.34588807296001955,0.0020982141076667767,-0.41510467784588656,-0.3459994124586081
-0.6769180790799543,0.002062212222848614,-0.4223667692215654,-0.34628994684545733
-0.3221328126719735,0.0020598046558428537,-0.4228614654750054,-0.3462687563768841
-0.5470548105599773,0.0020339517004801548,-0.42824742587052533,-0.3464447301316458
-0.3148425539863801,0.0020416937698862396,-0.4266202089502532,-0.34641705747302476
-0.6347974226799359,0.0020540647717371074,-0.42404554967009356,-0.34666935875492055
-0.6168404872079819,0.0020319621562963465,-0.4286675880602854,-0.34690552232874317
-0.21296439999997946,0.0020403594976419405,-0.4268997636415973,-0.3467885431826045
-0.6126149486927863,0.0020050423391364466,-0.43443462287465295,-0.34702050339683677
-0.27606279711793574,0.0019953214614930105,-0.4365553690162116,-0.34695863965988916
-1.4791682903039938,0.0018876693939695525,-0.46150149994177936,-0.3479448850001715
0.535954355484819,0.02533518358926674,-0.4459495651892034,-0.34717560802847003
-0.8112777177600079,0.024753242673032985,-0.45670622043656267,-0.3475791750804105
-0.17180096606394463,0.024775167624215173,-0.45629179686865845,-0.3474264572619774
-0.2890270787615838,0.024985147578828266,-0.4523596128989312,-0.34737576335702913
-0.5102402488159842,0.024865494907241253,-0.4545921458867715,-0.3475170161631514
-0.08591072209601397,0.025166482080238597,-0.44901665795403695,-0.3472903209343237
-0.7601506775999816,0.024497945087776907,-0.46158644112930053,-0.3476477757885797
-0.38857589999999115,0.02477877313268835,-0.4562237160717011,-0.3476831807403197
-0.5310360518400107,0.02454679732555901,-0.4606447369885013,-0.3478416534033272
-0.5337552633600079,0.024535818965489956,-0.4608560355725178,-0.34800220056218445
-0.8204072282518805,0.021926877075385275,-0.47813698997067533,-0.348409797652512
-0.9899503067663691,0.021348564041447787,-0.49137965306249975,-0.3489628498155412
-0.43742701224001135,0.02213355769608655,-0.47357210804649974,-0.34903904633787064
-0.4545199823119907,0.022112377235493263,-0.47403598899721994,-0.34912982167003426
-0.7802545825279844,0.021669615781147945,-0.4839406806477796,-0.34950052223826983
-0.6673772396159298,0.021350340092395084,-0.4913378854400983,-0.3497736122016527
-0.32443797988796164,0.02152291217207308,-0.48731236067945843,-0.3497518648777783
-0.3481432702079548,0.021962315510059668,-0.4773481708616494,-0.3497504852940134
-0.3570251999999495,0.02223369522855571,-0.47139092652084874,-0.34975671898270744
-0.2154863758080149,0.022499320380526794,-0.4656991747936175,-0.3496417614971127
-1.5655735641168027,0.02202100496837418,-0.4760473944877951,-0.3506819084625701
-0.16625249099998796,0.022325625138830688,-0.46940574894933085,-0.3505242764818329
-0.3091238204351747,0.02247898739488969,-0.4661301108276282,-0.35048892169443174
-0.279719880000004,0.02282523811911828,-0.45889647850922866,-0.3504285385530543
-0.09192929174397046,0.023014059556679154,-0.4550434648337081,-0.3502081640885964
-0.09875245010396475,0.023539433832710475,-0.44464815688922693,-0.34999397693869466
-0.31573157302400146,0.023585576233431483,-0.4437572845340271,-0.3499648174460013
-0.2348286825023736,0.02361883191438099,-0.44311737476756347,-0.34986691256934854
-0.054301015835982375,0.02373092535250106,-0.44097367035652973,-0.3496157945602293
-0.19809018050238086,0.02381835730002712,-0.43931560565579386,-0.3494871650066997
-0.33764761022397427,0.023570499543271634,-0.44404798687691405,-0.3494771229755015
-0.46331670239997025,0.023386458519808848,-0.44762680141451405,-0.3495735971953527
-0.5490800888320544,0.023189004967297134,-0.45152960035288486,-0.34974252733221695
-0.429619206911956,0.023143901938475816,-0.45243043444424375,-0.3498101048953132
-0.29149967999997145,0.023363390531156398,-0.4480793520724023,-0.34976081459531716
-0.6606390679543723,0.023380865833263802,-0.44773643742637126,-0.35002338068768124
-0.3159711999999869,0.023343603241560953,-0.44846825422637104,-0.34999464467022323
-0.3236964895512111,0.023569326213494158,-0.44407062612187553,-0.3499724708463455
-0.4898737070735734,0.02361892341862025,-0.4431156165180677,-0.3500903320394602
-0.3016040599999875,0.023665107013541974,-0.4422299362588671,-0.3500495186791577
-0.18415579303998098,0.024191463862571965,-0.43237469053806754,-0.34990999494018443
-0.29377279999997374,0.02422247082381422,-0.4318074902846276,-0.34986282082678927
-0.38280555310401576,0.024403625018535345,-0.4285225051355084,-0.34989048055162325
-1.3012104806399842,0.023354710795839128,-0.44824986366858044,-0.3506885678000195
-0.5405316269759767,0.0234510411051603,-0.4463645477545012,-0.3508476986124051
-0.4172987862544026,0.023657597493720334,-0.4423737137354296,-0.3509033527896597
-0.2624496157679995,0.02360603411908136,-0.4433634180507901,-0.35082933292604324
-0.4766543871888117,0.023748247262988763,-0.44064420682071054,-0.3509345378209118
-0.6296165814959462,0.023381944766988242,-0.4477152825082708,-0.3511673549000054
-0.3222120467743931,0.02462486608581546,-0.42457615763767875,-0.35114318519372356
-0.28587156000000197,0.0,-0.44101267594737514,-0.3510887468074068
-0.37082882505599307,0.0,-0.4322036980932949,-0.351105196872614
-0.5744844440639869,0.0,-0.44025736765329576,-0.351291191249959
-0.501046825919955,0.0,-0.4444977625964631,-0.3514157799643267
-0.9271883486719747,0.0,-0.452836724593583,-0.35189439390340205
-0.8185407826559854,0.0,-0.4674893258047824,-0.35228197396050553
-0.37910651697404896,0.0,-0.4598684425922637,-0.35230423499205205
-0.4996674262719499,0.0,-0.4620902731177029,-0.3524264266929475
-0.9782160493139072,0.0,-0.4710338730671808,-0.3529448936545225
-0.515562044815984,0.0,-0.47067000869630043,-0.35307951050151043
-0.7724826818399402,0.0,-0.4697115177680616,-0.3534264113876464
-0.24879001079998764,0.0,-0.4548883118487339,-0.35333993502352434
-0.6246862227759599,0.0,-0.45863349605945286,-0.35356400297377416
-0.19590162145440038,0.0,-0.4534611288423011,-0.3534339185005733
-0.5056629045759434,0.0,-0.44796929528326035,-0.3535594164280881
-0.4562586712319567,0.0,-0.4437469239155808,-0.3536440121898705
-0.3859776233999692,0.0,-0.444977716785821,-0.3536706242155578
-0.23529748351198043,0.0,-0.4427208010519015,-0.35357327788274234
-0.40410369999996276,0.0,-0.4436623710519017,-0.3536147983610638
-0.507446799999949,0.0,-0.44950157953574044,-0.3537410972129841
-0.7332481550399932,0.0,-0.43285507135420426,-0.35405242375755097
-0.6718338362176146,0.0,-0.4429666982585567,-0.3543129003251412
-0.23958201046397437,0.0,-0.44157586205913274,-0.3542189356323802
-0.28269092160317877,0.0,-0.44163528289119625,-0.35416040206934485
-0.27754066084159235,0.0,-0.4453475102731487,-0.35409775305771135
-0.34569151475999377,0.0,-0.45028629156626926,-0.3540908852159649
-0.2832983999999794,0.0,-0.44963762810578883,-0.3540330954321151
-0.2684939999999761,0.0,-0.4503109344557409,-0.35396332455492735
-0.43212052979676663,0.0,-0.4578673247349566,-0.3540270223587104
-0.21002400000000165,0.0,-0.458106001124909,-0.35390975605385805
-0.42239766547195373,0.0,-0.45980100222986864,-0.3539654825871519
-0.37992911385597594,0.0,-0.45813325045898873,-0.35398659123045983
-0.24032984748422292,0.0,-0.45195824563203213,-0.3538942624378147
-0.7997458063359881,0.0,-0.4593607776205127,-0.354256154924745
-0.2083014626083105,0.0,-0.4576968132726795,-0.3541377812894519
-0.23824491097599365,0.0,-0.4492489301331119,-0.3540438648629418
-0.3032825599999942,0.0,-0.44899515733311207,-0.3540027625917977
-0.2803859999999881,0.0,-0.44812894754208765,-0.3539432021042639
-0.6932382110079668,0.0,-0.4521962376207755,-0.3542174907129168
-0.31797877283200143,0.0,-0.45252373187741574,-0.35418821872755263
-0.28309399999996576,0.0,-0.45450249601661546,-0.35413083840573856
-0.39117806000000827,0.0,-0.45645060121661607,-0.3541607151973469
-0.6779806540799822,0.0,-0.4623541032361355,-0.3544216498781548
-0.35710680575997195,0.0,-0.4434720297385353,-0.35442381183941224
-0.27266400000000274,0.0,-0.4381146771990158,-0.3543580356432422
0.04075204110326458,0.0018964638869001884,-0.42895366065186247,-0.35404042304135597
-0.33236393932798247,0.00189031360204464,-0.430351947123062,-0.354023012211064
-0.30392879999995687,0.001905581126143261,-0.426897435379285,-0.35398280818842276
-0.19778237158399042,0.0019448530256771332,-0.41826075118104583,-0.35385754721279766
-0.47420745895039657,0.0019308469729723025,-0.4213006594245659,-0.3539539814369464
-0.20693650261599067,0.0019380953966276705,-0.41972195827688574,-0.35383627328737
0.32798778902918124,0.017851445242706415,-0.40574562599518216,-0.3532908140375167
-0.48326421035992967,0.017930629719872773,-0.40392122132110103,-0.35339470963809416
-0.3595343910840104,0.01805487058708682,-0.4010909726243822,-0.35339961353701266
-0.6898352508159145,0.018267165900039475,-0.39634391066726093,-0.35366811763699585
-0.46245847356800146,0.01859518722204991,-0.3892222644855013,-0.35375487230679725
-0.8223430222391439,0.01818863518789687,-0.39808699459080316,-0.3541282493186955
-0.41574376823994863,0.01826424290775091,-0.3964085214301632,-0.35417730626051186
-0.6333581598791581,0.018581642146737545,-0.3895113636414682,-0.3543994071782673
-0.6396000320415525,0.01846621799036061,-0.39199212338597955,-0.35462611673698213
-0.7013226216319663,0.018532260353739102,-0.39056892218182004,-0.3549014912444444
-0.4644183801599531,0.018333577015876946,-0.39488148956901936,-0.3549884094102504
-0.3130175999999865,0.01862214621231446,-0.38864811711349995,-0.35495512565972676
-0.2991413999999585,0.01852555713376966,-0.3907129126844111,-0.35491089925270636
-0.3105647999999559,0.018708937740944162,-0.3868109505928913,-0.3548757875351666
-0.2575301680140695,0.018899501180022923,-0.38283638052853364,-0.354798773595672
-0.8287011592495805,0.01848015894731854,-0.39169085124552583,-0.3551733999874933
-0.169418814916789,0.018541376001278132,-0.39037327787362197,-0.35502667440686875
-0.6519941706023887,0.01831310864256986,-0.3953310872856705,-0.3552610607495645
-0.3701446424031929,0.01843884273248745,-0.39258504413373535,-0.35527279858998534
-0.3088051469567989,0.01883868017961879,-0.38409618397207157,-0.3552361810552074
-0.9407845670399654,0.018583335497072105,-0.3894751985885185,-0.35569724277645526
-0.8417106448640412,0.018036025063747872,-0.4015177712765199,-0.3560796294028027
-0.477145228799975,0.0178660958663539,-0.40540685742045574,-0.35617480676081936
-0.17008346443917133,0.01795960237279251,-0.4032577134924074,-0.35602862345970254
-0.04774172536320295,0.01822406543031609,-0.39729871770447156,-0.3557866400232061
-0.10300055915200801,0.018387916112685917,-0.39369276088751215,-0.35558837643036595
-0.24997921094397652,0.01840490891101719,-0.3933224651063922,-0.3555056106266932
-0.4486783790170923,0.018389710700992306,-0.3936536220907986,-0.35557857285722605
-0.36570551420317127,0.01824803091216895,-0.39676725237486205,-0.35558649691148736
-0.43975662057596887,0.018232368356661848,-0.39711443147694225,-0.3556523062341335
-0.21299727793997636,0.018384110011213383,-0.3937757947586223,-0.3555408569932787
-0.864134208263978,0.017829596069631717,-0.4062518819742174,-0.3559378853705392
-0.20834477407999882,0.018354458027835602,-0.3944238613290976,-0.3558227581386433
-0.7790141412959395,0.017847449576973762,-0.4058381149028502,-0.35615260333206283
-0.3198936196191787,0.01777719595938508,-0.4074710890757139,-0.35612436424817434
-0.04864736496958581,0.017998143591350855,-0.40237838517510577,-0.3558850825366735
-0.2059159999999917,0.01806380318757619,-0.4008889851751058,-0.35576846583174604
-0.25547426407996243,0.018459673699654223,-0.39213370623654575,-0.35569053715905624
-0.9536769285599009,0.01789033158487848,-0.4048476693511037,-0.3561548123076594
-0.5038154241103043,0.01770077662621039,-0.40926209783331047,-0.35626936670005865
-0.5737275939559627,0.017547012092983913,-0.4129130885124296,-0.35643793896924925
-0.20597999999999983,0.017950188146643155,-0.4034730754308299,-0.35632139525199963
-0.39705600000000935,0.017915347819668432,-0.40427205931563065,-0.35635292358384796
-0.4094934363519238,0.017797034842840318,-0.40700864804266906,-0.35639402220161137
-0.6017675624959232,0.015383364532071987,-0.41985904011465286,-0.35658364626675376
-0.2851979999999759,0.015417470884950931,-0.41891572132809274,-0.3565285222155825
-0.87216554919355,0.015016373490803741,-0.43028045631196454,-0.3569263902919544
-0.17443565203676092,0.015032441526057998,-0.42981352192102,-0.3567856881036312
-0.14019719416956028,0.015266142746620248,-0.42313331662540327,-0.3566188248571489
-0.6354898870240148,0.014967585025720943,-0.4317043843135637,-0.3568335061983089
-0.17439878413679893,0.0,-0.4417521157768834,-0.35669317179672316
-0.3704082591839674,0.0,-0.4394949967533641,-0.35670371375474563
-0.5394181124327959,0.0,-0.4430926711803398,-0.35684404739428327
-0.7050003212160195,0.0,-0.4433959725883419,-0.35711124330665606
-0.2760591904000071,0.0,-0.439667986924982,-0.3570490868243657
-0.6440282376079521,0.0,-0.4361016912323582,-0.3572689942196021
-0.3469032362879786,0.0,-0.4347248805933188,-0.35726105719208945
-0.1531822291327891,0.0,-0.4251213619783914,-0.35710491424789714
-0.3918670266399732,0.0,-0.42016670187035987,-0.35713149078642326
-0.38234241689600057,0.0,-0.41378709777564054,-0.357150750470235
-0.43684404297641066,0.0,-0.41323561103196965,-0.35721158504466716
-0.47150529950718334,0.0,-0.4164053650221136,-0.3572987656048979
-0.3442031873279676,0.0,-0.4173066007686738,-0.3572887842190161
-0.7639531082399722,0.0,-0.4263743669334741,-0.3575985057148432
-0.5752416422400237,0.0,-0.4327285964179932,-0.357764139760905
-0.30981119846400496,0.0,-0.4223507972022817,-0.3577276736458503
-0.4666278561119748,0.0,-0.4282949780261854,-0.3578104245443808
-0.5528061646799582,0.0,-0.42631121790773685,-0.3579584850911808
-0.14402318874397932,0.0,-0.42178878883455256,-0.35779616696041655
-0.1898986705520173,0.0,-0.4194106593064568,-0.3576688754544208
-0.4312151674879768,0.0,-0.40921927131541713,-0.357724592342325
-0.8276177966243458,0.0,-0.4089374143506232,-0.35808030256509715
-0.12637554971517953,0.0,-0.40192202076892736,-0.35790503421952236
-0.10859440865513395,0.0,-0.4006922396532465,-0.3577165908139559
-0.6461026900296096,0.0,-0.4126594589465747,-0.357934405088288
-0.22862710852000878,0.0,-0.4151719899339347,-0.35783681467578365
-0.34222803168000815,0.0,-0.41701696634865537,-0.3578250433462242
-0.296884020159996,0.0,-0.41398107917151344,-0.3577791194402813
-0.42007193669599757,0.0,-0.41506840762137,-0.35782602668219077
-1.0550835142559976,0.0,-0.42737494549497057,-0.3583506749045939
-0.41227801290396476,0.0,-0.43136056019425034,-0.3583912217752701
-1.0832540685410057,0.0,-0.43574295739979085,-0.35893582196066887
-1.010278476475944,0.0,-0.4517816314477098,-0.3594248179475422
-0.5812404661439665,0.0,-0.4478261579446703,-0.3595912212845238
-0.28105002111997834,0.0,-0.4470492859746863,-0.3595323448226313
-1.3216839924429276,0.0,-0.47251001852415314,-0.3602530576672907
-0.9512177447039649,0.0,-0.4874160534182326,-0.360695396504893
-0.3579744376319839,0.0,-0.48946605688927297,-0.3606933613823254
-0.3323411917223627,0.0,-0.47703934215252225,-0.36067217141994873
-0.6921469039800181,0.0,-0.4808059717499165,-0.3609197253651019
1.8627998565624415,0.0793809993405195,-0.4320754227395484,-0.35926023313978284
-0.15130738896556786,0.07956637373560535,-0.43098197051885984,-0.3591051601761928
-1.1731230023039343,0.07701349935502745,-0.44650331056493825,-0.3597117308484191
-0.18088994758801266,0.07774830834997744,-0.44193124078966006,-0.3595785798556712
-0.2817368000000021,0.07880086987396653,-0.4355306255397416,-0.3595206618647072
-0.20121919999998178,0.07908180825252543,-0.4338510495397418,-0.3594029656105327
-0.0878021991319875,0.08180583890814852,-0.41816378253851055,-0.3592011819801623
-0.27525780000000555,0.08144522730868875,-0.4201802254977754,-0.3591388632110605
-0.17904779659198886,0.08130711710558206,-0.420957237546224,-0.3590052644969514
-0.2504351628799927,0.0826969881769593,-0.4132561430633435,-0.35892478258322497
-0.23625928351196102,0.08247050519548353,-0.4144933530508468,-0.35883391925057956
-0.6182999285119778,0.08157523785839077,-0.419451186437407,-0.3590259740316761
-0.6537763153039771,0.08116874929710353,-0.4217383504948306,-0.359243984639126
-0.29893820580799224,0.0826307816807546,-0.4136171081866701,-0.35919941274050726
-0.4305279647615747,0.08206844994143878,-0.41670648367390145,-0.35925209261644603
-0.9584263170942957,0.08094722720393308,-0.4229944452636283,-0.3596942876160607
0.7808859741999961,0.11663859011995127,-0.4004386610538688,-0.3588531517297657
-0.23108498036799793,0.11623907120566492,-0.40199671607857296,-0.3587589968503539
-0.30227086511997064,0.11669879614874427,-0.4002047928481729,-0.3587174002879604
-0.12070747218885114,0.11806232271780859,-0.39497209395403,-0.3585422642113606
-0.3323411917223627,0.11861589266061194,-0.39288203692894896,-0.3585229987168834
-0.9600557827559733,0.11607159202404459,-0.40265304659392476,-0.3589649772503434
-0.11517198115582668,0.11725062492484667,-0.3980724224704819,-0.3587859809242828
-0.42587330328001083,0.11903547174277063,-0.39131082637128267,-0.358835201263502
-0.13816896644795323,0.12142509065770282,-0.38256937285544124,-0.3586734224989745
-0.02403679365353173,0.12304007572735041,-0.3768538847592318,-0.35842826745952727
0.06993097029603201,0.12909842007701086,-0.36612270823107174,-0.35811468090187315
-0.2591557555744105,0.13092750517125082,-0.3602497000489608,-0.35804228958853923
-0.25339598483199544,0.13024022025931092,-0.362437155970721,-0.3579657937517289
-0.23292058996797005,0.12997184919841534,-0.3632975943590402,-0.3578744532084244
-1.4659275217439596,0.123834752671436,-0.3839918414441598,-0.35868325106866933
-0.27509747999997824,0.12703788990054213,-0.3729414351116725,-0.35862228405840774
-0.2310052432089767,0.12641866146295266,-0.37503402898154836,-0.3585292687225117
-0.18725342399998376,0.12595709546196074,-0.3766072092884454,-0.3584045230235149
-0.5251412261759967,0.12666829106536734,-0.3741879800113731,-0.3585258743358529
-0.41787702684641037,0.1255591077872563,-0.3779729783779011,-0.3585690388104061
-2.296868146070324,0.11514523035535447,-0.41706578066570743,-0.3599776864174264
-0.24023235279995697,0.11542269095794326,-0.4159327473185066,-0.35989072539083417
-0.5018971855359688,0.11502236633021763,-0.41756925229530606,-0.35999377797439375
-0.35430047183993346,0.11854360525473842,-0.4035535914469848,-0.3599896493985167
-0.3788989003359673,0.11871671290487386,-0.40288600919562484,-0.36000335175426845
-0.4807812202223519,0.1219304701698866,-0.3908365522292518,-0.3600908085743033
-0.5246679127679904,0.12465032208807673,-0.38112434095509273,-0.3602098947567879
-0.3503384684799836,0.12598660044108428,-0.37650630100181304,-0.3602027570660599
-0.3749464140160077,0.12543976083226396,-0.37838422885973366,-0.3602134099973821
-0.3157236034559735,0.13155738525725927,-0.3582650210799946,-0.36018128739338107
-0.2593445355695787,0.13612327714436245,-0.34442755689730686,-0.36010853360418643
-0.19199298046399058,0.13726617384229955,-0.341107927753947,-0.35998732556298946
-0.23485833946398507,0.1379464004396129,-0.3391582707087794,-0.3598971749966357
-0.08208920630720307,0.1423613407251307,-0.32695711675532313,-0.3596971692596383
-0.6589294242399784,0.04314399583614821,-0.3773917023713716,-0.3599124442632213
-0.4313519976672272,0.04253989715625143,-0.3829925945454047,-0.3599638026768834
-0.9255540278942086,0.04307306294970328,-0.3780412150572101,-0.36037011749384984
-0.34914004344000005,0.04270927596710097,-0.38140621697425,-0.3603620557034307
-0.5745935121127741,0.04209051136217364,-0.3872633512165054,-0.3605157368055895
-0.21806073695998157,0.042055472313284104,-0.3876001819557054,-0.3604136185261303
-3.0274057428383943,0.03671994691935098,-0.4463922528298335,-0.36232407133724226
-0.5917729107040071,0.03622510102882268,-0.4527225550439135,-0.36248831531674597
-0.23172748379998698,0.036144032318457794,-0.4537761487880735,-0.3623947811024994
-0.6564516225919621,0.03553118290100025,-0.4618964779823129,-0.36260497183980417
-0.41391717347200735,0.0352695107701821,-0.4654496357815138,-0.36264162341239864
-0.2829674411557539,0.03576669546651082,-0.4587429860343894,-0.36258475390329326
-0.48068162282550203,0.036028861836489116,-0.4552810921848199,-0.36266898847456447
-0.2644683168959582,0.03608152891497164,-0.45459169440657926,-0.36259899512347493
-0.1867130145711986,0.03645849990403576,-0.4497153954027716,-0.3624737202085517
-0.3604893645120063,0.03741721489179734,-0.4377566563511259,-0.3624723078557427
-0.19984004636641553,0.0030486300920458333,-0.45737117676245403,-0.36235663768398646
-0.5434085659199539,0.003007678445957776,-0.4636176484734932,-0.36248531709282505
-0.7009107852607365,0.0029569804158772967,-0.4715904468763085,-0.3627256760901034
-0.8958261759999611,0.0028631400478467827,-0.4870928209525307,-0.36310402988705864
-0.48255043798063746,0.0028456395824755687,-0.4900970058776962,-0.363188743651664
-0.4313523870391795,0.0029082069299852463,-0.4795229379633604,-0.3632370523996353
-1.0045845712063748,0.002804475428802044,-0.49731118976437133,-0.36369126452343614
-0.3218754110879908,0.002816220978632395,-0.4952312319205309,-0.36366167085504586
-0.28287503999994706,0.0027999044732286453,-0.4981253533915708,-0.36360453745274374
-0.33294283018801146,0.002765698271412634,-0.5043034741222604,-0.3635828684016733
-0.0741653050743803,0.0,-0.5071853996296687,-0.36337847746712015
-0.2991599999999638,0.0,-0.5079854845181796,-0.3633331574406789
-0.29541779184797573,0.0,-0.5088259206584993,-0.3632852622604302
-0.21608029554958455,0.0,-0.5084891147701316,-0.3631815237356164
-0.5104352538559809,0.0,-0.4893792694123721,-0.36328522354556025
-0.4363528372595699,0.0,-0.49260437655756384,-0.3633366434003907
-0.17833499351999665,0.0,-0.49155097156378424,-0.36320654378725403
-0.4991166514079779,0.0,-0.4977882361119441,-0.36330205334988275
-0.14337213587196096,0.0,-0.49015285430586336,-0.3631476081831146
-0.30777973326405395,0.0,-0.48795090843421635,-0.3631087535340486
-1.0509746083199993,0.0,-0.4630330376792098,-0.3635911279062687
-0.23927639155198552,0.0,-0.4630139184542504,-0.36350401176306313
-0.6476805714015985,0.0,-0.465929586171563,-0.36370301495608737
-0.9816001147567854,0.0,-0.47847557902989996,-0.3641354132064728
-0.46329222067197096,0.0,-0.4801634454366201,-0.36420475363127375
-0.5822999913599415,0.0,-0.48219382085937185,-0.3643571612048088
-1.394427748896023,0.0,-0.49958901758193247,-0.36507648424090605
-0.29960319999996377,0.0,-0.4985743122123321,-0.3650307945798866
-0.3306590249688105,0.0,-0.49768856443138815,-0.36500682542395135
-0.3240411412969048,0.0,-0.4978549151882068,-0.36497827790888027
-0.32369700897596715,0.0,-0.49914196465633454,-0.36494953050711637
-0.23233500647999072,0.0,-0.4999488051766546,-0.3648572448258171
-0.09479359009120958,0.0,-0.4971475101891991,-0.36466943978079996
-0.18850006841681924,0.0,-0.49927572743139137,-0.3645470149223121
-0.6457564597903833,0.0,-0.49901226814239946,-0.36474229925902607
-0.2835986399999786,0.0,-0.4960572009890545,-0.36468598860027585
-0.3053424073919839,0.0,-0.4836529685790101,-0.36464483493785677
-0.6476805714015985,0.0,-0.489623779138242,-0.3648409788993701
-0.8848646923703677,0.0,-0.49582920274339387,-0.3652011061247656
-0.990251634183946,0.0,-0.5112730206878732,-0.36563366704383765
-1.30666734667468,0.0,-0.47685825276459887,-0.36628445105464735
-0.7274263276799735,0.0,-0.4795713211041182,-0.36653403078970287
-0.7497883087439381,0.0,-0.4899325376029972,-0.3667987091584558
-0.5058456524160053,0.0,-0.4869204181994781,-0.36689466978182195
-0.43493843244795044,0.0,-0.48734084337899697,-0.3669415965146951
-1.008223553584008,0.0,-0.501845965627562,-0.3673835551343156
-0.04536196469119111,0.0,-0.49313957246487583,-0.36716177717946497
-0.934931995603178,0.0,-0.5065488460390202,-0.36755253438416124
-1.0511581953599993,0.0,-0.5238377496547962,-0.3680226895842822
-0.2419641501759519,0.0,-0.5214672453680752,-0.3679360514128675
1.7393159728113912,0.0672237802756502,-0.482684124984519,-0.3664887629346915
-0.19942150462080763,0.06812955903271911,-0.4758043837585361,-0.3663740976921974
-0.8297771322399914,0.06778738622077628,-0.4783817106981212,-0.3666919324209682
-0.36486782164800335,0.06921977545409083,-0.467762543611082,-0.36669068217369416
-0.38787583999999925,0.06948156649006541,-0.46586905165146925,-0.36670519255576695
-0.20371847999999365,0.07011919094450035,-0.46131637351068555,-0.36659363423095115
-0.44474118440313437,0.07173829978154447,-0.45011950577462073,-0.36664708672764895
-0.797535968216008,0.07035796944912844,-0.4596327169171811,-0.36694161091185157
-0.2985306373919569,0.07031344046322152,-0.4599458288650213,-0.3668948821048025
-0.21836987272343086,0.07064062783829107,-0.45765436971572965,-0.3667934998458391
-1.574324325580759,0.06658384083261272,-0.4876575501258572,-0.36761719072287513
-0.14298935237273902,0.06698430422324533,-0.4845341371733128,-0.3674640701786692
-0.2659929776543839,0.06706029725457281,-0.48394564088944086,-0.36739494818103685
-1.039170192480053,0.0649976179986584,-0.5004074388280503,-0.36785224923229554
-0.3063747918703872,0.06549707687910207,-0.49632622958833833,-0.3678104278327296
-0.03810177771115322,0.06649428240433687,-0.4883612083973701,-0.36758628870960147
-0.43923579632795706,0.06583760023187507,-0.49357922445352925,-0.36763496364684217
-0.05692053773278524,0.0669583670967668,-0.4847353021800254,-0.36742402377860456
-0.15517367738285112,0.06692796015826212,-0.48497133301024326,-0.3672800276141569
-0.2644271902480022,0.0670397948017402,-0.4841042821499222,-0.36721029687695955
-0.28961910980800887,0.06906658916897289,-0.4688771721796824,-0.36715772832203475
-0.3017616773696074,0.06889564312964168,-0.4701268778960348,-0.3671134520519248
-0.705172490419159,0.06873910362938997,-0.471276716276386,-0.36734217941211916
-0.6134748781439858,0.06975392503883832,-0.46391421154413004,-0.36750859773445305
-1.0631665967999218,0.06811524265717675,-0.4759116990666891,-0.36797863692301075
-0.7457145430055865,0.06768210057637863,-0.479179990099602,-0.36823369155237107
-0.3892069999999531,0.07043734258128749,-0.4590755751216806,-0.3682478435823627
-0.6101924386623668,0.06956238828918758,-0.46528735989492864,-0.3684109889600296
-0.9391932209743639,0.06790961882738404,-0.47745804381503976,-0.36879561310559184
-0.31273263999998563,0.06793961604321402,-0.4772318737891013,-0.3687578602617496
-0.852536380427128,0.06656458776419903,-0.4878086612181246,-0.369083417812332
-0.2050882623167517,0.06663407030932147,-0.4872637263348597,-0.3689731318974056
-0.4156229872883359,0.0658250062267308,-0.49368031427880227,-0.3690044826066737
-0.44374583489596775,0.06519522923816046,-0.4987852296083852,-0.36905467827644484
-0.3474075587839804,0.06593255889986369,-0.4928182515882572,-0.36904015000832907
-1.039170192480053,0.06409672705798931,-0.5079296826378586,-0.3694896000703491
0.3116436836783884,0.07644147109332497,-0.4955899608164512,-0.3690330764217239
-0.35236687119997007,0.07729219998629361,-0.48968368681241864,-0.36902191352472336
-0.5312494513143247,0.07833613062092412,-0.4826113819912978,-0.36913049956072713
-1.2880020374143637,0.077455267726599,-0.48856639005590613,-0.36974512935193354
-0.03287042608317825,0.08136958607129122,-0.4630904516440761,-0.36951994572675395
-0.06874005506476524,0.0835530494213597,-0.4499167261917719,-0.36931902395610466
-0.18170619265599164,0.0855325130997632,-0.438555083870013,-0.3691937817456239
-0.36743054132394837,0.08602910890304352,-0.43578678164817186,-0.3691926054678243
-0.1530203063759793,0.08705860093682039,-0.43014841912673246,-0.36904849060176304
-0.2963548544135642,0.08977123791329683,-0.4159110451433235,-0.3690000604643959
-0.3496620837189415,0.08859126209457743,-0.42199704752387857,-0.36898718564632293
-0.2026023962559806,0.09148521371098614,-0.4073504555369346,-0.36887648385697475
-0.6183839999999876,0.09328603992602351,-0.3986949716297344,-0.36904237981185706
-0.3775783199999537,0.09271415237664828,-0.40140725502621444,-0.3690480515329123
-0.3124776199999624,0.013891702845358013,-0.44244312688244153,-0.36901048816536053
-0.0920678735791958,0.01395849917807027,-0.4402960542616093,-0.36882671735276185
-0.9314173583231897,0.013895241663682206,-0.4423288587832732,-0.36919978806958575
-0.4158372315360089,0.013863735346565601,-0.4433482469810333,-0.3692306942614124
-0.4085416044959753,0.013851001647354174,-0.44376156227095287,-0.36925672797679954
-0.08585188146078324,0.013923943342135151,-0.4414042303001686,-0.36906916686064073
-0.43022183542422326,0.013932981816538428,-0.44111384332059045,-0.3691096117472568
-0.6183839999999876,0.014045479582416101,-0.43753080395627003,-0.3692743667956724
-0.21463553193597595,0.014098788105602975,-0.4358529018471504,-0.3691722275388298
-0.6428073781583074,0.01383316925177018,-0.4443416519558479,-0.3693528447999647
-0.5345270976079933,0.014502522806163683,-0.42354570739639263,-0.3694617987925822
-0.38339027999995384,0.014342075155980037,-0.4283537259489369,-0.36947098038863185
-0.3405545138879711,0.0142930303716783,-0.42984495667360867,-0.36945193133296605
-0.03788455086077869,0.01498099255160307,-0.40981924384122315,-0.36923365129315555
-0.10302042239997611,0.015128883861801648,-0.405752156451815,-0.369058511010989
-0.4183479056686131,0.014854678081993885,-0.41335707901096413,-0.36909091692463636
-0.6004019956799584,0.014741433198677125,-0.4165804029980042,-0.3692428952943836
-0.4068630707631916,0.014501390903637055,-0.42357925365861226,-0.36926759665713393
-0.6227972784319817,0.01419256853295564,-0.43293172567959487,-0.36943395471604135
-0.6531183372167075,0.013945710108333748,-0.44070554861896905,-0.36961997726194346
-3.1129457300087595,0.012381430924383513,-0.49717208102298405,-0.37141770055994267
-0.3813606412320113,0.012342399040963563,-0.4987640603002321,-0.3714242119814699
-0.6435386427904135,0.012372600053888221,-0.49753138334765723,-0.37160229734194694
-0.237221614792444,0.012560220508853207,-0.49000631808062634,-0.37151440938736907
-1.075215795359905,0.012554123967711469,-0.490247302051826,-0.3719743449337564
-0.2292777338879769,0.012820847922257234,-0.4799185658694738,-0.3718811400930994
-0.854812564479988,0.012579883349831133,-0.4892306771590745,-0.3721963694823859
-0.6531183372167075,0.01255812317310549,-0.4900891951301613,-0.3723796192982596
-0.2681444000000035,0.012907143454147132,-0.4766682187106741,-0.3723116693508683
-0.11324877926400137,0.013014669260622013,-0.47267854149595445,-0.3721428987384338
-0.3643262959279485,0.01328553915377696,-0.46291433980597085,-0.37213780980431244
-0.5852829507839777,0.013073642785089452,-0.4705182335753154,-0.3722764858882289
-3.0818427876936076,0.011758463908010436,-0.5238426295834208,-0.37403823250838847
-0.21831330114323294,0.01185933557823852,-0.5193339789083661,-0.37393704671802774
-0.6124019985600021,0.011740938333027157,-0.5246338677038865,-0.3740918940893537
-0.10630115439999152,0.012168605560182842,-0.5059764869422854,-0.37391811684101534
-0.6544271915999073,0.0,-0.5252979044478513,-0.37410002934085906
-0.46163219589766,0.0,-0.5274832109418051,-0.3741567578998719
-0.35412187388796124,0.0,-0.5239406593932777,-0.3741437819387243
-0.3695344407223858,0.0,-0.5055713074594382,-0.3741407985463512
-0.14575678703998704,0.0,-0.5078290346785743,-0.3739930727950534
-1.7443096386687629,0.0,-0.5413404263506544,-0.3748788624303952
-1.0512193910399268,0.0,-0.5587306903183331,-0.3753157749165771
-0.34175642227995157,0.0,-0.5582172079374531,-0.3752941097437968
-0.06972106543357405,0.0,-0.5565512231186049,-0.3750969658442418
-0.3929583358079799,0.0,-0.5584832927464933,-0.37510848187903467
-0.20262482116800884,0.0,-0.5555425474954747,-0.3749973454997106
-0.3317432822633933,0.0,-0.558125365215623,-0.37496949355944253
-0.22678380647999644,0.0,-0.5502933613452231,-0.37487413597444924
-0.31009387723203513,0.0,-0.5489436724898646,-0.3748324766440684
-0.6184079999999633,0.0,-0.5550622800898648,-0.37498901618350017
-0.2010189999999758,0.0,-0.5572413026182804,-0.37487728206905985
-0.3238697055439674,0.0,-0.545090349562696,-0.37484454293136726
-0.3432729618017636,0.0,-0.543639064168011,-0.3748242917568133
-0.576925046207962,0.0,-0.5470067330022507,-0.3749538435224871
-0.6184079999999633,0.0,-0.5576578553730343,-0.3751098039045995
-0.29887660580800446,0.0,-0.55503095078071,-0.3750609990402611
-0.20153223999997572,0.0,-0.5466939155807097,-0.3749499761617964
-0.7643923104479861,0.0,-0.5576890511509499,-0.37519898021185155
-0.16900397465599573,0.0,-0.5482129830809037,-0.37506722621469124
-0.18753019786690994,0.0,-0.541273045086082,-0.37494747076874757
-0.15428720786153327,0.0,-0.5366909836433136,-0.3748066537534909
-2.118014463039965,0.0,-0.5722401826263535,-0.3759183934277807
-0.36107378168401155,0.0,-0.5787039672428181,-0.3759089322348274
-0.4003844275199712,0.0,-0.584651247345218,-0.3759245217222702
-0.23462119049597213,0.0,-0.5809767130417652,-0.37583457689017197
-0.1580617171560104,0.0,-0.5721299074712863,-0.37569604453665156
-1.2670034428798393,0.0,-0.5893327149136192,-0.3762626735247908
-0.19325473630012585,0.0,-0.580741864070982,-0.3761464041872911
-1.3026002774400063,0.0,-0.5937315028754481,-0.3767346288687214
-0.36501244964794205,0.0,-0.5387728372682318,-0.3767271909377437
-0.946793047703978,0.0,-0.5500814853976711,-0.3770886784816665
-1.7461044963431558,0.0,-0.5721328024687259,-0.37795624237131253
-0.7558893979560071,0.0,-0.5825061581319972,-0.3781955920581933
-0.18148709945215658,0.0,-0.5646315842138422,-0.3780710930122401
-0.46542349110400505,0.0,-0.5693544993581628,-0.37812634437093195
-0.3433255990375653,0.0,-0.5591247600493143,-0.3781043464282433
-0.5339114814079686,0.0,-0.5567406229331395,-0.37820277165564686
-1.5675524491872042,0.0,-0.5827287839168835,-0.3789536237247955
0.7210880061664052,0.024845235682789263,-0.5660420482082754,-0.37825959115073166
0.42951998163203625,0.04014841561600089,-0.5501651226570757,-0.37775027237848535
-0.12260976944154267,0.04080721365077431,-0.5409116590302271,-0.37758950331551305
-0.15340537122216913,0.04553661593851072,-0.48234291070079827,-0.37744832942880435
-0.37429763394807514,0.045257231424097856,-0.4854625973568951,-0.3774463466122652
-1.3142211062399527,0.04404147208856616,-0.4994989795104941,-0.37803551312775435
-0.9495940425047693,0.04266433289284378,-0.5163648372725896,-0.37839475796080085
-0.07912544755997952,0.04359428990437125,-0.5048588023917912,-0.37820677472562453
-0.5737590681599656,0.043409873118938465,-0.5071013398370373,-0.3783295319719737
-0.42509809849595326,0.04329394169924927,-0.5085208643291971,-0.37835887235247806
-0.5444254909439363,0.04301090295479167,-0.512018685333628,-0.3784629893547298
-1.0153136651839911,0.041656850159139204,-0.5294098228965082,-0.3788620186002369
-0.36338854139998955,0.043849092267901284,-0.5017914009511327,-0.37885232950994235
-0.4557640105599938,0.04486724240629318,-0.48988229334153405,-0.37890045947305256
-0.25883645571590924,0.045012787315058624,-0.4882238940102532,-0.3788253725413721
-0.11727865132801085,0.04492919680455142,-0.48917504572814197,-0.3786619058406137
-0.9919207037303466,0.043902389462686396,-0.5011542930865892,-0.3790449531847047
-0.6818998244967809,0.043113958891474895,-0.5107397931531646,-0.37923400116929407
-0.22844598367999736,0.043281484665206565,-0.5086738471814968,-0.37913993503237
-0.2845439927039969,0.04318765008318511,-0.5098290509059767,-0.3790809600059807
-0.5351465666559188,0.04282588822508675,-0.5143301046944545,-0.37917819714408035
-0.22546084787194476,0.04346153849526542,-0.5064711616518941,-0.3790824827298387
-0.13969440515014497,0.04356244627689279,-0.5052446697548975,-0.37893351690682703
-0.19688291999998359,0.04377289615909653,-0.5027049340440177,-0.378820301361487
-0.3095499999999554,0.04382912594342076,-0.5020304748079816,-0.37877724958935427
-0.2688938999999658,0.0443495038173417,-0.4958698518838217,-0.378708999061659
-0.61437699523201,0.04435639558996443,-0.4957892317884627,-0.3788552858376803
-0.7877866147199473,0.04353584609835374,-0.5055674319667015,-0.3791089653220986
0.22603716824801376,0.05248872060930477,-0.4970160438017417,-0.3787337972293707
-0.20084998128000492,0.053641297189044326,-0.48574519721838205,-0.3786235842083364
-0.12512068048799435,0.05373317676860008,-0.48486753133502203,-0.3784666164660947
-0.9215075974910725,0.05223667002687342,-0.4995470793275053,-0.378802656677125
-0.7757098527999913,0.05103331350734146,-0.5119755322262745,-0.37904811567287194
-0.6444801562319913,0.053982088901299144,-0.482504846090115,-0.37921216514169714
-0.6239189553119161,0.05343137751874688,-0.48776174956267304,-0.3793633120164162
-0.4325480326400289,0.053364759204993485,-0.4884050216650742,-0.37939614209087524
-1.2364882289279069,0.051369727094471976,-0.5084423624337129,-0.3799248848958333
-0.3302900119420602,0.05104169612544669,-0.5118869283294338,-0.3798942838644192
-0.35203092748799275,0.052834055464429965,-0.49358747802159697,-0.37987711605395924
-0.8784830250560418,0.05148021474990917,-0.5072920437967153,-0.38018413939694085
-0.13264586205597395,0.053835570997060066,-0.4838929554890347,-0.3800318081493464
-0.24015119323198394,0.054099732869367284,-0.4813957303607155,-0.37994578071089785
-0.5147550491999625,0.055034120510803614,-0.47275497039063524,-0.38002863828218797
-0.6751099094399994,0.057495811306824525,-0.451335078652572,-0.38020989213425055
-0.4872079857599128,0.058148324083888196,-0.4459614504086501,-0.3802755754329771
-0.8875079831471957,0.05646445667134993,-0.46008186808255097,-0.38058676095918215
-0.7394897133120022,0.055836789956259875,-0.46556319252671086,-0.38080681181899384
-0.12312531728198645,0.05633998111208073,-0.46115918689159924,-0.38064891874636086
-0.14579596063999445,0.05724932056399357,-0.4533968764762399,-0.38050510187060677
-0.38701875462400054,0.060205013911304006,-0.4297862025849758,-0.38050908819420126
-0.07219162199995344,0.028579342199240954,-0.445651795148303,-0.3803205148203822
-0.5324877029999971,0.009630637262311795,-0.46489194884094365,-0.3804135265490983
-0.32486158178717534,0.009548356892881093,-0.46893698508785625,-0.38037959133543797
-0.6659906366254698,0.009345989657078023,-0.4791886903959223,-0.38055395705295325
-0.3308240124799869,0.009362819416382784,-0.4783192179665605,-0.38052361541501983
-0.43256972352771306,0.00971770418214878,-0.4606861903123158,-0.38055535084679587
-0.21701818478395235,0.010033712167637225,-0.44603467315789935,-0.3804556938290854
-0.20706239999999637,0.00997705171946525,-0.4485934122066997,-0.380350094989969
-0.18840768771999594,0.010149687962194509,-0.44088638459790025,-0.38023327063983514
-0.18682550611195087,0.010259454813299559,-0.43612093275022024,-0.3801156260142099
-0.843987030640017,0.010121832258724116,-0.4421121635441419,-0.3803976147100311
-0.2579389905487921,0.010477163826156051,-0.4269646700514379,-0.38032321700397925
-0.39227975999996245,0.010463152079544206,-0.42754249442343734,-0.3803304765929264
-0.6413865350400068,0.010374014628545139,-0.4312549449130376,-0.3804888843953822
-0.2007979812799836,0.010401721545946591,-0.4300941754243191,-0.38037991477554267
-0.4562127744720124,0.010241977573158485,-0.4368728578871991,-0.3804258740844496
-0.3804998928719864,0.010533807313824103,-0.42464444167003196,-0.38042591891714955
-0.24549698775998471,0.010752483690574003,-0.41591638493529604,-0.3803442428087009
-0.44474776567998103,0.010642974129451888,-0.42024242057529565,-0.3803832044075341
-0.6976476233599747,0.010439907384943003,-0.42850449318841527,-0.3805750208639745
-0.16232718823999026,0.010622824898349202,-0.4210481056200967,-0.3804431490617848
-0.4932123195731975,0.010490816571932371,-0.42640313505412175,-0.3805112463869728
-0.8495596958640428,0.0101562080734181,-0.44060044086839967,-0.3807943172677677
-0.45940231324797753,0.010037807990184071,-0.44585082873335957,-0.38084172860430576
-0.9063518003239298,0.009778647994768627,-0.45778686473983904,-0.38115849175784383
-0.7304904634400051,0.009587198924963314,-0.4670187960086398,-0.38136893270464034
-1.0017547820159063,0.009432224257841827,-0.47476635174431775,-0.381742434119036
-0.1712097029159775,0.009681313988919676,-0.46243481350823834,-0.3816157597921991
-0.7729364345599832,0.0,-0.48241428556439836,-0.3818510698792512
-0.2893159999999774,0.0,-0.4841836059387978,-0.38179545986129493
-0.45331723830398235,0.0,-0.49074753709511754,-0.3818384158843836
-0.4400342500607659,0.0,-0.4811180701465114,-0.3818733473574787
-0.3882327583392008,0.0,-0.4733685282572956,-0.38187716224109103
-0.15578534415750944,0.0,-0.463594632015806,-0.38174161558756364
-0.8943607748927731,0.0,-0.4690034684074231,-0.3820487570850503
-0.41150864937594595,0.0,-0.46858268074214143,-0.3820663977391167
-0.2455309877599625,0.0,-0.44876353591878254,-0.38198468893601734
-0.41632797503997865,0.0,-0.45048429518074085,-0.38200522917890245
-0.2658262089600242,0.0,-0.44876020081018153,-0.38193578565217273
-0.2850255927039834,0.0,-0.4368910521631404,-0.3818778942585358
-0.46002828062395823,0.0,-0.4434387005345,-0.38192455120561963
-0.3377480638367415,0.0,-0.44539063794659517,-0.38189819291960003
-0.31790814028798564,0.0,-0.4414536997683556,-0.38186003546424424
-0.5269691951999931,0.0,-0.4384908854835555,-0.38194651291343124
-0.9139351745175508,0.0,-0.4470254292587083,-0.38226336143136097
-0.36988620239997666,0.0,-0.4366729936437639,-0.3822559940747947
-0.35946487219996787,0.0,-0.42907249682152326,-0.3822424360011036
-0.5555080628527851,0.0,-0.4377201517329392,-0.38234544766986195
0.064769065040005,0.0029792288205016506,-0.4335088512193392,-0.3820797824810861
-0.4781458290879378,0.0029667931009016834,-0.435331392708618,-0.38213682882705213
-0.26214299352000864,0.0029412021197788613,-0.439130420139019,-0.3820656158684129
-0.32150080153600513,0.0029696545038186235,-0.4349106821097392,-0.3820296936772312
-0.33007200815997423,0.002968945230297463,-0.4350148906371952,-0.3819988948120758
-0.29298233102319937,0.00302059223771262,-0.4275547245251497,-0.3819461598809212
-0.39943199999995066,0.003010958298647646,-0.42892688427554904,-0.3819565126577827
-0.4172691160551456,0.0030131014830784117,-0.4286208721260977,-0.38197740768937877
-0.6847551562463519,0.0029489343067647463,-0.43797561155534576,-0.3821564601722628
0.22864353747022248,0.013486212146091268,-0.42926149280594134,-0.3817954672658548
-0.8087196201840334,0.013112358037090426,-0.4416677314552221,-0.38204763746840537
-0.2623244261783786,0.013068265941612226,-0.44317770985655064,-0.3819769626093203
-0.5460923726719615,0.013243985708741933,-0.4372198166971895,-0.3820737858600947
-0.36680088999996724,0.01317922587146086,-0.43939705468621304,-0.38206478061489424
-0.4028256680593577,0.013172985946788498,-0.43960797284740094,-0.38207701449081904
0.5846191814720243,0.040588690161156474,-0.4150878585171603,-0.3815076998877785
-0.2925175399999805,0.040417324297231896,-0.4169222496915602,-0.38145532192433657
-0.5862952099199654,0.04017674914213345,-0.4195238984005193,-0.38157581597609874
-0.9368216542399996,0.039179397386850674,-0.4306503336278795,-0.38190223916143906
-1.2319037633279817,0.03752760882517366,-0.4503784691392395,-0.38240165251288827
-0.8320677934799273,0.03691648259453619,-0.45812486969523847,-0.38266569604839445
-1.0343874491279497,0.036401112496381456,-0.4648596662105979,-0.38304816186592944
-0.6092051365279703,0.03573899407867897,-0.4737972251763576,-0.383180805252828
-0.21531840422398374,0.03614787219115047,-0.4682393468693732,-0.3830824099415566
-0.061527539039961415,0.03735992757881208,-0.4524787037328916,-0.3828940356762364
-0.44405283628800407,0.03738434383831611,-0.4521717141936922,-0.3829298429365478
-0.5555382491847685,0.037951211298444414,-0.445155443170909,-0.3830308425891214
-1.045116463611977,0.0374420335203957,-0.4514479631743484,-0.383418027162819
-0.48226599866917924,0.038290263704423906,-0.44105818750741377,-0.3834757992092867
-0.7044017109080162,0.037420167100151315,-0.45172202766725456,-0.3836632559334098
-0.5594940647999596,0.0377636858889996,-0.44745318027205405,-0.3837659008889653
-0.45739628396002124,0.037492649845925465,-0.450814785951255,-0.3838088591054595
-0.8219533887488071,0.03691162199474416,-0.4581875089601515,-0.38406433696530984
-0.6923371474079771,0.036524225094991446,-0.4632335669070957,-0.3842439831252415
-0.5071423957599352,0.03634445148188566,-0.46561175965551044,-0.3843155605350462
-0.8269201171199518,0.03536208070755039,-0.4790344551147593,-0.3845731883328255
-0.5003100489599961,0.035932330440461346,-0.4711534405961037,-0.3846405163494789
-0.6668936615239471,0.035560674953304214,-0.47626114083906373,-0.384804617015278
-0.40125833999996674,0.03533779852058003,-0.4793756878838638,-0.3848141775748275
-1.0854096544799847,0.03441116549697252,-0.49275732147266393,-0.38522102744527187
-0.32126351582398244,0.03433656390386322,-0.4938660676099431,-0.3851839075894266
-0.7436919428208326,0.03373153026863628,-0.5030393946122801,-0.38539185888596456
-0.5092471443199696,0.03366786933220998,-0.5040237718862003,-0.38546365905143354
-0.15257618588798103,0.03390863286483008,-0.5003203343272251,-0.3853287300403307
-0.2848019254499755,0.03395204143332278,-0.49965821003046496,-0.3852705211204753
-0.6096088542399744,0.03384389194441418,-0.5013110032112645,-0.38540034654473426
-0.280788030753524,0.034690505749634254,-0.48864806033598407,-0.3853398420243229
-0.34326341817597594,0.03472703338433543,-0.488115604651504,-0.38531552039204064
-0.39876723263999536,0.034673135812229375,-0.4889016518603045,-0.38532329145630867
-0.2239013851680042,0.0351332058292105,-0.48226951830660897,-0.3852300917413616
-0.23505323670399492,0.03223835072108969,-0.4882659643414889,-0.38514343458323275
-0.2741327900159926,0.03250119541349929,-0.4841857035600501,-0.38507941460366685
-0.6783266526959573,0.031969468176827054,-0.492509376743569,-0.3852484331846998
-0.3605974921439442,0.03192040981933655,-0.4932913105557277,-0.3852342333338699
-0.4859693290143933,0.031726278601137706,-0.4964092569728162,-0.3852922270561961
-0.4190169719999728,0.03157105160753802,-0.4989299497923516,-0.3853116313973605
-0.4787577477119796,0.0314741287798861,-0.5005164647465922,-0.38536536694440743
-0.38272691777279233,0.03151626033653269,-0.49982562078094517,-0.38536385059430883
-0.3995873970399537,0.031868440630406766,-0.4941222655968172,-0.3853720203510266
-0.3765542820479605,0.02257571653661644,-0.5062262219871808,-0.3853669585035507
-0.4700175694399159,0.022874905533918122,-0.49945218097229854,-0.38541552454539596
-0.4069079999999967,0.022746224504807833,-0.5023438524487308,-0.38542784821251447
-0.49656884866398165,0.02279013767087955,-0.5013533819685713,-0.38549153933025165
-0.48318823818715295,0.02268720325055399,-0.5036811289323149,-0.38554749391149845
-0.17966976385917816,0.022885389993664816,-0.49921801084831136,-0.3854296474718577
-0.3618979670879232,0.0,-0.5181483538195103,-0.38541618541214157
-0.10798952282397739,0.0,-0.5144577934759903,-0.38525756525057026
-0.743584408879973,0.0,-0.5176035774551905,-0.38546232344692993
-0.6859967878847903,0.0,-0.5125870801280863,-0.38563395934895045
-0.3207519497159825,0.0,-0.49436404385584626,-0.3855969262384293
-0.3593216139391604,0.0,-0.4849091202650309,-0.38558193746929115
-0.22820598031999018,0.0,-0.46878549088887167,-0.3854922134344283
-0.17248188470302023,0.0,-0.46005102585237273,-0.38537084002774374
-0.3003840000000033,0.0,-0.46175233776789315,-0.38532244205506283
-0.3430975544947203,0.0,-0.46738373807698835,-0.38529840967739615
-0.32737360673597193,0.0,-0.4650501534859477,-0.38526546041519966
-0.5271895823639514,0.0,-0.4644831801495312,-0.38534614496434616
-0.26234399183995466,0.0,-0.4488277307140908,-0.3852762573773437
-0.4027427743079258,0.0,-0.4472372662268658,-0.3852861758991668
-0.23675586479998784,0.0,-0.4378843493047052,-0.38520187946835005
-0.2680220428031115,0.0,-0.43205490886476833,-0.385135413310287
-0.3605974921439442,0.0,-0.43011893302844667,-0.38512150292413827
-0.27697380000000027,0.0,-0.4192193412534706,-0.38506022943806223
-0.3391426104639965,0.0,-0.41215545051459096,-0.3850342285213159
-0.356042366748385,0.0,-0.4091334499343599,-0.38501782112925426
-0.2344912065279896,0.0,-0.39728487172252075,-0.38493268164135763
-0.53792980494869,0.0,-0.3980372668422946,-0.385019169557303
-0.8391008084159486,0.0,-0.40148140978013463,-0.38527571285609313
-0.25079598444796997,0.0,-0.3984721626690947,-0.3851997785091659
-0.48433709185835006,0.0,-0.386450711416662,-0.3852557250742614
-0.21920988168796823,0.0,-0.38440963873394174,-0.3851620725963221
-0.3742232912880409,0.0,-0.3770202657032859,-0.3851559064287301
-0.10932695512002041,0.0,-0.36902186191928693,-0.3850005098364435
-0.615650555839959,0.0,-0.3782833493183265,-0.3851303803578419
-0.5262630838400171,0.0,-0.3831125724861273,-0.3852098022506287
-0.43135653144478914,0.0,-0.3795475260302236,-0.3852357565415141
-0.3026399999999638,0.0,-0.3799845654151524,-0.38518932834784264
-0.27187919999996424,0.0,-0.3785568810516321,-0.3851256709723663
-0.23653484920004259,0.0,-0.3753122333828331,-0.3850422398540213
-0.10778592350154342,0.0,-0.3729899241495038,-0.3848866526955743
-0.19639692000000125,0.0,-0.372216797815424,-0.3847809377585606
-0.3387962572631619,0.0,-0.37351006716036733,-0.3847551615923636
-0.36789641644793974,0.0,-0.36730146243540707,-0.38474571691721265
-0.3674530218879539,0.0,-0.36743857303028726,-0.38473603455717387
-0.34951993540800064,0.0,-0.3647095851581594,-0.3847163277305655
-0.29791925862398394,0.0,-0.3622876308906396,-0.38466778350847014
-0.526178929663975,0.0,-0.36323605452967955,-0.3847468842050355
-0.3335925164000009,0.0,-0.3622533665022237,-0.3847183063459266
-0.18850895578616964,0.0,-0.35803179767714793,-0.38460875338637335
-0.37010704640002096,0.0,-0.3579028529641892,-0.3846006609159569
-0.5044398850079403,0.0,-0.3585912992755497,-0.3846674981853891
-0.3391850927871801,0.0,-0.3572368411312934,-0.3846421456740189
-0.42696899788799403,0.0,-0.35584484411577355,-0.38466572609307953
-0.7370010840959715,0.0,-0.36092110103395003,-0.38486190390933955
-0.062399942399969766,0.0,-0.3585757046047658,-0.3846824593008201
-0.6873642964080098,0.0,-0.36508503119116753,-0.38485080292546264
-0.6972487940880103,0.0,-0.3768702166164482,-0.3850244538377264
-0.7976986949759849,0.0,-0.37795250233836847,-0.38525371730502544
-0.5331508315199719,0.0,-0.3748955832110721,-0.38533583674656624
-0.4920827328000206,0.0,-0.3783221988727528,-0.38539507475769463
-0.2769253000000105,0.0,-0.37667427259396985,-0.3853349140395817
-0.16627781919997814,0.0,-0.37543570937156956,-0.38521348549477036
-0.45626344420798703,0.0,-0.3811113405616689,-0.3852528483527833
0.24730064906403043,0.013185723044863379,-0.37015764758038827,-0.3849025972467939
-0.5075354635040148,0.013071120710414802,-0.37344640576057414,-0.3849704626957464
-0.33934380238942013,0.013062856012998914,-0.37368580967364307,-0.3849452267110637
-0.27731799999999274,0.013237574217785035,-0.368688378026364,-0.3848857312844683
-0.31508159999997576,0.013200310367747707,-0.3697431301895644,-0.38484716546607906
-0.3997200000000009,0.013202440560140754,-0.3696826747034059,-0.38485537796444125
-0.41003820000001007,0.013081425801519758,-0.37314832140740634,-0.38486927576909663
-0.8024361713759685,0.012721795588375414,-0.38383660397886343,-0.38509959396854887
-0.7249125007360293,0.012487758486820119,-0.39112290415070516,-0.3852869219215629
-0.34081588448320677,0.012447629983388461,-0.3923997458403693,-0.3852624199725611
-0.5518027302144148,0.012315801231896833,-0.3966529482353776,-0.38535412719185724
-0.6090512148800031,0.012162552164510754,-0.40171312519801006,-0.38547724061381
-0.46651577457594806,0.012025328072406131,-0.4063536165589692,-0.38552181626505433
-0.33988822841680255,0.012142258496976997,-0.4023927850283314,-0.38549672908097055
-0.7684919071532766,0.012184500197279971,-0.40098060700307797,-0.38570716599199933
-0.28276660702973333,0.012165337452432812,-0.40162001945471326,-0.385650636305584
-0.5358941451519841,0.012134561529921794,-0.40265116052058597,-0.3857330970678488
-0.6798004625280304,0.011866378024150442,-0.4118629721373871,-0.38589440664846325
-0.5157810455039681,0.011786320009539953,-0.41469412722170573,-0.38596561642853755
-0.695098698719937,0.01146620854597931,-0.426409562093704,-0.3861350044188342
-0.7854640963199399,0.011376634804659691,-0.42980583290330365,-0.38635369504966727
-0.4920827328000206,0.011394551682074866,-0.4291222258825038,-0.38641156534947585
-0.29779200316795995,0.01146510887661905,-0.42645093531696715,-0.38636308637672884
-0.7949843005439614,0.011209251204665035,-0.4362978213278471,-0.3865864987409537
-0.7866281627903596,0.010953682900992351,-0.446592800583655,-0.38680510074316654
-0.26033521428477624,0.010942147807892254,-0.4470688078853497,-0.38673602925957373
-0.21853918415997983,0.010888788106759875,-0.4492838730985184,-0.3866442187546067
-1.1007832780799522,0.01047179449298398,-0.4673716002601174,-0.38703381998719005
-0.6727412989743522,0.010325780743572915,-0.4740505010943412,-0.3871896037816214
-0.3970525424223712,0.010313225591470068,-0.4746336236138298,-0.3871949786800633
-0.48497096255997113,0.010262928285025464,-0.47698398242727014,-0.38724823357324406
-0.7459527304320134,0.01009681663897037,-0.48491263832775044,-0.38744350003859995
-0.6091906247199687,0.00997011029850057,-0.4911380656496702,-0.3875641459170991
-0.4982057461039895,0.009981366882616615,-0.4905786019784704,-0.3876243099193758
-0.8757055823999501,0.009767647160530519,-0.5014208632984695,-0.3878895714805065
-1.0585297232639141,0.009443149773432469,-0.5188212786480243,-0.3882538518454079
-1.110279516910844,0.009183590203459754,-0.5336247280582408,-0.3886458310338256
-0.35382745438640106,0.009235243304360343,-0.53061247944581,-0.388626938805585
-0.3859560172799981,0.009219140945751172,-0.5315478979356664,-0.38862549036657984
-0.7623527976000011,0.009105299212038708,-0.5382555739299065,-0.3888280525927226
-0.30303263420561827,0.009253147606452003,-0.5295762049320994,-0.3887815762013969
-1.0176534019440258,0.008933831652609922,-0.5486812741229805,-0.3891220590523675
-0.4703781399679686,0.009004414637542337,-0.5443415509941797,-0.38916602879312273
-0.5167881281279404,0.009063971431764328,-0.5407323376749783,-0.3892350510209944
-0.6940983017159073,0.009098519630742565,-0.5386603298097767,-0.38939984196731603
-0.35907601324799593,0.009157166188542926,-0.5351788334443373,-0.389383459563902
-0.44803681022394304,0.009172125497754702,-0.5342979149928158,-0.3894151298396364
-0.6693304435199249,0.00904055022268541,-0.5421460178632139,-0.3895661904514444
-0.2965899158935975,0.008997686960669772,-0.5447522597970864,-0.38951604143604107
-0.2014703686464071,0.009081878594280621,-0.5396563982858548,-0.3894146691056962
-0.49517810378397914,0.0,-0.5545059733428149,-0.38947165371489784
-0.26695199193602137,0.0,-0.5496943039114551,-0.3894056765141553
-0.7734940739199908,0.0,-0.5583773093420665,-0.3896123979336418
-0.4754978048880051,0.0,-0.5623409054398267,-0.3896585977222133
-0.3696821694719778,0.0,-0.5634329168292669,-0.389647857707025
-0.4169880015839509,0.0,-0.5637782768609457,-0.38966254881066653
-0.14871028259838306,0.0,-0.5585517185129132,-0.3895331437267716
-0.7972973960831089,0.0,-0.558448943007056,-0.38975201879513255
-0.29919917999999984,0.0,-0.5499346765923354,-0.3897034389459935
-0.4838629926239173,0.0,-0.5527956187551497,-0.38975392664233555
-1.2664598214151657,0.0,-0.5670887605791647,-0.39022375831156003
-0.4344485380415751,0.0,-0.5635967070423962,-0.3902474459279125
-0.8942453697599304,0.0,-0.5721512989460757,-0.39051725209698746
-0.7087578170399815,0.0,-0.5795286907185394,-0.3906875252724518
-0.40496802150398703,0.0,-0.5722582130055536,-0.39069516190145265
-0.589735245503948,0.0,-0.578397585775038,-0.39080154356024605
-0.6991646811143826,0.0,-0.5816629964942859,-0.3909662674585122
-0.4263280963200079,0.0,-0.5765935491701254,-0.3909851472390042
-0.31143597868797657,0.0,-0.5725066478338056,-0.3909426983763835
-0.8959711071358785,0.0,-0.5765240960021244,-0.39121204686105526
-0.7717666965119236,0.0,-0.5762501480059641,-0.3914149011519139
-0.3045923999999671,0.0,-0.572500341349963,-0.39136864515769343
-0.2594015865599946,0.0,-0.5717325330178037,-0.3912983751584401
-0.5427754314943947,0.0,-0.5666883556368124,-0.39137899094148215
-0.23335042931680597,0.0,-0.5556228009673413,-0.39129493319593706
-0.2935865199999895,0.0,-0.5562878270816456,-0.3912429882660084
-0.43349302951998003,0.0,-0.5605869039888456,-0.39126543780971396
-0.5281541236320175,0.0,-0.5491343208998869,-0.3913381349344205
-0.30922100263998265,0.0,-0.5418639149731995,-0.3912945483461538
-0.7573253519039134,0.0,-0.5490693711628303,-0.3914887291437972
-0.10041129057958915,0.0,-0.5413781777232227,-0.39133439328029546
-0.3848009652000136,0.0,-0.5341551424185826,-0.3913309309442699
-1.1821073903520285,0.0,-0.5456134777312238,-0.39174977440793923
-0.5278056542399681,0.0,-0.5462054758939435,-0.39182179975459464
-0.5025577413999679,0.0,-0.5387425190739438,-0.39188039019990967
-0.6180776510719957,0.0,-0.5299334776301055,-0.3920000080004766
-0.2208072233740887,0.0,-0.5121440317593704,-0.39190952555617087
-0.4025794800000057,0.0,-0.5131190722716424,-0.39191516208783694
-0.4437072501119076,0.0,-0.5142740969282806,-0.3919425074352625
-0.28062599672960997,0.0,-0.5046395609108728,-0.39188376521325424
-0.245730761695996,0.0,-0.5034935234606803,-0.39180668029578736
-0.499061853617579,0.0,-0.49312169249415144,-0.3918632196596892
-0.572946593119979,0.0,-0.4951730615571916,-0.3919586271272657
-0.7113147774479472,0.0,-0.4990635945435918,-0.39212679782253723
-0.24565426382375322,0.0,-0.49009471378574865,-0.3920497070151695
-0.6779681136000468,0.0,-0.49647255579278976,-0.3922001112269448
-0.5837428981775707,0.0,-0.4991866775518623,-0.3923008172137748
-0.3400523035977743,0.0,-0.4926011147534193,-0.39227336134745
-0.47657593828002304,0.0,-0.49620083520114777,-0.3923176379109651
-0.43876317167998063,0.0,-0.5009466912618192,-0.3923420187685866
-0.5232717555200008,0.0,-0.5015085642965397,-0.3924107122296314
-0.8434248401280071,0.0,-0.5130380212603793,-0.39264721675396197
-0.43770529963760607,0.0,-0.5063222457747316,-0.39267083210138526
-0.3682623694399533,0.0,-0.5041775370657706,-0.3926580461073248
-0.1947482783999666,0.0,-0.5006788592443304,-0.39255442842789684
-0.422338289023942,0.0,-0.5007858649931303,-0.39257001391224855
-0.4714324529759245,0.0,-0.5072403084006811,-0.39261125995778395
-0.3187091916500406,0.0,-0.4976685443120197,-0.39257262845317975
-0.6281684044799581,0.0,-0.5042479288016188,-0.39269571924525226
-0.37028385888003257,0.0,-0.5019763461267411,-0.3926840159239128
0.416607929692854,0.017480768738738117,-0.4683149911045808,-0.3922616297310021
-0.18147223705917326,0.017668314806183978,-0.46325546508493276,-0.39215167177968663
-0.20224098128000767,0.018202519817627213,-0.4494153773153343,-0.39205265682113616
-0.4442519782511608,0.018415343061045482,-0.44412526053955786,-0.3920798581350653
-0.7953460860799308,0.01810296013866734,-0.45193282183107675,-0.3922898926287866
-0.350053513079993,0.01829348579470574,-0.4471391871825976,-0.3922679059658253
-0.37759919208003634,0.018555491550725802,-0.4407078774019107,-0.39226027396068175
-0.11003198039566701,0.01882063014582556,-0.43438195508342387,-0.3921135093774446
-0.9586992648960528,0.01828593675565784,-0.4473272208075854,-0.3924079926183586
-0.3026399999999638,0.018774886380129818,-0.43546059866486714,-0.39236135989492055
-0.280191396015984,0.019200236357231712,-0.42562909265494836,-0.39230312003828555
-0.11734415508478563,0.019367371385537877,-0.42188412775664474,-0.39216043245917115
-0.8493769507199633,0.018850363977631863,-0.43368363503984403,-0.39239757795619434
-0.5278713816434393,0.01886308462506772,-0.43338555404282497,-0.3924678080254983
-1.0197118555967557,0.018214560582278255,-0.449112782568424,-0.39279280494133834
-0.33286851685758345,0.01818333157482795,-0.4498984225055759,-0.3927617721665668
-0.6403032184000441,0.018020668582569153,-0.45403462628317715,-0.39288989920913076
-0.39337199999998274,0.018126346914609886,-0.4513389838105365,-0.3928901486146097
-0.3452320336943888,0.018097990672765758,-0.45205920443162456,-0.39286550636284123
-0.6517076446463734,0.01818141008512313,-0.44994685028647374,-0.3929992749097578
-0.3196889850208014,0.018009070208418753,-0.454332404175298,-0.39296140802448454
-0.2478254613359518,0.018116339923407474,-0.45159289409801673,-0.3928864798124616
-0.18524006416793962,0.018937253193778973,-0.43165554757433505,-0.39277933511914653
-0.3682623694399533,0.019075592636727274,-0.42846468187833464,-0.39276669099037953
-0.31533279999997677,0.01924053467121768,-0.4247201830503349,-0.39272677661358035
-0.23308318387200702,0.01958883403351502,-0.4170202937063351,-0.3926445284977939
-0.546323871271982,0.01929353229377348,-0.423530626664293,-0.392723663071828
-0.47644332891994046,0.019227759720283552,-0.4250079036426917,-0.3927667509080853
-0.49244995872000635,0.01918460149320805,-0.4259827578148536,-0.392818028278359
-0.2852639740799853,0.01918050498423151,-0.42607551736186117,-0.39276273056411815
-0.4884257466239307,0.018968557815343602,-0.4309294170604198,-0.39281188935962685
-0.15274596478718178,0.019272447578667518,-0.42400309928381186,-0.39268858893611763
-0.2216214807146413,0.019590846611007157,-0.41697659703570517,-0.3926007721454495
-0.47695166479998774,0.019809160314109033,-0.41228933478274593,-0.39264405120786844
-0.48830206540798404,0.019583217289415877,-0.4171422908144306,-0.392693106599766
-0.18244380943655322,0.02005024335409082,-0.40723180473116066,-0.39258534171141984
-0.0879494911232262,0.02054036168980178,-0.3973159365900738,-0.39242927826337265
-0.5860192590703155,0.020294251072780205,-0.4022352756995246,-0.39252840267750827
-0.3731197855999796,0.02039704538451876,-0.40016615264592376,-0.392518469915442
-0.3026399999999638,0.020533894855755304,-0.3974436892123234,-0.3924724962735415
-0.2878867199999918,0.020774919808995082,-0.3927359885019232,-0.3924190270627677
-0.5103461018879522,0.021125810720174498,-0.38607441373712215,-0.39247928617100747
-0.3424673852620658,0.021228331426092,-0.38416965544961135,-0.3924537438314217
-0.14993929822798163,0.021467146802345384,-0.3798031940253719,-0.39232994881069505
-0.2961739999999867,0.021355536218229682,-0.3818317084573723,-0.3922808896531386
-0.6114223410559758,0.02115053370755183,-0.38561338949801305,-0.3923926395008708
-0.5204633119935358,0.021098016101601495,-0.38659400667836524,-0.39245791507298733
-0.28965600000000313,0.02112910383176466,-0.3860129428453645,-0.3924055452741727
-0.5222144056319549,0.02124325806532132,-0.38389386286840443,-0.3924716393985912
-0.42908635914552373,0.02117975272162214,-0.3850699128737143,-0.39249027284375504
-0.4688554251519871,0.0,-0.402779179970611,-0.39252911574930344
-0.07429337898402688,0.0,-0.40063560280910815,-0.3923673283894838
-0.4926553103847462,0.0,-0.4064438893912029,-0.39241828772992854
-0.3282911320319576,0.0,-0.40412467246681877,-0.3923857193420677
-0.45446444294397714,0.0,-0.39730703960409974,-0.3924172313845052
-0.2905732348519608,0.0,-0.3961174340395391,-0.39236556015338775
-0.3543642783999435,0.0,-0.39565273576593724,-0.3923462897265351
-0.45219632687999767,0.0,-0.4024960226956239,-0.3923766242613316
-0.3825807364079504,0.0,-0.3909736521258618,-0.3923716618054788
-0.40692365971203776,0.0,-0.39305932532010324,-0.39237902990568463
-0.5902843982399821,0.0,-0.39926118536458327,-0.39247918444431534
-0.579553071759987,0.0,-0.4085053636980873,-0.3925738095769991
-0.3095846225103741,0.0,-0.3977095171338955,-0.39253185346624747
-0.35524138708798614,0.0,-0.39425691724278644,-0.39251301038065967
-0.0902860678127389,0.0,-0.3756684014871061,-0.39236037051067585
-0.3757631942399518,0.0,-0.37652629503475343,-0.39235199232982243
-0.2202676471247887,0.0,-0.3681255836092484,-0.3922651687449561
-0.5277260922960023,0.0,-0.37081266545516867,-0.3923334798511341
-0.389850321599914,0.0,-0.37170503121327925,-0.39233222825927366
-0.22684760317964753,0.0,-0.3632078303839447,-0.392248860689964
-0.4772389850799743,0.0,-0.3663588303851282,-0.392291655314531
-0.6298525435679938,0.0,-0.3739993720297691,-0.3924112128828518
-0.08357336601597842,0.0,-0.37196603806672984,-0.39225586185324074
-0.0668175756047937,0.0,-0.36593714219002665,-0.3920922428053531
-0.7027126397440142,0.0,-0.37368473898490734,-0.3922483334570811
-0.3208791526944079,0.0,-0.3754406583613554,-0.3922124875601636
-0.49235815224000035,0.0,-0.3743613439807158,-0.3922627614882157
-0.4159155009599484,0.0,-0.3731507874215159,-0.3922746293956275
-0.37721601868799376,0.0,-0.37084610862087564,-0.39226707743439
-0.3972099851173992,0.0,-0.3730850288416239,-0.3922695550823514
-0.5070165868799854,0.0,-0.373456845646745,-0.392327043575236
-0.7161772266959185,0.0,-0.38472547088491976,-0.3924892119193124
-0.28100195583996646,0.0,-0.38591308038742633,-0.3924334124918453
-0.4605891796799883,0.0,-0.3855858306850263,-0.3924675074229049
-0.6594166081719899,0.0,-0.3890081215403064,-0.3926009819732794
-0.4974442312319588,0.0,-0.3953081299762145,-0.3926533774001953
-0.679351630848018,0.0,-0.40713617277071035,-0.3927965833209984
-0.27614210039999276,0.0,-0.40093862959730386,-0.3927383434393604
-0.175631719259913,0.0,-0.3969888682705026,-0.39263000680054827
-0.2639098458336256,0.0,-0.39621426518717584,-0.3925658072190186
-0.05864426594399879,0.0,-0.39162941610605595,-0.3923993458325406
-0.7025276666879392,0.0,-0.3954730474020557,-0.39255386916131757
-0.3205161430719584,0.0,-0.3950340225582535,-0.3925179937997193
-0.5019150727039496,0.0,-0.40207353804777285,-0.3925724472984272
-0.008770872759951143,0.0,-0.3963254755029722,-0.39238150124144294
-0.3795122663999933,0.0,-0.3916872740098525,-0.3923751018208355
-0.3506604709566801,0.0,-0.38829121718911536,-0.392354368902911
-0.659517105077565,0.0,-0.3956884392906666,-0.3924870875994707
-0.4757221380160025,0.0,-0.3947585939383476,-0.39252841582708564
-0.5607663600800289,0.0,-0.39739219395703773,-0.3926119086033898
-0.5271086050399585,0.0,-0.3985572575547971,-0.39267862323455877
-0.6557566728239748,0.0,-0.41018652343159606,-0.3928090536012367
-0.5166425103359478,0.0,-0.4106662674306202,-0.39287041804956907
-0.6048556228800397,0.0,-0.4161975572475818,-0.39297541319807355
-0.1894064251631281,0.0,-0.4108963968919647,-0.39287463647132354
-0.42421920460796314,0.0,-0.4135693162870849,-0.3928901459063243
-0.4926263236439795,0.0,-0.41633455719196555,-0.3929394714146021
-0.28590081279993046,0.0,-0.4130086469103642,-0.39288656056012133
-0.18978424273438277,0.0,-0.4091527170368929,-0.39278621356514815
-0.3887007753599979,0.0,-0.4087882593498521,-0.3927841960647999
-0.9358903629999467,0.0,-0.4157003786450514,-0.39305226426170764
-0.3279080067199811,0.0,-0.4106674773442512,-0.3930201259994769
-0.4212482399999693,0.0,-0.41290074969404317,-0.3930340451878401
-0.3192540093599632,0.0,-0.41218100213948267,-0.392997682429916
-0.35222406112000715,0.0,-0.417419762005628,-0.3929775969021772
-0.505040679999935,0.0,-0.42000531172082767,-0.3930327732109402
-0.5384478269279638,0.0,-0.42636891531689114,-0.39310433573737574
-0.44268578060795494,0.0,-0.4246681090831303,-0.3931287240526097
-0.7491740032492846,0.0,-0.43185458271611765,-0.39330377089587254
-0.6240489326399307,0.0,-0.4397986093053234,-0.39341715918174186
-0.38220161132001934,0.0,-0.43789786183012425,-0.3934116505629493
-0.8132011361919529,0.0,-0.4415648336826034,-0.39361773278466206
-0.27595725900001106,0.0,-0.4454125115422841,-0.39355999948054793
-1.3882924271199557,0.0,-0.4718420085725873,-0.3940478525593314
-0.595447444353595,0.0,-0.4696967046647789,-0.3941465778494266
-0.4097595545567976,0.0,-0.4714743127020267,-0.3941542275195429
-0.6961273189315595,0.0,-0.4755496960358579,-0.3943021085633294
-0.4936400456960226,0.0,-0.4771041869305794,-0.3943507321253131
-1.1417839607999856,0.0,-0.49239554577281924,-0.3947164039593027
-0.8597316237959673,0.0,-0.5016459785463906,-0.39494379526484624
-0.6272590243199372,0.0,-0.5040508272951897,-0.3950573413201029
-0.5534788522079769,0.0,-0.5007968598054309,-0.39513473336254934
-0.3995545917599967,0.0,-0.5031679125238313,-0.39513689149653247
-0.32933603512863985,0.0,-0.5005428496328045,-0.39510477785262427
-0.3791274714935768,0.0,-0.4949370668992361,-0.3950969840446443
-0.41553499999998234,0.0,-0.4932988822745966,-0.3951069489475966
-0.6220392191999404,0.0,-0.49215263404163506,-0.3952175397225734
-1.0726888032671726,0.0,-0.5080835680989787,-0.39554753059619474
-0.718539396847973,0.0,-0.5189417216507399,-0.3957047807745062
-0.6140905662720064,0.0,-0.5259453360595074,-0.39581105122973614
-3.287724431417562,0.0,-0.5905269393689787,-0.39721762388546955
-0.9545650909439575,0.0,-0.5955676878540992,-0.3974885754980405
-0.35453816245680525,0.0,-0.5962481282417961,-0.3974677055208582
-0.5358560624639566,0.0,-0.5969269480369962,-0.3975349169618213
-0.6410140401600299,0.0,-0.6095718113849977,-0.39765311071094667
-0.6281029412435266,0.0,-0.6145436248818684,-0.3977649252818019
-0.6927082398879795,0.0,-0.6213845802604945,-0.3979079627767612
-0.2272907260151558,0.0,-0.6127400526792462,-0.3978252593173518
-0.3720824923199779,0.0,-0.6106672597653258,-0.39781278704651973
-0.46345242735993913,0.0,-0.6087209811109239,-0.39784457379727683
-0.8569231815199193,0.0,-0.6153172726405232,-0.398066780286978
-0.78175752601593,0.0,-0.6178372897043622,-0.39825240715960936
-0.6431215296096027,0.0,-0.6203668700898354,-0.39837081582617123
-0.5775383191679362,0.0,-0.6198205240155933,-0.39845741200951673
-0.7351339125312311,0.0,-0.6307350737629553,-0.39862005766194264
-0.45682561915117226,0.0,-0.6313872020538195,-0.3986481627133619
-0.2652806238767822,0.0,-0.6268402880584756,-0.3985837961405643
-0.6782856460799251,0.0,-0.6346879847240755,-0.39871872226209804
-0.7215907722239605,0.0,-0.645324115313867,-0.3988743982746158
-0.6133973105231911,0.0,-0.6498180460171309,-0.3989777828106392
-0.7291229838719974,0.0,-0.6456826984345718,-0.39913681229091924
-0.581580851599997,0.0,-0.6507561553321721,-0.3992246524639135
-0.45729875807998255,0.0,-0.6514771656937726,-0.3992525995792244
-0.5056577016428825,0.0,-0.6552052395394309,-0.39930378048449794
-0.4566503681759688,0.0,-0.6572937656805502,-0.3993313509593496
-0.36538512514112365,0.0,-0.6545006545833739,-0.3993150385010035
-0.6472690403544092,0.0,-0.6566770788519029,-0.39943413264214345
-0.6534170120176287,0.0,-0.6608917034800963,-0.3995560639332503
-0.2725329712559179,0.0,-0.651358882840229,-0.39949511235327073
-0.38900679696001805,0.0,-0.6466580401266308,-0.3994900819861757
-0.5348944825760059,0.0,-0.6497118975517505,-0.39955499301234526
-0.5564113353999608,0.0,-0.6445761015359106,-0.3996301517772651
-0.4007254903199474,0.0,-0.6470714661623093,-0.39963067636468974
-0.47820312798400605,0.0,-0.6288696801795903,-0.3996682888355463
-0.2893949492591501,0.0,-0.6227486302777014,-0.39961552647211257
-0.27963668912001116,0.0,-0.6201461729689657,-0.39955814778375676
-0.3899444958079966,0.0,-0.6140225165064944,-0.39955355234782186
-0.3790338543203864,0.0,-0.6117303926789817,-0.3995437483831647
-0.38553930492804284,0.0,-0.5966054995615429,-0.3995370604923074
-0.4765538367199708,0.0,-0.5889419438200229,-0.3995738226766643
-0.3521694192631951,0.0,-0.5834401517188881,-0.3995512060719823
-0.5156776782080541,0.0,-0.5826841282388896,-0.39960658350266237
-0.5399649124799202,0.0,-0.5854923346532881,-0.3996734845174275
-0.6539776798720269,0.0,-0.5919851675481559,-0.39979463944613386
-0.2958404158079775,0.0,-0.5903194264344439,-0.3997451374348776
-0.5071553166719298,0.0,-0.5921518327678829,-0.39979626079481906
-0.8654354261280365,0.0,-0.5970197569064447,-0.40001778275739436
-0.5103080191999417,0.0,-0.5857721412251,-0.4000702269972624
-0.6474895119159148,0.0,-0.5843511435264589,-0.40018782171442907
-0.4555318993981248,0.0,-0.5811799701889813,-0.40021411343779423
-0.2363801322607783,0.0,-0.5201530842058457,-0.40013631952460477
-0.5157538435840353,0.0,-0.5113768592586472,-0.40019119257826374
-0.6364573521999612,0.0,-0.5170152430535103,-0.4003032732991469
-0.35272597103999437,0.0,-0.5133526412250311,-0.4002807141231112
-0.8948319815199999,0.0,-0.5184290000522305,-0.4005150986100292
-0.5611813292638832,0.0,-0.5170905678126376,-0.4005912076723948
-0.5097882777448057,0.0,-0.513432168569774,-0.4006429108305731
-0.43153030735998427,0.0,-0.5175169601966707,-0.4006575286235354
-0.4189120325119948,0.0,-0.518453551000511,-0.40066616367740887
-0.2647247919359761,0.0,-0.5144789982920318,-0.4006018887971528
-0.23473222545919098,0.0,-0.5020351791708172,-0.4005235004874468
-0.4430752689967883,0.0,-0.4952615340304344,-0.40054360051980836
-0.46922223923197126,0.0,-0.4917835482228818,-0.40057602669483766
-0.20391445199995717,0.0,-0.4843110708795222,-0.4004832180234385
-0.17621268312479876,0.0,-0.47313264629139357,-0.40037743003527876
4.475436690858413,0.19290836124691602,-0.37448740009120185,-0.39807860206691775
-0.19896810536048937,0.1934613360452457,-0.373161149720876,-0.3979847705416084
-0.2300279519999221,0.19728411005313162,-0.3641959958392759,-0.3979056575795068
-0.3816786800000024,0.20028515194621402,-0.3573977539947968,-0.39789801775955413
-0.6472571735167932,0.1999821191042791,-0.3580749512546688,-0.39801536324461634
-0.7041250994399525,0.20020575193167384,-0.35757499356602795,-0.39815934712805723
-0.6520249220400194,0.19957683150734135,-0.3589838749748283,-0.39827870094795004
-0.28738917076799675,0.20110055392576745,-0.35558568322858863,-0.39822659120632414
-0.46702541082398696,0.2014502543269702,-0.3548130374122107,-0.3982589062930398
-0.7304212295063858,0.19899798423468068,-0.3602884546388191,-0.3984148510457221
-0.5872180790798844,0.19705430210221875,-0.36472511371759425,-0.39850344946338245
-0.7943066090400491,0.1957867607493381,-0.36766586509130705,-0.39868909822490994
-0.16194827135200768,0.20008872118444088,-0.35783649027799463,-0.39857810862018755
-0.22898332339519242,0.20047905920355907,-0.3569654973207801,-0.3984986358998384
-0.1576769335200039,0.2025782802849093,-0.3523389000519799,-0.3983858388495434
-0.37525204006396234,0.20405279247850946,-0.34914605120173897,-0.3983750084194004
-0.6419653119999823,0.203259927761319,-0.35085713073373936,-0.3984889954589795
-0.6223911162868074,0.20123403646278018,-0.35529044325307657,-0.39859372049210756
-0.8219857447999497,0.19817073697635526,-0.36216609558939544,-0.3987916597274081
-0.35842949911996,0.19756680977509058,-0.36354678658661166,-0.39877279890469436
-0.6037969589280164,0.19477952301268264,-0.3700299919827718,-0.39886855983884817
-0.6210871519999575,0.19283960129725997,-0.374652845106611,-0.3989723033459262
-0.6123177341999361,0.19092049912223533,-0.379318522704202,-0.3990718579100204
-0.959403719807931,0.1863582903445252,-0.3907958110017998,-0.39933320672620415
-0.6387360010239379,0.18510819814657883,-0.39403945428787907,-0.3994448164205155
-0.6506563254399329,0.18285077832955976,-0.4000091924114139,-0.39956187676954596
-1.0481098858207634,0.17895784948005344,-0.41065783656366805,-0.3998639485017543
-0.8759480280095825,0.17658545062843978,-0.41737749887426134,-0.40008558913467224
-2.0888816008368227,0.1671235171761098,-0.4460755772935572,-0.40087144116431495
-0.5244210553440184,0.16570906632044918,-0.450647190084278,-0.40092890610114273
-0.26133054107756953,0.16723120358768084,-0.4457306945723908,-0.4008640068147533
-0.5050104751439941,0.16951418721623535,-0.43852219555270994,-0.4009124020137911
-0.34331360691197754,0.1705932192503253,-0.4351823073069507,-0.4008856492060336
-0.6309279406463868,0.17070098081810586,-0.43485107588156013,-0.40099244692722225
-0.5925375425999965,0.16981359697792364,-0.4375911887455976,-0.4010813309623372
-1.0072662903199405,0.16498769122564777,-0.4530089119067808,-0.40136249281732683
-0.9960765839599814,0.16211705616727878,-0.4626153667142997,-0.40163820635054087
-0.42033204427435,0.16339626378711977,-0.45829286055578755,-0.40164686892603846
-0.642305335999987,0.16168684293907432,-0.46408444785498737,-0.4017583364883701
-0.6494922532759693,0.16313277661045414,-0.4591776532901068,-0.40187302811651243
-0.8062894251879742,0.16168819599807815,-0.46407981520858854,-0.4020601712896136
-0.3608572704799898,0.16256287640719416,-0.4611011950632923,-0.40204111351865635
-0.05064497481595098,0.16484349158747896,-0.4534834884124116,-0.40187865575688897
-0.5092607452799525,0.1642967434509473,-0.45529046266777073,-0.40192827779456136
-0.2961463313600019,0.16410744403362992,-0.4559188934562512,-0.4018794177731136
-0.46772523839995583,0.16271726924514548,-0.4605787537150665,-0.40190981750562826
-0.38740669703998026,0.1630472752598572,-0.45946538227593037,-0.40190312478737
-0.6979997951999874,0.1616995531185348,-0.4640409333952907,-0.40203970074235734
-0.4910287944096051,0.16003937329565368,-0.4697832202434837,-0.4020807284480592
-1.3756955326863218,0.15345715023614304,-0.49377287723471414,-0.40252939886475886
-0.6419653119999823,0.0,-0.5961209172918821,-0.4026396871711316
-0.6873375807223141,0.0,-0.6058883067991185,-0.40277076354937796
-0.48691912851194513,0.0,-0.6110261303293589,-0.40280948806155586
-0.5338655699519913,0.0,-0.6140698681283987,-0.40286977144789005
-1.003073973686335,0.0,-0.6211862041317896,-0.4031457274029422
-0.2561979514420772,0.0,-0.612227661171832,-0.40307819625590136
-0.27455172416000395,0.0,-0.6046781972142319,-0.4030191579131839
-0.5511978082399773,0.0,-0.6099543699636714,-0.40308719218789774
-0.3533731942399203,0.0,-0.6076813256319901,-0.40306437713606297
-0.5624186937599982,0.0,-0.6043212749170623,-0.40313747544644096
-0.6633820839095349,0.0,-0.6058445550136553,-0.4032567989716418
-0.6275801131999077,0.0,-0.6025100250968525,-0.403359605256806
-0.3444600934719939,0.0,-0.6061602615392522,-0.4033326242619435
-0.5058027207199722,0.0,-0.6116966494857479,-0.40337954280427774
-0.2202428014367833,0.0,-0.6129479668440834,-0.4032957273620043
-0.5761868769279794,0.0,-0.6169666635813638,-0.40337481754936294
-0.4750307243999755,0.0,-0.6136279718293636,-0.40340758202437466
-0.3713546991358994,0.0,-0.6086072434863454,-0.40339293262634524
-0.15336760370915706,0.0,-0.5952348806645297,-0.4032787136547064
-0.386473337599953,0.0,-0.5957957574341295,-0.40327103996701025
-0.627403035600002,0.0,-0.5962678789675693,-0.4033733366332051
-0.6611229442080198,0.0,-0.5970685948117304,-0.40349092313301116
-0.5079003867711605,0.0,-0.594980247863155,-0.4035385334675474
-0.2800419105599771,0.0,-0.5813930116781958,-0.4034822451252924
-0.2973712342846979,0.0,-0.574565716343411,-0.40343390297912357
-0.34183525199990317,0.0,-0.5683892948746103,-0.40340585259161027
-0.6832038409494834,0.0,-0.5610911739771849,-0.4035332071607308
-0.5271528081599725,0.0,-0.5541152695801926,-0.4035894490174184
-0.4216883999999429,0.0,-0.520771405563455,-0.40359767955447273
-0.7185548570903119,0.0,-0.5246540815983809,-0.4037408419078981
-0.5590666654398853,0.0,-0.5306088040856273,-0.4038114124774265
-0.8661256579663883,0.0,-0.5378311077420751,-0.40402136445085474
-0.3133674675999639,0.0,-0.5372321849558349,-0.4039802142480173
-0.48250599587994525,0.0,-0.534263746060506,-0.40401584300556354
-0.1505758150400002,0.0,-0.525424511509306,-0.4039009042173705
-0.19167221555199282,0.0,-0.5091126300139471,-0.4038046990094533
-0.6570751625023984,0.0,-0.5023326015847954,-0.40391945680895175
-0.19672920839998786,0.0,-0.4978605448673082,-0.403825620645723
-0.998414752339131,0.0,-0.504982733194091,-0.4040947872965575
-0.37906280000001447,0.0,-0.499574144128572,-0.4040834606054731
-0.8472598696239149,0.0,-0.5003935530172908,-0.4042839022196832
-0.7472302834878954,0.0,-0.508121013277449,-0.4044389412708894
-0.7256710602239759,0.0,-0.5216215349856094,-0.40458409812536433
-0.6493846356799744,0.0,-0.5244240127936098,-0.40469466747385335
-0.7021223580799558,0.0,-0.532543533328009,-0.40482894634094413
-0.38295799999999375,0.0,-0.5308481885600097,-0.404819076780321
-0.4013537020000056,0.0,-0.5311271286592102,-0.40481751368840385
-0.49300276973918644,0.0,-0.5270271881499942,-0.40485727259555027
-0.653937557039925,0.0,-0.5302853634026006,-0.4049695214844391
-0.631535661820755,0.0,-0.5154021659852892,-0.40507157830441043
-0.2656807999999823,0.0,-0.5078764757452893,-0.4050088179359708
-0.716527814863889,0.0,-0.5084602804281207,-0.4051490155043452
-0.7100765305414991,0.0,-0.5129234284687119,-0.40528618487683155
-0.6243859581599686,0.0,-0.5147338362328714,-0.40538470096194085
-0.3504311145680028,0.0,-0.5016809790505047,-0.405360002720865
-0.5279654655199737,0.0,-0.5071163293320626,-0.40541508154512335
-0.21758795895998448,0.0,-0.5059770540280621,-0.4053307406728354
-0.6918485397359275,0.0,-0.5087900686579813,-0.40545933932591577
-0.6563213972992343,0.0,-0.5148490327191675,-0.405571883990776
-0.3203540536311711,0.0,-0.510007739916591,-0.4055336697170721
-0.35258433855995086,0.0,-0.5037917850095994,-0.40550993626518633
-0.2861606971391125,0.0,-0.4969633966883834,-0.40545646438385746
-0.6491602198399908,0.0,-0.5030573992157433,-0.4055656017575503
-0.9674109957343935,0.0,-0.5122895647160317,-0.40581709924813975
-0.38465279999997354,0.0,-0.5155777646872955,-0.40580762976301754
-0.40378901199998096,0.0,-0.5121298073887356,-0.40580672698226483
-0.38464199999996246,0.0,-0.5103220329007353,-0.40579726577216996
-0.2929439999999873,0.0,-0.5087538189180171,-0.4057468398267847
-1.2001652957711237,0.0,-0.5296897727592564,-0.4061016493202837
-0.7171289772959477,0.0,-0.5363028855531763,-0.4062405008059871
-0.5271528081599725,0.0,-0.5342978810043757,-0.4062944554277426
-0.04915296547201797,0.0,-0.5220584814296557,-0.4061351594910987
-0.43602985447996445,0.0,-0.5206210707838318,-0.4061484874870812
-0.6969588896255836,0.0,-0.5289594103651439,-0.40627808214044064
-0.661324578439932,0.0,-0.5362384772482486,-0.4063916885975896
-0.3276071518184304,0.0,-0.5359539152446192,-0.40635661088753655
-0.19109110166399185,0.0,-0.5261116604589093,-0.406260809592822
-0.23028067560961984,0.0,-0.5201742178079023,-0.4061825266150715
-0.1435939184783152,0.0,-0.5146123281774697,-0.4060657686745927
-0.16978770943996027,0.0,-0.5036369852244627,-0.40596075620382177
-0.6566036512215432,0.0,-0.5055877249400959,-0.4060721035583388
-0.6490106092799497,0.0,-0.5012454239663671,-0.40617998033707836
-0.664148953520006,0.0,-0.5082610536847679,-0.4062944805471019
-0.7793994291599925,0.0,-0.5141989223503688,-0.40646001069289284
-0.7473076543427289,0.0,-0.5261335591364235,-0.4066111626412963
0.11574188458802342,0.004432006859761786,-0.5199852771336232,-0.40637962317000675
-0.3640024726463547,0.004482309064839331,-0.5141238233365023,-0.40636084729471933
-0.44950381665598027,0.004438856461928676,-0.5191793155016221,-0.40637995401277127
-0.7171058556639752,0.004487267678506928,-0.5135531375681189,-0.4065175042127054
-0.18843025999998556,0.004520678882115292,-0.5097404867681185,-0.4064210054320803
-1.2365987664159268,0.004452963084545133,-0.5175272647039586,-0.40678817825869856
-0.8915111587839984,0.004428381361133936,-0.5204128822098807,-0.4070024678168441
-0.2668630357439858,0.00450750786232778,-0.5112367217202809,-0.4069405414217611
-0.5374473062927191,0.004527243663177911,-0.5089979751325358,-0.4069981857525345
-0.42857999999994356,0.004576207291792871,-0.5035271279709356,-0.4070077141473457
-1.1644476794399425,0.004439047082977451,-0.5191569215597345,-0.40734197715056397
-0.8753036777599923,0.004359797313666958,-0.5286359210749343,-0.4075484004856365
-1.232129540487956,0.0042417014252934294,-0.5434184564899096,-0.40791197241685445
-1.0201722912000382,0.004185524372428962,-0.5507431511731119,-0.4081818094899189
-0.9822728177063789,0.004133101934040323,-0.5577578942908243,-0.40843471301776757
-0.45493554489517685,0.004105357026907254,-0.5615429891887282,-0.4084551889454987
-0.365659089407958,0.004157093260560474,-0.5545256146796096,-0.4084363526340825
-0.7590891454343669,0.0041497880454851605,-0.5555058669774671,-0.40859062135066865
-2.9312062829950856,0.003832784893105589,-0.6016422734741693,-0.40969995101717893
-0.5110528751328112,0.003812506252285407,-0.6048547086854655,-0.40974450175305394
-0.6189591673999464,0.0038011131460767744,-0.6066745827230648,-0.40983642383813607
-0.3682836335999762,0.003782393924196933,-0.6096884962158649,-0.4098181749184004
-1.262588429805987,0.0037131382197925764,-0.621103294017266,-0.41019252533757844
-0.27665639999999553,0.0037589222979744607,-0.6135099940712813,-0.4101339311623535
-0.49489922457600133,0.003737734341725439,-0.6170008974901778,-0.41017110892262265
-0.389890790015997,0.003733236674224065,-0.6177470265192987,-0.4101622179454606
-0.6669366745599721,0.00368794184983333,-0.6253625460677159,-0.4102747396179473
-0.654886223999998,0.003687269105561072,-0.625477066150916,-0.4103818843767655
-0.7009789608799972,0.0037188342329835594,-0.6201484254538281,-0.41050911602146917
-0.5254390871999781,0.0037020877606511434,-0.6229641511978282,-0.41055941360185366
-0.3773249675999875,0.0037052241275390583,-0.6224348703098284,-0.4105448753490094
-0.5290979834567788,0.0036881684014853358,-0.6253239899789648,-0.4105967131750295
-0.7401642431999114,0.0036363472574408432,-0.6342683948429632,-0.4107407549276627
-0.8688047070622683,0.0036746020602609094,-0.627641183068786,-0.4109408702409587
-0.48410561267196855,0.003701989689390434,-0.6229807157763065,-0.41097281991014256
-0.44670327129677523,0.0037115401069809546,-0.6213717250390425,-0.4109884159168587
-0.7429460822399909,0.0036307624175315046,-0.635247587374402,-0.41113324910460874
-0.4739382020999164,0.00362644996997552,-0.6360057543268011,-0.4111606389663599
-0.6288088172080016,0.0036342100730571503,-0.6346427528784494,-0.4112555161146779
-0.6577832284800402,0.00363461422683872,-0.6345719258792516,-0.4113629355971901
-0.32978006294958023,0.003634366234407502,-0.6346153841018746,-0.4113274029871519
-0.36543059327995664,0.003614578703778228,-0.6381021739341939,-0.41130742179006563
-0.1428499898752123,0.003624475078665286,-0.6363535602195057,-0.41119059958296605
-0.495375755155112,0.0035849825424024906,-0.6433891969530418,-0.4112272177454594
-0.13059841235030445,0.00358933945153034,-0.6426054110112485,-0.41110520522137456
-0.8910653872799138,0.0035634296463140547,-0.647294645732416,-0.4113137928711175
-1.462767669432747,0.0034763344972206464,-0.6635697869354719,-0.4117705495507707
-0.6685279868799474,0.003475877331452688,-0.6636573676026707,-0.4118820377997195
-0.6576659201999604,0.003488631116186173,-0.6612226974234701,-0.41198871483201127
-1.7315191540571273,0.003388120534171518,-0.6809069274177579,-0.41256117923080743
-1.2210922915839755,0.0,-0.7076436109411981,-0.41291179983460324
-0.4057046497200007,0.0,-0.708477654482671,-0.41290867579900953
-1.0036255014480129,0.0,-0.7195600881785116,-0.41316461896436874
-0.9116915190431489,0.0,-0.723451801446095,-0.4133805249410161
-0.3653326663679638,0.0,-0.7269898495734547,-0.41335972500223994
-0.44856340130156747,0.0,-0.7112291422711674,-0.41337495809453734
-0.5338959808159804,0.0,-0.704076838711807,-0.41342708656457255
-0.9110724729279207,0.0,-0.7169610274554857,-0.4136422380502463
-0.790427843295977,0.0,-0.722020638195551,-0.41380506674741385
-0.7978166846720214,0.0,-0.7294053718889926,-0.4139709464959774
-0.655151442720032,0.0,-0.7192194471545942,-0.41407508315237807
-0.4602979071591877,0.0,-0.7109193317425782,-0.4140950325800893
-0.3590299458784507,0.0,-0.693457339850388,-0.41407127715010583
-0.5746278981967372,0.0,-0.6845464519903222,-0.41414051243300654
-0.7151362238592152,0.0,-0.6792037201133787,-0.41427025196379363
-0.5014477910159941,0.0,-0.6801339650357952,-0.4143078122994473
-1.6512691265615125,0.0,-0.7058461657788662,-0.41484052604374627
-0.6718975977999517,0.0,-0.704102334826178,-0.4149511834142827
-0.7876270429999055,0.0,-0.6612307500262743,-0.4151115430784762
-0.3635129045231465,0.0,-0.6582799506140811,-0.41508935011565673
-0.49149041099202123,0.0,-0.6557305754859225,-0.41512219665945566
-0.11142055973759099,0.0,-0.6505933140086749,-0.41499168456795504
-0.583181432640007,0.0,-0.6370051740653553,-0.41506393102331246
-0.5751480256512562,0.0,-0.6429750065783805,-0.415132666143376
-0.4824277513199093,0.0,-0.6427255771132586,-0.4151615481541814
-0.4044247798399022,0.0,-0.6430162569097366,-0.4151569420759685
-0.1275629563679453,0.0,-0.6322287825458962,-0.41503361703921543
-0.2595513975224124,0.0,-0.6243220860163444,-0.41496697228160007
-0.25585995679998386,0.0,-0.6154197059347442,-0.4148988030376062
-0.3096268706959523,0.0,-0.6111034616046637,-0.4148537186982736
-0.657647558903898,0.0,-0.6167099134307419,-0.4149576544175397
-0.7046402357999089,0.0,-0.6202207584776045,-0.41508160930901694
-0.365169454847994,0.0,-0.6127208627105661,-0.4150602610821303
-0.48233007803198463,0.0,-0.6049913701299604,-0.41508902115778223
-0.5095932887519878,0.0,-0.6055011236515608,-0.415129407596925
-0.5275472359999572,0.0,-0.6071180029456245,-0.41517742888201814
-0.6402872935599028,0.0,-0.6050648271720227,-0.4152735475262017
-0.5119738199999463,0.0,-0.6058255395300233,-0.41531481951616067
-0.7351798653864086,0.0,-0.6079529604935915,-0.41545128071320425
-1.5425069344127407,0.0,-0.6256474346122455,-0.4159319014610505
-0.6572786328640279,0.0,-0.6321974060105344,-0.41603477730563837
-0.47447254545594963,0.0,-0.6343782450540543,-0.41605967622687834
-0.20146187646718078,0.0,-0.6355504827858937,-0.41596828023038784
-0.4793417919999462,0.0,-0.6352298035227903,-0.4159952591626014
-0.37977344732151774,0.0,-0.6402133042222146,-0.4159798456256477
-0.3232927763199231,0.0,-0.6288578520030148,-0.4159404210959558
-0.30878940351989714,0.0,-0.6057782866847579,-0.41589486369052375
-0.34242305680001317,0.0,-0.5992561880831591,-0.41586363895321377
-0.25234701287275957,0.0,-0.5911498099366151,-0.415794175645618
-0.12294567999886419,0.0,-0.5589783404554498,-0.4156698238427956
-0.26702650620787594,0.0,-0.5398970247479279,-0.4156067324516093
-0.38904208790393746,0.0,-0.5395637735116066,-0.41559546191934466
-0.7777201954800211,0.0,-0.5350456673922467,-0.4157490347495231
-1.3529852416079475,0.0,-0.5438715418435427,-0.41614633708392684
-0.39766493330391534,0.0,-0.5445181871822617,-0.41613850598063024
-0.36501440390396,0.0,-0.5428472072343096,-0.4161168524007587
-0.7340809418208245,0.0,-0.5468509064544065,-0.41625146886537345
-0.42542380854398504,0.0,-0.5371379331667278,-0.4162553505156818
-0.4929703654519549,0.0,-0.5311887836098473,-0.4162878018756379
-0.5095932887519878,0.0,-0.5254243156914467,-0.41632725451279495
-0.5854080359999567,0.0,-0.5240294475570451,-0.4163987172268639
-0.8680390206177742,0.0,-0.5321842698262169,-0.4165895242836408
-0.7284817016566816,0.0,-0.5395733049417815,-0.4167212355071936
-0.9149424140000025,0.0,-0.5463795952578467,-0.41693154415155526
-0.5233990562400044,0.0,-0.5425448519054625,-0.41697646715243647
-0.9999523077999477,0.0,-0.5525149422411416,-0.4172223447739664
-0.6852607039295471,0.0,-0.5331947737885023,-0.4173353457685514
-0.003656752286372078,0.0,-0.5198299568782307,-0.4171610185062328
-0.5057776074287834,0.0,-0.5141929681668083,-0.41719834647123805
-1.3259724579599113,0.0,-0.5334421592355436,-0.41758098820239115
-0.4843136730119859,0.0,-0.5332986244759429,-0.41760907434919653
-0.7822297175805926,0.0,-0.5467148076328029,-0.4177624696555623
-0.7176492140159482,0.0,-0.5494041632603217,-0.417888578463115
-0.5749862382000193,0.0,-0.549400927511297,-0.41795461362904057
-0.40767534827194557,0.0,-0.5479058794503378,-0.41795029460998295
-0.38206398873601494,0.0,-0.54745866362826,-0.41793522266295485
-0.11269579378957997,0.0,-0.5471613203766927,-0.41780707848626575
-0.779490467520003,0.0,-0.5575601017766444,-0.41795885498187374
-0.5850212666399202,0.0,-0.5641433279734432,-0.41802893149683096
-0.3863922620799395,0.0,-0.565678635801123,-0.4180156666459224
-0.3955256305880039,0.0,-0.5604361972348051,-0.41800624081354276
-0.44515092273595613,0.0,-0.555246410973526,-0.4180176126953703
-0.41580031763198344,0.0,-0.5562590282292058,-0.4180166841798496
-0.046592038795635976,0.0,-0.5475442674444788,-0.41786121132703075
-0.41152981511993914,0.0,-0.5455829979718378,-0.41785856220727885
-0.6506860775399262,0.0,-0.5480457748026373,-0.41795593883435234
-0.7198484892480017,0.0,-0.5496369987163991,-0.4180821480945587
-0.360876867401657,0.0,-0.5466150596644335,-0.41805824283726956
-0.3663155456399477,0.0,-0.5392377732695042,-0.41803662934637675
-0.6753578704111565,0.0,-0.5218947919894725,-0.4181440703656105
-0.4424601404959287,0.0,-0.5175984221421106,-0.41815421897584854
-0.3400940449439954,0.0,-0.5149108521318715,-0.4181216531961106
-0.6499830779199824,0.0,-0.5238812761609275,-0.4182183426976635
-0.4867947475567658,0.0,-0.5240303352720639,-0.41824692811027675
-0.5867512479199212,0.0,-0.5281698912840319,-0.41831713824353073
-0.5243822926079268,0.0,-0.5321916816097921,-0.41836131365142926
-0.3406255473391302,0.0,-0.5328284044861767,-0.4183289507179104
-0.4635230744144192,0.0,-0.5352504048384649,-0.4183477580935644
-0.7143468515423528,0.0,-0.5444904016118567,-0.4184708858362635
-0.6502525469400336,0.0,-0.5550365389506801,-0.4185672607473254
-0.7093987195999506,0.0,-0.5638839832185215,-0.4186881383278959
-0.5271528081599725,0.0,-0.5666461976236422,-0.41873320050896445
-0.7532456793919432,0.0,-0.5661567073018807,-0.41887211765135773
-0.9552856310110825,0.0,-0.5582027150899435,-0.4190947882671152
-0.4643722729055546,0.0,-0.5595368618819762,-0.41911357560513945
-0.6640062141759805,0.0,-0.5655166980874166,-0.4192151486613696
-0.4351573488240197,0.0,-0.5595382262274805,-0.41922175819709206
-0.45185800911997875,0.0,-0.5600669102390003,-0.41923528337360383
-0.4857331248000065,0.0,-0.5599221654259614,-0.4192628301181881
-0.19704398390064104,0.0,-0.5536711793289345,-0.4191708140327978
-0.3115871732159672,0.0,-0.5481947620732547,-0.4191262843801419
-0.2096925828799302,0.0,-0.5350278333184978,-0.41903963411059275
-0.3582798885599849,0.0,-0.5276237970565638,-0.4190145060106959
-0.6016330050559859,0.0,-0.5213576088776836,-0.4190899993959978
-0.37272080951993186,0.0,-0.5183440439432822,-0.41907083857373495
-0.18652152199292293,0.0,-0.5020754282271416,-0.4189747835069936
-0.27667167079196237,0.0,-0.4939036475643899,-0.4189160291251955
-0.17078075575680224,0.0,-0.4972461276337985,-0.4188136208406852
-0.21471410495353582,0.0,-0.4914248575842936,-0.41872942137043473
-0.3410191339807911,0.0,-0.47172579110471113,-0.4186973758910988
-0.3585491875680091,0.0,-0.4692105013958316,-0.41867258273845115
-0.49162778068800667,0.0,-0.4633984626579799,-0.4187026425645532
-0.4555560925192875,0.0,-0.4581566002280467,-0.41871782108595135
-0.6800665828319585,0.0,-0.46025820712068544,-0.41882541629457465
-0.6658424175839767,0.0,-0.46542154850692613,-0.418927069381525
-0.1669530154431335,0.0,-0.46111932904106845,-0.41882341900968695
-0.5262653455199553,0.0,-0.46939072007567595,-0.4188675974334165
-0.702186962639987,0.0,-0.4678446499780757,-0.4189840460011134
-0.030193406639969,0.0,-0.4567480927780766,-0.4188243127885574
-0.4130339399999836,0.0,-0.4572809263364775,-0.4188219348120529
-0.7636799020959462,0.0,-0.46464401176663633,-0.41896350212210376
0.2864649332571182,0.012571391973118228,-0.4500116946467749,-0.41867403620688864
-0.23297506857501468,0.012673070660523068,-0.4463551896656355,-0.41859786763936124
-0.7267655974800233,0.012302870512776107,-0.4599586608393232,-0.4187242176720962
-0.737495054800013,0.012133016787996534,-0.46647796563292476,-0.4188548614578044
-0.5101331108543713,0.012205677431025295,-0.4636669062992136,-0.4188922552510844
-0.8057309902719121,0.012161176336719705,-0.46538455631969183,-0.4190506658714861
-0.49583013730394376,0.01209190044989195,-0.46808362171773754,-0.4190820942265546
-0.743121483699138,0.011902586687053992,-0.47561974047892136,-0.4192146799014616
-0.7458368104799356,0.011867833016685538,-0.4770293192802969,-0.4193482676849293
-0.6778072418399993,0.011753237839956705,-0.48173626130717834,-0.4194539336596451
-0.444012832659605,0.011703339061157673,-0.4838146370614906,-0.4194639699894367
-0.5032390648383388,0.011773925291356298,-0.48087975679985767,-0.4194981918419077
-0.35758236332635196,0.011836787232901129,-0.47829550911524943,-0.4194729097559478
-0.5324509123199713,0.011863405161207978,-0.4772095024032504,-0.4195190232263821
-0.259546392127976,0.011994962061241022,-0.47191278439365136,-0.41945375491504056
-0.273571319999976,0.01202873536490789,-0.4705716998468683,-0.41939425963163307
-0.4705704343920032,0.012025176869315528,-0.47071264704641996,-0.41941512232008
-0.4674184759199736,0.012151129620799651,-0.46577407953397243,-0.41943468358886554
-0.9471742762559183,0.011999993531603763,-0.4717125141202901,-0.41964964879972794
-0.5781095831120129,0.012066354761591737,-0.46908673139053136,-0.41971416831695607
-0.37315696017597655,0.012145134760917713,-0.46600681443085146,-0.4196952195142939
-0.7005072440799305,0.012172351280611086,-0.46495204572461113,-0.4198094636251831
-1.257351227801545,0.01201809603366054,-0.4709933576604204,-0.42015006621329876
-0.6986947788799918,0.011901101554663486,-0.4756798077799092,-0.4202632957712933
-0.7333708186979426,0.011866904315196955,-0.4770670998703484,-0.4203905235335552
-1.0285009198078785,0.011582219689894539,-0.4889339712900256,-0.4206375220698162
-1.0398055701598699,0.01131328449971711,-0.5006929225108234,-0.4208889098278714
-0.7205364464399318,0.01120933999827425,-0.5053889889436219,-0.42101052002941847
-0.7000160746079156,0.01099298443064002,-0.5154484307577674,-0.4211237068669757
-1.1536345384446824,0.010648884347270262,-0.5322893780623417,-0.4214207509998134
-0.7307755331999335,0.010446530446152945,-0.5427110370687418,-0.4215461481551438
-0.7232276087199352,0.010309328073113435,-0.5500099914719407,-0.42166838537579404
-0.35879441287679625,0.010400218694342205,-0.5451532196283569,-0.42164292001633713
-0.4607461209599994,0.010367087633277764,-0.5469137258571584,-0.42165875127177993
-1.0313503992479984,0.010059526404038063,-0.5638103034022598,-0.4219054901013939
-1.3367846289503682,0.009698480912132587,-0.5850125625654279,-0.4222755868404105
-0.7033785457606601,0.009526700313332942,-0.595664518365505,-0.42238925564709073
-0.7008302668799788,0.009375138844506378,-0.6053868416040339,-0.42250180253926256
-0.7033188345311352,0.009265280565427358,-0.6126328356150408,-0.4226152639663299
-0.7327085539531788,0.009154496274611387,-0.6201160229427443,-0.42274050358264126
-0.6767293657599454,0.009100663572049516,-0.6238180546441829,-0.4228430424854177
-0.7276030765919496,0.009022683927222523,-0.6292589943256363,-0.4229660287784389
-0.7296073909599585,0.009008627143067043,-0.6302498104881963,-0.42308972436624914
-0.5101741177488193,0.009052944841927322,-0.6271364444914931,-0.4231248390410002
-0.35323726463519745,0.008999962003695215,-0.6308621294753344,-0.4230966699259636
-0.5091917204079321,0.009004792243003268,-0.6305206569730939,-0.4231313576981159
-0.35120384111998365,0.009105249265629308,-0.6235009945426938,-0.42310238970915975
-0.25627862894398956,0.009040284979537148,-0.6280226989887743,-0.42303523038518015
-0.84770975009763,0.00891795263812475,-0.6367162151907272,-0.4232061255641389
-0.5840266836479322,0.008968109412030616,-0.6331231508217668,-0.4232708160541163
-1.040049527492768,0.0,-0.6596534400367646,-0.42351881714436096
-0.6646843228960035,0.0,-0.6682876251231843,-0.4236157486177339
-0.6765559535199823,0.0,-0.6672834322439836,-0.423717371841881
-0.11292517019837367,0.0,-0.6547920345519509,-0.42359255569664267
-0.6648149247999433,0.0,-0.6578856708308622,-0.4236893932595103
-0.21506012202170052,0.0,-0.646072253465858,-0.4236056736482592
-0.757339195463967,0.0,-0.6513024346290586,-0.4237395418880569
-0.30127743483596126,0.0,-0.6424655536517949,-0.42369043919878174
-0.2040094519840108,0.0,-0.6316290064818765,-0.42360239070691214
-0.42448135739510967,0.0,-0.6265624887929787,-0.4236027428570276
-0.12785845572000798,0.0,-0.6202394012541866,-0.42348430301436163
-0.6024187365119844,0.0,-0.6222229946876596,-0.42355593409262327
3.0865913794080533,0.10036531184063424,-0.5533395198329716,-0.42215131331891353
-0.6212892440927851,0.10007622003120506,-0.5551162864684278,-0.42223096849122305
-0.4359771820799285,0.09950700053260718,-0.5586449022674669,-0.4222364647781438
-0.44043194879984826,0.09897458336026922,-0.5619821148434643,-0.4222437371538519
-0.3275147420158722,0.09943069395197039,-0.5591210009959418,-0.42220589097121586
-0.8953893699198973,0.09807852950900911,-0.5676804188759401,-0.4223948620091347
-0.43647856227355186,0.09969637251828332,-0.5574665045962928,-0.4224004842447692
-0.20260396990398882,0.10092041268377716,-0.5499563923321323,-0.42231277613848794
-0.8884097768520043,0.09924838409823973,-0.5602614486656529,-0.4224986943677314
-0.2870350429159005,0.1005856777042556,-0.5519920046423723,-0.42244468174753536
-1.7359536628895804,0.09904096830517435,-0.561564053344133,-0.4229682006718646
-0.5363158497279918,0.09955970745225817,-0.5583164747610929,-0.42301335909778337
-0.8762116368675061,0.09910309890492135,-0.5611732911244842,-0.4231938442741154
-0.4291335982453681,0.10104768659394434,-0.549185944693234,-0.4231962088258555
-0.40761023135988766,0.1031832261902544,-0.5365420379172344,-0.42319000668599643
-0.9493062051200066,0.1024001049924681,-0.5411174330908359,-0.42339928122793513
-0.4535328336448394,0.10324436264611501,-0.5361877682715744,-0.42341126275971125
-1.1212791003919738,0.10335622169377064,-0.5355406595105202,-0.4236886347142551
-0.9655985021950675,0.10254985402366977,-0.5402371188904229,-0.4239039346218756
-0.8708653885119032,0.10204928567857235,-0.5431898744862622,-0.42408144115638313
-0.8143811645599747,0.10053496089545129,-0.5523016095199258,-0.4242363834840543
-0.664991737279992,0.09987056304773867,-0.5563865218463256,-0.4243319213228622
-0.6626676052352072,0.10107632246284855,-0.5490128659660699,-0.42442646145928126
-0.5091393893119771,0.1038920913344078,-0.5324599611733021,-0.42446005104209356
-0.6523156425600336,0.1040709617107524,-0.5314387031092895,-0.4245503624140784
-0.9466599386878852,0.10321544319748735,-0.5363552965454477,-0.42475722040784786
-0.5541314121503378,0.10373294810670669,-0.5333715480978317,-0.4248084577115082
-0.5154470471919909,0.10449593975654443,-0.5290263179626079,-0.4248443399717934
-0.9699772070975949,0.10346871809382158,-0.5348912747893609,-0.42506006330662754
-0.4856848412159718,0.10431466656476135,-0.5300529100818414,-0.42508404462700305
-0.4916968089601788,0.10516020120188835,-0.5252946984418457,-0.4251103841937619
-0.6553383809279782,0.104642664951609,-0.528197983705429,-0.42520138340195723
-0.7083081861888203,0.10339798743296966,-0.5352994021365014,-0.42531323911226415
-0.5594910421536327,0.10322405683142125,-0.5363053885714154,-0.4253662319254717
-0.724581079289606,0.10195101933478351,-0.5437729333348078,-0.42548435859241374
-0.5384961259199255,0.10100943696218698,-0.5494172832743266,-0.4255289567642083
-0.6866104631999936,0.10154478232159025,-0.5461952975363739,-0.4256319474965301
-0.47749500777595655,0.10190192324223428,-0.5440646640189344,-0.42565239823007883
-0.5770119935999078,0.10348387087754357,-0.5348039133410771,-0.42571205908753634
-1.1393352094407945,0.10186286823193615,-0.544296931071973,-0.4259932344816866
-2.1005928748559826,0.09729062822791913,-0.5727776694986929,-0.4266527853443783
-0.7432593685438966,0.09539527737915145,-0.5853843534656035,-0.4267774336054805
-0.79806198896,0.09500403361387279,-0.5880492947488045,-0.4269235511007006
-0.8894388254856304,0.09307212585584025,-0.6015368688180831,-0.4271055004611983
-1.2246221760303817,0.09177893251292465,-0.6108825284294115,-0.4274191129958303
-0.4672274884800627,0.09132827510375405,-0.6142015295022936,-0.4274347609421685
-0.7981792944847671,0.08975039824851945,-0.6260849263523087,-0.42758043659385514
-0.6430326037519558,0.08918364275247972,-0.6304559512794455,-0.4276650603829981
-0.8457305296159701,0.08737137526451881,-0.6448133927573647,-0.4278292007321277
-2.1491648812798707,0.08370642674781491,-0.6757483156527225,-0.42850476418603184
-0.36205653448797925,0.0,-0.7447212739306431,-0.4284786958338552
-1.2802890203599,0.0,-0.7579012694559855,-0.4288127390983753
-1.2697928370767573,0.0,-0.774577582555922,-0.42914240593411745
-0.7694493871999172,0.0,-0.7811579313239234,-0.42927575506470755
-1.4814977174639872,0.0,-0.8042375908328857,-0.4296879062446524
-1.2236846221655886,0.0,-0.8108034958777995,-0.4299987898452479
-0.7443837303999368,0.0,-0.8169615992403273,-0.4301218367887136
-0.9135389360240413,0.0,-0.8311802985627282,-0.43031096710922817
-0.9539033296000066,0.0,-0.8324901696176883,-0.43051573533859494
-0.951874489881539,0.0,-0.8457869585570011,-0.43071955033255227
-0.5576494152240448,0.0,-0.8222208736036903,-0.43076915168655444
-0.8701418174398984,0.0,-0.8288973929579285,-0.4309407816341143
-0.8635358600783591,0.0,-0.8286438774221456,-0.43110969810363575
-1.6578882383999531,0.0,-0.8532189702252373,-0.431588534380098
-1.1114755698239702,0.0,-0.8672962769945189,-0.4318538043900253
-1.2402768761200158,0.0,-0.8731156904145191,-0.43216910199990444
-4.829501367907338,0.0,-0.9606350610997691,-0.4338834615577631
-1.8922147801198852,0.0,-0.9760537746943274,-0.43445179020880054
-1.3310036083200214,0.0,-0.9833618768168263,-0.43480105075344844
-2.0208209907765595,0.0,-1.0063609888621194,-0.4354186597643609
-1.8087245206799045,0.0,-1.026247855984518,-0.43595322802474057
-0.8669863543679742,0.0,-1.0302877483262778,-0.43612094519452393
-4.131323517600084,0.0,-1.0996608665735754,-0.43755820796092054
-1.2630276635999498,0.0,-1.1147386320593349,-0.4378791525393183
-1.8161984734560046,0.0,-1.138016288677254,-0.43841483824507677
-1.3218082804079025,0.0,-1.1455192555116545,-0.4387580369405558
-0.7943814627840187,0.0,-1.1503242565243281,-0.43889614312534936
-0.5014010905199688,0.0,-1.1500433373908876,-0.43892040746828204
-0.9280369544160249,0.0,-1.1492045323372564,-0.4391102082237915
-1.0358719608383726,0.0,-1.1602082747297044,-0.43934169067243944
-0.7155737075199586,0.0,-1.1646858127008999,-0.4394487988604377
-0.6470589702527919,0.0,-1.1645202244873962,-0.4395292679191169
-0.9783646870399986,0.0,-1.1699213545044198,-0.4397380379381487
-0.9180276513198955,0.0,-1.177092086687745,-0.4399232779123476
-0.7381138984799144,0.0,-1.1773627430715512,-0.4400387214356026
-0.7078483622399003,0.0,-1.1807497877979507,-0.44014236293746184
-0.8751587661525315,0.0,-1.1845207538570015,-0.44031064781298024
-0.6978771584399437,0.0,-1.188928396870281,-0.4404102481651175
-0.8533634869195892,0.0,-1.1944554267366747,-0.44056987446537055
-0.7591403836719444,0.0,-1.1868515302212979,-0.4406929697162231
-0.5465321852639938,0.0,-1.155770316429458,-0.44073385006212795
-0.7063095311999653,0.0,-1.1550313196825792,-0.4408363889351542
-0.8196322191999164,0.0,-1.1554627242873776,-0.44098258570484344
-0.870832406184028,0.0,-1.1550905959013458,-0.4411484228269419
-0.9598266644399905,0.0,-1.1497946856695378,-0.4413484530011081
-1.804857334603126,0.0,-1.1765472825919991,-0.44187409250827925
-1.4556781794671694,0.0,-1.1896972602916471,-0.442264768457011
-0.20568329717357578,0.0,-1.1809502741600797,-0.44217363537870463
-0.7421655732223547,0.0,-1.1788789750322073,-0.4422891501795686
-0.7922171937680307,0.0,-1.1517400212819704,-0.44242384149734704
-0.894635786303916,0.0,-1.1623916063182893,-0.4425978360894234
-0.5232707541519304,0.0,-1.1472512409941298,-0.44262886413483205
-0.7653621924959721,0.0,-1.137162628102514,-0.44275294461478637
-0.8939550023440097,0.0,-1.1396527404053958,-0.4429263504786331
-0.11507387659586035,0.0,-1.1123242635880333,-0.44280039870226634
-0.9200678136046636,0.0,-1.1062519274168148,-0.4429836811196636
-0.3228930297600371,0.0,-1.097822113404017,-0.4429375810615601
-0.641306957531179,0.0,-1.0923774738341596,-0.443013701313467
-0.8872178227199656,0.0,-1.0910437636965589,-0.44318409031285577
-0.7448859244639257,0.0,-1.0869039923882065,-0.443299773531472
-0.6461541356607352,0.0,-1.0886740867969404,-0.4433775252992486
-2.3016093784319036,0.0,-1.1173034380167806,-0.44408949152650257
-1.4290056197279735,0.0,-1.1286128332097727,-0.4444667094997701
-0.988551709286341,0.0,-1.1152261026275005,-0.4446750115670696
-0.8197158369599301,0.0,-1.1093909079702198,-0.4448185403942388
-0.573476141680003,0.0,-1.0960548932814196,-0.4448677590634376
-0.6573401772080165,0.0,-1.012611669467433,-0.44494901046616975
-0.5166967133399432,0.0,-0.9851013081318343,-0.444976436958094
-0.5401605404159879,0.0,-0.9692844467737536,-0.4450128084152808
-1.5996344809199576,0.0,-0.9608607165766214,-0.4454538403757486
-0.5048405590079801,0.0,-0.934783037343183,-0.44547651571695984
-1.6130679738574687,0.0,-0.949704669732973,-0.44592216131166995
-2.880979547801144,0.0,-0.9246977903369941,-0.4468512179261261
-0.44458951357747306,0.0,-0.9083290273365445,-0.4468503553386552
-0.9493792726079529,0.0,-0.8909926433195835,-0.4470419408961349
-0.4822797103108188,0.0,-0.8742020719176419,-0.44705536992411304
-1.0341445652735757,0.0,-0.878997333967433,-0.4472790229509129
-0.6551862160703716,0.0,-0.8820730364784412,-0.44735819553016626
-2.190322350719897,0.0,-0.9073187444045184,-0.4480216763657924
-0.6991524524543224,0.0,-0.9005843542368375,-0.44811723602183823
-1.8596382534286564,0.0,-0.9234656451550114,-0.4486541401745224
-0.7388993539199362,0.0,-0.9253024528283542,-0.4487644995713838
-1.1081006194966923,0.0,-0.9278971714774882,-0.44901510242958426
-0.8195924940783048,0.0,-0.9259284683326563,-0.44915589931090977
-0.6650541656863171,0.0,-0.9244672736767845,-0.44923789637371847
-1.1101954115118984,0.0,-0.9325142146622244,-0.44948882937111334
-1.0061376424320416,0.0,-0.9351337921878147,-0.44970008129257866
-0.3571952119999985,0.0,-0.9283201532590158,-0.4496649883983099
-0.4471312159777264,0.0,-0.9201955078401783,-0.4496640275441496
-0.8008150291753187,0.0,-0.921029000750246,-0.4497971401300598
-2.4390678133439616,0.0,-0.9588797133118453,-0.4505509372779241
-0.8199674547199467,0.0,-0.961152871782245,-0.4506908677769552
-0.8518291852800226,0.0,-0.9617968111038471,-0.45084275657570677
-0.8955516608128256,0.0,-0.9622911961964229,-0.451011079400929
-0.786048617999987,0.0,-0.9588156352676229,-0.45113784350936603
-0.6330420762399513,0.0,-0.9353793301003595,-0.45120664238710073
-0.5945451068879413,0.0,-0.9181566686487749,-0.45126083462320693
-0.2858490160240307,0.0,-0.9197599830257839,-0.45119832070839244
-0.7319355801159465,0.0,-0.9195553831636558,-0.45130437936324985
-0.07026694265994993,0.0,-0.9051163781414941,-0.45116048305029544
-0.7023571446519905,0.0,-0.9012708053084556,-0.4512553100271175
-0.48416282768797797,0.0,-0.9004886467791766,-0.45126772795831027
-1.0182422638079673,0.0,-0.9055462482054165,-0.45148159990695214
-0.8194569167998688,0.0,-0.9040562864945336,-0.4516203537971833
-0.42480243359996184,0.0,-0.9102508576346158,-0.4516102452709122
-0.572204038623959,0.0,-0.9032935821350017,-0.4516556837763203
-0.4809247797760061,0.0,-0.906454217135321,-0.4516667079179397
-0.29670864933592805,0.0,-0.899562250971416,-0.4516083652754013
-0.46407658803518104,0.0,-0.8910994262777203,-0.45161305786959016
-0.552182357039917,0.0,-0.8872453549292402,-0.45165089432526
-0.5469899350150844,0.0,-0.8852620709163271,-0.4516867495492877
-0.6427946985407532,0.0,-0.8520857773185041,-0.45175859464289353
-1.3139752922000114,0.0,-0.8497851707679449,-0.45208261444656034
-1.2358819724000145,0.0,-0.8547317760302182,-0.4523770544758441
-1.2353813759039078,0.0,-0.8630450868090979,-0.45267108538888506
-0.6561663300719183,0.0,-0.8646988905769362,-0.452747472492745
-0.6564636314790648,0.0,-0.8646813596623573,-0.4528239138281996
-0.9277618869119533,0.0,-0.8729026631337973,-0.4530020601046751
-0.8386946159615496,0.0,-0.8788733446447087,-0.4531466767360424
-0.6936258383680295,0.0,-0.8607531717936701,-0.45323681135434535
-2.7049191894143494,0.0,-0.9047547444017974,-0.4540804540587515
-0.834279428735921,0.0,-0.8891789734993665,-0.4542228506784807
-1.4379583436511336,0.0,-0.8603185494163662,-0.45459115299707775
-1.0308254854399324,0.0,-0.8720432688536155,-0.45480680955862074
-0.8211643683839357,0.0,-0.869478970769135,-0.4549438681290754
-1.8355299711597688,0.0,-0.8965439759861141,-0.45546016809281165
-1.399978229094395,0.0,-0.9038606492625305,-0.45581325895673747
-0.5100319197119292,0.0,-0.9009575633353616,-0.4558335200407267
-0.9945034403999589,0.0,-0.8770411851289629,-0.45603474152759976
-0.5652502698239376,0.0,-0.8743631414763552,-0.45607552402509655
-0.7044780443519904,0.0,-0.8512599372948219,-0.4561682461304818
-0.46457546104723046,0.0,-0.8457734594373677,-0.45617138315097305
-0.631753723583969,0.0,-0.8362465215191132,-0.45623687451256684
-0.5309510462519501,0.0,-0.8304736925625862,-0.45626473214557933
-0.6634608132223917,0.0,-0.8304418255133076,-0.45634195766964825
-0.6932365108880039,0.0,-0.8221026475008298,-0.45643021942569084
0.20567755273598282,0.005129244613424709,-0.7978663435974692,-0.45618362435226006
-0.46254793075195394,0.005115803781787737,-0.7999733979725083,-0.4561859937887454
-0.4680499724895808,0.005113143358035147,-0.8003917731027456,-0.45619040911390385
-0.999620772863964,0.005087996899036686,-0.8043678879765183,-0.456392578148037
-0.3116862752639586,0.005370635178009442,-0.7618202572149183,-0.4563387639781285
-0.45094739376000675,0.005422889168364292,-0.7544398559957196,-0.4563367597512817
-0.5831564481279725,0.005461577996224702,-0.7490664012526785,-0.4563838870973897
-0.6315331105599605,0.005500138197104752,-0.7437860302476212,-0.45644894995900276
-1.9446575621975932,0.0053348485408489235,-0.7669582091315735,-0.4570015710552667
-0.5067472878719781,0.0053523820049825475,-0.7644323133642139,-0.4570200364289922
-0.5903986994399267,0.005352959603603447,-0.7643493852152536,-0.4570695275840983
-0.20702712293910008,0.005363963328677206,-0.7627729473535549,-0.4569767818850461
-0.34189005171200687,0.005419087281611845,-0.7549720367854762,-0.4569341097566912
-0.3376701498575865,0.005381174735103049,-0.7603201009294289,-0.45688990517555733
-0.48527047680000146,0.0054119126304482,-0.7559783675723892,-0.4569004203929062
-0.5645320091999918,0.005400492087269688,-0.7575857512026295,-0.45694028394431624
-0.5870447135999854,0.0054623366013431636,-0.7489618001984698,-0.4569884529297496
-0.21840658195199014,0.005550943847691748,-0.7369407935015123,-0.4569001546799429
-0.34420271872318703,0.005563044980153647,-0.7353287992039766,-0.45685846121492
-0.7349004316159755,0.005538671965800696,-0.738582727063817,-0.45696128738740566
-0.35917231589038107,0.005556891127691598,-0.7361476777861046,-0.456925136196464
-0.04896095134400963,0.005594336938557287,-0.7311927238262662,-0.4567743733787063
-0.5328182409480309,0.005583896492509101,-0.7325675568845231,-0.4568024649441179
-0.6563872939503039,0.005568144002368615,-0.7346516556227308,-0.45687616687506555
-0.15970913587196098,0.00562714201791926,-0.7269060396398684,-0.45676647066576215
-0.7044780443519904,0.005617661665502591,-0.7281397065560931,-0.4568578771505172
-0.6991632184575198,0.00571360645500372,-0.7158434650812433,-0.4569472557345478
-0.3605974921439755,0.0058559944288738485,-0.6983377754761227,-0.4569117285355837
-0.3837251791999685,0.006001520005064248,-0.6813046515420438,-0.45688475229181824
-0.38435950799998825,0.006049499331619163,-0.6758685151006051,-0.45685802965206446
-0.351595570559974,0.0061042356720421055,-0.6697711538822233,-0.4568192589488998
-0.41101052219997253,0.0061993113602786636,-0.6594361265879837,-0.4568023926982559
-0.7324472417975229,0.006219227777782318,-0.6573111791047032,-0.45690384461179995
-0.4487302943760245,0.0062656253087018145,-0.6524132682248631,-0.45690083741892434
-0.4363419974399543,0.006730778936265378,-0.6070417243853752,-0.4568932762420288
-0.5697851467199642,0.006789546199493402,-0.6017518387450561,-0.45693478060617515
-0.6854010132479987,0.006962511655943359,-0.5867006921369934,-0.45701874467550324
-0.33770775651197715,0.00712979909747343,-0.5728383375584343,-0.45697491257110817
-1.0510347366574742,0.0070734348457896735,-0.577435744923905,-0.4571930762964428
-0.2627432938880111,0.007477911642020459,-0.54598001137847,-0.45712169238219597
-0.7274455372799651,0.0076653413076395414,-0.5325293575421813,-0.45722089379316766
-0.4021446792839326,0.007696286694963612,-0.5303716127336213,-0.4572006897526286
-0.7151870315520372,0.0077775763109112946,-0.524785284556663,-0.45729529420506704
-0.5253992460959791,0.007789314364795159,-0.5239882640821039,-0.4573202589968159
-0.7251045411999606,0.0077832344439873,-0.5244007940190631,-0.45741838442085514
-1.2299021779198944,0.007564165353807607,-0.5397073283565165,-0.45770134551737496
-0.33824771462397907,0.007646705547162064,-0.5338372081773166,-0.4576576056305594
-0.3610739337727996,0.007695306891876181,-0.5304396659277336,-0.45762225289561875
-0.6868449976319222,0.0076885801088580966,-0.5309073496159243,-0.4577061251037184
-0.7026116526159903,0.007685886521547604,-0.5310948524504839,-0.45779570283872656
0.3128763216984283,0.011691756693255518,-0.5289508770712351,-0.4575139214769213
-1.2105429924599957,0.01137384029589453,-0.5439107783053959,-0.4577891514005263
-0.5319286492543583,0.011347489718386948,-0.5451883518406916,-0.4578162392696727
-0.4036917861599325,0.011598164635774994,-0.5332697721066109,-0.45779647139052376
-0.5914965869999189,0.011479098551341929,-0.53886597834133,-0.4578452848682928
-0.750507579852767,0.011354308526862485,-0.5448571820631853,-0.45795209592485653
-0.2627432938880111,0.011487887625841258,-0.5384489189783861,-0.4578808778285279
-0.4622150246399553,0.01155975294924837,-0.535062557259986,-0.45788245848017317
-0.5852108220799437,0.012171070450524075,-0.5078736224576329,-0.45792887786172615
-0.46379012226400007,0.012191443067120585,-0.5070144791454734,-0.4579310138837386
0.040318265736036446,0.014086537226374218,-0.4944001398419541,-0.45774950230646366
-0.28122076895385467,0.014044976995297657,-0.4958840127622492,-0.4576852165332107
-0.2492144685855808,0.014096928342253966,-0.49403050109972063,-0.457609326199047
-0.20710030527998957,0.014170777751666077,-0.49141910420816876,-0.45751816571108517
-0.32505310454398706,0.01426245966773568,-0.48821475676304843,-0.4574699790755206
-0.2720994735167912,0.014432894960401826,-0.48236610604938446,-0.45740257161895376
-0.26983682699999484,0.0146224359375202,-0.47602194831738465,-0.45733439068670406
-0.44424407001598254,0.014486985705285976,-0.4805386980786645,-0.4573296340294837
-0.2235357385680098,0.014559044219187516,-0.4781253584755609,-0.4572447107111177
-0.2506741005599667,0.014855565882001676,-0.4684408318544407,-0.4571697032274026
-0.38594198822393205,0.014838858103949049,-0.46897622530111177,-0.45714384924736506
-0.3905232211687991,0.01462893080447469,-0.47580747069760754,-0.45711967630539174
-0.4599545450879701,0.014673213595123875,-0.4743501967804064,-0.4571207045494188
-0.43556984596797454,0.014809067554628986,-0.4699338478207597,-0.4571128906050455
-0.011867504399946993,0.014901439190738979,-0.46697701519131946,-0.45695151134219486
-0.17101599360549768,0.015244548314336146,-0.4563077741763896,-0.4568479115169279
-0.07922050751998039,0.015663675426378643,-0.4439089199576388,-0.4567111395488015
-0.3630776271999781,0.015661952761194392,-0.4439585226587589,-0.4566772389288345
-0.6792149411998958,0.015459386752664148,-0.4498683178987574,-0.456757780985393
-0.4722491401919835,0.015400143263212958,-0.4516261105425973,-0.45676338567396263
-0.4863268065279731,0.015310201803768147,-0.4543207352619573,-0.45677407768873807
-0.40004367638398053,0.015317483558323406,-0.45410139834563745,-0.45675356778226495
-0.337862535436753,0.015584167733436292,-0.4462097042184221,-0.45671060029677685
-0.34194659770318675,0.015657942734777087,-0.44407403028496534,-0.4566691393131809
-0.5280817537279795,0.015594519230621329,-0.4459088254107259,-0.4566949293508894
-0.7311958547038228,0.015484167750960632,-0.44913703957040296,-0.456794027157876
-0.6405650100959546,0.01551466376557792,-0.44824031950736215,-0.4568603465310041
-0.6850452976799088,0.015281507943028984,-0.45518707033072076,-0.45694266433444897
-0.4997491699200037,0.01565491234595515,-0.44416135899597137,-0.45695810122791647
-0.2734640252815409,0.01564747692886074,-0.44437577362384195,-0.45689195339952915
-0.7026116526159903,0.015664711375251997,-0.4438790959305624,-0.45698050103888643
-0.6774155107775172,0.015475772687563985,-0.44938451256043416,-0.4570599084631439
-0.7270416248928333,0.015467738318468321,-0.4496216044272501,-0.4571571291028377
-0.4967216031935833,0.015487188731135791,-0.44904805156920213,-0.4571713711741447
-0.6665370470399901,0.015527064084034823,-0.4478767016860028,-0.4572467096685189
-0.6491413076399055,0.015933876404642677,-0.43626148428040296,-0.45731573650232155
-0.07305360403195882,0.016126815346729172,-0.43095760206856254,-0.45717756241657165
-0.3589293344000073,0.016128394673113302,-0.43091471008110666,-0.4571422467343227
-0.47993128575997246,0.016282238647317815,-0.4267764358436677,-0.4571504353936923
-0.4005414715199894,0.016512177457410914,-0.42073503222174774,-0.45713010171414
-0.337862535436753,0.0018556066205158849,-0.43374980936445134,-0.45708727673522526
-0.3424858465250936,0.0019328257849045788,-0.4163886664457533,-0.45704614197922744
-0.7450066532159615,0.001913282008951034,-0.4206502265249853,-0.4571494647317343
-0.5069186599679655,0.001903955337537204,-0.422714764001146,-0.45716731594953786
-0.4854060215359346,0.0019135420497005276,-0.42059295269186636,-0.4571774409784322
-0.3520124301823653,0.0019504304373094115,-0.4126230496984583,-0.4571397474261756
-0.34751132847998134,0.0019424649211824453,-0.41431841039029765,-0.4571004681646398
-0.324379835784004,0.0019554504085411294,-0.41156170661317865,-0.4570529321215236
-0.33459578885920477,0.001979511207659209,-0.40654940594876393,-0.4570090878167393
-0.48106255495999484,0.0019778339512550127,-0.4068948546026838,-0.4570176967885158
-0.5034266165760058,0.0,-0.4177697522489246,-0.45703430105319826
-0.4915984315039228,0.0,-0.421977305499926,-0.4570466630454911
-0.2831336175999985,0.0,-0.4226556884802143,-0.45698448462380864
-1.0024914391199855,0.0,-0.4385635111570142,-0.45717944779553715
-1.05700268215198,0.0,-0.4532025027091741,-0.4573937469146355
-0.19730422353598764,0.0,-0.451706597709558,-0.45730085779914315
-0.9383485502744138,0.0,-0.4650768321750464,-0.4574725992102375
-0.5712532623359466,0.0,-0.4676170160214457,-0.4575132061563923
-0.4544117798616235,0.0,-0.47223453684731803,-0.4575120996896443
-0.5464019816639845,0.0,-0.47814909446939835,-0.45754380078877915
-0.9304867267800963,0.0,-0.4890399892405216,-0.4577124078925194
-0.8109115046399684,0.0,-0.497447754909945,-0.4578382806996283
-0.29699717745599236,0.0,-0.4941886075573054,-0.45778098069847273
-0.16143258503999092,0.0,-0.48870586233874586,-0.4576754435205317
-0.5543570565791592,0.0,-0.49955565338233,-0.4577098620371064
-0.6730544667166503,0.0,-0.5095964228445531,-0.4577864971277398
-0.9060014070814943,0.0,-0.5261320408357834,-0.4579459474692388
-0.6163878783599888,0.0,-0.5311982458589836,-0.4580022923948756
-1.3087964160239516,0.0,-0.5437898753554647,-0.45830474320313336
-0.6518667801599709,0.0,-0.5473822281548244,-0.4583735285751862
-0.7437683819999794,0.0,-0.5525310596642646,-0.4584749121820867
-0.3674483637560287,0.0,-0.5518791534117056,-0.4584425874134695
-0.4236712211765141,0.0,-0.5535953271265007,-0.45843024401047444
-1.0917227865599433,0.0,-0.5685908509036358,-0.4586549752179086
-0.5207291807999731,0.0,-0.5684437994450757,-0.4586769951560363
-0.6383399237279874,0.0,-0.5665866808255591,-0.4587407054143952
-0.8641521664000114,0.0,-0.5710584239516402,-0.45888441738213204
-0.6792295161599136,0.0,-0.5709421083212403,-0.45896249856525667
-0.7652913956158901,0.0,-0.576252952835158,-0.459071010395597
-0.8403990281951441,0.0,-0.5875916528934301,-0.459206041563373
-0.63271528319995,0.0,-0.5861937255051093,-0.45926746076395236
-0.5003976187583832,0.0,-0.5826533676647265,-0.45928201495998716
-0.07163352703999148,0.0,-0.5695452057076698,-0.45914489133497133
-0.6504389228159959,0.0,-0.572619552100118,-0.45921253420324604
-0.35836612816704494,0.0,-0.566456133722659,-0.45917688683455177
-0.5690001898392091,0.0,-0.5648533113666452,-0.4592156936554014
-0.43707807811201094,0.0,-0.5721338008482462,-0.4592078739395613
-0.3478918153359699,0.0,-0.5719130504669655,-0.4591685674216928
-0.5365613657599069,0.0,-0.5730456520669641,-0.4591958857409086
-1.6955199854039904,0.0,-0.5989452223446441,-0.4596321327767812
-0.2346832351934067,0.0,-0.5968816363397772,-0.45955278572295993
-0.3599209527479787,0.0,-0.5972303384642349,-0.45951765461119154
-0.4464206837599946,0.0,-0.5912586190751157,-0.45951303812516714
-1.0535155580879418,0.0,-0.6021905570375151,-0.4597223413386847
-1.0452353202847684,0.0,-0.6133871430124918,-0.45992858049999014
-0.46990022860798364,0.0,-0.6157448989810042,-0.4599320916436901
-0.32493434692316525,0.0,-0.615293359349868,-0.4598845739581145
-0.18748869111355826,0.0,-0.612555536456459,-0.4597887274124267
-0.3832702724543866,0.0,-0.6135290261283626,-0.45976181272549105
-0.6058694246399985,0.0,-0.6160251635219626,-0.4598131867099898
-0.23764486076799632,0.0,-0.6107095284058025,-0.4597350959100102
-0.24687270191994812,0.0,-0.605815013814123,-0.4596603023773363
-0.2887671227391675,0.0,-0.6059276839169064,-0.45960027667321324
-0.2852343575999619,0.0,-0.5915825422865059,-0.45953905268477463
-1.3587064739407881,0.0,-0.5976166181222821,-0.4598546607652436
-1.0479593718591642,0.0,-0.6146297210887455,-0.46006101329545196
-0.3672379643136002,0.0,-0.6032075093695293,-0.4600284552284643
-0.157822288128026,0.0,-0.5949388898853709,-0.4599224923367741
-0.3322449932791633,0.0,-0.5924955541537217,-0.45987774032168205
-0.21645890431995563,0.0,-0.5858966926068411,-0.4597924499096282
-0.2652831449857488,0.0,-0.5725926209709542,-0.4597243205558895
-0.9289332040319422,0.0,-0.5749530549587937,-0.459888609380636
-0.48521427657591465,0.0,-0.5787173969411921,-0.4598974738073757
-1.1253608453695267,0.0,-0.5979959621477827,-0.46013031613472427
-0.3185457189680309,0.0,-0.5932797353955602,-0.4600807937152886
-0.6453937059871292,0.0,-0.5927265201809698,-0.46014558843985914
-0.32330963679998753,0.0,-0.5810726847753397,-0.4600977604246058
-0.40069247486400117,0.0,-0.57675877670542,-0.460077003860818
-0.4025425050399677,0.0,-0.5586336984857403,-0.4600569079827807
-0.35844418815678314,0.0,-0.5527652466456765,-0.46002142868116547
-0.3297274612367984,0.0,-0.5444844282304129,-0.45997595085657755
-0.5128525666791754,0.0,-0.5473925122888759,-0.45999440047828816
-0.4051854570240291,0.0,-0.5470227970058261,-0.4599752833023362
-0.3518789367599898,0.0,-0.532225920009827,-0.4599375928049365
-0.47617815841595723,0.0,-0.5313348995621466,-0.4599432535109703
-0.49091189415841696,0.0,-0.5283863389707553,-0.45995404397809486
-0.516356026087926,0.0,-0.5214304161645136,-0.45997368939157796
-0.37509486299998984,0.0,-0.515347723101315,-0.4599441354826672
-0.47238854272001124,0.0,-0.5094896660433975,-0.4599484669853603
-0.3356399333759937,0.0,-0.49939448414701454,-0.4599052141900891
-0.5856269227048654,0.0,-0.49845271693711285,-0.4599489434800073
-0.5463877935871653,0.0,-0.49937252043368846,-0.459978998713007
-0.42453633310316985,0.0,-0.5064305765549519,-0.459966679399274
-0.6149716019999669,0.0,-0.5057212301386315,-0.4600205379547294
-0.4617253900799806,0.0,-0.5077884153768902,-0.4600211301228869
-0.32114490423835446,0.0,-0.5028313096648731,-0.45997290921112144
-0.35056202380800133,0.0,-0.5011009885787928,-0.45993493250671214
-0.5300834118479105,0.0,-0.5047448205090317,-0.4599592727146723
-0.483067064444751,0.0,-0.5036749344827286,-0.45996728790431163
0.723554005176051,0.030804965109728764,-0.45529345467112775,-0.45955691297605905
-0.5128832831999447,0.030444374817832295,-0.4608574556312586,-0.45957539698653527
-0.4228790517599885,0.030363939675535107,-0.46211661761149875,-0.459562681690199
-0.7132784435127653,0.03002766928523865,-0.4674537728065541,-0.4596505638383883
-0.28747516237437803,0.031013619060355886,-0.45213296489228283,-0.4595909463171057
-0.5313221650513688,0.03171216853790071,-0.44185470178761493,-0.4596157753993952
-1.053936990911958,0.0309206807461577,-0.45353543703369437,-0.45982142287881134
-0.6022635206559739,0.03055851621459797,-0.4590820205083505,-0.45987069375317213
-1.3385618530463566,0.02914180700539651,-0.4821034837470065,-0.4601745288704934
-0.9645141934079602,0.028475198711147218,-0.49372836216607796,-0.4603488598986778
-0.6405309471360118,0.028436408852553642,-0.4944215926159983,-0.46041112046786836
-0.8737380943199624,0.0277428619530322,-0.5071434572870376,-0.46055389317040796
-0.4466548986703703,0.027531963073899286,-0.511139101222046,-0.460549093793854
-0.07217577797596303,0.027760753886157886,-0.506807274326782,-0.46041503327752065
-0.11111280764634202,0.02794745854240575,-0.5033248433277094,-0.4602945011085658
-0.2865114292367758,0.029154872845185007,-0.4818809424336293,-0.4602345552403796
-0.4906399429631487,0.02982463329091717,-0.4707345538557089,-0.4602450398568357
-0.516356026087926,0.029642433337077754,-0.47371691509119546,-0.46026438180314083
-1.1945464376159014,0.02843474345080028,-0.494451398080953,-0.4605174080112086
-0.27778369287357685,0.02849573170229398,-0.4933621720728412,-0.4604544615023771
-0.5271647090000094,0.0281512580294375,-0.4995762881664423,-0.460477433350689
-0.7308058732799196,0.027650451511565404,-0.5088867427323257,-0.4605704896122826
-0.5046381657600324,0.028106174532357007,-0.5004008419668875,-0.4605856539881077
-0.5288624113359854,0.02805860131816465,-0.5012738046620889,-0.4606091410047392
-0.6649206903727685,0.02856870542357979,-0.49206500156215377,-0.46067939944675024
-0.3769106535359925,0.02850302098312694,-0.493232300253513,-0.4606506030404557
-0.44242979264636223,0.0287327500579542,-0.48917302198669765,-0.4606443415935849
-0.5864426962559626,0.02843562150809512,-0.49443568317581715,-0.4606875564182714
-0.25295808647996126,0.028601681471287093,-0.4914809954081364,-0.4606162207486498
-0.31859910273593395,0.02869690455348822,-0.48980212736205564,-0.46056746787600544
-0.48556916505116055,0.028552943216935665,-0.4923446268999433,-0.46057604773090427
-0.5729432975999573,0.028281502955715257,-0.4972089436272064,-0.4606145956725403
-0.662180214833552,0.028117388536248667,-0.5001954965902939,-0.4606837196845983
-0.5190272850175666,0.027993547712386567,-0.5024723331501647,-0.46070372090685846
-0.5139238684184171,0.027819139818020186,-0.5057132317833333,-0.46072195947694466
-0.5955613787199997,0.027692032408965325,-0.5081008961894141,-0.46076815318000847
-0.34329027054400696,0.027849376097593224,-0.5051484637171259,-0.46072792102842075
-0.7620798924287884,0.02758844902350521,-0.5100629410439432,-0.4608310884270515
-0.83897127904801,0.02710896779571645,-0.5193404693649036,-0.4609604998543687
-0.9698892379199717,0.026612914700647455,-0.5292904832689027,-0.46113461163612224
-1.1138196597307037,0.025872392648786824,-0.5448540777959969,-0.46135782813683857
-0.5105104151999771,0.025942072255998774,-0.5433517476458992,-0.46137463244010807
-0.7544220823679688,0.025750008239123073,-0.5475124334215153,-0.4614747853621613
0.008295127584848988,0.026444757732392358,-0.5388558042077549,-0.4613142900041336
-0.9831998967840115,0.026097514070599223,-0.5462203701034357,-0.4614925296239355
-1.115484003839991,0.025502967712719576,-0.559295542378636,-0.46171581111052346
-0.9850916582688032,0.0249262551047026,-0.572574477459245,-0.4618944376795194
-0.9211086694399991,0.02445111112733683,-0.5839854103718849,-0.4620511126135899
-1.4184351130320152,0.023746323367762834,-0.601752444395567,-0.46237730088112683
-1.000604407635132,0.02335414780226393,-0.6121031912593746,-0.4625608082479028
-0.48380969919998695,0.0002606824086639691,-0.6362504653468954,-0.4625680505420242
-0.5733810258559778,0.00026018773971096077,-0.637460420200016,-0.46260580624059794
-0.5000097803167431,0.0002595597846038337,-0.6390030347711511,-0.46261854601378466
-0.7187109309279736,0.00025951567058226093,-0.6391116845194553,-0.46270574124187935
-1.0957733799598746,0.00025311493466803066,-0.6552776488711654,-0.46292121695281135
-0.617617784476783,0.00025245018345009304,-0.6570035612596734,-0.4629738527362492
-0.7022887473999615,0.0002551811073015947,-0.6499705963894336,-0.46305525236028444
-0.662180214833552,0.0002547116219433565,-0.6511689302729852,-0.46312295890991834
-1.235713234559995,0.00025551857194195765,-0.6491119579032579,-0.46338556607363357
-0.34248917399998574,0.00026051008012403494,-0.6366714575150985,-0.4633444867694971
-0.5264007434671919,0.00026144718029455657,-0.634388853441722,-0.4633659053349515
-0.66406043180156,0.0002631864889130959,-0.6301953001913541,-0.4634340528821388
-0.5079774947039559,0.0002626754187988547,-0.6314217521120257,-0.4634491728556017
-0.34565139719998744,0.00026042019504417046,-0.6368912644965061,-0.4634092007566348
-0.34106157736559856,0.00025855367185520826,-0.6414902398908913,-0.4633676988491073
-0.6260075838759745,0.0002558463386773836,-0.6482801629836753,-0.46342284970872977
-0.6778235439359545,0.00025437774031676267,-0.6520238350031314,-0.46349552791016274
-0.514688004353575,0.0002543907527663674,-0.6519904745684444,-0.46351287541149905
-1.1454290722559868,0.000254774521251465,-0.6510081272612461,-0.46374387683319435
-0.6884395048943759,0.00025160113097435864,-0.6592212435016621,-0.4638199674624057
-0.21078035918879195,0.0002540389690343117,-0.6528935565054377,-0.4637343074731458
-0.9062912600640252,0.0002526809970492127,-0.6564032642411199,-0.46388407293933565
-0.6405032087999376,0.0002516395525111005,-0.6591205651019181,-0.4639438223087066
-0.07805718230402223,0.00025512857592490583,-0.6501044605212788,-0.46381332293772093
-0.46294947647999724,0.00025672331938532763,-0.6460650362434233,-0.4638130309003789
-0.38943391902556335,0.00025662385745910327,-0.6463155015532146,-0.4637878943299582
-0.6697542942144394,0.00025483171027116243,-0.6508619915845761,-0.4638574775731624
-0.32385367519999486,0.0002569041315922037,-0.6456102111634568,-0.4638101949651337
-0.46008224769597766,0.0002552666633609655,-0.6497526943877772,-0.4638089363738882
-0.34209790691997954,0.00025508220558953965,-0.6502226704714582,-0.46376785941490944
-0.18459975504001372,0.0002574650613414553,-0.6442032822712352,-0.4636736731448775
-0.4359238387199904,0.0002585646916456103,-0.6414628930936358,-0.46366431401016417
-0.25551037199999566,0.00026188438308188245,-0.6333294962369647,-0.4635941339892572
-0.30149269111440485,0.00026369537862225794,-0.6289788043589014,-0.46353949919219795
-0.24450014500559367,0.0002659733772076021,-0.623590329890645,-0.4634656988707065
-0.28133897727993196,0.00026868037679575896,-0.6173058818618437,-0.4634043560880892
-0.536071200271918,0.00026701309308711953,-0.621161500456402,-0.46342882303899285
-0.6218398945991492,0.0002682239111044493,-0.6183567004998091,-0.4634821421475624
-0.27196546615839384,0.0002732334270262707,-0.6070165842420168,-0.4634177018124382
0.7636551589680142,0.026266429999958867,-0.5723456963042571,-0.4630049628750751
-0.4924867257999367,0.026833735809070277,-0.5599190376256417,-0.46301487604350977
-0.3686751170879503,0.02696669053649615,-0.5570823316634012,-0.4629831652001634
-0.6650433529231519,0.027051151933194868,-0.5552947570745048,-0.46305106176861865
-0.7318139740799603,0.026091364566053165,-0.5700969391078011,-0.4631413415510545
-0.31880544191997945,0.02669739493567275,-0.5568090500105204,-0.46309287415695405
-0.49504096853753393,0.027289319294794664,-0.5444001893044712,-0.4631035985927985
-0.44253818222402536,0.027828871609653697,-0.5335491197835757,-0.46309669744636606
-0.290543066692791,0.028483387541476172,-0.5209378077286315,-0.46303881296775024
-0.500623402608001,0.029493029350824228,-0.5025815735201512,-0.46305141678721373
-0.34106157736559856,0.030263915444764436,-0.4893907169147606,-0.4630105217689699
-0.45715220328953826,0.030295921440429068,-0.48885756699655153,-0.4630085585255116
-0.4085633199999726,0.030495320886852743,-0.4855612128794315,-0.4629903189146153
-0.5858485956959552,0.030391145122067895,-0.4872779891870158,-0.463031463682459
-0.2586101976640005,0.030958004929348904,-0.4780759745217362,-0.4629630267001964
-0.3841519127391839,0.03187762986685047,-0.46384354517732246,-0.46293665082537677
-0.11858293784478022,0.032555814861341174,-0.4538628482446824,-0.46282144382872886
-0.4770008642610548,0.03287152532150737,-0.44935709058190426,-0.4628261861098099
-0.3638256799999989,0.03329917553278615,-0.4433899998852332,-0.4627930866427053
-0.33426127324797905,0.03466164882105716,-0.42536096065899287,-0.46275012814892363
-0.31042413023997334,0.034712169074106625,-0.4247196597837926,-0.46269923406342117
-0.42909894871998966,0.03486637893993918,-0.42277362388884854,-0.4626880115232263
-0.3931772976000151,0.0353029984268409,-0.41735596120481766,-0.4626648026037194
-0.4619760169823601,0.035378233826826366,-0.41643593165038584,-0.4626645727019766
-0.3655143031039829,0.0353457087495007,-0.41683318976846573,-0.46263215686293824
-0.9032093821439151,0.034449371939424316,-0.42807614586403203,-0.46277911390939624
-0.6689481205343228,0.03438276916236683,-0.42893495659719894,-0.46284785982691035
-0.18784023090000648,0.035158397966827876,-0.41913529033648006,-0.462756190617268
-0.10837340811358981,0.03582862879383272,-0.41100899841168037,-0.4626381023858439
-0.5144454312319509,0.03692165910438918,-0.3983893255911996,-0.4626553599903896
-0.48993698879999314,0.03727944180263474,-0.394419275269312,-0.462664444781868
-0.4966562539439419,0.03676634407072701,-0.400136793164415,-0.4626757602975678
-0.8270879226960031,0.03690708043588153,-0.3985527264170545,-0.4627970289040232
-0.5006067276671282,0.037158312563053186,-0.3957547967943983,-0.46280960698079066
-0.7457497675200561,0.03598906672817051,-0.409108648498719,-0.4629037008153564
-0.4272810328800034,0.036049664783107165,-0.40839527962671907,-0.4628918581730907
-0.3689306885375734,0.03608459071624476,-0.4079852150169593,-0.46286063146334144
-0.3362878162880187,0.03666228247967371,-0.4013158854584309,-0.4628185806941802
-0.46472869188712185,0.03641599159997,-0.40413338579217345,-0.46281921507185964
-0.3924847745279888,0.03653375752677757,-0.4027814363288137,-0.4627958636639766
-0.4836003551999499,0.03628810271895237,-0.40561148529441304,-0.4628027685732153
-0.24731473311994023,0.03618028002689134,-0.4068657848560116,-0.4627312728746574
-0.345634395999999,0.03633571376872354,-0.4050599960016118,-0.4626924347728748
-0.3550258588799544,0.036164472195537506,-0.40705030573921097,-0.46265673630606674
-0.3272233884911734,0.036120458316012356,-0.40756491968674635,-0.4626118462338709
-0.7090758174719538,0.03534380757581831,-0.4168564331360735,-0.46269351090293587
-0.6668741101439231,0.03472420625960005,-0.42456713579335337,-0.4627611427675404
-0.4167033325151813,0.03491371030151774,-0.42217977843821863,-0.4627458918369932
-0.342176868633563,0.035365897697309794,-0.4165865179189069,-0.46270598153470804
-0.5144454312319509,0.03497316398627941,-0.42143611722037805,-0.46272310246445575
-1.1914118217119944,0.0,-0.46053745683397823,-0.46296415066797786
-0.026349770271953732,0.0,-0.45121471772341853,-0.4628197676056776
-0.3513427189119651,0.0,-0.45086806975989885,-0.46278291568875407
-0.507480889651954,0.0,-0.4477168204944749,-0.46279768699541735
-0.2929744814399887,0.0,-0.4389400306416754,-0.4627415841855213
-0.49486623104397837,0.0,-0.44246124642415546,-0.4627521933819739
-0.20163931709598226,0.0,-0.4365932133953244,-0.46266598906494316
-0.4199543309015827,0.0,-0.4361415363688755,-0.4626518928081236
-0.46987597785122837,0.0,-0.4397281945920442,-0.4626542762080058
-0.38671584432000883,0.0,-0.43745004342628446,-0.4626292305510507
-0.7116658015630781,0.0,-0.444862127910234,-0.4627113395424823
-0.42728116305598685,0.0,-0.44426470710556304,-0.4626996618310497
-0.37385476463997425,0.0,-0.44357053599836305,-0.4626703883888121
-0.3454482299039868,0.0,-0.43876252868252363,-0.4626317776646735
-0.5027595989327226,0.0,-0.44364551670789815,-0.4626449906450054
-0.25573628766389833,0.0,-0.4410772042063924,-0.4625768837644982
-0.4822091658239255,0.0,-0.44834972876597523,-0.46258334387705474
-0.26605332319999647,0.0,-0.44413077794475414,-0.46251869584393723
-0.14133707516158464,0.0,-0.43968100584798586,-0.4624130787374978
-0.24274984309114245,0.0,-0.43785077724484917,-0.46234086860086193
-0.342341603583951,0.0,-0.4384891267117287,-0.46230143407407365
-0.32952643904797024,0.0,-0.4364976765182883,-0.46225781548175227
-0.7280207403945267,0.0,-0.4431945453741786,-0.46234509394641987
-0.504533136268783,0.0,-0.444045687759907,-0.4623589442557837
-0.40094746017599825,0.0,-0.4447543509013473,-0.4623387895186391
-0.373672346400002,0.0,-0.434163610186469,-0.4623096994782458
-0.12494022167988833,0.0,-0.42328345220938035,-0.4621990502562719
-0.5216564902119929,0.0,-0.4299597773956201,-0.4622185444988804
-0.46956643994875946,0.0,-0.4371836380323234,-0.46222095285530446
-0.4981546115567428,0.0,-0.43685782163881925,-0.4622327266622185
-0.32421365983435213,0.0,-0.4335433550595064,-0.46218751897573696
-1.6230656617127717,0.0,-0.4560715432148831,-0.4625676362457884
-0.40211193787198496,0.0,-0.4475720235184027,-0.4625478471464844
-0.39406918495196563,0.0,-0.44544127266409944,-0.4625254392072846
-0.4494063167440182,0.0,-0.43951440364857874,-0.4625211477050068
-0.23013300225597258,0.0,-0.4355714430360981,-0.4624451541976657
-0.2494354679519764,0.0,-0.43318153862438613,-0.4623755204329564
-0.1929460755393183,0.0,-0.43031470380941217,-0.46228747159475586
-0.19142774111997066,0.0,-0.42484868479406906,-0.46219898426039624
-0.3510484403608118,0.0,-0.42401995811072557,-0.46216268427871776
-0.4985440728624181,0.0,-0.42431883246397495,-0.46217456197659035
-0.33220570968000873,0.0,-0.42601665199517635,-0.4621321439438565
-0.4413355078079615,0.0,-0.4279306742313356,-0.46212535874446464
-0.4151786063999916,0.0,-0.4291337291817363,-0.4621100466921671
-0.7143586206399827,0.0,-0.4368764338247124,-0.46219229272214674
-0.7785825765696115,0.0,-0.4382665690066656,-0.4622954186295286
-0.313459901104004,0.0,-0.43119828482586725,-0.4622469222080475
-0.46570709405278776,0.0,-0.43217836005661936,-0.4622480492998536
-0.283473641599964,0.0,-0.43100429551594743,-0.462189835555894
-0.4203948917999789,0.0,-0.429123284727308,-0.4621762304309735
-0.5222503421280356,0.0,-0.4157400551356288,-0.4621957794422644
-0.07133609274879307,0.0,-0.41663978158516557,-0.46206862925140774
-2.7690303931414983,0.0,-0.4649935350697562,-0.4628188607193394
-0.9757696060799943,0.0,-0.47435930939831705,-0.46298561973928765
-0.9318820053311299,0.0,-0.4871374598761399,-0.4631380072549171
-1.0330402848191877,0.0,-0.49790094095164406,-0.4633231606914227
-0.9078524121599285,0.0,-0.512025202852923,-0.4634675352453261
-0.6246397749599977,0.0,-0.5161189117340913,-0.4635198638945841
-0.5928011980799441,0.0,-0.5185774161386657,-0.46356182473008734
-0.7156944391999969,0.0,-0.5251569880362653,-0.46364363284639815
-1.0856717016050017,0.0,-0.5326371060371039,-0.46384539349147064
-0.9448803541887871,0.0,-0.5429890898597598,-0.46400137110518574
-0.6030434937999611,0.0,-0.5475728644429596,-0.4640464414853137
-0.4454122722719706,0.0,-0.5495721452903193,-0.4640404031932808
-0.359405367999964,0.0,-0.546705060671664,-0.46400650781420943
-0.33414641314077287,0.0,-0.5482732631812016,-0.4639644546747427
-0.6939369242879281,0.0,-0.5525078183504817,-0.46403890351566635
-0.4954792631183248,0.0,-0.5570963371488482,-0.4640490783893242
-0.34283803862395773,0.0,-0.5611263564180957,-0.46400986420628787
-0.3251879589887458,0.0,-0.5627751187360477,-0.4639649670829962
-0.14346118390637652,0.0,-0.5587975103424963,-0.46386134477999696
-0.31498387321436006,0.0,-0.5585066590258241,-0.46381322665731906
-0.44363367999996955,0.0,-0.5528189178179329,-0.4638067066099338
-0.3454983863999587,0.0,-0.5496382228205564,-0.4637684933282122
-0.4299808990719788,0.0,-0.5502188915984759,-0.4637575835464052
-0.6791494441535685,0.0,-0.5563284335535473,-0.4638271096473114
-0.5222503421280356,0.0,-0.5642746359625103,-0.46384596193271976
-0.37204406007996,0.0,-0.5612823873598696,-0.4638163484159931
-0.33325208201600676,0.0,-0.5585561002012146,-0.4637742444926135
-1.044518963846381,0.0,-0.5694833872470073,-0.46396146071419764
-0.7418626862399929,0.0,-0.5778363677751202,-0.4640510196009284
-0.24762415495994214,0.0,-0.5503275376400636,-0.4639812944512374
-0.3365945070399452,0.0,-0.5490171890234228,-0.4639402681106862
-0.5051822041600113,0.0,-0.5512394494075837,-0.46395354626137825
-0.663267920159995,0.0,-0.5555166814759032,-0.4640176963656263
-0.7151870315519451,0.0,-0.5652177620618226,-0.4640985101800363
-0.4341423235967661,0.0,-0.5689118991747185,-0.4640888748675296
-0.4992367186799858,0.0,-0.5750377120375318,-0.4641001764250256
-0.10951606043517807,0.0,-0.573399478423836,-0.4639861988885454
-0.4637886302255233,0.0,-0.5756542822211302,-0.4639861354024712
-0.47441941842240537,0.0,-0.5751717891323299,-0.4639894869228759
-0.5535339259679943,0.0,-0.5795983534580896,-0.46401824236251793
-0.4739335326143591,0.0,-0.5802503139542176,-0.4640214254412504
-0.7459465872000043,0.0,-0.5868656735702179,-0.4641119020656916
-0.6439697375999924,0.0,-0.5854578959094181,-0.4641696042907587
-2.6473237193039045,0.0,-0.622832718764104,-0.4648697820056443
-1.1925764599000397,0.0,-0.6404150499400246,-0.4651030961056425
-0.627201900288005,0.0,-0.643644946064729,-0.46515505085057274
-0.6819426518687738,0.0,-0.6516143262701051,-0.46522451179290475
-0.9233543751167128,0.0,-0.6616735159364399,-0.46537125422190023
-0.6570034189920053,0.0,-0.6643685774737194,-0.4654326157860277
-0.6872288270400126,0.0,-0.6766864321595436,-0.46550361329283113
-0.38500917520001376,0.0,-0.6290060078007139,-0.46547785507264144
-0.6726728231711598,0.0,-0.6229440721425372,-0.46554413625245544
-0.7380349161119893,0.0,-0.6190671303581544,-0.46563127753159184
-0.3540028657984027,0.0,-0.6054863819777387,-0.4655955906991963
-0.4573985535360007,0.0,-0.5964773048052602,-0.4655929710005184
-0.4844713130399581,0.0,-0.5936739355668593,-0.4655990024197003
-0.18267698836794133,0.0,-0.5854714513726192,-0.4655086408693804
-0.464035003639064,0.0,-0.5804382626614006,-0.46550817035940906
-0.3758553565680025,0.0,-0.5662419357606607,-0.4654795547150453
-0.5139393887999759,0.0,-0.5576231164528845,-0.4654950173296225
-0.5460208879199788,0.0,-0.5564826643352848,-0.46552070341274543
-0.7770044230559998,0.0,-0.5631145073509655,-0.465620028578448
-0.6853416793151998,0.0,-0.5696332335772701,-0.4656900705455302
-0.4821150866880285,0.0,-0.5725926070482152,-0.4656953047762958
-0.3426277001759386,0.0,-0.5655664225659754,-0.4656560987856617
-0.4655386452095797,0.0,-0.5649676102078005,-0.46565606138006427
-0.276032818900812,0.0,-0.5636315058133377,-0.4655956910386191
-0.6815154567310873,0.0,-0.5707580557681845,-0.4656644115241991
-0.49897629263996396,0.0,-0.5778683579428562,-0.46567501027733804
-0.6590626996799345,0.0,-0.5847499344721677,-0.4657365203566646
-0.7054044917759571,0.0,-0.5899853507076874,-0.4658127263889124
-0.480753133119993,0.0,-0.5926904456420882,-0.4658174754056737
-0.47524636788479313,0.0,-0.5935957550183444,-0.46582047155835216
-0.4637886302255233,0.0,-0.5892885387397836,-0.4658198261195552
-0.3606762417023845,0.0,-0.5860570567312705,-0.46578643660402097
-0.37184684615995733,0.0,-0.5860531124528704,-0.46575661451181655
-0.2542603003200009,0.0,-0.5844732768189503,-0.46568949413282834
-0.3295567011840027,0.0,-0.5701740315657028,-0.4656463047949639
-0.10258074043593945,0.0,-0.5573883926496217,-0.46553115555158964
-0.48755225302398897,0.0,-0.5621869546109025,-0.46553813751020484
-0.6613009880732593,0.0,-0.5686810842315689,-0.46560018595729297
-0.7590523841279773,0.0,-0.5737584878309282,-0.46569316827610496
-0.37318520404799294,0.0,-0.5679568335086881,-0.46566386578506025
-0.35401524092479963,0.0,-0.5607333976961453,-0.4656285115656618
-0.6151317867360051,0.0,-0.56435318695893,-0.46567583770531695
-0.6020828193600227,0.0,-0.5664101089725307,-0.46571900447166337
-0.8139838576351339,0.0,-0.5804994649165299,-0.46582918000255974
-1.128807439200033,0.0,-0.59379984109602,-0.4660388505462654
-0.6395525060639894,0.0,-0.5971025028488518,-0.466093707851203
-1.124188357336805,0.0,-0.608515591476228,-0.46630170236747537
-1.4458560782399157,0.0,-0.6279540423887391,-0.46661119822083164
-0.3315647469183701,0.0,-0.6196664055831065,-0.4665685429930039
-0.5242484823264072,0.0,-0.6172719804776348,-0.4665867557935512
-0.5328574588127741,0.0,-0.5749826552678122,-0.46660767457606994
-0.2053021476000193,0.0,-0.5552371690218117,-0.4665252177988607
-0.6621369157599674,0.0,-0.5559358693312509,-0.46658692495910076
-0.5039736440991103,0.0,-0.5523764891758577,-0.4665987151575051
-0.45684679540988726,0.0,-0.5430463375817213,-0.4665956407817965
-0.46600755609598055,0.0,-0.5392264203238006,-0.46659545544152364
-0.531793251697515,0.0,-0.5361177088169508,-0.4666159966501739
-0.3792843554111094,0.0,-0.5360032124211727,-0.4665884906214372
-0.8853230513279811,0.0,-0.540256216984309,-0.4667203339969745
-0.37191831511998524,0.0,-0.5329338849644689,-0.46669049389030887
-0.49791564159998575,0.0,-0.5358121404805006,-0.4667003192986504
-0.34208808168959537,0.0,-0.5335059310435726,-0.46666112073381594
-2.6861080957247148,0.0,-0.5775386666972677,-0.46735906003412747
-0.2462968981960194,0.0,-0.5788110648938293,-0.46728956548466566
-0.8584104513599005,0.0,-0.586698573848246,-0.46741248216784453
-0.3936173721423917,0.0,-0.5870538141597338,-0.4673892980302305
-0.3315647469183701,0.0,-0.5834063213221016,-0.4673466395656853
-1.0462732461152018,0.0,-0.5934113684860061,-0.46752840616114827
-0.7338389125535014,0.0,-0.5925480582759561,-0.46761199389071273
-0.8030787411840061,0.0,-0.5949027995133322,-0.4677172548719783
-0.7295150656000546,0.0,-0.5998507990915728,-0.4677993746369494
-1.079128936367966,0.0,-0.6145808238154133,-0.4679910740918667
-0.6515521182719595,0.0,-0.6183010932766609,-0.46804861673894504
-1.0849901529599384,0.0,-0.6344802399578434,-0.46824195473211994
-1.3635906214442475,0.0,-0.6481217432521066,-0.468522452434724
-0.9794644816318527,0.0,-0.6577315070319445,-0.4686824718613438
-0.8437159647359357,0.0,-0.6614245723330644,-0.46879988998685246
-0.1531141039023535,0.0,-0.6503787645755924,-0.46870108379402475
-0.25330420503997814,0.0,-0.6458297860139921,-0.46863368802470245
-0.46013605071996766,0.0,-0.6455275796706955,-0.46863103002116646
-0.5304005459999771,0.0,-0.6468598179861847,-0.4686503450668133
-0.1723002798000029,0.0,-0.643092298748137,-0.4685577067219347
-0.5067353368800116,0.0,-0.6457900685625382,-0.468569637231359
-0.4565217538511349,0.0,-0.6498352976331608,-0.46856587344398626
-0.41226438385434766,0.0,-0.6514894512865678,-0.46854829021800576
-0.32320421392002074,0.0,-0.6559019207562493,-0.4685029127355525
-0.34556620415995626,0.0,-0.6530621997789686,-0.4684645429763217
-0.0742376668192058,0.0,-0.6413209333538876,-0.46834153927081235
-0.33292361883196997,0.0,-0.6327983580479675,-0.46829930036861683
-0.47565940118395333,0.0,-0.6348478419906867,-0.4683015953797847
-0.16913483534635132,0.0,-0.6311502338791176,-0.46820833890845265
-0.2830354473599786,0.0,-0.6245083070915972,-0.46815063467300594
-0.3690892077263837,0.0,-0.6198484348589244,-0.46811977441539016
-0.4558666811663019,0.0,-0.6126860913295478,-0.4681159584411612
-0.12231271599998161,0.0,-0.5925561968655467,-0.46800829865210725
-0.2842473600799547,0.0,-0.585450093945866,-0.4679511057051505
-0.461529659135973,0.0,-0.5721969199818493,-0.4679491077441769
-0.46270465919999393,0.0,-0.5525338916010509,-0.4679474765004618
-0.5239011413999665,0.0,-0.5563806194906828,-0.46796487502810463
-0.43164145127999687,0.0,-0.5545284788697546,-0.46795358394207787
-0.2378497556880039,0.0,-0.5486283248072592,-0.46788207871266396
-0.34551172086076426,0.0,-0.5514325162724741,-0.4678440636900321
-0.37534949172795884,0.0,-0.545696767791834,-0.46781533866768366
-0.47345742100800525,0.0,-0.5450864433300119,-0.4678170903231758
-0.7328220748799412,0.0,-0.550605948919413,-0.4678993389217347
-0.18144148633913076,0.0,-0.544914627524276,-0.46781045966247853
-0.12033250779353247,0.0,-0.5366854126461963,-0.4677026811414274
-0.4771128989039738,0.0,-0.5386419835160536,-0.46770559903840797
-0.5009819826119454,0.0,-0.5309551621417329,-0.46771591409841223
-1.635533569199993,0.0,-0.556227467223333,-0.4680778036723513
0.47996847044655067,0.01757260012168703,-0.5366697849824023,-0.46778410903972467
-1.1833131152447063,0.017047553852949454,-0.5534942856535046,-0.46800570365298105
-0.44154054322075187,0.01852436651594301,-0.5086029346034252,-0.4679975101048596
-0.6724659115295374,0.018224608549458662,-0.5171263148700956,-0.4680607934231588
-0.3999435595199913,0.01854748661651767,-0.5079569770332975,-0.4680397175463324
-0.6091629263999425,0.01839427415778693,-0.5122678881184485,-0.468083368399674
0.1848558017600166,0.025806594278314277,-0.5019394771448807,-0.46788147007865993
-0.9499619662344889,0.02590343507229081,-0.5000132515472665,-0.4680304903247668
-0.6038138531647158,0.026035333829843074,-0.49741275035949073,-0.4680724505728632
-0.7298384516719834,0.026110222636665754,-0.4959479445692503,-0.46815331742522626
-0.5072224926455171,0.026340180042130037,-0.4915020931101596,-0.46816538326068646
-0.7319908541375566,0.02670750243848912,-0.4845593314655514,-0.46824683601489364
-0.4996372954239763,0.02687149281206939,-0.48152103500859167,-0.4682565244282915
-0.21475015637033032,0.027851133563476963,-0.4641162350767995,-0.468178305863633
-0.36451927511998883,0.029067721492443153,-0.44413480815031436,-0.46814633207253387
-0.386963527103951,0.029840763526105794,-0.43228478905975637,-0.46812129883017534
-0.3258347830399304,0.0305509257540417,-0.4219271654258362,-0.4680774373888097
-0.06400118259016246,0.03067654745470048,-0.4201449069995924,-0.4679529146600582
-0.1868683268135774,0.030770875785693163,-0.4188161894350644,-0.46786632051716026
-0.2388734384799739,0.0310892599137705,-0.41439093719026454,-0.4677957960693509
-0.22761856672799063,0.03153577595118696,-0.4083352976048248,-0.4677218498780512
-0.2970766516607524,0.03135022224550872,-0.41083082504203977,-0.46766932750248413
-0.7136160155487831,0.031047337050378154,-0.4149684386154152,-0.4677450034064984
-0.384449159687995,0.031152188927978452,-0.4135269867321524,-0.4677193817996948
-0.07897413047994789,0.03164641867808246,-0.40686118166466445,-0.4675998414395104
-0.20436719184000535,0.03182645399875647,-0.40448444122306404,-0.4675189214734484
-0.4008707873999501,0.0317424146899511,-0.405590532887864,-0.4674984395637762
-0.9753222953375204,0.030433097606751048,-0.42361222545823024,-0.46765445303713216
-0.4685626090098135,0.030245303574173835,-0.42632500526178707,-0.46765473195481416
-1.1049888471336164,0.029403467216154656,-0.4389115941807804,-0.4678504132919891
-0.2753882007359899,0.029265937415965844,-0.44103666148857323,-0.4677913395619228
0.16871533208327172,0.03715581942284442,-0.43200164589970813,-0.46759603220640117
-0.31565687025599165,0.03724452833555973,-0.4309329991503003,-0.4675494251015084
-0.6572577559103414,0.03691236754883017,-0.43496082064518116,-0.4676075999959607
5.5343310911919845,0.2835297534188813,-0.3218279445013417,-0.4657676433156455
-1.8940796663999528,0.2645662129227921,-0.3540245906277418,-0.46620537301931836
-0.7154299430399229,0.2618044880055584,-0.35910259630582075,-0.4662817285861139
-0.4729013334047547,0.2616947804710637,-0.35930652978991595,-0.4662837560301624
-0.25690870547996836,0.26459804368327644,-0.35396668107151597,-0.4662196485437723
-0.33869140206718046,0.2656239536604534,-0.3521076800872596,-0.4661806132678383
-1.0664575767456022,0.2567496973308007,-0.36867983650841163,-0.46636429654919614
-0.9300472581456065,0.25083789677000484,-0.38037054725410846,-0.46650613899691606
-0.6483026476415629,0.24816959097478739,-0.38582961037238056,-0.4665617342594986
-0.8401832168399652,0.2446727062650101,-0.3931641262890198,-0.4666759566632223
-0.3929047648239764,0.2479105779098755,-0.3863657800879005,-0.4666534104554475
-0.30895905004797575,0.24668591888164343,-0.38891613136207737,-0.4666052300825763
-0.9557468083199109,0.23895263672167114,-0.405624417372605,-0.4667546319085498
-2.2405595928799547,0.22412185203724677,-0.4408933512521246,-0.46729625174396094
-0.4729013334047547,0.22434357503768046,-0.4403317382679807,-0.4672979626968488
-0.6465768432191377,0.2324422073062582,-0.4205526037483637,-0.4673526709301483
-2.8935184831727563,0.19439065206681502,-0.48802234282074974,-0.46809280693144256
-1.0709490705724596,0.19511447383168815,-0.4857750619273049,-0.46827666062575213
-0.2650095259239823,0.19626259429297968,-0.4822444415813695,-0.468214688938343
-0.23602265667677763,0.19915998333314605,-0.4735155764843143,-0.4681439202604212
-0.29521521276697016,0.19986800903943916,-0.4714210095492538,-0.46809123022157495
-1.0203319725982336,0.1971167802585961,-0.4796443904732196,-0.4682594424489208
-0.7149780954604645,0.18646486205160523,-0.49764106841762934,-0.46833456993156747
-0.6801152299199604,0.18812465140856588,-0.4922441336913387,-0.46839903893004187
-0.37699976959992365,0.18954278148738957,-0.48770785202004285,-0.46837122417978927
0.028522644422415533,0.19522623544413126,-0.4725406300981549,-0.46822005476433376
-0.19187762286957794,0.19734595619523768,-0.46623373270263613,-0.46813600901254093
-0.2418621091199351,0.20073349851195796,-0.4564311578022837,-0.46806721184018074
-0.22277743603197542,0.20269892937947123,-0.4508939606144437,-0.4679926556773211
-0.1789846965024402,0.2029556394236756,-0.45017865141708585,-0.4679048380051319
-0.12369444251997466,0.20470125806878245,-0.4453621547650856,-0.46780027834672205
-0.30427935897593333,0.2053075394636933,-0.44370847140252523,-0.46775062121967353
-0.2804141119999621,0.2056421171553685,-0.44280005798172584,-0.46769374917680173
-0.7149674287938741,0.2009487733839836,-0.45581938290580015,-0.46776879429959906
3.9558214827198888,0.34187970813227025,-0.37296558671513075,-0.466426685599047
-0.1103047671023453,0.34343800437514976,-0.37039421328757816,-0.4663186716716898
-0.34400083307024737,0.3420268046078662,-0.3727218586144233,-0.4662815831821199
-0.47434018127515454,0.33989953129167383,-0.3762671292067114,-0.46628402592176615
-0.6496811216159983,0.3406637322995667,-0.3749884313280557,-0.46633960079924924
-1.0600335627999649,0.33275826480945736,-0.38850011939029505,-0.46651945355962515
-1.026920705659108,0.3222648031583166,-0.40745905089387835,-0.4666891692628654
-0.24731162623995384,0.32180506999179526,-0.40831793958187723,-0.46662275159921934
-0.32320539288798156,0.32263746299282925,-0.4067646316916379,-0.4665793444083261
-0.3000976761887489,0.3300599436578631,-0.39326013930866244,-0.46652897174018104
-0.4644154769039969,0.3301065868293514,-0.3931771966665461,-0.466528332449547
-0.4259584005599743,0.3379257064915614,-0.37959658773507327,-0.4665160645536021
-0.34408457449279983,0.3371178578611577,-0.3809705152102095,-0.4664790538250469
-0.5086266720719446,0.32548551789192093,-0.3945173552933138,-0.4664917910925739
-0.1964934295679889,0.32681720780688905,-0.39213408647955367,-0.4664102205906027
-0.6652025135999359,0.3267280836308054,-0.39229298163334564,-0.4664702605462081
-0.218175726215857,0.13574584343503393,-0.5073431179815024,-0.4663952923897074
-0.8734925513495262,0.14063592442768844,-0.4869313756804939,-0.46651817112769706
-1.2401543246400013,0.13807853511317233,-0.4974258633124955,-0.46675161595374176
-0.25460433905599145,0.13913108150488282,-0.49305992342552024,-0.46668761979178175
-0.2229924372479945,0.1392960550085705,-0.4923815980608808,-0.4666141290853451
-0.34988743799993693,0.13924155267257712,-0.4926055187795359,-0.46657893864486105
-0.41805344839995656,0.1424699049741915,-0.47963743621262295,-0.46656431372314777
-2.421136148479959,0.13525827126385612,-0.50945921401931,-0.4671532175600736
-0.9568313993878164,0.13385629253262255,-0.5156297890542351,-0.4673007109883349
-0.05588681033028958,0.13747870250329178,-0.4999438609240416,-0.4671768284527559
-0.38368240431820333,0.1375224642173468,-0.49975941371392607,-0.4671516946706564
-0.2687253796416053,0.1377137063707043,-0.49895474030579867,-0.46709198166583277
-0.5402166473599079,0.1397204076233136,-0.49064413708659865,-0.46711398066273224
-0.3313715217119695,0.14974592335865367,-0.45246037566323893,-0.4670731558630478
-0.4787046336767083,0.14971326957552708,-0.45257644166867805,-0.46707665300009343
-1.859083775999973,0.1431894964989735,-0.4768265803242947,-0.467495050091467
-0.3436660700928452,0.15763460936283588,-0.4258295320626965,-0.46745784186430395
-0.945180808572013,0.1584228952272765,-0.4233141668226875,-0.4676013453087941
-0.44105669955356785,0.1573216635596561,-0.42683511029527926,-0.4675933739437025
1.4170423988000198,0.21527979085604704,-0.39377380918574334,-0.4670275871611315
-0.5435120836799314,0.21317021197210478,-0.3987397466040026,-0.46705054169189947
-0.31291382256000955,0.21929260847169288,-0.38459138360323813,-0.4670042960515958
-0.6276975868799571,0.22007244157498,-0.38284577343162796,-0.46705249439917484
-0.44556201588957783,0.22219587073568667,-0.37815470915102023,-0.4670460504775828
-0.27165755747754744,0.22316293475497842,-0.3760478649085728,-0.4669874807854365
-0.5407341263279201,0.2171335393264508,-0.3874330003235794,-0.4670095804694468
-1.2924615670270498,0.20788715579240372,-0.40944467920672895,-0.467256869860267
-0.7507191333599263,0.20387315333957537,-0.41962181969152873,-0.46734176421890716
-0.25413992710397093,0.2036308227333189,-0.42024906951296864,-0.4672779313335434
-0.8210135536559373,0.19879361587756694,-0.4330896466560386,-0.46738380850275096
-2.9849644361599803,0.1797628851110432,-0.49031504652883867,-0.4681371240705718
-0.3713225930720031,0.17936056096219258,-0.4916559112107601,-0.46810816369635744
-0.36764074927997586,0.17883980478210812,-0.4934004439563604,-0.468078119613099
-0.2584937062656225,0.18159903325633459,-0.48427096950579535,-0.46801546358519236
-0.334175587199961,0.04736011208909831,-0.5700709109041924,-0.4679754636221364
-1.238369126702357,0.04563941729075557,-0.5926321980961926,-0.4682056380060863
-0.40985808008073116,0.045542816495135065,-0.5939493430364022,-0.46818821042008707
-0.5484962558399833,0.045434531115552214,-0.5954324645276988,-0.4682121901290808
-0.9508298767679481,0.045000023870730065,-0.6014554396307378,-0.46835625511016704
-0.4221556366720045,0.04593041998848993,-0.5886978811081786,-0.46834246799633883
-1.064405082787112,0.045874683327259,-0.5894475686507387,-0.46852029097211173
-0.09582082291196958,0.04610077508501011,-0.586417752584179,-0.4684091369404803
-1.1057543089039386,0.04495624578917246,-0.6020687309044981,-0.4685991623346256
-0.6713810942615464,0.0444328658514064,-0.6094943992659541,-0.4686596040430987
-0.31438701215995624,0.044642879414919394,-0.6064938299710733,-0.46861363485600593
-0.45122861160001476,0.044607366623709975,-0.6069992341918741,-0.4686084561180685
-0.8890779885598239,0.04385499218409521,-0.6178991024732146,-0.4687336703921727
-0.46981076155198737,0.0439077378809075,-0.6171227842628154,-0.4687339910504519
-0.09874423637761426,0.044041129901776555,-0.615167800399008,-0.46862387505203734
-0.49591358639999517,0.04427407504356514,-0.6117820218550092,-0.46863199457341426
-0.1492929971071321,0.04436956598564843,-0.6104043672728346,-0.4685370097437099
-0.4483592418400019,0.044968160303253756,-0.6019017010826442,-0.4685310098127245
-0.36940207359996774,0.04624604442402812,-0.5844866560618435,-0.46850154223358875
-2.014666000780695,0.04373393700916999,-0.6196878892963376,-0.4689610264708985
-1.0070367571407761,0.04270067355552367,-0.6353687756941931,-0.4691208826000339
0.7397812617888544,0.06568553860500298,-0.6135754016984173,-0.46876183830410606
-0.9711406261319454,0.064597450421814,-0.6246371452530571,-0.46891100065203595
-0.7880962871039352,0.06791938655519483,-0.5919763480255367,-0.4690057425001962
-0.3315984886992369,0.06928350088167151,-0.579471689811765,-0.46896496883437994
-0.4502624987999803,0.06841676287329107,-0.5873592035811589,-0.46895942078631275
-1.1250526862743775,0.06684477029584468,-0.6021866092202823,-0.46915399174286315
-0.5184496150511617,0.06633139775305262,-0.6071810939284734,-0.4691686065140782
-0.7368656014719681,0.0659326514296986,-0.6111140730107146,-0.4692479476506988
-0.5112751375031153,0.06557203586992878,-0.6147121453265376,-0.4692604001513958
-0.8142735308398545,0.06490982520789343,-0.6214235232698005,-0.4693625959839457
-0.6259502121599494,0.06741155418640501,-0.596760851993,-0.4694089648368258
-0.7290502286398911,0.0666092334893605,-0.604468535163941,-0.46948582725950283
-0.6745265819136392,0.06717068778079721,-0.5990554506307735,-0.4695465081575952
-0.6551445479039093,0.06672579950626777,-0.6033372075977802,-0.46960141882024203
-0.46979417471993,0.022558792237110426,-0.6410739390681793,-0.46960147583174744
0.10141083456005145,0.026083503248296717,-0.6281754807033796,-0.469432637182903
-0.9206398006271854,0.025601070627340808,-0.6403300002647231,-0.4695660120464692
-0.5050112928479853,0.025697019914663884,-0.6378762743840837,-0.4695764864202285
-1.4205954033407788,0.0249537560986858,-0.6573769421331077,-0.4698574373558032
-0.6080684169599427,0.024707189583790246,-0.6641051593227557,-0.4698982557195375
-3.132105155982448,0.02295966493840817,-0.715932579915846,-0.4706842630712537
-0.5299701407999717,0.023447647845537125,-0.7006827513913046,-0.47070176185452667
-0.34286695878961587,0.023717280050553544,-0.6925257078998984,-0.47066404134609796
-0.5583226967615966,0.02351560118292804,-0.6986093632930509,-0.47068989935654504
-0.3228734695031692,0.02384769345762693,-0.6886465616099957,-0.470646308548567
-0.40689458761597486,0.02572810858704338,-0.6370851646391155,-0.4706275138195185
-1.3512978649726237,0.024979405051491838,-0.6566846700771279,-0.4708870688891186
-1.3005766511999304,0.024306036455879292,-0.675343388115527,-0.47113152663287544
-0.42453635151998736,0.02418997872066466,-0.6786642410206143,-0.47111780198630315
-0.6139418006399806,0.02399691927352284,-0.6842595652894147,-0.4711598585230092
-0.3796014335039559,0.02459956692205907,-0.6670842114254466,-0.47113290579265327
-0.4999445494560055,0.024534930593747863,-0.6688859408129523,-0.47114138479314277
-0.33022659839994095,0.024692126601459214,-0.6645205476641514,-0.4710999270742863
2.3626664120160346,0.09674540452003755,-0.5982506218884717,-0.4702664663863185
-0.15224501510397753,0.09754039421384256,-0.592852409457111,-0.4701729581677703
-0.3848130998399829,0.09960113667626323,-0.5792605697981685,-0.4701478670865453
-0.3901021263999457,0.09869818851193655,-0.585146195867928,-0.47012434497644046
-0.5428631382743916,0.10043986059792762,-0.5738883724553372,-0.4701457135996185
-0.6846439892320868,0.10039811634738766,-0.5741536303547479,-0.4702087086879099
-1.1149696115207146,0.09794101547757893,-0.5901652823419631,-0.4703980101860993
-0.7792534189440817,0.09696865048440052,-0.5967257784888444,-0.47048866337328976
-0.6951685499039929,0.09754110985055355,-0.5928475897157278,-0.47055459057004173
-0.06451719687598367,0.09875971753319136,-0.5847417184222077,-0.47043548309169203
-0.7032354403199902,0.09695313276865959,-0.5968315425010552,-0.4705037528738704
-0.5705890646399829,0.09673453381734701,-0.598325052065855,-0.4705330948005096
-0.9599167783519753,0.09442349299175093,-0.6145375276907519,-0.47067652495395373
-0.8512804531679901,0.09331538996716894,-0.6225959519173115,-0.47078804090127696
-0.8880213467999233,0.09192681033502005,-0.6329683373813108,-0.4709102533517452
-4.648831220203206,0.08546713044379857,-0.685651641769761,-0.47213365627029613
-0.922177851955171,0.08566104328894522,-0.6839544636660488,-0.4722654022292203
-0.8549460338399282,0.06440932810881259,-0.7158490095786244,-0.47237739539035895
-0.28266822144000564,0.06558969383786048,-0.7020795614847857,-0.4723218924137789
-1.7206181615998908,0.06400104689537396,-0.7207299989747049,-0.4726869980789401
-0.3317679892591604,0.06400076512906512,-0.7207333889859032,-0.47264579369039633
-0.46626695150396946,0.06397417157722125,-0.721053478039983,-0.47264392907707087
-3.346877016251948,0.060485110675343116,-0.7654899646395344,-0.47348385692253403
-0.13404206995196988,0.06106128245884026,-0.7578018137375505,-0.4733846919248797
-0.4855899745199952,0.061443878604651156,-0.7527763011985111,-0.4733882565518059
-1.2790025125127769,0.06028969626048424,-0.7681308486987044,-0.4736234723929624
-0.29434159551997063,0.06106654890432846,-0.7577322099923067,-0.473571142598195
-1.1243992618767495,0.060321403090772475,-0.7677011909866427,-0.47376105450927714
-0.7558661692799352,0.060281830308823336,-0.7682375097994436,-0.473843348883481
-0.2935343381880455,0.06084898507340979,-0.7606176649249318,-0.4737907653283059
-0.583507102007975,0.06095682048988355,-0.759184916007013,-0.47382275259847484
-0.13284003311036502,0.06146920546473451,-0.7524458331748217,-0.4737233697015095
-0.3927740572799613,0.05836750086826558,-0.762329531011622,-0.4736997830720161
-0.35724702115199714,0.05919133177196476,-0.7510616754221183,-0.4736658614984885
-1.2900537789567261,0.05804964122485463,-0.7667625251442931,-0.47390359822459754
-0.7015402270079419,0.05909364025102027,-0.7523814216176363,-0.47396986798552426
-0.48663041817596797,0.05927367435773849,-0.7499526616419568,-0.4739735526625296
-0.22175528411997758,0.06394234460858987,-0.6917456642047074,-0.47390016940138835
1.654709943539903,0.1103069362683736,-0.6480520625179099,-0.4732810274255474
-0.471603225887985,0.10991839995678482,-0.6506267878598774,-0.4732805395507182
-2.9949446340799466,0.10304839188329518,-0.6993592266062443,-0.47401358143866273
-0.359521684642332,0.10295161209240847,-0.7000921909090274,-0.47398030858286605
-0.7700800773599366,0.10200225652691529,-0.7073559007039067,-0.4740663340822202
-1.8327761052119387,0.10077035298278499,-0.7169854655086931,-0.47446096369916174
-0.30887914380959447,0.103340998151791,-0.6971515153608863,-0.47441288535424614
-0.39260123999997476,0.10342596081829912,-0.6965128131304862,-0.4743891374165526
-0.31770354879998364,0.10422080611570403,-0.6905880480936861,-0.4743436685864259
-1.7405399937199348,0.1006666536022765,-0.7178068192980058,-0.47471100143386813
0.13734224121593558,0.10542891172548803,-0.705061083484567,-0.4745334917927284
-0.27721835807999073,0.10557091743066913,-0.7040009186781679,-0.4744762824179204
-2.8947333272591287,0.042415940439847886,-0.8091489134636711,-0.4751778061990338
-0.5891436665999775,0.04198180992765982,-0.8178868864935912,-0.47521083020958177
-0.2206634408159563,0.04214387332494641,-0.8146038933131107,-0.47513709110489066
-1.5560292426623774,0.04101915969577605,-0.8379224356383592,-0.4754501209779163
-0.31017729168000047,0.04123880002921398,-0.8332687187064716,-0.47540227128790535
-0.6508028980799585,0.04127093989691322,-0.8325918968834288,-0.4754530384736628
0.05808687193599901,0.043731608569445836,-0.8091307672142947,-0.4752986577125489
0.3266223981456088,0.052417444793061055,-0.7870132508725008,-0.4750666874910105
-0.19890958478157325,0.053051417211007985,-0.7770880715700524,-0.4749868271374219
1.9753981780097314,0.10135463485863673,-0.7362897640723383,-0.4742784186363675
-0.1653584369471627,0.10270308859968118,-0.7255322240048815,-0.4741891354046654
-2.0974718176079246,0.09896543797918178,-0.7560698790642404,-0.4746581566939469
-0.4529113470839834,0.1001759965087598,-0.7459297704388805,-0.474651875119825
-0.1756289720319814,0.10183601823728662,-0.7324167408161604,-0.4745655271836171
-0.3499404477479243,0.10319792033634814,-0.7216551228351205,-0.47452954996668995
-0.2381860166399961,0.11590353597328358,-0.6334422187638562,-0.4744613411547631
-0.8889056012927279,0.1160112829399104,-0.6327767737506074,-0.4745809153786921
-1.3799999530799418,0.1143340031964582,-0.6432778521354077,-0.4748420688363504
-1.3793042816111174,0.11098265913360283,-0.6652105733388299,-0.47510287108916893
-0.4536904365071726,0.11487265911217039,-0.6398720188369755,-0.47509669857992076
-0.3264788203199545,0.11488947076063283,-0.6397662354581913,-0.47505386922019166
-0.31624576266233584,0.11536837154917577,-0.6367658116813587,-0.4750081163805034
-0.31090210406400187,0.12599683637662318,-0.5760463134375997,-0.47496085082396067
-0.4533996714335651,0.12478753633677116,-0.5824334654672316,-0.4749546425949395
-0.13327739546396516,0.12612296126016376,-0.5753872138861111,-0.47485628990434336
-1.5973006173695643,0.12491523205339475,-0.5817531759832468,-0.4751792954662039
-0.6688790572175651,0.12352340309529763,-0.5892439252171987,-0.47523502036889415
-0.9993568131118324,0.12398461496302389,-0.5867430762419004,-0.47538576002743393
-0.3229884337499827,0.12560820741072584,-0.5780855215313013,-0.4753419425098153
-0.23353371647998533,0.1258366130101867,-0.5768855090971402,-0.47527243741466446
-0.3432475568983458,0.12675959766572592,-0.5720803181949475,-0.47523449923060807
-0.16366871663999716,0.12664040923686465,-0.5726968918655402,-0.4751449945530468
-0.5294712630238865,0.12611460596068166,-0.5754308359804188,-0.47516059658305004
0.0752892460991805,0.12980992114251466,-0.5667801106353952,-0.4750025575814185
-3.2195479952782873,0.12254914119488554,-0.6053699949618264,-0.4757903145956829
-4.331853095500736,0.1108802361711216,-0.6779762523316822,-0.4768967888513228
-1.0901013022174788,0.10915254558216697,-0.6900456700125126,-0.4770726937604926
-0.276188169062366,0.10899935192918203,-0.6911343277113603,-0.47701508420365346
-0.7327544565599652,0.06510474383038554,-0.7388836157133576,-0.47708840397783825
-0.9955211141119258,0.06425287503998205,-0.7493619734778365,-0.4772369946084298
-0.352430528750395,0.06879289482410715,-0.6965116913712454,-0.47720123344342746
-1.1043596640383226,0.06744954627131518,-0.7114084509591652,-0.47738088352380414
-0.1323433792799924,0.06859644838407129,-0.6986537169975664,-0.47728207553289814
-0.7978540974624,0.07054300707340913,-0.6779552768425755,-0.47737385109027847
-0.4065229360799856,0.07035464404780005,-0.6799081526879834,-0.47735357320962296
-1.1789409275039444,0.06887362652198213,-0.6956349464380628,-0.4775543135112809
-0.753805106061815,0.06807882820003265,-0.7043569775832994,-0.4776333326167015
-2.2775666216423307,0.06712494301638716,-0.7150975101417473,-0.4781480404488507
-0.8217552148079263,0.06220781370195813,-0.7342794592622246,-0.4782462700584445
-0.6913785709440015,0.061556607870497784,-0.7425626635195048,-0.47830718240508224
-0.4511630460286756,0.06560881857523523,-0.6936912578948957,-0.47829942693754607
-0.33044602187521355,0.06606927071233992,-0.6885173050004005,-0.47825719517374654
-0.30108854451202754,0.06592543245337591,-0.6901258070743218,-0.4782066044682463
-0.34424624102395796,0.06816129959478255,-0.6658901470415535,-0.47816836285721454
-0.686159521144806,0.06745151401607792,-0.6734097916308496,-0.4782277210644884
-0.10859995161596381,0.06847987795983387,-0.6625657327015696,-0.47812226378361866
-1.270779469344054,0.06454036903570734,-0.6891430595271707,-0.47834834969507345
-1.2429897265438847,0.0538556885535887,-0.7205353020209606,-0.4785663825940893
-0.4018086075647853,0.05357023489036527,-0.7245932824766248,-0.4785445018144344
-0.9052410110495644,0.0019213501999705783,-0.7822060662578108,-0.4786661024155274
-0.20554632789920285,0.0019193817238451476,-0.7830098240768515,-0.4785882905139558
-0.48440467027683876,0.0020016967532612098,-0.7507484811302298,-0.4785899471302369
-0.3789638515743583,0.0020056398893364353,-0.7492695312200373,-0.4785615797909556
-0.6549819321935892,0.001980351699148564,-0.7588565904232695,-0.47861179907715046
18.883969783670434,0.5033229605358271,-0.3741783857949023,-0.47310167341330656
-0.24936054975995103,0.5031736904803,-0.3744018764573015,-0.4730380201775588
-0.6062314476799349,0.5069770816376132,-0.36874839338504567,-0.4730759022672921
-0.35483837518244854,0.5212666539762832,-0.34824516182709575,-0.4730422834082973
-0.39173715359991446,0.535815222253583,-0.32849381926687166,-0.4730191722287042
-0.047089183666319756,0.5420439144931598,-0.32036179421005456,-0.4728981350054696
-0.38910493124801304,0.541075132339032,-0.3216143164286158,-0.4728743301180386
-0.6385760035199484,0.5361431892070763,-0.3280609212457681,-0.47292139108747966
-0.5523684064447657,0.5325070431367561,-0.3328902472933833,-0.47294394844561627
-0.49559108614395697,0.5318767550557896,-0.3337340755875911,-0.47295037681283125
-0.4983064336607589,0.5264853328711335,-0.341034656351527,-0.472957572061653
-0.27413494234873187,0.5465680938200681,-0.3145713428511103,-0.47290116847875574
-0.6727648498030161,0.5465068731386397,-0.3146490587028194,-0.4729578513152061
-0.4630602959999925,0.5550879349936734,-0.3039231283605826,-0.47295504509027986
-0.6545425677119188,0.5497513773954993,-0.31055421103982134,-0.4730065154765104
-0.6380671526400117,0.5433775386526601,-0.3186448797630218,-0.47305328811384784
-0.9321947392030823,0.5343579047835516,-0.3304238234091166,-0.47318335651358984
-0.4777053657599591,0.529669809475599,-0.33670455639151586,-0.4731846371732461
-0.7917074954207521,0.5258175843320007,-0.34194928103945316,-0.47327481918294245
-0.4219098921695613,0.5176720793560314,-0.351893263804828,-0.47326028056788066
-0.5973656147071988,0.5577657862157807,-0.2994496161934062,-0.473295398093104
-0.40487339289593066,0.6309490018253407,-0.2209100221413101,-0.4732760425046465
-0.6400747785599599,0.640580926442405,-0.2119094916681597,-0.47332321409289746
-0.4978081438367979,0.6358011136005096,-0.21634189116364838,-0.4733301366062545
-0.05291862224874716,0.6506950516847738,-0.20274517447742402,-0.4732113091573123
-1.2449195195040148,0.6451508483177116,-0.20773314258526576,-0.4734293674252825
-0.33876531122398656,0.6454521826384588,-0.20745983823473757,-0.47339132673144035
-0.6817994051231591,0.6549111076663905,-0.19900863305643435,-0.4734501824440616
-0.4986930643199592,0.6466946588146403,-0.2063356267572337,-0.47345730917525186
-0.4717623715199457,0.6539980099836186,-0.19981379223838458,-0.47345683078471973
-0.5983727697920317,0.6496813784791763,-0.20365078891262547,-0.4734920779458392
-0.07828259913600874,0.6752510356493355,-0.18163762234526679,-0.4733805943128886
-1.0087250344856926,0.6691514522355188,-0.18673602091374433,-0.4735315656722154
-1.346291826431938,0.6919867541724107,-0.1681105250095365,-0.4737776215675522
-0.6975758949119595,0.6951499952056015,-0.16562693861161715,-0.4738406988712006
-0.410368052102374,0.702416110217297,-0.1600067282347846,-0.473822814214461
1.3248184206877218,0.7645246004288145,-0.12448709890045664,-0.4733161547116716
-0.42908806159998436,0.7616821883759298,-0.1264599396949521,-0.47330369960237517
-0.3689600423999813,0.7597386854334679,-0.12781736965271112,-0.47327432357275734
-0.9556219526398988,0.7426689259092839,-0.14004488388502997,-0.4734100814193848
-1.2622632970462173,0.7272713559771421,-0.15156695940305817,-0.47363204349468774
-0.08923681871997449,0.7277784997043731,-0.1511796967451384,-0.4735239154427118
-0.198857755713569,0.7570010769116695,-0.12974126247252868,-0.47344667524031325
-0.4268503037031007,0.7808737700956204,-0.11341847401571302,-0.4734335753326559
-0.685519795631998,0.7724061233257359,-0.11909269777705728,-0.4734931836014303
-0.5053169729408031,0.7843961008998103,-0.11109421701488204,-0.47350212537983416
-0.23722293857759072,0.7834328583839312,-0.1117277492284498,-0.47343575482174366
-1.3641805767742776,0.7575941853015441,-0.12932326735839858,-0.4736858937776416
-0.4514153628671764,0.7555420666902437,-0.13077229758425496,-0.47367964152303443
-1.0664451678318039,0.7440954260327406,-0.13900156229701924,-0.47384600849645825
-0.6072043305600102,0.047713572345128984,-0.5288250445816282,-0.47388342665640876
-0.4924298715840261,0.04729950373454341,-0.5336864310181095,-0.47388862902525236
-0.4932392389919385,0.04749108844517213,-0.5314265868443496,-0.4738940554441998
-0.5113552227887174,0.04722611698680865,-0.5345569237964751,-0.4739045575937217
-0.23781595902765357,0.04748666995269835,-0.5314784999050298,-0.47383838926452715
-0.2512060776000189,0.04714176443535519,-0.5355608377837038,-0.4737760097992247
-0.3692097795551804,0.047175161640715314,-0.5351629347498471,-0.4737467195386521
-0.5026752197279535,0.04740456467770702,-0.5324449190740073,-0.4737548204908194
-0.8890910271999586,0.04684020640217703,-0.5391793714891111,-0.4738710960246126
-0.04226268600798269,0.04760318325927227,-0.5301128034863916,-0.4737502988205777
-1.9500749622862865,0.04524308943763705,-0.5591481740589022,-0.47416337231343325
-0.30094367166719294,0.04520170596312258,-0.5596843486452714,-0.47411491925031535
-0.3190890787200252,0.045753823020744135,-0.5526108332236116,-0.47407156750520063
-4.1765575321280135,0.040552946428215525,-0.626880777946172,-0.47510664884839965
-0.35694841540656175,0.0409257560913423,-0.6209288949000649,-0.47507362530635333
-0.5117153314560283,0.04108612383930182,-0.6184018584763852,-0.475083863279572
-0.3761448010320656,0.041807069168563867,-0.6072808597129649,-0.4750562266700057
-0.92378176557117,0.041226730503716544,-0.6162023877091891,-0.47518153399726093
-1.4924898670798867,0.040346866568291916,-0.6302180351423717,-0.47546553967372174
-0.40358201071198263,0.04036939951609504,-0.6298514775132201,-0.475445477287743
-0.5577124911310809,0.040418236709510606,-0.6290584150416979,-0.4754684312536592
-0.7506033405501217,0.03999636680177089,-0.6359730139947817,-0.4755451773929329
-0.2464146027840053,0.04047742603472305,-0.6280998104792626,-0.47548128152717467
-0.43338302645119675,0.04055725864705493,-0.6268113081315506,-0.4754695451862001
-0.49471826687997394,0.04001604128639676,-0.6356473010241751,-0.4754749099358361
-0.9197064894526932,0.040413019804222405,-0.6291430404231487,-0.4755986858008449
-1.454417148263885,0.03908293064888377,-0.6514560771639466,-0.4758713371831466
-0.6505240712039416,0.039119023461272766,-0.6508305704855623,-0.47591997342208303
-0.9705566377102883,0.038581463643235406,-0.6602678419533689,-0.4760576785067958
-0.6356817214103695,0.03839816341039845,-0.6635462289511774,-0.47610210490337346
-0.4765864773239701,0.038534182119723676,-0.6611105031018161,-0.47610223967588894
-0.38931552213599224,0.03818869570466219,-0.6673311615618157,-0.476078098725252
-0.2795307026759586,0.039008636552695514,-0.6527472749256211,-0.47602344149609477
-0.46191505973756797,0.040051581556155215,-0.6350597395917337,-0.47601951923260893
-0.38904805199997583,0.04042867342341115,-0.628889182733494,-0.4759953470627277
-0.571110716159909,0.040231327274617604,-0.6321040360146448,-0.4760217753397761
-0.41853355891202165,0.0,-0.6669710756066395,-0.4760058063907684
-0.35757095422400714,0.0,-0.66554073345912,-0.475972916956676
-0.6247194624239484,0.0,-0.6706559218595993,-0.4760142124995598
-0.2627142815526658,0.0,-0.6567977684378548,-0.47595501185261363
-0.3366492730304183,0.0,-0.6382854879575387,-0.47591635876193045
-0.34105383109197673,0.0,-0.6433218282049787,-0.47587894890682086
-0.49577839857827966,0.0,-0.649260241062273,-0.47588446733435036
-0.9386021388287331,0.0,-0.6594952777647856,-0.47601275058122994
-0.410490608378279,0.0,-0.6539946940197112,-0.47599459034226016
-0.7681728095999645,0.0,-0.6592518107528944,-0.47607554856316836
-0.3849490190079885,0.0,-0.6622063323615025,-0.47605030575719737
-0.7003134303999448,0.0,-0.6489289894340158,-0.4761124113026537
-0.3591015381599476,0.0,-0.6470827129398713,-0.47608001626579244
0.26252539353606164,0.008390692617945351,-0.620503301712514,-0.47587558631566745
-0.9556075511998572,0.008298287267296466,-0.6274713661253108,-0.4760083289733553
-0.29845119652794216,0.008349482639111566,-0.6235917926241892,-0.4759592122008946
0.3014941412736577,0.01822423336841687,-0.6076971250188773,-0.47574420850800897
-0.4836385767839426,0.01824056893406297,-0.6071427920987817,-0.47574639108148864
-0.6570000512007154,0.017996597249618964,-0.6155264739422429,-0.4757964888316598
-0.3639453684479749,0.01793209089765395,-0.6177812597592021,-0.47576558219436116
-0.5163764897511416,0.017848578682136688,-0.6207245939631213,-0.47577680067711164
-1.459680013399534,0.017323928312512338,-0.639864689836553,-0.4760485220835525
-0.9728748777600296,0.01727946081039707,-0.6415403668477544,-0.47618569114917275
-0.991749499084659,0.01679103080438118,-0.6605301031092878,-0.47632799415991955
-1.1766743531279251,0.017186744743860054,-0.6450620909261207,-0.4765212464664781
-0.18633400719351384,0.017246977636762202,-0.6427698976366472,-0.4764411948142648
-0.48895883896313697,0.017157852980019622,-0.6461672928415093,-0.47644464700514977
-0.2660139402958649,0.019474574937782273,-0.5679564210048663,-0.476386629164866
-0.6764777480000426,0.019262061044138887,-0.574347007656736,-0.4764417810719319
-0.6830578989599072,0.019150003080160755,-0.5777738590068136,-0.4764987157971697
-0.10578717327348253,0.019327416775170036,-0.5723667064516419,-0.4763965914052899
-0.13248681911991272,0.019866096460610588,-0.5565408075226168,-0.47630187651344597
-0.20747007652797556,0.020807891241386992,-0.5308404117115786,-0.47622785894737063
-0.929061376847909,0.020412179470795377,-0.541349999034297,-0.4763525034609684
-0.5134747023359895,0.020444911571557263,-0.5404652432583952,-0.476362718705568
-0.861809803911322,0.020362827441319453,-0.5426893725256192,-0.4764687564181418
-1.2231075593259577,0.019669257972459626,-0.5622232316564583,-0.47667410262356197
-0.894236938152018,0.0193581430775285,-0.5714403098904747,-0.4767889123116369
-0.8933796186000009,0.019096845538305183,-0.5794135369248753,-0.47690342322595475
-0.8380043747904418,0.019149819869191405,-0.5777794946316301,-0.47700265404529096
-1.7602183539863612,0.018953036433825062,-0.5838955187460797,-0.47735518583098907
-1.4852025086663716,0.018435942792138234,-0.6005890874953284,-0.47763199091828246
-1.998345768479966,0.017836717467296686,-0.6211448701107218,-0.47804954000602595
-0.5925462521471848,0.017861082280452082,-0.6202821607254582,-0.4780809692435064
-1.1823582252800762,0.017470613733363394,-0.6343975956845803,-0.4782742396211234
-0.677938773600063,0.017315807628620294,-0.6401700607138617,-0.4783290172710491
-0.7176323895840508,0.017086000264993375,-0.6489320944520236,-0.47839465176702084
-0.9293543021376013,0.0168474360774453,-0.6582808793000242,-0.478518303988126
-0.6404369041199218,0.016721870516152378,-0.6633086563424232,-0.4785626895693025
-0.5195638125039393,0.016747464763685597,-0.6622777182693038,-0.4785739258320963
-0.6538407280080257,0.016631262309865006,-0.6669838616512237,-0.4786219441340623
-0.6996812060399591,0.01646516475595863,-0.673826066687543,-0.47868249172702476
-0.6640864020000257,0.01644626436205881,-0.6746134054790645,-0.47873325950092205
-1.2473651720448862,0.015987247029863774,-0.6943064232889088,-0.4789436706458835
-1.1020000060799247,0.0156477836928914,-0.7096134379498991,-0.4791141841476443
-0.672654018055991,0.015505141115345459,-0.7162454416891793,-0.479167136222585
-1.1444005271999556,0.015233513807762934,-0.7292178842616127,-0.47934909283937316
-1.5366973991199577,0.014991345713126412,-0.7411797894674372,-0.47963822281101126
1.6052499908495421,0.058294080028475775,-0.7008649774828808,-0.47906826977283173
-0.34436814662400206,0.058965625739932144,-0.6923888842233616,-0.479031456402198
-1.2850500878879534,0.057557382391625736,-0.7103909056009609,-0.4792516800720029
-1.0677114704159216,0.05700171833843003,-0.7177388664012804,-0.4794124175181498
-1.2203357687807952,0.05574028330799341,-0.7349635510136973,-0.479614745030783
-0.34365417139203713,0.04856573227764834,-0.7470871423122594,-0.4795776277570623
-1.1872676025599664,0.04828085120922736,-0.7517203433394615,-0.47977077458424655
-0.6248417844023798,0.04788510155956155,-0.7582481550969503,-0.4798103573972938
-1.1744530540679676,0.03915854663571017,-0.7877670990037828,-0.479999839856833
-1.2498404915518937,0.03844007220608911,-0.8030911372991418,-0.48020977731298103
-1.5036000171839505,0.03767625835156278,-0.8200231366188064,-0.4804887822856831
-1.648379547115163,0.03657368950466969,-0.8457118201921503,-0.4808070953859364
-1.1723590073520544,0.03603511685179575,-0.8588314705441685,-0.4809955291494149
-2.0377284091999996,0.03557350797391513,-0.8703924384601778,-0.4814195914975627
-0.870110182656006,0.035654705877046534,-0.8683371445580974,-0.48152544405506775
-1.007874031679958,0.03564194082289733,-0.8686596352100032,-0.4816687461480775
-0.9625495699679566,0.03581220239342945,-0.8643771395468041,-0.4817996336885837
-0.611465714496001,0.035475734793278924,-0.8728797736928537,-0.48183491697587827
-0.7434023327999004,0.035277364694928676,-0.8779686435695889,-0.48190607242087935
-0.6821014389383911,0.03495770998976035,-0.8862903935424395,-0.48196051772044896
-0.6409421797839617,0.034984783386808195,-0.8855796821781179,-0.4820037427509176
0.3840182001040662,0.04400921299297069,-0.8642381601968385,-0.48176834673491997
-0.6851178809375948,0.04345229717380035,-0.8758247743501206,-0.48182360476051855
-0.7337476074240206,0.042889011991934234,-0.8878499901162029,-0.48189204377238043
-0.5202819431920045,0.04260169401999813,-0.8941062274494834,-0.48190247014376003
-0.7861870413600247,0.04273244516421427,-0.8912487407397258,-0.4819850888163683
-0.7319191045919522,0.042532859242111386,-0.895617628784845,-0.4820529319259708
-0.8842856396879117,0.04251242949383557,-0.8960671455003768,-0.48216208598506494
-1.2141491237831907,0.04252057004551868,-0.8958879767895214,-0.4823606717251078
-0.3227824927966717,0.04304637410060093,-0.8844588878824147,-0.48231739041810257
-0.3694840763120043,0.04353997519958313,-0.8739809770366546,-0.48228679570169636
-0.7431239049600046,0.04363058239250073,-0.8720833676400459,-0.4823575024268951
-0.6629372375998037,0.04470651836191201,-0.8501377453123148,-0.482406440024503
-0.6255365578727756,0.04558726454588672,-0.8329444262964426,-0.4824452181653451
-1.96488629889457,0.04562224664897195,-0.8322752369047347,-0.48284674608536926
-0.889832971387029,0.04531329926469262,-0.8382209712895317,-0.48295695085799356
-1.2156759878400067,0.04527893521167784,-0.8388873265407303,-0.4831553046850055
-1.0287891660964514,0.04492020613934141,-0.845904334390658,-0.4833029728477691
-0.5631226142719488,0.045077482705582456,-0.842814138884416,-0.48332456907109816
-0.7623507388559696,0.045248719998386644,-0.8394740676187834,-0.48340004274428855
-1.217989489170157,0.044661984307688474,-0.8510251193197881,-0.48359868780822196
-0.9566026907040326,0.04422801185113783,-0.8597658968837899,-0.48372656128832353
-0.5192078855039799,0.044360798511782915,-0.8570732400337091,-0.4837361508354089
-0.6128019223199125,0.04444691054181426,-0.8553356543593081,-0.4837710240511572
-0.6258525261599539,0.04448491279174237,-0.8545709768425067,-0.48380940371137027
-0.8981582917199505,0.04483503504177563,-0.847586839236008,-0.48392129917126997
-0.5667402905999586,0.045382526571868385,-0.8368816449264087,-0.4839436585102086
-1.2896163087359866,0.04475262532185947,-0.8492208907400085,-0.48416111401634243
-0.34910356679996396,0.04556791827875373,-0.8333149515320087,-0.4841246710732187
-1.903733847247199,0.045187993081453895,-0.8406556804945536,-0.48450762472203823
-1.0142733116279703,0.008526854613643027,-0.8930461465441037,-0.484650495727137
-1.1647989702639865,0.008374299245352467,-0.9094547630169035,-0.4848338735849253
-0.670337114022298,0.008488082576274232,-0.8971605035395904,-0.4848838744583585
-0.8913690590399989,0.008521296504325569,-0.893633655312072,-0.4849934096738211
-1.395684870359978,0.008488268940108979,-0.8971406373436557,-0.48523874681301454
0.11705254257200487,0.011160352013241961,-0.8879265030643748,-0.4850765353157388
1.7662508070313048,0.05187176606967565,-0.8288561348725493,-0.4844703620948591
-0.733658510515267,0.051742951563555274,-0.8310324693948071,-0.48453743831246887
-0.5167643752703386,0.052531407608076695,-0.8178786958188544,-0.4845461107928128
-0.6975960655679766,0.05321225364831692,-0.8068338072991762,-0.4846034285099974
-1.3082319409599152,0.05345736287935627,-0.8029264457746954,-0.48482495312335133
-0.5920440386399022,0.054822754218376145,-0.7817997356051903,-0.48485378320819045
-0.6702397217470539,0.05549653796107623,-0.7717573498930902,-0.48490361813790517
-0.5153411289600073,0.05764454724848898,-0.7413096042882904,-0.484911798065565
-0.6559352660447206,0.05796015178512485,-0.7370261059560648,-0.48495774741214726
-1.0947458870400038,0.057831723220532844,-0.7387635430632656,-0.48512153686678805
-1.6842929355359082,0.05678633014073444,-0.7531984103746245,-0.485443548520566
-1.4840602599052284,0.055571829151340915,-0.7706503012828092,-0.4857116335437565
-0.9295990306079605,0.05531937019781269,-0.7743742352389704,-0.4858307659637952
-0.5670364802159834,0.055475112068017335,-0.7720729360645222,-0.4858525544570209
-0.6104245793600237,0.05551656526631392,-0.7714625840560434,-0.48588596969975245
-0.366680593907133,0.045703335516634525,-0.7864765599362674,-0.4858540025836911
-0.6390718193433622,0.04575446290036843,-0.7855556387043829,-0.48589507974636126
-0.6843483478559602,0.04580944085938047,-0.7845676535130217,-0.4859482701157286
-0.9581470051199857,0.04532668344963876,-0.7933249547515813,-0.48607479710795914
-0.3066203780991734,0.0458559548054361,-0.7837336214863642,-0.4860267246678282
-0.8935150672000287,0.045676234865316655,-0.7869655407385256,-0.4861358538436536
-0.4473057367200028,0.04616550541687968,-0.7782259426791676,-0.48612545756062187
-0.6469384350192364,0.04681644419909296,-0.7668817289038885,-0.48616850171947057
-0.3582292406879754,0.046775227761375444,-0.7675906638617146,-0.48613426589901787
-0.6771290299695265,0.04642053237087916,-0.7737435629348649,-0.4861853613415194
-1.3185606020255984,0.045771328780429166,-0.7852522968761768,-0.48640798109029826
-0.7514330557919523,0.04567309599872828,-0.7870222132400199,-0.4864788434097372
-0.48903654038401484,0.04582479173694713,-0.7842922128902445,-0.48647952710312775
-0.5693675049599968,0.04743550962372984,-0.7563818370115531,-0.4865016778187496
-0.27498066805433524,0.04818167656568571,-0.7440847909448993,-0.4864451667287778
-0.221365282463967,0.049439316152986267,-0.7241985768373784,-0.4863743654776387
-0.544169935871952,0.05007638413955556,-0.7145061922328886,-0.48638979820671596
-0.7126984814399868,0.04987801078493435,-0.7174977095762494,-0.4864502116298962
-1.0325299626720104,0.049523643691903894,-0.7229012940525701,-0.48659594948712653
-0.8806399452000055,0.0499668999178279,-0.7161543031731671,-0.48670108395770095
-0.09139939719115281,0.05114084613255335,-0.6988502373029095,-0.486595642056723
-0.5155028150159779,0.051145991965831104,-0.6987761358931495,-0.48660335063617877
-0.48320791595999424,0.05132663408868779,-0.6961842557659511,-0.48660244542832054
-1.2492363511439069,0.05046919279654204,-0.7086519322656301,-0.48680570606417223
-0.427715556479918,0.05111358336436345,-0.6992430775608295,-0.4867899612867717
-0.49036789210877874,0.051219750460312505,-0.697715629591006,-0.4867909143850194
-0.566444100983831,0.05224734824677848,-0.6832521854359628,-0.48681212695135734
-0.5754534477119809,0.051921309002524764,-0.687779183054203,-0.48683572687701243
-0.5504618254847438,0.05393349932760117,-0.660713742618954,-0.4868526622239935
-0.9467737079040062,0.05403795654709075,-0.6593637505444747,-0.48697504674918773
-2.005173771713204,0.05276561798644155,-0.676171246573459,-0.48737893042169744
-0.9898013702399937,0.052297522835982824,-0.6825605316978129,-0.48751255341101085
-0.6524348905841277,0.05264683310339803,-0.6777818483286956,-0.48755640407231715
-0.7432631188799524,0.05362485031516926,-0.664733413299095,-0.4876243750225584
-0.8413860671999729,0.04911523932953982,-0.6839021854945345,-0.48771838557057257
-1.1828044837799476,0.0,-0.7428832913107596,-0.48790305244044757
-0.5370088187519895,0.0,-0.7389502974754941,-0.48791609514066314
-0.3002638607487621,0.0,-0.7346202871850624,-0.48786626714427656
-0.3063610286927798,0.0,-0.7267955864475586,-0.4878180841768086
-0.16582163174397566,0.0,-0.7039473802632398,-0.48773262864272354
-0.3833094287519945,0.0,-0.6997726880654817,-0.4877049228321927
-0.47695106339194815,0.0,-0.6959069148983795,-0.4877020703495825
-0.3331692476028947,0.0,-0.6922634772712374,-0.4876610910807555
-0.6370494508799971,0.0,-0.6918857609679427,-0.48770069563001295
-0.9053897299198828,0.0,-0.6880986378255405,-0.4878114003833366
-1.6430707610639999,0.0,-0.6872741943361023,-0.48811751044181056
-0.20982094944000756,0.0,-0.6617894081267979,-0.4880437894984988
-0.43482262128002036,0.0,-0.6518938799402391,-0.48802969490945786
-0.5151452693760089,0.0,-0.6508560557234395,-0.48803687403957874
-0.7326891015839213,0.0,-0.6533013461679176,-0.4881016311141008
-1.0505880167999375,0.0,-0.6669794946257736,-0.4882504764133032
-0.5230863204095957,0.0,-0.6646597846470982,-0.4882596922450483
-0.03545317070148146,0.0,-0.6516818811040086,-0.488139933842101
-0.3351446496959726,0.0,-0.6392218339955283,-0.488099480303194
-0.6603300762447252,0.0,-0.6462960279584395,-0.4881450078199642
-0.4040206753439525,0.0,-0.636506140121318,-0.4881227762310435
-0.32714515447199644,0.0,-0.6341029284763579,-0.4880802458157835
-0.8266361973734284,0.0,-0.6376968837234416,-0.4881696689408648
-1.0200003450354962,0.0,-0.6509323058103921,-0.4883101048204778
-0.7002488258399135,0.0,-0.6513947017277998,-0.48836605485242596
-0.7432631188799524,0.0,-0.6398887520648868,-0.4884333277645472
-0.19192131851037847,0.0,-0.6286985173192554,-0.4883550924059049
-0.9050325742079767,0.0,-0.6370184379957347,-0.48846500469337584
-1.2597899663999026,0.0,-0.6508268872245327,-0.4886684131748385
-0.514718986751974,0.0,-0.6556216535984855,-0.48867528124063786
-0.6796809613438488,0.0,-0.664787967176083,-0.4887256253840494
-0.13365397271994678,0.0,-0.6565776479130431,-0.48863206236621964
-0.3191488479359401,0.0,-0.6487066552429621,-0.48858741452258675
-0.505440138960022,0.0,-0.6381648587687223,-0.48859185295409513
-0.3722110283639677,0.0,-0.6279962804320016,-0.48856121029359223
1.5525656762098077,0.04958940575034366,-0.5951169789639824,-0.488023930249764
-1.1063758695838983,0.04867085722522332,-0.6069344400553408,-0.4881866544443256
-0.40761747740155657,0.04878646451669784,-0.605422631284172,-0.4881654576074293
2.62273783235046,0.13656180312323873,-0.5279831476142847,-0.48734722949328996
-0.5001766697799717,0.13623891848615377,-0.5294323698802857,-0.48735060299849287
-1.020163086108022,0.13392377017228474,-0.5400282737602706,-0.48749066937155006
-0.9872475148799773,0.13214022581179255,-0.5484443420381936,-0.4876220115122882
-0.4562034817103632,0.1326408161273622,-0.5460593427181611,-0.48761375651234024
-0.6774944197599133,0.1321076870239281,-0.5485999946036646,-0.48766363322976797
-0.6468218747920476,0.13337347517553083,-0.5426009579414255,-0.4877054289864808
-0.016630365175189427,0.14242012666213075,-0.5028300898106651,-0.4875817547770265
-0.40382432954876984,0.14532484335748752,-0.49111054899684065,-0.4875597712008511
-0.07516032940797851,0.14830465642243484,-0.4795650577733177,-0.48745155827988734
-1.1105183016639995,0.1463949753620151,-0.48691016142899857,-0.4876150070583197
-2.630472633575866,0.13775379542336394,-0.5226918927565165,-0.48817699437185696
-1.6710103387008282,0.1355701477072446,-0.532456009854934,-0.488487123722756
-0.8849733349256075,0.13405555523699234,-0.5394153001784064,-0.48859105195636093
-2.336726059200062,0.12582836264973557,-0.5801445441474324,-0.48907536406517743
-0.37138381183675795,0.12558227806675523,-0.5814449998103121,-0.4890445305435038
-0.6789680837759836,0.12367348765300856,-0.5917079288509521,-0.4890942747952671
-0.4959753275520198,0.1232621383732854,-0.5939612468269526,-0.48909607658965226
-1.2771052977599622,0.12041764142815496,-0.609964331514313,-0.4893023617260842
-1.5016331043839015,0.11649197531661927,-0.633333608649933,-0.48956730041822183
-0.6721430383039806,0.11637802731411766,-0.6340354803984127,-0.4896150701036969
-1.0906367049599581,0.11578021012352122,-0.6377404198992143,-0.4897722821452497
-0.3964453724400116,0.11992588443452316,-0.6128079121267345,-0.489747876572628
-0.6534472703760217,0.11841699910449875,-0.6216804385454548,-0.4897906737997662
-0.3164168885760129,0.11881599980402596,-0.6193123238913746,-0.48974535916693196
-1.4175271613892975,0.11584131652143076,-0.6373599617316404,-0.4899877897397625
0.2887340185599978,0.12642197945262573,-0.616931499328762,-0.48978436189015434
-0.0985040407439452,0.1299251661736988,-0.5978898198076421,-0.48968217324530033
-1.1379163139999346,0.12764108787848838,-0.610186419679449,-0.48985142497917883
-1.0258910891998834,0.12412587018892261,-0.629995178049417,-0.48999134658299526
0.06470347287045153,0.12710952488374078,-0.6219982155980884,-0.4898465932376264
-0.512246940592009,0.12764003433540275,-0.6190365528850342,-0.48985243731468203
-1.6425084695711571,0.12333489580756408,-0.6438063087695782,-0.49015307790734153
-2.7635849585024417,0.11566041640598954,-0.6925351048501872,-0.49074588934947844
-1.4355353268359416,0.1138893464273288,-0.7047130874394375,-0.4909921848232758
-2.0726989115998977,0.11095206843513344,-0.7257670587707256,-0.49140440966736665
-0.6666117171839416,0.11104357874523604,-0.725094316597606,-0.49145006034676125
-3.6039225962855848,0.10376521243106607,-0.7823075061457188,-0.4922608112026974
-0.5766426372719404,0.102858518284218,-0.7900019325209499,-0.4922827856365696
-1.5627260278614359,0.10134465331207725,-0.8031558015940192,-0.492561474322387
-3.3192710724111523,0.0968797291627758,-0.8443454237142441,-0.4932972134161114
-0.8999752511808075,0.09608782341138236,-0.8520505490028207,-0.4934030364808432
-0.7009594759999332,0.0960444618903121,-0.8524761192959425,-0.4934570313922686
-0.5954844343679924,0.09511288910555667,-0.8617127285289033,-0.49348356647756786
-0.730173458044769,0.09429886701509739,-0.8699332207310799,-0.4935451083110487
-1.29110162764804,0.09278103513662632,-0.8856464505048404,-0.49375242739587766
-0.6293945813791857,0.0922947378325711,-0.8907901215651447,-0.4937876774358941
-1.0041065397599787,0.059437496117829045,-0.9419235658845403,-0.4939202622273527
-0.7189800197016455,0.05990093294776253,-0.9341756488868953,-0.49397871930721615
0.005520609920047048,0.06050845918447886,-0.9259128871404633,-0.49384901291167543
-2.557065272639964,0.006925093428759285,-1.0295089492402718,-0.4943846349936402
-0.5928055259135864,0.006912740258775761,-1.0313615263629439,-0.49441017895702455
-0.9129125621280024,0.006927047439531017,-1.0292165158833437,-0.4945187680548894
-0.8895196327198303,0.006940135969416863,-1.0272619582401408,-0.4946212326112227
-0.7673165978831467,0.006898639989751794,-1.0334842205635963,-0.49469195236362723
-1.3853616446951738,0.006806049447682184,-1.0476415650623017,-0.4949228752810065
-2.2957006925551737,0.006599717984737346,-1.080619141417564,-0.49538963987853735
-0.609386080319954,0.006528567920714263,-1.0924742557204594,-0.4954191802880842
-1.9351114031760086,0.006351671592320735,-1.123099997193004,-0.49579215754789974
-0.9731341036799612,0.006252325788403319,-1.1410594726784438,-0.4959157892355796
-0.7605967079039515,0.006290666950923873,-1.134061040803243,-0.4959843239115683
-2.857930741156516,0.006265690925769372,-1.138610202954856,-0.49659575192535166
-1.8947438801279615,0.006241316605149628,-1.1430848737833985,-0.4969575915030438
-0.46817253806395925,0.006286877896040468,-1.1347488578461655,-0.49695014388249037
-0.17923650427663934,0.00653376799703768,-1.0915990667476971,-0.4968679623926803
-0.8428462016758915,0.0064781750518598,-1.1010283145444797,-0.4969574318106485
-0.7434023327999004,0.006470650621240261,-1.1023169995249582,-0.49702114559063537
-0.7017659351999487,0.006446735664241508,-1.1064328116779167,-0.4970740648952643
-1.015976825054284,0.006477111743830224,-1.101210242223803,-0.4972081482958222
-0.3141108606944011,0.006618941690176219,-1.077459797350013,-0.49716084855735637
-0.47744831974394264,0.006642789552752899,-1.0735659029788125,-0.4971557575116917
-0.8170401522399697,0.0066765938814335336,-1.0680939719244125,-0.497238350952107
-0.777164703360012,0.006629647023018794,-1.0757083585428127,-0.49731060865794274
-1.522872602956736,0.006524873622067092,-1.0930968651944268,-0.4975752698177618
-0.5757385962239212,0.006494261250702487,-1.098283299347385,-0.4975954357946468
-0.37933750943999234,0.006618577340034125,-1.0775195063083989,-0.497564933363294
-0.7006867016639695,0.001278297808218131,-1.0973079207128784,-0.4976173113334592
-1.2012024015935376,0.0012531440038918852,-1.1193618879298701,-0.497798694445153
-1.3944532021560105,0.0012474333992358903,-1.1244926256929917,-0.4980297909677589
-0.29094298062717433,0.0012639344854070253,-1.1097936635215375,-0.4979764318308507
-0.4195537936127656,9.861849000067251e-05,-1.1194788088512018,-0.49795623022389085
-0.09324582602393394,9.93622069762605e-05,-1.1110987865598403,-0.49785200400596663
-0.7640130376971653,0.00010095851474826683,-1.0935288779223604,-0.4979205315635596
-0.6990357755520107,0.00010491982333508306,-1.052237894263352,-0.49797229867912934
-0.8633663833920011,0.00010607327861947268,-1.040794515394473,-0.498066327007671
-0.3808369044479153,0.00010963731611778178,-1.0069572752514333,-0.498036167650182
-0.4876848907199162,0.00011002829308085094,-1.0033787387221529,-0.4980335052847164
-0.031545383327916676,0.00011846273558155906,-0.9319311944629994,-0.49791355462337494
-0.7046987200799055,0.00011813810837006784,-0.934492316119159,-0.49796671276359517
-0.36526859876159373,0.0001212450056288173,-0.910543167537162,-0.49793260890494645
-0.6563153119199437,0.00012877643018375983,-0.8572840523273377,-0.4979733033301816
-0.5690890771199155,0.00012977811107692602,-0.85066632884612,-0.49799157093197705
-0.7800435663966604,0.0001295372878834723,-0.8522480106540545,-0.49806400339100754
-0.31684933895753853,0.00013038977355194522,-0.8466753087458454,-0.4980174784450683
-0.5635338180959848,0.00013090499151355642,-0.8433425159468697,-0.49803429475401356
-0.9554107315199182,0.00013195534552168047,-0.8366286980243074,-0.49815166104520314
-1.9571001730359803,0.0001278965194908002,-0.8631828098574432,-0.49852594234638087
-1.68395642188788,0.00012591336511760408,-0.8767798075000013,-0.49882997683715835
-0.9352000183679957,0.0001252954682504834,-0.8811042074733283,-0.49894186659139705
-0.49279324695039645,0.0,-0.8910704846107371,-0.49894029042640325
-0.9291229261600045,0.0,-0.8585116376811379,-0.4990505371295641
-0.4454050169279959,0.0,-0.8555636275014261,-0.4990367924408114
-0.6857921287437954,0.0,-0.8510212188337419,-0.499084629360971
-0.48081286039675153,0.0,-0.8428470833872805,-0.4990799502908137
-0.4355848063583558,0.0,-0.8362124475567846,-0.49906369449359594
-0.08372406329983967,0.0,-0.810179695928878,-0.4989573879588651
-0.5843649341039626,0.0,-0.7759529807598536,-0.4989792424998438
-0.11028047767189264,0.0,-0.7659708687068926,-0.49887980561961154
-1.2491337505041,0.0,-0.7522513156534544,-0.49907168642392985
-1.0318090007518355,0.0,-0.7534248135948917,-0.49920790153881806
-4.384071591525484,0.0,-0.8258943112673224,-0.5002009648542544
-2.2978217903040328,0.0,-0.8146921322502727,-0.5006603619473925
-0.742845477119985,0.0,-0.7916541641901133,-0.5007222385736502
-0.31510618055994755,0.0,-0.7885928370400329,-0.500674827064579
-0.39120095545724987,0.0,-0.7928321260636452,-0.5006468715304607
-0.761846942880005,0.0,-0.7912121408877275,-0.5007135552351708
-0.7303313458319256,0.0,-0.790950721148368,-0.5007721611031128
-1.2618061679999548,0.0,-0.8021515258043682,-0.5009663519698893
-0.5491808289359725,0.0,-0.7928156058820018,-0.5009786515813602
-0.16829004422860544,0.0,-0.7898991895526859,-0.5008938036835401
-0.556876273478311,0.0,-0.7914877486273734,-0.5009080776432022
-1.8074128976638093,0.0,-0.8112952035358503,-0.5012411148137402
-0.678980323243127,0.0,-0.8093315159335124,-0.5012864102287323
-1.2355209404159826,0.0,-0.8035844826826972,-0.5014734763510731
-0.12424311955998851,0.0,-0.7945545731494187,-0.5013773911863275
-0.742845477119985,0.0,-0.8018247325030186,-0.5014388803856995
-2.968690148351889,0.0,-0.847184801436777,-0.5020669993439394
-0.11691439248318233,0.0,-0.8254990412545699,-0.5019689711925367
-1.7314513389599018,0.0,-0.8322390039906477,-0.502281816578737
-1.2423429685919318,0.0,-0.8512670037499429,-0.5024700794004143
-0.4296185196959641,0.0,-0.8514682982716069,-0.5024515515368069
-0.3543954633408021,0.0,-0.8566912910179441,-0.5024139069682343
-2.0792241706048333,0.0,-0.8829955136760975,-0.5028147229986453
-0.9772600945966698,0.0,-0.8885600000569908,-0.502935293614045
-0.5161240003439912,0.0,-0.8816151523960306,-0.5029386444033564
-1.3583780913600731,0.0,-0.9011659761342736,-0.5031559264574476
-1.5352356351000171,0.0,-0.9221169910218756,-0.503418008658728
-1.399090989600054,0.0,-0.9494679031473184,-0.5036453945386319
0.5717139795069162,0.012224287248919797,-0.923939649155582,-0.5033724606873513
-1.1732556144719504,0.012016684182531217,-0.9400993894697891,-0.5035424386507578
-1.5859961187839384,0.011786370473864124,-0.958693005607069,-0.5038170336989904
-1.1505539068798423,0.011646756234893387,-0.9703223022022676,-0.5039810552240173
-2.2260893147998586,0.011313479944679369,-0.9992432171703315,-0.5044176952492646
-0.9823105998000018,0.011166433455366219,-1.0125524423871808,-0.5045388341350824
-0.7203178865999819,0.011132343674788835,-1.0156881237572608,-0.5045935171184743
-3.652244387366205,0.010576923906448195,-1.0696247968741865,-0.5053909964370068
-1.0445938459703348,0.010758546576942736,-1.0513746703328735,-0.5055275726400295
0.020993625292828832,0.011518616843584248,-1.0172756693892595,-0.5053942423797274
-1.3609161652318844,0.011424101566719634,-1.0257899923265372,-0.5056108302082976
-1.0397390039999843,0.011304924286044857,-1.036728907467529,-0.5057460183059417
-1.6552394514431195,0.011150495714468574,-1.051251237973191,-0.5060368820289014
-0.6705370548576025,0.011103468458179068,-1.0557538787317833,-0.5060784960367003
-0.9590826544398658,0.011046911814729603,-1.0612196892457049,-0.506193064614951
-2.3347301594399466,0.010677952294616867,-1.0982980352265685,-0.5066554001635792
-0.3601194183999718,0.01069248927180526,-1.096788727467401,-0.5066183587121729
-0.9909175286399361,0.010520315497036841,-1.1149325967742028,-0.5067407492024251
-0.08113332844794552,0.010615131479995175,-1.1048679646610826,-0.5066332182724719
-0.6563046481392257,0.010512330852209198,-1.1157884480704292,-0.5066710236349036
-1.2466029429599588,0.010512802737192496,-1.1157378319195466,-0.5068578751296826
-0.4468640486400779,0.01062301779231697,-1.1040389328773113,-0.506842728998279
-0.2818388505599835,0.011466044489934733,-1.0219942780580014,-0.5067859385191174
-0.7376606751359174,0.011822878125959026,-0.990791055754639,-0.506844196085763
-0.6843179322455781,0.011836697028419663,-0.9896205048571508,-0.5068889674621909
-0.24988402972799095,0.011852134697492035,-0.9883160618405117,-0.5068241490667976
-0.19975216257596998,0.011897682885084396,-0.9844870859828861,-0.5067467229481665
-0.5618004568799777,0.01194565210759114,-0.9804861562628855,-0.5067606008745421
-0.35169972648795644,0.012037511369668411,-0.9729135238760062,-0.5067215230332148
-0.3428262505103763,0.01226645109815712,-0.9545339255262145,-0.506680229187782
-0.45320730720000146,0.012290863598518853,-0.9526144550914952,-0.506666759937911
-0.7978182174719695,0.012132481278570046,-0.9652050185563625,-0.5067400793681639
-0.8704515609599903,0.01205510250058431,-0.971476524305996,-0.5068316482205284
-0.43712717685843067,0.012400714038650618,-0.9440708098898883,-0.5068141036770192
-0.06797804584317368,0.012561291023829434,-0.9318507643418894,-0.5067036768884349
-0.3740034881391989,0.012794902864262695,-0.9146204152963537,-0.5066702931931522
-1.669632470865614,0.01238183682964934,-0.9455282023224661,-0.5069627887106753
-0.5250209435951793,0.012438436926964475,-0.9411717116519701,-0.5069673293581193
-0.6116599579679765,0.013085710321389148,-0.8940311078442919,-0.5069936472637527
-0.4749020001279558,0.012983097151824873,-0.9011908599971874,-0.5069855820093834
-0.5900162083200096,0.013316035630614453,-0.8783621573843895,-0.507006443975793
-0.740660396880034,0.013467831918330536,-0.8683285059501514,-0.5070651362523326
-0.61006093798394,0.01341283776772355,-0.8719373543159111,-0.5070910015968157
-0.9915578658720312,0.01322218914212804,-0.8846806023665356,-0.5072126352559359
-0.6197858987792231,0.013667155029224796,-0.8554918369300235,-0.5072408915971816
-0.20797165559997377,0.01391397369770491,-0.8401060681500894,-0.5071657926671949
-0.555833901470329,0.013901015159866265,-0.8409002661726162,-0.5071780024285604
-0.33211810517751444,0.01424385473598281,-0.820375066448965,-0.5071340947543063
-0.5887256227775977,0.014575392111987006,-0.8014448662025166,-0.5071545540140915
-3.023335778567974,0.014015579982883794,-0.8339297619818751,-0.5077853339650953
-1.7121137561455906,0.00047711364844482023,-0.8796063166949252,-0.5080871706623836
-0.21956669531997772,0.00048768375647822044,-0.8605325383118858,-0.5080148778847985
-0.33191206857596867,0.0005023175126017599,-0.8354508573077264,-0.5079707639546108
-0.6742346419199846,0.0005081084037712164,-0.8259244720085291,-0.5080124027920677
-1.239930934847945,0.0005205324604323412,-0.806201304409491,-0.5081956573068539
-0.08966634346793652,0.0005323141285312358,-0.7883484192828497,-0.508090894024291
1.7030496574368708,0.04452810002417934,-0.7398810684021125,-0.5075375555479493
-0.4798265058528173,0.04850219041802456,-0.6764327107718447,-0.507530622585804
-0.2137800135839738,0.04966296954573182,-0.6598164341241177,-0.5074571481963588
-0.3438186678400017,0.048577113565064854,-0.6671126799867741,-0.5074162283463072
-0.4087147646735607,0.04993331310579304,-0.6480686519756078,-0.507391552980389
-1.5087421092959301,0.04925598699859687,-0.6574487140815267,-0.5076418280507002
-1.0336993812791773,0.0501576368467193,-0.6450179126782478,-0.5077732767146754
-0.6609612326903009,0.05017178648680062,-0.6448263962349019,-0.5078115450024535
-2.1286343154911234,0.04850069723402489,-0.668217429455927,-0.5082163458941839
-1.0213077845664054,0.050385341049644185,-0.6419489819584561,-0.5083444586129535
-0.4420193997360193,0.05026355042544297,-0.6435869815851771,-0.5083279021828794
-0.6308747740943965,0.05080339992641634,-0.6363861264942663,-0.5083584853802618
-0.3726336398399679,0.050365437253074276,-0.6422161327221068,-0.5083246218958456
-0.023446741315204023,0.05132605226606365,-0.6295589745856263,-0.5082036745572124
-0.3323425689023118,0.05278034788544919,-0.6112737671044733,-0.5081598189198919
-0.5022976306080003,0.05268982786168663,-0.6123824387438318,-0.5081583573920156
-1.4103244471679444,0.050912292924488324,-0.6349521506759911,-0.5083832243136945
-0.09096733409918625,0.051915971655556614,-0.6220182838552565,-0.5082792083928837
-1.7469383327014456,0.05028702170942747,-0.6432706918643737,-0.50858779312739
-0.24394169684635675,0.05029584677019711,-0.6431518452067411,-0.5085218787821145
-0.5726954497535965,0.04974791998094729,-0.6506107109502937,-0.508537858256958
-0.2991349442878971,0.050132574356528535,-0.6453574006984519,-0.5084857290774785
-0.6071058604295203,0.04975847147835459,-0.6504655233772833,-0.5085102736596965
-0.20654527121603,0.049957389762319684,-0.6477399037913963,-0.508435139297307
-0.6531656335199465,0.0496660688197787,-0.6517390703177952,-0.5084711419078101
-1.0045732067423725,0.04936839715226908,-0.6558741701032034,-0.5085945196906587
-0.14853635495999407,0.05042361439327505,-0.6414358659832033,-0.508504997521407
-1.3524465751342842,0.04909315903497479,-0.6597422539487205,-0.508714776685616
-0.5064951884544083,0.048480320974172715,-0.6685125968009451,-0.5087142250980834
-0.283741956399976,0.048605209832871074,-0.6667073661661607,-0.5086583313667299
-0.4588597103399431,0.05034490716409988,-0.6424919109556473,-0.5086459621116313
-0.8377508249567382,0.04988374184870251,-0.6487465085828785,-0.5087276866864624
-0.15450877679996777,0.050560767645617094,-0.6396034849595182,-0.5086397475330646
-0.43118234160077584,0.050626479062768646,-0.6387290917889747,-0.5086205225626172
-0.7909126871038454,0.05032593057165048,-0.6427470213646513,-0.5086905702461263
-1.021060511883089,0.04991235889770824,-0.6483550236647124,-0.508817677649162
-0.5249087433479895,0.050037232289833,-0.6466519797719934,-0.5088216684888691
-1.356004738915207,0.049507120016346724,-0.653940917232857,-0.5090317312387889
-0.9671542283808101,0.04901220028182007,-0.6608882838248887,-0.5091452965578622
-5.6132987996447214,0.042414228633456376,-0.7689948267057837,-0.510410266447103
-0.46470489784314867,0.0425107090639496,-0.76717224663324,-0.5103989420247531
-0.6696386382575555,0.04215554749163319,-0.7739226572948408,-0.5104383870820316
-0.6332415214103425,0.04210914738105429,-0.7748129752674958,-0.5104687989528409
-1.0526559966719795,0.04426607835014606,-0.7353993796295759,-0.5106030369319742
-3.5598895133119584,0.04223750258259683,-0.7723548947729033,-0.5113578108122663
-1.3970091953399657,0.041039084665229236,-0.7959037447733031,-0.5115769772028943
-0.5087026411776027,0.0408649918399165,-0.7994395562253358,-0.5115762660856193
-0.7087158959999533,0.040831208748008774,-0.8001291813069351,-0.5116250268152542
-0.6160640618879356,0.04145121216949376,-0.7876518438477348,-0.5116508524915829
-0.018812232119828076,0.04152282021538439,-0.7862347616207727,-0.5115290135248655
-0.7278754202639328,0.0,-0.8348532631747888,-0.5115824852022602
-0.5990947162111316,0.0,-0.8372386273819551,-0.5116041091782941
-0.2911068273151855,0.0,-0.8387851636565793,-0.5115496385058971
-1.1678076894527771,0.0,-0.8552649440888348,-0.5117117175503394
-0.6602508422399398,0.0,-0.8602956656401624,-0.5117483938774232
-0.7122160036992156,0.0,-0.844365143528228,-0.5117978798339331
-0.9278561651038829,0.0,-0.8422482792047222,-0.5119005595686987
-2.2179624979319392,0.0,-0.873388304509555,-0.512321497624056
-0.08333781668954379,0.0,-0.8324823745335234,-0.512215680238527
-0.04222070269907824,0.0,-0.8129006328961768,-0.512099775188579
-0.6567309484288174,0.0,-0.8171948638700328,-0.512135433761863
-2.501375966399998,0.0,-0.854604887716145,-0.5126257567918453
-3.8738994963358726,0.0,-0.9246302048460631,-0.513454064761176
-0.8237165111999982,0.0,-0.9406356002437589,-0.5135305029100893
-0.7844628899999354,0.0,-0.9496780066657113,-0.513597235025136
-0.5109579345840002,0.0,-0.9498512127452314,-0.5135965851112131
-0.9892094371775775,0.0,-0.941428912545424,-0.5137136734549025
-0.4644293502912165,0.0,-0.9488981528692645,-0.5137015434221277
-0.7760083588222695,0.0,-0.9294795533916811,-0.5137660874219802
-0.7287582285360015,0.0,-0.9391758840254739,-0.5138189760175802
-1.342901515821597,0.0,-0.954580005346834,-0.5140228822005127
-0.23509854734382496,0.0,-0.9532992774079525,-0.513954299870821
-0.516351918028779,0.0,-0.9514841985599378,-0.5139548892558155
-0.1500947295119047,0.0,-0.950355187725855,-0.5138654667540353
-0.5276402699999541,0.0,-0.9478446804554553,-0.5138688512265772
0.36861222240005287,0.007946342107267237,-0.9203809718726067,-0.5136520786710316
-0.13991632327917125,0.007947819018379518,-0.9202085712389904,-0.5135602968057584
-6.099148882752013,0.007209914225343904,-1.015142617391345,-0.5149316664561259
-0.43330280166713564,0.0072202508456184105,-1.0136787696555993,-0.5149116299159224
-0.49951813507197107,0.007189862529259847,-1.0179942932290393,-0.5149078523711754
-4.449204930979088,0.006670667396839125,-1.0978011976418223,-0.5158730871794697
-0.36519106348798647,0.006728205500184565,-1.0883500024124473,-0.51583612813515
-0.556581814876753,0.0066791872183261675,-1.0963914631739828,-0.5158461197209131
-1.200619557107192,0.006587346018206514,-1.1117802074841112,-0.5160139974942365
-1.129216288415983,0.006547760154156357,-1.118546279510354,-0.516164292173384
-0.91864507926392,0.00655969376854958,-1.1164979708579705,-0.5162629152527985
-1.9390654732607864,0.006398665983667776,-1.1447811054562267,-0.5166114705095373
-1.0706297840640067,0.006430521286993465,-1.1390736063592026,-0.5167471595405327
-0.7296410368080014,0.0064572768188843515,-1.1343233425277466,-0.5167992883057795
-0.14183004512159425,0.007141805440417079,-1.024893967437284,-0.5167074965693819
-0.8578838442959934,0.007087812033755092,-1.0327575463663408,-0.5167909954307932
-1.4229077301071795,0.006986616920808309,-1.0478229282033333,-0.5170127024860113
-0.8195951166720126,0.0069620262355412545,-1.0515500001085667,-0.5170867197106165
-0.4313216430240092,0.007044697318857498,-1.0391233130356072,-0.5170657451259535
-0.832987102464045,0.007432016370793268,-0.9845852648186489,-0.5171429875116108
-0.5937685457600131,0.007554359691532339,-0.9685204518270499,-0.5171617177873987
-1.6032003038478642,0.0073886276249493,-0.9904104050804551,-0.5174271231114604
-0.13055706991199595,0.007475257434864091,-0.978847228558696,-0.5173326031864178
-0.5860083812736412,0.007479816480418192,-0.9782461149464102,-0.5173493779245925
-0.30713192726401645,0.007436310094018845,-0.9840125088492939,-0.517298042771806
-0.8521976636159534,0.007417706098755531,-0.9864989537163343,-0.5173798053745512
-0.6909653985279756,0.007404017963242085,-0.988336367362671,-0.5174221743257724
-2.377782403919946,0.007106174197213788,-1.0300698788947664,-0.5178761421709638
-0.3280208561279121,0.007223113258656345,-1.013274142228269,-0.5178298247066937
-0.8342009484479942,0.00719857600311642,-1.01675314435243,-0.517906988395411
-0.6460312304159658,0.007207892298226866,-1.0154294488867652,-0.5179382305904905
-0.6787339459439674,0.007243176483049457,-1.010447004503567,-0.5179774299360179
-0.07553588114395995,0.007561503460935355,-0.9675984721678073,-0.5178695962658273
-0.488661153119918,0.007499151208983181,-0.9757049388964149,-0.5178624791987839
-0.36586343151353723,0.007450097686310042,-0.9821777934727041,-0.5178254514161565
-0.6007463642880072,0.007458537140286013,-0.9810581017898877,-0.5178456464753071
-1.5499062581815857,0.007604948635785884,-0.9620287076255194,-0.5180969395387856
-1.9305918753279703,0.007922588656273063,-0.9231625552053615,-0.5184407795913145
-0.39190457087991426,0.007996806548030703,-0.9145263163989596,-0.518409984699927
-0.45988716708480243,0.008053515075162523,-0.908034801940657,-0.5183957455715535
-0.23498087659195044,0.008102369145235263,-0.9025152607808161,-0.5183268049563797
0.7418419792606107,0.024951130528206397,-0.8678942324520523,-0.5180203436761713
-0.015936612192012145,0.025205130661792977,-0.8589243776900684,-0.5178982712882588
-0.1983787342847756,0.02553998692820186,-0.8473717851993183,-0.5178206048961821
-0.20985066211197778,0.02584847972477364,-0.8369936338708379,-0.5177457640838409
-0.04985747308798655,0.026650628884599358,-0.8111327530161657,-0.5176320886001199
-0.28863182879999966,0.02661643247425115,-0.8122034186452892,-0.5175764655105399
-0.6350875307711865,0.026540897897181902,-0.8145781309001373,-0.5176050014661642
-1.9564789847518869,0.025442438927600657,-0.8507058160049371,-0.5179543275121185
-0.18361081200001123,0.025644577534917116,-0.8438252268449381,-0.517873176173402
-0.3453040264319979,0.016996394864146256,-0.8581035518215792,-0.5178313006214142
-0.870634428408002,0.016716534418353055,-0.8727179139241557,-0.517916890899868
-0.7235317059358899,0.01902055503075134,-0.7652055703878332,-0.5179667610951231
-0.5964359815583462,0.018941329611941865,-0.7684682339856576,-0.5179857885491636
-0.45407615507518284,0.01896333205735165,-0.7675593943857217,-0.517970295304685
-0.29502292582404366,0.02121631973357012,-0.6844757542826209,-0.5179162605568709
-0.15609235186158843,0.021343959201504097,-0.6802937800500929,-0.5178285881777348
-0.3670212457200131,0.021461006573778862,-0.6765025686669581,-0.5177920553912867
-1.0232119524960064,0.021571718820690984,-0.6729544165747343,-0.5179144627289239
-0.6723116741087212,0.021862182886649286,-0.663816324288589,-0.5179518470416068
-0.708098815274287,0.021998680889474192,-0.6596053990087966,-0.5179978763246454
-1.2932923983359168,0.022428176906692424,-0.6466899375102991,-0.518185508106352
-2.2827013687727575,0.02163535637121147,-0.670931369204474,-0.5186124415350154
-0.5664608872079503,0.021738812396542705,-0.667667766212473,-0.5186240159050379
-0.6463775010671514,0.021422083176665628,-0.6777587153313841,-0.5186549115483662
-0.6558132281183231,0.02154781834488395,-0.6737173030078308,-0.5186880736171693
-0.48418272808560014,0.022151822245100226,-0.6549428029673993,-0.5186797329486821
-0.34261609139997495,0.022471886269985537,-0.6454032224619585,-0.5186371849444412
-1.1978642769599022,0.021961927699673433,-0.6607340751406764,-0.5188012890981053
-0.6499557499679927,0.022081578236479337,-0.6570734480907552,-0.5188329689195714
-0.48401397014391206,0.022153953904887683,-0.6548783565784332,-0.5188245605643974
-0.4876169168159472,0.022917452460218857,-0.6325666888377949,-0.5188170261260227
-0.5827541202863706,0.02260171647562906,-0.6416106298452824,-0.5188324586855593
-0.8130658558967547,0.02244643729174641,-0.6461517793377446,-0.518903460953226
-0.6000013328399817,0.02224927408832058,-0.6520091674492641,-0.5189230261816669
0.00508689107764565,0.02298942781155475,-0.634863476355392,-0.5187966369107408
-0.45386358982076824,0.023158430222699214,-0.6301214401812478,-0.5187809790744519
-0.19328197994635415,0.024840908559623346,-0.586431431701776,-0.5187025077631867
-0.5063800629096153,0.02469442708035867,-0.5899986158374101,-0.5186995377837088
-0.4610444838383414,0.025002888506915528,-0.582535486545217,-0.5186856449996257
-0.7115075290799903,0.024948207763391933,-0.5838450125184975,-0.5187320969109916
-0.33750233884802083,0.025235833008937468,-0.5770203803765787,-0.518688448125331
-0.5659237134959674,0.024824532578053244,-0.5868281370236188,-0.5186998218949844
-0.9453467464895478,0.02445337531894844,-0.5959618488910113,-0.5188025293876649
1.1162539536824714,0.061737402720806,-0.5663195011870912,-0.5184090139886107
-0.475613548197543,0.061994452318764014,-0.5638168448652818,-0.5183987167158024
-1.455645494879982,0.06218950206404037,-0.5619316295992498,-0.5186241790150963
-0.3756680309504148,0.06559384928320044,-0.5308331527116987,-0.5185897980271057
-0.33340843411197196,0.06572921018671259,-0.5296632299763399,-0.5185452725729303
-1.61001754833598,0.06316628826706695,-0.5526658376013635,-0.5188076457161426
-0.1536591373199718,0.0633409190919135,-0.5510394028159238,-0.5187198907273428
-0.22588935396952187,0.03783068195444035,-0.5703940294805264,-0.5186495325974153
-0.47862196955757,0.037249235603750055,-0.5796477366278376,-0.5186399175210186
-0.46863567488156727,0.03691780511871953,-0.5850528754397736,-0.5186279088172147
-1.1279614224837389,0.03583463591191767,-0.6034150906472087,-0.5187742073799197
6.201185631209206,0.2343790639602093,-0.47839422856126484,-0.5171611589309065
-0.4716259418783296,0.23301423747586786,-0.4820541108228314,-0.5171502313530201
-0.6294424928399988,0.2330561022594479,-0.48194121006420765,-0.5171771728744902
-0.18830896800480018,0.24695367797251397,-0.446577809729266,-0.51709828868047
-0.9518193284158732,0.24071718046170085,-0.4619419800575832,-0.5172025383302866
-0.514460868321568,0.2393860075628092,-0.4653251168953746,-0.5172018810130945
-2.0656992470399786,0.23038515268024473,-0.48922641326801414,-0.5175730452906656
-0.6913632570119369,0.23061856185174348,-0.48858304428953503,-0.5176146916390293
-1.1141408781118873,0.22691869698184608,-0.4989371422206059,-0.5177576063938143
-0.03569411339992895,0.2298994104015624,-0.49056950138710076,-0.5176421420841152
-0.4694498842943672,0.22864725994537993,-0.49405804055650726,-0.5176306017924988
-0.027487676397549288,0.22956914191141128,-0.4914859470472265,-0.517513258501765
-0.2867434412479032,0.23014837847195355,-0.48988039095778424,-0.5174580239835138
-0.334063719304016,0.23524377222965168,-0.47609742629394447,-0.5174141392492042
-0.9222251976543734,0.23337010627333837,-0.4810956967648575,-0.5175109840000188
-0.46349322452156894,0.2352036646288526,-0.47620358494980314,-0.5174980641819183
-0.971806555499982,0.23765779168562842,-0.46977386809308447,-0.5176066984457437
-0.4902195450527749,0.25233786740175956,-0.43392423161868476,-0.5176001511941557
-0.5615600028480117,0.25238049115746664,-0.433826213931486,-0.5176106578508607
-0.34070864827996516,0.25506770039835996,-0.42771283687574224,-0.517568387358729
-0.2873793751487576,0.258383736253812,-0.420344159816351,-0.5175133971503656
-0.6804894287519841,0.2566062486733802,-0.4242702938296787,-0.5175523214473804
-0.5737652930951967,0.2545443744072555,-0.42889327786358306,-0.5175657438379362
-0.41594081309756414,0.26165648163198946,-0.4132548085863364,-0.5175414838878908
-1.1559672048575185,0.2570094041903207,-0.4233750376841269,-0.5176938527950434
-0.473044859399991,0.25710839063713564,-0.42315565546924844,-0.5176831992533124
-0.25505953017116784,0.25922510617971967,-0.4185045077363529,-0.5176205504772909
-0.4740700582656359,0.2602263347107018,-0.41633082649593817,-0.5176101640016859
-0.935920782719914,0.2590951276227589,-0.41878792503240136,-0.5177099042541222
-0.4681552428431771,0.26030951036171784,-0.4161510032324653,-0.5176980914623676
-0.9126358173599738,0.25195441356387005,-0.4345054574012177,-0.5177922138946597
1.3649918967568797,0.3036999328867008,-0.39812834766966465,-0.5173436115332941
-0.5604036958727603,0.29984943717715495,-0.40547078198819286,-0.5173538688187489
-2.498019531976813,0.28055256827864083,-0.44530357136953674,-0.51782556819078
-0.6832983422231506,0.27855211389864365,-0.44974864853723295,-0.5178649664703113
-1.3504237030319908,0.27295707220270365,-0.462526972016273,-0.5180631475549488
-1.7941973131487654,0.2610042834750799,-0.4916608715022878,-0.5183668444053995
-0.6501707085214701,0.260344942850369,-0.4933458114027979,-0.5183982038781847
-0.4338214816296016,0.2644003730772655,-0.483115306105599,-0.5183780857235109
-0.3525838341600054,0.2279602162523031,-0.5124920618624486,-0.518338657839667
-0.5229187953095463,0.22763577776314692,-0.5134381668046886,-0.5183397467929409
-0.1060161711839267,0.23727010799053597,-0.48644558033076746,-0.5182417378612535
-0.6686952099231607,0.23510965476232434,-0.49230612391022244,-0.5182774920133594
-0.6801332331359544,0.23260357307203777,-0.4992406198907021,-0.5183159466916969
-0.2531082461039985,0.24272897560349885,-0.4721024338460624,-0.5182529519884694
-0.49543603467994735,0.24009644440053196,-0.4789379717932619,-0.5182475335801796
-0.27807447174004557,0.23969950609757015,-0.4799816741486725,-0.5181905124353933
-0.3092513277599528,0.2409926071505656,-0.4765942613127201,-0.5181409185154607
0.2752922657703535,0.25354561257843594,-0.46171570249968164,-0.5179526334693559
-2.3226310336319695,0.24411581524154963,-0.48560909472264624,-0.5183807896734277
-0.12258838015181028,0.05087017959007486,-0.6120845749498666,-0.518286911018418
-0.4565981884799661,0.05089389900447117,-0.6117840198818993,-0.518272282438257
-1.1264258658670283,0.05012102546417997,-0.62172368734244,-0.5184164629938351
-0.7101703255679683,0.04933433252411579,-0.6321609144937033,-0.5184619130679224
-0.3275816677535778,0.05027830816369318,-0.6196761612804574,-0.5184166807823029
-0.7191366038063499,0.049964840728234275,-0.623769675990153,-0.5184642334766938
-0.49000419551999674,0.052483932291194635,-0.5922557749597533,-0.5184574925866047
0.047171565304870544,0.055214703200960766,-0.5774850785134172,-0.5183235524829126
-0.5238768451079674,0.05630211332475615,-0.5656797978533388,-0.5183248671828711
-0.33419809678879464,0.055746895846016366,-0.5716498775211162,-0.5182812868821861
-0.7944902319119562,0.055154642328917265,-0.578150684473468,-0.5183466463107308
-0.8621221619999395,0.05368997428552732,-0.5948433741855158,-0.5184279747980006
-0.3061868514216212,0.05365678041799143,-0.5952322423889901,-0.5183777758568047
-0.4866966647999825,0.05339762371959942,-0.5982849012989094,-0.5183702844614259
-0.04334576767195619,0.054925155079526174,-0.580707312699261,-0.5182579855212864
-0.41922771695436667,0.055004405546180336,-0.579822002547917,-0.5182345796435822
-0.6171481124423531,0.05564771918648072,-0.5727288336867644,-0.5182579524065309
-0.5408402712000252,0.05555497934643354,-0.5737412482097095,-0.5182632872326102
-0.2219418630000055,0.056183164515882796,-0.5669488854127493,-0.5181933010672268
-0.321951739132695,0.056218273040961934,-0.566573747229804,-0.5181469630360734
-0.777933694487956,0.055314271001783336,-0.5763848336165879,-0.5182082913485032
-0.6294915052703829,0.05540689448466746,-0.5753648751469559,-0.5182345559729832
0.9735408034960756,0.08905034440618773,-0.5444187532151304,-0.517882556124123
-0.32453462591999854,0.08932357730919896,-0.5425906294715791,-0.5178369444397154
-0.02739592506944788,0.09284071415110703,-0.5200192038758177,-0.5177212743879771
-0.677882141006302,0.09218192123130199,-0.5241159495079439,-0.5177590392704621
-0.4078868190479416,0.09169645958582673,-0.5271724952854794,-0.5177331382284482
-0.4727128665599819,0.09170074825292075,-0.5271453514513663,-0.5177225277472631
-0.547895403408065,0.09294356770567878,-0.5193848438651293,-0.5177296372844122
-0.19109913856002336,0.0938517755471602,-0.5138437217794662,-0.5176526925261733
-0.3639539802959897,0.09570380536853278,-0.5028700850381865,-0.5176164940541454
-0.790881898852787,0.04532216438505669,-0.5459875609503799,-0.5176808372151529
-0.19066393370873713,0.04591585879010634,-0.5385927657070995,-0.5176038558348548
-1.6375038239999422,0.047359715324304406,-0.521382451547562,-0.5178674237256915
-0.6638625991008278,0.04739337588331564,-0.5209937366851156,-0.5179017755316621
-0.7035516649823697,0.0485416457432313,-0.5080562959241232,-0.5179454475828149
-1.380586913279926,0.0493054718738335,-0.49978408792674633,-0.518148326572866
-0.8228443247999646,0.04898368670892434,-0.5032375602523164,-0.518219969177669
-2.1855891206399836,0.04594188943935305,-0.5382729130325239,-0.518611922433772
-0.3544423997279738,0.04593886280173902,-0.5383100843438833,-0.5185733397022313
-1.363764750873534,0.044609280148414615,-0.555127003455163,-0.5187719279097434
-0.7977197279999656,0.04357188312048056,-0.5689610745914837,-0.5188374547596587
-0.6765071265215021,0.043560442497966485,-0.5691173129234506,-0.5188744838042247
-1.1818707142319989,0.042838019345448244,-0.5791520625453715,-0.5190301532642924
-0.31213829537273763,0.0427545976911437,-0.5803326635307463,-0.518981587100468
-0.6443788223999276,0.04254554783743355,-0.5833115192851459,-0.5190110161629649
-0.42737240671994303,0.04233804113592866,-0.5862974779847439,-0.5189895148468122
-0.2521104861312311,0.042417220689271416,-0.5851546611521694,-0.5189269112745121
-1.0797636772223576,0.0322668160214551,-0.6122557800120236,-0.5190584395967324
-0.609093139151994,0.034114759854452066,-0.5779850221224242,-0.5190795497255848
-0.9391827088799907,0.03320841505159451,-0.5943169086969877,-0.519178026790553
-0.6957158004719534,0.032952061742146856,-0.5990992609368275,-0.519219399599009
-0.0753952857359644,0.034109422999389384,-0.5780786493342062,-0.5191154108188161
-0.6346361576447536,0.034195738029451486,-0.5765679659757419,-0.5191424711952101
-1.7128637351759397,0.032679116813974014,-0.6042736073241891,-0.5194220312101938
-0.5014048265039839,0.03290851875360511,-0.5999189717781419,-0.5194178127122527
-1.0507392528479111,0.03232414630753346,-0.6111336729247001,-0.5195421857085393
-1.0374797375999405,0.029849594120173687,-0.6328266989827963,-0.5196633973986612
-2.747846430335947,0.027944117953817578,-0.6773060906873559,-0.5201847317535835
-1.308832199558374,0.027183641989041434,-0.6967987727427475,-0.5203692106934208
-1.264898232935876,0.026831215510231068,-0.706206932763226,-0.5205433287996515
-0.7864401186240184,0.026887297859348826,-0.7046932918957074,-0.5206054977942328
-1.3798634208480176,0.026112973705010912,-0.7261668232842353,-0.5208063528487101
-0.7797238313183452,0.025909332209383778,-0.7320273666146028,-0.520866861724258
-1.9397621494431936,0.024664507481551554,-0.7699556942500274,-0.5211983793148466
-1.1169460425599445,0.024236096017993355,-0.783910060762139,-0.5213375401798886
-0.756436873919968,0.024152346193096336,-0.7866958359916914,-0.5213924442746434
-0.7579940870087347,0.0240229270398664,-0.7910389123078656,-0.5214476863112378
-1.137349484843977,0.02349227317680833,-0.8093470647447448,-0.5215914542380662
1.0944486362952168,0.05029286562438627,-0.7810190572361866,-0.5212143153604623
-0.8328698593679809,0.05022576246915451,-0.7821177805337871,-0.5212870301397454
-0.39710379047999256,0.05051084857494878,-0.7774700262379795,-0.5212580627407112
-0.913411331999942,0.026148636881453746,-0.8152090689478996,-0.5213495163949228
-0.6054037157199349,0.025974335008345426,-0.8208264507438985,-0.5213691140165886
-0.2258583155848594,0.025852567630414502,-0.8247956985542066,-0.5213002303805905
-0.12910957259998412,0.02619209194342698,-0.8138202471860804,-0.5212088319518372
-0.4989810931199793,0.026135116158607766,-0.8156421326675211,-0.521203653075129
-1.172566259699984,0.025705517930430154,-0.8296392005303211,-0.5213553797479975
-0.48438446085113906,0.025743919962759695,-0.8283689816791826,-0.5213467698460653
-0.22222040498235546,0.025725088093768493,-0.8289914070076292,-0.5212771245923136
-0.7541466167039109,0.025491294585848655,-0.8367952597357876,-0.5213313307124513
-0.9403195823999941,0.025402876820064313,-0.8397840134067317,-0.5214288378689995
-0.30135001343997975,0.025337781598110825,-0.8419977350013567,-0.5213776329307889
-0.34526730608954836,0.026119184142329634,-0.8161530046431487,-0.5213366675139848
-0.4808828614079688,0.026233742684376865,-0.8124934098892916,-0.5213272596520996
-0.8794943067631793,0.026123571370708764,-0.8160122627249078,-0.5214105349478706
-1.9180143682559556,0.025792704039278667,-0.8267608118244284,-0.5217351755413872
-0.59026008674872,0.02593486019858174,-0.8221091270634036,-0.5217511004568433
-0.4989810931199793,0.02701455369883239,-0.7883769665130034,-0.5217458100276292
-1.6030782231359666,0.026206848277842604,-0.8133496829811633,-0.5219969906113942
-4.672617638639936,0.024282883467637132,-0.8795267407364914,-0.5229609062286791
-0.6664256967600186,0.024353827698292932,-0.8769008601116923,-0.5229942159083938
-0.37336590347518384,0.024519223144942284,-0.8708380356507659,-0.5229594832453406
-1.0182750030639536,0.024609418586489632,-0.8675661214274051,-0.5230744323100467
-0.6947874839360249,0.02439948236397963,-0.8752191051986707,-0.5231142729252731
-0.8611650461215875,0.024282126814396315,-0.879554829673104,-0.5231926887854439
-0.3614417993279692,0.02431769820795315,-0.8782362175252645,-0.5231551769836217
-0.942623533248022,0.02395023926177676,-0.8920464784676004,-0.5232524337321179
-0.494486883744011,0.0242609697973108,-0.8803409425980334,-0.523245765778945
-0.5400052940799646,0.024298182242204716,-0.8789591856965928,-0.5232496497947738
-1.932012150017525,0.023774149955668445,-0.8988157745193435,-0.5235760544519152
-1.053880655198427,0.023590609526249386,-0.9059790716138729,-0.5236988954527831
-1.0195315007999484,0.023120100295585963,-0.9248617959151527,-0.5238137246805152
-0.3993612237600079,0.0232355847684004,-0.9201562972374577,-0.5237849095610615
-0.688743343655984,0.023752012613922152,-0.8996738894070587,-0.5238230943837687
-0.47059900562634654,0.023767902788885513,-0.8990577729895058,-0.5238107768441349
-0.9150870835583185,0.023838128213297546,-0.8963447296037139,-0.5239013081506398
-0.3553267576622494,0.024197655482952843,-0.8827016700049604,-0.5238623133436797
-0.6629722401455956,0.02536695591968955,-0.8410041862011532,-0.5238944849271215
-1.5841773721520118,0.025206092991219738,-0.846511089653026,-0.5241396370397746
-0.9422001480862597,0.02539482771438567,-0.8400571279560336,-0.524236276085324
-0.6792334458623079,0.025458156133914587,-0.8379129945007995,-0.5242720970166336
-0.4387482614399374,0.026027945337928127,-0.8190906913126379,-0.5242523364261584
-0.5043192268799388,0.026199542223586558,-0.8135825992238697,-0.5242477318732487
-0.46067423067195457,0.027161247551722428,-0.7840008408484449,-0.5242330497713547
-0.13583899900794838,0.027839085194290996,-0.764378699977405,-0.5241433720870408
-0.9469558861199905,0.027704823142789048,-0.7681890802214055,-0.5242409742370946
-0.494486883744011,0.02789086664160393,-0.7629189361561108,-0.5242341073802994
-0.6966324220799534,0.028207672897146076,-0.7541045949008306,-0.5242738854870599
0.012528936695989895,0.00032291341626214387,-0.7757429888928151,-0.5241500555396128
-0.647511784703938,0.00032446347874275154,-0.7720358273995341,-0.5241785061229072
-0.9434721297792127,0.00031993657745032084,-0.7829631941855186,-0.5242751843852214
-0.5111359084800101,0.0003232572144809099,-0.77491768571512,-0.5242721555064972
-0.4918281859007152,0.00032420725364770795,-0.7726461751187356,-0.5242646782145852
0.2607053704320319,0.00711196162830021,-0.7629149013983978,-0.5240838095397818
-2.1036549699359406,0.006764309593038963,-0.8024058093451168,-0.5244476821867288
-0.4154336185247453,0.00677832947153395,-0.8007348598532121,-0.5244225753088702
-0.2824770124799645,0.006931382117667322,-0.7829330749088118,-0.5243668659920778
-0.4979578708079699,0.006928996263431829,-0.7832045431079483,-0.524360786573297
-0.46989402470397307,0.006885748267071727,-0.7881580155023807,-0.5243482510699898
-0.45178932838395963,0.006938618271950514,-0.7821108697359818,-0.524331555505635
-0.7169209649279311,0.006978206133483783,-0.7776428973865405,-0.5243758594875587
-0.5039159865599703,0.006942290967926003,-0.7816942168489404,-0.5243711539050088
-1.0369996895998643,0.006822384697162688,-0.7955288645191466,-0.5244890266425793
-0.993777287567933,0.006736118888184658,-0.8057867530423459,-0.5245969090014128
-0.4800101920222915,0.0068031200236863465,-0.7977970707475283,-0.5245866615371565
-0.9776446346879495,0.006966225705092993,-0.778989676076168,-0.5246907649317224
-0.2770602130400236,0.007022299928314135,-0.772725678601994,-0.5246338776007112
-1.5693364831871561,0.006834296418122751,-0.7941327864033377,-0.524873818483942
-0.7569191548799062,0.0069820693028209355,-0.7772096050382165,-0.5249271009951694
-1.35463453395672,0.007628890882104075,-0.710849942944552,-0.5251175756124701
-0.7150819334399403,0.0076185409739009105,-0.7118230676781505,-0.5251611754191782
-1.6091798044798833,0.007364766103768112,-0.7365393456982445,-0.5254099176470489
-1.8184519439999063,0.007209276469106692,-0.7525428845169635,-0.5257065549552281
-1.5208108092863248,0.007055504617433859,-0.7690633510239695,-0.5259347898759462
-0.9431815459919022,0.007040593734228062,-0.7707036810213758,-0.5260304667289882
-2.578727523047938,0.006660075999730553,-0.8150493954957753,-0.5265010529408908
-0.8994358664135805,0.006667094435115418,-0.8141856421590865,-0.5265865296343294
-1.2328473163103952,0.006549102698051767,-0.828952850810414,-0.526748367578114
-0.8405208940799782,0.0065022668505910096,-0.8349631628104143,-0.5268202513184351
-1.224505784159924,0.006613619125227927,-0.8208130354932623,-0.5269800510282019
-0.7432631188799524,0.006663720157455366,-0.8146006847668928,-0.5270295777210922
-0.45517745370232154,0.006756717150234118,-0.8033136038249404,-0.5270131280589999
-0.9884025103679002,0.006659710480336218,-0.8150944295570981,-0.5271187333193132
-2.003160734120026,0.006452975745971223,-0.8413827773663789,-0.5274565003675514
-0.49459729478395004,0.006449320479482133,-0.8418627431495311,-0.527448982818802
-0.6403600295999534,0.006491414411429191,-0.8363682020703638,-0.5274748087672881
-0.9579261830399213,0.006399792631939681,-0.8484201905779172,-0.527573242651183
-0.9586210525198735,0.006355780168206648,-0.8543331668254028,-0.5276717903900647
-1.7479257395999823,0.006331662883965907,-0.8576081341743621,-0.5279507055784556
-0.4858116121920016,0.0063993416732450546,-0.848480363456477,-0.5279410759867311
-1.2368363903999922,0.006316847078705644,-0.8596324223472307,-0.5281030351629735
-0.19584580041598065,0.006352520364748545,-0.8547743731267515,-0.5280271426927252
-0.3134951719296708,0.006380829139553275,-0.8509578920277463,-0.5279781516055448
-0.6481809661708029,0.006353010344006338,-0.8547080267377232,-0.5280055951705142
-0.3464589308640001,0.006322050287246765,-0.8589204253748441,-0.5279641556214827
-0.6617151818927447,0.006364052091212352,-0.8532156112902993,-0.5279946784481078
-0.6566889781919403,0.006340099580968064,-0.8564596531792579,-0.5280240405972623
-0.08050687860478539,0.006432055534196804,-0.8441371423097545,-0.5279219609526472
-0.09796525939200235,0.006122998341119651,-0.8463470262315144,-0.5278239092533175
-0.39570839677590797,0.006159424710254178,-0.8413109584729539,-0.5277937871574494
-0.22232772639986753,0.0062661864704386125,-0.8268880704053667,-0.5277241573282364
-1.563666516191979,0.0061115751714704,-0.8479386825596061,-0.5279602426424715
-0.6511739547135253,0.006088830607875431,-0.8511255979358624,-0.5279883159421004
-0.5889904256079346,0.0,-0.8681195138566616,-0.528002211639063
-0.49577938783993347,0.0,-0.8359620022147416,-0.5279948732596963
-0.985250515199989,0.0,-0.8473583401482465,-0.528098984289282
-0.261765634799953,0.0,-0.8469441125946463,-0.5280383575309188
-0.5160634891647381,0.0,-0.8473062249617818,-0.5280356322536394
-0.7139353159929704,0.0,-0.8521870507875616,-0.5280779302476641
-0.6893191650239731,0.0,-0.8569376475203618,-0.5281146093274586
-0.9319438250638559,0.0,-0.8612381047230804,-0.5282064513142078
-0.6400720008000292,0.0,-0.8639612250078815,-0.5282318868643411
-1.2363429586400845,0.0,-0.8679480903886859,-0.5283928577831352
-1.043757095635125,0.0,-0.8689476865500297,-0.5285099860190107
-0.8831102628318629,0.0,-0.8770096879662213,-0.5285905586790454
-1.3408436927998606,0.0,-0.8842736691284594,-0.5287750777917489
-1.1993463627598395,0.0,-0.9027193921228558,-0.5289273765164748
-2.012220484127988,0.0,-0.9115770721416723,-0.5292641823992205
-0.49572291133435264,0.0,-0.9063531472707613,-0.529256568035755
-0.8923597259304836,0.0,-0.8971076511102366,-0.5293389791020044
-0.7423324018176058,0.0,-0.8976526604777899,-0.5293873098083162
-0.10350558691191392,0.0,-0.8675391761264305,-0.5292906941724502
-0.8218950796159086,0.0,-0.8476080388387506,-0.5293570594220406
-0.457466062031956,0.0,-0.8263411438936632,-0.5293407576085735
-0.9598838574400061,0.0,-0.8266751901226251,-0.529438364296361
-0.6750475835198693,0.0,-0.7886015913320638,-0.5294713672925587
-0.6456823183583849,0.0,-0.7835265203709599,-0.5294977010680098
-0.47554482975998735,0.0,-0.7683804706399517,-0.529485477943563
-1.2607278197279723,0.0,-0.7767846091529117,-0.5296511047480441
-0.8513475711998895,0.0,-0.769321444893711,-0.5297239526797589
-0.6593531567999567,0.0,-0.7676432456521112,-0.529753300473311
-0.9580200324239003,0.0,-0.7777000972265425,-0.529850237261892
-0.006292964119128885,0.0,-0.7580579063015672,-0.5297317585850096
-0.6846377053823323,0.0,-0.7316874457268133,-0.5297668051793077
-0.6508216668799629,0.0,-0.7348119331687336,-0.5297941869620946
-0.9884534015999701,0.0,-0.7417738006087339,-0.5298979090820941
-3.162401665247924,0.0,-0.785863310252894,-0.5304930941954031
-0.736471345991986,0.0,-0.7814203161223362,-0.5305396534747424
-1.6979681522495518,0.0,-0.7804211643753277,-0.530803479124183
-0.9840743975998322,0.0,-0.7903864200834844,-0.5309058900863329
-1.0228229030880054,0.0,-0.7861061503372446,-0.5310170075503043
-1.329407178719956,0.0,-0.808777377903324,-0.5311973124670094
-0.9102539784575975,0.0,-0.8207125540338825,-0.5312828976252822
-1.3994214803278673,0.0,-0.8357373643170238,-0.5314788657026418
-0.6309019295232086,0.0,-0.8414262242902081,-0.5315013037671464
-1.9331575597439108,0.0,-0.8668550718472312,-0.5318175619476466
-1.8867124482248139,0.0,-0.8914555412478888,-0.5321232003158571
-0.3877141746720023,0.0,-0.8975996871692331,-0.5320906317489551
-1.1888308717478582,0.0,-0.9194169994163502,-0.5322387129755615
-0.883171029887979,0.0,-0.9291662520785916,-0.5323178230560195
-0.827820284800054,0.0,-0.9412761032465954,-0.5323844226642558
-0.3129790343998695,0.0,-0.9162623536107533,-0.5323349847669452
-0.25885952639993737,0.0,-0.9084160650444814,-0.5322733773196897
-0.25341130079996427,0.0,-0.9017044825483221,-0.5322105705456988
-0.4536755879039551,0.0,-0.9008624065496024,-0.5321928864694453
-0.9836309557007503,0.0,-0.9008300153596177,-0.5322945159312263
-0.5690660157600127,0.0,-0.9069760229788189,-0.5323027922084779
-0.9199284156431284,0.0,-0.9150533215083867,-0.5323900166961995
-0.4582775831759559,0.0,-0.9099401668520464,-0.5323733434828091
-0.5570779301471,0.0,-0.9072953421545088,-0.532378900070003
-0.32919469440001786,0.0,-0.8952403595412322,-0.5323332098955775
-0.5051257075199503,0.0,-0.8925414336756305,-0.5323270931009788
-0.45568018953582085,0.0,-0.8769281782935454,-0.5323098652062687
-0.4244854590144056,0.0,-0.8645427455611309,-0.53228563500263
-0.7955096110175915,0.0,-0.8627907325248455,-0.5323447731684388
-0.7952965263359765,0.0,-0.8518797891955678,-0.5324038369045502
-0.8739543695999699,0.0,-0.8453719493323705,-0.5324805381245581
-0.5328773191319274,0.0,-0.8157850860324493,-0.5324806272087538
-0.44159276413439047,0.0,-0.8147024830884501,-0.5324602258926877
-1.0111539052798604,0.0,-0.8170783666754374,-0.5325676526609522
-0.12438380411992123,0.0,-0.8047193947214838,-0.5324760700160025
-0.4606146488591789,0.0,-0.8118615759604291,-0.5324599503611894
-0.9108818630784152,0.0,-0.8136413116296792,-0.5325448173521553
-0.026927081999936042,0.0,-0.8050305320290388,-0.5324314501469194
-0.7404116337599085,0.0,-0.800641087555437,-0.5324780720217487
-0.4536755879039551,0.0,-0.7962136476431186,-0.5324604112229773
-1.0192572590087727,0.0,-0.8036851464561263,-0.5325694851301666
-0.9878859787199814,0.0,-0.8139319694353263,-0.5326714825525657
-0.6193539566240367,0.0,-0.8011044921732475,-0.5326908963205549
-0.4417662814806731,0.0,-0.7929128663788633,-0.5326705370248003
-0.5531960459519609,0.0,-0.7907897241619033,-0.5326751319450884
-0.34383935733833343,0.0,-0.7785061106601919,-0.532632867895266
-0.34851812951996863,0.0,-0.7853506139682088,-0.5325916696991649
-0.24593558579989405,0.0,-0.77657657157656,-0.5325275408213352
-0.7952354976000018,0.0,-0.7794648481909608,-0.5325862990313058
-0.532717227187189,0.0,-0.7703501247027051,-0.5325863283086216
-0.7026009103199613,0.0,-0.7211541096041459,-0.5326243373812822
-0.4952714343840362,0.0,-0.7163301113719869,-0.5326159884981805
-0.16770484504796834,0.0,-0.6857248452279552,-0.5325344441085826
-1.4520246998399222,0.0,-0.6950838512727571,-0.5327398708860025
-0.5979502493207718,0.0,-0.6865863981974123,-0.5327544365278241
-1.987601523455985,0.0,-0.6997502850921329,-0.5330793242203046
-0.2888232287615633,0.0,-0.6873216700982122,-0.5330247905977418
-0.5917286458031915,0.0,-0.6711678134077188,-0.5330378941368502
-0.7789627654224054,0.0,-0.6741290301257027,-0.5330927758309555
-0.0955029176640238,0.0,-0.6373759372841049,-0.5329951431093652
-0.4043992986000142,0.0,-0.607729674291609,-0.5329664578886405
-0.8453783073599148,0.0,-0.6168829569453672,-0.533036130468808
-0.8437175387519544,0.0,-0.6099806902854491,-0.5331054016858165
-1.2373419236255672,0.0,-0.617064108160201,-0.5332623870897264
-0.43942042003192716,0.0,-0.6092961108648384,-0.5332414729005002
-1.0142059456111412,0.0,-0.6233206490890638,-0.5333486396724946
-1.2731710471199205,0.0,-0.6436068795034635,-0.5335134475155437
-0.04117423041592372,0.0,-0.6393621380957826,-0.5334037951286619
-0.32518269071997186,0.0,-0.636792280152103,-0.5333574310439572
-1.420555834631983,0.0,-0.6455307777307275,-0.5335549373671068
-0.38182572489597133,0.0,-0.6417859719134468,-0.5335211672330157
-0.287421519907195,0.0,-0.6291358339987282,-0.5334664054067305
-0.27389354771998514,0.0,-0.6254481532896087,-0.5334086583861105
-5.624239634111975,0.0,-0.7267913873689062,-0.5345409606493947
-1.4104660061655183,0.0,-0.7484168136042163,-0.5347357405127516
-0.3492258466343041,0.0,-0.7452988163865032,-0.5346944977617782
-0.45392900255999835,0.0,-0.745263792646987,-0.5346765458846496
-0.0759315364079253,0.0,-0.7382927141948572,-0.5345746025492103
-0.8783581052400313,0.0,-0.739949684079306,-0.5346509819099504
-0.40445688427202847,0.0,-0.732132891238027,-0.5346220627412169
-0.8997536153839715,0.0,-0.7326488761537071,-0.5347031490287236
-0.896248945279937,0.0,-0.7399163086766672,-0.534783421185973
-2.3359712286240257,0.0,-0.77780387796646,-0.5351832408990559
-0.2528436665879274,0.0,-0.7626376731926213,-0.5351205823162082
-0.622580731379998,0.0,-0.7726016117378228,-0.5351399877187075
-0.36109478471996287,0.0,-0.7706112144550386,-0.535101379643508
-0.011313663087950926,0.0,-0.7526198504552292,-0.5349852147030433
-0.07163970091194394,0.0,-0.7535141028334693,-0.5348824773385663
-0.41731584191994137,0.0,-0.7470521869966702,-0.5348564151272123
-0.5615721149807276,0.0,-0.7492101175382055,-0.5348623361599811
-0.7133750903759398,0.0,-0.7430924741655489,-0.5349018913902528
-0.20569750679515064,0.0,-0.7274487047270521,-0.534828961752549
-0.21921469287355808,0.0,-0.7194459194520426,-0.5347590582599955
-0.16830958463995183,0.0,-0.7139767855152283,-0.534677913558131
-0.7551883427040709,0.0,-0.7180166314502704,-0.5347267314525622
-0.5886080024039787,0.0,-0.7229120043515833,-0.5347386573646807
1.2869746723246562,0.03595194348966088,-0.690202148314691,-0.5343355342556546
-0.5673770683199746,0.03563198450816452,-0.6966309779650924,-0.5343428443295626
-1.1150953038687137,0.035319203352538596,-0.7030281740904667,-0.5344713009673727
-0.988514841599996,0.03488286330653348,-0.7121441263787228,-0.5345717086499538
-0.7008679370398808,0.034884501882266196,-0.7121094669131213,-0.534608475448183
-0.7133750903759398,0.03467948101745068,-0.7164715400329594,-0.5346479906150547
-0.6439554372383567,0.034240068181677616,-0.725996551876767,-0.5346721469568498
-0.826660599654351,0.03481938842707968,-0.7134892698730557,-0.5347366605345559
0.16617220275360273,0.03996170219998699,-0.6982068208315682,-0.5345818319807039
-1.6475908415999814,0.04033888415620353,-0.6914066071944481,-0.5348276378573866
-3.92528696639999,0.03664016736908649,-0.7641358819472166,-0.5355762488815735
-0.8390721293198606,0.03641307332454668,-0.76908275161755,-0.5356432457646725
-1.1197372275934894,0.03610476912773037,-0.7758982408609717,-0.5357721563764202
-1.471319732966272,0.034911378372946736,-0.8034145771670167,-0.535978587880522
-0.14046970687678723,0.035134157817796545,-0.798135985332552,-0.535891336858902
0.1313292220576395,0.03910879917600083,-0.778601834744201,-0.5357441774943417
-0.32080149539194536,0.03962017136519071,-0.7681435138770009,-0.5356967810925551
-0.10602650559991733,0.04077360735967291,-0.7455172055164878,-0.5356020566050126
-0.7016979831839524,0.04050026155520606,-0.7507627567795283,-0.5356386658019663
-0.6573926831998705,0.04087303936974573,-0.7436264915313031,-0.5356654956868049
-0.7244228321200119,0.041459924175160964,-0.7326515272313049,-0.5357070813524655
-1.260853931491117,0.04017767219445204,-0.7570451212528085,-0.5358668053282669
-1.519484986727998,0.03899669595811453,-0.7809311671729691,-0.5360834136042854
-2.436922381713395,0.03804501743162484,-0.8012584981145975,-0.536501916239272
-0.8525537736143606,0.03761981201005657,-0.8106730590889653,-0.5365714852151415
-0.6745385434320077,0.03727718913416116,-0.8184153995594614,-0.5366018476839393
-1.2712023541614796,0.03642259866001292,-0.8383615756882912,-0.5367634759581916
-0.743541546719972,0.04102537341952833,-0.7407476139404513,-0.5368089616754732
-1.7844951513599978,0.04063187843969239,-0.7482281968443409,-0.5370833593419971
-1.4627011745039142,0.03950389752106911,-0.7704977034017331,-0.5372868812890426
-0.8092784113223281,0.03915698569608848,-0.7776046915769796,-0.5373466727882804
-0.10172183865597201,0.03913204477236991,-0.7781204976219407,-0.5372509310664931
-0.4934072759975807,0.03950765146593512,-0.7704214810370916,-0.5372412972156759
-0.8853629664000322,0.039039528066041086,-0.7800396026796517,-0.5373177738565337
-1.1050208378639979,0.03884307803121571,-0.7841449471292522,-0.5374424615490456
-1.0754964639999616,0.038673140019220634,-0.7877298975036527,-0.537560611308038
-0.9221727308832606,0.04005534263487095,-0.7594539275488374,-0.537645048655914
-0.7016979831839524,0.039605935010908616,-0.768431013880758,-0.5376810567627024
-1.148536866263934,0.03909199557363007,-0.7789501365784366,-0.5378151045593891
-1.2032582828638563,0.038296284856019804,-0.7957934065413145,-0.5379610991136463
-0.8225217875679464,0.037559862044241527,-0.8120175690309144,-0.5380235164614099
-0.26675934983999544,0.03738693648749371,-0.8159199620094755,-0.537964028705572
-0.3916219420800087,0.037409616718501355,-0.8154060840126768,-0.5379319431790152
-0.6771386526487688,0.037307820990380804,-0.8177174147660375,-0.5379624575826693
-0.8018312214431722,0.037230278736526644,-0.8194865373873822,-0.538020285494977
-0.7325609767728418,0.03677501657011035,-0.8300238067869361,-0.5380629105368872
-1.274231865816072,0.03589604798955969,-0.8511241502457864,-0.5382241742729833
-0.8682376382327457,0.035335737813823896,-0.8651227113176422,-0.5382964505462992
-1.341959822399998,0.03487931700045616,-0.8768581409115608,-0.5384724223816075
-1.035547064351844,0.034539498808657754,-0.8857969221505181,-0.5385812390720564
-1.1925482653950055,0.006320824432134442,-0.9353873809049112,-0.5387243703975813
-0.5343912690480428,0.0063252573520901495,-0.9347276649194727,-0.5387234222353603
-1.0761869663271961,0.006330494193712261,-0.9339494981686424,-0.5388410034088654
-0.6564545258399535,0.006375542940774996,-0.9273082918534414,-0.5388667281513044
-0.7838804698669417,0.00636422109983452,-0.9289685425099826,-0.5389203064897509
-0.7012182718151324,0.006365876619565212,-0.9287254061387665,-0.5389557892106352
-0.9219365044319415,0.006328235113538038,-0.9342850274826382,-0.5390395008423776
-1.0912072020479742,0.00629282385843487,-0.9395759595305107,-0.5391601668609978
-1.4578500456239143,0.0026948089491244803,-0.9720564044980611,-0.539360885645958
-1.062275025279949,0.0027275680874243443,-0.9603500881716603,-0.5394751089180493
-0.9494906330232158,0.002907247993829143,-0.9008341615041249,-0.539564651509031
-1.5255944958407537,0.0028637261897076164,-0.9145646088345428,-0.5397799418680554
-1.1861685519263896,0.0028595838485361803,-0.9158932353212008,-0.5399210439440341
-2.9024795180159124,0.0027731656130809915,-0.9445164310221936,-0.5404366612452282
-1.759544044799846,0.0026814892687166444,-0.9768979177806548,-0.5407026676566519
-0.8960684572799582,0.0,-0.9974458713674068,-0.5407801907346675
-1.1234581712423597,0.0,-1.013499004884415,-0.5409072742636767
-1.3376031965277924,0.0,-1.0381305387029724,-0.5410809977530496
-3.203838027622219,0.0,-1.088173339591738,-0.5416614985225873
1.032863868890987,0.01921561641861229,-1.0543682085499206,-0.5413183151382338
-0.5871955941600073,0.019264799535938824,-1.0516236637907206,-0.541328312366175
-0.7803931936319493,0.01943900158855207,-1.0420144490335372,-0.5413803962183026
-1.649986009463915,0.019391374571648155,-1.0446244694882556,-0.5416218698870557
-0.7434023327999004,0.020028165736376134,-1.0107540685099856,-0.541665811625495
-0.4674679833455818,0.02017884444064124,-1.00305235270461,-0.5416496570798212
-2.645646290015859,0.019430589574128514,-1.0424745076362871,-0.5421076450277829
0.08823761440012878,0.02160726844971823,-1.015285708265055,-0.5419704643402032
-0.34058611968003566,0.021776389562237566,-1.0072265997242562,-0.541926647032836
-0.9275949910751982,0.02214498207324411,-0.9900885965185603,-0.5420105426917532
-0.7523939977918952,0.022460111173997568,-0.9758824529843199,-0.5420562981191347
-1.5907012228607853,0.022113917800687836,-0.991510909215089,-0.5422843139757865
-0.5088478076927918,0.021937743915657507,-0.9996534285958255,-0.5422770451700728
-1.4842739867999875,0.021520476797330674,-1.0194707628118735,-0.5424817826057672
-1.447327525228759,0.021290804841895956,-1.030710053988448,-0.5426784027149856
-1.8086899094398805,0.02101004014631794,-1.0447834354199659,-0.5429534432335006
-1.0959128654237351,0.0210020044799314,-1.0451917634484413,-0.5430735473651667
-1.6502311055998726,0.02071941274007354,-1.0597529309427736,-0.5433139724592458
-1.3507302169998994,0.020473829981438138,-1.0727335756190923,-0.5434892690820293
-1.1842260676079048,0.02046049454844555,-1.0734473596459717,-0.5436283480484989
-0.6585133026383558,0.020665951023301543,-1.0625524600414618,-0.5436532796792694
-0.8101943870400741,0.020670648191056903,-1.0623059120309044,-0.5437111102514891
-1.0987052171584302,0.020358366044628703,-1.078944829377273,-0.5438314994286924
-1.3547271584399336,0.020008433119904398,-1.0982069337044715,-0.5440073605562159
-1.1027212300799456,0.01985760619144182,-1.1067185852530952,-0.5441285040665202
-0.7351210247518989,0.019881097897144966,-1.1053843813192696,-0.5441699071709395
-1.2352484696184152,0.019705435199726368,-1.115438131176181,-0.5443196857930562
-0.5800347563040033,0.01994884704297224,-1.1015541889859397,-0.5443274247032428
-1.1256551367999084,0.019857888393274927,-1.1067025389572829,-0.544453362249191
-1.200097269951908,0.01990791276431671,-1.103865287908321,-0.5445953687269262
-0.2617332078591612,0.02018527800808876,-1.0883890107784675,-0.5445341166349235
-1.2487677595847968,0.02016486664086827,-1.0895134006622633,-0.5446865811603511
-0.3391947984238323,0.020235913552362265,-1.0856094712497792,-0.5446421024194991
-0.3934508457599263,0.02048840043597025,-1.0719547488384338,-0.5446093841211525
2.825146574600107,0.07299433981193403,-1.0023227268296324,-0.5438803153286987
-0.339763039104001,0.07359894828755843,-0.9934403782143737,-0.5438361627705709
-0.6390350971199649,0.073684402934996,-0.9921967147204702,-0.5438567507754042
0.05148398639999485,0.07595320243917077,-0.9727283049038316,-0.5437280284538528
-0.7248602747232107,0.07648556121725723,-0.9654013663573363,-0.5437671837167731
-1.214836351488026,0.07684283397068664,-0.9605410924746185,-0.5439122170359371
-0.5497395692398789,0.0776074030979512,-0.9502903833538173,-0.5439134761872343
-0.37572953668792486,0.07848155756511585,-0.9388151614271113,-0.5438771435150591
-0.28891468510077895,0.08043433468049234,-0.9140815652123118,-0.5438220760294404
-0.6488100259199212,0.08131346734566669,-0.9033343946921825,-0.5438447467160935
-0.40549547716798395,0.08566421616726137,-0.8533947138752239,-0.5438148785663638
-0.49704309071997743,0.0880461396065237,-0.8281446947936266,-0.5438047832096087
-0.20590274879984372,0.08940511750330295,-0.8143413806240243,-0.5437318652047727
-0.8373373695280717,0.0899808866627687,-0.8086189645897386,-0.5437952105131488
-0.7083549174240105,0.09127360475307782,-0.7960339990076629,-0.5438307065672711
-1.0179878686080217,0.09606796310106185,-0.7523169958273789,-0.5439329617240624
-1.8876568771199844,0.06815594827025437,-0.8107274107475984,-0.5442226822750317
-1.0520077681847897,0.06743539880426344,-0.8200236542280939,-0.5443321423064845
-0.940257926975989,0.06719108564053002,-0.8232209488949747,-0.5444174711393874
-0.5343808179071925,0.06893389389324787,-0.8009088450638404,-0.544415308533649
-0.9664737346270821,0.06857821548704573,-0.805370273100384,-0.5445062302109634
-1.220038539363159,0.06740488757302532,-0.8204216842207355,-0.5446517250007873
-0.4271987865599902,0.07098504408407494,-0.7760527341516181,-0.5446264336703737
-0.6740907993959854,0.06777856757620816,-0.7912993024275404,-0.5446543054390982
-0.25679706589675766,0.0679126420832711,-0.7896235213518747,-0.5445923473591279
-0.5077057192199389,0.06859259453755122,-0.7812257359147696,-0.5445844096298101
-0.3358823596800261,0.06928066406262423,-0.7728955031525324,-0.5445395081560688
-0.44247165601910765,0.07125103435472258,-0.7499309118156988,-0.5445175533588786
-0.06275559220796553,0.07204709879613264,-0.7410090675060022,-0.5444139486360505
-0.3522376716191875,0.07414942724375236,-0.7183683412023862,-0.5443726292903148
-0.34489192680000647,0.07631815378749535,-0.6963196292338112,-0.5443297486577933
-0.4919291519998914,0.07908077642015503,-0.6699844140850114,-0.5443184869778753
-0.23180256579835926,0.08100505587108858,-0.6527022080925038,-0.5442513370162982
-0.649666240127942,0.08335359399667977,-0.6326909107830653,-0.544273982537912
-0.33906415399200696,0.08587082491088346,-0.6124575895229074,-0.5442299082620216
-0.8225440185599613,0.08680806002232049,-0.6052239485419485,-0.5442896707937582
-0.13641412053359675,0.0881976477702241,-0.5947819648998534,-0.5442021062703019
-0.7482256630847115,0.08836553914972718,-0.5935425904207461,-0.5442458975467162
-0.7110138482663128,0.0894305918032349,-0.5857887630429037,-0.5442816846606044
-0.1869058261919606,0.09279978076350301,-0.5624323363979442,-0.5442050110157924
-0.35768961167995483,0.09508511701972681,-0.5475317040299444,-0.5441650034226274
-1.299380186687936,0.09334413569099365,-0.5588168872686652,-0.5443269625011745
-0.6288050301263504,0.09521788630202711,-0.5466880184788239,-0.5443450752944046
-0.5488206657599503,0.09531636733939074,-0.5460637366679428,-0.5443460346921464
-0.22015912596478587,0.09826463689147596,-0.5279538164512405,-0.5442765561433407
3.461421931992141,0.2257605577038759,-0.4347234324123594,-0.5434182534889299
-0.31949966853592887,0.22529697911904278,-0.4358787616258948,-0.5433702846403967
-0.5273466135199226,0.23122658978643984,-0.42145033870459725,-0.5433668527125491
-0.9569123179199177,0.2261305696211387,-0.43380468909451897,-0.5434554063453558
-1.1135683187663559,0.22046623528167578,-0.44820703855464755,-0.543577460062423
-0.41388600991673685,0.12046056281988951,-0.5129876902449845,-0.5435497007623061
-0.0398238240959265,0.12171239592183229,-0.506988905944823,-0.5434419057961888
-0.31961631704635446,0.12307445726969694,-0.5006005303433507,-0.5433940184216167
-0.4358556626239812,0.11944674567702497,-0.5103473233238303,-0.5433710155647616
0.019601443416020214,0.12320493621838018,-0.49545808896104565,-0.5432506194015921
-0.6747030852767897,0.1256061622387114,-0.48465542363682096,-0.5432787255520892
-0.7710502618272015,0.12461107070389617,-0.4890816374885674,-0.5433274154914384
-0.7707138260640282,0.12287371596866854,-0.4969813232760895,-0.5433760127153265
-0.6467362185600354,0.12134112402224309,-0.5041377539452746,-0.5433980982293959
-0.015717096192025326,0.12407934201076494,-0.4914758953507167,-0.543285369965769
-0.3254238857447689,0.12443449198001486,-0.4898744635222524,-0.5432388382519243
-1.1663608266262306,0.12152686645575342,-0.5032608182403775,-0.5433718986807892
-0.6740335180487071,0.11957268658825869,-0.5126234336253548,-0.5433997939880838
-0.6581847623999553,0.12031307739164392,-0.5090403814827924,-0.5434242945149593
-0.3005874299999683,0.1220329472732625,-0.5008850317343115,-0.5433724727342263
-1.1643772201599831,0.12140988180263383,-0.5038128187653508,-0.543504967879826
0.80618461094216,0.16006596460614014,-0.44993598900410786,-0.5432170648126712
-0.733022089343994,0.1619952564407222,-0.4435562754272919,-0.5432575435980265
-0.2579958064079906,0.16628196696886774,-0.429911033015932,-0.5431967201999051
-0.8017444882831761,0.16457534330028437,-0.4352583064234517,-0.543251835904037
-0.3755111952383722,0.16839549525593078,-0.42343905563567746,-0.543216085554364
-0.5218408186991303,0.17314383039670772,-0.40947510122239694,-0.5432115308416312
-1.0836453431135356,0.16867210518854894,-0.4226040323534678,-0.5433266637373004
-4.1397519940606635,0.14843324715130388,-0.49191725624676136,-0.5440926755222468
-0.0367038436319613,0.14957301539658305,-0.4875153918014654,-0.5439846284967166
-0.7281176044799705,0.14843160952552617,-0.49192362950666607,-0.544023830748363
-0.36058713395997904,0.14830476029847559,-0.4924177249922652,-0.5439847850487486
-0.49328374919993867,0.1480445406888744,-0.49343396685588176,-0.5439739952986212
-1.100443003655903,0.14292316065702937,-0.5141877150848405,-0.5440923929599738
-0.32728953806637123,0.14304212863585214,-0.5136887524137842,-0.5440462745054123
-0.6099629661839325,0.14178814573299356,-0.5189901732014627,-0.5440602933679556
-0.06253164976074993,0.14383071371203118,-0.5104022231566799,-0.5439579058188152
-0.08633513433602574,0.14453608722315658,-0.5074928745274332,-0.5438606220663741
-0.2870145994895555,0.14632508654852974,-0.5002398417146654,-0.5438060320509487
-0.6740335180487071,0.14467110325426788,-0.5069392289957996,-0.543833704699907
3.6254665646400275,0.2746347849629538,-0.4179790173317997,-0.5429479387620825
-0.7487650520062736,0.2689192805596112,-0.4302260359612532,-0.5429916552262379
-0.8509251699200283,0.26798392713117997,-0.43228002609795957,-0.5430570477755465
-0.4151382956447163,0.27069647320282425,-0.4263625150455277,-0.5430298888048181
1.2052095581632265,0.31393462458523247,-0.398520207358424,-0.5426587914906665
-0.5174371070399528,0.3122173637712693,-0.4017151572656239,-0.5426534388411651
-0.7851061866239383,0.31781404588398504,-0.3914296772643439,-0.5427048822419254
-0.6224890214927774,0.3178840285434388,-0.3913033570916724,-0.5427218071760048
-0.0036185631598643075,0.3240433847700224,-0.3803993150396707,-0.5426074692663513
-0.6690764505599389,0.31895471250433444,-0.38937766153157377,-0.542634286268322
-1.1038740105600668,0.19051330484125062,-0.48068358038261794,-0.5427532686139425
-0.9444092590078389,0.18658615893038777,-0.49318177219205617,-0.5428384012952469
-0.729288921599933,0.18535146906011946,-0.4972206183536564,-0.5428779118950147
-0.5015579907839736,0.18815900694455603,-0.48811353181093753,-0.5428691576744403
-0.3812651889478692,0.1928569340448032,-0.4734674692145678,-0.5428349267977772
-0.5218408186991303,0.1921496855345972,-0.4756265653902156,-0.542830480777426
0.8738016162241079,0.22213317938699204,-0.4573540565838149,-0.542530537500483
-1.0816992819599958,0.21652032681319686,-0.4725957158820877,-0.542644671443002
-1.9632587666439112,0.20608358320753317,-0.5031437779624863,-0.5429453305107693
-0.2453782481279569,0.2038861622471411,-0.5084433717933659,-0.542882366676156
-1.039305618181421,0.20158451152177587,-0.5157354224514585,-0.5429873853458207
-0.9682543528680125,0.20036113150146417,-0.5196795042722747,-0.5430773318279531
-1.8444725029960094,0.19395214186942614,-0.5411546778109143,-0.5433525264084497
1.8732996120300185,0.2546640101504098,-0.4907539611991133,-0.5428416062946149
-1.5440268885385091,0.24336630792979655,-0.521320157046043,-0.5430532286328613
-1.4552695846847856,0.2356381516053474,-0.5439170710248432,-0.5432460047013423
4.222783514104092,0.36633187777589826,-0.4361341842102368,-0.5422390261425413
-1.054391503795227,0.36232722164759007,-0.44374134392516723,-0.5423472121327509
-0.38572239843989486,0.36518691660318264,-0.438292096645966,-0.5423141340305982
-1.7242428739198927,0.35072314532288823,-0.4667652055243645,-0.5425636966868249
-1.6778158655999102,0.34578396539808404,-0.47703397843316303,-0.5428033530450501
-1.823035818206207,0.30825769532911673,-0.5296183870161304,-0.5430735582930791
-0.5781225759118928,0.3095100753259153,-0.5265203967474883,-0.5430809541609033
-5.207024320799959,0.2739499470740877,-0.6255009670353278,-0.5440649084576625
-0.5853194398999805,0.2753333058967131,-0.6211724660676637,-0.5440736101095172
-1.7037370655039643,0.2670570837891815,-0.6477369834729757,-0.5443181616606336
0.47384367973594604,0.2811002985675995,-0.6278232935042741,-0.5441034954490804
-1.1721926508542595,0.280531422388202,-0.6295942396590886,-0.544235891982682
-0.5180419675199652,0.305847707998682,-0.5571600391282747,-0.5442303716614042
-0.6961246723583747,0.3009035227960727,-0.5703484557028029,-0.5442623763602447
-0.32657284747198084,0.3038949906503897,-0.5623175605626431,-0.5442165180225813
-0.3534306012480099,0.30394884567982505,-0.5621744299084037,-0.5441763356475234
-0.44360059147992514,0.3043232530539409,-0.5611807667540035,-0.5441551573480568
-0.06759475117674815,0.3123210898058727,-0.5405238017044204,-0.5440548288414944
-5.214417059999931,0.27777862146097104,-0.6382663521430917,-0.5450378560423275
-0.7514694487991563,0.27689190457282953,-0.641096481795396,-0.5450812970340693
-0.9273116116927043,0.27159362327114,-0.6583920810340352,-0.5451617157832084
1.3279363881040371,0.30155270464971123,-0.630106650585234,-0.544767711133674
-1.0062190118399172,0.2968201536709241,-0.6444907388322412,-0.5448647566227813
-0.3431187695486789,0.2989790741498573,-0.6378724438622405,-0.5448223373656169
-0.6136506090719863,0.2163729764829551,-0.7226547873364809,-0.5448368062055804
-0.9362590595567122,0.21549670929339676,-0.7264046674874897,-0.544919072337012
-0.7990623848640043,0.2157383829946517,-0.7253674117863692,-0.5449724750082721
-0.32214518879992216,0.21617307863128474,-0.7235075496494733,-0.5449256625531863
-0.9819607462558622,0.18609974213804042,-0.7672509557378551,-0.5450174573617774
-0.7290546581759699,0.1852679482593609,-0.7714833067605754,-0.5450561044010077
-0.6900962898863672,0.185640477001491,-0.7695831088258239,-0.5450865558361295
-1.7888047430398701,0.18116860144480962,-0.7929094232567658,-0.5453476217864243
-0.6807669714599826,0.1786697763443271,-0.8064523914227683,-0.5453760413771217
-3.1698138431999983,0.17000990616157524,-0.8564671392755693,-0.5459266997493044
-1.0062190118399172,0.17033229773629546,-0.8545140393011663,-0.5460232578177103
-0.5258828865248056,0.17172795507945632,-0.8461435118515057,-0.5460190337465499
-2.5964535074400334,0.16567189180911032,-0.8834868035683077,-0.546448984359612
-0.6207462410399684,0.16529978079441104,-0.8858705685734276,-0.5464645603044087
-0.9401531663999356,0.16357697159999746,-0.897048328122469,-0.5465470773042193
-0.7687889079239475,0.16282712476954822,-0.9019872899069654,-0.5465936493558997
-0.16948178413585113,0.1461470854867987,-0.9228529579141644,-0.546514639956105
-0.6688187027424004,0.1472722758547561,-0.9145953463298124,-0.5465402587375853
-0.0059457483358977825,0.1528510676400034,-0.8754490859636522,-0.5464270452275535
-0.5985884894304122,0.1518132956003779,-0.8825132907897013,-0.5464379668029729
-1.3109016560638511,0.1510248494392555,-0.8879452115473501,-0.5465979968823659
-0.5284392231040296,0.15230577930919081,-0.8791489089520703,-0.5465941963855517
-0.8512724102399339,0.15527990127253755,-0.8592849070969487,-0.5466579499352178
-0.814006807300766,0.11658313595025908,-0.9130310354835646,-0.546713880658516
0.5707847306471223,0.1315594166170806,-0.8707348030998519,-0.5464801432372013
-0.181302646559985,0.13498980530011853,-0.8452554643373559,-0.546403778223258
-0.7059111223295771,0.047868679595857895,-0.9438293570660292,-0.546437127030305
-0.4679014281816421,0.048441891399452014,-0.9320995555537576,-0.546420710705295
-0.8532223660479883,0.04798387616688213,-0.9414495549059194,-0.5464848280836319
-0.3477127413759664,0.049357982585131216,-0.9139189522550408,-0.5464432960972743
-0.8670427385920119,0.05020478834625025,-0.8977034897148829,-0.5465102690328278
-1.7239530766479958,0.05031027116602047,-0.8957218348837188,-0.546756184406181
-1.082414753760006,0.04977796930691374,-0.9058076784406811,-0.5468680362686479
-0.5849611521599146,0.05512351263375464,-0.8133664150678801,-0.5468759889024456
-0.8280207110015736,0.05481442210855138,-0.8182204404899118,-0.54693467074801
-0.29271010487038684,0.05666156562404162,-0.7899999012772403,-0.5468816188770006
-0.837353671480739,0.044456215469675715,-0.8162238483015741,-0.5469422222679048
-0.3330091967999014,0.04534721785680742,-0.7994401792204868,-0.5468975971061467
-0.034669849199960745,0.045876838055704326,-0.7897727368540868,-0.5467907717155511
-0.9389082610159671,0.04560928807954056,-0.7946284086272386,-0.5468725309918856
-0.849188968319704,0.0450438173837247,-0.8050807310441932,-0.5469355529717329
-0.6726399257599975,0.04470527863598945,-0.8114649175344328,-0.5469617522991169
-0.2305695599999794,0.04493064189711221,-0.807204296904834,-0.5468958235238931
-0.22672672829196377,0.04476208396354319,-0.8103869364471383,-0.5468291216290531
-0.7203808217759408,0.050066436333212005,-0.7205062116826585,-0.5468652707021934
-1.5759253914879663,0.04900116711956609,-0.7369953305364347,-0.5470795689364262
-2.415632181759851,0.04718866140115773,-0.7667617419377776,-0.5474686075816112
-1.1179956136608755,0.013802138513415147,-0.815680381973076,-0.5475873684071897
-2.557133663739128,0.01330323208308984,-0.8466986750110601,-0.548005588239725
-0.5993940804047004,0.013224243842789621,-0.8518241812281805,-0.5480162808098801
-0.6913387829038664,0.013200484015988296,-0.8533779447048181,-0.5480460961837293
-0.6980952943999706,0.013273594852690935,-0.8486146694016833,-0.5480773044196312
-1.4262084808880622,0.013082791780301454,-0.8611575913221645,-0.5482599060366969
-1.7558079922471759,0.012666561346862977,-0.8898308473911095,-0.5485109555348695
-0.9120527961598639,0.01268624229212556,-0.8884326883891895,-0.5485865202491961
-1.450475341919899,0.01248603776715478,-0.9028611020640682,-0.5487739451913555
-0.42134951370395235,0.012559875934742129,-0.8974861665404198,-0.5487474701380648
-1.2748255570679952,0.012703551758744191,-0.8872065828209823,-0.5488982964959648
-0.4913172633599771,0.01275734243053788,-0.8834175886589822,-0.5488863378182625
-1.8992532083199065,0.013130210284863676,-0.8580063759613804,-0.5491667296103102
-1.02837517753687,0.013123521544659992,-0.8584494992753195,-0.5492662123688584
-1.2133870378320064,0.012919304261925137,-0.8721995823014637,-0.5494040539681658
-1.1889300621263779,0.013344435102506188,-0.8440491133951903,-0.549536763245642
-1.533103759903969,0.013065741521997966,-0.8622962637724703,-0.5497408227885172
-1.9432113019871204,0.012772474740490116,-0.8823574264842141,-0.5500298645805104
-3.4007678853115584,0.012062068276517752,-0.9349970060319663,-0.5506210586951372
-0.2638111372415842,0.012038071483260799,-0.936883593094081,-0.5505615915747861
-0.9530293574063251,0.011966343865869545,-0.9425678061873595,-0.5506450218745024
-0.7776088398687151,0.011775837857353227,-0.9580010680180159,-0.5506920610077655
-1.559815424431994,0.01154685182337993,-0.9772256067180475,-0.5509011624092209
-0.7445726898239251,0.011680673948621973,-0.9658990273932488,-0.5509412849547803
3.9184854884866365,0.09287383675049417,-0.8769605331614355,-0.550015554471466
-0.6911513542079275,0.09318251106700935,-0.8737581120407956,-0.5500447811850167
-0.38447516448007624,0.09402076890673154,-0.8651674791843815,-0.5500105017612683
-1.097805774623901,0.08022211879016247,-0.8985392892898022,-0.550123893455092
-0.729419050799897,0.0793319004371533,-0.9095016173746003,-0.5501609992409664
-3.7551166421759428,0.07471926727428516,-0.9704857277715278,-0.5508241392457118
-1.337991361599939,0.073499815155604,-0.9878875264398935,-0.5509869789689957
-1.0637712444718725,0.07321068366255841,-0.9920985040083713,-0.5510930356940222
-1.0315796819200094,0.0722870739842843,-1.0057758428192523,-0.5511923919070548
-0.8681735407104353,0.07228556605629376,-1.0057984588616207,-0.5512579244993234
-0.0787618758239168,0.0745480527054718,-0.9728946348451392,-0.5511602609919495
-0.4822922639359982,0.07540900918283705,-0.9608921850486588,-0.5511460291264698
-0.9162388147200458,0.07493130347283596,-0.9675177382998615,-0.5512214615201876
-0.9118415750400368,0.0748113908487303,-0.9691941555806308,-0.5512959544170105
-0.5072564311359693,0.07450620596592357,-0.9734850821059424,-0.5512868591003477
-0.07374845052957546,0.07560391536349097,-0.958212977686919,-0.5511882552579833
-0.17916259449595695,0.07582900178296481,-0.9551360456408402,-0.5511114539242175
-0.5392690534078662,0.0750957067113582,-0.9652280297249984,-0.5511090096723049
-0.9428037219287351,0.0750901009009597,-0.9653059389432538,-0.551189838131293
-1.2774317663999286,0.07447889472185718,-0.9738707949048582,-0.5513396714154417
-1.0077954894719952,0.07400744344590263,-0.9805739061790981,-0.5514338248432586
-1.5045576286398648,0.07226855433833855,-1.0060536675518958,-0.551630385743196
-1.176514443619233,0.071024425373242,-1.0250494218584414,-0.5517592278169849
-2.5638577436735224,0.06872795619830903,-1.061918960296393,-0.5521740079686767
-0.6313647512639198,0.06988575661755536,-1.0430277474919118,-0.5521903292265693
2.2123618722573037,0.11426584894114723,-0.9504678664115689,-0.5516206708293957
-1.3309767014398322,0.11381406278986236,-0.9547274881671481,-0.5517812303742269
-2.1202684534559433,0.11474464621988573,-0.9459901839614844,-0.5521042967435537
-0.1525568932799911,0.11571234665886235,-0.9370534402189903,-0.5520220176242242
-3.8366979537439816,0.10922803946809809,-0.9999606236357924,-0.552698294325093
-0.49687593955191023,0.10962102562114504,-0.9959362365388312,-0.5526868035151357
-1.8895789494768644,0.10872025919927136,-1.0052036459106073,-0.5529619408162185
-1.215032069015917,0.10977295448018184,-0.994388127445982,-0.5530981692376588
-0.7133786669596667,0.11016483996297194,-0.990414644861978,-0.5531311419794241
-0.9801362841597872,0.11110383347804535,-0.9810078637067758,-0.5532189669778159
0.22509963780484143,0.11606938725993073,-0.9680788806766,-0.5530589179124689
-0.917326123440011,0.11683212468723025,-0.9609288920040404,-0.5531338083741316
-1.1768449123199334,0.11537823692284238,-0.9746394449832394,-0.5532620120953948
-0.7162554072959145,0.11791032855571386,-0.9509794889627596,-0.5532955084774748
-1.6605436976000545,0.11654356700043697,-0.9636228593640233,-0.5535230096463924
-1.6286098072318205,0.11566295724561185,-0.9719273147520195,-0.5537438573862415
-2.7339822273599474,0.11249988401482347,-1.002828358056691,-0.5541916368830527
-2.485834553174416,0.11063422822357906,-1.0218829739221,-0.5545882781389647
-1.8670798605119978,0.11078103249936486,-1.0203603450925973,-0.5548577282687888
-2.1820901702399578,0.11318519395739576,-0.9959867907911655,-0.5551917250754331
-1.9565145477119334,0.1098732558244245,-1.0298408590005723,-0.5554792938877944
-2.772875828855926,0.10652216302609999,-1.0662377884295646,-0.5559342377808941
-1.9744997899967418,0.10442742904103462,-1.090175607432125,-0.5562252255864769
-0.848773282655985,0.10566180566357393,-1.075954764596605,-0.5562852231371475
-1.6475978127359627,0.10409907382791685,-1.0940152670548455,-0.5565089903279612
-0.8189048615999528,0.0393929256569934,-1.1887630740565773,-0.5565627820194889
0.09446622084013279,0.041381873293034596,-1.1730507225556162,-0.5564293470937132
-3.6463300569599357,0.03928739111815582,-1.2382878204052132,-0.5570625234686858
-0.8856618365759585,0.03941714419572993,-1.2340449416442545,-0.5571298455979845
-1.2345445227839384,0.03910959370509367,-1.2441474510839354,-0.5572686032131394
-2.009734623119801,0.04019320913185873,-1.2092398107028124,-0.5575660568317973
-0.8434549842376227,0.04051124434177551,-1.1993490831555662,-0.5576245926482194
-1.459359839111977,0.04025644199282561,-1.2072608550483683,-0.5578091853291741
-4.694490539270474,0.03804099048680366,-1.2805190721953776,-0.5586558249840946
-1.811892465936028,0.03750915120424874,-1.2993934506998894,-0.5589122679226974
-0.4824266378399357,0.037286176997638074,-1.3074667459402098,-0.5588966202897018
-1.6020111138238997,0.03668132303203013,-1.329861122937968,-0.5591099797688456
-1.1079626904575837,0.03657971916141664,-1.3336956004527187,-0.5592222195869824
-1.2409961428295682,0.03640659050575619,-1.340278691808509,-0.5593616131513337
-0.21382551033590058,0.03656084962936024,-1.334410073392508,-0.5592909802603249
-0.43436170588800727,0.03637145514060189,-1.3416223384996766,-0.5592654480154091
-0.386798596800051,0.036263292007957165,-1.3457750585457584,-0.559230207547241
-0.5068794608639762,0.036280122241718483,-1.3451272666948804,-0.5592195128083884
-0.42306031634400937,0.036552343255813934,-1.3347323985831858,-0.559191702514993
0.22118830560006053,0.0404922907988188,-1.3047599971431862,-0.5590323437222392
-0.04925440072796056,0.0410713156180354,-1.2855891753683055,-0.5589282649262011
-1.1732698548720948,0.04127530605543817,-1.27896341989295,-0.5590536663530119
-1.1824298371679467,0.04127164588576703,-1.2790817277639244,-0.5591808859797088
-0.9620968400639813,0.04228703426595373,-1.2470465096917336,-0.5592630969476917
-0.5343599194944388,0.042350134485769866,-1.245106413056344,-0.559258016740133
-1.263909623558236,0.00815957475976609,-1.314631842972655,-0.5594017351996103
-0.46068754830555075,0.008268152222249695,-1.297226059909969,-0.5593816058792812
-0.12427013922474944,0.008528430470068678,-1.2573060936253453,-0.5592928981388827
-1.2232015247150363,0.00838681469561131,-1.278718986254046,-0.5594282239902029
-1.4823953874399585,0.008704656554128583,-1.2316329349279658,-0.5596163159330294
-1.1950857860406703,0.008607910011184385,-1.245597131857741,-0.5597457921901825
-0.5957357055998752,0.008788925310086163,-1.219720266980201,-0.559753123604607
-1.1003556063999622,0.008805337108601952,-1.217426737727882,-0.5598632259432618
-0.3078397808416035,0.008863870273913221,-1.2093159600055208,-0.5598119077911337
-1.3350875843998051,0.008812596395321066,-1.216414986010321,-0.5599697407871859
-0.4199339812799524,0.005109213049888668,-1.229315658392017,-0.5599412376812409
-0.9560736287198686,0.005106010709750372,-1.2300906084976142,-0.5600218507034304
3.2188187085305753,0.05828295790927207,-1.142177336080604,-0.559253012339395
-1.4404573747871585,0.05759515729987764,-1.1566613754304287,-0.5594322646507147
-1.17316010212798,0.058056242414950415,-1.1469137035209873,-0.5595570821893515
-1.30112436076789,0.05837022648099499,-1.1403639945917088,-0.5597078685412382
-1.3311168377118747,0.05975460242190412,-1.1123066867987474,-0.5598646908565809
-0.8435370197630885,0.061461072343774396,-1.0794607361305208,-0.5599223478340009
2.3419921353120317,0.10561502402422274,-0.9952792962140403,-0.5593326476748571
-0.9772316013887754,0.10795267131856373,-0.9711821248370165,-0.5594175519726454
-0.9524107496958291,0.10998135762854966,-0.9511000488766945,-0.5594973799632453
-1.0117510212263658,0.1137299469745135,-0.9158775527241032,-0.5595892267628519
-0.7465931158463956,0.11649844451536764,-0.8913194192410963,-0.5596271970956609
-1.2686427230398367,0.11553674732210965,-0.8997168080487734,-0.5597711304139605
3.184876864245571,0.1841185818250874,-0.8030673145091427,-0.5590111044357466
-0.5878649642623819,0.18498700879116112,-0.7984465165623912,-0.5590169595209388
-0.34734917879997346,0.1817695339587336,-0.8072828245551933,-0.5589740161692
-0.7985508551999904,0.19290558041658393,-0.7503272405199946,-0.559022611876914
-1.281881143065576,0.19127516659318525,-0.7582516266497867,-0.559169206590195
-0.33762973463997165,0.19500609394035423,-0.7403133308869075,-0.5591242878002619
-0.1745872606799422,0.20311223287264754,-0.7036103836381103,-0.5590463358385509
-0.33503628048000256,0.20547860501186913,-0.6934420095629578,-0.5590009345302092
-0.6849062269679635,0.20919108417129884,-0.6779529373200777,-0.5590264472541073
-2.7042131293199354,0.21937716306778665,-0.6381473891210669,-0.5594610474733265
-1.4022747032975102,0.22159788738434924,-0.6299550338682965,-0.5596317611974149
-1.173849789947871,0.21787503481232073,-0.6437834969104551,-0.5597561471894663
-0.4561473701759514,0.2241148232521095,-0.6208662220374963,-0.5597351695063294
-1.6750524799277453,0.2209826951836679,-0.6322080178268995,-0.5599609422412325
-0.5802727039199835,0.22464053719713672,-0.6189935490487077,-0.5599650531017221
-0.9609875856000003,0.22051295348458042,-0.6339367905539898,-0.5600461988994756
1.2201106526400223,0.25322272656885,-0.6008473433834292,-0.5596860619681506
-0.4113900008160257,0.2530680311138324,-0.6013391714637487,-0.5596560668101506
-1.322823408255973,0.24804027641680812,-0.6176580504115886,-0.5598103979206553
-1.6556082334880724,0.24081323355605308,-0.64230900875447,-0.5600319502529577
-0.6460471124799312,0.232040747014121,-0.6596537171160698,-0.5600493375911884
-0.8520867953638982,0.2277828219273384,-0.6757103650087884,-0.5601083589044002
-0.9859210302142809,0.2287624123120908,-0.6719633885156321,-0.5601943990481283
-0.5875648494143326,0.23192940302716009,-0.6600660887605599,-0.5601999284320407
-0.4560983855999903,0.23469311805197254,-0.6499461196712802,-0.560178902065078
-0.4913785825999607,0.23493091613596317,-0.6490864929333905,-0.5601650086241521
-1.5099910559999543,0.23357592951067996,-0.6540081215822249,-0.5603567764512015
-1.3620873628799437,0.22874331814374582,-0.6720361178737128,-0.5605186114504805
-0.713466539520021,0.22569113280324107,-0.6838200458796182,-0.5605494788426238
-1.0361679584351722,0.22665115193095306,-0.6800793745540209,-0.5606454470588451
-0.7552110159359777,0.23046260733236817,-0.6655356871239413,-0.5606846977283785
-0.9286301203199665,0.23189149522138877,-0.6602065738095271,-0.5607589101976386
-1.362576558599955,0.2278262961615431,-0.675543390869529,-0.5609205995802565
-1.536324661583941,0.22557804797089698,-0.6842627719732084,-0.5611172536250153
-1.4028436183679698,0.22012217592083963,-0.7061628487237357,-0.5612869223137359
-1.532271138599959,0.21916762567327625,-0.7101065198077389,-0.5614826063557122
-0.24689204351996008,0.22000486179057333,-0.7066456810525389,-0.5614192191780303
-0.9493141219198588,0.2200376964322634,-0.7065104909165387,-0.561497360778099
-0.45666415301760255,0.14748145406729588,-0.7800201481475022,-0.5614762463354485
-0.6486778212960583,0.1500789329545847,-0.7641845570776803,-0.561493806056544
-1.231848578687912,0.1498832665258043,-0.7653583266088789,-0.5616287677583018
0.0581435473920332,0.15567458370909548,-0.7381729684456805,-0.5615040148768303
-1.3826187646559849,0.15549138958308828,-0.7392030069845625,-0.5616692623611892
-1.1876124332519578,0.15427847745848455,-0.74608451525434,-0.5617952066611672
-1.5405546362398599,0.0977686854177657,-0.8237354506853778,-0.5619921005315311
-0.5561631900719166,0.0986788858435556,-0.8153140824590408,-0.5619909281842946
-2.0596516103798903,0.09632086799198396,-0.8374588996727219,-0.5622920865760492
-2.0176634649599743,0.09427426279453953,-0.8575771485473941,-0.5625846823497492
-0.7982226268800261,0.09417156259362088,-0.8586097387680667,-0.5626320467607101
-0.8402548970879753,0.09503053743126491,-0.8500419822490295,-0.5626878391341682
-0.8635592943358507,0.02672562308534617,-0.931010705420658,-0.5627482915061195
-1.0196589156960285,0.026486505329650575,-0.9396465844493309,-0.5628400774892834
-0.7991503772159381,0.026240846346972706,-0.9486826084176502,-0.5628875388870995
-0.9721517334527975,0.026147661481710882,-0.9521546259827063,-0.5629697204522734
-0.6767665742591833,0.026475375762706824,-0.9400523346065784,-0.5629925666385426
-0.3152084808399433,0.026487676429707216,-0.9396039095305778,-0.5629428307722643
-1.5779961840558205,0.025739153468446338,-0.9676720879980953,-0.5631465340340109
-0.26475511500623905,0.02577563098736497,-0.9662664646886202,-0.5630866641666297
-0.31000948952319507,0.025971970923863955,-0.9587685299397247,-0.5630358964284866
-0.6697269119999016,0.02709187680072972,-0.9180788055933242,-0.5630572945463309
-0.45805885363207355,0.027645114209248638,-0.8991944886000154,-0.5630362401166308
0.023407546129136425,0.02888465348526502,-0.8752493418784754,-0.5629186691891558
-0.5360728836671679,0.028833514508164203,-0.8768478521482996,-0.5629132881938618
-0.19043822807993094,0.029813981652725374,-0.8471555671113432,-0.5628386438932376
-0.5232304719518576,0.029852985380511357,-0.8460147224719807,-0.5628307079741951
-0.627995858399854,0.0300827273171394,-0.8393548879279779,-0.5628437618905464
-0.9735404642239484,0.0018432563781514706,-0.8832279102652572,-0.5629260163873085
4.965549436292859,0.11514764522706515,-0.7756891215230796,-0.56181899286855
-1.3412560321920841,0.11509924217659982,-0.7760577740018018,-0.561975036319866
-0.4804954047359664,0.11826866192582061,-0.7525555174267596,-0.5619587273463704
-0.7850155519007582,0.11788477649246552,-0.7553348862151762,-0.5620033654941701
-0.4934379788640014,0.11888063187724351,-0.7481619098851783,-0.561989646929418
-0.15563266271994702,0.12125193337255029,-0.7315561425352916,-0.5619083592750453
-0.8078018868319743,0.12061376694291044,-0.7359608832836444,-0.5619575379805567
-0.7276408010639964,0.11983612378382792,-0.7413917315929246,-0.561990668007168
-0.7976230116479359,0.11897104577114535,-0.747516620173884,-0.562037775632846
-2.4510962030399477,0.1163890844944345,-0.7663387231146838,-0.5624153607672467
-1.0158348533278976,0.11732590663352437,-0.759413672923643,-0.5625059721766313
-0.9709635186430956,0.11662779293617558,-0.7645636125061046,-0.5625875820760252
-0.9440801585759953,0.116876500732414,-0.762721856508921,-0.5626637891428451
-1.0286468544000054,0.116141095696003,-0.7681905732782016,-0.5627568554630482
-1.1731960663039107,0.11549113276373767,-0.7730818921978805,-0.5628787482767145
-0.6539347309342838,0.11739476120857231,-0.7589090556445669,-0.5628969267519905
-1.0337667631395626,0.11878326840672745,-0.7488578976756792,-0.5629909127472774
-1.2066052976350525,0.11933440953784336,-0.7449331312610211,-0.5631193530555767
0.1200285145669906,0.12676498227220176,-0.7118871381976821,-0.5629830506079266
-0.8386083004319987,0.12495112272065886,-0.7237214633359228,-0.5630380327044405
-1.227405928320001,0.12411646494099816,-0.7292832994639257,-0.5631705352763622
-0.7062882377615032,0.12337668987477704,-0.7342757811588037,-0.563199073203079
-0.9483204225599364,0.12250024556790315,-0.7402686331840813,-0.5632758517814995
-1.004824952448034,0.1231631324637763,-0.7357281606592838,-0.5633638623656466
-0.3190542651503722,0.12085811005991133,-0.7432721169101317,-0.5633151757181347
-0.48154064111994843,0.12349041887710464,-0.7252505544394111,-0.5632988827245905
-0.9313397326607264,0.12426013888223607,-0.7201251004275864,-0.5633721976349364
-0.7810425283679128,0.12659876796227423,-0.7049348582701476,-0.5634155496227342
-0.9406336539599869,0.12540403920809728,-0.712624267547909,-0.5634906627458599
-0.4714666619519793,0.1304910012202947,-0.6808605685793507,-0.5634723422201195
-0.9212285689599233,0.13425063097758444,-0.6589318706593497,-0.5635435516601554
-0.8228507402399612,0.13416380530077243,-0.6594244329265484,-0.5635951550807682
-0.9620799903791074,0.1337359610961545,-0.661860934792371,-0.5636744397674571
-1.0709897466239688,0.13301371951933125,-0.6660095438381333,-0.5637753578710689
-1.0027981897918536,0.13307213462410772,-0.6656723293200498,-0.5638626734700986
-1.5275761192799855,0.1305943579884217,-0.6802408441613308,-0.5640543046981378
-0.9067449054239717,0.13081306562954154,-0.6789327076007542,-0.5641224340422185
-0.9484212326399073,0.12990946938058867,-0.6843658007683687,-0.5641988202077121
-1.1406542434558937,0.1272388354221085,-0.7008747160206877,-0.564313378121712
-0.4286564048879891,0.13098827070978783,-0.6778879204373313,-0.5642864246201754
0.44493388588006844,0.1433690323701613,-0.6636941404196051,-0.5640859438274658
-0.8934896480399531,0.1412416543366101,-0.6753637435899402,-0.5641513666088388
-0.8540418532240015,0.14058269950783417,-0.6790500424144221,-0.56420893024796
-1.8764923435198906,0.13571017866169982,-0.7074187122121784,-0.5644694590177182
-1.3022622281535163,0.13097062268571882,-0.7339321076978316,-0.5646159045852323
-0.9412534764584242,0.12972586795143176,-0.7420357195536568,-0.5646906490924506
-1.0140629961599983,0.12726715964296967,-0.7585082149152581,-0.5647798102724244
-0.4714666619519793,0.12741893848760785,-0.7574729387152604,-0.5647612994316547
-0.693909972423971,0.12722573185411018,-0.7587912209957429,-0.5647869140038466
-2.134653606399934,0.12391586083289731,-0.7820134838392626,-0.5650982101950812
-2.050278555199995,0.012102499471318483,-0.9223300436691197,-0.5653926551484921
-1.4786854752800216,0.012066974502246029,-0.9250786325308783,-0.5655736844488156
-2.5203552828807867,0.011563176611994455,-0.9658758300937746,-0.565961076759246
-0.9743550291902833,0.011518539488213698,-0.9696626196395652,-0.5660419949190303
-2.076597516879855,0.011158372899339587,-1.0013258103998823,-0.5663412333346326
-1.515610986207947,0.010866493963114744,-1.0285253768696423,-0.5665292447731102
-0.8189944168590695,0.010864155157514066,-1.0287492274701844,-0.5665792378764937
-0.4667643592319325,0.010918931295591485,-1.023531698633543,-0.56655947646714
-0.4627020661759216,0.010990069571921031,-1.0168332797241026,-0.5665389187849763
-0.6223182056159525,0.01139546024691561,-0.9802577197756228,-0.5665499576305791
-0.7260557274144065,0.01146245752554894,-0.9744621372573529,-0.5665815179332668
-0.9157455653998972,0.011475313442418585,-0.9733577781924889,-0.5666505909396895
-1.155949091308847,0.011426142117353318,-0.977595156847146,-0.5667671452316929
-0.7937746521600745,0.011480677607078809,-0.9728977128023473,-0.5668120349898358
-0.987041949230249,0.011524272351421993,-0.9691746304608742,-0.5668951172188276
-1.208386707732704,0.011395391864457836,-0.9802636699968426,-0.5670219192726947
-0.6411582777599145,0.011486352089258718,-0.9724115002892496,-0.5670365707269412
-1.6284296703998444,0.011388680633031206,-0.9808479877445454,-0.5672462907624427
-1.5159860269677892,0.008703144549399714,-1.013568278575241,-0.5674337146534354
-2.4525360948130848,0.008436800739929414,-1.0458468344628629,-0.5678060437824419
-1.443151405785662,0.008402426844605373,-1.050161744012176,-0.5679789002915262
-2.0588611907598304,0.008193150148703723,-1.0772132030721426,-0.5682732502007993
-1.704941292719943,0.008080566439438918,-1.0923456204753426,-0.5684976221002307
-1.8839849645344167,0.007953574371430202,-1.1099288207170703,-0.568757240679752
-1.3112662584000185,0.007814963187625458,-1.1297730605820633,-0.5689037499571238
-0.8230535037840031,0.007768365094209971,-1.1366033178353443,-0.5689538880028581
-1.2992058579999162,0.0077187889087611365,-1.143960640342128,-0.5690979219219896
-2.902275038199979,0.007444823116453557,-1.1863852905387695,-0.5695580238971972
-0.6580938229247408,0.007480186270668867,-1.1807344939180644,-0.5695754796935354
-1.567269184319764,0.007344875103218535,-1.20265054436542,-0.5697721470904654
-0.9143804937918641,0.007345705510148423,-1.2025135828620592,-0.5698400635955309
-0.746459998536014,0.00735498150165707,-1.20098576802798,-0.5698748655531546
-0.14606305845598525,0.007455550702818459,-1.1846654293895176,-0.5697913722893451
-1.7414102047999473,0.007372726054357004,-1.1980738385530372,-0.5700221421992349
-0.7339805066349918,0.007405714161312699,-1.1926974848899001,-0.5700544301796279
-1.0239336526319496,0.007468320274108655,-1.1826246355569392,-0.570143794074578
-0.9644292434160873,0.007461096103425181,-1.1837783223167815,-0.5702214093205115
-0.946858676399944,0.007461291607954234,-1.1837470711919824,-0.5702955359229676
-0.10778676022398803,0.007592803583494811,-1.1630897215273444,-0.5702045267187765
-0.7783512773759675,0.007547761949054662,-1.1700836189771038,-0.5702454763057639
-0.4262645735999773,0.0,-1.1875075881667045,-0.5702171559079068
-1.6435142295553038,0.0,-1.2025080797970116,-0.5704282271121639
-0.10708165470510694,0.0,-1.1875688758266338,-0.5703371247581712
-0.7224369962399104,0.0,-1.1644877688810342,-0.5703670244773538
-0.5777317798656477,0.0,-1.1499971599152767,-0.5703684719528624
-0.583653445336666,0.0,-1.1428451592928417,-0.5703710824801534
-0.8443272395200424,0.0,-1.1394504441600426,-0.5704249049078626
-1.9426229529599803,0.0,-1.1688735699802026,-0.5706944389970499
-0.729546707375965,0.0,-1.1695863046792423,-0.5707256354362444
-0.3969611344798665,0.0,-1.1348324552408409,-0.5706915171364297
-1.3782972385199501,0.0,-1.1213928289072401,-0.5708500577177771
-1.1669192777429744,0.0,-1.1151575049564992,-0.5709670487325024
-1.2126972575999946,0.0,-1.0890043444508835,-0.5710929769524529
-0.8229417100631744,0.0,-1.0859760780683412,-0.5711423881223784
-0.9461528425811653,0.0,-1.0633671845823676,-0.5712159484312169
-1.2256660008790958,0.0,-1.0575682848757904,-0.5713442971373256
1.7836007404160206,0.034260864726221175,-1.0055163817302886,-0.5708825432083935
-1.3956456561598065,0.03366027410931548,-1.024094007668846,-0.5710442297625891
-0.9071793534319598,0.033380273185364066,-1.0329835534139669,-0.5711101127738923
-1.2913391632589193,0.03296749389533268,-1.0463639725668261,-0.5712512511337757
-1.1926242241199454,0.032685616414503176,-1.055695342500937,-0.5713729934874172
-0.7045165246079064,0.03281263103580618,-1.0514707616850971,-0.5713990744925339
-1.6778550968927584,0.032500579154262584,-1.0619088817967755,-0.5716157717158791
-1.1449790338560004,0.032293910780147,-1.068932969430694,-0.5717280417887477
-1.7604765461759193,0.03184791819235092,-1.0844016613696073,-0.571960764675276
-1.573843128575954,0.031641439503010474,-1.0917107897864724,-0.572156866136208
-1.1741041639199092,0.03134508525369591,-1.1023697075096723,-0.5722746640418407
-0.5113447004159123,0.03197276514794168,-1.0800280081099936,-0.5722627427028414
-1.5545044559280015,0.03195070382518039,-1.0807983766891978,-0.5724548870129401
-1.9626253464000238,0.03223358783645841,-1.0710001617209366,-0.5727267764045668
-1.123625871599999,0.03242080270501209,-1.0646096510372234,-0.5728345001228294
-1.4795401485600244,0.032765840552807506,-1.0530232301932272,-0.57301176417922
-1.2801894899038357,0.03302352148510764,-1.0445281941369051,-0.5731499928199011
-0.7503533295839986,0.033731522098876345,-1.0218555614378966,-0.5731846231378147
-0.8220185123039783,0.03404654357119948,-1.012070606515976,-0.5732332424987303
-0.6149797810126987,0.03418231051351365,-1.0079091320605498,-0.573241397712349
-0.3419994796799881,0.03482109113218996,-0.9887650044941513,-0.5731962332752334
-0.5198268010320563,0.03651970828453822,-0.9411160397507927,-0.573185811593483
-1.0339144809599417,0.03624083398804045,-0.9486324529114968,-0.5732757625246362
-0.3546490969920085,0.03715633357046897,-0.9243800511649417,-0.5732330870092092
-0.43467355372788247,0.0375313980645728,-0.914785912363662,-0.5732060457263674
-0.027679620067209032,0.0381077754181536,-0.900410304794286,-0.573099601545751
-0.04774978137597469,0.038187990296536224,-0.8984440392526857,-0.5729971142612855
-0.46420518640635533,0.03926162882677805,-0.8728999388848139,-0.5729758948487919
-0.4634413566720119,0.0394968428291869,-0.8674891558855542,-0.5729545347594438
-0.49975524165835494,0.03996069209022559,-0.8570055876660824,-0.5729402631093949
-1.0218674245246562,0.03990933380506947,-0.8581543512882539,-0.573027773277312
-0.6497304397758658,0.040176445108600946,-0.8522117865557722,-0.5730427221501435
-0.6827547136872513,0.039662755961688494,-0.8637111456250375,-0.5730641001687595
-0.28103288131981374,0.04010629547667348,-0.8537647777039145,-0.5730072072759389
-0.38169489316492194,0.04014653033186569,-0.8528733840952134,-0.5729699434827735
-1.0325998371357066,0.040706277779503496,-0.8406550962468213,-0.5730594527123066
-0.9544892310399467,0.039933955749784665,-0.8576032477735183,-0.5731337186348782
-1.2024138589440354,0.0395093703078246,-0.8672027850276006,-0.5732562181755263
-0.9281427959999906,0.03920505605446091,-0.8742110053502876,-0.5733252891326739
-0.7833967501199406,0.03903367763337604,-0.8782058714459531,-0.5733661670196144
-0.7394698266480089,0.03912345734204831,-0.8761087231885122,-0.5733984829067017
-0.5338415180159469,0.04037099201097059,-0.8479330944896316,-0.5733907884961024
-0.8738961569599322,0.04023951807031875,-0.8508200834813111,-0.5734492298357492
-2.3750984548778273,0.038520412708352436,-0.8903828298892702,-0.5737995407875365
-0.37795634284792334,0.039370997732793074,-0.8703760119758296,-0.5737614686261951
-1.5847552147199844,0.039011187313874485,-0.87873273071537,-0.5739579688683903
-1.2975403446079214,0.038938928308250874,-0.8804295924555283,-0.5740985795127237
-0.9968401717999136,0.03879165623071594,-0.8839075616902633,-0.5741807131036091
-0.6653025319679293,0.03903006093252305,-0.8782905554779984,-0.5741984135346239
-1.2441520245841908,0.0390142786914516,-0.8786602759521004,-0.5743285268791665
-0.7496556886496333,0.0,-0.9293254045334135,-0.5743625709882481
-1.0240942711872039,0.0,-0.9218943768339614,-0.5744498805786574
-1.216395242400039,0.0,-0.928078694613323,-0.5745744817746632
-0.9279555687288645,0.0,-0.9208110227227219,-0.5746430595132532
0.7550178017761868,0.016835065827176376,-0.8818581822047993,-0.5743850733158745
-1.2224867677208027,0.016642849565928285,-0.8922175870670572,-0.5745107962439842
-1.1988059411199012,0.01682046825357432,-0.8826366039516,-0.5746318775366288
-0.3435968539423502,0.017126229421470907,-0.8666089603533271,-0.574587077260578
-1.8187831583432308,0.01710360850889908,-0.8677750925966733,-0.5748282940269763
-0.6423782597439901,0.01747228612309846,-0.8491457952200341,-0.5748413876431261
-0.9203604681599129,0.017575489816498813,-0.8440709213048342,-0.5749083487052419
-0.2741673753719564,0.017673064076101058,-0.8393273748039549,-0.5748500768638674
-0.800568607479954,0.017990556712387102,-0.824248657834994,-0.5748938038167182
-1.5847552147199844,0.01815401337489895,-0.8166912552013932,-0.5750893996739531
-0.6133305772159698,0.018379526246875166,-0.8064853493137127,-0.5750968050142982
-3.090173082199894,0.01768609155490727,-0.83869800798651,-0.5755837510505393
-2.0334338889918424,0.01737943917031699,-0.8537628959682703,-0.5758659520063932
-1.603494844682429,0.017044713252174125,-0.8708257262702388,-0.576064835089938
-0.9108814790400375,0.017010588253073538,-0.87260298560496,-0.5761296215922503
-3.505095399231865,0.01597066709391249,-0.9304052979693432,-0.5766962622921226
-1.186541465839983,0.01569036892167904,-0.9472961376925432,-0.57681422074542
-1.74237748799991,0.015301610351407003,-0.9717471514319003,-0.5770396245874727
-2.358459227519936,0.014901592597083482,-0.9982380463631002,-0.5773840599322007
-3.410082242931748,0.014054071645737812,-1.059346709281895,-0.5779316528537161
0.02517758164799161,0.014641196382329809,-1.0501496865743776,-0.5778150874817598
-1.912637832120113,0.014140983878568977,-1.0878488508154356,-0.5780730242440087
-1.3629205051774467,0.013811748093928537,-1.114152265291465,-0.5782246562921026
-2.388588218457362,0.013356721618967532,-1.152639925932485,-0.5785743498524977
-1.850691700199913,0.013046867278737835,-1.1803849328030431,-0.5788200272086869
-0.007258852389564918,0.013155210997290938,-1.1705350050176673,-0.5787096659082777
-1.4262075101951135,0.013066129359246791,-1.1786218067310765,-0.5788732755307268
-2.4053098053599022,0.012692942487601156,-1.2137333940427573,-0.5792258014002172
-0.47931664147197994,0.01273509206813073,-1.209664632598452,-0.5792065213616359
-0.976817813903872,0.012592080481995505,-1.223580331250133,-0.5792832358691686
-1.154282654532762,0.012436999847995829,-1.2390320864774897,-0.5793941539669045
-0.8144607758400577,0.012480398289938606,-1.2346693052515767,-0.5794394898631193
-0.6323157929917747,0.012545051074520445,-1.2282258364906133,-0.5794496858336415
-0.7093482926400012,0.01264530538488672,-1.2183645251645325,-0.5794747289427232
-0.9019468807198838,0.012650676609042361,-1.2178406068589305,-0.5795368862580232
-1.7347192326143253,0.012458498531926569,-1.2368670565088182,-0.5797595076390903
-0.6354710627999309,0.012479222744724407,-1.2347870812318567,-0.5797702420427822
-1.5810218976236365,0.012273643548703424,-1.2557306888240105,-0.5799631242727148
-0.7921257300720279,0.012289452349433051,-1.2540952802862524,-0.5800039876405498
-0.6378710981118485,0.012635207118319804,-1.2193507331509328,-0.5800151309316092
-2.228620775400005,0.012267532307186189,-1.2563640218019745,-0.580332536716066
-1.8533175368639645,0.012215946995696178,-1.261735268244854,-0.5805775771395786
-1.9541424554398628,0.012091635558594797,-1.274867310461493,-0.5808419275780505
-2.261655151199744,0.011859167716456863,-1.3001636100494895,-0.5811653474786896
-2.349148473643349,0.01156320871451329,-1.3338405288829978,-0.5815054750520189
-3.01155545088001,0.011268047459291705,-1.369188597408914,-0.5819728822410605
-2.28159020879981,0.011024137180463625,-1.3998272878119178,-0.5822997317269373
-2.0255657401438967,0.010870313959333064,-1.4198567171910517,-0.5825772295174424
-1.9275655688999347,0.010763661136231945,-1.4340801237210496,-0.5828357816780311
-1.5951925146526742,0.010665482446526669,-1.4474248626395256,-0.583030353412218
-2.712788417714952,0.00033187686299353,-1.5167809870293487,-0.5834396074599318
-2.416391541999956,0.00032673490895932975,-1.5406590825149318,-0.5837917596087387
-1.3635473443775776,0.00032603787755882617,-1.543953910580085,-0.5839415397825322
-0.8752932672342907,0.00032380838582404196,-1.554587838845924,-0.58399749363839
-0.9001615366798692,0.00032767971679105456,-1.5362154064126565,-0.5840582010199264
-0.7666861271999537,0.00032715044143463246,-1.5387015637617758,-0.5840932610940635
-0.8373839986078894,0.0003275035469150779,-1.5370420343707354,-0.5841418773584616
-0.65518874738951,0.0003258883696499754,-1.5446624618110862,-0.58415551137689
-0.3491548802639062,0.0003278036989837293,-1.5356341872667656,-0.5841104229979351
-0.72818209967992,0.00033150069273399656,-1.5185027249659644,-0.5841380599971069
-0.47093724724800506,0.0003321233649721184,-1.5156548583666052,-0.5841163490625558
-1.1876311666080441,0.0003406731976786158,-1.477604020054768,-0.5842320757773296
-1.0356258796798445,0.0003453356276913074,-1.4576478598685279,-0.5843186160004704
-0.4242464437598879,0.0003510131128797636,-1.4340628918500773,-0.5842879331995809
-0.42167912097595495,0.000353423536295655,-1.4242788446887957,-0.584256770146261
0.34798738687207303,0.005509269111539768,-1.3472171889667168,-0.5840781450922241
-0.5876685900480411,0.005558414034290429,-1.3352397314508782,-0.5840788329169283
-0.49516647119997165,0.005663630788135534,-1.310295511114879,-0.5840618031598478
-0.3794480944463464,0.005839011419451251,-1.2707152884534074,-0.5840226201440084
-0.3216959059199871,0.006135508658442114,-1.2089475617131722,-0.5839723948493073
-0.3828733565792348,0.005685751013253996,-1.2171085804777166,-0.5839338996275864
-1.303536564862315,0.00574290485911039,-1.2049265551325608,-0.5840716226257174
-1.1977415588157592,0.00575860270014172,-1.201622976205327,-0.5841890489433963
-1.2302459146783886,0.0058711443531223,-1.1784561301297476,-0.5843126488794466
-1.001865462623842,0.0059564475630533575,-1.1614796053782261,-0.584392517436016
-1.1444636772544632,0.005842716954892879,-1.1842237018755242,-0.5844996260915559
-0.6713851747679074,0.005917715033202409,-1.16912725516698,-0.5845162390071728
-0.4109526387359332,0.006125460832272512,-1.1292401118345006,-0.5844830591944656
-0.9391159822079578,0.006076281627349289,-1.13843609864922,-0.5845508407164484
-0.7522867805327893,0.006100197966096573,-1.1339454779817983,-0.5845828942115403
-0.27122283181591433,0.006196113717155662,-1.1162842815274616,-0.5845230241193746
-2.4062582372639016,0.006025338389571393,-1.1481202307559384,-0.5848710155641014
-0.5023040696960137,0.006038932808588785,-1.145519996290023,-0.5848552464758912
-0.4990780628160021,0.006061049610226673,-1.1413145916935432,-0.5848388674070236
0.07591541513607769,0.007501141821019354,-1.121757345776424,-0.58471272111406
-2.0454319404502117,0.007460124604377691,-1.1279715999331417,-0.5849915375330972
-1.3257418640428793,0.007370587834431691,-1.1417770159580007,-0.5851329020992251
-0.7497592229119396,0.0074786812253683005,-1.1251517624637668,-0.5851643133415095
-1.3920792479999553,0.007400351128174675,-1.1371508328223252,-0.5853182459883348
-1.5544248445440525,0.007283803828225457,-1.1554819077509693,-0.585503084172305
-0.9028150746879126,0.007453604010277943,-1.1289657937367275,-0.5855635937052028
-1.051343523839944,0.007560213131521019,-1.1129263134762473,-0.5856523982676689
-1.292308995671918,0.007650517189507334,-1.0996896442808883,-0.5857871021558512
-0.9448986140927629,0.00783675429873865,-1.0733545135387488,-0.5858555434579165
-1.3953654612159982,0.007977417945468806,-1.0542788532902017,-0.586009794585538
-1.0174772023680279,0.008288454782793293,-1.014397288319962,-0.5860919945108157
-1.070485990784079,0.008489489174815916,-0.9901752039596474,-0.5861842600339154
-0.9552085145599984,0.008675456372551803,-0.9687680594479693,-0.5862545369820256
-0.47225326000318146,0.008941777805769392,-0.9396618132700343,-0.5862328307221285
-0.30672312767988263,0.009191595144854802,-0.9138924255305786,-0.5861796211841422
-0.8937251407927921,0.009569028478845448,-0.8775111599921352,-0.5862381566846387
-0.9296938880927585,0.009901318458368351,-0.8477772069139913,-0.5863035145783415
-1.3986677001887218,0.009893202822336323,-0.8484796140302141,-0.5864580739743861
-1.309778976095856,0.009793890901122348,-0.8571693282074455,-0.5865956659283754
-3.053468498587115,0.009329734642488713,-0.9002354674455905,-0.5870648315488886
-0.21252311404793278,0.009444931156537339,-0.88915220718255,-0.5869936123594037
-1.1237239613443617,0.009385055358854538,-0.8948790064372794,-0.5870956523497051
-1.2051377215199373,0.00927216057104966,-0.905877985919888,-0.5872131285080723
-1.5847085853055907,0.009028168376000654,-0.9305890600207217,-0.5874026943493489
-0.7300872032398968,0.009027802078478692,-0.9306271620919213,-0.5874298052193643
-0.4174095689279488,0.009038105264572941,-0.92955660852552,-0.5873975065422572
-0.49934784979194136,0.009172714930831372,-0.9157909421891981,-0.5873807829607283
-1.6162305541199116,0.009058903011490859,-0.9274030356779994,-0.5875761589142335
-0.7211914719358465,0.009001779649658764,-0.9333419362415185,-0.5876015273047825
-0.5943101735998377,0.008968900527287332,-0.9367945572939962,-0.5876028007759851
-0.43168438480795795,0.001591674466435144,-0.9523879927275968,-0.5875732091236852
-2.3308832793790217,0.0015355516342015155,-0.9872522865142165,-0.5879040079984965
-1.3332673583999446,0.0015099543105366372,-1.004014304258216,-0.5880454163366489
-0.8461685255526785,0.0014960662540315986,-1.0133487128803425,-0.5880943774726913
-1.8512961178799132,0.001452288674927558,-1.0439407171195412,-0.5883339378255089
-1.395344378768026,0.001424693881906617,-1.064190137563317,-0.5884869545947434
-1.5200709948199687,0.0014189278259251785,-1.06852082616247,-0.5886635582042649
-1.1450573860479802,0.0014203264425042053,-1.0674671427071143,-0.5887690157152283
-2.0561863140799717,0.001398712432619333,-1.083985950695146,-0.589047093656931
-1.197923297519853,0.0013936780626251958,-1.0879071073930662,-0.5891624548171931
-1.8313844266367738,0.001376321685402728,-1.1016455223807124,-0.5893977686970604
-1.83157692648,0.0013479686508526942,-1.1248493574149543,-0.5896330299011859
-1.5646122858239928,0.0013209103289509973,-1.1479225503567154,-0.5898176500973462
-1.3040960607199463,0.0013125747347162784,-1.1552221519269554,-0.5899528788763357
-2.3582089037150498,0.0012771139613640228,-1.1873405943906006,-0.5902875856764188
-2.6478470764143274,0.001228015916292377,-1.2348730792825688,-0.5906769799782239
-1.6255947527757273,0.001243721754563338,-1.2192598095928053,-0.5908728016949311
-2.1230605823999897,0.0012115516142170422,-1.251674939846885,-0.5911626593908647
-0.7365619591918275,0.0012069770982824927,-1.2564246177744014,-0.5911901606770007
-2.044551951000023,0.0,-1.2988339650971232,-0.591465002165337
-2.368003128348668,0.0,-1.3052853888550926,-0.5918008951746363
-2.5375825134818975,0.0,-1.3295222018438728,-0.5921687177867926
-1.0371456281520368,0.0,-1.3352699299486748,-0.5922528185069524
-0.659865292415832,0.0,-1.3206256508369925,-0.5922655948625664
-0.47166466167683924,0.0,-1.298970447179648,-0.5922428098761341
-1.07375397271998,0.0,-1.3023892251402893,-0.5923337640058741
-0.5497119766799301,0.0,-1.292356594197089,-0.5923257145653972
-1.0720438259199927,0.0,-1.2879512908020505,-0.5924162957797767
-0.9286272680639389,0.0,-1.2876258638814742,-0.5924797677398077
-0.4524196224639727,0.0,-1.2687669471064336,-0.5924533313212959
-0.9832714319999777,0.0,-1.2680828316990727,-0.5925270845012692
0.9121597485839221,0.014633503199662206,-1.2284299169117125,-0.5922431813252155
-1.0947554735999292,0.014600816210870896,-1.231220856092511,-0.5923379770792759
-1.1418420544638836,0.014445983921766844,-1.2446126319817252,-0.5924416179841013
-1.4354466627120448,0.014192286431222976,-1.2671871026823684,-0.5926005855580647
-1.6252438220854941,0.014032571998134626,-1.2818174763082226,-0.5927952769676664
-0.315973817279979,0.014166322004357202,-1.269543074891967,-0.5927430957311561
-1.2013299110806979,0.014209871850478466,-1.2655963191098065,-0.5928577935855378
-1.4820101383136368,0.014171847879347154,-1.2690409423541622,-0.5930253368952662
-1.7301168869598413,0.014469342855503633,-1.2425739101216167,-0.5932395591164539
-2.660011619687943,0.013928581732384879,-1.2915236802344168,-0.5936288550404643
-0.5649062913919756,0.014048458436530253,-1.2803473268353691,-0.5936234458947678
-0.8445169653759466,0.014126919820966255,-1.2731349117124893,-0.5936706862486525
-1.5649225598183807,0.014131250098414294,-1.272739191202745,-0.5938535273393093
-2.1212473710479016,0.013833119237970423,-1.300562394558905,-0.5941410097115488
-1.5954970049998685,0.013590314999345867,-1.3241241432803434,-0.5943294470460028
-3.0718410082728056,0.013088656785890647,-1.3755740064499609,-0.5947955828054059
-2.047910554255978,0.013008081961342418,-1.3842076064526818,-0.5950689302417208
-1.2409037210399885,0.012912382018169521,-1.3946018514347651,-0.5951903962546601
-2.7765318863999084,0.012525456046123326,-1.4382462856907665,-0.59560057705386
-1.4154361250760388,0.012358510708338665,-1.457921320496128,-0.5957547104526234
-0.7906475425967473,0.012621905606090039,-1.4271166057604825,-0.5957913444436279
-1.2687018074399181,0.012633192332383535,-1.425825294741282,-0.5959178076014923
-0.9145136683199706,0.01262124551915338,-1.4271921975966277,-0.5959776715362384
-0.4191923000880542,0.012876398245898138,-1.3985501212407905,-0.5959444599316078
-1.7623795793600219,0.012810026804081992,-1.4058908252526308,-0.5961635499239872
-1.2776003985600086,0.012853796106153325,-1.4010414133274312,-0.5962915192852335
-1.6073619620400157,0.012770600571615685,-1.410287504847272,-0.5964813560187586
-1.1159351594158238,0.012940953884057377,-1.3914824817539893,-0.5965788694040407
-0.9598765700591334,0.012984806254580893,-1.3867215472047747,-0.5966470559094188
-3.005907025959767,0.012771275603340931,-1.4102119991912345,-0.5970991594879609
-0.508064244671879,0.013012404373490737,-1.383741745555072,-0.5970824550011286
-0.2916171172137508,0.0132530789337399,-1.358281842182867,-0.5970251551816224
-0.7695544438400033,0.013356815129786157,-1.3475910098452684,-0.5970575125125785
-0.5747272473599344,0.013714990881543506,-1.3119213767181659,-0.5970533253261633
-0.6571185116759002,0.014138175662489084,-1.2721068054233975,-0.597064586141002
-0.6604087542718944,0.014352895919398366,-1.252803085453321,-0.5970764594621136
-1.7135681951427149,0.014445976992780829,-1.2446132377081753,-0.597285697043763
-0.8780762130878763,0.01441367339620751,-1.2474435227860965,-0.5973383090947363
-0.048787061399992865,0.014883031758227668,-1.207528224994096,-0.5972355456538042
-1.4649627772407965,0.015105601272488067,-1.1894674179719384,-0.5973980718256693
-0.14355401663986844,0.015729196774713877,-1.141586848035098,-0.5973130823022262
-1.3707213467998904,0.015639237561463196,-1.148258362408055,-0.597457888193351
-0.7400287108799004,0.015617772112173666,-1.1498616307773364,-0.597484576853532
-1.0651968539999375,0.015460656125277451,-1.1617322746237984,-0.5975721142439767
-0.540946469720039,0.015601550976619206,-1.1510761245637995,-0.5975615181278607
-0.7168117534775725,0.015557087743247664,-1.1544181200997523,-0.5975838287425191
-0.7919104342398114,0.015631772246284367,-1.1488154522661487,-0.5976201786500196
-0.5588396441599344,0.015731463905687845,-1.1414196997880686,-0.597612925885013
-0.7262508117598101,0.015657519705837238,-1.1468963235739853,-0.597636979341609
-0.6763625255997769,0.01574044337610886,-1.1407581454459814,-0.5976516971479762
-1.4929432433735235,0.0,-1.1888602052851303,-0.597819041362224
-0.4927224328800427,0.0,-1.1768195444707326,-0.5977994008074712
-0.8518824447967663,0.0,-1.17102035227739,-0.597846875217783
-1.6161204933528377,0.0,-1.1746338288902058,-0.5980371000670517
-0.926051289464775,0.0,-1.1606499782377915,-0.5980983653246904
-0.7828532742398309,0.0,-1.1699875673769886,-0.5981328667082413
-0.8779023582078511,0.0,-1.1635190163195317,-0.5981851014900746
-0.9358994724799075,0.0,-1.152596803002857,-0.5982481431871047
-0.8716111729920566,0.0,-1.1354266887235014,-0.598299162789532
-1.1742613499997732,0.0,-1.105711683329738,-0.5984066384729075
-0.6575129394750858,0.0,-1.1075638162914003,-0.5984176657678707
-2.849175796767972,0.0,-1.1476569929192406,-0.5988375050014092
-0.6871207723197852,0.0,-1.1301009571692688,-0.5988539696167241
-1.1953202352638366,0.0,-1.1115824144535875,-0.5989651883871226
-0.716842686280025,0.0,-1.0940093280791907,-0.5989871640578707
-1.2390092682398337,0.0,-1.057352693278531,-0.5991064598834405
-0.6058460267999657,0.0,-1.0285114027294109,-0.5991077158593847
-0.44384874119996254,0.0,-1.0125703031326103,-0.5990787874124572
-0.36528654433916136,0.0,-0.9643453962913955,-0.5990352344610651
-0.46167705737990267,0.0,-0.9452702149374729,-0.5990096508929741
-0.95271684203807,0.0,-0.9485116009262992,-0.5990755181538948
-0.9362739959679731,0.0,-0.9418630446968602,-0.5991382994754019
-0.7496850204200862,0.0,-0.9385664717388625,-0.5991663238091592
-0.4369560935999055,0.0,-0.9389217476090996,-0.5991361339282344
-1.0903114818239497,0.0,-0.9254803856583783,-0.5992275323926736
-0.6725961946798937,0.0,-0.9133803015807759,-0.5992411823763549
-0.025913273127980863,0.0,-0.8817513278025352,-0.5991345365599025
-0.4075005574398334,0.0,-0.8675826357630154,-0.5990988969878138
-0.6081191772000154,0.0,-0.860547487905833,-0.5991005742433386
-0.8294827158399292,0.0,-0.8170190017034363,-0.5991434041636949
-1.194649937431937,0.0,-0.8307507155586376,-0.599254093110399
-0.7887139734400349,0.0,-0.8406926526831632,-0.599289302157106
-1.074060906239882,0.0,-0.8467827819311607,-0.5993775168735835
-0.5086152730399371,0.0,-0.8454605424447607,-0.5993606559700291
0.7986326985257342,0.019190562580268664,-0.8163455182407282,-0.5991009989576785
-2.088351216045466,0.018553932295314896,-0.8449043674761996,-0.5993775542440458
-0.5952253755058703,0.019048849538379153,-0.8225375110834626,-0.599376783323374
-0.9274602925598732,0.019026438286147484,-0.8235251926729026,-0.5994376861466961
-1.6828363079679292,0.01831350795532954,-0.8562061776042613,-0.5996387623571307
-1.598431057984008,0.01825762917706774,-0.8588755432191256,-0.5998241014359259
-1.1305517509726974,0.01785475689233516,-0.8786154979057821,-0.5999225666770273
-0.8519924507039816,0.018064248775419497,-0.8682409199838639,-0.5999693242144094
-0.7791900478583011,0.018048261821952523,-0.8690241467234319,-0.60000256247918
-0.28793487122393213,0.01837095323796739,-0.8534789070679117,-0.5999446971553798
-0.8389038683927751,0.018245897389744973,-0.8594380550413665,-0.5999889980770033
-0.6036858864000079,0.018293176488127453,-0.8571755376998152,-0.5999896833204368
-1.6404309331199705,0.017944410936861104,-0.8741459476774185,-0.600182500453461
-0.4856598427519612,0.017973965002734543,-0.872682351649259,-0.6001612807651711
-1.4205717303199146,0.017697419249617055,-0.8865687700204612,-0.6003132649166262
-0.7057923033039322,0.017685885337485205,-0.8871573655745442,-0.600332801689804
-0.6198034790591898,0.018034599828262166,-0.8696945702882575,-0.6003364073707983
-0.8594061656220726,0.017886492600339303,-0.8770282449430981,-0.6003843743691785
-1.0436521105919552,0.017809999560574195,-0.8808636382590019,-0.6004664305958024
-0.478908248903906,0.018273423284323614,-0.8581193933700233,-0.600443932320457
-1.0818580970399458,0.018208509987822745,-0.8612355295215266,-0.6005330171029736
0.17296100628801636,0.02255452252353947,-0.8421192439109697,-0.6003899099756116
-0.6175993031199078,0.02269164040777512,-0.8369131828092108,-0.6003930933631707
-0.9095526131999991,0.022705611915105433,-0.8363862456236127,-0.6004502710069356
-0.28433798942395894,0.02302156568753706,-0.8246407819522507,-0.6003918182921458
-0.6208355326503987,0.02332746401865106,-0.8135722656052633,-0.6003955978658856
0.5695151373520069,0.03759471969447457,-0.7890317040687215,-0.600179348192093
-1.8298884598560115,0.03855335256753921,-0.7686459573304822,-0.6004066091626463
-1.3946908228797952,0.037882788589026356,-0.7827973583416824,-0.6005533726906798
-0.7488407957038772,0.038303171279129446,-0.7738677695504832,-0.6005807673744066
-1.1037984862118768,0.03793829919445547,-0.7816068855491203,-0.6006737148658801
-0.9566356939198526,0.038203867305277854,-0.7759594140627206,-0.6007394511501005
-0.6578900861791068,0.03815464153087235,-0.7770002952503035,-0.6007500033352979
-0.36120276341598745,0.03823287141803166,-0.775347375694624,-0.6007057819507826
-0.632484181183878,0.037981101538016517,-0.7806913284315183,-0.6007116472884041
-0.6103998340239578,0.037842397096636386,-0.7836657839643993,-0.6007134351065875
-0.5022246525119467,0.03826569113690432,-0.7746559401738771,-0.6006952637444851
-0.3157338840527036,0.03886451536829331,-0.7622451379355715,-0.6006426975427342
-0.5568180446400381,0.039054469418018524,-0.7583877984199705,-0.6006346147959797
-0.5674701292799916,0.03892572412824814,-0.7609980791335724,-0.6006284992721892
-0.88240307566552,0.039131217965944945,-0.7568399110104036,-0.6006804488622323
-0.5137758647999988,0.03928966146834266,-0.7536635044128058,-0.6006644295840641
-0.9176887270079686,0.03841625674936349,-0.7714990134904055,-0.600722856472642
-0.6084788189598764,0.03822475377888067,-0.7755185787208064,-0.6007242856162733
-0.13652373839984255,0.03867716736680944,-0.766086669944803,-0.6006387659870883
-0.10164890505628871,0.03939680619887925,-0.7515299937291302,-0.6005468540583849
0.01947510364803451,0.0411514292077497,-0.7272474929075307,-0.6004326695357871
-0.42572158855992703,0.04154913072183777,-0.7199876452099285,-0.6004005003071042
-0.9641281331279248,0.04167109619801793,-0.7177889897476895,-0.6004674604751494
-0.6276475516390911,0.04153906721517801,-0.7201696353196724,-0.6004724632528347
-0.9040407931919254,0.019804775764318515,-0.7542231051540256,-0.6005283278700483
-0.7767370433758531,0.02050378495229001,-0.7279908217006333,-0.6005607489768571
-0.6480222007999612,0.020474695729400142,-0.7290467582065152,-0.6005694799282594
-1.4796587423518732,0.020175327269212163,-0.7400907272023552,-0.6007311663844712
-1.0556380469120081,0.020516042732598577,-0.7275467619812368,-0.6008148197277091
-1.112164866240032,0.020788223772813367,-0.7178214381463571,-0.6009088351802763
-0.9507656986799948,0.020890694323365475,-0.7142257171005033,-0.6009731471037136
-0.2294637661999963,0.021253450236133967,-0.7017751434104236,-0.600904867489506
1.274469016420911,0.0580647875643092,-0.6607019621248393,-0.600560256338475
-1.3146343654894252,0.056413318556859805,-0.6812359520101492,-0.6006914476133511
-0.7097736659039791,0.0566158442176945,-0.6786533479603734,-0.6007114847585185
-0.9373156226399066,0.056095532502009916,-0.6853259426851713,-0.6007733037002781
-1.2439827449277783,0.05671489432142288,-0.6773969789213274,-0.6008914104651014
-0.6496857838559638,0.05645698919819689,-0.6806774977434074,-0.6009003684921604
-0.5680281542207333,0.05782368756236196,-0.6636266262214237,-0.6008943346789682
-1.3130049402880117,0.056843609156774735,-0.6757708789611054,-0.6010250211545801
-0.6562434737855416,0.056785848428667914,-0.6764996788556324,-0.6010351529807509
-0.7406331292798893,0.05697454823666562,-0.6741242181287888,-0.601060762589318
-0.46748524679991754,0.05790801844531421,-0.662600880852948,-0.6010362623112936
-0.19327715076795826,0.058382213852306776,-0.656888258890229,-0.6009614852873538
-0.10483031759985395,0.06006465168008213,-0.6373477033014272,-0.6008705188099633
-0.5344511602943133,0.05411015080281749,-0.6514959466330739,-0.6008583429422244
-0.6722891360560348,0.05402435717210388,-0.6525897432917964,-0.6008714350963876
-0.9065452639999243,0.054029067824302564,-0.6525295963077948,-0.6009274500916054
-0.8193532332959639,0.05320375982712903,-0.663229901185235,-0.6009674694729179
-1.0768545132798921,0.05251995884684809,-0.6723502807978248,-0.6010546442382243
-0.3712456641599309,0.0360910470132813,-0.6911654968280635,-0.6010125546814334
-0.8677090813679904,0.03708634715049171,-0.6719219092583031,-0.6010613912547143
-0.5307007626719822,0.03802804434299103,-0.6546421080541468,-0.6010485094113266
-0.4685259359087876,0.03834393095872919,-0.6490358108582451,-0.6010242512064021
-1.0147069717919428,0.03844543005544088,-0.6472539805698464,-0.6010999618068021
-0.5312298193599483,0.03893758482117275,-0.6387458630786483,-0.6010871767853114
-0.6172722284479616,0.03898523567278312,-0.6379335059240254,-0.6010901378265963
-0.8299738128639664,0.03844229209637105,-0.647308926912985,-0.601132004238712
-0.9672385085134831,0.038063735032792236,-0.654004013459577,-0.601198958610379
-1.4764021848477498,0.03711814854735691,-0.6713240604760529,-0.601358988456098
-0.8411166616958977,0.03676077958953665,-0.6781019006597319,-0.6014028198406025
-0.8273865443839832,0.036234081569483524,-0.6883349538663576,-0.6014441255844416
-1.6950419004958615,0.03511484928575484,-0.7110994309834741,-0.6016439789789795
-0.8422313961600516,0.03485495583574293,-0.7165946563210751,-0.6016879379442968
-0.9398764768847474,0.0348010781895956,-0.7177441243454598,-0.6017497188246292
-0.605406553113528,0.03471552388801637,-0.7195767381117304,-0.6017503867395679
-2.160837136799801,0.03359503818381421,-0.7444397063075671,-0.6020350994404554
-2.2344536447998458,0.032234248570933426,-0.7769592028243664,-0.6023331492022519
-0.9686236967999082,0.03157963554480298,-0.7936012019923677,-0.6024000149466108
-1.3721077003999493,0.03062991047154624,-0.8190103778992409,-0.6025404981890735
-0.10980767425600452,0.03009068496942087,-0.8215960334573217,-0.6024505834401805
-1.7807160810398375,0.029157868729226526,-0.84869592330692,-0.6026655561636981
-1.3038344222399998,0.02893300283443552,-0.8554900490891613,-0.6027934600064702
-1.353505115496939,0.028463961647562368,-0.8700072003663185,-0.6029303762303422
-1.6199025334237807,0.028016040088848008,-0.8843244351709555,-0.6031158197309245
-0.33059067597116243,0.028293526623101976,-0.8754015078228617,-0.6030661341987896
-1.1260335778559578,0.027996429340452284,-0.8849617353639816,-0.603161461840725
-1.183068839311991,0.028180028697628853,-0.879029937303184,-0.603267149352566
4.663870463347313,0.13444182488288847,-0.7646397670979975,-0.6023073939566658
-0.7980009794799509,0.1354048996811881,-0.758356489362796,-0.6023430459124908
-1.247201582319971,0.13449580551143786,-0.7642852070355954,-0.6024605064837854
-0.5825843540723041,0.13342867891600285,-0.7713476187930417,-0.6024568867146338
0.014933485375063116,0.10512814767696144,-0.7965383294139585,-0.6023444704050763
-0.5252501396160649,0.1070264426553894,-0.7807506448964914,-0.602330435391279
-0.9810210119998908,0.1063664691765963,-0.7861755918184095,-0.6023993634176001
-0.5741044030079399,0.10725206346582014,-0.7789113674257702,-0.6023942141982354
-1.4668005001031255,0.1067070419039276,-0.7833677225292771,-0.6025514933623374
-1.024980334847899,0.10580147154266151,-0.7908736135491159,-0.6026283405228768
-0.17665412391988278,0.10674618747083395,-0.7830461329430989,-0.602550862491483
-0.46862213752795157,0.10884298919517932,-0.7661584768878975,-0.602526507386016
-0.6520308335039805,0.10885365670402605,-0.7660742240822666,-0.602535508172583
-0.39231782921516756,0.10974297547226702,-0.759107918080972,-0.6024972937244902
-0.6522983433119707,0.10926930880597795,-0.7628041800112131,-0.6025063451693444
-0.5812499227727792,0.10828813606446872,-0.7705636354513095,-0.6025024824721981
-1.0776933454318616,0.10590357552583486,-0.7900208960079496,-0.6025888180214276
-0.7706833190208714,0.10534031488347348,-0.7947455391824808,-0.6026193528989934
-1.0240652762880025,0.10451257346755687,-0.8017810619871202,-0.6026958959290313
-0.7406187307199075,0.10490137746773105,-0.7984625313215199,-0.6027209409326251
-1.3004449306399182,0.10378194981485117,-0.808084365268399,-0.6028476155858037
-0.26930687999999015,0.10567484579727321,-0.7919334126028008,-0.6027870708888377
-0.602486758079924,0.10512579681505563,-0.7965582344812008,-0.6027870163856055
-0.7135383475999643,0.1054912171366,-0.7934748198058402,-0.6028071127984551
-0.6236993447999648,0.10527048558865543,-0.7953347914483999,-0.6028109031163074
-0.7756620305525688,0.10454801788163685,-0.8014775133412755,-0.6028422564860582
-0.8710134340119293,0.10488478578151761,-0.7986036425856753,-0.6028908910848115
-0.6676873323358652,0.10456492490031624,-0.8013327928451937,-0.6029026402128715
-0.187000853599944,0.10558018201763732,-0.7927273653482331,-0.6028272410492361
-0.4320015683198052,0.10653693659315946,-0.78476792045735,-0.6027962775414005
-0.5958444882079261,0.10744557016482045,-0.7773400400512389,-0.6027950177028115
-0.25906000745209956,0.11053564272296147,-0.752993196503326,-0.6027327355846288
-0.23496047265594472,0.11214154296732773,-0.7408700727225268,-0.602666110174678
-0.6363217885990816,0.11265745087330063,-0.7370487776068287,-0.602672206113534
-0.7031957061599994,0.11541375395593068,-0.7172118537201115,-0.6026904102968094
-0.7243349011006994,0.11575037869835811,-0.7148539238189245,-0.6027124353720952
-0.517183901632783,0.11697358580471007,-0.7064000723138852,-0.6026969522921279
-0.9859982090239332,0.11587106393517267,-0.7140119054320933,-0.6027663280852016
-0.8461124503678215,0.11977071368309339,-0.6877174117034537,-0.6028103646617999
-0.6125344781999676,0.12495885793728556,-0.6552790283714561,-0.6028121240454689
-0.4132606280400065,0.12684019273729363,-0.6441717669962581,-0.6027778347010395
-0.9459632410397798,0.12832265010127608,-0.6356488778090547,-0.6028399047691059
-0.7326502477439095,0.12616741833648198,-0.6481057292788128,-0.6028633786105118
-1.3358145988440184,0.1276994410984827,-0.6392076996348964,-0.6029958955550487
-0.7677314321599116,0.12959567934020788,-0.6284856398332946,-0.6030256742131479
-0.7998511617599453,0.13161402833326305,-0.6174125607585548,-0.603061247227344
-0.9675426705472439,0.13407439833713003,-0.604365363501024,-0.6031271094288835
-0.9251472379783395,0.13182838100064076,-0.6162564947411675,-0.603185288313897
-0.8503816225279605,0.1328602635256859,-0.6107434556346076,-0.6032299408309154
1.178001776640056,0.17209242725000992,-0.5635220433155667,-0.6029082446565482
-0.9566356939198526,0.03409405038722663,-0.6759321664609099,-0.6029721174353968
-0.4076244403199952,0.034478727780715715,-0.6681246356777109,-0.602936849755831
-0.5301182574985579,0.035208438531569755,-0.6537829691812825,-0.6029237056056039
-1.0566593118975898,0.034722603104857835,-0.6632644683377883,-0.6030055925585532
-0.7171748190720681,0.03358682107328108,-0.6779066344267309,-0.6030261932850984
-1.0713313495040129,0.033071901554293646,-0.6888282586244898,-0.6031106791512755
-2.462457271503836,0.03175134116670666,-0.7184569838145688,-0.603446059128251
-0.026978374768695468,0.03222658644506715,-0.7075144632497838,-0.6033420974178164
-0.7403243045118817,0.032880051300409344,-0.692984939337959,-0.6033667966978551
-0.6172151950719771,0.033258581345181844,-0.6848296365424406,-0.6033692932542593
-0.7029736884798783,0.0327716081658788,-0.6953560278336406,-0.6033872464617621
-0.782869920399989,0.03248759297734141,-0.7016409834910813,-0.6034195915102282
-0.433393862976013,0.0326846715079485,-0.6972682440805218,-0.6033889562438256
-1.1010735893167722,0.0320543220602672,-0.711443359282554,-0.6034786129963158
-1.208800979279928,0.03157616859376214,-0.7225734120019132,-0.6035876408000412
-0.9289335433223467,0.0312846082595327,-0.7295270844129046,-0.6036462300135335
-1.6177899709439232,0.03084222172978426,-0.7403290169231458,-0.603828827014061
-0.9490387981601184,0.030698868154520192,-0.7438961265059306,-0.6038909710232683
-0.9559650023999791,0.03075344633688775,-0.7425341210281702,-0.6039543392794555
-1.5723892428383794,0.030099841033244795,-0.7591695312705398,-0.6041286122511235
-0.06427680943190861,0.03108158666339304,-0.7344461688463795,-0.6040314816640744
-0.9355522321598824,0.0305446457220623,-0.7477710758895774,-0.6040911184243722
-0.4147463180799792,0.0306940631860437,-0.7440162670895784,-0.6040570636041663
-0.42510287041585193,0.03092649081848583,-0.7382475575458962,-0.6040248833860064
-0.4303853864799911,0.031084247685602837,-0.7343812783794966,-0.6039936644904821
-0.4964596261632428,0.0313149571393872,-0.7287972302917102,-0.6039743342660838
-2.086797610815818,0.03033456431332824,-0.7531129138277879,-0.6042408373711431
-0.9960576341905869,0.030080211483534597,-0.7596803198648824,-0.604311244702108
-1.1383777649247242,0.02936679346143418,-0.778707858091378,-0.6044071962867689
-0.5294235525298772,0.02929564416564381,-0.7806562977755794,-0.6043937269776694
-0.9677587718399622,0.02902716867721296,-0.78809458344822,-0.6044589865044047
-0.7406331292798893,0.02868675856789808,-0.7977260458847759,-0.6044834386758493
-0.5869937408159935,0.028442924998335752,-0.8047667112479769,-0.604480298694187
-1.551354228039974,0.02782810437754656,-0.8230673600367947,-0.604650263499311
-0.4774567008959473,0.02797729792922155,-0.8185525799315139,-0.604627436226769
-0.906249646599981,0.02785694374526212,-0.8221908748414993,-0.6046815582813847
-0.713848334759948,0.027727990657596676,-0.8261241635040426,-0.604701143278959
-0.46395513777594916,0.028072949139927132,-0.8156833020790829,-0.6046758973586893
-0.8857875953999875,0.028046431295116237,-0.8164768049797263,-0.6047263119386824
-0.8830554719839863,0.027866948817106527,-0.8218872248554067,-0.6047762185479787
-1.2766911635999243,0.02730914814720781,-0.8391558355666049,-0.6048966765876079
-0.9044855820000206,0.027335432809395082,-0.8383262823858098,-0.6049503759791498
-0.9276369244406679,0.02721230665852607,-0.842226015919745,-0.6050082051096984
-1.1072666010239312,0.027356737899090332,-0.8376550559633432,-0.6050981994468987
-0.6171011283200081,0.02745277010155581,-0.8346424498865451,-0.6051003497387069
-1.244378471999887,0.02717128920834596,-0.8435329960913439,-0.6052148541489273
-1.27043063683197,0.02698277980962693,-0.8495907554170387,-0.6053339830498377
-0.837553352443104,0.02703702652694911,-0.8478388777063338,-0.6053755621670074
-0.796128322752036,0.027070735008317342,-0.8467538117108152,-0.6054097105308788
-0.858522788999887,0.0,-0.8874843030236143,-0.6054550144647375
-1.2721487430400122,0.0,-0.8937945640060174,-0.6055743225765083
-1.5169757491438118,0.0,-0.9159815901824938,-0.6057373931484473
-0.8617209998518952,0.0,-0.9226136450295604,-0.6057831862802369
-1.0380195515759891,0.0,-0.9222408498231285,-0.6058604955925774
-1.252724903760762,0.0,-0.9329518515169025,-0.6059761723465417
-0.6380151630428048,0.0,-0.9242855277876783,-0.6059819007553914
0.10321569196801972,0.0023591177246808127,-0.8729720685182412,-0.6058551224942681
-1.0020774355200115,0.0023076862026530543,-0.8924740497332674,-0.6059259397083925
-0.7022382167999717,0.002309652929797478,-0.8917123279790292,-0.6059431506228119
-0.9446290931998209,0.002292854272946985,-0.8982606059415861,-0.6060036626725844
-1.6840270646423776,0.0022439511317502952,-0.9178816734648361,-0.606196235627563
-1.076528199999968,0.002229716065932207,-0.9237548390568356,-0.6062802384788529
-0.848443677059947,0.0022099018431164454,-0.9320558353385144,-0.6063234819500282
-0.7358334102559412,0.0022273194430455254,-0.9247510317572977,-0.6063466045938963
-0.6597070022399054,0.0022540275234214794,-0.9137691522164972,-0.6063561298344615
-0.8432841808327397,0.0022582513872313626,-0.9120561649667052,-0.6063984157618216
-0.42118780838400854,0.0023189627689037297,-0.8881241217155068,-0.6063653660460154
-0.6173292618239461,0.002336374763002712,-0.8814899309887834,-0.6063673221380365
-0.6502615590239555,0.002352654797348867,-0.8753758621212628,-0.6063751520054795
-0.5873918609914506,0.002406688844937078,-0.8556759144843242,-0.6063717663641358
-2.8641436729752634,0.0022591977358588557,-0.9116732517551914,-0.6067743647782962
-0.8398117702399432,0.0022639420051434695,-0.9097584425167926,-0.6068159118286548
-0.24882312381595373,0.0022722114319856978,-0.9064399786315122,-0.6067520984974583
-0.4457173334399961,0.002271180745133039,-0.9068522678919949,-0.606723398664085
-0.5594432799200123,0.002264749268896642,-0.9094334257607954,-0.6067149738389346
-0.2999901270320029,0.002274554682554037,-0.9055040357781706,-0.6066603284003443
-0.302324487728004,0.002367661231131031,-0.8698145733164143,-0.6066061182399111
-0.44403883948797435,0.0023980268219352197,-0.8587741974223619,-0.6065771659195635
-0.42698792600004776,0.0024383270894704555,-0.8445464006438687,-0.6065451877785522
-0.5334860635999872,0.0024380931028210842,-0.8446276508652708,-0.6065321809912674
-0.3502655027999572,0.002474181562974419,-0.8322777854844707,-0.6064865657050105
-0.3461103508799649,0.0024978035375174067,-0.8243873299164721,-0.6064402271723845
-0.2909465277599784,0.0025158276718124147,-0.8184663856553519,-0.60638408950345
-0.29358529439994047,0.0025953958908697446,-0.7933110069825511,-0.6063284412566783
-0.40261796871289746,0.0026002892373122415,-0.7918142323388903,-0.606292206736482
-0.11980008431996725,0.002652849733415401,-0.7760852410932898,-0.6062056884860078
-1.5631564263998126,0.002596177980480952,-0.7930714029260872,-0.6063758433113836
-1.0679874131302958,0.002557324077956977,-0.8051520484331742,-0.6064579075904626
-1.061761380287964,0.0025462225088365128,-0.8086715241309337,-0.6065388360427728
-0.7454636959423735,0.002554894444818558,-0.8059196886101014,-0.6065635250173418
-0.7713727842559409,0.0025872561770902748,-0.7958133210232218,-0.6065928088231767
-1.1795931671680264,0.002569536692209212,-0.801315472726582,-0.6066946031664604
1.2811399711440445,0.03527798045451707,-0.7571399348148877,-0.6063592861905616
-3.7261572587519143,0.033070894047973205,-0.8095177479694473,-0.6069133259654793
-5.25875244360006,0.029769876725727663,-0.9023507742750483,-0.6077392917179002
-2.2816499928318508,0.029120318730269188,-0.9230962046916876,-0.608036453212861
-1.1876232621598852,0.02917113124978642,-0.921440057198246,-0.6081393262708921
-1.0564847938559923,0.029037173431870178,-0.9258186860265036,-0.6082188906839506
-1.0202347713597586,0.028901317485809642,-0.9303008149986581,-0.6082919949920904
-1.0690847532288459,0.02877482562458426,-0.9345120542832371,-0.6083737393167731
-0.6179649767999477,0.029171490181306402,-0.9214283789584361,-0.6083754404940493
-0.5473802072400707,0.02977994085195458,-0.9020364681203611,-0.60836462381853
-1.2859681349025944,0.029510617897321203,-0.9105214108213753,-0.6084847662850341
-1.054381491071993,0.02950032844509943,-0.9108486496112953,-0.6085638119728177
-0.6855546561671427,0.029861239715459873,-0.8995052446594229,-0.6085774579927034
-0.8719074220079195,0.029711340882139392,-0.9041830898387252,-0.6086241228808861
-1.3340654377391825,0.026730748536690847,-0.9329287124328691,-0.6087526560692025
-0.866066963840054,0.026806821829281714,-0.93020850299927,-0.6087982387632275
-0.628812534911946,0.026848070486400318,-0.9287399893615094,-0.6088017836261657
-0.5045283849598797,0.02709799318101916,-0.9199379751967107,-0.6087833183528052
-0.5671699825279644,0.02775362166612865,-0.8976008335544224,-0.608775950552553
-0.40788599039996964,0.028161540044482042,-0.8842279893624224,-0.6087403885132269
-0.2940098464238283,0.028508989281872153,-0.8731393127497,-0.6086846839925031
-0.4777854966719389,0.028673641826700708,-0.86797835447802,-0.6086615200945522
-0.7523915392800105,0.028614284211208103,-0.8698320452188222,-0.6086869500342524
-0.38172920558936685,0.028912336826322178,-0.8606009457139546,-0.6086468018395867
-0.7496237548799215,0.02869961436072906,-0.867169664643873,-0.6086717358602872
-0.46499715181914897,0.028797886759529913,-0.864123022443777,-0.6086463292141261
-0.7921916820000223,0.02870630354347018,-0.8669616249032984,-0.6086787806555664
0.05968250326402064,0.03044429566244113,-0.854020137618189,-0.6085606330006398
-0.7347224371839947,0.03199106266059191,-0.8114317129023635,-0.6085829309511847
-0.6416575837839122,0.03214302901256226,-0.8074686291732429,-0.6085887755620404
-0.8693572706559843,0.031671883460882275,-0.8198793121100435,-0.6086348477343185
-0.872415198968802,0.031355843810452935,-0.8284132694206197,-0.6086814438041357
-0.6341674767040012,0.03130114615546803,-0.8299077533562993,-0.6086859450462585
-0.7272281279999054,0.030992039052696076,-0.8384525133756574,-0.6087068777997379
-1.1670889151687471,0.03038469940884061,-0.8557478019244723,-0.6088054621989909
-0.9788919130799438,0.030020833882939607,-0.8664448633963118,-0.6088707907869664
-2.493556017447906,0.028693194600935543,-0.9077762252252688,-0.6092034214305705
-2.446720722879875,0.027564625990420172,-0.9460409184108666,-0.6095276701161977
-0.9686236967999082,0.027218617303142713,-0.9584080822908656,-0.6095910250962054
-1.624170067900773,0.02653030092848031,-0.983969276631282,-0.609769994763308
-0.06799375525593765,0.026647857271162482,-0.9795102211812011,-0.6096744433983154
-1.6530565679998381,0.02594681358933906,-1.006699646653199,-0.6098584289607563
-1.0596606463999492,0.025621049471818945,-1.01984050020694,-0.6099377311852695
-2.5669489333999227,0.024476498067596664,-1.0687834771885392,-0.6102827005493122
-1.1326422089038846,0.024670381799369045,-1.0601731928386207,-0.6103747625000269
-0.7860905231040265,0.024799007923060213,-1.054535255038095,-0.6104057256296487
-2.040728489279826,0.024357973706340817,-1.0741145972179325,-0.6106577204787766
-0.9384990803519906,0.024272854482756085,-1.0779753049061247,-0.6107154695293091
-1.0813129958398684,0.02413742338308165,-1.0841741091378034,-0.6107983503898782
-0.7274181039999639,0.024335515312635534,-1.075130607874442,-0.6108188856520035
-1.0694453466000036,0.0010625940085786916,-1.122142314229323,-0.6108996297472409
-1.387917049569662,0.0011087516640863643,-1.075377510045678,-0.6110364045086952
-1.5592335338000285,0.0011905774445431791,-1.0013871318496774,-0.6112032818633751
-1.3763314681559369,0.0012124744446703837,-0.983280761356159,-0.6113379164201749
-1.8495408976989411,0.001196386483356873,-0.9965191140669403,-0.6115557564942915
-2.225803669559848,0.0011689854751575982,-1.0199054915810175,-0.611839705115763
-1.0189250628637025,0.0011690154638124217,-1.0198792974110962,-0.6119112994453001
-1.52356746463999,0.0011587006393993457,-1.0289689516393192,-0.6120716047319529
-0.7564737933438982,0.0011555931718524805,-1.0317391279701982,-0.6120969918959142
-0.7475486824246855,0.0011511316951512889,-1.0357424974738905,-0.6121208012983625
-0.8965541896959104,0.0011598431106538223,-1.0279542185697566,-0.6121707895915783
-0.8003010254799203,0.0011655984702291578,-1.0228726092579152,-0.6122038470921737
-0.4086460863999545,0.0011719363259866877,-1.0173344378625715,-0.6121680850119396
-0.9349445615997987,0.0011704874865495684,-1.0185951806544091,-0.6122247820919656
-1.101023987148765,0.0011758616285553948,-1.013934351642601,-0.6123106267012134
-0.5649612820798721,0.0011828789023917024,-1.007912238007397,-0.612302312505494
-1.6538245471254096,0.0011593268847686655,-1.0284124782516664,-0.6124851640214035
-0.288248396705655,0.0011642180184250265,-1.024086878486582,-0.6124282504234896
-1.0831725435328212,0.0011526162582327407,-1.034406929706679,-0.612510866129546
-1.8209043025919978,0.0011219981988723976,-1.0626672959505195,-0.6127229021773548
-1.7178969381998934,0.0010927472207620656,-1.091145037786041,-0.6129167923591131
-0.8432941995679295,0.001085482926984496,-1.0984552118439606,-0.6129572023586235
-0.9566170960798767,0.0010814659540347965,-1.102539722979958,-0.6130174724206581
-1.504507978247851,0.0010599021299862277,-1.1249952984331277,-0.613173791990328
-0.7026745655440156,0.0010607865831715427,-1.1240563146464095,-0.613189482869282
-1.5371172719999369,0.0010409505631255196,-1.1454987170500255,-0.6133514334019955
-1.9095493305278883,0.0010210519360309925,-1.1678458700205827,-0.6135785974218213
-1.6758983578558628,0.0,-1.2025574872429803,-0.6137647407125929
-0.7963607308798039,0.0,-1.2037902531168965,-0.6137967301993076
-0.8060195104000154,0.0,-1.2070774916492186,-0.6138304003307143
-1.8102056849998682,0.0,-1.2258944599360964,-0.6140399231476441
-1.4412225353231871,0.0,-1.237270606663184,-0.614184763387913
-2.028726501120001,0.0,-1.265161787151504,-0.6144324072495607
-0.18496315861365917,0.0,-1.254316487763779,-0.6143572332168922
-1.586389879919956,0.0,-1.2627025070588032,-0.6145273474357761
-0.6723314916319086,0.0,-1.2565712986298425,-0.6145374618967028
-0.7996811813999526,0.0,-1.2226938019088833,-0.6145698523304857
-1.7352756781359013,0.0,-1.208464901014004,-0.6147658827355593
-0.3934400515999127,0.0,-1.1969612281100042,-0.6147271758745703
-0.5436223834879126,0.0,-1.1753502744217468,-0.6147147427931946
-1.0549252906606315,0.0,-1.1950889051298406,-0.6147917026791855
-0.19445193137759498,0.0,-1.1659168123973958,-0.6147182295501343
-0.2092727858879655,0.0,-1.1489090551871561,-0.6146473722548421
-0.36214140758841173,0.0,-1.1048129046709259,-0.6146032509959453
-0.900032989067933,0.0,-1.100160720274207,-0.6146531164288719
-0.6105945366320167,0.0,-1.0966508005447668,-0.6146524075066366
-0.0918373129599756,0.0,-1.0576729770183697,-0.614561102041295
-0.64692731831998,0.0,-1.0518415417777296,-0.6145667535545267
0.24608373552005924,0.004777326445314327,-1.025293607150531,-0.6144165003266856
-0.41964056479991474,0.004806042617480338,-1.01913805636653,-0.6143825020834447
-0.55191121390242,0.00485511569424955,-1.0087873737125783,-0.6143715995898703
-0.516400318559884,0.004940058080349034,-0.9913570390923827,-0.6143545046184814
-1.4244454879617072,0.004953461304972482,-0.9886612781756163,-0.6144958324243682
-0.8259662875280207,0.005008952454745234,-0.977653974563058,-0.6145327189506378
-0.5309706715200115,0.005147095651817122,-0.9512825700394794,-0.6145181458694675
-0.7717102668800118,0.005308549156087812,-0.9222007019858826,-0.6145455551320673
-1.1726154614398459,0.005291007199904633,-0.9252745099574056,-0.6146428476540876
-0.8570808804158903,0.005367929750714411,-0.9119447782729234,-0.6146851063315779
-0.9457096315918487,0.005345862659085988,-0.9157294950378825,-0.6147427962105009
-0.044887284800058325,0.005428729190199044,-0.90167626708539,-0.6146435009480143
-0.9561820275999237,0.005421597514229893,-0.9028688238434702,-0.6147030024334937
-1.0863563386271906,0.005387643336384446,-0.9085899301064156,-0.6147851576914966
-0.9464965029599168,0.005324939785240774,-0.9193469384376148,-0.6148429269957926
-0.7250781404863116,0.005349231947683522,-0.9151496100153451,-0.614862121704741
-1.2242768577839178,0.0053349385662061705,-0.9176146674280481,-0.6149682175849777
-11.765757321504,0.004292586452044564,-1.1416305882165307,-0.6169091730425789
-0.38499360600802424,0.004389744583090575,-1.116253969394183,-0.6168688118231158
1.7775682776864876,0.036285326228978405,-1.0749376359063403,-0.6164521706034344
-0.7776452462479044,0.03648520284220111,-1.068827089960642,-0.6164802139360099
-0.980845902176031,0.037046296302213,-1.0520259219523225,-0.61654359290422
-0.04991245529605692,0.03821314279694994,-1.018666232294246,-0.6164450483585491
-0.8348090467828863,0.03821926656791309,-1.018496529238545,-0.6164830181026674
-0.5841895295200794,0.03848999645723741,-1.011047977907349,-0.6164774037965856
-1.0874914659936024,0.03879772769239249,-1.0027076476622638,-0.616559276569434
-0.3152608312320047,0.0390880561073799,-0.9949593729760238,-0.6165069132664556
-0.7608297567519655,0.03968308251625039,-0.9794336226710644,-0.6165319910846112
-0.49934854079990487,0.040811669083294644,-0.9512296068765046,-0.6165116325977654
-1.1570834515895991,0.04124320141280491,-0.9408533087511795,-0.6166055307771977
-0.6004950846927108,0.04140849815137091,-0.9369359958274376,-0.6166027328532511
-0.598261240639941,0.04158528569238806,-0.932780830432236,-0.6165995480134849
-0.358559168519921,0.042863951151527954,-0.9037479001026371,-0.6165547493364895
-0.29519806399995807,0.043930338059449646,-0.8808274106761727,-0.6164989679295573
-0.30724606295992196,0.045635777318800114,-0.8463978019129709,-0.6164452968249114
-0.9444415843519207,0.04486732793548572,-0.8615873704277363,-0.6165022109820392
-0.5359479483998053,0.045937197716398204,-0.8405785317973333,-0.6164882355721532
-0.6289960762240275,0.04598243156732413,-0.8397118234891756,-0.6164904051889185
-0.4322620631327666,0.046369556185107796,-0.832363441123832,-0.6164584543838446
-0.6234315500959923,0.04758177680772072,-0.8101265585630335,-0.6164596635213012
-0.1261847651998959,0.04788266799474165,-0.8047814528350333,-0.6163746644057809
-2.1113935331999385,0.046169954869434114,-0.8361368758292739,-0.6166338113755839
-0.8868210217087148,0.04634771349047805,-0.8327747904502355,-0.6166806375818809
-0.8533753301439351,0.04565866369709223,-0.8459532584255622,-0.6167216520841442
0.962816726592053,0.06770189259745268,-0.822511468175962,-0.6164479967863833
-0.6071872409919938,0.06732788096933871,-0.8274123848440337,-0.6164463926367567
-0.0551995432870217,0.06863511835068623,-0.8105157159284153,-0.6163491902035476
-1.7231848303999597,0.06692390194692022,-0.8327675218037743,-0.6165408500546639
-0.08963051098405239,0.06692721165261176,-0.8327233857642559,-0.6164496259654896
-0.9566356939198526,0.06646589770701523,-0.8389175532762532,-0.6165085122504046
-0.9423237284361041,0.05973634243887779,-0.8626857025553766,-0.6165649011767088
-0.6101684858878912,0.05948926999331594,-0.8664962609771361,-0.6165637943389706
-0.823736194772658,0.059140290524651105,-0.8719327605945408,-0.6165996373148241
-0.8145778376959326,0.058762157592864295,-0.8778963109772618,-0.6166338836736516
-0.9332083599999123,0.05938772486940659,-0.8680715684180258,-0.6166886353990626
-0.8651852214559006,0.05933729258780958,-0.8688559470965835,-0.6167316055851351
-0.9226322385335901,0.05883830783470662,-0.876689178436855,-0.616784492969808
-0.9162927338326696,0.058656221102166534,-0.8795808277759082,-0.6168362662180125
-0.7008508780800197,0.059254563302115607,-0.8701455361087116,-0.6168507865449847
-0.8064618559999914,0.0593194897131087,-0.8691331556203937,-0.6168835515474826
-1.1235435033599557,0.059092017096739315,-0.8726898330557558,-0.6169710878211199
-1.184227444818518,0.05767505365453429,-0.8954766362561251,-0.6170690764818554
-2.069554291430388,0.056354531575040646,-0.9177440815327345,-0.6173199374861642
-1.132280706207968,0.05630136002362525,-0.9186625688843497,-0.6174088618116212
-0.9459880439199821,0.05630194817172645,-0.9186523997035512,-0.6174655916427864
-0.8535563911680304,0.05615372366437938,-0.9212219647171855,-0.6175063461395109
-1.4387157895679448,0.055908057685148185,-0.9255107433528661,-0.6176480805964367
0.9753558701633326,0.09975099142145659,-0.6706884795195195,-0.6173731877662798
-0.3781557650638577,0.0997693056126992,-0.6705517227006361,-0.6173319149190227
-0.7961429628320269,0.05095161941442545,-0.7220259475110063,-0.6173627603645829
-1.3290102776136274,0.05022365016385349,-0.7330532481383208,-0.6174855005365817
-0.4936250381759784,0.05086584673177937,-0.7233088308583199,-0.6174641416018757
-0.04616298933592944,0.05087085251756069,-0.7232338415391172,-0.617365641403209
-0.9950207360255577,0.05065783398780823,-0.7264380753239706,-0.6174307431261228
-1.2526534099199533,0.049787959801197185,-0.7398073529319682,-0.6175402265226747
-1.0766556046800158,0.04980182226909088,-0.7395906357056965,-0.6176193434239597
-0.9435949380431876,0.04901053735892622,-0.75215731784192,-0.6176755073789251
-1.0845503505310221,0.04861259865499826,-0.7586317297175011,-0.6177559337084948
-1.2265794076494554,0.04774178083565556,-0.7731763470544922,-0.6178607947959804
-1.2620035368079119,0.04761871359607195,-0.7752747487588586,-0.6179717200141673
-1.0570427437753205,0.04709050594595641,-0.7844057019405107,-0.6180473176422254
-0.9167488587960188,0.046728913669483334,-0.7907754543036323,-0.6180987381175489
-1.111001919359826,0.04589629842313031,-0.8058243093204304,-0.6181835751539073
-0.7164074783999743,0.04544303506633256,-0.8142484976084305,-0.6182004782520395
-0.9442573330559318,0.04477430499963776,-0.826988723010351,-0.6182565788808769
-0.9443406192640384,0.04477440943257629,-0.8269867037085933,-0.6183126745355102
-0.34566881169585023,0.044972093512064146,-0.823181120974514,-0.6182657801662568
-1.2396164601598878,0.04434381100408135,-0.8353935286532312,-0.6183726332496606
-0.5804524242592036,0.0441939724537303,-0.83835733587576,-0.6183661132687476
-1.2414783293919633,0.04357981835430676,-0.8507182714616794,-0.6184732324394753
-2.125137542079915,0.04170531216986843,-0.8906973269992798,-0.618732198460383
-1.5361153988800558,0.04222804255478579,-0.8791917643128823,-0.6188898515279925
-2.632705555667619,0.040680610869829846,-0.9141094549920603,-0.6192358679720027
-1.2743161226399498,0.04032433757270214,-0.9225282708419806,-0.6193484053804665
-2.7042661073999263,0.01921169825609546,-0.9958699275218202,-0.619706515600669
-0.8344657412959575,0.019126075956834406,-1.0004154975278994,-0.619743396800342
-4.615365769519945,0.017556171366875196,-1.091618822052558,-0.6204294583341193
-1.559217133389625,0.01760813966329786,-1.0883394681123513,-0.6205906236002233
-1.59529386151989,0.017142184199169908,-1.118452735123068,-0.6207579259067664
-2.136728810507315,0.016793870832467972,-1.142054597454817,-0.6210180890927284
-1.1340985329519877,0.01673859969803063,-1.1458900935451348,-0.6211061262313452
-1.1433309991919052,0.016586832094603578,-1.1565533438112152,-0.6211957170484598
-0.8332645349679961,0.01658414482844702,-1.156743910615122,-0.6212320924889262
-1.1479174519151907,0.016490678446516013,-1.163410702899507,-0.6213224175377046
-1.7102386777998835,0.016276841123017735,-1.1789513092555064,-0.6215091315741007
-1.030004569407908,0.016232194106667736,-1.1822476962145467,-0.6215791633652603
-0.4191148678639083,0.016369364505856056,-1.172177348801153,-0.6215444591665112
-0.9307111247999805,0.016365404350211655,-1.1724657166204993,-0.6215974440278024
-1.7062072294399355,0.016093919568105488,-1.1925728436476977,-0.6217832921747202
-1.6363696089598998,0.015876507563285725,-1.209170998706896,-0.621957111999422
-1.6409122000573975,0.015743919362443598,-1.2195183726408445,-0.6221316503838102
-1.4344910606224046,0.015680574784386787,-1.2245236449569223,-0.622270776845574
-1.1116313041680155,0.015925837625376554,-1.205365185211675,-0.6223545714564169
-1.1972498866400805,0.01590896089221038,-1.206664568820317,-0.6224529955815982
-1.2761725167907434,0.015823740308319102,-1.2132682582777323,-0.6225648955338763
-0.42651964315032265,0.015934132848735436,-1.204727523317378,-0.622531343377042
-1.3297891731984763,0.01596253827405222,-1.2025489909899887,-0.622652366277422
-7.099749801849535,0.0,-1.3640511044302464,-0.6237605095512582
-0.7504465175998548,0.0,-1.3714969194809663,-0.6237821800965966
-0.3826363693599954,0.0,-1.3632267876115254,-0.6237409374404077
-1.411262143200042,0.0,-1.3648718249232539,-0.6238756024892722
-0.8725280559998052,0.0,-1.3724498852797304,-0.6239181144491817
-0.3489477333759806,0.0,-1.3785055801605313,-0.6238711109652375
-0.8837557183839323,0.0,-1.3762802798076987,-0.6239155280917832
-0.6597566079999568,0.0,-1.3644223437692988,-0.6239216526782336
-1.100305876396705,0.0,-1.3648953492036326,-0.6240030441396583
-0.9302409292174693,0.0,-1.364628269027118,-0.6240553567267916
-0.7588262371647048,0.0,-1.3581137867597919,-0.6240783748105555
-0.6470767754479702,0.0,-1.3465237341157623,-0.6240823021330687
-1.021605634295911,0.0,-1.3417157760655223,-0.6241501736256695
-0.13032631860810262,0.0,-1.3231814475621777,-0.6240658745722353
-1.5622477195678812,0.0,-1.336091424777615,-0.6242260011885513
2.4426567000000485,0.037182584616759586,-1.2650182523904174,-0.6237026423658228
-0.7831111190398778,0.03714486862729218,-1.2663523252032158,-0.623729840536216
-0.9345973212800124,0.037150325912817965,-1.2661591249676973,-0.6237828714950601
-0.9143394450256551,0.03716728487547268,-1.2655591014829295,-0.6238324291572689
-17.31001909503987,0.029541728498365612,-1.6048461071498101,-0.6266779589434017
-0.9069063096160177,0.029661079611521864,-1.5981919041389328,-0.6267257387133373
-1.0766607820798435,0.02948342904857616,-1.6081160712953453,-0.6268024409027964
-0.9576078138119379,0.029584797882727835,-1.6024386609837449,-0.6268588249786289
-0.7011387815039491,0.030104004299683906,-1.5739586857722259,-0.6268714834579276
-0.7713079193599826,0.030390455848231468,-1.5586625361818245,-0.6268960935168647
-1.9165846457593823,0.03066365862344363,-1.5443401179836593,-0.6271158019584734
-0.7784477738062503,0.03085573049057423,-1.5344227510069854,-0.6271415781417212
-0.3191790477758929,0.03181424628487515,-1.486721009814505,-0.6270891322067134
-1.1602333372798959,0.031679830603308874,-1.4932363617341835,-0.6271799110599524
-1.4726500766318686,0.03302594110696471,-1.430382047876422,-0.6273238453748268
-0.9698713571440278,0.033291213816663945,-1.41859513235151,-0.6273821513342769
-0.6865195535999389,0.03370872251771086,-1.400419646193111,-0.627392215562028
-0.9290086000271698,0.034280053378924556,-1.376265241983508,-0.627443537049941
0.04660314220804518,0.035499076218463904,-1.3526512084803075,-0.6273288642566002
-1.0112316030608375,0.03556607757914048,-1.3500092205576864,-0.6273941649435885
-0.9374069404799967,0.03551323505198294,-1.352092068667926,-0.627446888204734
-0.836531694336041,0.03567170342390183,-1.3458643535163433,-0.627482440798873
-0.708794139199936,0.03619107963895678,-1.325835462744344,-0.6274962646170303
-1.3997721532032505,0.03599755638305742,-1.333230814420251,-0.6276275370781192
-0.34210540366885706,0.03603768958677018,-1.33169062513635,-0.6275790119024889
-0.7357797055358506,0.0361396784700184,-1.3277919967510676,-0.6275973977467767
-0.3741239969597804,0.03685238545988798,-1.3011503321014644,-0.6275543339681855
-1.2604380237199133,0.03705863529512922,-1.2936317003966644,-0.6276618392662578
-0.8384403740061865,0.037506717858794315,-1.2775822638756404,-0.6276976372510983
-0.5987361429279586,0.037985051012529775,-1.2608671655217514,-0.6276927193542867
-0.43017456199980664,0.03838419836108628,-1.2472380306783872,-0.6276591848623759
-0.7041723609016817,0.03867827774355103,-1.2373764801636193,-0.627672173009726
-0.9392763845919835,0.03888181289552711,-1.2306385575196441,-0.6277250589926828
-0.08627610236799865,0.03908955613587158,-1.2238336867039976,-0.6276331789728925
-2.3902194333599622,0.03844928940469905,-1.2450422919072275,-0.6279322265219911
-1.0811588781887522,0.04239001786450577,-1.1246704734340118,-0.6280091097538261
-0.9177144982650329,0.04226961564870519,-1.1280158330473151,-0.6280582456745369
-0.7245732334079384,0.0420255998690572,-1.134854570328274,-0.628074612469133
-0.9069063096160177,0.042386517814196396,-1.1247674536565935,-0.628121888104458
-1.6423795780799695,0.04183806898854362,-1.1401644840981968,-0.6282938253294073
-0.9464965029599168,0.041422056458487656,-1.1521154594898757,-0.6283477579866328
-1.011351322800062,0.041334294225776363,-1.1546673715781983,-0.6284126628442523
-0.08848567119986173,0.041730145753388924,-1.1432419528421964,-0.6283211808056817
-0.8082860863999834,0.04193543827976768,-1.1374015570422618,-0.6283516678301767
-1.1991436950526877,0.04174632393976839,-1.1427796123589662,-0.6284483466965762
-0.4998001014159419,0.04192846192314723,-1.137599089643991,-0.6284265603722272
-0.6593983468798522,0.041919761835976684,-1.1378455210726286,-0.6284318044945617
-1.04592805743994,0.04190259871075094,-1.1383319695355092,-0.6285024827158154
-0.6035314553855742,0.04157145584027332,-1.1477960722710587,-0.6284982560693478
-1.0718669640959448,0.0419147172327494,-1.13798845716162,-0.6285732888512106
-1.2870811561334528,0.0007680684880757742,-1.21258321428429,-0.628684711502189
-1.0586150042559632,0.0007645967661507459,-1.2180932919886116,-0.6287574454376912
-0.8502368058239403,0.0007656564844812475,-1.2164060816794902,-0.6287949081170529
0.0206410213760303,0.0011216227439921319,-1.1977064723514566,-0.6286850762331542
-0.8347843314399268,0.0015466487688405594,-0.8682017770794578,-0.628719925616855
-0.7273926549117684,0.0015530612066289762,-0.8646115039853727,-0.6287366073969556
-0.5204697005119575,0.00157327098400506,-0.8534876823540148,-0.628718306702756
-0.6007502295999179,0.0015865171022081176,-0.8463505306697746,-0.6287135799701038
-0.45470614438954937,0.0015957953417240647,-0.8414218779274866,-0.6286841768887282
-0.46937915267761304,0.0016073120212752815,-0.8353833025938391,-0.6286572627099462
-0.4542090734367802,0.001665529980205493,-0.806135791147387,-0.6286277951104068
-0.5714328238110603,0.001674113878540936,-0.8019954921474833,-0.6286181354293902
-0.49922452639995285,0.0016666432821012902,-0.8055964017199645,-0.6285962857824753
-0.45603822104014113,0.001696248658438252,-0.7915124993951693,-0.6285671522243558
-0.7173623684079654,0.0017291937713729989,-0.7764067452306914,-0.6285821412885326
-0.7348534434680316,0.001739707731523903,-0.7717063869571714,-0.6286000773732886
-0.9449711258399669,0.0017281523866560426,-0.7768754184019719,-0.6286534643203805
-0.618855914793506,0.0017420378563038881,-0.7706723646972986,-0.6286518112835108
-0.87191548294409,0.0005229178812307553,-0.7890427372003415,-0.6286928476653699
-0.9334687902398913,0.0005239500820116939,-0.7874874809439224,-0.628744251939712
-0.9178901013119848,0.0005242097828394299,-0.7870971441605622,-0.6287930117794037
-0.648248071679985,0.0005267284644537071,-0.7833314717074411,-0.6287962920120628
-5.044196955199796,0.0004742596516091394,-0.8700395280274382,-0.6295406279296601
-1.1221654348799504,0.00047730411068943023,-0.8644873936609723,-0.6296236592471978
0.5474773589840333,0.01324195590898725,-0.8466957384079146,-0.6294252937233974
-0.9088138672800055,0.013188763552206282,-0.8501564216427976,-0.6294723684619916
-1.2829686526079707,0.012916248010540032,-0.8683333147557613,-0.6295824588063559
-0.7938883617839174,0.01305472033640753,-0.8590023215170415,-0.6296101337100071
-1.3135978234079086,0.012913720805591436,-0.868505470505076,-0.6297253219366319
-0.7642498779918926,0.012865318379555374,-0.8718157452063545,-0.6297479729815982
-1.0485585127680375,0.012687645579793946,-0.8841834242217191,-0.6298184798064781
-0.7498503715279805,0.012674715904660391,-0.8850969844342452,-0.6298386837943121
-2.085700957156668,0.012358622846301527,-0.908025475885539,-0.6300836959574494
-0.27157191180294493,0.012309007062427157,-0.9117313920742379,-0.6300233709054295
-0.1464507258046146,0.012937975103242513,-0.8668560179231308,-0.6299420161535619
-1.0202157213358256,0.012955956436776753,-0.8656371547860722,-0.6300076635387902
-0.1357662880799978,0.013191186314686793,-0.8499981905823717,-0.6299245418812963
-1.4037840683927696,0.0129863826075643,-0.8635824072820684,-0.6300546679156854
-0.14089463039991346,0.013217825994070277,-0.8482621736977463,-0.6299724285011736
-1.0680248753662958,0.013396846989875958,-0.8367750796434728,-0.63004606313672
-0.9194011859199287,0.013405412202858019,-0.836233173302673,-0.6300946942497928
-0.8006605676158904,0.013472390092801639,-0.8320193581989895,-0.6301233559660364
-1.5726872701439634,0.013014331974291455,-0.8617033901778715,-0.6302817168387141
-0.1932596797551301,0.013200309696283455,-0.8494028620449744,-0.6302083047713392
-0.6336407252799416,0.013376065041510496,-0.8380928026495195,-0.6302088812611794
-0.8371418451840298,0.013270662225847565,-0.8448396375248813,-0.6302436307093612
-0.37372451433594933,0.01335981289188238,-0.8391261608740033,-0.630200561683778
-0.7671521985678948,0.013447973288597238,-0.8335506436965625,-0.6302235517185076
-0.40788599039996964,0.01351054248403234,-0.8296377343968503,-0.6301862342359096
-0.9405277959335765,0.013552873588131693,-0.8270109510336029,-0.6302383137059042
0.42679001452802157,0.02448608392646389,-0.7927335276203733,-0.6300609599595562
-0.4795807129055789,0.02484007592154977,-0.7811528417933657,-0.6300357158315485
-2.9998234327999254,0.02357483442743026,-0.8241445743328853,-0.6304331978370783
-0.9328642643999108,0.022586469049138826,-0.8432146800484043,-0.6304839157754587
-0.8285579539199492,0.022589729792880063,-0.8430901524980047,-0.6305171273848056
-1.293027988511949,0.022297299954595413,-0.8544028591700082,-0.6306281937487833
-0.8823003256079028,0.022114173891062718,-0.8616394716719273,-0.6306703781490279
-1.1310402295359494,0.021851158917267716,-0.8722452716706478,-0.6307542343332724
-1.0337868071038474,0.021570999230880315,-0.8838268849249338,-0.6308217666008278
-0.8883926561998525,0.02137271878132605,-0.8922071549953786,-0.630864918031486
-1.4521461983630881,0.020914851534375375,-0.9121658974939048,-0.631002486085143
-1.1064244794622042,0.02067737589901229,-0.9228657306069276,-0.6310821079229217
-0.6586404783999331,0.02060765265799552,-0.9260540496469273,-0.6310867225194516
-0.9405926734336267,0.02039858207255181,-0.935745138694797,-0.6311385400233717
-0.9320798289599503,0.020307288307554825,-0.9400394879058367,-0.6311889151972814
0.3664870848717714,0.028380928374722874,-0.9180126773390406,-0.6310219401345083
-1.7393142686955652,0.027911606993465975,-0.9338995401961526,-0.6312073973514697
-1.350724230962342,0.027492730097694998,-0.9485369065195293,-0.6313277782839795
-1.0427815295040253,0.027396740695061036,-0.951954227450728,-0.6313966062784959
-1.1542723035198954,0.027273685639959726,-0.9563702977163281,-0.631484058310147
-0.9485501814238763,0.027256685953307314,-0.956983499318566,-0.6315370794009687
-0.6376073546751864,0.0272625833684457,-0.9567706849784698,-0.6315380943274482
-0.8541113210398908,0.029801693890952215,-0.8729689722952719,-0.6315753014867115
-0.7483712125839581,0.03005137670857049,-0.865493087849352,-0.6315948227822317
-0.35612538592008014,0.017639538273772314,-0.8835651427474341,-0.6315487884512052
-0.9200509042559475,0.01763513178350486,-0.8837898834869532,-0.6315969926476638
-1.2577232759521317,0.01764503458699251,-0.8832849759538364,-0.6317015910912496
-1.1630611996870688,0.017501320888991603,-0.8906684327118992,-0.6317903433225166
-0.4988605316112066,0.01782166127215261,-0.8743736868759652,-0.6317681439551633
-0.42933126408003575,0.01795677230966459,-0.8676753145977283,-0.6317343425058605
-2.25160891647997,0.017480728726730812,-0.8917363226719668,-0.6320047723178762
-1.3889917763999609,0.017237946385726937,-0.9045191507694064,-0.6321311263496041
-0.8838947495040275,0.017700192250765953,-0.8804830266163536,-0.6321731429756312
-0.23428114199994468,0.017714932129408077,-0.8797372112202936,-0.6321067501838783
-0.089631781847968,0.017737438145614924,-0.8786008323411606,-0.6320162471861579
-0.5441078366623995,0.01792829614539122,-0.8690786746476923,-0.6320015835647194
-1.0880709431998996,0.017550566435377606,-0.8881247677500902,-0.6320776458328373
-0.07620204604798342,0.018081653502702712,-0.8615731273031944,-0.6319849535534001
-1.4706901475240513,0.01754970699729737,-0.8881690376456771,-0.6321247843626651
-0.6581444208000111,0.017710300545411433,-0.8799714285543516,-0.632129121691626
-0.9394748659186889,0.017702367145362507,-0.8803729021543267,-0.6321803459823305
-1.1419226246399903,0.01756857489295164,-0.8871981432948087,-0.6322652888716253
-0.9139939468351506,0.017828658843511425,-0.8740242768286325,-0.6323122280015758
-0.8878922580959101,0.017554602471172794,-0.8879169283954481,-0.6323548033855663
-1.188669523072036,0.01734160672391791,-0.8990175043512899,-0.6324474607339484
-1.1774398390719085,0.017213552381528323,-0.9058234642290475,-0.6325382171666442
-0.9022711067759666,0.017018367238768237,-0.9163943960778479,-0.6325831277376747
-1.3301109244798446,0.016815284159473753,-0.9276535705960868,-0.6326992468981112
-1.9614520510720677,0.016279189121706474,-0.9587248918095288,-0.6329204108135863
-1.212907990079927,0.016188700211622737,-0.9641724956924559,-0.6330169306304053
-0.7816819663039489,0.007361605102067547,-0.9883419353090953,-0.6330416669092196
-0.7837778295934426,0.007316896013283633,-0.9944258776428525,-0.633066743629014
-0.24541818394710674,0.007742677958444281,-0.9393377726657962,-0.6330022644940038
-1.028797121071884,0.007727017236473757,-0.9412564297992355,-0.6330680876865163
-1.2136342044959847,0.0076647872018006675,-0.9489579548107563,-0.6331646234558561
-1.109192890879874,0.007694370251159224,-0.9452812528581148,-0.6332437636499415
-1.6112758238718063,0.007578384675175007,-0.9598607628233928,-0.6334063354684625
-1.318135444911805,0.007549178120730833,-0.9636026671309099,-0.6335201345559551
-0.6117953231518911,0.007615374763630676,-0.9551628374518709,-0.6335165245839705
-0.7710150234880364,0.007633994339576017,-0.9528152847976346,-0.6335393686608776
-1.4396312311998867,0.007635984957625712,-0.9525649854543705,-0.6336732709636248
-0.9558443983958365,0.007660017719898605,-0.9495533838330431,-0.6337267788738444
-0.8269329797759877,0.0076331679429036845,-0.9529192338605642,-0.6337588622682154
-0.9136923378863773,0.007637447039123652,-0.9523812271496191,-0.6338053396840577
-0.9319254011199116,0.0076374716181538726,-0.9523781385928184,-0.6338548284060757
-0.8214292242639059,0.0,-0.9761364647755321,-0.6338859610858861
-1.141603343360027,0.0,-0.9641822462688212,-0.6339702155469339
-1.0073141246878414,0.0,-0.9573140441433313,-0.6340321607782499
-0.2576203103999172,0.0,-0.941610819761249,-0.6339697168747365
-0.8728039875647561,0.0,-0.9359814534421463,-0.6340093311176772
-0.7544433180671738,0.0,-0.9320993161750123,-0.6340293035864915
-1.458703273984033,0.0,-0.9485212345611892,-0.6341660427624817
-0.9569146615199255,0.0,-0.9505773013707899,-0.6342195488332306
-0.9543218115998463,0.0,-0.9546963133511076,-0.6342726073883055
-1.972783410220909,0.0,-0.9870294738371242,-0.6344944354961665
-1.4667724531199118,0.0,-0.9979639048144034,-0.634632344032641
-1.1740290796799004,0.0,-0.9962900208889589,-0.6347217073089244
-1.742574712319709,0.0,-1.0078802911416118,-0.634905217828224
-1.9411229104798746,0.0,-1.036725538718985,-0.6351215506690076
-0.7156194528000663,0.0,-1.0424513024933857,-0.6351348803431475
-0.659322557599992,0.0,-1.010605575315786,-0.6351388849254748
-1.0478075379198528,0.0,-1.003781890546184,-0.6352071962403224
0.9002582898960525,0.018258891434434578,-0.9680988297581823,-0.6349530642498993
-0.48353695336622027,0.018167050352840025,-0.9730839459855077,-0.6349280078026242
-3.6869906004351485,0.016937489339303547,-1.0450311223572515,-0.635432981759049
-0.7724727069951971,0.016865029343682652,-1.0495984197639074,-0.6354556516887822
-0.6067880061119875,0.017018470179277358,-1.0399727610221492,-0.6354509101000331
-1.6219636097376533,0.016535291515137784,-1.0708879922959427,-0.635614050946674
-1.2125123027998854,0.016614075852495358,-1.0657244354014592,-0.6357094375623904
-0.5514880229599051,0.016646842184999334,-1.0635913074446572,-0.6356955143660601
-1.126724091119921,0.016589402044314756,-1.0673362919486817,-0.6357766761142839
-0.9749199469566459,0.01664061222854982,-1.0639962383950148,-0.6358327235892206
-2.154805792292828,0.016267508873451634,-1.0888124753041684,-0.6360837105470368
-1.130817915199951,0.016196412713523373,-1.0936709884462494,-0.6361654442666227
-0.4265386109247693,0.01642157523162529,-1.078428370203304,-0.6361308180965959
-0.5745623987840107,0.0166041723632114,-1.066370821397546,-0.6361206499018291
-0.6707256077433172,0.016675385864564532,-1.061739911416893,-0.6361263640626352
-0.3568877156639543,0.01698150996680284,-1.0422754472405753,-0.6360802622550739
-2.4323443305038857,0.01683200125484817,-1.0516932928292115,-0.6363767733260955
-1.6827813645998948,0.01668541726656466,-1.061090760319611,-0.6365494758498245
-0.6855970159999248,0.01671518436363231,-1.0591690613135303,-0.6365575695033145
-0.38229080112005775,0.016840722675525874,-1.0511393207440627,-0.6365156182133652
-1.327572082943903,0.016506574133720087,-1.0727823987239986,-0.6366296163104834
-0.32934843572788264,0.016721015379758956,-1.0587934250171187,-0.6365789349348306
-4.085037690399932,0.015874398323046043,-1.1162214947351976,-0.6371476121702305
-0.23816661349600873,0.01612201548136711,-1.0988009691875202,-0.6370818279989735
-0.8444505094399354,0.01634649320219908,-1.0834644628988828,-0.6371160134063987
-1.172980215359907,0.016389690931623162,-1.0805613583078448,-0.6372043378174673
-1.7851672162559153,0.01604689912089935,-1.1040287961699253,-0.6373935208890623
-1.0576858670926952,0.015965318855420154,-1.1097622130420186,-0.637462773211719
-0.8542979972799214,0.016132783431453135,-1.0980555483636192,-0.6374984956539048
-1.1839081994109977,0.016067118043078334,-1.1026168243839225,-0.6375884988994587
-1.117321386047977,0.01598427746171932,-1.1084245925093623,-0.6376675062919404
-1.3160740931519306,0.01587088989385689,-1.1164722276146732,-0.637779214934598
-1.0918422571985786,0.015826272209803725,-1.1196705647362466,-0.637853970127595
-0.9347045937358314,0.015794819240610432,-1.121936072125685,-0.6379028344277774
-1.5818813913597671,0.015673746221029045,-1.13074163308568,-0.6380581962705905
-1.764780297891167,0.015469736046205957,-1.1458909565497464,-0.6382436038897481
-0.6067880061119875,0.01537747151859168,-1.152874310463988,-0.6382384285692845
-1.9381759889760342,0.01510263663515936,-1.1741817504922134,-0.6384522692602544
-1.4041285148799454,0.014939806943243768,-1.187175454428469,-0.638578202853284
-0.9718523883023873,0.0150614932900851,-1.177438436714836,-0.6386330086723021
-0.9622290609280373,0.015060154277942451,-1.1775447247029982,-0.6386862142053925
-0.7882835657311847,0.015102101946308583,-1.174223959785625,-0.6387108068983937
-1.230765919999961,0.01529245578717725,-1.159383609981206,-0.6388081203620856
-1.1748499833598327,0.015368666110567602,-1.1535451605860043,-0.6388962126978288
-1.1434764165118863,0.015376686230650628,-1.152934107322644,-0.6389791210454815
-0.9333767616719707,0.015592191330884119,-1.1367501483096893,-0.6390274860266917
-0.7537821055519278,0.015919567208925563,-1.1130033322111303,-0.6390463353400171
-0.9650014119999112,0.015849671674421632,-1.1179909713951275,-0.6390998671312241
-0.44444537798392153,0.015909859656743044,-1.113693427802806,-0.6390679041609209
-0.8851508991999462,0.015955725307926157,-1.1104402950284078,-0.6391083052436722
-2.901789889559931,0.0,-1.1864812586175275,-0.6394797237571844
-0.8834128579680077,0.0,-1.1944787767095633,-0.6395197587373602
-0.22389351989194967,0.0,-1.125216835098699,-0.63945155620391
-0.8953344937982122,0.0,-1.1276740708347595,-0.6394935386382979
-1.3064881536797928,0.0,-1.1416680737861156,-0.6396029537654373
-0.11807479972076002,0.0,-1.1115902975857777,-0.6395174152786332
-0.5436662353919111,0.0,-1.0982133762376183,-0.639501696816861
-0.5285746628903063,0.0,-1.097755109036226,-0.639483509075604
-0.6793031863199792,0.0,-1.0888066909402274,-0.6394900368915457
-0.49115851948764655,0.0,-1.0791314623908475,-0.6394657242350298
-0.6831458233094236,0.0,-1.0496982630111795,-0.6394728825600173
-0.09483542939193251,0.0,-1.028978613295019,-0.6393836416206157
-1.1955980275200073,0.0,-1.0443598016269238,-0.6394747645540855
-1.2287692065598226,0.0,-1.05744393778244,-0.6395712910802125
-1.9508696942398154,0.0,-1.08304681951237,-0.6397860467964195
-2.0024671754230874,0.0,-1.1159584087075527,-0.6400091810896283
-1.1705858447999349,0.0,-1.0907232389934736,-0.640096046948127
-1.108707949631933,0.0,-1.0792417706941144,-0.6401727553951206
-0.5943774404960116,0.0,-1.0774173791840362,-0.640165260253566
-1.1720309183996651,0.0,-1.0932121815296283,-0.640252294398247
-2.551581108552093,0.0,-1.117692362041792,-0.6405650118089398
-1.3689658644479115,0.0,-1.1384847106161926,-0.6406841678456875
-2.2928929847039363,0.0,-1.1026418165022727,-0.6409544015416081
-0.3742240606079328,0.0,-1.1053629654445112,-0.6409107825161079
-0.8817698539147532,0.0,-1.1061093523340078,-0.6409501643132627
-1.2739643987135838,0.0,-1.1081290360010811,-0.641053648739354
-0.7510252067840333,0.0,-1.0874461958116435,-0.6410716238223949
-0.7605827654784192,0.0,-1.0815041337793578,-0.6410911549780831
-1.5299926543998057,0.0,-1.0950180269217555,-0.6412364003211259
-1.9176702605279807,0.0,-1.1096932681440954,-0.6414449338712331
-1.3107906950398576,0.0,-1.1135626543239328,-0.6415542683634202
-0.6043553458319154,0.0,-1.0993282793775325,-0.6415481930861817
-0.11126124667188991,0.0,-1.0797166591669989,-0.6414616014881388
-1.3750931666880193,0.0,-1.0885244306260426,-0.6415813780702122
-0.6240573298398286,0.0,-1.0693679493956438,-0.6415785174681505
-1.3913073829198503,0.0,-1.0618984910962175,-0.6417008822250383
-0.7681107058558716,0.0,-1.0651249450910951,-0.641721510459965
-1.0888897118960101,0.0,-1.0481392195494947,-0.6417944698663015
-0.36441546943992886,0.0,-1.0273449586406942,-0.6417492204371944
-0.7396229503440622,0.0,-1.0227003698815278,-0.6417651841837132
-0.7791819276799561,0.0,-1.0190394272165662,-0.6417875939592345
-1.228485631999864,0.0,-1.0278434685419398,-0.6418832564470937
-0.7333096276797053,0.0,-1.0178943426955347,-0.6418981613005714
-1.1729345414398837,0.0,-1.0178560338571359,-0.6419847197977416
-1.147226320655932,0.0,-1.0179310319400168,-0.6420670603454696
-0.665555521343927,0.0,-1.0125746071334558,-0.6420708876977587
0.08015063520806054,0.0016070319472714298,-0.995895952318256,-0.6419532237155322
-1.1549061284543096,0.0016009361948984546,-0.999694046647344,-0.6420367801424322
-0.45538368518393607,0.0016005864943453203,-0.9999128127913443,-0.642006380615566
-0.91103759114721,0.0015997594983005654,-1.0004305466302896,-0.6420501896386129
-1.2503578193278972,0.0016542874803833815,-0.9674019052256488,-0.6421492302816754
-1.1315367365943,0.0016458586925637657,-0.9723643827981747,-0.6422288961625663
-1.1579724146398673,0.0016148837576237807,-0.9910459606931332,-0.6423128387925268
-1.227250245799988,0.0016041560046940833,-0.9976842757331685,-0.6424080279555874
-1.4863595797707583,0.0015984017674750416,-1.001281704254988,-0.6425453451621957
-1.959876144034952,0.0015417723592129446,-1.0381177311412717,-0.6427596498309566
-1.0872869241599787,0.0015258168136097925,-1.048990144916633,-0.6428319542021877
-1.471606663680047,0.0014989078609134363,-1.067850784932428,-0.6429667362333273
-1.0597926618240279,0.0014883176102980808,-1.075460574442509,-0.6430345128065942
-1.0072747424159143,0.0014741893260275826,-1.085782898901074,-0.6430937292315022
-1.4899857849598392,0.00145263227337075,-1.1019196981340824,-0.6432313904889353
-0.7866285074766978,0.0014346448344850933,-1.115755559695778,-0.6432546957249158
-0.9676381760638594,0.0014405226491316478,-1.111196362666655,-0.6433074067226958
-0.6682349980800264,0.001455182607596685,-1.099985678497059,-0.6433114566969212
-0.664870961855946,0.0014899705507715947,-1.0742657038493817,-0.6433149588907419
-0.5984188770624574,0.001529902123081877,-1.046184737882169,-0.6433076670145312
-0.6584502397264345,0.0015450054163452123,-1.035942025780699,-0.6433101260227664
-0.7257830483200063,0.001556494469232862,-1.0282835277544604,-0.6433235166579827
-1.1497385056318756,0.0015398869455749168,-1.0393907490571777,-0.6434057268834654
-0.6770487646719775,0.0015546715620905957,-1.0294911059826242,-0.6434111875291055
-0.6279221115199196,0.0016149293668800732,-0.9910179260419806,-0.6434086738848327
-0.6167973635999946,0.0016397805713208736,-0.975974556025022,-0.6434043559698099
-2.3021296950961254,0.0016394707582262484,-0.9761592902328659,-0.643673454824308
-1.9207948020799424,0.001589196676777896,-1.0070907050623061,-0.6438806115716327
-1.2286376511999464,0.0015783415313418256,-1.01402806100801,-0.6439754472900284
-1.1507445920879706,0.0015821806417781403,-1.0115636648754978,-0.6440576216284097
-1.3132012706982907,0.0015648152526676496,-1.0228071861537829,-0.6441661079528375
-1.0188448399358077,0.0015569647850387739,-1.0279724276429305,-0.6442268436850441
-1.204536141119965,0.0015668707769621684,-1.0214632973773339,-0.6443176555646932
-0.9949547452000241,0.0015956535503461387,-1.0030089870707746,-0.6443744757056161
-0.8530393087360928,0.0016103284714173757,-0.9938539593446994,-0.644408284006496
-2.007819693297492,0.0015661666616450468,-1.021923246294011,-0.6446291509122616
-1.9854058684351996,0.0015108377736379728,-1.059406138729277,-0.6448463159134801
-1.0936268848960093,0.0015188964816053232,-1.0537768130934368,-0.6449189929286999
-1.9756729693438468,0.0014809633475219588,-1.0808091258835173,-0.645134464751306
-1.3821596574166892,0.0014812137093932276,-1.0806261713734542,-0.6452537824124142
-1.3202614500479828,0.001466252142589902,-1.0916691862572963,-0.645363042313294
-2.1104576771728043,0.0014393531315062145,-1.112100545562832,-0.6456001510096623
-1.4899857849598392,0.0014108357609578235,-1.1346119518732305,-0.6457367829892658
-2.0127559535958714,0.0013799118362589008,-1.1600746119382666,-0.6459579477151365
-0.5654790460319682,0.0013850075719942009,-1.1558005543053067,-0.6459449294521661
-1.6638736444799767,0.0013746652370911032,-1.1645083145549089,-0.6461095629173169
-1.5211989807919348,0.0013563369113691885,-1.1802661016171536,-0.6462510715553951
-0.683580452519838,0.0013676625523243986,-1.1704790198387527,-0.6462571070252356
-0.43918901400706795,0.0013843883198064804,-1.1563182737057753,-0.646223633360021
-0.9653030899198789,0.001377257788942543,-1.1623132250772945,-0.6462752059245207
-0.5787956422270557,0.0,-1.1754921506259968,-0.646264301017653
-1.18176775087348,0.0,-1.1760293830743802,-0.6463508260539845
-0.45207755136007277,0.0,-1.1759632603979029,-0.6463194410338401
-0.18963334871999632,0.0,-1.1615351755493586,-0.6462456749068309
-0.7926581421119919,0.0,-1.1523811820050407,-0.6462693203311212
-1.4616696476798599,0.0,-1.1589838402267518,-0.6464009851667983
-0.5445426419999846,0.0,-1.1467152447739541,-0.6463845404875657
-0.21779177241594772,0.0,-1.1265260753062731,-0.6463153568284743
-0.984145377848519,0.0,-1.1164817912678284,-0.6463698807182451
-0.6041377675360211,0.0,-1.0893670237378499,-0.6463630657895405
-0.10099760639989974,0.0,-1.0696412373826483,-0.6462750752346212
0.8872786303919824,0.017059620549119265,-1.0224635315012078,-0.646027687961573
-0.7609570907198675,0.017158206156873662,-1.0164868200791244,-0.6460462249620178
1.5477179366960432,0.04802343018685691,-0.9653869664968855,-0.6456924490933421
-0.9276808436639166,0.04856197652678712,-0.954140867670967,-0.6457379164255851
-0.9868774015998973,0.0483688092648473,-0.9581458455534309,-0.6457929123122809
-0.4529326074609942,0.0488684460892409,-0.9478517341813736,-0.6457618258672694
0.9715984902107687,0.06929699389074313,-0.9150550644155578,-0.6455011715052906
-1.1630826628079194,0.0686017407769827,-0.9250192984345972,-0.645584571681137
-1.57906742204788,0.06727321436901328,-0.9446322693343057,-0.6457349636338302
-1.527052315491202,0.06613873034711687,-0.962004310849601,-0.6458769284134465
-1.0207435597438543,0.0657621348502905,-0.9679035210780779,-0.6459373031326171
-6.054086451858548,0.06007455833556076,-1.0659904800026114,-0.6468081806122831
-1.4885796073599988,0.05922695143516011,-1.0822210968563717,-0.6469437097423342
-1.018992298560039,0.058826978944994494,-1.0900425005971741,-0.6470036016594009
-1.4401028887582146,0.05800234236403475,-1.1065086111003388,-0.6471312532427098
-1.4364208977518227,0.05887008617105254,-1.0891944351534526,-0.6472582712093189
-0.9928621288966282,0.05982950005774106,-1.0706357816897862,-0.647313879231473
-1.996562222304023,0.05903332119626162,-1.0859942731118677,-0.6475309397757253
-1.6436504703998434,0.05853335102933933,-1.0958523906781052,-0.6476911648892244
-0.9751284917119037,0.05887535141208491,-1.0890909350983775,-0.6477438244786138
-2.002027921397564,0.057891649933173125,-1.1087545967276127,-0.6479615900513616
-0.6729743055856836,0.05841937302648463,-1.098123360016927,-0.6479656113882643
-1.8849643960000046,0.05754114041324422,-1.1159235530329266,-0.6481644538226979
-1.5824367862798474,0.05684084268429808,-1.1305115025838017,-0.6483146100959953
-1.8703946840001229,0.056971478801421956,-1.1277630023978542,-0.6485109912745113
-1.3206601114102376,0.057611958239542266,-1.1144680872573551,-0.6486189843850729
-1.1775977303999265,0.05753025919415136,-1.1161475041674336,-0.6487039608904568
-1.0406517911999429,0.05845326847233605,-1.0974470806045553,-0.6487669142843389
-1.4583901445118186,0.05837690984983791,-1.098971690346458,-0.6488969324680914
-1.9876930811440139,0.05771677985281656,-1.1123203229683787,-0.6491118965253612
-1.5647483655998653,0.058255395668283375,-1.10140613673692,-0.649258892266102
-1.721688830399931,0.05802548128684731,-1.1060401976457215,-0.6494310319030416
-0.9018401162338099,0.0591446481690066,-1.0838218808984805,-0.6494715405026774
-2.0042274415967536,0.05770326262363742,-1.1125968488097762,-0.6496889275214666
-1.372354466687881,0.057989612629000147,-1.1067664652539342,-0.6498048693695601
-1.5762490799999085,0.05793532120650312,-1.1078674672380935,-0.64995348088875
2.9297788496159,0.10902903860004418,-1.0356002811953788,-0.6493793457916361
-1.5259231238397863,0.10702769861909181,-1.0573349633920333,-0.6495199076546971
-1.01716806815999,0.10693401892163716,-1.0583722629568355,-0.6495788539687112
-1.1772591500910434,0.1058648055768379,-1.0703415331141153,-0.6496634452313149
-1.5520646819837929,0.10521387609720406,-1.0777474717363216,-0.6498080839934166
-8.966838016399954,0.09218084731654706,-1.248042681037119,-0.6511409413543792
-1.6728813932038662,0.09023377180458185,-1.2777076419267965,-0.651304655575153
-3.642090655039099,0.08671507930258318,-1.3346962921853387,-0.6517837946330614
-2.575503321623929,0.0854131160151906,-1.3569729656642202,-0.6520919348744503
-1.9742089141597021,0.08379818836488506,-1.3855662911074145,-0.6523036768634454
-1.1520092800559345,0.08277549922665302,-1.4042506412602143,-0.6523836937734842
-1.563608866559997,0.08215360899484364,-1.4158399110344435,-0.652529583170344
-1.4393153940478285,0.08127354569943258,-1.43254346356468,-0.6526555293542528
-3.0396404913558355,0.07832141391050283,-1.4913163212637985,-0.6530375692009239
-0.7773693336191887,0.06671308370139903,-1.524609280544022,-0.6530574654666333
-1.460559150959968,0.06614652524135034,-1.538601321748824,-0.6531866657363122
-1.7490701340001096,0.046374175117672424,-1.6045370831627472,-0.6533619790411057
-1.6683865224790768,0.045969437931103446,-1.6193511967390501,-0.653524331015424
-1.069364565792024,0.04592480196880077,-1.6210009400228929,-0.6535908335317804
-1.9643921023998836,0.04512198953750753,-1.6512301299216707,-0.6538004275945991
-1.908881729383733,0.03315288351290456,-1.7088397343135608,-0.6540010800808963
-2.4138318796797567,0.032690210230509005,-1.7338547186509974,-0.6542823829580701
-1.756135562399928,0.03262575119245058,-1.7373960814580383,-0.6544584822355899
-1.559256167279931,0.03261405516709446,-1.7380401584938128,-0.6546030647995151
-0.9630857661942231,0.03263500167452361,-1.7368870026228203,-0.6546523510595238
-1.7783255990398947,0.034267073322754305,-1.651371785566447,-0.6548318515783706
-2.1713803628798667,0.0339955803288977,-1.6650278006768446,-0.6550740730304232
-1.4111509096550416,0.03384158763910549,-1.6728709728987445,-0.6551948135025767
-1.5756201005599495,0.03378869663801642,-1.6755813171347793,-0.6553417758667882
-1.4891603207038744,0.033768157635866165,-1.6766361055938206,-0.6554748886613025
-0.10428346295998925,0.034117576691380824,-1.6588645322750875,-0.6553869091839359
-1.83462038087995,0.034182038185158324,-1.6556256954466062,-0.6555751047587358
-1.1766081985054486,0.03436931767431358,-1.6462848500087182,-0.6556582439152298
-2.9686537849599466,0.03358392071243463,-1.686155355873679,-0.6560272604342221
-0.9094161973600469,0.03400987942427234,-1.6643031213929285,-0.6560676797892908
-0.4684386027240205,0.034090821968823105,-1.6602124073356952,-0.656037754896617
-2.496118074879897,0.03385010148992547,-1.6724354809132933,-0.656331181833307
-1.6703415995112705,0.033815757013078124,-1.674193577177922,-0.6564928544126563
-2.793543723203048,0.03345924657150933,-1.6926565579619801,-0.6568335288696608
-1.321016890599946,0.0334591102403209,-1.6926636935457744,-0.656939391694291
-1.3340539043998398,0.03339943264109041,-1.6957928170257728,-0.657047298389543
-0.21861781030876354,0.03371538539785027,-1.679352137407949,-0.6569774402811809
-2.6635664592015886,0.03325418446357866,-1.7034556637017446,-0.6572971135357484
-1.3572810360318954,0.033493847469903706,-1.690847422799502,-0.6574086114526798
-3.464178268819169,0.032781996839820804,-1.728836020863888,-0.6578556204759904
-3.745535810860631,0.0320560770910161,-1.7693129604731024,-0.6583472892961154
-4.475882021999965,0.030849691877634224,-1.840793798588425,-0.658955080210413
-3.76776173306393,0.030287272767501244,-1.8760644844177687,-0.6594499555133186
-3.7026426856473407,0.029574818396201484,-1.922670248796958,-0.6599343089639209
-3.102335375080046,0.029126125640388446,-1.9531919746985609,-0.6603229787707504
-3.2641793620477717,0.0,-2.077071138931834,-0.660737275729108
-4.466289474777486,0.0,-2.1358784659505883,-0.6613426769698092
-2.1989431482719244,0.0,-2.1595139675528268,-0.6615872452012872
-2.13797978649574,0.0,-2.178728380280921,-0.6618220404527654
-2.553256364159919,0.0,-2.1987522139244438,-0.6621227932471216
-2.5109931917713855,0.0,-2.069635317431872,-0.6624167313073004
-3.417652864639957,0.0,-2.104530746860594,-0.6628546960399873
-0.9258145415999982,0.0,-2.050205224591812,-0.6628964887681436
-2.5920239718860785,0.0,-2.0505356375970547,-0.6632030400923321
-1.6991028509197776,0.0,-2.045033516332256,-0.6633676253816279
-1.9483843286207732,0.0,-2.060961017303553,-0.6635717582971543
-1.5305445075198563,0.0,-2.0602997301227504,-0.663709460449191
-2.1522795145279368,0.0,-2.0745590125323523,-0.663945853978503
-1.7921948029917565,0.0,-2.0496100987650707,-0.6641249979843801
-1.5836471597663069,0.0,-2.0657356552880133,-0.6642709770543566
-2.179603286651989,0.0,-2.0801165380018536,-0.6645115059923881
-2.182535783471919,0.0,-2.0887858509912895,-0.6647524239859571
-0.7359854805408239,0.0,-2.070137830152525,-0.6647637272319988
-1.4890543396400333,0.0,-2.078531625629485,-0.6648945047367439
-2.0031944711328067,0.0,-2.0793076730041435,-0.6651067985131393
2.4843800760064285,0.02434318273943818,-1.9914424368963402,-0.6646072764077436
-1.919334033231875,0.024461707886219687,-1.9815524799673827,-0.6648062498864661
-0.722163502479973,0.02471330658944147,-1.9608730387689834,-0.6648153441075844
-1.6192913945375662,0.024698556639292615,-1.9620737433141364,-0.6649666561003603
-2.0170779286111404,0.024442441353224664,-1.9831535865624743,-0.6651809707734481
-1.330499674859228,0.02455060916587387,-1.9741970680788612,-0.6652864095538102
-0.9997702518599343,0.02483818152662213,-1.9507648658584626,-0.6653394096872767
-0.18494198927982974,0.025146459918341517,-1.9262406874509583,-0.6652633010972248
-2.4827549933440145,0.02491766935499027,-1.9443833853066395,-0.6655511977695275
-2.7135467770799164,0.024615385783632444,-1.9688711144341604,-0.6658755556376476
-1.9432086829373607,0.024174914475384533,-2.005649618833708,-0.6660778253331819
-2.5462938358399763,0.02400865153983236,-2.019883087932908,-0.6663755162784808
-1.6250463310848475,0.023905055768759835,-2.028851850584496,-0.6665272767367372
-1.9983911964798142,0.024130336678417737,-2.0094465988148937,-0.6667380814090612
-1.531411016959785,0.023985432912408247,-2.0218864952068887,-0.6668749183983872
-3.404384154055732,0.023324303905275026,-2.0806054062335226,-0.6673080685939026
-2.4998819104639605,0.02332347973937233,-2.080680682945204,-0.667597986936233
-1.569668914015948,0.02334554408039788,-2.0786672292352977,-0.6677406745235597
-1.5752723566399918,0.023615899129179947,-2.054301801904036,-0.6678842031780143
-1.736015926399868,0.023523103365098146,-2.062601782620035,-0.6680531044625212
-1.5945777157437309,0.023465220683186194,-2.0678122588469123,-0.6681995905670717
-0.7118744164800368,0.02335640649137514,-2.0776773909703383,-0.6682064945863434
-1.676640335471879,0.023575145893738172,-2.057938868495744,-0.6683658803680543
-0.28879495455993653,0.02381662830260863,-2.036569146866305,-0.6683058976048103
-0.2552002269934599,0.024572554314968218,-1.9723895860297904,-0.66824062573396
-0.9323362334878171,0.025275851042799856,-1.916125594482334,-0.668282346999008
-1.119061597295894,0.026169594449686837,-1.848989185988253,-0.6683535489023877
-2.002839009600091,0.026665331800380998,-1.8136907315189763,-0.6685643015019925
-7.5428660937135295,0.02560975259103724,-1.8904951996802999,-0.6696497747046155
-1.9570343731200284,0.025915716503923086,-1.8675891796410995,-0.6698530245622751
-0.9208698370318701,0.02656507708426279,-1.8207229891407815,-0.6698926483685055
-3.258906000767996,0.026912527435882426,-1.7965753196605916,-0.6703012679001342
-2.6975446229952813,0.026767948476595155,-1.8065473491550588,-0.6706211737475534
-1.4291439053920276,0.026973958058738468,-1.7923706315329844,-0.6707408523104509
-3.678868073831682,0.026648283019039407,-1.8148828657264198,-0.6712153951754961
-2.144672932359809,0.026753404431435673,-1.8075564605381884,-0.6714478017271024
-1.695476415867136,0.027258935148594166,-1.7731129315627319,-0.6716092949638379
-9.215570190192256,0.02498627693302396,-1.9389080445345772,-0.6729564978801464
-1.5132809031296048,0.025260333753017554,-1.9173331831594476,-0.6730889784737534
-3.5903827439301814,0.024783745005531647,-1.9551587810196558,-0.6735488293195063
-4.833015829487849,0.02409050263661492,-2.0128514110369973,-0.6742043796741428
-2.3997223215836994,0.023889159271865662,-2.030234967318274,-0.6744762860627198
-1.4964184113576995,0.02404077461753238,-2.017117745254869,-0.6746057869490117
-0.05925729709990979,0.024450795824407377,-1.9824589951370326,-0.6745088511440576
-0.6138307177599438,0.024686421517170234,-1.963062666296905,-0.6744992940274432
-3.2424344696223857,0.02442843322131589,-1.984319289956313,-0.6749036932676945
-2.7497696733313566,0.02429293930029556,-1.9956639677535017,-0.6752303923670588
-1.6136610732478212,0.024086227706106984,-2.0132174796076416,-0.6753781301946535
-1.4913919625598113,0.024085681842485537,-2.013264232066037,-0.6755065756271051
1.1599755798400895,0.03603121632477281,-1.9500008310465793,-0.6752177052847276
-1.9384961035598836,0.011252842664516413,-2.0384583546379056,-0.6754164902411831
-2.0000102009599967,0.011244042695430414,-2.040071877992468,-0.6756248907620639
-3.1483203289118236,0.010985686017213636,-2.088595014521105,-0.6760138628303587
-0.5781228019631317,0.011095089260062483,-2.067771642669616,-0.6759984663124494
-2.6031727508797413,0.011033237394753571,-2.0794935391149885,-0.6763015287883997
-2.431205347759807,0.01091892190511188,-2.101507652573,-0.6765774570618228
-2.4908983851646562,0.010767784406888727,-2.1313302152390943,-0.6768626828011881
-3.2355204335999526,0.010471261195444526,-2.1923417841254973,-0.6772648610078524
-5.49431256572763,0.010194126229822083,-2.2525729355731694,-0.6780219013512
-2.0546458179119065,0.010253499836223886,-2.239394916389809,-0.678238215605845
-3.879866949119907,0.010080925316430631,-2.2781280817134597,-0.67874122090569
3.2845619170631863,0.039499947623850735,-2.1615109666553964,-0.6781186473684659
-3.3572677961855986,0.038901074316479725,-2.196155395957412,-0.6785394341045766
-1.100815112767856,0.03920910445835497,-2.1782038742831724,-0.6786057462400452
-4.79567044655982,0.03811161006013359,-2.243489062875173,-0.6792521687083007
-2.3901574214000147,0.03844597183244167,-2.223204528222059,-0.6795207566600576
-1.2207677109599357,0.03887611842342973,-2.197622244231978,-0.67960571144805
-3.847110860885536,0.038116806628416024,-2.2431710831693703,-0.6801028089291293
-4.150932531960056,0.03729303612121472,-2.2946842866757713,-0.6806474236667774
-1.025273643663795,0.037516773632498064,-2.28046944102105,-0.6807014911628548
-2.381123882239694,0.037269330888670356,-2.296200364350969,-0.6809682240869452
-0.9019105262398986,0.03721003545681138,-2.300001086546166,-0.6810028762673332
-1.2913838458799445,0.0373304410310353,-2.292295956754328,-0.6810985922732313
-2.0027085417597217,0.036800678433188246,-2.3265742284983233,-0.6813058061254557
-1.934493576600004,0.03629600018472135,-2.3601600954904542,-0.6815022613332429
-1.4763154584000646,0.03613547312421836,-2.3710396799886992,-0.6816268402042565
-0.8065165113600219,0.0362275304970179,-2.3647887782699817,-0.6816464123200935
-1.5723313153858878,0.03635510340586969,-2.3561786243856977,-0.681785974354419
-1.961353376015733,0.038094308601124206,-2.2445483700317417,-0.6819864392457963
-1.1314259919999865,0.03836579735412263,-2.2280362024093407,-0.6820568401782453
-1.5282896847169143,0.03816568234460051,-2.240184599363042,-0.6821893746879615
-1.9155413959359253,0.038611084545505464,-2.2133173072664003,-0.6823825084213233
-1.1710583683919498,0.039129989788390225,-2.182787582174334,-0.6824590194374451
-1.5440558067439523,0.03909044231384268,-2.1850858202013725,-0.6825938968305739
-0.7410759657727429,0.04012726533991602,-2.1263299780401934,-0.6826030503865205
-1.3445815073999507,0.0404192370114323,-2.110328149540996,-0.682706646389183
-1.5347144527997953,0.04047841611031412,-2.1071129102796493,-0.6828399600813142
-0.10927946232001318,0.044139097179909534,-1.9249870957222046,-0.6827502290897995
-1.525939085855982,0.04413354917181178,-1.9252402593767324,-0.682882121606109
-1.9004397783551723,0.04488678827837921,-1.891441400065232,-0.6830725435105114
-2.1539713757918313,0.04613504178800364,-1.8378605109913115,-0.683302551146521
-0.7653376220159371,0.0469312389983658,-1.8051728169999564,-0.6833153771425919
-0.732297769087898,0.04731298786153521,-1.7898904041545607,-0.6833230342305933
-0.7114338806398881,0.04698677980417335,-1.80293393582536,-0.6833274279233739
-1.628030620000059,0.04648833546481644,-1.8232179338701622,-0.6834750608647828
-1.9323067020191986,0.04713423886629662,-1.7970153785180987,-0.6836701908087133
-2.9556988569573086,0.04703152787772299,-1.8011339621906177,-0.6840251398270148
-1.6184314166397988,0.04702915388534048,-1.801229369058457,-0.6841710951967138
-0.3642301131437501,0.047596835661448914,-1.778686132070136,-0.6841211278404663
-0.8566406035198986,0.03485483124942433,-1.8190184557373357,-0.6841480671714594
-1.2678413130238575,0.03510466400786987,-1.805605359926615,-0.6842391980451287
-1.1171932252991237,0.03543904381176817,-1.7879490204133979,-0.6843067837502885
-0.8066654525439807,0.036357636692474604,-1.7411159228860411,-0.6843258814042287
-0.26270914558283065,0.036485020221587734,-1.7348076497584346,-0.68426008603347
-1.4493234370558339,0.036958719971819765,-1.7117306634819567,-0.6843794593133923
-1.6651195043199134,0.03728008140636048,-1.6964089466131589,-0.684532460880476
-1.1960827900078705,0.03783613166685018,-1.670512634710023,-0.6846122534758788
-0.28592754791035024,0.03916692567221151,-1.6115207769962308,-0.6845500755741999
-1.0506557475919558,0.041358452664500146,-1.5226476406335174,-0.6846071636253487
-0.961621406599848,0.04193561732433043,-1.5007871524072762,-0.6846503526248771
-0.6378687163199017,0.04374637542554165,-1.4359471877512764,-0.6846430600860921
-1.3545668163200217,0.0,-1.5287297624189407,-0.6847474746366273
-1.4250759728799942,0.0,-1.4900859259528283,-0.6848628445132431
-1.4310845719998242,0.0,-1.4966913151374677,-0.6849791146484078
-1.3033361575918123,0.0,-1.4268446293581076,-0.6850754469498478
-1.1450520483760098,0.0,-1.4019425218976271,-0.6851470943955528
-1.7335192663619479,0.0,-1.4121975530056676,-0.6853103668098133
-1.4142662754463504,0.0,-1.363540661296884,-0.6854238759827557
-2.051012377265516,0.0,-1.3215422582029932,-0.6856364851219869
-1.9774580572798799,0.0,-1.340585946475315,-0.6858375781438049
-1.574450424000009,0.0,-1.3244524773105213,-0.6859758836451054
-2.157473861793452,0.0,-1.3495637440215922,-0.6862048749271079
0.4658228326760331,0.007038001671966801,-1.3144196104504726,-0.6860256268008278
-0.6442843380479352,0.007185477082305581,-1.2872511263762372,-0.6860191331342513
-0.2271247270879908,0.007379838035663562,-1.253103749385997,-0.6859477543185653
-1.9842692208766637,0.00732092435457823,-1.2632628246355286,-0.6861496705653083
-0.7686130609843899,0.0073252879913897236,-1.262504755628016,-0.6861624933596512
-0.6235750967639817,0.007436233982315492,-1.2435296312555781,-0.6861527627320709
-1.5999846111359433,0.007479380776151184,-1.2363022559579822,-0.6862948164936759
-1.628030620000059,0.007420214789514681,-1.2462343485179836,-0.6864411851295954
-1.4403361557438823,0.007430625355455889,-1.244475277938523,-0.6865583405251843
-2.6185522346567898,0.007348221252078844,-1.2585354947129404,-0.6868585260276907
-2.8345929233598506,0.007160321671033719,-1.2918061858122982,-0.6871921805868537
-2.225444974999809,0.007086102784589375,-1.3054339691774155,-0.6874311139193193
-0.9402530975999521,0.00706469756318437,-1.3094175118139597,-0.68747037808824
-1.1679183638974266,0.007083676745207236,-1.3058842489439093,-0.6875449818127444
-2.6021838366717587,0.006970525609476487,-1.3272336366213482,-0.6878422398246773
-1.6642225910399,0.0068120233731582365,-1.358332499195746,-0.6879938046106467
-0.9682522544095564,0.006868035007801507,-1.3471787625668177,-0.6880373027403687
-0.6743653599199462,0.006994474769081167,-1.3226572741981133,-0.6880351810856791
-0.913934524319906,0.007127179568083939,-1.2978565371686748,-0.6880702314104632
-2.770730905579974,0.006915007058753347,-1.3379644028399553,-0.6883933249063009
-1.8445382345599812,0.006802688599231616,-1.3602092121493967,-0.6885726555887351
-1.677380910767876,0.0067080626518100945,-1.3795281527519565,-0.6887260067449354
-0.8001758620799695,0.006788997609318237,-1.362971057593555,-0.6887432884716116
-1.7284066280822739,0.00680923247980524,-1.3588930561148167,-0.68890447658628
-0.7024381171919303,0.007041149380149137,-1.3138278413195088,-0.6889065744998757
-1.16209567095991,0.007090054785894968,-1.3047011264059112,-0.6889799144094323
-2.1143086447835704,0.006906096646605628,-1.3397026970387076,-0.6892007928737706
-0.25372714348794223,0.006968383863424296,-1.3276444278380684,-0.6891333194232924
-2.381529172517342,0.006854193064117037,-1.3499181850279383,-0.6893955031340738
-0.6571243231280559,0.006900908966061248,-1.3407168069845168,-0.6893905045002439
-0.3657142874590007,0.006946285219268446,-1.331897783682817,-0.6893403765434465
-0.3091016604479119,0.006941483110124551,-1.3328256339801188,-0.6892814978323756
-0.7564876411118538,0.007013896886067352,-1.3189689180612394,-0.6892919028708148
-0.7186392046079844,0.007115298130640638,-1.3000393120670006,-0.6892964457967803
-1.4982276484559605,0.00708261069066905,-1.3060822092359623,-0.6894216479640392
-1.3821892235279634,0.006966492304286023,-1.3280074427483148,-0.6895288543359928
-1.524621773784966,0.006917459444472266,-1.3374867632721748,-0.6896580656804843
-1.5031246484854863,0.006862277728513572,-1.3483168281098878,-0.6897839113770817
-1.35654353826241,0.006790386739456827,-1.3626903245487378,-0.689887045116739
-2.3464211105279356,0.0066936075761306795,-1.382527410432896,-0.6901432365898926
-1.5681503207999998,0.00667987444552485,-1.3853888973912962,-0.6902790038829513
-1.3947781230719887,0.006683354017042702,-1.3846627684127395,-0.690387924587835
-1.9430099481600065,0.006622574242241502,-1.3974562442241034,-0.6905815591563268
-7.281386382479894,0.006091180375289303,-1.5201829309061814,-0.6916002306900707
-1.238925294431919,0.006130830891352908,-1.5102910514675805,-0.6916848119083897
-1.1495516374399581,0.006152265303515733,-1.5049967587074524,-0.6917555577096152
-0.7719208174400833,0.0062579836447455755,-1.4794149275109438,-0.6917679422700556
-2.1113894273039095,0.006246744075255906,-1.4820935549114245,-0.6919872226971538
-2.3765579421481,0.0061802668693683,-1.4981357052743867,-0.6922473880592311
-1.7753195252798797,0.006211761755270748,-1.4904926185441147,-0.6924146320581843
-1.512215651063856,0.0,-1.5300533882189127,-0.6925412031588492
-1.9699244356176517,0.0,-1.556566190170307,-0.6927383910613589
-2.007104430900038,0.0,-1.5921657842465482,-0.6929412566331816
-2.2393508272639235,0.0,-1.597267416374293,-0.6931799000854394
-2.556413535599875,0.0,-1.6330234258666028,-0.6934673917743013
-1.9116819780559229,0.0,-1.6587855634924418,-0.6936553298468532
-0.80673992313596,0.0,-1.642920669732442,-0.6936727730973993
-3.0352240381758646,0.0,-1.671064538095958,-0.6940339006830065
-1.1362183924007025,0.0,-1.6649821828290945,-0.694102086418044
-1.5919624069438538,0.0,-1.6444503862748356,-0.6942405169330804
-1.9598738243772047,0.0,-1.626956004295183,-0.6944356199556554
-2.028013889595206,0.0,-1.623007382587091,-0.6946411653116417
-0.7373165956463206,0.0,-1.618948652548018,-0.6946477418920601
-3.2320916029440334,0.0,-1.6602321173289505,-0.6950387193745027
0.9217681864000813,0.01146343504444975,-1.5897530768675134,-0.694789634964431
-1.1370622667774266,0.011539084731954493,-1.579209870382264,-0.6948577607549136
-1.774601927439953,0.011423770599740344,-1.595336863842872,-0.6950240543274818
-1.8249864998398886,0.011263157754957226,-1.618349286641271,-0.6951980553200152
-1.1309247956159263,0.011233373351364097,-1.6226890920671913,-0.6952651418081286
-1.799420423107849,0.011367937143557067,-1.6032628824177488,-0.6954351164511858
-1.0878598565279152,0.011475021188837246,-1.5881293148571074,-0.6954955173654658
-0.6507601987599048,0.011623574212480257,-1.5675969006169481,-0.6954886328904571
-1.38891078720007,0.011537916755068534,-1.57937159911935,-0.6955953296367734
-1.4288935075630866,0.011581335792582748,-1.5733813367089662,-0.6957081447410699
-0.9357258523199744,0.011547489086806419,-1.578047091411527,-0.6957450648622172
-1.379656116744035,0.01151610197982806,-1.58239830032721,-0.6958502495825927
-0.8472552195039607,0.011701333144996693,-1.5570572318216174,-0.6958735319091991
-0.8327443229759596,0.011615952407328269,-1.568637575411378,-0.6958945760037665
-1.0194352623360783,0.011818820761872838,-1.5413956972077525,-0.6959443132345633
-2.2726562512750323,0.01157897172959306,-1.5737063357706922,-0.6961866605966968
-1.31689356239981,0.011442254807538334,-1.592729921269508,-0.696282051237822
-0.6579319798921011,0.011392921613447973,-1.5997065276583922,-0.6962761584794717
-1.8064293770639903,0.011246968264771055,-1.6207053623774346,-0.6964467151269726
-0.666723115519924,0.011254097228196824,-1.6196670405956735,-0.6964421492898595
-1.0001081250199744,0.011322959678604128,-1.609704650126954,-0.6964887882048847
-2.391151993119952,0.01118434035927137,-1.6298839055187935,-0.6967490251835265
-0.03534978519998838,0.011390162746230871,-1.6000984657470942,-0.6966474745555542
-1.7306299958640092,0.011358231890726374,-1.6046485726946644,-0.6968062069045423
-2.3614296414127964,0.011219309583209028,-1.6247462947576725,-0.6970617131876595
-1.087385570481529,0.011393914048308458,-1.5995655839567442,-0.6971216155598654
-1.4135849232000046,0.011415724616674235,-1.5964742760047441,-0.6972315531550228
-1.4527633804798517,0.011407532595304705,-1.5976339811529017,-0.6973474678262906
-1.1728662297600585,0.011517304864950631,-1.5822311067849022,-0.697420411339396
-1.5592839479518665,0.012404158791440786,-1.4677890580943418,-0.6975525989983857
-1.4364158803999352,0.012371280695268912,-1.4717388698137024,-0.697665904209458
-0.9473835009599163,0.012404939625490408,-1.4676955070841016,-0.6977041927094195
-2.7054603939024284,0.012090335538914563,-1.5063662986133481,-0.6980119891529567
-0.9585430762143171,0.01227596361380201,-1.4833093715915566,-0.6980519234090974
-0.4006861044479453,0.012607727776718928,-1.4437919348375532,-0.6980063501035095
-6.1097458429950136,0.011902108191680132,-1.530480461191856,-0.6988356083770142
-0.6032419236479598,0.012043461124789389,-1.5123009866435382,-0.6988209624930355
-1.368628920204784,0.012138827285096855,-1.5002750763352808,-0.6989235678787143
-0.13495764595204718,0.012445668100923511,-1.462832140636321,-0.6988371892722008
-1.4857698984479342,0.012573602140544536,-1.4477605220600012,-0.6989576996411404
-1.2249406573440114,0.012806191757861218,-1.4211310644948838,-0.6990382359996925
-1.0908149830159137,0.012953923014304286,-1.4047137245940837,-0.6990982140687396
-1.673731611439951,0.012797990630346055,-1.4220535583601634,-0.6992474002615102
-1.6881132492800495,0.013041920472598365,-1.395111342582247,-0.6993987418361994
-0.7734920449279317,0.013109198784267655,-1.3878568156327917,-0.6994100797555708
-1.3526862729599398,0.013153960874975869,-1.3830712929531137,-0.6995100302135273
-7.086355396427814,0.012257259930223623,-1.485600924394126,-0.7004870602527219
-0.8191835514719545,0.01245750793822805,-1.4614243176316608,-0.7005052151152515
-0.17441308851198328,0.01255300524471366,-1.450166247488974,-0.7004247605921436
-0.5817643778847158,0.013023048865783392,-1.3971597029877876,-0.7004066168027387
-1.2716834134128887,0.0,-1.4410287349840472,-0.7004939546404715
-2.0769491050559923,0.0,-1.4598264717496183,-0.7007043574454876
-0.959588773855872,0.0,-1.4435262086779368,-0.7007439240688119
-1.2175932693598883,0.0,-1.4313783440683365,-0.7008229047144859
-0.6135735707006995,0.0,-1.4210313195700324,-0.7008095740293807
-0.003083718143920555,0.0,-1.3851045854707535,-0.700702985905964
-0.5088117889599999,0.0,-1.3735236241193953,-0.7006736761156866
-0.39195581470790924,0.0,-1.3683475364383555,-0.7006265292217636
-0.5826322793279763,0.0,-1.3522219662809136,-0.7006085120817586
-0.5916023276799558,0.0,-1.335476142683251,-0.7005918699162009
-0.44265650504799536,0.0,-1.3256147557378113,-0.7005524964823941
-0.5565733035199194,0.0,-1.309153099473329,-0.7005305216360934
-0.37433268211183607,0.0,-1.2996946487254866,-0.7004807432384856
-2.1046000236238696,0.0,-1.3251317627384447,-0.7006949817615838
-0.908253886087125,0.0,-1.3229081352134657,-0.7007266459727699
-0.9906891519998275,0.0,-1.2972687932279614,-0.7007708745429388
-1.2399442186559488,0.0,-1.2957298063530842,-0.7008531032060643
-1.4331514307902937,0.0,-1.311234195371048,-0.7009647680928566
-0.8281090647037969,0.0,-1.2916677891238444,-0.7009841528003746
-0.8450325235815244,0.0,-1.2952339772850763,-0.7010061113934816
-2.162390910784003,0.0,-1.318479633000357,-0.7012288495125778
-0.5079452795199234,0.0,-1.2808154987283564,-0.7011993945339139
-0.8224025976000034,0.0,-1.2965565549763565,-0.7012178621863694
-0.7215347339199689,0.0,-1.276374649737476,-0.7012209573831599
-0.9257065559999252,0.0,-1.2476601880292184,-0.701255151686072
0.05324305996803963,0.0008686274262393603,-1.224847615420227,-0.7011402418152749
0.013353703512118842,0.0011121325308031014,-1.1963088428859845,-0.7010314411535834
-1.853971260927874,0.0011047308668378495,-1.204333000494945,-0.701206980103001
-0.16372882801583674,0.0011235388295069877,-1.1841502524600604,-0.7011251597114516
-5.104720526879808,0.0010601280613652812,-1.2550589840386195,-0.7017954177582049
-0.865357003679861,0.001069853527287692,-1.243637806504218,-0.7018203091881122
-0.9526647563039826,0.0010697627670042801,-1.2437434316110991,-0.7018584778501811
-0.7778094526799586,0.0011039457924247825,-1.20519041278665,-0.7018700328440696
-0.9257065559999252,0.0011045470159408678,-1.204533682382362,-0.701904081600254
-0.28864311663346065,0.001106603416775692,-1.2022928226260723,-0.7018412282215518
-0.5877772777439431,0.0012183983484787616,-1.091853451321051,-0.7018238827302992
-0.3497777267599339,0.0012240745875884292,-1.0867841673832903,-0.7017703558706411
-1.1120328897599296,0.0012298750911479697,-1.0816522467743932,-0.7018327247569119
-0.9171462803199285,0.001212362441595495,-1.097296019461751,-0.7018654521555383
-2.2062651155277586,0.0011966666351426165,-1.1117059238033475,-0.7020940843232241
0.014261769503907229,0.001485634039250758,-1.086921875266389,-0.7019852321953063
-0.5344331362239949,0.0015009778494892248,-1.0757942383305508,-0.7019597760883522
-1.0869585378239275,0.0015175069526978634,-1.0640587768582301,-0.702018259874124
-0.14375635592377056,0.0015628026169195498,-1.0331716389911045,-0.7019334691839736
-0.7817132447999378,0.0015625543329921899,-1.0333360629885449,-0.7019455845637179
-0.6948824755200229,0.0015826728891303312,-1.0201799870397463,-0.701944512120802
0.544553819211987,0.014212785729019649,-0.8675618027269505,-0.7017552759994521
-7.672334880513428,0.012297552144097213,-1.0046248293077797,-0.7028133481920011
-0.7364964411573955,0.012163121589811102,-1.015866496360688,-0.7028184602109669
-3.6349549437837063,0.011481369912694262,-1.0769303076786678,-0.7032633974618885
-0.9933674827118467,0.011540333470326241,-1.0713639890646471,-0.7033074126470272
-2.58833810995168,0.011432453028645656,-1.081591769162561,-0.7035933699736815
-0.9769857750239481,0.011428818494951089,-1.0819397091859222,-0.7036348370455835
-0.9257065559999252,0.011490106184535054,-1.076101974918723,-0.7036685148919521
-0.7669563943679898,0.011457818547941265,-1.079169631392069,-0.7036781112345565
-0.6035132115598025,0.011333152487715643,-1.0911782212603864,-0.7036629255311492
-0.6808263633770423,0.011297935790354935,-1.0946185127487273,-0.7036594638724931
-3.0540633523197775,0.010779543410937675,-1.1478606635009647,-0.704015693622182
-1.035125277087843,0.010696123030907143,-1.156910523456162,-0.7040658693432709
-0.7251866054399381,0.01067174208210692,-1.1595822090113617,-0.7040690694548007
-0.381972586560033,0.010682803931465916,-1.1583685306416025,-0.7040202743505899
-0.13633582497899877,0.010760041309731043,-1.1499637810707841,-0.7039342876118181
-0.3223921257022828,0.01076966532468848,-1.148924969942593,-0.7038765044584168
0.0038065747201120326,0.011242665196868933,-1.1067568379757133,-0.7037693446947617
-1.6034025394557718,0.011104736873146141,-1.1206598110430863,-0.7039055495690631
-1.2136931783999003,0.011061203573678312,-1.1251198915710878,-0.7039827199639814
-0.9906891519998275,0.011109883972316444,-1.1201347902379652,-0.7040261143081673
-6.162681778252631,0.010253628535537348,-1.214725397187212,-0.7048521820539215
-0.07710084782399451,0.01038067011389758,-1.199705232849616,-0.7047571977394671
-0.4704158459158846,0.010445224910319439,-1.1922128992963033,-0.7047217451900233
-0.5513067241439735,0.010732253512373951,-1.1599912155635026,-0.7046985391665705
-1.1261845307999452,0.010620263061328246,-1.1723560005891032,-0.7047622847793402
-0.18202479401596267,0.010736307601655474,-1.1595484445174222,-0.7046832378277655
-0.7917032471999841,0.010723468615575412,-1.1609518147830227,-0.7046963947690073
-0.7350423582717749,0.010758427006559794,-1.1571385308284594,-0.7047009822162487
-0.7387692264319659,0.009725229152571109,-1.1729787765564597,-0.7047061315881071
-0.7765513380240319,0.009376806945491839,-1.1887768773871827,-0.7047169892587187
-2.610292286306284,0.009260083203776238,-1.2039032978947508,-0.7050049275024551
-0.334217095991784,0.009234171826205251,-1.20731306325427,-0.7049489087939628
-0.16176019017591925,0.010049459640301607,-1.108453856520192,-0.7048668561174344
-4.374932433695655,0.00945664677200526,-1.178645365120508,-0.7054211629559146
-1.8833841057200371,0.009310988595530697,-1.1972597521088288,-0.7055990492354018
-0.05417062954225349,0.009423845721062482,-1.182786975646075,-0.7055006907241995
-0.9256885583999495,0.009423848561951217,-1.1827866156940754,-0.705533931646252
-0.089688978911938,0.009455358127891497,-1.178807532939645,-0.7054409739175375
-2.586152818871867,0.009148123425990749,-1.2187750437622034,-0.7057248121072377
-1.2437907122158722,0.009017047372384152,-1.2366553034713221,-0.7058060050905044
-1.2296178242400906,0.009000086589910368,-1.2390070021609254,-0.7058850352382338
-1.7395305763918125,0.008883224061996202,-1.2554546880823632,-0.7060409630616088
-0.7916700837404802,0.009086163501251878,-1.2271627874466176,-0.7060538784644262
-0.7717080443199115,0.008746830322764578,-1.242882183723094,-0.7060637795601667
-0.9688906190079256,0.008686632146468401,-1.2515713333787726,-0.7061034096626166
-8.886683144040068,0.0077313729187515,-1.4075658255030954,-0.7073367248645429
-1.4084529673919697,0.007595929526084241,-1.4328597577324593,-0.7074424101588642
-1.2298216782638374,0.007549070694333386,-1.4418219264017373,-0.7075211410206735
-1.086836344320054,0.007508555422330889,-1.4496610037777378,-0.707578301238169
-2.1025699551518264,5.0663823383991826e-05,-1.5026034792650143,-0.7077884853053549
-1.316942168880011,5.534534570153504e-05,-1.3754956250323458,-0.7078802529588011
-0.7617332399999357,5.53250453859065e-05,-1.3760003610091969,-0.7078883645700438
-1.543144565175834,5.7059807938682195e-05,-1.334164153437039,-0.7080141561665205
-0.4727660284481202,5.750858849404056e-05,-1.3237521243517645,-0.7079787325665027
-4.246539771595843,5.6103114966046565e-05,-1.356916157584648,-0.7085114879171546
-1.0189501731838835,5.6068437123901e-05,-1.3577554455478467,-0.7085582196174807
-0.7411262841279032,5.622128878746283e-05,-1.3540638401104061,-0.7085631214935358
-1.3145348053198287,5.577024850074513e-05,-1.365015408329443,-0.7086543136205226
-2.5110429286030254,5.425399690379059e-05,-1.4031660026703074,-0.7089255126296983
-1.112076695104009,5.392256268471769e-05,-1.4117910093048467,-0.7089861642292883
-4.897892389103881,5.255000816954707e-05,-1.4486675900405288,-0.7096162644436196
-0.9257425511998768,5.262948055599763e-05,-1.4464799355227695,-0.709648769525099
-2.2302877580879326,5.155661619584864e-05,-1.4765819585757294,-0.7098774370421761
-1.0551115059199834,5.1090818210644136e-05,-1.4900447369629282,-0.709929344134174
-0.5022400996799012,5.084113392492535e-05,-1.4973628224569464,-0.7098981220589402
-0.0778929395037683,5.100770287667185e-05,-1.4924728387329762,-0.7098031265407446
-0.31064344015192497,0.0,-1.498761839030417,-0.7097431386107194
3.8239505111683196,0.052143815455216215,-1.390214778017935,-0.7090618923823528
-2.1681319483040222,0.0514738913317391,-1.4093035534160174,-0.7092811036287353
4.1766761819759335,0.10915139256748775,-1.305956246736502,-0.7085471457970387
-0.9257425511998768,0.11754996167159698,-1.2012174621954472,-0.7085797675160839
-1.7318335336879287,0.11475988313671133,-1.234312115912726,-0.7087334322955059
-1.278887559680006,0.11344431406853847,-1.2504815501880082,-0.7088190410233414
-1.025972564166329,0.11268588282329196,-1.2599748669884554,-0.7088666545232878
-1.3707150324479755,0.11229911096991303,-1.264865477021416,-0.7089660013227361
-1.6151583942400025,0.1100846613696938,-1.2935281490258967,-0.7091020049836873
-2.7791116327726826,0.10715444222232498,-1.333276316737351,-0.7094126306781334
-0.46146856828798266,0.10754850465725643,-1.327804840937675,-0.7093754297685475
-0.9257425511998768,0.10727887093049732,-1.3315443074330333,-0.7094078880825936
0.4440010892798908,0.1144238494918464,-1.3071332588869546,-0.7092348853861241
-1.4423043861601077,0.11626385492315156,-1.2837735008840312,-0.7093448238235527
-1.133812400319828,0.11499788238460561,-1.299765406970592,-0.7094084716832763
-0.7498316636160067,0.11408426325075965,-1.311526836439394,-0.7094145321318418
-0.668918824145781,0.12009717794665721,-1.2374065642483962,-0.7094084617214108
-4.218451957603963,0.11623709580935651,-1.2841079212860749,-0.7099343974971726
-2.291194036767965,0.11276486511461858,-1.3288483894305891,-0.7101713613274244
-0.29196531996804925,0.1137272693766397,-1.316173924661951,-0.7101086993493962
-0.7917336433598529,0.11266208053060796,-1.3302148179509092,-0.7101209278054279
-1.1207498264159232,0.11490858246323733,-1.3009067581017906,-0.7101824360287068
-0.8678815681536205,0.1154993742879734,-1.2933885752205456,-0.7102060542902201
-0.771738440479962,0.11622725159161161,-1.284230987545343,-0.7102152684840193
0.07242881968324699,0.12009953956442604,-1.2479917996238417,-0.7100980886534806
-0.7257396607999966,0.12021129868088319,-1.246673191165032,-0.7101004302061972
-1.9478745774798782,0.11824830235050231,-1.2701965218282314,-0.7102856980025261
-0.4156389695999715,0.11916361989292196,-1.2591314888400722,-0.7102416024131213
-0.3881005715599469,0.13524493920706027,-1.0891598373904698,-0.7101933993559834
-0.1041741775359577,0.1381052425007171,-1.0630742615933497,-0.710102732207297
0.13629538314239503,0.1431703550504719,-1.035751920365225,-0.7099761206717172
-0.5988655375999973,0.1443356508692776,-1.025992504230824,-0.7099595022775995
-0.9086179653200004,0.14726847415816086,-1.0021134644341874,-0.7099892104371691
-0.3770689270400185,0.1496623816009985,-0.9833159995973876,-0.7099394316866613
7.258224195537813,0.278869541179973,-0.8229168508866326,-0.7087481977761777
-0.864621983199967,0.2822257488048162,-0.8093463992471152,-0.708771497295673
-2.0869153327359853,0.2743704190394849,-0.8416293853328725,-0.7089774670812716
-0.0185814008711212,0.29594625519877976,-0.757070217918378,-0.708874299707361
-0.7210189833599383,0.2975953352456379,-0.7511115941218992,-0.7088761142424951
-0.33240479463196504,0.29988778149042633,-0.7429371643319804,-0.7088198741290187
-1.9325567784426247,0.29643492243518593,-0.7552976037944363,-0.7090026578339199
-0.5718720014753101,0.3075456326018556,-0.716514185251882,-0.7089821783452165
-0.4159017674240359,0.31174039945492044,-0.7025906866982825,-0.7089384154049564
-0.6056724327838462,0.3403626479772025,-0.6167462875718818,-0.70892299796951
-0.7923276821887866,0.34133677593414463,-0.6140779901916601,-0.7089354482880976
-0.7362374986752154,0.3526390407398486,-0.5841969850034058,-0.7089395232209913
-0.4640167703999657,0.3573199644443184,-0.5723750902930054,-0.7089029730414925
-0.7055220801600373,0.3556962031227465,-0.576440729902608,-0.7089024685811999
-0.42214354367988643,0.35297982253329147,-0.5833257419861304,-0.7088596878971924
-0.6727324548798008,0.35016709695359355,-0.590567522280688,-0.7088542989901195
-0.8845815409678994,0.26093356303308324,-0.6847381633234123,-0.7088805073781848
-0.29700973275193665,0.27191671525422983,-0.6473157190123706,-0.7088190891296571
-0.06521344082076985,0.1776997712034738,-0.7321535114683048,-0.7087231288421503
-0.5096816588751496,0.1793761799739469,-0.7238322936218101,-0.7086934565896208
-0.37732837087039,0.1850598523443713,-0.6967421903654594,-0.7086440654604333
-1.5379236398975018,0.18394521815062012,-0.7019229119698093,-0.7087676540706326
2.3573426702240052,0.24459308234300442,-0.6342566072820026,-0.7083107757627358
-2.654100543928121,0.23733754582229324,-0.6599243175116055,-0.708600672927242
-1.382282870399966,0.23862195224814603,-0.6552668070348047,-0.7087010277905629
-1.7821553081599122,0.244281462111818,-0.6353276805425493,-0.7088609107635104
-1.651086747311921,0.23755835251795324,-0.659120044123028,-0.7090012273437857
-1.2039085295999175,0.23603934299446605,-0.664683363691029,-0.7090749181273259
-1.5181995666239194,0.21821739371292911,-0.7039273768091051,-0.7091953773574131
-0.8203267851358556,0.22127438378533093,-0.6914878247886201,-0.709211919692599
-2.04483002169614,0.21682533947248517,-0.7097081772161462,-0.7094107019670451
-0.21026098819995226,0.2194385236829392,-0.6989167637078252,-0.7093364237358298
-1.1858934314878389,0.21693352479928127,-0.7092562558546665,-0.7094073294057824
-1.0984199769231142,0.23298490102411076,-0.6468556162410495,-0.709465200968936
-1.3209848985600474,0.2384718256341549,-0.627451433476891,-0.7095561603170828
-1.414167217199798,0.23214811462017973,-0.649895471421526,-0.7096609507776542
-0.9062888092159295,0.23152140009770034,-0.6521865747386477,-0.7096901891209164
-0.5423301081599552,0.23472091993598895,-0.6406181803735282,-0.709665306563533
-0.8504845544798704,0.23481852169214376,-0.6402702401000532,-0.7096862400030924
-1.2617845127999727,0.23209993578274507,-0.6500711615464535,-0.7097682997939363
-1.3696241675160081,0.22316764584894055,-0.6789122212904385,-0.7098663612990219
0.8623886213082148,0.24700541421055186,-0.6471496556482744,-0.7096327424308783
-2.056694901811129,0.24638148515661384,-0.6493260621348993,-0.7098328705187374
-2.3925089116480325,0.2355716316426001,-0.6888634609758604,-0.7100828223965048
-0.34696499551198046,0.23578689538656647,-0.6880407494549011,-0.7100288913365189
0.05865304032010754,0.23763975730961595,-0.6847842050977797,-0.7099147419555185
-1.1296018485278818,0.22884917069984595,-0.7101021497311854,-0.7099770562994788
-3.459263015423845,0.21546325455161974,-0.7673100992876623,-0.7103852044525555
-0.8807737597919205,0.21558600632327993,-0.7667532151771007,-0.71041049591097
-2.0176273260000563,0.20858446935722402,-0.7995643831563015,-0.7106045025642929
-1.7261325130421676,0.06275505502600454,-0.9792515173279012,-0.7107551967341219
-1.5683133255381916,0.061920972873704294,-0.9933253441746657,-0.7108824308778614
-1.9489128875997683,0.06208279426945956,-0.9905652952719413,-0.7110660876731028
-1.0351446064559058,0.060910231695504656,-1.010896559383637,-0.7111141562757107
-0.4866223258399979,0.061176652114518316,-1.0062086262332381,-0.7110808637011243
-0.7385561290495501,0.06071647998585183,-1.01433165292159,-0.7110849377321665
-1.7705864467196801,0.06089916103682488,-1.011092246287131,-0.7112420172738992
-0.9265475231999474,0.060500556689208874,-1.0181857567216237,-0.7112739332990885
-0.4869849394399337,0.06042129627397722,-1.0196074201619418,-0.7112406905254322
-1.2610840511999193,0.05970015596044485,-1.0327156525302632,-0.7113221729440264
0.19425566401919714,0.06416337734109691,-1.0129839856061036,-0.7111879933860232
-4.222075080959926,0.06028085465768029,-1.0827007372517976,-0.7117081248064047
-0.6805562490000195,0.06005511558737362,-1.0870315268237989,-0.7117035103973087
-0.34045124961590006,0.060436680101301515,-1.079730110212916,-0.7116485263539466
-0.721511317871999,0.06012343113809578,-1.0857174656967583,-0.7116499868591322
-1.276411862375984,0.0595015340568811,-1.0977910538466817,-0.7117336057332093
-1.0205528877598198,0.05936323050743878,-1.1005104807825203,-0.7117793228734056
-0.834139445660087,0.058823117078073625,-1.1112530750406835,-0.7117974342000467
-0.6038474265095561,0.05829127150052354,-1.1220257547544592,-0.7117814581740455
-1.486317186535731,0.057351076667747344,-1.1415584653076707,-0.7118960683735662
-0.7822299955199001,0.05697011748448732,-1.149656497800661,-0.711906474340003
-1.2332634131998836,0.05725628893769951,-1.1435632932667084,-0.7119835981475267
-0.023314760524932532,0.018381763696183332,-1.1911764418816873,-0.7118817391270233
0.28342009123196804,0.02410749675682712,-1.1324260291784856,-0.7117345486759202
-0.7968232195839657,0.02435323672286415,-1.1207168361621656,-0.7117471301739106
-1.373658873359829,0.024527686963515236,-1.1125469074661638,-0.7118449882080895
-0.5625182093439389,0.025005006669993696,-1.0907755367068044,-0.7118229147744066
-1.2019773650640506,0.025005869963030083,-1.090736913416087,-0.7118953585299918
-0.6280186111915218,0.025410259002634307,-1.072933294307439,-0.711882963562157
-0.3147760730879007,0.02564579648409682,-1.06282228006648,-0.7118242893762122
-0.7052446913117167,0.026291559150271683,-1.0360305734587913,-0.7118233173569976
-0.7817739379198665,0.026012119407345317,-1.0474608324531898,-0.7118336497972579
-1.041415130559903,0.026082199164583538,-1.044571266434631,-0.7118823252485593
-7.263921848366207,0.023392746679835805,-1.1678813038634928,-0.7128498443748319
-3.8145244506526508,0.02245625312790631,-1.2177520949053449,-0.7133077913121237
-2.696590478879823,0.022003225131374423,-1.2434005601389453,-0.7136005699787267
-1.0899700630399949,0.021939830211511382,-1.2470741852154266,-0.7136561226714294
-0.3462297110638986,0.022007524643655012,-1.2431521772735055,-0.7136018979943917
-0.28997438424310545,0.02220333830472265,-1.2319419738687702,-0.7135393884010981
-1.1731828348799402,0.022234610600706105,-1.2301699403103696,-0.7136072024238893
-0.4363455883967723,0.02256944629417931,-1.211504368727985,-0.713566302348063
-3.0846851925598977,0.008243777487896483,-1.290445845005347,-0.7139160248982417
-0.6816115433918745,0.008421780809410407,-1.2629441778369621,-0.7139112609281034
-1.3142942981598993,0.008566824181035163,-1.2413798855671994,-0.7139997868846402
-0.5529202286399706,0.008538733966683114,-1.2454989902297593,-0.7139760393454622
-2.1867938654761057,0.007349075738480212,-1.2904079283456835,-0.7141931410297384
-1.8601105064522847,0.007267397975369068,-1.3050181015041715,-0.7143620308404124
-1.1545538094461785,0.007531482122052903,-1.2589239173846183,-0.714426898476517
-1.3842675443999464,0.007472163950357986,-1.2689937930767787,-0.7145255931348231
-1.6863696741119725,0.007511084751834836,-1.262368640039017,-0.7146687640365581
-0.9404019585599985,0.007605045161717013,-1.2466540289493735,-0.7147020138810894
-1.924848633600159,0.007562119727945098,-1.253784735110613,-0.7148802387146269
-0.7175822347199091,0.007712460929923784,-1.2291581220530157,-0.7148806365935851
-1.6955374143456163,0.007631093817159016,-1.2423659782108099,-0.7150250206892494
-1.05888323430395,0.0075619613387752,-1.2538111963800889,-0.7150756401819057
-1.4652092470400033,0.007475961927908222,-1.268344258739898,-0.7151860513692562
-0.30801880595184233,0.007651097175408555,-1.2390929059245412,-0.7151261297731681
-0.1725711322078959,0.007744626706189554,-1.2240133781047005,-0.7150462953120786
-0.21991579792001248,0.007778307016333503,-1.218671995274302,-0.7149734498659417
-1.6319294654255883,0.007731617950890674,-1.2260889035588152,-0.7151083360112138
-0.9014235297599495,0.004521443285637414,-1.2480024874343982,-0.7151357393343126
3.778517937191337,0.06948060100717406,-1.087990627071373,-0.7144749079112941
-1.1692450023800411,0.06890461632173321,-1.0977644021389734,-0.7145417760328158
-1.5641816875519456,0.06750333283638084,-1.1222390108976943,-0.7146666863403016
-1.3275215215998069,0.0668302861662219,-1.1343592149722503,-0.7147567723075601
-8.447803751399984,0.05977720200172965,-1.2777870527527304,-0.7158933165431705
-1.4700357193535916,0.05938438734998581,-1.2867767093846059,-0.7160041383510779
-0.9234965681158943,0.0593069102313944,-1.288563851833722,-0.7160346250436675
-1.0281300597199396,0.05894177773076564,-1.2970495044979296,-0.7160804742334246
0.034503811612323354,0.06075274372241378,-1.2666330845349687,-0.7159702238976658
-2.584866284885981,0.05917085809466697,-1.30268581032229,-0.7162446982787772
-1.2020324278558934,0.059197562972091486,-1.3020611906154105,-0.7163160327471441
-2.322949485391862,0.05729358512184223,-1.3480538851127488,-0.7165519207889359
-0.7831413127199823,0.052751820854511584,-1.3693851131917882,-0.7165616960960309
-2.4368232619295322,0.0515814972197608,-1.4021851140386992,-0.7168141930233513
-0.9143616986399572,0.051903989389991884,-1.392999170544302,-0.7168431844389099
-1.831765850240016,0.05102245517212292,-1.4183841233622234,-0.7170067827757847
-1.530134579711759,0.05079938961304773,-1.4249472676551775,-0.7171260796943492
-2.0980523901817643,0.04982361005053747,-1.4543479432349824,-0.7173286506655223
-2.0820078506399247,0.04869905693585446,-1.489692578786023,-0.7175288089524061
-1.5133078705359833,0.04820159710837843,-1.5058538423705081,-0.7176455092107408
-1.7168697454344142,0.0476384704789171,-1.524555758520799,-0.717792023028369
-0.9715012641215075,0.047680118001165346,-1.5231574811920314,-0.7178292183429991
-0.710348652832012,0.05193626807817134,-1.3920860172813474,-0.7178281218074508
-1.0715833408000155,0.053951964880524804,-1.3372271950842947,-0.7178799692673647
-1.415615459522188,0.05494789695475559,-1.311607694697142,-0.7179822165549167
-2.10716206588796,0.0541540880317083,-1.3319515347541013,-0.7181857593899837
-3.0084172031998766,0.052181146479320005,-1.3851952845968207,-0.7185212752768589
-1.5600489528734973,0.05128968297337625,-1.4105967759694287,-0.7186445399139758
-1.2987714921119464,0.05120318456387141,-1.413108549114069,-0.718729502853665
-2.274337163879916,0.0499698545735807,-1.4498683806237316,-0.7189572972102364
-1.0828909759198995,0.051316060638990794,-1.4098324962909319,-0.7190105817898426
-0.989428343529538,0.05110435411075822,-1.415988832293685,-0.7190501686382893
-0.31975068403195794,0.051794749998172976,-1.3960979600111265,-0.7189917231633761
-1.010712451439998,0.05147465542061498,-1.4052538044671266,-0.719034416084242
-3.3765168838894644,0.050660993977929225,-1.4290482648353937,-0.7194232780198296
-1.426051916855989,0.05095485252565626,-1.420367093043468,-0.7195266618733536
-1.4609823278399403,0.0507470474136868,-1.4264956634113435,-0.7196351252533956
-0.8025111771740874,0.05114302357556958,-1.4148605360668263,-0.7196472469517896
-5.425521237639985,0.048700581174456664,-1.4896435673373865,-0.720335441451744
-2.0228224052799684,0.04803648335372465,-1.5112919762717858,-0.720525891366034
-0.280128200601487,0.04905286876543266,-1.4783975676118124,-0.7204615057387291
-3.1519189550301667,0.04756334256539507,-1.5270843020180171,-0.7208169300113927
-3.2401969585774877,0.04666421802794695,-1.557977492902655,-0.7211851527574562
-1.101265089599995,0.04664002704762988,-1.5588251300085758,-0.7212406956387718
-3.730757591999724,0.045382404408190406,-1.60413609690777,-0.721680426336662
-0.8037630254016113,0.045116204175103175,-1.6140509812967654,-0.7216924179508424
-1.2465208048798935,0.04455010060972798,-1.6355299747502052,-0.7217690799997656
-1.6295541225601071,0.04382825996156142,-1.6637227412430073,-0.7219016614285024
-0.9206658141167519,0.0441895325149491,-1.6494974682168309,-0.7219306865676216
-1.7569857376798252,0.04375568589986737,-1.6666087123752282,-0.7220818115568335
-1.3774763983142635,0.00038978137875928003,-1.7697285990853402,-0.7221774895986959
-2.6355975014398925,0.00038342984930935425,-1.7990556490665373,-0.7224567802149331
-1.6813710081598963,0.0003829311628318028,-1.8013994354786962,-0.7225967268331388
-0.544530480327098,0.0003862879327226215,-1.785739614653242,-0.7225707431403756
-10.76689452409586,0.000376512385403301,-1.8321214301071596,-0.7240362120316735
-1.5108767693599932,0.0003763446615420254,-1.8329382511072876,-0.724150995482779
-1.3635613837437908,0.000374546861051109,-1.8417395474198455,-0.7242442583748824
-0.8617715469439028,0.00037522446396174967,-1.8384123771643248,-0.724264314855642
-1.1692276239999628,0.0,-1.8624870058765706,-0.7243291972279291
-0.7931488838397968,0.0,-1.8266526578556468,-0.7243392307148239
-0.7840542259200343,0.0,-1.8182930938169297,-0.7243479355246205
-0.8695855809094011,0.0,-1.7892258157272805,-0.7243691041072448
-0.8428675046399513,0.0,-1.7904203395656797,-0.7243863728919334
-0.4849885967998987,0.0,-1.7513836462630874,-0.7243514905116197
-1.0220195328991952,0.0,-1.753536802948272,-0.7243948570679117
-1.0099573191600195,0.0,-1.7371006323266718,-0.7244364539305617
-2.526237079679907,0.0,-1.757022682326035,-0.7246988775579647
-0.528378928159925,0.0,-1.7256292130855981,-0.7246702886618822
-0.3908287636200344,0.0,-1.6918056313452003,-0.7246216804025576
3.2077999478930965,0.03861238325319004,-1.597383474976619,-0.7240491921759896
-0.31785496697125304,0.03927375255671237,-1.5694031794073557,-0.7239900663790165
-1.518605039279993,0.03901243541587258,-1.5803452549105252,-0.7241057140246141
-2.806682451148689,0.03804253820923707,-1.622271930876859,-0.7244087665183749
-0.864872923999942,0.03813602710275037,-1.6181377225408573,-0.7244292036138908
-1.6318676662798577,0.0380382338113916,-1.6224627666760107,-0.724561213864497
-0.9620327141279321,0.03856186516855281,-1.59956017964081,-0.7245957551736262
0.46021282368105565,0.045748716596765,-1.5301875791031916,-0.7244234444437171
-1.1717123213759084,0.045971377492765336,-1.5224208464732398,-0.7244884857228987
-0.9026744482000136,0.04620073192389351,-1.5144989055950009,-0.7245143923763558
-0.9633731768799076,0.046976422868407176,-1.488279625855001,-0.7245491152698729
-1.7475010010855536,0.04657994860839611,-1.501571826358314,-0.7246978001369971
-0.20545267956634167,0.04704834669700753,-1.48589231307905,-0.7246223394306215
-0.606063129623959,0.04687619705441917,-1.49161856199089,-0.7246051119953111
-0.5418150529199649,0.047158790453316835,-1.4822406140204896,-0.7245785552527461
-3.1056211358080414,0.04732361120278336,-1.476822699058861,-0.7249244359297587
-0.03198279891256295,0.0481903564802646,-1.4489413166999925,-0.7248237908118187
-1.5718961934719835,0.048120236321115985,-1.4511595940126332,-0.7249468045211797
-8.67552341395198,0.04361541238528265,-1.6086198387481911,-0.726101237018556
-1.3253787384000009,0.04585081175226258,-1.5266169887633916,-0.7261882401401271
-1.681727155055903,0.04604714532655876,-1.5197950837589103,-0.7263269451647919
-2.523475852334239,0.04478587121780395,-1.564662036793565,-0.7265877795489964
-1.5441737439199181,0.04568263605048884,-1.5325071325713602,-0.7267064250234371
-1.7111038233025042,0.04656949756307568,-1.5019252698658605,-0.7268492569152363
-0.7545100544959014,0.046775423579468754,-1.4949901691637786,-0.7268532697975197
-0.415257595695946,0.048840400182731517,-1.4286801692377031,-0.7268080717014795
-1.506055777248008,0.04838791592105403,-1.4427260242746311,-0.7269210880474616
-1.0820511441200145,0.04849312957118088,-1.4394366310594335,-0.7269725860254302
-1.151851429727851,0.048801333915510565,-1.4298825772027886,-0.7270341894535444
-0.9673985692800046,0.04877101008992341,-1.4308172323060535,-0.7270690349710606
-0.04639218397276568,0.049906102972666795,-1.396605361231912,-0.7269703718530727
-0.724807988265505,0.05035324228271481,-1.3835519930309372,-0.726970058464147
-1.2658050871999595,0.05131823281101765,-1.3561561447461385,-0.7270481391812511
-1.112873738239965,0.05172967515749548,-1.3447861993477397,-0.7271040397316797
-0.9405788895360749,0.05144234715006578,-1.3527071675319196,-0.727134964670084
-1.085559112835837,0.05952436864037425,-1.159080459306719,-0.7271868801029006
-0.5459487311999359,0.060471277163281864,-1.1397818985435177,-0.7271606327243484
-1.3188754699199345,0.06051585901961695,-1.1388881802670405,-0.7272463139924046
-1.067054920588627,0.06031159449391403,-1.142993847739935,-0.7272955117058251
-0.3397647302431382,0.061145528408416354,-1.1264045898647985,-0.7272394128665862
-0.8875615257598825,0.06104944558904694,-1.1282928427032004,-0.7272626176882525
-1.5259224523198025,0.06030483401481886,-1.1431302072311957,-0.7273781979827001
-7.854877443520914,0.054092652690532955,-1.282836044483426,-0.7284095247437387
-6.191391530711829,0.050137999585806274,-1.3898065250048635,-0.7291998867237688
-3.04011244185591,0.04844597820104468,-1.4409090019059838,-0.7295341717744172
-3.635279527263892,0.04682964686359119,-1.4931742017932776,-0.7299544415683843
-1.2289017796326696,0.04669911016925415,-1.4975530910027306,-0.7300265959195144
3.285914159438641,0.09147565180208363,-1.38131006622036,-0.7294459220104111
-1.1154270223999818,0.0907746587760884,-1.3930510281051611,-0.7295017238176092
-1.7949771573598101,0.089140764822719,-1.4211339959799565,-0.7296557387689742
-2.472173236223883,0.046545684105067604,-1.534733459662296,-0.7299075840497163
-2.5758036274359353,0.04527547847096562,-1.5798924328715895,-0.7301743320328646
-2.854065930307031,0.044556325797845124,-1.6066016506921303,-0.730481208437759
-1.9526991251599284,0.045013539706194775,-1.5895219841723551,-0.7306577784921829
-2.447462286191723,0.0441735172543056,-1.6211737714161907,-0.7309057641209131
-1.1572674551279654,0.04442212044511923,-1.611681767193153,-0.7309673414881874
-2.617574871999924,0.04356683120563783,-1.644792610350593,-0.7312397757886223
-4.244481503247894,0.03641699496436794,-1.7388864968891715,-0.7317470298642011
-0.21267693774709018,0.03680822063759648,-1.7197057892165952,-0.7316720955359036
-4.776265790092647,0.035277485561844915,-1.797177616054448,-0.7322558994756492
-0.42670080460790666,0.03548192175312922,-1.786444168609008,-0.7322118014680192
-0.028758426928003566,0.03615289441813666,-1.7520693171258568,-0.7321102930445647
-1.9894245965279511,0.035456947341509115,-1.7877487554650893,-0.7322916975032984
-0.2545087311359385,0.03559196470607296,-1.780717667495329,-0.7322227732438686
-0.7112129069949459,0.03552677793431366,-1.7841056245768285,-0.732219742829005
-1.4492792711998819,0.03617459633578117,-1.750978787284665,-0.7323231549328947
-1.3226102730671823,0.03566781007652122,-1.7767913367677577,-0.7324082720371679
-0.0390549184559662,0.0362713148605965,-1.7461345112674374,-0.7323083075974935
-4.592113753385579,0.03798339387686607,-1.6644663180561095,-0.7328647160515498
-0.870280121880016,0.03818426964789164,-1.6553643457257095,-0.7328845222501413
-2.2890276610560005,0.037916684336223506,-1.6675103558457112,-0.7331087826823082
-0.8875413630718952,0.03864622092789693,-1.6347916660604647,-0.7331310352155055
-7.16727465142002,0.03624892407081594,-1.7472536842104665,-0.7340580116765637
-0.5989099129863218,0.036699197150803706,-1.7250098060041432,-0.7340385434975533
-0.1375442108400039,0.03695383383637054,-1.712670489131025,-0.7339526304437354
-0.09020946420789944,0.03708941549762632,-1.706169526501264,-0.7338599254946807
-0.8621330742719382,0.03736096285014707,-1.6932910724417425,-0.7338783953505162
1.736013999801662,0.05781074818253159,-1.6369297695633092,-0.7335228104966216
-0.37075274171976247,0.058335284207508976,-1.6213077958031474,-0.7334705908235573
-1.0099645305598552,0.0583064545222002,-1.6221591150287444,-0.733510385575966
-0.5094874926718241,0.0579946342591775,-1.6314210212027254,-0.7334781474276132
-1.934744970076844,0.057195459746841065,-1.6556197608389525,-0.733650991574757
-0.7579335923197639,0.057528215675195477,-1.6454623309413483,-0.7336544849714979
-0.7752098097360185,0.05775160330636556,-1.6387090523712695,-0.7336604624347838
-0.14120740032002665,0.05828742099204343,-1.6227216225869485,-0.7335752541704209
-4.136800238855983,0.05629380513680418,-1.6837464451073516,-0.7340646451662055
-0.9259225271998526,0.056055046837269994,-1.6913459210273496,-0.734092230771099
-0.3610993515200585,0.05666079328880793,-1.6721903986593523,-0.7340386090230755
-2.0592243562558528,0.05603353555415635,-1.692033787372697,-0.7342290913785783
-3.7061054981279207,0.05400505873190921,-1.7593606027303923,-0.7346562078497983
-0.6395693367167078,0.05414946835892661,-1.7544007589495292,-0.7346425439798266
-2.5831977412799354,0.05353911273179826,-1.7755462647287317,-0.734908140990933
-1.4248477994397826,0.05747938041971152,-1.6469456718471087,-0.7350072560115405
-1.961178932807919,0.0604040006538532,-1.5623414198890309,-0.7351833794928384
-0.35508422892790037,0.06241989177809281,-1.5086408556304705,-0.7351287910754085
-1.00109848716792,0.06453278999661245,-1.455957234828551,-0.7351669831627279
1.765521463528938,0.08861954456048554,-1.396068769965319,-0.7348079467741145
-1.3888297979998514,0.04490315631772588,-1.489563649114089,-0.734901834493211
-1.9384635258240732,0.044434176051245326,-1.5060243791825707,-0.7350745862789625
-0.8244735987839159,0.044988233341140965,-1.4866143080110528,-0.7350874162176114
-1.914813783095951,0.04531271929866792,-1.475467118948494,-0.7352566982332346
-1.0504327002078937,0.04622518322201201,-1.4449597004039334,-0.7353019171718249
-2.1155451225598894,0.046680293269857474,-1.4301892842489905,-0.7354999150495165
-1.4430905183997416,0.04699959843819145,-1.4199971121137869,-0.7356014053827566
-9.493197944559888,0.04293879629917835,-1.56091182528115,-0.7368573349022142
-1.7067651830400297,0.042651393849172325,-1.5719017798393915,-0.7369964097298795
-23.416089077970916,0.034030135037356704,-1.987872063958811,-0.7402478925496989
-0.025538736687934993,0.03548510794910238,-1.903493208627612,-0.7401454399757509
-3.9939527122561094,0.03417550136934049,-1.9791187241177925,-0.7406118019181732
-0.376736281536028,0.035708840978872364,-1.8911281339466601,-0.7405596558132174
0.016712370416232636,0.03603608624534415,-1.8822598704461775,-0.7404511485734653
0.774242518175997,0.04397931510656083,-1.8661998515440974,-0.7402341437501487
-0.5838877340799675,0.0446218983807184,-1.8380891142951377,-0.7402117477596503
-1.073504238239987,0.044245206326820566,-1.8544690244372182,-0.740259483722194
-0.3708696296479401,0.0444009701265127,-1.8476621588902782,-0.7402065852753839
-0.8567857579199603,0.04467476734448006,-1.8358122886246802,-0.740223277596782
-0.8733484977600197,0.04488463724677989,-1.8268270531185369,-0.7402423363255097
-1.180298090880004,0.04435532450910693,-1.8496519165670173,-0.7403053274154833
-1.140954821184004,0.04599560346954327,-1.780628737922986,-0.7403626695499856
-0.8539143751198699,0.046003670901446435,-1.7803014229877832,-0.7403789190785447
-1.2120695615998356,0.046540846460909724,-1.75876226099866,-0.7404464095124438
-0.8817394823998724,0.04654377435485027,-1.7586462233852191,-0.7404666231137152
0.789749846611235,0.059750622732256974,-1.5995057334245941,-0.7402477393389012
-1.851637572639934,0.058883387915417064,-1.6245602866176663,-0.7404066909740987
0.21674285253357373,0.061492588912168265,-1.617474545350195,-0.7402698184525046
-2.4214771034400178,0.059872823497195846,-1.6640998981348372,-0.7405101969605097
-0.21840789453823767,0.060311493349014374,-1.6512253945401634,-0.7404355576034801
-1.2511693056799615,0.03998330368824263,-1.7109690606497958,-0.7405085612838798
-10.674469850702339,0.03583930053508621,-1.9170434028294474,-0.7419283070734208
-1.977032996880081,0.035494029612970476,-1.936384772155852,-0.74210480102738
-1.296926145999878,0.03521776719733127,-1.9521335452224131,-0.7421840725440213
-0.7950764274855096,0.0356190127270211,-1.9293401743705862,-0.7421916285947273
-0.9104281753111896,0.03556479459519814,-1.9323900660304147,-0.7422156589542067
-10.784060201880132,0.03233438861164668,-2.132567073873297,-0.7436497984204916
-3.5325873698400954,0.031368940570320365,-2.2003946732636983,-0.7440480473954194
-1.9225735603255494,0.031992617463103175,-2.1561101396930895,-0.7442163120317601
-1.9045701961598744,0.03171393208628443,-2.17568309307229,-0.7443819585534058
-0.8888473600510847,0.03156565316248889,-2.1862380532429104,-0.744402578793414
-0.2640667494719831,0.03207578521354323,-2.1503349011072332,-0.7443340279400785
-3.758139867120075,0.03206076661385044,-2.151375588487076,-0.744764080143158
-2.872249053599952,0.031429339062300325,-2.196029182824741,-0.7450676163071551
-4.215353548089725,0.030983259913940287,-2.228672298960937,-0.7455626642289501
-2.4924848591998785,0.030698254972585742,-2.2500250401561392,-0.7458118329916047
-1.6225555369751716,0.030788080798114906,-2.243252572239484,-0.745936867746879
-0.5294804759998883,0.03074175356750353,-2.246740497180924,-0.745906002725954
-0.8588740363198687,0.030779524069126537,-2.2438960081639627,-0.7459221088043106
-1.6101108367679924,0.015314646419449246,-2.3114086541699015,-0.7460453003549827
5.382900385231451,0.06191073251697239,-2.175974050505275,-0.7451717334100587
-0.04233798979193448,0.06293972542646155,-2.1380515397846325,-0.7450715718390714
-0.8575688623200188,0.06292147201387531,-2.1387134450553544,-0.7450876016610264
-3.6106059628991334,0.06200013473431357,-2.172629288651418,-0.7454958533152846
-0.8309467631999248,0.062117860175807185,-2.168239569911259,-0.7455080258095702
6.618304829800545,0.12159890894948168,-1.99356257086405,-0.7444591990248371
-0.11675295221013915,0.12303698797540207,-1.967035819540258,-0.7443698076481904
-1.311246854399928,0.1327195619153802,-1.8033967977370589,-0.7444505248697126
-13.214267413876733,0.11949369054818468,-2.033546842353793,-0.7462258404860291
1.2127565326969116,0.1630613153260237,-1.5409699301404365,-0.7459469817852201
-0.7669574607998677,0.16175856762359975,-1.5557983046226753,-0.74594997217506
-1.1791112012351226,0.16681849124156112,-1.4995014744022552,-0.7460116145870509
-1.2389481551998565,0.1652352777016508,-1.5167457118755316,-0.7460817535370527
-1.9804824831999448,0.16152999932799017,-1.5566896089478552,-0.7462573689488698
1.1939596255783504,0.16605139140644778,-1.5482952667998082,-0.7459813779112416
-0.42848409569191137,0.16632984116988223,-1.545187194032047,-0.7459362211366406
0.0815103682960221,0.16916898300926286,-1.522086901901327,-0.7458185523952537
-1.3687984312799935,0.16734585250004344,-1.542045477933968,-0.7459071319315661
-1.823852858879988,0.16561620776835148,-1.5613868199531686,-0.7460603798313312
-0.4714867968000007,0.16633059569633982,-1.5533495859339683,-0.7460213501820021
-4.808213735903967,0.16009622081414157,-1.6259078988344475,-0.7465986941822467
-0.8037255103999322,0.16065596004514945,-1.619163312618766,-0.7466068122462254
-0.16828105912795843,0.16180614124625842,-1.6054506462989278,-0.7465246403574618
-2.5012486015999036,0.15965693284933166,-1.631234227098929,-0.7467739263300777
-0.3106376720719148,0.16060193895137995,-1.6198121908923702,-0.7467119751575977
-2.0947274015999398,0.1491781945902466,-1.6775017358565936,-0.7469034274266564
-0.04509268239185349,0.1519629829619344,-1.641370838051632,-0.7468037667130759
-9.458473544307955,0.13639270115118995,-1.8348751659884623,-0.7480406927073389
-0.11814764639993613,0.1394154832902358,-1.7888085768476611,-0.7479512700715769
-0.8296109698679264,0.13860038567067015,-1.8010326383542545,-0.7479628612283968
-0.7108029521280078,0.13932052492882882,-1.7902253112832156,-0.74795758732702
-0.653967850211827,0.15417537380655166,-1.589815271273405,-0.7479442497738605
-0.4566602016479898,0.15671057274666167,-1.5594078153687634,-0.747902921163173
-1.5734928698158914,0.15624321651196313,-1.5649391498450838,-0.7480200427334175
-0.736233473039912,0.15634241866869622,-1.5637622907561717,-0.7480183708795601
-1.273465756527997,0.15573238193891714,-1.571023042380508,-0.7480928918532729
-0.1224132809758961,0.17588757854698953,-1.3577901039624232,-0.7480041681421444
-1.2285550938239043,0.18094847321335888,-1.3117094584420994,-0.7480723024007128
-6.436407779984051,0.17129267953245766,-1.4019861428352696,-0.7488787009657232
-0.9091572047998875,0.1733323992913263,-1.3820778830080696,-0.7489014193929143
-0.6239062091519711,0.17388350664206914,-1.3767790599900875,-0.7488837046522341
-0.7883158615199082,0.17279638188798538,-1.387264042231046,-0.7488892923179372
-0.5222557169086948,0.17973227393803148,-1.3225463592268185,-0.7488571821485679
-0.40224008537988043,0.18541312926650275,-1.2731461798624168,-0.7488080792874304
-0.6359291534519724,0.19431343989261898,-1.201557691969662,-0.7487920907710232
-0.9852429404160676,0.19832215962510036,-1.1714128535939856,-0.7488255776496019
-0.445710738919978,0.20156901432427196,-1.1478759576328816,-0.7487826556956612
-4.818202403903923,0.19022004092770622,-1.2336503961909626,-0.7493588159318509
-0.3345472103759554,0.19153848907003515,-1.223163859672084,-0.7493000940171346
-0.6244893313919033,0.19406701021590933,-1.2034514295645624,-0.749282427950238
-0.6537977929079134,0.12091129927478962,-1.3241853931273497,-0.7492689146987459
-1.1172149958886697,0.11920998206255458,-1.3456829332492846,-0.7493209800845094
-0.3105514393743576,0.12006977623209908,-1.3347425847903713,-0.7492589017680534
-0.5014661386440629,0.12520232840969173,-1.2725597883052697,-0.7492238483286526
-0.501517995543969,0.12577197410192278,-1.2659712129521505,-0.7491888121401401
-0.19213520607596823,0.034274401684402676,-1.4021800136696811,-0.7491100321081695
-0.837336778403841,0.03393754520768604,-1.4165916901935551,-0.7491225076096253
-2.29846594763746,0.033486649857152516,-1.4363360720583054,-0.7493415580040871
-0.6067397204878785,0.04032945303010327,-1.1841855181905285,-0.7493213994180655
-0.7482063075119499,0.020425262512612556,-1.2234047749947057,-0.749321241807902
6.7239180699814645,0.12969439065290075,-1.0735872643790791,-0.7482651028435452
-0.8212893382399604,0.13045118753974716,-1.0664308271191758,-0.7482754213733455
-0.7203087461375086,0.13156392731986286,-1.0560580389379288,-0.7482714701618117
-0.9416450746607048,0.13385083551146137,-1.035281290767144,-0.7482987866760791
-1.8282506950320616,0.11049261627713228,-1.0957254971793524,-0.7484513222563555
-2.900486375721552,0.1062290789606084,-1.1451655427799452,-0.7487552390835641
-1.4994122261279639,0.1025564112149727,-1.1767839946684249,-0.748861234139628
-1.4429617100638596,0.10244053317141866,-1.1782672602441022,-0.7489592294065945
-1.8176797655805328,0.10245016846462474,-1.1781437983781131,-0.7491100934009726
-5.827188491280013,0.09472066852945134,-1.2852578322677133,-0.7498268299426634
-1.7713650893903101,0.09895396505576608,-1.2245208593374401,-0.7499709928356139
-2.645298364719903,0.09634288996235744,-1.2613523164238396,-0.7502384300265106
-1.6290183367295583,0.0943677718574688,-1.2905670619758716,-0.750362411390323
0.11058244381911436,0.09940943797778042,-1.2383304410674911,-0.7502409633926915
-1.3323424851599386,0.0979537531412865,-1.2587645373292518,-0.7503230651588082
-0.7808528296271973,0.09983369912638844,-1.232487045889797,-0.750327370583215
-4.228669846199952,0.09408413948192078,-1.3161585891659586,-0.7508178306051576
-0.5362618415519629,0.10725795829686977,-1.1377143551108388,-0.7507875816288354
-0.7404084340919563,0.10622065879280672,-1.1501595708646795,-0.7507861185406571
-0.36271282394634197,0.10699707801188113,-1.1408216079462477,-0.7507314218113275
-0.20618417750402873,0.10784908865799396,-1.130729232453768,-0.7506546817825355
0.004649763024249243,0.1090478004351888,-1.1175568801890465,-0.750548255906136
-0.8881263307320248,0.10830272395938206,-1.1261862027707272,-0.7505676385596759
-1.1062142340983723,0.10911010422343231,-1.116840630056377,-0.7506177366855442
-0.7407686354997818,0.10910221036701964,-1.1169313333055744,-0.7506163494881941
-1.5803221363246425,0.10857073963109724,-1.1230684609015071,-0.7507331930013381
-1.0258519378559632,0.10703563595011371,-1.1411372340391086,-0.7507719312081608
-0.5469085289999357,0.10818981147780216,-1.127504302742629,-0.7507432301801152
-0.17419393463024835,0.12008589822259196,-1.0022600258355532,-0.7506620717770255
-12.31446529622387,0.1000498015994028,-1.2303661876640328,-0.7522896302885591
-0.7177030137727765,0.0999127062095203,-1.232242123756449,-0.752284763047282
-0.7188012773200008,0.10001427411401423,-1.2308518320724509,-0.7522800517083588
-1.0014134186839305,0.09931834057233913,-1.2404349861079556,-0.7523151014223395
-1.124300771135876,0.0982877165686229,-1.2548761998230753,-0.7523674274414299
-0.6326687234880461,0.09829232222540113,-1.2548109912237968,-0.7523505921806769
-0.6942396634920205,0.0987051368587208,-1.248990925685316,-0.752342420203643
-3.264686559398429,0.0948463603239665,-1.305370442094885,-0.7526956744414376
-2.3341208201472057,0.09823035839512775,-1.2556888104197506,-0.7529180032964502
-1.0189981851039833,0.09727408279910217,-1.2693778299143113,-0.7529554056273201
-0.77938083454081,0.0970602550715048,-1.2724756599772893,-0.7529591196721427
-1.1558343048000401,0.09637360936383645,-1.2825163902151318,-0.753015735071964
-1.0225721379839214,0.09650231024912853,-1.2806235330570368,-0.7530536100758858
-0.6080830606367484,0.09609886283046781,-1.2865741654822846,-0.7530332433226632
-0.6961194198424454,0.09583673698190762,-1.2904672311062524,-0.7530252486852872
-0.9886867151359315,0.0951869267101454,-1.3002106054980915,-0.753058347205856
-0.31974190975990924,0.09501817222641247,-1.3027627395717705,-0.7529974967020721
-0.8338605437295068,0.09502276147158793,-1.302693214878284,-0.7530088506822781
-1.58549569301758,0.0959734715910971,-1.288433809785886,-0.7531257237473258
-0.5628671497800328,0.09603259518235845,-1.287556358371729,-0.7530990170412665
-1.1174837706430727,0.09553721128841894,-1.2949419076343518,-0.7531501587610702
-1.3782048038302421,0.0015792924652093172,-1.4569843651105858,-0.7532378734179701
-0.2925875286624261,0.0015908195744024668,-1.446410328919035,-0.7531732388810323
-0.7039385088559141,0.0015911791755820813,-1.4460829241734032,-0.753166331651792
-0.6090563518615251,0.0015985204409097145,-1.4394311497174195,-0.7531461170382711
-0.7232421373631206,0.0016234054006637306,-1.4173309785640407,-0.7531419229317249
-0.876807286079968,0.001671046670737714,-1.3768573967712092,-0.7531592648701834
-0.7725767485991136,0.0016888475421855628,-1.3623206872206322,-0.7531619874562362
-0.10371853500791872,0.001722659907694375,-1.3355358237195132,-0.7530709397270271
-2.0277027554280083,0.0017172681468791966,-1.3397362835164628,-0.7532496097320316
-1.091056843065529,0.0018476792545096324,-1.2450136505521732,-0.7532969548242997
-5.159574424068694,0.001752471171575711,-1.3127778372457408,-0.7539144264427476
-0.996985513036688,0.0017975313728188459,-1.2798115802120764,-0.7539484843223321
-0.5689512893951448,0.00182775551879345,-1.2586102392653882,-0.7539225670913251
-0.8441184617879711,7.277779028949698e-05,-1.27770425737753,-0.7539352013390765
-0.9727412875198927,7.318973539973048e-05,-1.2705122334247292,-0.7539658464491859
-1.0099513401599491,7.292675190396009e-05,-1.275094203635384,-0.7540016937386006
-0.2990960417278888,7.771652422998726e-05,-1.1965027275459428,-0.753937999303987
-1.204084203184774,7.685862531407411e-05,-1.209859174778599,-0.7540010185121461
-0.9673781558504004,7.657135150645697e-05,-1.214398569213768,-0.7540308865324902
-0.8640683755199883,7.59443382491311e-05,-1.2244256802452407,-0.7540462871607599
1.4069108489573956,0.023132848320192835,-1.1921637797160123,-0.7537438862181182
-0.39879035537924146,0.02290694064089316,-1.200232582084082,-0.7536942215293202
-0.4742921451144037,0.023062333163582104,-1.1919558983717298,-0.7536551333820882
-0.8627715008639041,0.023154733438687247,-1.1870870437070404,-0.7536703965472136
-0.9367772884800285,0.0230802791859655,-1.1910072167666454,-0.7536960059027287
-0.4173063630358925,0.023529197369407607,-1.1677469013008703,-0.7536489649793799
-0.7190231991599881,0.02365055803827817,-1.1616103265269508,-0.7536441235691702
-0.7551319709304802,0.023568062905929513,-1.1657747953655617,-0.7536443315724363
0.014227812480043955,0.023876073279180315,-1.162006360423356,-0.7535369969143355
-1.0982770044623076,0.029419951669429466,-0.9376825945881245,-0.7535851786065156
-0.9127712851199412,0.029301624673985192,-0.941583960015068,-0.7536074237303995
8.628702709200066,0.21032897519278135,-0.7546338802846665,-0.7522964959487968
-0.5674765216063223,0.21225662317864913,-0.7459551423431143,-0.7522706758909116
-0.3805915377189774,0.21564383426848385,-0.7310809576747765,-0.7522187581456717
-0.5834653516800157,0.21587174695985903,-0.7300968902386158,-0.7521951892341542
-1.3042824724799083,0.21307959675461277,-0.7422977464183735,-0.7522722856289658
-1.757275509199891,0.22011458162259803,-0.7121495254144028,-0.752412610010922
-1.0686231427199964,0.22638948749574306,-0.6868395718658585,-0.7524567549966417
-0.5908669449310453,0.22859413444092289,-0.6782769470623999,-0.7524341991884248
-1.328412797359157,0.225774592422708,-0.6892575863187669,-0.7525145869899839
-9.536904004319926,0.1900004007517548,-0.8568789803091645,-0.7537404297777776
-0.6973662208319438,0.19117580342256904,-0.8503748619661251,-0.7537325639749388
-0.29804930399996044,0.19230999010982433,-0.8441741868333892,-0.7536689920915717
-1.3042824724799083,0.19009771281266002,-0.8563374478861384,-0.7537457968733248
-0.8767172740799799,0.19050118618595452,-0.8540980590650193,-0.753762947706966
-1.0932612787199172,0.18774831607288228,-0.8695684464442196,-0.7538102909409657
-1.7885740199997313,0.18445837384110167,-0.8886627159696241,-0.7539545692077058
-0.4867958881798839,0.18825470469628897,-0.8666887198728702,-0.753917324166436
-0.36233227978548693,0.18896453877267402,-0.8626780224729793,-0.7538627402461152
-0.8094198589463377,0.1900654826574008,-0.8565167442390446,-0.7538704833985473
-1.3055068780799919,0.1903271604296408,-0.8550627857240394,-0.7539473558058329
-1.1963705825597921,0.18712431500742954,-0.8731384468019868,-0.7540090003964354
-10.63169173897579,0.15793066175041515,-1.0716935114043844,-0.7553851055425177
0.3105721712063462,0.16438457482138372,-1.053300940943027,-0.7552366228462162
-0.7562013662848036,0.16429865467228424,-1.0539601255214606,-0.7552367572115977
-0.11291049201601827,0.16631339384165103,-1.0386821896401817,-0.7551473091869221
-1.2667963664127189,0.16500431615537228,-1.0485665819964538,-0.7552185496571567
-0.7412934639167111,0.1633456574286482,-1.0613180805746296,-0.7552166110401805
-2.024016745111971,0.1633551507871474,-1.0612443603683088,-0.7553932257581749
-0.6652834794623168,0.16445921016413145,-1.0527288930962446,-0.7553806843877788
-0.4508843263119295,0.17774471011449564,-0.9585550911411093,-0.7553383108339136
-0.5277074349455879,0.1791873475626267,-0.9491695295792872,-0.755306638247871
-1.0685191283198832,0.17765239209107048,-0.9591608863577821,-0.7553502126065342
-0.9635079364414512,0.1772894453582567,-0.9615486758508517,-0.7553791676383655
0.6708516173753961,0.19196458369401648,-0.9286768177529459,-0.7551808045250118
-0.6156234576775016,0.19329095404035473,-0.920790260103297,-0.755161397301142
-0.43882366099189707,0.1928188714313412,-0.9235848124885772,-0.7551174126325784
-0.8588943786623795,0.1939893408338472,-0.9166810159981292,-0.755131840126813
-0.578487755076057,0.19532512991321943,-0.9089032079826422,-0.7551072857641427
-0.28726052291993165,0.1973406189875299,-0.8973670509306413,-0.7550422618916139
-1.3039315192800065,0.1682475028324011,-0.9515838982953894,-0.7551185388868041
0.9332926281600199,0.1858584940506154,-0.924942238624604,-0.7548839395861167
-3.5900639188511603,0.17619414956877927,-0.9872576740993392,-0.7552778239955729
-0.43892166401283156,0.17744934331297607,-0.9787806773623177,-0.7552338795366226
-0.47248733093600837,0.1788449830098968,-0.9694948782114372,-0.7551946091826502
-0.8015541420158725,0.17768839137007775,-0.9771798337910369,-0.755201047112498
0.1505254611457083,0.18242942786243252,-0.9597888605849231,-0.7550752866975773
-8.714459003327846,0.1606460183168297,-1.1189754012328703,-0.7561802962375789
-0.4443935308720258,0.15937006959666572,-1.1281478280999118,-0.7561370165644298
-0.7088983316064231,0.16030026725067179,-1.120360254642794,-0.7561304601890019
-0.6537131036519321,0.16092517746921184,-1.1151790910134338,-0.7561162474001403
-0.5213925508678098,0.030836337732231236,-1.2981809962147914,-0.756083678550892
-0.4156117017838445,0.030906418318841538,-1.2951436998183419,-0.7560364432599975
-0.9634041322495627,0.030639189094652672,-1.3067999517089532,-0.7560652083715234
-0.5729007382079174,0.030643992014031757,-1.3065886594395115,-0.7560398041454257
-0.4859661339646171,0.031020649432718,-1.2902223326692057,-0.7560023511333357
-0.3036556672512088,0.031713068585334535,-1.261149935830232,-0.7559396297406732
-1.8693073512255765,0.031327892086435806,-1.2771636200003436,-0.756093985448629
-1.0321247858877673,0.031119593366784815,-1.2859887768194782,-0.756132248659114
-0.8743250557439499,0.03133399025252949,-1.2769070219871739,-0.7561486301985576
-0.6501482383198386,0.03621716774752874,-1.0991719066671721,-0.7561339405655366
-1.1409595221120044,0.03593760603995182,-1.1080437726927734,-0.7561872626635755
-6.068910301798365,0.032658090985116045,-1.2234609926487416,-0.7569233007681938
-0.9903177587278645,0.03282104049462735,-1.2171816983737007,-0.756955631348324
-1.8319975196398657,0.032330222014755376,-1.2362873032848984,-0.7571045291167854
-2.4906800784525425,0.03163811235656727,-1.2642356792795508,-0.7573446032823214
-1.3444552367998968,0.031854839950624166,-1.2553533036155542,-0.7574258980252622
-1.6960584566399057,0.03127156314742306,-1.2795385549847547,-0.7575558485387073
-2.2406834923038996,0.030406743828766958,-1.3171055792351227,-0.7577611541372352
-3.9240245621304033,0.029073530342989526,-1.3793976732988042,-0.7581993912871304
-2.0411656083999956,0.028775523338681983,-1.3941108479052042,-0.7583769398917682
-1.6026538751999941,0.028613546484207695,-1.4022365137580084,-0.758493762492475
-4.462170815081479,0.03128796604260862,-1.2788460952801222,-0.7590061693896235
-1.8640025925119832,0.025852801747917733,-1.3223375905544887,-0.7591590254448347
-2.2430420717330266,0.025298593410295986,-1.352074404663453,-0.7593642651469494
-1.1032521674398663,0.02494244979820024,-1.37188123817193,-0.7594118225943692
-1.1559529786798617,0.02498181182493192,-1.3696643704172728,-0.759466654059536
-0.5456690483254273,0.02505158473164128,-1.3657518821054473,-0.7594370954247047
-2.038136046055063,0.02504653578608899,-1.3660342681243092,-0.7596138577900117
-2.6815707072,0.02434584008595904,-1.4063600126790627,-0.7598795049011948
-1.8973764447998458,0.02386683482223766,-1.4352898550488211,-0.7600367045888534
-3.6923624245175652,0.02288187736421832,-1.4985829548402605,-0.7604418898479289
-0.5445444502239071,0.023039303166189334,-1.4881034612783413,-0.7604120615197134
-0.9389390888767364,0.023046737947708073,-1.487612084327047,-0.7604367233552372
-0.1345893017391504,0.014210305925312078,-1.5037209027093377,-0.7603502803412019
-1.4998610420638387,0.014047446317682547,-1.5214056543970644,-0.7604524086054917
-1.301987346399852,0.013892028851911424,-1.5386689281052235,-0.7605271855922072
-1.386904895999995,0.013798641473232627,-1.549229138451976,-0.760613666016121
-2.1935862104829256,0.013520621753935546,-1.5815311075601133,-0.7608114811106085
-0.47408547263996037,0.01348918332759177,-1.585267606554514,-0.760771905402055
-2.6825071552800344,0.013261643610771359,-1.6128391192745144,-0.7610371186576274
-2.800185493919965,0.0017808193122267524,-1.6875086817161142,-0.7613184969348817
-1.8960995732398231,0.0018172381430608478,-1.6536293948038874,-0.7614750616529149
-0.8706758495999967,0.0018078150726340155,-1.6622644785156309,-0.7614901259083912
-0.1411484913113747,0.001815037813953958,-1.6556377017231378,-0.7614045615449985
-0.5991532846391383,0.0018194783454018857,-1.6515896845756033,-0.7613821851449287
-1.4853146049838317,0.0,-1.6843064858981942,-0.7614820103545038
-7.337717466242254,0.0,-1.6567716551564822,-0.7623887021311325
-0.5785963618632111,0.0,-1.659455711776306,-0.7623633654423722
-1.1191115070566082,0.0,-1.6676599752853096,-0.7624125381703686
-1.6587106273918475,0.0,-1.687759925760108,-0.7625360632653551
-0.12344507567996843,0.0,-1.6798009762563513,-0.7624479978130214
-2.1422598595197853,0.0,-1.71433393941107,-0.7626381069149374
-0.6240772638799086,0.0,-1.707547402043677,-0.7626190187701468
-0.4880857596799953,0.0,-1.7058511024731182,-0.7625812042716495
-0.7319530643197592,0.0,-1.7107708410802211,-0.7625769861006053
-1.4069088422606983,0.0,-1.7328359045804111,-0.7626657126024174
-1.1672067793845338,0.0,-1.71879389314359,-0.7627214114963707
-1.3256077043998826,0.0,-1.7246635515138324,-0.7627989013494687
-3.463509976499677,0.0,-1.776447249928947,-0.7631706440989732
-1.945350668687878,0.0,-1.8023512985363077,-0.7633333443500865
-2.0537895748606783,0.0,-1.8206078995912813,-0.7635109219241212
-1.4707059095997468,0.0,-1.7286438117473089,-0.7636082244815889
-1.4099320512000342,0.0,-1.7370360975967523,-0.763697139576749
-1.7402674579005888,0.0,-1.7352014963619669,-0.7638314683688155
-1.2247576967999134,0.0,-1.7098830487289143,-0.7638948607809227
-2.2763933314304254,0.0,-1.7285218106215248,-0.7641028501195708
-1.5626560563999154,0.0,-1.7258537626167252,-0.7642126470680489
-0.5027081119683531,0.0,-1.6910942550100139,-0.7641766964858245
-0.644613184799998,0.0,-1.6255060274634061,-0.7641602616388573
-0.522606846844748,0.0,-1.595134852232301,-0.764127062983718
-2.0836711419678,0.0,-1.6047551975676568,-0.7643083937627457
-0.7787243135999682,0.0,-1.531086267538027,-0.7643103745156774
-1.368994906079966,0.0,-1.5211861138093865,-0.7643934469887596
-0.9369608751997718,0.0,-1.4950644898787215,-0.7644171513058214
-1.8719033795998898,0.0,-1.510437514121922,-0.7645692576412553
-1.5594145297918942,0.0,-1.5185067451441625,-0.7646784096973045
-1.0546472070792032,0.0,-1.5286863083192381,-0.7647182241690033
-4.224260214047828,0.0,-1.5724087916790932,-0.7651931750187944
-0.8859931652880619,0.0,-1.5364972408408548,-0.7652097570353037
-1.3328212549176586,0.0,-1.5252061370432108,-0.7652876614407226
-1.5160893190160263,0.0,-1.4816806749331801,-0.7653906944663265
-0.7607917661305134,0.0,-1.486005621251312,-0.765390063438838
-2.1227430275422274,0.0,-1.5096817000246219,-0.7655762828055691
-0.7687949470341842,0.0,-1.5223658129305226,-0.7655767243232959
0.8872431163680832,0.011890401889602682,-1.4746237297618843,-0.7653500311617691
-0.9312457799996926,0.011949774327158163,-1.4672088984338811,-0.7653727815387354
-1.49555916590078,0.011932312548314616,-1.4693819838318967,-0.7654729030777951
-1.6027474881598671,0.012027886657589436,-1.4575652093854357,-0.7655876925739676
-0.43598117257597624,0.012034102992449707,-1.456803123384156,-0.7655425100489507
-1.0040461621439687,0.012314450946755767,-1.4232339035214345,-0.7655751996942489
-0.7352890421759566,0.012677791865575706,-1.3819359744865543,-0.7655710491998651
-2.0150947831679757,0.012656272163035854,-1.3843158786851175,-0.7657422637427491
-1.7670967750657272,0.012496477320529375,-1.402244297194432,-0.7658794543868542
-2.3873794335116196,0.012113246929220056,-1.4471689160384371,-0.7661015776716659
-0.8680727712959557,0.012068936169540707,-1.4525473057715734,-0.7661155444150741
-16.669795201665693,0.010002843618290064,-1.7562369177052108,-0.7682935339600276
-2.2377715192559458,0.0106130647270889,-1.6542379987654845,-0.7684947496228095
-2.1208169668709984,0.010420823419211482,-1.68508241086564,-0.7686798977905599
-2.25003223223981,0.010284219580999768,-1.7077008253693042,-0.7688826838733045
-2.0342398365359524,0.010239648059968505,-1.7152114095521862,-0.7690558781181255
-3.8748769858847636,0.00981471815853857,-1.790240047756282,-0.7694809254847282
-1.0360599627918283,0.009936307025168997,-1.768116049821723,-0.7695174031855092
-8.973698493215956,0.009086633385906082,-1.935108474408444,-0.7706398797336048
-1.420172573040045,0.00900071350436218,-1.9537502106756452,-0.7707287350952062
-1.8391862827998589,0.008900736675096265,-1.9758948750452472,-0.7708748789261056
-2.104139257295667,0.00883891247986911,-1.9898394833459463,-0.7710572181463421
-0.7264982937601707,0.008877890285125754,-1.9810253136334592,-0.7710511250348439
-1.569979024847866,0.008856234870855345,-1.9859127400424188,-0.7711603577255485
-1.2575655717998904,0.009055632429247458,-1.941793851948423,-0.771226851944834
8.46463978845695,0.09738340672428668,-1.7335940428055263,-0.7699644316823407
-2.3941033439422994,0.09703952106263494,-1.740400318187159,-0.7701863995533617
-1.243437086279938,0.09726890524945347,-1.735854941720763,-0.7702510689557566
-1.368967902479839,0.09731036608100004,-1.735035658746359,-0.7703328720481906
-0.48076412916469047,0.09860261988715498,-1.7098455921716407,-0.7702933134767583
-0.9034507238399935,0.09893779500581508,-1.7034194527124424,-0.7703115018950568
-2.000707026172687,0.09922720205513913,-1.6979057266072877,-0.7704795428024971
-2.513539622087933,0.09823607342459043,-1.716923397921048,-0.7707175682127504
-0.8606900975040308,0.09786805119873764,-1.7240830376317617,-0.7707298528289837
-0.801696878639887,0.0977074308445447,-1.7272247115085593,-0.770734080409299
-1.2107572800334796,0.09700995651024102,-1.740987720172334,-0.770794143636111
-1.2429555349824304,0.09786342357012273,-1.7241734080326268,-0.7708585849342339
-0.8868772527360107,0.09775278951528507,-1.7263364668153474,-0.770874417176019
-1.1224719179856255,0.09800533361921566,-1.7214060070534607,-0.7709223906377204
-1.781537549568083,0.09714550392517529,-1.7382975405408267,-0.7710602644656782
-0.1942325321758171,0.0988685163938554,-1.7047441235923455,-0.7709815811029324
-1.5995846366398414,0.09882654672293774,-1.7055475257293045,-0.7710945929763007
-1.620679284791827,0.09823892316688732,-1.7168681672835568,-0.7712104507005357
-0.9758042851199428,0.10170967679568431,-1.6518990487049994,-0.7712383473237181
-3.391508880586965,0.09901164767558164,-1.7020093630109772,-0.7715955757536108
-0.5955743639037324,0.0997905619186365,-1.6872644251906987,-0.7715715815862376
-0.6963929694399134,0.10067110016321738,-1.6708704981991764,-0.7715613350805614
-1.4388894253438973,0.09994156847553166,-1.6844324513834443,-0.771652276493789
-1.3953804220319208,0.10072451709783596,-1.669885199273238,-0.7717372646591436
-0.7327801829615884,0.100763603022979,-1.6691649039917862,-0.7717319571548251
-0.5388764169357644,0.09067734392947896,-1.6976872946578632,-0.7717002372882921
-1.311702586539948,0.09030927595801931,-1.7052964307886682,-0.7717737870498356
-0.04187197444793944,0.0917319834774972,-1.6762226869596113,-0.77167438601312
-0.9687966876158569,0.09236655797900944,-1.663543670948731,-0.7717012272851248
-1.2963271541599741,0.09150747329400877,-1.680750590580411,-0.7717726535515474
-0.8908326064799492,0.09161960667982334,-1.6784863194671304,-0.7717888610049818
-1.8766747233359995,0.09050153840845256,-1.7013140330903318,-0.771939246994138
-1.4715870556081072,0.0910305195933759,-1.690443878539134,-0.7720344630813201
-0.9426063024000375,0.09184488469614743,-1.6739540690858206,-0.7720576732921405
-0.10563181679989136,0.09417649860349776,-1.6283191167515858,-0.7719670031075837
-0.6087088278239654,0.09444904549447003,-1.6231318378821458,-0.7719447941325758
-0.5307878990519184,0.1151930260669479,-1.3003516918298703,-0.7719119925962481
-0.419175245760031,0.11811626081619725,-1.2639797663599521,-0.7718640207824529
-0.5826422592000284,0.12070709532986461,-1.2332162722065327,-0.7718382903280631
-0.7700259913919585,0.12330955859289494,-1.203616147389576,-0.7718380439244009
-0.7182562213199495,0.12571969748557757,-1.1772964750852557,-0.7718307598267112
-1.2692981318398908,0.1307807748124559,-1.1251848980043584,-0.771898378064038
-0.9512488869597102,0.13095236851870914,-1.1234886764877159,-0.7719227529633171
-0.9984370590720764,0.14938352121036763,-0.9639834478048382,-0.771953533545748
-0.7239412001279677,0.1512418379817079,-0.9500588203465969,-0.7719470101308815
-1.8327909952799994,0.15125912201581057,-0.9499309145961996,-0.772091126960816
-0.5977010467680464,0.15544356014767374,-0.9198021503856473,-0.7720674390933626
-0.8844470579998835,0.15499399219003276,-0.9229611256704413,-0.7720827018420937
-1.3868778924000316,0.1555153919087728,-0.9192991030214849,-0.77216618842419
-2.1112328113917447,0.15311397075358377,-0.9363724478133219,-0.7723480033085034
-1.789847845499946,0.0,-1.1414622004924597,-0.7724861379599006
-2.2293788937335495,0.0,-1.1381677114882849,-0.7726838972589061
-1.0096980962880842,0.0,-1.1334929316884477,-0.7727160653098057
-1.5195044891519982,0.0,-1.1365036634218908,-0.7728174072047498
-1.24426839542397,0.0,-1.1517737487470763,-0.7728813761312381
-1.994842146182393,0.0,-1.1736015771939246,-0.773047155641488
-1.3008289130159167,0.0,-1.1596040149307891,-0.7731187483920813
-1.0885924588800409,0.0,-1.1311050716666313,-0.7731615360918627
-1.5114137289600222,0.0,-1.144119544295751,-0.7732616516591081
-2.0220664895999305,0.0,-1.1685269365149518,-0.7734309811286595
-0.934554900095942,0.0,-1.1630028889162012,-0.7734528254777602
-1.5324179475678572,0.0,-1.1687921371679098,-0.7735557081024166
-0.7352007364478126,0.0,-1.1657586068421457,-0.7735505095429622
-2.59290230639996,0.0,-1.1951672146104324,-0.7737970675856315
-0.7646184963359116,0.0,-1.174828833545789,-0.7737958238767901
-0.6820355531807207,0.0,-1.184584893965887,-0.7737833919203212
-0.6612655505279882,0.0,-1.1658185122436502,-0.773768149731024
-2.034112227840047,0.0,-1.1740871711046146,-0.7739388586675144
-0.29984056039200446,0.0,-1.1605678966100554,-0.7738746525057763
1.153698288560181,0.021115740190935213,-1.0696637532271127,-0.7736136405977104
-0.6508711742400034,0.021094391014114706,-1.070769689433838,-0.7735970223379816
-0.6660620546677954,0.02110609592630516,-1.0701630711383958,-0.7735824650119126
-1.7250945452799349,0.020996161689326196,-1.0758871735371165,-0.7737112565766485
-1.305959218704042,0.021030386055598604,-1.074098749470559,-0.7737832890522375
-1.7437574089437522,0.020649834979285207,-1.094318293990202,-0.7739145440075679
-1.1648870074559197,0.02042102052303722,-1.1068385058006054,-0.773967442460206
-1.4013401527607914,0.020388671276212213,-1.1086312571250223,-0.7740523143095432
-1.358967318143929,0.019924893536745297,-1.134973163998942,-0.7741314317184211
-2.5042521180072157,0.019410174286603493,-1.1656822726067693,-0.7743654215326339
-1.8067250712000704,0.019244916432325943,-1.1758902309475712,-0.7745050239193366
-1.9404239316479583,0.01891376847360523,-1.1968820574509313,-0.7746626657402843
-2.532437502000017,0.018712596885513813,-1.2099973130242114,-0.7749002992182158
-0.8992147950069613,0.018887946630445723,-1.1985498678121886,-0.7749171030159705
-1.4048958967200789,0.018746068059317694,-1.2077956596985895,-0.7750022467913056
-1.223082700559801,0.01841176389883475,-1.2301446773737876,-0.7750627982039769
-1.7288033855999185,0.018088424535950484,-1.252546568529307,-0.7751916646527536
-2.0492952533999844,0.017667787450588897,-1.282916715616268,-0.775363794291871
-2.823092864856001,0.017040464847624084,-1.3309950679981875,-0.7756404022981609
-2.416009007232033,0.016591186000459533,-1.3676624029588276,-0.7758619539735977
-2.431798732759925,0.016203948273049284,-1.400897857786187,-0.7760855781165804
-2.948528468659119,0.01571178191713788,-1.4455033027329702,-0.7763789136405531
-0.4155555247199879,0.01589660858370394,-1.4284284505905722,-0.7763301998037878
-1.929945966303984,0.0156850904757786,-1.4480023921774576,-0.7764859254742118
-1.7948713891839725,0.015517072962030438,-1.4639310787796955,-0.7766233779595282
-5.055875507612641,0.014662763445783879,-1.550569764929389,-0.7772008748731116
-6.2982728183647065,0.013875293334639757,-1.6398794013910833,-0.7779458582685361
-2.944061453132786,0.013494489676447643,-1.686806609518378,-0.7782381026823063
-3.8524169539319,0.013041738893883813,-1.7461660074370184,-0.7786528037279357
-3.0043108996559122,0.012807566246827115,-1.778514667582136,-0.7789530003958514
-2.802186711887809,0.01271007368029547,-1.7923337455920572,-0.7792258572686082
-2.638697779887962,0.012592315164298191,-1.8093107442798173,-0.7794765951222516
-3.7254773780639643,0.0123899924874105,-1.839232713966426,-0.7798737908594691
-1.7471879439358748,0.012292632671279577,-1.8539825109193817,-0.7800041917967939
-1.1970779335198602,0.012335008960990322,-1.847533979806739,-0.7800604087723598
-2.439402406127987,0.01217938049914989,-1.8714366600208192,-0.780284039769308
-1.6358445397919348,0.012225714387614965,-1.86425670789301,-0.7803993288812906
-3.1265944336510536,0.011993665793509337,-1.9007720183057129,-0.7807154424766517
-0.2837870819999772,0.012094859003770511,-1.8846759107681117,-0.7806484980659718
-1.2969718473599885,0.012122110880950457,-1.880387073136111,-0.780718045930909
0.10137838888017825,0.013473573803857952,-1.8379181755665086,-0.7805992450642678
0.0059229876000186366,0.01367434910939357,-1.8191086178125895,-0.7804933304086438
-1.176452023536057,0.013727338198179239,-1.8119892993319535,-0.7805466438182476
0.4283888762244593,0.018539189562270297,-1.7887175070785082,-0.7803838899787158
-0.8477876827486578,0.018901160437005272,-1.7538152146054822,-0.780392963042758
-1.09401055663832,0.01883175987953924,-1.7604030558115304,-0.7804351726785044
-1.7085774165358714,0.018618706933056943,-1.7809338930786331,-0.7805600740704915
-0.8743907369039721,0.01857507691740536,-1.7851963968061528,-0.7805726992942313
-0.8842494442079651,0.018812927087784745,-1.7621991411335114,-0.7805866474638685
-1.7172120985052974,0.01852060230083747,-1.7905465718957772,-0.7807126395880334
-1.477746547199796,0.005779096522260107,-1.8431754686109767,-0.7808063899454795
0.6774437863204501,0.013179994456499602,-1.8166091693997677,-0.7806102831439375
-0.47061577219209894,0.013208040541536743,-1.8127002437502537,-0.7805686004074911
-1.2797649130031323,0.01327239229848062,-1.8037936511047175,-0.7806357147275498
0.4012118915118634,0.01791789389287775,-1.7696502289003997,-0.7804768428890985
-1.8888268039598959,0.017889089786848278,-1.7725516168007223,-0.7806258146580595
-7.6842255199049205,0.01668380343947637,-1.9029383870497023,-0.7815535931428393
-1.8010685962750306,0.016615164878620053,-1.910932955919987,-0.7816905879027336
-0.35398700089578816,0.016788819266721305,-1.8908333495750245,-0.7816331240323846
-0.6042931763038768,0.01712723855943017,-1.8528341707409575,-0.7816093008260804
-3.3507102130148416,0.016851203163579645,-1.883713873577253,-0.7819543781816464
0.455504209055864,0.02205261682190617,-1.8357953107631766,-0.7817881871277601
