pnl_net,equity,drawdown
-0.06960724949118643,-0.06960724949118643,0.0
-0.19796327410399925,-0.2675705235951857,-0.19796327410399925
-0.7374793637087877,-1.0050498873039735,-0.935442637812787
-0.30292077446397697,-1.3079706617679505,-1.2383634122767642
-0.3612073103832042,-1.6691779721511546,-1.5995707226599682
-0.28212940000000875,-1.9513073721511633,-1.881700122659977
-0.45835005980798704,-2.4096574319591504,-2.340050182467964
-0.29019434065438954,-2.69985177261354,-2.6302445231223537
-0.10920627765600127,-2.8090580502695413,-2.739450800778355
-0.09823415457920066,-2.907292204848742,-2.8376849553575556
-0.13097254801677652,-3.0382647528655187,-2.9686575033743323
-0.09483157724797439,-3.133096330113493,-3.0634890806223067
-0.40998359999995804,-3.5430799301134512,-3.473472680622265
-0.32277000974401826,-3.8658499398574695,-3.796242690366283
-0.19993958060799516,-4.065789520465465,-3.9961822709742787
-0.3044149743199922,-4.370204494785457,-4.300597245294271
-0.379271792899984,-4.749476287685441,-4.679869038194255
-0.270009616464009,-5.01948590414945,-4.949878654658264
-0.7862895898799791,-5.8057754940294295,-5.736168244538243
-0.1424098259167857,-5.948185319946215,-5.878578070455029
-0.188337199999984,-6.136522519946199,-6.066915270455013
-0.40202042908800073,-6.5385429490342,-6.468935699543014
-0.20006078060799207,-6.738603729642192,-6.668996480151006
-0.16045245035519415,-6.899056179997387,-6.8294489305062
-1.3091933737063077,-8.208249553703695,-8.138642304212508
-0.19452598060801363,-8.402775534311708,-8.333168284820522
-0.2134791820479774,-8.616254716359686,-8.5466474668685
-0.13612027822077077,-8.752374994580457,-8.68276774508927
-0.395036445935994,-9.14741144051645,-9.077804191025264
-0.4791274680815889,-9.62653890859804,-9.556931659106853
-0.16036797039357914,-9.78690687899162,-9.717299629500433
-0.44452943897599084,-10.23143631796761,-10.161829068476424
-0.13743783959359696,-10.368874157561207,-10.29926690807002
-0.29899636422398274,-10.66787052178519,-10.598263272294004
-0.4753166448800029,-11.143187166665193,-11.073579917174007
-0.18036809445598856,-11.323555261121182,-11.253948011629996
-0.19277207942243596,-11.516327340543619,-11.446720091052432
-0.2550451951520015,-11.77137253569562,-11.701765286204434
-0.18449807815034186,-11.955870613845963,-11.886263364354777
-0.2927023999999751,-12.248573013845938,-12.178965764354752
-0.18279847539998362,-12.431371489245922,-12.361764239754736
-0.3616917623000101,-12.793063251545933,-12.723456002054746
-0.16671980601602793,-12.95978305756196,-12.890175808070774
-0.18426107523358637,-13.144044132795546,-13.07443688330436
-0.24502449124001652,-13.389068624035563,-13.319461374544376
-0.1206289878815585,-13.50969761191712,-13.440090362425934
-0.3561058193919776,-13.865803431309098,-13.796196181817912
-0.48198306662398954,-14.347786497933088,-14.278179248441901
-0.06553236678398695,-14.413318864717075,-14.343711615225889
-0.1313937425231786,-14.544712607240253,-14.475105357749067
-0.36723701967997624,-14.91194962692023,-14.842342377429043
-0.2716752940719893,-15.18362492099222,-15.114017671501033
-0.2044388399999908,-15.38806376099221,-15.318456511501024
-0.15630296427358015,-15.54436672526579,-15.474759475774604
-0.387309446999965,-15.931676172265755,-15.862068922774569
-0.17187847371997428,-16.103554645985728,-16.03394739649454
-0.1519499344048324,-16.25550458039056,-16.185897330899373
0.08939477519199229,-16.16610980519857,-16.09650255570738
-0.22250786017595525,-16.388617665374525,-16.319010415883337
-0.25187687644000023,-16.640494541814526,-16.570887292323338
-0.18755549603998728,-16.828050037854513,-16.758442788363325
-0.14657776440479608,-16.97462780225931,-16.90502055276812
-0.17313446831999904,-17.14776227057931,-17.078155021088122
-0.32201919112799327,-17.469781461707303,-17.400174212216115
-0.4573800431999732,-17.927161504907275,-17.857554255416087
-0.13341596543998135,-18.060577470347255,-17.990970220856067
-0.18915117062398762,-18.24972864097124,-18.180121391480053
0.3970776701360031,-17.85265097083524,-17.78304372134405
-0.12743566444798304,-17.98008663528322,-17.910479385792033
-0.42366965088960207,-18.403756286172822,-18.334149036681634
-0.8167489229087921,-19.220505209081615,-19.150897959590427
-0.09635085667998594,-19.316856065761602,-19.247248816270414
-2.0728998312799862,-21.38975589704159,-21.3201486475504
-0.16872983492158292,-21.55848573196317,-21.488878482471982
1.4104893914400076,-20.147996340523164,-20.078389091031976
-0.2903979999999427,-20.438394340523107,-20.36878709103192
-0.14667021435917238,-20.58506455488228,-20.51545730539109
-0.37805120000000125,-20.96311575488228,-20.893508505391093
-0.13813703920477083,-21.101252794087053,-21.031645544595865
-0.2865528599999904,-21.387805654087042,-21.318198404595854
-0.4415904328320279,-21.829396086919072,-21.759788837427884
-0.17376809128798607,-22.003164178207058,-21.93355692871587
-0.2784209999999784,-22.281585178207035,-22.211977928715847
-0.05686249245604147,-22.338447670663076,-22.268840421171888
-0.2456443898239662,-22.58409206048704,-22.514484810995853
-0.21828510622560998,-22.802377166712652,-22.732769917221464
-0.13706117731601453,-22.939438344028666,-22.869831094537478
-0.16774476721599726,-23.107183111244662,-23.037575861753474
-0.11925957828476907,-23.22644268952943,-23.156835440038243
-0.138002914347985,-23.364445603877417,-23.29483835438623
-0.08747453831997717,-23.451920142197395,-23.382312892706206
-0.17507942163599022,-23.626999563833383,-23.557392314342195
-0.5476925252943823,-24.174692089127767,-24.10508483963658
-0.9334881536175801,-25.108180242745348,-25.03857299325416
-1.163668986912002,-26.27184922965735,-26.20224198016616
-0.2058055825280079,-26.477654812185357,-26.40804756269417
-0.3295165140951883,-26.807171326280546,-26.737564076789358
-0.14750020981439374,-26.95467153609494,-26.88506428660375
-0.24478556155194486,-27.199457097646885,-27.129849848155697
-0.31315811999998,-27.512615217646864,-27.443007968155676
-0.21308986501438132,-27.725705082661246,-27.656097833170058
-0.3405965348296082,-28.066301617490854,-27.996694367999666
-0.43148199999998876,-28.497783617490843,-28.428176367999654
-0.2934680456105004,-28.79125166310134,-28.721644413610154
-0.37075768078271953,-29.162009343884062,-29.092402094392874
-0.3516895884799933,-29.513698932364054,-29.444091682872866
-0.38751599999997455,-29.901214932364027,-29.83160768287284
-0.4063211999999927,-30.30753613236402,-30.237928882872833
-0.3025199000000065,-30.610056032364028,-30.54044878287284
-0.2446099615040016,-30.85466599386803,-30.78505874437684
-0.24978178987199917,-31.104447783740028,-31.03484053424884
-0.3580575900159834,-31.462505373756013,-31.392898124264825
-0.32248730770396516,-31.78499268145998,-31.71538543196879
-0.6212681746343334,-32.40626085609431,-32.33665360660313
-0.3616033298863549,-32.76786418598067,-32.698256936489486
-0.3294446840879735,-33.097308870068645,-33.02770162057746
-0.22857628480800027,-33.325885154876644,-33.25627790538546
-0.33462247655197214,-33.660507631428615,-33.59090038193743
-0.4184045502621605,-34.078912181690775,-34.00930493219959
0.25903116902402307,-33.819881012666755,-33.75027376317557
-0.20672594748556683,-34.02660696015232,-33.95699971066114
-0.30118739999997923,-34.3277943601523,-34.25818711066112
-0.6158241186799948,-34.9436184788323,-34.874011229341114
-0.4046651999999947,-35.348283678832296,-35.27867642934111
-0.5123934832640114,-35.86067716209631,-35.791069912605124
-0.39558527999999793,-36.25626244209631,-36.18665519260512
-0.40357478000000324,-36.659837222096314,-36.59022997260513
-0.40061918399997476,-37.060456406096286,-36.9908491566051
-0.20667042747116293,-37.267126833567445,-37.19751958407626
-0.15550506418560378,-37.42263189775305,-37.353024648261865
-0.1406618362799671,-37.56329373403302,-37.49368648454183
-0.4316385999999752,-37.994932334032995,-37.92532508454181
-0.29332436340542095,-38.28825669743841,-38.21864944794723
-0.29185519999997434,-38.580111897438385,-38.5105046479472
-0.16911916563198331,-38.74923106307037,-38.679623813579184
-0.30103199999996266,-39.05026306307033,-38.98065581357915
-0.3884846799999517,-39.43874774307029,-39.3691404935791
-0.2790319999999904,-39.71777974307028,-39.6481724935791
-0.38263679999996636,-40.100416543070246,-40.03080929357906
-0.30424952000000005,-40.404666063070245,-40.33505881357906
-0.4425181589087871,-40.847184221979035,-40.77757697248785
-0.24489836140793542,-41.09208258338697,-41.022475333895784
-0.34772478771200466,-41.43980737109897,-41.37020012160779
-0.4057785300000077,-41.84558590109898,-41.775978651607794
-0.567978040166385,-42.413563941265366,-42.34395669177418
-0.5126744000000142,-42.92623834126538,-42.8566310917742
-0.8909356155599878,-43.81717395682537,-43.74756670733419
-0.5072860165559838,-44.32445997338135,-44.25485272389017
-0.30936060000000937,-44.633820573381364,-44.56421332389018
-0.6327590130579106,-45.26657958643928,-45.19697233694809
-0.2988143999999646,-45.56539398643924,-45.495786736948055
-0.30405759999999576,-45.86945158643923,-45.79984433694805
-0.40489439999999777,-46.27434598643923,-46.204738736948045
-0.393579048816001,-46.66792503525523,-46.598317785764046
-0.4003777400000085,-47.06830277525524,-46.998695525764056
-0.2616095669759775,-47.32991234223122,-47.26030509274003
-0.5263358715359518,-47.85624821376717,-47.78664096427598
-0.44639994640634073,-48.302648160173504,-48.23304091068232
-0.18919179999997615,-48.49183996017348,-48.422232710682295
-0.3191159087999688,-48.81095586897345,-48.74134861948227
-1.4444462232959743,-50.25540209226943,-50.18579484277824
-0.3853440207359997,-50.64074611300543,-50.57113886351424
-0.5515539363999631,-51.19230004940539,-51.122692799914205
-0.39908454205699984,-51.591384591462386,-51.5217773419712
-0.24159593285517603,-51.83298052431756,-51.76337327482638
-0.32537878070399895,-52.15835930502156,-52.08875205553038
-0.3065439777279829,-52.464903282749546,-52.39529603325836
-0.3793415049863894,-52.84424478773594,-52.774637538244754
-0.6001148649040056,-53.444359652639946,-53.37475240314876
-0.6918828729119975,-54.13624252555194,-54.06663527606076
-1.1155712153825803,-55.25181374093452,-55.18220649144334
-0.5697246384479915,-55.82153837938252,-55.75193112989133
-0.46157804367997546,-56.283116423062495,-56.21350917357131
-0.5593618311640114,-56.842478254226506,-56.77287100473532
-0.5584896622079799,-57.40096791643449,-57.331360666943304
-0.40086895999999017,-57.80183687643448,-57.732229626943294
-0.9776481113599329,-58.77948498779441,-58.70987773830323
-0.5785658040831976,-59.35805079187761,-59.288443542386425
-0.40506209999999077,-59.7631128918776,-59.69350564238641
-0.3602480134399744,-60.12336090531757,-60.053753655826384
-0.6458011037026479,-60.769162009020214,-60.69955475952903
-0.3433201873759887,-61.1124821963962,-61.042874946905016
-0.13242375056064948,-61.24490594695685,-61.175298697465664
-0.3658643889119942,-61.61077033586884,-61.54116308637766
-0.3350915801279989,-61.94586191599684,-61.87625466650566
-0.4087367713919715,-62.354598687388815,-62.28499143789763
-0.30145379999997246,-62.65605248738879,-62.58644523789761
-0.3037875200000033,-62.95984000738879,-62.89023275789761
-0.19429794911997758,-63.15413795650877,-63.084530707017585
-0.3116929199999911,-63.46583087650876,-63.39622362701758
-0.38528219999997115,-63.85111307650873,-63.78150582701755
-0.3774628846455924,-64.22857596115432,-64.15896871166314
-0.4045111399999769,-64.6330871011543,-64.56347985166312
-0.40587399999998464,-65.03896110115429,-64.9693538516631
-0.6721728741479501,-65.71113397530223,-65.64152672581105
1.0357375397712523,-64.67539643553098,-64.6057891860398
-0.28032619476799714,-64.95572263029898,-64.8861153808078
-0.6366847436940399,-65.59240737399301,-65.52280012450183
-0.886279785895972,-66.47868715988898,-66.4090799103978
-0.6017265582327602,-67.08041371812173,-67.01080646863055
-0.20644339999999,-67.28685711812172,-67.21724986863053
0.044128838368874046,-67.24272827975284,-67.17312103026165
-0.6000951451439261,-67.84282342489676,-67.77321617540558
-0.5251065529776079,-68.36792997787437,-68.29832272838318
-0.1155337575200017,-68.48346373539437,-68.41385648590318
-0.44578713463197417,-68.92925087002634,-68.85964362053515
-0.2180549688757045,-69.14730583890204,-69.07769858941086
-0.5958021657055749,-69.74310800460762,-69.67350075511644
-0.832730599479979,-70.5758386040876,-70.50623135459641
-0.31243239999999994,-70.8882710040876,-70.81866375459641
-0.29954999999999266,-71.1878210040876,-71.11821375459641
-0.08785587573599955,-71.27567687982359,-71.20606963033241
-0.33147401003200916,-71.6071508898556,-71.53754364036442
-0.32584558564794613,-71.93299647550354,-71.86338922601236
-0.38451070491917144,-72.31750718042271,-72.24789993093152
-0.4916975846223073,-72.80920476504501,-72.73959751555383
-0.4032875136705408,-73.21249227871554,-73.14288502922436
-0.46558681857598233,-73.67807909729153,-73.60847184780035
-0.5124040254399791,-74.19048312273151,-74.12087587324032
-0.4312335999999478,-74.62171672273145,-74.55210947324026
-0.4815327166319818,-75.10324943936342,-75.03364218987224
-0.3396122681743865,-75.44286170753782,-75.37325445804663
-0.4424245306415786,-75.88528623817939,-75.8156789886882
-0.30922061872637796,-76.19450685690576,-76.12489960741458
-0.6042433540063643,-76.79875021091213,-76.72914296142095
-0.19042849613599713,-76.98917870704813,-76.91957145755694
-0.6051211460639913,-77.59429985311212,-77.52469260362093
-0.335257180127964,-77.92955703324009,-77.8599497837489
-0.6117045747119865,-78.54126160795208,-78.4716543584609
-0.30533880000001634,-78.8466004079521,-78.77699315846091
-0.20641119999999638,-79.05301160795209,-78.9834043584609
-0.29241991999998634,-79.34543152795207,-79.27582427846089
-0.22522228192799282,-79.57065380988007,-79.50104656038889
-0.31063670501597507,-79.88129051489605,-79.81168326540487
-0.2998371746079437,-80.181127689504,-80.11152044001281
-0.3878472837119592,-80.56897497321596,-80.49936772372477
-0.6417283269839047,-81.21070330019987,-81.14109605070868
-0.4311087291966097,-81.64181202939648,-81.57220477990529
-0.2520431602559684,-81.89385518965244,-81.82424794016126
-0.3363260817839705,-82.23018127143641,-82.16057402194522
-0.4312335999999478,-82.66141487143635,-82.59180762194516
-0.3000395999999769,-82.96145447143633,-82.89184722194514
-0.2777447561696007,-83.23919922760592,-83.16959197811474
-0.30039680000001096,-83.53959602760594,-83.46998877811475
-0.5886496453119437,-84.12824567291788,-84.0586384234267
-0.9125580160399649,-85.04080368895785,-84.97119643946667
-0.34403374467836983,-85.38483743363622,-85.31523018414504
-0.15179720647680545,-85.53663464011302,-85.46702739062184
-0.2093249525241397,-85.74595959263716,-85.67635234314598
-0.4571248401279658,-86.20308443276512,-86.13347718327394
-0.4317869982069639,-86.63487143097208,-86.5652641814809
-0.39697310275997055,-87.03184453373206,-86.96223728424087
-0.36068459857835006,-87.3925291323104,-87.32292188281922
-0.3933283199999535,-87.78585745231035,-87.71625020281917
-0.2983754599999905,-88.08423291231034,-88.01462566281916
-0.4016983999999547,-88.4859313123103,-88.41632406281911
-0.7536984799679818,-89.23962979227828,-89.1700225427871
-0.5808286838479355,-89.82045847612622,-89.75085122663504
-0.4015935999999768,-90.22205207612619,-90.152444826635
-0.20634679999998295,-90.42839887612617,-90.35879162663498
-0.10565093260803349,-90.5340498087342,-90.46444255924301
-0.348646387711947,-90.88269619644615,-90.81308894695496
-0.3055457999999765,-91.18824199644612,-91.11863474695494
-0.4015261677143317,-91.58976816416046,-91.52016091466928
-0.2815049951769838,-91.87127315933745,-91.80166590984626
-0.29266012000000985,-92.16393327933746,-92.09432602984627
-0.289833573119995,-92.45376685245745,-92.38415960296626
-0.4078099199999585,-92.86157677245741,-92.79196952296623
-0.05428716726397846,-92.91586393972139,-92.8462566902302
-0.2854054587526045,-93.201269398474,-93.13166214898281
-0.373775620064015,-93.575045018538,-93.50543776904682
-0.7736202309143695,-94.34866524945238,-94.2790579999612
-0.4284599999999571,-94.77712524945234,-94.70751799996115
-0.30596397407996523,-95.0830892235323,-95.01348197404111
-0.3585432101759929,-95.44163243370829,-95.37202518421711
-0.27867599135997034,-95.72030842506827,-95.65070117557708
-0.18099174772800858,-95.90130017279628,-95.8316929233051
-0.730848082799949,-96.63214825559623,-96.56254100610505
-0.15587961566636838,-96.7880278712626,-96.71842062177141
-0.15616496271597588,-96.94419283397858,-96.87458558448739
-0.6086641628879776,-97.55285699686655,-97.48324974737537
-1.0002560060387928,-98.55311300290535,-98.48350575341416
-0.4027631999999698,-98.95587620290532,-98.88626895341413
-0.47040641689600227,-99.42628261980131,-99.35667537031013
-0.4042030279999879,-99.8304856478013,-99.76087839831011
-0.4808370453599926,-100.31132269316129,-100.2417154436701
-0.49026372220961456,-100.8015864153709,-100.73197916587972
-0.40185467999995805,-101.20344109537086,-101.13383384587968
-0.19413843487085164,-101.39757953024171,-101.32797228075053
-0.48213226565997896,-101.8797117959017,-101.81010454641051
-0.19102819999998633,-102.07073999590169,-102.0011327464105
-0.15318331403515795,-102.22392330993685,-102.15431606044567
-0.5172720510719846,-102.74119536100883,-102.67158811151765
-0.3030416399999891,-103.04423700100882,-102.97462975151764
-0.5154839999999484,-103.55972100100877,-103.49011375151758
-0.31869680057600147,-103.87841780158477,-103.80881055209359
-0.278819991359972,-104.15723779294474,-104.08763054345356
-1.1038302144143584,-105.2610680073591,-105.19146075786792
-0.6141511970663666,-105.87521920442546,-105.80561195493428
-0.482030744471997,-106.35724994889746,-106.28764269940628
-0.7474563866639832,-107.10470633556145,-107.03509908607026
-0.6274912545279722,-107.73219759008941,-107.66259034059823
-0.7834576133999633,-108.51565520348937,-108.44604795399819
-0.7924500907199893,-109.30810529420937,-109.23849804471818
-1.2185694695119444,-110.52667476372132,-110.45706751423013
-0.3583768364319918,-110.8850516001533,-110.81544435066212
-0.8490813080383894,-111.7341329081917,-111.66452565870051
-0.5614087236155711,-112.29554163180727,-112.22593438231608
-0.45606795907199715,-112.75160959087927,-112.68200234138808
-0.6396000787199975,-113.39120966959926,-113.32160242010808
-0.7458284442495887,-114.13703811384885,-114.06743086435766
-0.5161344276479702,-114.65317254149682,-114.58356529200563
-2.4840174900822465,-117.13719003157907,-117.06758278208788
-1.8892323089199077,-119.02642234049897,-118.95681509100778
-0.5621264587519781,-119.58854879925094,-119.51894154975976
-0.6384946070159765,-120.22704340626692,-120.15743615677573
-0.6259500513599927,-120.85299345762691,-120.78338620813572
-0.7120080950400101,-121.56500155266691,-121.49539430317573
-0.31266599999999123,-121.8776675526669,-121.80806030317572
-0.3873337999999519,-122.26500135266686,-122.19539410317567
-0.29473200000000876,-122.55973335266687,-122.49012610317568
-0.3337737303599908,-122.89350708302686,-122.82389983353568
-0.5925771417215783,-123.48608422474844,-123.41647697525725
-0.2794655907839822,-123.76554981553242,-123.69594256604124
0.7767389067296792,-122.98881090880275,-122.91920365931156
-0.3068450989951898,-123.29565600779793,-123.22604875830675
-0.4561417998728063,-123.75179780767074,-123.68219055817956
-0.31640400000000224,-124.06820180767075,-123.99859455817956
-0.23645006425942036,-124.30465187193016,-124.23504462243898
-0.26855279637498686,-124.57320466830515,-124.50359741881397
-0.49527771946394694,-125.0684823877691,-124.99887513827791
-1.3050388574399356,-126.37352124520903,-126.30391399571785
-0.410836399999956,-126.78435764520898,-126.7147503957178
-0.3124200000000066,-127.09677764520899,-127.0271703957178
-0.21409692699595934,-127.31087457220495,-127.24126732271377
-0.3873705999999931,-127.69824517220495,-127.62863792271376
-0.2947536000000042,-127.99299877220496,-127.92339152271377
-0.3322559769599698,-128.3252547491649,-128.25564749967373
-0.30672837782399354,-128.6319831269889,-128.56237587749771
-0.2944535245519842,-128.92643665154088,-128.8568294020497
-0.08441047112796381,-129.01084712266885,-128.94123987317766
-0.08226133948718947,-129.09310846215604,-129.02350121266485
-0.262901116632,-129.35600957878805,-129.28640232929686
-0.16304849244001,-129.51905807122805,-129.44945082173686
-0.18907744146716804,-129.7081355126952,-129.63852826320402
-0.1663883520223915,-129.8745238647176,-129.8049166152264
-0.36289919078395977,-130.23742305550155,-130.16781580601037
-0.21895770275998802,-130.45638075826153,-130.38677350877035
-0.2956594483506135,-130.75204020661215,-130.68243295712097
-0.46117279041120507,-131.21321299702336,-131.14360574753218
-0.14424761669199265,-131.35746061371535,-131.28785336422416
-0.593781339707706,-131.95124195342305,-131.88163470393187
-0.19105059999999177,-132.14229255342303,-132.07268530393185
-0.28187199999998647,-132.42416455342303,-132.35455730393184
-2.24609416501118,-134.6702587184342,-134.60065146894303
-0.19857167999998782,-134.8688303984342,-134.799223148943
-0.10990400861436292,-134.97873440704856,-134.90912715755738
-0.19118159999999595,-135.16991600704856,-135.10030875755737
-0.14805416692127693,-135.31797017396983,-135.24836292447864
-0.17547409465441757,-135.49344426862424,-135.42383701913306
-0.11769403860476968,-135.61113830722903,-135.54153105773784
-0.24857101295999584,-135.859709320189,-135.79010207069783
-0.15286718713599148,-136.012576507325,-135.94296925783382
-0.36507043849598586,-136.377646945821,-136.3080396963298
-0.33475729647357466,-136.71240424229458,-136.6427969928034
-0.8013851056127732,-137.51378934790736,-137.44418209841618
-0.15037798761598545,-137.66416733552336,-137.59456008603217
-0.24203896697903787,-137.9062063025024,-137.8365990530112
-0.20130637349981842,-138.10751267600222,-138.03790542651103
-0.2418025992479984,-138.3493152752502,-138.27970802575902
-0.12206761136878586,-138.47138288661898,-138.4017756371278
-0.14064358531197643,-138.61202647193096,-138.54241922243978
-0.12439018075200696,-138.73641665268298,-138.6668094031918
-0.6503834344184569,-139.38680008710142,-139.31719283761024
-0.06265433932797745,-139.44945442642938,-139.3798471769382
-0.1920345284231743,-139.64148895485255,-139.57188170536136
-0.2982361200000264,-139.93972507485256,-139.87011782536138
-0.19118159999999595,-140.13090667485255,-140.06129942536137
-0.12355934401437992,-140.25446601886694,-140.18485876937575
-0.13424750406398495,-140.3887135229309,-140.31910627343973
-0.2742049799999833,-140.6629185029309,-140.5933112534397
-0.19030000000001018,-140.8532185029309,-140.78361125343972
-0.08076727424797814,-140.9339857771789,-140.8643785276877
-0.3643136383039834,-141.2982994154829,-141.2286921659917
-0.16754399351999047,-141.46584340900287,-141.3962361595117
-0.5105017258563029,-141.97634513485917,-141.906737885368
-0.11160208092000382,-142.08794721577917,-142.01833996628798
0.6418298968712058,-141.44611731890797,-141.37651006941678
0.10513551714561542,-141.34098180176235,-141.27137455227117
-0.18857393275774167,-141.5295557345201,-141.45994848502892
-0.22923235875916886,-141.75878809327926,-141.68918084378808
-0.1841369744752008,-141.94292506775446,-141.87331781826327
-0.48365489793596084,-142.42657996569042,-142.35697271619924
-0.3407012938055698,-142.767281259496,-142.69767401000482
-0.3289818292319987,-143.096263088728,-143.0266558392368
-0.3242145560639945,-143.420477644792,-143.3508703953008
-0.20060800000000445,-143.621085644792,-143.55147839530082
-0.5944884770879827,-144.21557412188,-144.1459668723888
0.3690104691208296,-143.84656365275916,-143.77695640326797
-0.3243828960000114,-144.17094654875916,-144.10133929926798
-0.12056779754878458,-144.29151434630793,-144.22190709681675
-0.27198018799999324,-144.56349453430792,-144.49388728481674
-0.095943492119993,-144.65943802642792,-144.58983077693674
-0.2877845493367964,-144.94722257576473,-144.87761532627354
-0.19335999999997922,-145.1405825757647,-145.07097532627353
-0.6411356098752177,-145.78171818563993,-145.71211093614875
-0.31106042553600044,-146.09277861117593,-146.02317136168475
-0.38728544000000964,-146.48006405117593,-146.41045680168475
-0.06284593865597851,-146.5429099898319,-146.47330274034073
-0.26780753880000485,-146.81071752863193,-146.74111027914074
-0.18836849371197165,-146.9990860223439,-146.92947877285272
-0.28779301944,-147.2868790417839,-147.2172717922927
-0.1738481254359996,-147.4607271672199,-147.3911199177287
-0.2476056109439817,-147.70833277816388,-147.6387255286727
-0.9930016930039613,-148.70133447116785,-148.63172722167667
-0.4067538267119799,-149.10808829787985,-149.03848104838866
-0.33659026763597016,-149.44467856551583,-149.37507131602464
-0.13293718627199214,-149.57761575178782,-149.50800850229663
1.1076863158817147,-148.4699294359061,-148.4003221864149
-0.21026240230399532,-148.68019183821008,-148.6105845887189
-0.23073836553438093,-148.91093020374447,-148.8413229542533
-0.7065154679277115,-149.6174456716722,-149.547838422181
-0.3127474217454265,-149.9301930934176,-149.86058584392643
-0.11341618055999333,-150.0436092739776,-149.97400202448642
-0.4170562310559902,-150.4606655050336,-150.39105825554242
-0.28787401943998303,-150.74853952447359,-150.6789322749824
-0.12350505696800423,-150.8720445814416,-150.80243733195042
-0.2407521099023825,-151.112796691344,-151.0431894418528
-0.209314633980004,-151.322111325324,-151.2525040758328
-0.2954166231839872,-151.61752794850798,-151.5479206990168
-0.8041375885607858,-152.42166553706878,-152.3520582875776
-0.17808699361599473,-152.59975253068478,-152.5301452811936
-0.27010236729200565,-152.86985489797678,-152.8002476484856
-0.15404398848000417,-153.02389888645678,-152.9542916369656
-0.19395383819616002,-153.21785272465294,-153.14824547516176
-0.18033966038956584,-153.3981923850425,-153.32858513555132
-0.21156339009837655,-153.60975577514088,-153.5401485256497
-0.08449067112799143,-153.69424644626886,-153.62463919677768
-0.1003679738879869,-153.79461442015685,-153.72500717066566
-0.14745118727036752,-153.94206560742722,-153.87245835793604
-0.17119655548799087,-154.11326216291522,-154.04365491342404
-0.27639526000000736,-154.38965742291523,-154.32005017342405
-0.23409417118318884,-154.62375159409842,-154.55414434460724
-0.16654299227197605,-154.7902945863704,-154.72068733687922
-0.29445759999997667,-155.0847521863704,-155.0151449368792
-0.2035651086871725,-155.28831729505757,-155.21871004556638
-0.18388919567998657,-155.47220649073756,-155.40259924124638
-0.510391257023995,-155.98259774776156,-155.91299049827037
-0.08425007112801983,-156.06684781888958,-155.9972405693984
-0.8051872929224002,-156.87203511181198,-156.8024278623208
-0.5185894341503934,-157.39062454596237,-157.32101729647118
-0.12710558041599068,-157.51773012637835,-157.44812287688717
-0.20167919999997766,-157.71940932637833,-157.64980207688714
-0.49785872688639127,-158.21726805326472,-158.14766080377353
-0.08841637563518343,-158.3056844288999,-158.2360771794087
0.19855683749762232,-158.10712759140227,-158.0375203419111
-0.5289968764079955,-158.63612446781028,-158.5665172183191
-0.1296141834399868,-158.76573865125027,-158.6961314017591
-0.17052719251200188,-158.93626584376227,-158.8666585942711
-0.35694101010958446,-159.29320685387185,-159.22359960438067
0.0013694794400319343,-159.29183737443182,-159.22223012494064
-0.2669678559359871,-159.5588052303678,-159.4891979808766
-0.15581438871996692,-159.71461961908776,-159.64501236959657
-0.29581174184959785,-160.01043136093736,-159.94082411144618
-0.38001800781477213,-160.39044936875214,-160.32084211926096
-0.45296798554223855,-160.8434173542944,-160.7738101048032
-0.15323461585198428,-160.99665197014636,-160.92704472065518
-0.17845520543638,-161.17510717558275,-161.10549992609157
-0.3485586023999855,-161.52366577798273,-161.45405852849154
-0.08909322246000193,-161.61275900044274,-161.54315175095155
-0.12430911799197913,-161.7370681184347,-161.66746086894352
-0.48153605068797933,-162.2186041691227,-162.14899691963151
0.9068640364084096,-161.31174013271428,-161.2421328832231
-0.28746142030398425,-161.59920155301828,-161.5295943035271
-0.2953036843007934,-161.89450523731907,-161.82489798782788
-0.23096638387199014,-162.12547162119105,-162.05586437169987
-0.6352405776879831,-162.76071219887905,-162.69110494938786
-0.1529623058879922,-162.91367450476704,-162.84406725527586
-0.3330333295919987,-163.24670783435906,-163.17710058486787
-0.8837650054559928,-164.13047283981504,-164.06086559032386
-1.573333031452811,-165.70380587126786,-165.63419862177668
-0.20358483999999683,-165.90739071126785,-165.83778346177667
-0.17652359395199668,-166.08391430521985,-166.01430705572866
-0.18154128254266005,-166.26545558776252,-166.19584833827133
-0.26977859999995824,-166.53523418776248,-166.4656269382713
-0.30512027430000616,-166.8403544620625,-166.7707472125713
-0.14582998319999668,-166.9861844452625,-166.9165771957713
-0.1666299908800004,-167.1528144361425,-167.08320718665132
-0.2446659736910351,-167.39748040983355,-167.32787316034236
-0.16775588783200035,-167.56523629766554,-167.49562904817435
-0.05525312817358055,-167.6204894258391,-167.55088217634793
-0.5153266572607687,-168.13581608309988,-168.0662088336087
-0.5152128654000157,-168.65102894849989,-168.5814216990087
-0.12179425262641064,-168.7728232011263,-168.70321595163512
-0.20159645137630455,-168.9744196525026,-168.90481240301142
-0.14114350306560913,-169.11556315556822,-169.04595590607704
-0.16437327472797256,-169.2799364302962,-169.21032918080502
-0.061987746030377794,-169.3419241763266,-169.2723169268354
-0.16920839011198213,-169.51113256643856,-169.44152531694738
-0.21102516933046386,-169.72215773576903,-169.65255048627785
-0.30085502039999656,-170.02301275616904,-169.95340550667785
-0.49404164392959526,-170.51705440009863,-170.44744715060745
-0.14753498631997863,-170.6645893864186,-170.59498213692743
-0.3531689198111935,-171.0177583062298,-170.94815105673862
-0.30195669240000483,-171.31971499862982,-171.25010774913864
-0.3217612652543952,-171.64147626388421,-171.57186901439303
-0.27074532412398916,-171.9122215880082,-171.84261433851702
-0.29284961977598273,-172.2050712077842,-172.135463958293
-0.3020191999999761,-172.50709040778418,-172.437483158293
-0.38092213899999205,-172.88801254678418,-172.818405297293
-0.19563967999998017,-173.08365222678415,-173.01404497729297
-0.30456270842400146,-173.38821493520817,-173.31860768571698
-0.23744475809999435,-173.62565969330817,-173.55605244381698
-0.30820679999995887,-173.93386649330813,-173.86425924381695
-0.21143500503998877,-174.14530149834812,-174.07569424885693
-0.14757298631996726,-174.2928744846681,-174.2232672351769
-1.0748355012263822,-175.36770998589446,-175.29810273640328
-0.2792496172799917,-175.64695960317445,-175.57735235368327
-0.4045675049199772,-176.05152710809443,-175.98191985860325
-0.20888903999999672,-176.26041614809444,-176.19080889860325
-0.16268053167199578,-176.42309667976645,-176.35348943027526
-0.25489897111678794,-176.67799565088325,-176.60838840139206
-0.2901696195839938,-176.96816527046724,-176.89855802097605
-0.35091561545598526,-177.31908088592323,-177.24947363643204
-0.1736879919359952,-177.49276887785922,-177.42316162836804
-0.1483999899199875,-177.64116886777921,-177.57156161828803
-0.2694977999999979,-177.91066666777922,-177.84105941828804
-0.2788766278727933,-178.18954329565202,-178.11993604616083
-0.3618601085688383,-178.55140340422085,-178.48179615472966
-0.22353500455997702,-178.77493840878083,-178.70533115928964
-0.18354911666880638,-178.95848752544964,-178.88888027595846
-0.3582915586879989,-179.31677908413764,-179.24717183464645
-0.30430933900796997,-179.6210884231456,-179.55148117365442
-0.12737411056239645,-179.748462533708,-179.6788552842168
-0.14997058369033356,-179.89843311739833,-179.82882586790714
-0.128881956320005,-180.02731507371834,-179.95770782422716
-0.14354617942921324,-180.17086125314756,-180.10125400365638
-0.1608370089695778,-180.33169826211713,-180.26209101262594
-0.06884380755200299,-180.40054206966914,-180.33093482017796
-1.23011006358238,-181.63065213325152,-181.56104488376033
-0.15871438564799017,-181.7893665188995,-181.7197592694083
-0.14130898823999188,-181.93067550713948,-181.8610682576483
-0.20243223523326276,-182.13310774237274,-182.06350049288156
-0.11521997599999517,-182.24832771837274,-182.17872046888155
-0.08385772699199817,-182.33218544536473,-182.26257819587354
-0.16317520705677344,-182.4953606524215,-182.42575340293033
0.2748234325200123,-182.2205372199015,-182.15092997041032
-0.19590255482557675,-182.41643977472708,-182.3468325252359
-0.12396717889920354,-182.54040695362627,-182.4707997041351
0.048923884240008375,-182.49148306938628,-182.4218758198951
-0.439054604832793,-182.93053767421907,-182.86093042472788
-0.1452323567040497,-183.0757700309231,-183.00616278143193
-0.09412345283997575,-183.16989348376308,-183.1002862342719
-0.14596916417439038,-183.31586264793748,-183.2462553984463
-0.37532003839998457,-183.69118268633747,-183.62157543684629
-0.25044961036799485,-183.94163229670548,-183.8720250472143
-0.19445997177597718,-184.13609226848146,-184.06648501899028
-0.35661640703918995,-184.49270867552065,-184.42310142602946
-0.35157723599999546,-184.84428591152064,-184.77467866202946
-0.5408578165615587,-185.3851437280822,-185.315536478591
-0.4111107488399843,-185.79625447692217,-185.726647227431
-0.1870868941199764,-185.98334137104214,-185.91373412155096
-0.5221452598079739,-186.50548663085013,-186.43587938135894
-0.6963480960479855,-187.2018347268981,-187.13222747740693
-1.1850913012556596,-188.38692602815377,-188.31731877866258
-0.5822697492239972,-188.96919577737776,-188.89958852788658
-0.11163945190397798,-189.08083522928175,-189.01122797979056
-0.2550643334359729,-189.3358995627177,-189.26629231322653
-0.2864359757599878,-189.6223355384777,-189.55272828898651
-0.23332140849598526,-189.85565694697368,-189.7860496974825
-0.4048034279839623,-190.26046037495763,-190.19085312546645
-0.45420259489197046,-190.7146629698496,-190.6450557203584
-0.41784608784680927,-191.1325090576964,-191.06290180820523
-0.2079805457343982,-191.3404896034308,-191.2708823539396
-0.26668040000001586,-191.6071700034308,-191.53756275393962
-0.1857629954399973,-191.7929329988708,-191.72332574937963
-0.14701828283998952,-191.9399512817108,-191.8703440322196
-0.29557638000001496,-192.23552766171082,-192.16592041221963
-0.2206999232927809,-192.4562275850036,-192.38662033551242
-0.937341500183918,-193.39356908518752,-193.32396183569634
-0.12695358036796717,-193.5205226655555,-193.4509154160643
-0.22465638473594746,-193.74517905029143,-193.67557180080024
-0.2261584018719902,-193.97133745216343,-193.90173020267224
-0.08865896817598695,-194.05999642033942,-193.99038917084823
-0.2958372000000015,-194.3558336203394,-194.28622637084823
-0.3869309999999989,-194.74276462033941,-194.67315737084823
-0.08326857040798108,-194.8260331907474,-194.75642594125623
-0.2735067999999947,-195.09953999074742,-195.02993274125623
-0.21121239999998473,-195.3107523907474,-195.24114514125623
-0.23113300470400466,-195.5418853954514,-195.47227814596022
-0.37215965279995916,-195.91404504825135,-195.84443779876017
-0.29587950251997297,-196.20992455077132,-196.14031730128013
-0.16805899016000575,-196.37798354093133,-196.30837629144014
-0.22376300455998976,-196.60174654549132,-196.53213929600014
-0.2911202870000175,-196.89286683249134,-196.82325958300015
-0.2905579999999679,-197.1834248324913,-197.11381758300013
-0.1968280964720095,-197.38025292896333,-197.31064567947215
-0.16126220397118182,-197.5415151329345,-197.47190788344332
-0.13454533927997445,-197.6760604722145,-197.6064532227233
-0.46878760665149355,-198.14484807886598,-198.0752408293748
-0.21625108176158675,-198.36109916062756,-198.29149191113638
-0.29129994239996476,-198.65239910302753,-198.58279185353635
-0.3362373343440039,-198.98863643737153,-198.91902918788034
-0.40349677119598565,-199.39213320856751,-199.32252595907633
-0.19760279999997765,-199.58973600856748,-199.5201287590763
-0.34592833866236805,-199.93566434722985,-199.86605709773866
-0.3802350316799422,-200.3158993789098,-200.2462921294186
-0.49442889839994175,-200.81032827730974,-200.74072102781855
-0.4903197243360113,-201.30064800164575,-201.23104075215457
-0.18256352130157918,-201.48321152294733,-201.41360427345614
-0.2658711999999808,-201.74908272294732,-201.67947547345614
-0.3058175999999592,-202.05490032294728,-201.9852930734561
-0.209168697815989,-202.26406902076326,-202.19446177127207
-0.15146491599599626,-202.41553393675926,-202.34592668726808
-0.23114134649919987,-202.64667528325845,-202.57706803376726
-0.23544176356799912,-202.88211704682644,-202.81250979733525
-0.12577878051199617,-203.00789582733844,-202.93828857784726
-0.10623956112000363,-203.11413538845844,-203.04452813896725
-0.3128594028461037,-203.42699479130454,-203.35738754181335
-0.0912965745119724,-203.5182913658165,-203.44868411632532
-0.28511699999998275,-203.8034083658165,-203.7338011163253
-0.14230772016143836,-203.94571608597792,-203.87610883648674
-0.2544256087359936,-204.20014169471392,-204.13053444522274
-0.20385823999999675,-204.4039999347139,-204.33439268522272
-0.567374462975986,-204.97137439768989,-204.9017671481987
-0.5571614983495953,-205.52853589603947,-205.4589286465483
-0.15953916851197927,-205.68807506455144,-205.61846781506026
-0.11357368091998296,-205.80164874547143,-205.73204149598024
-0.2804209233695667,-206.082069668841,-206.01246241934982
-0.40864717336796264,-206.49071684220897,-206.42110959271778
-0.5326051297420853,-207.02332197195105,-206.95371472245986
-0.3151614652287879,-207.33848343717983,-207.26887618768865
-0.3683807869463622,-207.7068642241262,-207.63725697463502
-1.0768525759999852,-208.7837168001262,-208.71410955063502
-0.32875169236000057,-209.1124684924862,-209.042861242995
-0.38198820000000155,-209.49445669248618,-209.424849442995
-0.14566638732798018,-209.64012307981417,-209.570515830323
-0.41018184871998975,-210.05030492853416,-209.98069767904298
-0.23667259255998058,-210.28697752109414,-210.21737027160296
-0.127513714299997,-210.41449123539414,-210.34488398590295
-0.5729811130943854,-210.98747234848852,-210.91786509899734
-0.37576754259999473,-211.3632398910885,-211.29363264159733
-0.6132108504959908,-211.9764507415845,-211.90684349209332
-0.057959949599969474,-212.03441069118446,-211.96480344169328
-0.37843460000000284,-212.41284529118445,-212.34323804169327
-0.15115598982397146,-212.56400128100842,-212.49439403151723
-0.739273798917002,-213.3032750799254,-213.23366783043423
-0.40132010110396765,-213.7045951810294,-213.6349879315382
-0.6496266507640043,-214.35422183179338,-214.2846145823022
-0.23192338382399322,-214.58614521561736,-214.51653796612618
-0.2698758400000234,-214.8560210556174,-214.7864138061262
-0.5811815477887996,-215.43720260340618,-215.367595353915
-0.301459536799183,-215.73866214020535,-215.66905489071416
-0.16872054994878283,-215.90738269015412,-215.83777544066294
-0.1954543319400325,-216.10283702209415,-216.03322977260297
-0.14415996159999894,-216.24699698369415,-216.17738973420296
-0.2268185845919617,-216.4738155682861,-216.40420831879493
-0.1442622822159868,-216.6180778505021,-216.5484706010109
-0.13624611787843807,-216.75432396838053,-216.68471671888935
-0.29649735599997873,-217.0508213243805,-216.98121407488932
-0.37894179999996647,-217.4297631243805,-217.3601558748893
-0.31583952991357067,-217.74560265429406,-217.67599540480288
-0.057749949600013645,-217.80335260389407,-217.73374535440288
-0.19403119894399673,-217.99738380283807,-217.9277765533469
-0.09265370590000538,-218.09003750873808,-218.0204302592469
-0.27050771999997814,-218.36054522873806,-218.29093797924688
-0.0910773670719986,-218.45162259581005,-218.38201534631887
-0.28859644799996964,-218.74021904381001,-218.67061179431883
-0.5046513674080118,-219.24487041121802,-219.17526316172683
-0.1837199711999806,-219.428590382418,-219.35898313292682
-0.319083636772783,-219.74767401919078,-219.6780667696996
-0.05396429859918492,-219.80163831778998,-219.7320310682988
-0.17049687485759857,-219.97213519264758,-219.9025279431564
0.09179302677600623,-219.88034216587158,-219.8107349163804
-0.17105544310954746,-220.05139760898112,-219.98179035948993
-0.1914335976960006,-220.24283120667712,-220.17322395718594
0.26097755254943844,-219.9818536541277,-219.9122464046365
-0.45500175550402766,-220.4368554096317,-220.36724816014052
0.25843215360004546,-220.17842325603166,-220.10881600654048
-0.20759040000000512,-220.38601365603168,-220.3164064065405
-1.4647523059567646,-221.85076596198843,-221.78115871249724
0.24048332940803666,-221.61028263258038,-221.5406753830892
-0.2052688200000043,-221.8155514525804,-221.7459442030892
-0.816332696311957,-222.63188414889234,-222.56227689940116
-0.35553997516797814,-222.9874241240603,-222.91781687456913
-0.39395399999999686,-223.38137812406032,-223.31177087456913
-0.2881572680000247,-223.66953539206034,-223.59992814256915
0.774792325562917,-222.89474306649743,-222.82513581700624
-0.29401919999996134,-223.18876226649738,-223.1191550170062
-0.19707839999999346,-223.38584066649736,-223.31623341700617
-0.3472930177826202,-223.73313368427998,-223.6635264347888
-0.229993403120008,-223.96312708739998,-223.8935198379088
-0.20777199999998322,-224.17089908739996,-224.10129183790878
-0.0946681683199754,-224.26556725571993,-224.19596000622874
-0.2056506999999744,-224.4712179557199,-224.40161070622872
-0.11876716428798823,-224.5899851200079,-224.5203778705167
-0.39481959999997507,-224.98480472000787,-224.9151974705167
-0.2933551999999832,-225.27815992000785,-225.20855267051667
-0.07892525807036574,-225.35708517807822,-225.28747792858704
-0.031867916115206146,-225.38895309419343,-225.31934584470224
-0.5555423470464183,-225.94449544123984,-225.87488819174865
-0.38035153999999816,-226.32484698123983,-226.25523973174865
-0.2966499999999771,-226.6214969812398,-226.55188973174862
-0.29513802000001516,-226.91663500123983,-226.84702775174864
-0.19352498199997384,-227.1101599832398,-227.04055273374863
-0.3033856000000129,-227.41354558323982,-227.34393833374864
-0.23461678444799305,-227.6481623676878,-227.57855511819662
-0.18002997551997113,-227.82819234320777,-227.7585850937166
-0.5402766489535888,-228.36846899216135,-228.29886174267017
-0.5285727226079737,-228.89704171476933,-228.82743446527815
-0.3982247994239897,-229.29526651419332,-229.22565926470213
-0.20394560000000067,-229.4992121141933,-229.42960486470213
-0.27014960000000054,-229.7693617141933,-229.69975446470212
-0.15103406598400088,-229.9203957801773,-229.85078853068612
-0.8229522531400184,-230.74334803331732,-230.67374078382613
-0.2714988599999793,-231.0148468933173,-230.9452396438261
-0.6097482640799763,-231.62459515739727,-231.55498790790608
-0.6023194150079392,-232.2269145724052,-232.15730732291402
-0.11454180753276919,-232.34145637993797,-232.27184913044678
-0.31397300407996764,-232.65542938401794,-232.58582213452675
-1.6697639329679002,-234.32519331698583,-234.25558606749465
-0.6390617558077123,-234.96425507279355,-234.89464782330236
-0.47394562150395725,-235.4382006942975,-235.36859344480632
-0.4007375999999827,-235.8389382942975,-235.7693310448063
-0.3102879999999821,-236.14922629429748,-236.0796190448063
-0.39275036000000607,-236.54197665429749,-236.4723694048063
-0.20465355128399462,-236.74663020558148,-236.6770229560903
-0.6766399216617905,-237.42327012724328,-237.3536628777521
-0.46801171303197203,-237.89128184027527,-237.82167459078408
-0.6442986905279547,-238.53558053080323,-238.46597328131205
-0.16396237446399697,-238.69954290526724,-238.62993565577605
-0.15842675268861084,-238.85796965795583,-238.78836240846465
-0.12216253797437543,-238.9801321959302,-238.910524946439
-0.09337495799998535,-239.0735071539302,-239.003899904439
-0.10205651153600598,-239.1755636654662,-239.10595641597502
-0.4796582558399675,-239.65522192130618,-239.585614671815
0.5578089666359869,-239.0974129546702,-239.02780570517902
-0.3090816023039964,-239.4064945569742,-239.336887307483
-0.39468808377437653,-239.80118264074858,-239.7315753912574
-0.2698863919359954,-240.07106903268456,-240.00146178319338
-0.19120859870398504,-240.26227763138854,-240.19267038189736
-0.4297070103439621,-240.69198464173252,-240.62237739224133
-0.2968880000000025,-240.9888726417325,-240.91926539224133
-0.4967055248119614,-241.48557816654449,-241.4159709170533
-0.6066376452620388,-242.0922158118065,-242.02260856231533
-0.6394834520567707,-242.73169926386328,-242.6620920143721
-0.6440579795584079,-243.37575724342167,-243.3061499939305
-0.31045199999998396,-243.68620924342167,-243.6166019939305
-0.053517351887959974,-243.73972659530963,-243.67011934581845
-0.5510016399359802,-244.2907282352456,-244.22112098575442
-1.1377324570799914,-245.4284606923256,-245.3588534428344
-0.3624221970431478,-245.79088288936873,-245.72127563987755
-0.24218455023359503,-246.03306743960232,-245.96346019011114
-0.3990130199999834,-246.4320804596023,-246.36247321011112
-0.35716201872000986,-246.7892424783223,-246.71963522883112
-1.1711588573951999,-247.9604013357175,-247.89079408622632
-0.5182651245598588,-248.47866646027737,-248.40905921078618
-0.35721601382400797,-248.83588247410137,-248.76627522461018
-0.40122339999998313,-249.23710587410136,-249.16749862461018
-0.295698680000007,-249.53280455410138,-249.4631973046102
-0.2699535919360061,-249.80275814603738,-249.7331508965462
-0.2704687999999924,-250.07322694603738,-250.0036196965462
-0.16807949114398568,-250.24130643718138,-250.1716991876902
-0.36784799193600526,-250.60915442911738,-250.5395471796262
-0.3930934399999575,-251.00224786911733,-250.93264061962614
-0.2784999759999903,-251.2807478451173,-251.21114059562612
-0.20076521999997818,-251.48151306511727,-251.41190581562608
-0.16001757062398236,-251.64153063574125,-251.57192338625006
-0.38649919999997784,-252.02802983574122,-251.95842258625004
-0.3951882799999945,-252.4232181157412,-252.35361086625002
-0.4906949624728667,-252.91391307821408,-252.8443058287229
-0.1343486529335951,-253.04826173114768,-252.9786544816565
-0.2827500180000082,-253.33101174914768,-253.2614044996565
-0.5051498551199349,-253.8361616042676,-253.76655435477642
-0.39445626000000245,-254.2306178642676,-254.16101061477642
-0.19892565598080214,-254.42954352024842,-254.35993627075723
-0.6739906647084611,-255.10353418495689,-255.0339269354657
-0.8566593225343807,-255.96019350749125,-255.89058625800007
-0.6341007389152064,-256.59429424640643,-256.52468699691525
-0.9791893352160084,-257.57348358162244,-257.50387633213126
-0.16834997599997792,-257.74183355762244,-257.67222630813126
-0.6359422525119947,-258.37777581013444,-258.30816856064325
-0.41446079999994545,-258.7922366101344,-258.7226293606432
-0.3922450191999858,-259.1844816293344,-259.11487437984323
-0.42882303815998507,-259.6133046674944,-259.5436974180032
-0.5046888247679966,-260.11799349226237,-260.0483862427712
-0.3627639135599711,-260.4807574058223,-260.41115015633113
-0.6496837774560056,-261.1304411832783,-261.06083393378714
-0.32313600979200424,-261.4535771930703,-261.38396994357913
-0.8393432419327276,-262.29292043500305,-262.22331318551187
-1.3378557775439375,-263.630776212547,-263.5611689630558
-0.5897561632516337,-264.22053237579865,-264.15092512630747
-0.6290500600000358,-264.8495824357987,-264.7799751863075
-0.7433879122399493,-265.59297034803865,-265.52336309854746
0.2625524485632311,-265.33041789947544,-265.26081064998425
-0.23189975089916182,-265.5623176503746,-265.4927104008834
-0.5472987603177573,-266.10961641069235,-266.04000916120117
-0.48611905413199535,-266.5957354648244,-266.5261282153332
-0.3708135338255698,-266.96654899864996,-266.89694174915877
-0.44020519239357603,-267.40675419104355,-267.33714694155236
-0.6632393443103883,-268.06999353535394,-268.00038628586276
-0.6062072259999722,-268.6762007613539,-268.60659351186274
-0.9283966427039211,-269.60459740405787,-269.5349901545667
-0.6092629487424267,-270.2138603528003,-270.1442531033091
-0.2796336725759924,-270.49349402537626,-270.4238867758851
-0.207312559999997,-270.70080658537626,-270.63119933588507
-0.38143699999996467,-271.0822435853762,-271.012636335885
-0.2711071999999761,-271.35335078537616,-271.283743535885
-0.3648775126000191,-271.71822829797617,-271.648621048485
-0.47012692042396853,-272.18835521840015,-272.11874796890896
-0.37423341627200946,-272.5625886346722,-272.492981385181
-0.657150783839971,-273.2197394185122,-273.150132169021
-0.7180102911839226,-273.9377497096961,-273.8681424602049
-0.4113729019070259,-274.34912261160315,-274.27951536211197
-0.4679046604287968,-274.81702727203196,-274.7474200225408
-0.37930000000001074,-275.19632727203197,-275.1267200225408
-0.09678597263997327,-275.29311324467193,-275.22350599518074
-0.33032802736477423,-275.6234412720367,-275.5538340225455
-0.5055544836799857,-276.1289957557167,-276.0593885062255
-0.7188324975358977,-276.8478282532526,-276.7782210037614
-0.7515635402304053,-277.599391793483,-277.5297845439918
-0.5405534279164913,-278.1399452213995,-278.0703379719083
-0.38455900000000465,-278.5245042213995,-278.45489697190834
-0.30772014162557737,-278.8322243630251,-278.7626171135339
-0.43010760910076773,-279.2623319721259,-279.1927247226347
-0.5733343388079954,-279.83566631093385,-279.76605906144266
-0.27924000000000204,-280.11490631093386,-280.0452990614427
-0.2775473960735859,-280.39245370700746,-280.3228464575163
-0.18236833591194468,-280.5748220429194,-280.5052147934282
-0.41232366000001486,-280.9871457029194,-280.9175384534282
-0.21785398723196364,-281.2049996901514,-281.1353924406602
-0.32744000359996167,-281.53243969375137,-281.4628324442602
-0.3621763944799551,-281.8946160882313,-281.82500883874013
-0.3374000080639966,-282.2320160962953,-282.1624088468041
-0.207312559999997,-282.4393286562953,-282.3697214068041
-0.3778293199999857,-282.8171579762953,-282.7475507268041
-0.3607316193919905,-283.17788959568725,-283.10828234619606
-0.30182511391435723,-283.4797147096016,-283.4101074601104
-0.18357691176959406,-283.6632916213712,-283.59368437188
-0.2634799904000046,-283.9267716117712,-283.85716436228
-0.21264160000000512,-284.13941321177117,-284.06980596228
-0.1322400092604072,-284.27165322103156,-284.2020459715404
-0.24715206162397152,-284.51880528265553,-284.44919803316435
-0.1431763580479793,-284.6619816407035,-284.59237439121233
-0.3953091150847993,-285.0572907557883,-284.9876835062971
-0.17834697143997935,-285.23563772722827,-285.1660304777371
-0.10464731209438269,-285.3402850393226,-285.27067778983144
-0.3571569354079643,-285.69744197473057,-285.6278347252394
-0.40109796459997915,-286.0985399393305,-286.02893268983934
-0.3127371365519719,-286.4112770758825,-286.3416698263913
0.01965497763834434,-286.3916220982441,-286.32201484875293
-0.3786082625279306,-286.770230360772,-286.70062311128083
-0.46083923587519215,-287.2310695966472,-287.16146234715603
-0.20116198128000393,-287.4322315779272,-287.362624328436
-0.3576596052791725,-287.7898911832064,-287.7202839337152
-0.16591236539197388,-287.9558035485984,-287.8861962991072
-0.3439700343199877,-288.29977358291836,-288.2301663334272
-0.2895710997423431,-288.5893446826607,-288.5197374331695
-0.12769958017600241,-288.7170442628367,-288.6474370133455
-0.22229246147996584,-288.93933672431666,-288.8697294748255
-0.23841393535513888,-289.1777506596718,-289.1081434101806
-0.37827135999995765,-289.5560220196718,-289.4864147701806
-0.21178079999998461,-289.7678028196718,-289.6981955701806
-0.2786041599999656,-290.04640697967176,-289.9767997301806
-0.29712599999996747,-290.34353297967175,-290.27392573018057
-0.1853578714240084,-290.52889085109575,-290.45928360160457
-0.22303998079997728,-290.7519308318957,-290.68232358240454
-0.3539885871839904,-291.1059194190797,-291.03631216958854
-0.5271442055527262,-291.6330636246324,-291.56345637514124
-0.5303439333999841,-292.1634075580324,-292.09380030854123
-0.5400295170399596,-292.7034370750724,-292.6338298255812
-0.6448647429223875,-293.34830181799475,-293.27869456850357
-0.27838500000001093,-293.62668681799477,-293.5570795685036
-0.4077794400000147,-294.0344662579948,-293.9648590085036
-0.2790319999999904,-294.31349825799475,-294.24389100850357
-0.49818674993980666,-294.81168500793456,-294.7420777584434
-0.7594764580759551,-295.5711614660105,-295.5015542165193
-0.4035761327975822,-295.9747375988081,-295.9051303493169
-0.3510244984399865,-296.32576209724806,-296.2561548477569
-0.32806873370875317,-296.6538308309568,-296.5842235814656
-0.44021717577596015,-297.09404800673275,-297.02444075724156
-0.7339748344559128,-297.82802284118867,-297.7584155916975
-0.34087693639997235,-298.16889977758865,-298.09929252809746
-1.6161462551863743,-299.785046032775,-299.71543878328384
-0.6093520017575702,-300.39439803453257,-300.3247907850414
-0.9409745499791657,-301.33537258451173,-301.26576533502055
-0.03217399902227444,-301.367546583534,-301.29793933404284
-0.30189798012798275,-301.669444563662,-301.5998373141708
-0.32550718425596115,-301.994951747918,-301.9253444984268
-0.22598995535992716,-302.2209417032779,-302.1513344537867
-0.28253999999998847,-302.5034817032779,-302.4338744537867
-0.2722305599999981,-302.7757122632779,-302.7061050137867
-0.2886392183359857,-303.06435148161387,-302.9947442321227
-0.31417700407998506,-303.37852848569383,-303.30892123620265
-0.31053399999996667,-303.6890624856938,-303.6194552362026
-0.46110901281597044,-304.1501714985098,-304.0805642490186
-0.5255064119519521,-304.67567791046173,-304.60607066097054
-0.2569749867999833,-304.93265289726173,-304.86304564777055
-0.27546501295677334,-305.2081179102185,-305.1385106607273
-0.40105439999996295,-305.60917231021847,-305.5395650607273
-0.0753110212583768,-305.6844833314768,-305.61487608198564
-0.16293718508560237,-305.8474205165624,-305.7778132670712
-0.20105798127999813,-306.0484784978424,-305.9788712483512
-0.401277804771176,-306.44975630261354,-306.38014905312235
-0.32025353660960576,-306.7700098392231,-306.70040258973194
-0.7028935325119312,-307.4729033717351,-307.4032961222439
-0.28439519539200364,-307.75729856712707,-307.6876913176359
-0.28221359999996654,-308.03951216712704,-307.96990491763586
-0.5338565015263818,-308.5733686686534,-308.50376141916223
-0.9235930062399622,-309.4969616748934,-309.4273544254022
-0.2720195999999985,-309.7689812748934,-309.6993740254022
-0.23705415287677303,-310.0060354277702,-309.936428178279
-0.678002585627985,-310.6840380133982,-310.614430763907
-0.32074971251986556,-311.00478772591805,-310.93518047642686
-0.4327700845899045,-311.43755781050794,-311.36795056101676
-0.3019895999999603,-311.7395474105079,-311.6699401610167
-0.6753198959199107,-312.4148673064278,-312.34526005693664
-0.4568805628799606,-312.8717478693078,-312.8021406198166
-0.17851899471999091,-313.0502668640278,-312.9806596145366
-0.30687499880001046,-313.3571418628278,-313.2875346133366
-0.27350985110393045,-313.63065171393174,-313.56104446444056
-0.1910518004975793,-313.8217035144293,-313.75209626493813
-0.7865231462400353,-314.60822666066935,-314.53861941117816
-0.8076549042911743,-315.4158815649605,-315.3462743154693
-0.388888219151995,-315.8047697841125,-315.73516253462134
-1.2447582922392164,-317.04952807635175,-316.97992082686056
-0.46836354428000376,-317.51789162063176,-317.4482843711406
-0.4805614714320298,-317.9984530920638,-317.9288458425726
-0.32181601267201093,-318.3202691047358,-318.25066185524463
-0.5912664455039432,-318.91153555023976,-318.8419283007486
-0.13157998183679767,-319.04311553207657,-318.9735082825854
-0.3155841115439901,-319.3586996436206,-319.2890923941294
-0.41518079999998003,-319.77388044362056,-319.70427319412937
-0.27192508000001336,-320.0458055236206,-319.9761982741294
-0.10597383793757953,-320.15177936155817,-320.082172112067
-0.2359414856591805,-320.38772084721734,-320.31811359772615
-0.4206038200000006,-320.80832466721733,-320.73871741772615
-0.5097666493919856,-321.3180913166093,-321.2484840671181
-0.29736399999999286,-321.6154553166093,-321.54584806711813
-0.37899999999996287,-321.9944553166093,-321.9248480671181
-0.3556956074880081,-322.3501509240973,-322.2805436746061
-0.329995734878372,-322.6801466589757,-322.6105394094845
-0.10937175086158132,-322.7895184098372,-322.71991116034604
-0.174963197432806,-322.96448160727005,-322.89487435777886
-0.7539316847104098,-323.7184132919805,-323.6488060424893
-0.26279099351996815,-323.98120428550044,-323.91159703600925
-0.5943236929919451,-324.5755279784924,-324.5059207290012
-0.36614152803279837,-324.9416695065252,-324.87206225703403
-0.5242355152799338,-325.46590502180516,-325.39629777231397
-0.37477442534397176,-325.8406794471491,-325.77107219765793
-0.3802199948159597,-326.22089944196506,-326.1512921924739
-0.9219769022399508,-327.14287634420504,-327.07326909471385
-0.24291737183521322,-327.38579371604027,-327.3161864665491
-0.47362963031998184,-327.85942334636024,-327.78981609686906
-0.20501588831279216,-328.06443923467305,-327.99483198518186
-0.2593720513087892,-328.32381128598183,-328.25420403649065
-0.3824490203999807,-328.7062603063818,-328.6366530568906
-0.30372899999999525,-329.0099893063818,-328.9403820568906
-0.3788999999999839,-329.38888930638177,-329.3192820568906
-0.3213039037979124,-329.7101932101797,-329.6405859606885
-0.28163927999999044,-329.99183249017966,-329.9222252406885
-0.389534615599997,-330.38136710577965,-330.31175985628846
-0.599855482456765,-330.9812225882364,-330.9116153387452
-0.39558807999998147,-331.3768106682364,-331.3072034187452
-0.28038507999996887,-331.65719574823635,-331.58758849874516
-0.3046896606423932,-331.96188540887874,-331.89227815938756
-0.21071007768001349,-332.17259548655875,-332.10298823706756
-0.2545574861999876,-332.42715297275873,-332.35754572326755
-0.2585176696399611,-332.6856706423987,-332.6160633929075
-0.21244897960001452,-332.8981196219987,-332.82851237250753
-0.2897639999999708,-333.1878836219987,-333.1182763725075
-0.2593940116895651,-333.44727763368826,-333.3776703841971
-0.054469747727985254,-333.50174738141624,-333.43214013192505
1.098399952644039,-332.4033474287722,-332.333740179281
-0.25157186090401673,-332.6549192896762,-332.585312040185
-0.4047462146559966,-333.05966550433214,-332.99005825484096
-0.18530866337197746,-333.24497416770413,-333.17536691821294
-0.2724285820800017,-333.51740274978414,-333.44779550029295
-0.2676450000000126,-333.78504774978416,-333.71544050029297
-0.16285630817277483,-333.9479040579569,-333.87829680846573
-0.41496319999996545,-334.3628672579569,-334.2932600084657
-0.37293935279995216,-334.73580661075687,-334.6661993612657
-0.39647228291189085,-335.13227889366874,-335.06267164417756
-0.11383043195996038,-335.2461093256287,-335.1765020761375
-0.208628980559989,-335.4547383061887,-335.3851310566975
-0.16674872510718153,-335.6214870312959,-335.5518797818047
-0.25656478112157427,-335.8780518124175,-335.8084445629263
-0.1169608492919485,-335.99501266170944,-335.92540541221825
-0.40447963583996316,-336.3994922975494,-336.3298850480582
-0.11467151080066361,-336.5141638083501,-336.4445565588589
-0.11030216212798272,-336.62446597047807,-336.5548587209869
0.08537809235201593,-336.53908787812605,-336.46948062863487
0.07032129763202999,-336.46876658049405,-336.39915933100286
-0.30351718799998284,-336.77228376849405,-336.70267651900286
-0.3116550000000007,-337.083938768494,-337.01433151900284
-0.3773836799999666,-337.461322448494,-337.3917151990028
-0.2970919999999897,-337.75841444849397,-337.6888071990028
-0.5403933427200006,-338.29880779121396,-338.2292005417228
-0.36023829079035663,-338.6590460820043,-338.5894388325131
-0.20425607999999004,-338.8633021620043,-338.7936949125131
-0.31556437828240075,-339.17886654028666,-339.1092592907955
-0.49687537107995505,-339.67574191136663,-339.60613466187544
-0.46259251928481043,-340.1383344306514,-340.0687271811602
-0.6535478895359204,-340.7918823201873,-340.7222750706961
-0.8383932030791987,-341.6302755232665,-341.5606682737753
-0.2956950599999739,-341.92597058326646,-341.8563633337753
-0.3862103999999631,-342.31218098326644,-342.24257373377526
-0.29659392000000045,-342.60877490326646,-342.5391676537753
-0.487114664191957,-343.0958895674584,-343.02628231796723
-0.13079560395788206,-343.2266851714163,-343.1570779219251
-0.40310563472001376,-343.6297908061363,-343.56018355664514
-0.3990252289440115,-344.02881603508035,-343.95920878558917
-0.1347439614191949,-344.16355999649954,-344.09395274700836
-0.5929600296959261,-344.75652002619546,-344.6869127767043
-0.18682684964798352,-344.9433468758434,-344.87373962635223
-0.2356019870399917,-345.17894886288343,-345.10934161339225
-0.11901272825359904,-345.29796159113704,-345.22835434164585
-0.3079730471547174,-345.6059346382917,-345.53632738880054
-0.6074236729759708,-346.2133583112677,-346.1437510617765
-0.41822819999995886,-346.63158651126764,-346.56197926177646
-0.22922944418878963,-346.8608159554564,-346.79120870596523
-0.34598789032799204,-347.2068038457844,-347.1371965962932
-0.2675780230975734,-347.474381868882,-347.4047746193908
-0.6716389549840275,-348.146020823866,-348.07641357437484
0.17561402477044175,-347.9704067990956,-347.9007995496044
-0.2929400800000056,-348.2633468790956,-348.1937396296044
-0.21204231999999051,-348.47538919909556,-348.4057819496044
-0.1284839800799905,-348.60387317917554,-348.53426592968435
-0.3354269877599773,-348.93930016693554,-348.86969291744435
-0.15624268768798685,-349.09554285462355,-349.02593560513236
-0.9555475391535679,-350.0510903937771,-349.9814831442859
-0.35334997588800277,-350.4044403696651,-350.3348331201739
-0.3219580097440089,-350.72639837940915,-350.65679112991796
-0.5502112591359957,-351.27660963854515,-351.20700238905397
-0.7095145957151969,-351.98612423426033,-351.91651698476915
-0.8167740364799985,-352.80289827074034,-352.73329102124916
-0.4192745497999895,-353.2221728205403,-353.15256557104914
-0.2697710037719713,-353.4919438243123,-353.4223365748211
-0.5516323880407729,-354.04357621235306,-353.9739689628619
-0.7992430136063832,-354.84281922595943,-354.77321197646825
-0.13915646589596026,-354.9819756918554,-354.9123684423642
-0.43885497815998664,-355.4208306700154,-355.3512234205242
-0.16839589531862875,-355.589226565334,-355.5196193158428
-0.2501706864399983,-355.839397251774,-355.76979000228283
-0.19916861576553035,-356.03856586753955,-355.96895861804836
-0.2462109877600005,-356.2847768552995,-356.21516960580834
-0.20036215583998895,-356.4851390111395,-356.4155317616483
-0.24190396236799624,-356.7270429735075,-356.6574357240163
-0.1864213296167678,-356.9134643031243,-356.8438570536331
-0.10148161930560427,-357.0149459224299,-356.9453386729387
-0.1809047675519749,-357.19585068998185,-357.12624344049067
-0.16352487139201605,-357.3593755613739,-357.2897683118827
-0.2842739755200151,-357.6436495368939,-357.57404228740273
-0.6728051487759777,-358.3164546856699,-358.2468474361787
-0.4541618962240252,-358.77061658189393,-358.70100933240275
-0.38070815999995367,-359.15132474189386,-359.0817174924027
-0.2971135999999937,-359.44843834189385,-359.37883109240266
-0.5348033481599783,-359.98324169005383,-359.91363444056265
-0.42964954323194615,-360.4128912332858,-360.3432839837946
-0.5180648538559784,-360.9309560871418,-360.8613488376506
-0.39620339999998766,-361.3271594871418,-361.2575522376506
-0.337583352563136,-361.6647428397049,-361.5951355902137
-0.6434954199999586,-362.30823825970486,-362.2386310102137
-0.5007826854709101,-362.8090209451758,-362.7394136956846
-0.49734089793838,-363.3063618431142,-363.236754593623
-0.47993571542398933,-363.7862975585382,-363.716690309047
-0.6729031776951706,-364.45920073623336,-364.38959348674217
-0.4578489075327058,-364.91704964376606,-364.8474423942749
-0.27869997600003704,-365.1957496197661,-365.1261423702749
-0.7539371055359223,-365.949686725302,-365.8800794758108
-0.6463643614719575,-366.59605108677397,-366.5264438372828
-0.3781821093999716,-366.97423319617394,-366.90462594668276
-0.4434752107519875,-367.41770840692595,-367.34810115743477
-0.2855153200000105,-367.70322372692596,-367.63361647743477
-0.41848185970081386,-368.1217055866268,-368.0520983371356
-1.1609688175359445,-369.2826744041627,-369.21306715467153
-0.27098513999997004,-369.5536595441627,-369.4840522946715
-0.3438720129599854,-369.8975315571227,-369.8279243076315
-0.34104958617596093,-370.2385811432987,-370.1689738938075
-0.26723999999999054,-370.5058211432987,-370.4362138938075
-0.3814867799999866,-370.8873079232987,-370.8177006738075
-0.2721505627142282,-371.1594584860129,-371.0898512365217
-0.3307714279631824,-371.49022991397607,-371.4206226644849
-0.35078400863998765,-371.84101392261607,-371.7714066731249
-0.28957185511199235,-372.1305857777281,-372.0609785282369
-0.3212279538479964,-372.45181373157607,-372.3822064820849
-0.42002151400319465,-372.87183524557923,-372.80222799608805
-0.12026224002234473,-372.99209748560156,-372.9224902361104
-0.31381351029601556,-373.3059109958976,-373.2363037464064
-0.29739799999997063,-373.6033089958976,-373.5337017464064
-0.27775679078397986,-373.8810657866816,-373.8114585371904
-0.39620339999998766,-374.27726918668156,-374.2076619371904
-0.7635303866879233,-375.0407995733695,-374.9711923238783
-0.38573856769839004,-375.4265381410679,-375.3569308915767
-0.30135562093437784,-375.7278937620023,-375.6582865125111
-0.23587198704000678,-375.9637657490423,-375.8941584995511
-0.17002549004000025,-376.1337912390823,-376.06418398959113
-0.23186174402560733,-376.3656529831079,-376.2960457336167
-0.24164238214398262,-376.6072953652519,-376.5376881157607
-0.27344495539204194,-376.88074032064395,-376.81113307115277
-0.19252214445915533,-377.0732624651031,-377.0036552156119
-0.48563627724794967,-377.55889874235106,-377.4892914928599
-0.39861359942396535,-377.95751234177504,-377.88790509228386
-0.36468511873274123,-378.32219746050777,-378.2525902110166
-0.13166151883680313,-378.45385897934455,-378.38425172985336
-0.6567121528799624,-379.1105711322245,-379.0409638827333
-0.30998500600000334,-379.42055613822447,-379.3509488887333
-0.5231903341591787,-379.9437464723836,-379.87413922289244
0.04364049165599371,-379.90010598072763,-379.83049873123645
-0.32781715217515095,-380.2279231329028,-380.1583158834116
-1.3278042630400089,-381.5557273959428,-381.48612014645164
-0.431325934775983,-381.9870533307188,-381.91744608122764
-0.2850199999999987,-382.2720733307188,-382.2024660812276
-0.29751699999999437,-382.56959033071877,-382.4999830812276
-0.5257142179199557,-383.09530454863875,-383.02569729914757
-0.8463527610984076,-383.94165730973714,-383.87205006024595
-0.6548874170399821,-384.5965447267771,-384.5269374772859
-0.5000739621695801,-385.0966186889467,-385.0270114394555
-1.0481625794079186,-386.1447812683546,-386.07517401886344
-0.4983347679232029,-386.64311603627783,-386.57350878678665
-0.4729057265203064,-387.11602176279814,-387.04641451330696
-0.6414014959199835,-387.7574232587181,-387.68781600922694
-0.284579975519996,-388.0420032342381,-387.9723959847469
-0.6185178473280242,-388.6605210815661,-388.59091383207493
-0.3602751907839904,-389.0207962723501,-388.9511890228589
-0.26682417082555393,-389.2876204431756,-389.21801319368444
-0.16148623638766973,-389.4491066795633,-389.3794994300721
-0.28099341553917145,-389.73010009510244,-389.66049284561126
-0.10102854916796897,-389.8311286442704,-389.7615213947792
-0.284375975519971,-390.1155046197904,-390.0458973702992
-0.3539401419135101,-390.46944476170387,-390.3998375122127
-0.3845775023440183,-390.8540222640479,-390.7844150145567
-0.5090537985920417,-391.36307606263995,-391.29346881314876
-0.6777848002559238,-392.0408608628959,-391.9712536134047
-0.2793803599999984,-392.3202412228959,-392.2506339734047
-0.5435778947759851,-392.8638191176719,-392.7942118681807
-0.537624187263966,-393.40144330493587,-393.3318360554447
-0.34588807296001955,-393.7473313778959,-393.6777241284047
-0.6769180790799543,-394.4242494569758,-394.35464220748463
-0.3221328126719735,-394.74638226964777,-394.6767750201566
-0.5470548105599773,-395.29343708020775,-395.22382983071657
-0.3148425539863801,-395.6082796341941,-395.5386723847029
-0.6347974226799359,-396.24307705687403,-396.17346980738284
-0.6168404872079819,-396.859917544082,-396.7903102945908
-0.21296439999997946,-397.072881944082,-397.0032746945908
-0.6126149486927863,-397.6854968927748,-397.6158896432836
-0.27606279711793574,-397.96155968989274,-397.89195244040155
-1.4791682903039938,-399.44072798019675,-399.37112073070557
0.535954355484819,-398.90477362471194,-398.83516637522075
-0.8112777177600079,-399.7160513424719,-399.64644409298074
-0.17180096606394463,-399.88785230853586,-399.81824505904467
-0.2890270787615838,-400.17687938729745,-400.10727213780626
-0.5102402488159842,-400.68711963611344,-400.61751238662225
-0.08591072209601397,-400.77303035820944,-400.70342310871825
-0.7601506775999816,-401.53318103580943,-401.46357378631825
-0.38857589999999115,-401.9217569358094,-401.8521496863182
-0.5310360518400107,-402.45279298764945,-402.38318573815826
-0.5337552633600079,-402.9865482510095,-402.9169410015183
-0.8204072282518805,-403.8069554792614,-403.7373482297702
-0.9899503067663691,-404.79690578602776,-404.7272985365366
-0.43742701224001135,-405.23433279826776,-405.1647255487766
-0.4545199823119907,-405.68885278057974,-405.61924553108855
-0.7802545825279844,-406.4691073631077,-406.3995001136165
-0.6673772396159298,-407.1364846027236,-407.0668773532324
-0.32443797988796164,-407.4609225826116,-407.3913153331204
-0.3481432702079548,-407.8090658528196,-407.7394586033284
-0.3570251999999495,-408.1660910528195,-408.09648380332834
-0.2154863758080149,-408.38157742862757,-408.3119701791364
-1.5655735641168027,-409.94715099274435,-409.87754374325317
-0.16625249099998796,-410.1134034837443,-410.04379623425314
-0.3091238204351747,-410.4225273041795,-410.3529200546883
-0.279719880000004,-410.7022471841795,-410.6326399346883
-0.09192929174397046,-410.79417647592345,-410.72456922643227
-0.09875245010396475,-410.8929289260274,-410.82332167653624
-0.31573157302400146,-411.2086604990514,-411.1390532495602
-0.2348286825023736,-411.4434891815538,-411.3738819320626
-0.054301015835982375,-411.49779019738975,-411.42818294789856
-0.19809018050238086,-411.69588037789214,-411.62627312840095
-0.33764761022397427,-412.03352798811613,-411.96392073862495
-0.46331670239997025,-412.4968446905161,-412.42723744102494
-0.5490800888320544,-413.0459247793482,-412.976317529857
-0.429619206911956,-413.47554398626016,-413.405936736769
-0.29149967999997145,-413.7670436662601,-413.69743641676894
-0.6606390679543723,-414.4276827342145,-414.3580754847233
-0.3159711999999869,-414.7436539342145,-414.6740466847233
-0.3236964895512111,-415.0673504237657,-414.9977431742745
-0.4898737070735734,-415.55722413083924,-415.48761688134806
-0.3016040599999875,-415.85882819083923,-415.78922094134805
-0.18415579303998098,-416.0429839838792,-415.973376734388
-0.29377279999997374,-416.3367567838792,-416.267149534388
-0.38280555310401576,-416.7195623369832,-416.649955087492
-1.3012104806399842,-418.0207728176232,-417.951165568132
-0.5405316269759767,-418.56130444459916,-418.491697195108
-0.4172987862544026,-418.97860323085354,-418.90899598136235
-0.2624496157679995,-419.2410528466215,-419.17144559713034
-0.4766543871888117,-419.71770723381036,-419.6480999843192
-0.6296165814959462,-420.3473238153063,-420.2777165658151
-0.3222120467743931,-420.6695358620807,-420.5999286125895
-0.28587156000000197,-420.95540742208067,-420.8858001725895
-0.37082882505599307,-421.32623624713665,-421.25662899764546
-0.5744844440639869,-421.90072069120066,-421.8311134417095
-0.501046825919955,-422.4017675171206,-422.33216026762943
-0.9271883486719747,-423.3289558657926,-423.2593486163014
-0.8185407826559854,-424.14749664844857,-424.0778893989574
-0.37910651697404896,-424.5266031654226,-424.45699591593143
-0.4996674262719499,-425.0262705916946,-424.9566633422034
-0.9782160493139072,-426.0044866410085,-425.9348793915173
-0.515562044815984,-426.52004868582446,-426.4504414363333
-0.7724826818399402,-427.2925313676644,-427.22292411817324
-0.24879001079998764,-427.54132137846443,-427.47171412897325
-0.6246862227759599,-428.1660076012404,-428.0964003517492
-0.19590162145440038,-428.3619092226948,-428.2923019732036
-0.5056629045759434,-428.86757212727076,-428.7979648777796
-0.4562586712319567,-429.32383079850274,-429.25422354901156
-0.3859776233999692,-429.7098084219027,-429.64020117241154
-0.23529748351198043,-429.9451059054147,-429.87549865592354
-0.40410369999996276,-430.34920960541467,-430.2796023559235
-0.507446799999949,-430.85665640541464,-430.78704915592346
-0.7332481550399932,-431.5899045604546,-431.52029731096343
-0.6718338362176146,-432.26173839667223,-432.19213114718104
-0.23958201046397437,-432.5013204071362,-432.431713157645
-0.28269092160317877,-432.7840113287394,-432.7144040792482
-0.27754066084159235,-433.06155198958095,-432.99194474008976
-0.34569151475999377,-433.40724350434095,-433.33763625484977
-0.2832983999999794,-433.69054190434093,-433.62093465484975
-0.2684939999999761,-433.9590359043409,-433.8894286548497
-0.43212052979676663,-434.39115643413766,-434.32154918464647
-0.21002400000000165,-434.60118043413763,-434.53157318464645
-0.42239766547195373,-435.0235780996096,-434.9539708501184
-0.37992911385597594,-435.40350721346556,-435.3338999639744
-0.24032984748422292,-435.6438370609498,-435.5742298114586
-0.7997458063359881,-436.4435828672858,-436.3739756177946
-0.2083014626083105,-436.6518843298941,-436.5822770804029
-0.23824491097599365,-436.89012924087007,-436.8205219913789
-0.3032825599999942,-437.1934118008701,-437.1238045513789
-0.2803859999999881,-437.47379780087005,-437.40419055137886
-0.6932382110079668,-438.167036011878,-438.0974287623868
-0.31797877283200143,-438.48501478471,-438.41540753521883
-0.28309399999996576,-438.76810878470997,-438.6985015352188
-0.39117806000000827,-439.15928684471,-439.0896795952188
-0.6779806540799822,-439.83726749878997,-439.7676602492988
-0.35710680575997195,-440.19437430454997,-440.1247670550588
-0.27266400000000274,-440.46703830455,-440.3974310550588
0.04075204110326458,-440.42628626344674,-440.35667901395556
-0.33236393932798247,-440.75865020277473,-440.68904295328355
-0.30392879999995687,-441.06257900277467,-440.9929717532835
-0.19778237158399042,-441.26036137435864,-441.19075412486745
-0.47420745895039657,-441.734568833309,-441.66496158381784
-0.20693650261599067,-441.941505335925,-441.8718980864338
0.32798778902918124,-441.6135175468958,-441.54391029740464
-0.48326421035992967,-442.09678175725577,-442.0271745077646
-0.3595343910840104,-442.4563161483398,-442.3867088988486
-0.6898352508159145,-443.1461513991557,-443.0765441496645
-0.46245847356800146,-443.6086098727237,-443.53900262323253
-0.8223430222391439,-444.43095289496284,-444.36134564547166
-0.41574376823994863,-444.8466966632028,-444.7770894137116
-0.6333581598791581,-445.48005482308196,-445.4104475735908
-0.6396000320415525,-446.1196548551235,-446.0500476056323
-0.7013226216319663,-446.82097747675544,-446.75137022726426
-0.4644183801599531,-447.2853958569154,-447.2157886074242
-0.3130175999999865,-447.59841345691535,-447.52880620742417
-0.2991413999999585,-447.8975548569153,-447.8279476074241
-0.3105647999999559,-448.20811965691524,-448.13851240742406
-0.2575301680140695,-448.4656498249293,-448.3960425754381
-0.8287011592495805,-449.2943509841789,-449.2247437346877
-0.169418814916789,-449.4637697990957,-449.3941625496045
-0.6519941706023887,-450.1157639696981,-450.0461567202069
-0.3701446424031929,-450.4859086121013,-450.4163013626101
-0.3088051469567989,-450.7947137590581,-450.7251065095669
-0.9407845670399654,-451.735498326098,-451.66589107660684
-0.8417106448640412,-452.5772089709621,-452.5076017214709
-0.477145228799975,-453.0543541997621,-452.9847469502709
-0.17008346443917133,-453.2244376642013,-453.1548304147101
-0.04774172536320295,-453.2721793895645,-453.2025721400733
-0.10300055915200801,-453.3751799487165,-453.3055726992253
-0.24997921094397652,-453.6251591596605,-453.5555519101693
-0.4486783790170923,-454.0738375386776,-454.0042302891864
-0.36570551420317127,-454.43954305288077,-454.3699358033896
-0.43975662057596887,-454.8792996734567,-454.80969242396554
-0.21299727793997636,-455.0922969513967,-455.0226897019055
-0.864134208263978,-455.95643115966067,-455.8868239101695
-0.20834477407999882,-456.16477593374066,-456.0951686842495
-0.7790141412959395,-456.9437900750366,-456.8741828255454
-0.3198936196191787,-457.26368369465575,-457.19407644516457
-0.04864736496958581,-457.31233105962536,-457.2427238101342
-0.2059159999999917,-457.51824705962537,-457.4486398101342
-0.25547426407996243,-457.77372132370533,-457.70411407421415
-0.9536769285599009,-458.72739825226523,-458.65779100277405
-0.5038154241103043,-459.23121367637555,-459.16160642688436
-0.5737275939559627,-459.8049412703315,-459.7353340208403
-0.20597999999999983,-460.0109212703315,-459.9413140208403
-0.39705600000000935,-460.4079772703315,-460.33837002084033
-0.4094934363519238,-460.8174707066834,-460.74786345719224
-0.6017675624959232,-461.41923826917935,-461.34963101968816
-0.2851979999999759,-461.7044362691793,-461.63482901968814
-0.87216554919355,-462.57660181837286,-462.5069945688817
-0.17443565203676092,-462.75103747040964,-462.68143022091846
-0.14019719416956028,-462.8912346645792,-462.821627415088
-0.6354898870240148,-463.5267245516032,-463.457117302112
-0.17439878413679893,-463.70112333574,-463.63151608624884
-0.3704082591839674,-464.071531594924,-464.0019243454328
-0.5394181124327959,-464.6109497073568,-464.5413424578656
-0.7050003212160195,-465.3159500285728,-465.2463427790816
-0.2760591904000071,-465.5920092189728,-465.5224019694816
-0.6440282376079521,-466.23603745658073,-466.16643020708955
-0.3469032362879786,-466.5829406928687,-466.5133334433775
-0.1531822291327891,-466.73612292200147,-466.6665156725103
-0.3918670266399732,-467.12798994864147,-467.0583826991503
-0.38234241689600057,-467.51033236553747,-467.4407251160463
-0.43684404297641066,-467.9471764085139,-467.8775691590227
-0.47150529950718334,-468.41868170802104,-468.34907445852986
-0.3442031873279676,-468.76288489534903,-468.69327764585785
-0.7639531082399722,-469.526838003589,-469.4572307540978
-0.5752416422400237,-470.102079645829,-470.0324723963378
-0.30981119846400496,-470.411890844293,-470.3422835948018
-0.4666278561119748,-470.878518700405,-470.8089114509138
-0.5528061646799582,-471.43132486508495,-471.36171761559376
-0.14402318874397932,-471.5753480538289,-471.50574080433773
-0.1898986705520173,-471.7652467243809,-471.69563947488973
-0.4312151674879768,-472.19646189186886,-472.1268546423777
-0.8276177966243458,-473.0240796884932,-472.954472439002
-0.12637554971517953,-473.1504552382084,-473.0808479887172
-0.10859440865513395,-473.2590496468635,-473.1894423973723
-0.6461026900296096,-473.90515233689314,-473.83554508740195
-0.22862710852000878,-474.13377944541315,-474.06417219592197
-0.34222803168000815,-474.47600747709316,-474.406400227602
-0.296884020159996,-474.77289149725317,-474.703284247762
-0.42007193669599757,-475.19296343394916,-475.123356184458
-1.0550835142559976,-476.2480469482052,-476.178439698714
-0.41227801290396476,-476.66032496110915,-476.59071771161797
-1.0832540685410057,-477.74357902965016,-477.673971780159
-1.010278476475944,-478.7538575061261,-478.6842502566349
-0.5812404661439665,-479.3350979722701,-479.2654907227789
-0.28105002111997834,-479.6161479933901,-479.5465407438989
-1.3216839924429276,-480.937831985833,-480.8682247363418
-0.9512177447039649,-481.88904973053695,-481.81944248104577
-0.3579744376319839,-482.24702416816893,-482.17741691867775
-0.3323411917223627,-482.5793653598913,-482.5097581104001
-0.6921469039800181,-483.27151226387133,-483.20190501438015
1.8627998565624415,-481.4087124073089,-481.3391051578177
-0.15130738896556786,-481.56001979627445,-481.49041254678326
-1.1731230023039343,-482.7331427985784,-482.6635355490872
-0.18088994758801266,-482.9140327461664,-482.8444254966752
-0.2817368000000021,-483.1957695461664,-483.1261622966752
-0.20121919999998178,-483.39698874616636,-483.3273814966752
-0.0878021991319875,-483.48479094529836,-483.4151836958072
-0.27525780000000555,-483.7600487452984,-483.6904414958072
-0.17904779659198886,-483.93909654189036,-483.8694892923992
-0.2504351628799927,-484.18953170477033,-484.11992445527915
-0.23625928351196102,-484.4257909882823,-484.3561837387911
-0.6182999285119778,-485.0440909167943,-484.9744836673031
-0.6537763153039771,-485.69786723209825,-485.62825998260706
-0.29893820580799224,-485.99680543790623,-485.92719818841505
-0.4305279647615747,-486.4273334026678,-486.3577261531766
-0.9584263170942957,-487.38575971976206,-487.3161524702709
0.7808859741999961,-486.6048737455621,-486.5352664960709
-0.23108498036799793,-486.8359587259301,-486.7663514764389
-0.30227086511997064,-487.13822959105005,-487.06862234155886
-0.12070747218885114,-487.2589370632389,-487.1893298137477
-0.3323411917223627,-487.59127825496125,-487.52167100547007
-0.9600557827559733,-488.55133403771725,-488.48172678822607
-0.11517198115582668,-488.66650601887306,-488.5968987693819
-0.42587330328001083,-489.0923793221531,-489.0227720726619
-0.13816896644795323,-489.230548288601,-489.16094103910984
-0.02403679365353173,-489.25458508225455,-489.18497783276337
0.06993097029603201,-489.18465411195854,-489.11504686246735
-0.2591557555744105,-489.44380986753293,-489.37420261804175
-0.25339598483199544,-489.6972058523649,-489.6275986028737
-0.23292058996797005,-489.9301264423329,-489.8605191928417
-1.4659275217439596,-491.3960539640768,-491.32644671458564
-0.27509747999997824,-491.6711514440768,-491.60154419458564
-0.2310052432089767,-491.9021566872858,-491.8325494377946
-0.18725342399998376,-492.0894101112858,-492.01980286179463
-0.5251412261759967,-492.6145513374618,-492.54494408797063
-0.41787702684641037,-493.0324283643082,-492.962821114817
-2.296868146070324,-495.3292965103785,-495.25968926088734
-0.24023235279995697,-495.5695288631785,-495.4999216136873
-0.5018971855359688,-496.0714260487145,-496.0018187992233
-0.35430047183993346,-496.4257265205544,-496.3561192710632
-0.3788989003359673,-496.8046254208904,-496.7350181713992
-0.4807812202223519,-497.28540664111273,-497.21579939162154
-0.5246679127679904,-497.8100745538807,-497.74046730438954
-0.3503384684799836,-498.16041302236073,-498.09080577286954
-0.3749464140160077,-498.5353594363767,-498.46575218688554
-0.3157236034559735,-498.8510830398327,-498.7814757903415
-0.2593445355695787,-499.1104275754023,-499.0408203259111
-0.19199298046399058,-499.30242055586626,-499.2328133063751
-0.23485833946398507,-499.53727889533025,-499.46767164583906
-0.08208920630720307,-499.61936810163746,-499.5497608521463
-0.6589294242399784,-500.27829752587746,-500.2086902763863
-0.4313519976672272,-500.70964952354467,-500.6400422740535
-0.9255540278942086,-501.6352035514389,-501.5655963019477
-0.34914004344000005,-501.9843435948789,-501.9147363453877
-0.5745935121127741,-502.55893710699166,-502.4893298575005
-0.21806073695998157,-502.7769978439516,-502.70739059446043
-3.0274057428383943,-505.80440358679,-505.7347963372988
-0.5917729107040071,-506.39617649749397,-506.3265692480028
-0.23172748379998698,-506.62790398129397,-506.5582967318028
-0.6564516225919621,-507.28435560388596,-507.21474835439477
-0.41391717347200735,-507.69827277735794,-507.62866552786676
-0.2829674411557539,-507.9812402185137,-507.9116329690225
-0.48068162282550203,-508.4619218413392,-508.392314591848
-0.2644683168959582,-508.7263901582351,-508.65678290874393
-0.1867130145711986,-508.9131031728063,-508.8434959233151
-0.3604893645120063,-509.27359253731834,-509.20398528782715
-0.19984004636641553,-509.47343258368477,-509.4038253341936
-0.5434085659199539,-510.0168411496047,-509.94723390011353
-0.7009107852607365,-510.7177519348655,-510.6481446853743
-0.8958261759999611,-511.61357811086543,-511.54397086137425
-0.48255043798063746,-512.0961285488461,-512.0265212993548
-0.4313523870391795,-512.5274809358853,-512.457873686394
-1.0045845712063748,-513.5320655070916,-513.4624582576004
-0.3218754110879908,-513.8539409181795,-513.7843336686883
-0.28287503999994706,-514.1368159581795,-514.0672087086882
-0.33294283018801146,-514.4697587883675,-514.4001515388762
-0.0741653050743803,-514.5439240934419,-514.4743168439506
-0.2991599999999638,-514.8430840934418,-514.7734768439506
-0.29541779184797573,-515.1385018852898,-515.0688946357985
-0.21608029554958455,-515.3545821808393,-515.2849749313481
-0.5104352538559809,-515.8650174346953,-515.7954101852041
-0.4363528372595699,-516.301370271955,-516.2317630224637
-0.17833499351999665,-516.479705265475,-516.4100980159837
-0.4991166514079779,-516.978821916883,-516.9092146673918
-0.14337213587196096,-517.1221940527549,-517.0525868032637
-0.30777973326405395,-517.429973786019,-517.3603665365277
-1.0509746083199993,-518.480948394339,-518.4113411448477
-0.23927639155198552,-518.720224785891,-518.6506175363997
-0.6476805714015985,-519.3679053572926,-519.2982981078013
-0.9816001147567854,-520.3495054720494,-520.2798982225581
-0.46329222067197096,-520.8127976927213,-520.7431904432301
-0.5822999913599415,-521.3950976840813,-521.32549043459
-1.394427748896023,-522.7895254329774,-522.7199181834861
-0.29960319999996377,-523.0891286329773,-523.0195213834861
-0.3306590249688105,-523.4197876579461,-523.3501804084549
-0.3240411412969048,-523.743828799243,-523.6742215497518
-0.32369700897596715,-524.067525808219,-523.9979185587277
-0.23233500647999072,-524.299860814699,-524.2302535652077
-0.09479359009120958,-524.3946544047901,-524.3250471552989
-0.18850006841681924,-524.583154473207,-524.5135472237157
-0.6457564597903833,-525.2289109329973,-525.1593036835061
-0.2835986399999786,-525.5125095729973,-525.442902323506
-0.3053424073919839,-525.8178519803893,-525.748244730898
-0.6476805714015985,-526.4655325517908,-526.3959253022996
-0.8848646923703677,-527.3503972441612,-527.2807899946699
-0.990251634183946,-528.3406488783451,-528.2710416288538
-1.30666734667468,-529.6473162250197,-529.5777089755285
-0.7274263276799735,-530.3747425526997,-530.3051353032084
-0.7497883087439381,-531.1245308614436,-531.0549236119524
-0.5058456524160053,-531.6303765138597,-531.5607692643684
-0.43493843244795044,-532.0653149463077,-531.9957076968165
-1.008223553584008,-533.0735384998917,-533.0039312504005
-0.04536196469119111,-533.1189004645829,-533.0492932150917
-0.934931995603178,-534.0538324601861,-533.9842252106948
-1.0511581953599993,-535.1049906555461,-535.0353834060548
-0.2419641501759519,-535.346954805722,-535.2773475562308
1.7393159728113912,-533.6076388329107,-533.5380315834194
-0.19942150462080763,-533.8070603375314,-533.7374530880402
-0.8297771322399914,-534.6368374697714,-534.5672302202802
-0.36486782164800335,-535.0017052914194,-534.9320980419282
-0.38787583999999925,-535.3895811314194,-535.3199738819281
-0.20371847999999365,-535.5932996114194,-535.5236923619282
-0.44474118440313437,-536.0380407958226,-535.9684335463313
-0.797535968216008,-536.8355767640386,-536.7659695145474
-0.2985306373919569,-537.1341074014306,-537.0645001519393
-0.21836987272343086,-537.352477274154,-537.2828700246628
-1.574324325580759,-538.9268015997347,-538.8571943502435
-0.14298935237273902,-539.0697909521075,-539.0001837026163
-0.2659929776543839,-539.3357839297619,-539.2661766802706
-1.039170192480053,-540.3749541222419,-540.3053468727506
-0.3063747918703872,-540.6813289141123,-540.6117216646211
-0.03810177771115322,-540.7194306918235,-540.6498234423323
-0.43923579632795706,-541.1586664881514,-541.0890592386602
-0.05692053773278524,-541.2155870258842,-541.145979776393
-0.15517367738285112,-541.3707607032671,-541.3011534537759
-0.2644271902480022,-541.6351878935152,-541.565580644024
-0.28961910980800887,-541.9248070033232,-541.8551997538319
-0.3017616773696074,-542.2265686806928,-542.1569614312016
-0.705172490419159,-542.931741171112,-542.8621339216207
-0.6134748781439858,-543.5452160492559,-543.4756087997647
-1.0631665967999218,-544.6083826460558,-544.5387753965646
-0.7457145430055865,-545.3540971890613,-545.2844899395701
-0.3892069999999531,-545.7433041890613,-545.67369693957
-0.6101924386623668,-546.3534966277236,-546.2838893782324
-0.9391932209743639,-547.292689848698,-547.2230825992068
-0.31273263999998563,-547.6054224886981,-547.5358152392068
-0.852536380427128,-548.4579588691253,-548.388351619634
-0.2050882623167517,-548.663047131442,-548.5934398819508
-0.4156229872883359,-549.0786701187303,-549.0090628692391
-0.44374583489596775,-549.5224159536263,-549.452808704135
-0.3474075587839804,-549.8698235124102,-549.800216262919
-1.039170192480053,-550.9089937048902,-550.839386455399
0.3116436836783884,-550.5973500212118,-550.5277427717206
-0.35236687119997007,-550.9497168924117,-550.8801096429205
-0.5312494513143247,-551.4809663437261,-551.4113590942349
-1.2880020374143637,-552.7689683811404,-552.6993611316492
-0.03287042608317825,-552.8018388072236,-552.7322315577323
-0.06874005506476524,-552.8705788622883,-552.8009716127971
-0.18170619265599164,-553.0522850549443,-552.982677805453
-0.36743054132394837,-553.4197155962682,-553.350108346777
-0.1530203063759793,-553.5727359026442,-553.503128653153
-0.2963548544135642,-553.8690907570578,-553.7994835075666
-0.3496620837189415,-554.2187528407768,-554.1491455912856
-0.2026023962559806,-554.4213552370328,-554.3517479875416
-0.6183839999999876,-555.0397392370328,-554.9701319875415
-0.3775783199999537,-555.4173175570328,-555.3477103075415
-0.3124776199999624,-555.7297951770328,-555.6601879275415
-0.0920678735791958,-555.8218630506119,-555.7522558011207
-0.9314173583231897,-556.7532804089351,-556.6836731594439
-0.4158372315360089,-557.1691176404711,-557.0995103909798
-0.4085416044959753,-557.5776592449671,-557.5080519954759
-0.08585188146078324,-557.6635111264279,-557.5939038769367
-0.43022183542422326,-558.0937329618522,-558.024125712361
-0.6183839999999876,-558.7121169618522,-558.642509712361
-0.21463553193597595,-558.9267524937882,-558.8571452442969
-0.6428073781583074,-559.5695598719465,-559.4999526224552
-0.5345270976079933,-560.1040869695545,-560.0344797200632
-0.38339027999995384,-560.4874772495544,-560.4178700000632
-0.3405545138879711,-560.8280317634424,-560.7584245139511
-0.03788455086077869,-560.8659163143031,-560.7963090648119
-0.10302042239997611,-560.9689367367031,-560.8993294872118
-0.4183479056686131,-561.3872846423717,-561.3176773928805
-0.6004019956799584,-561.9876866380516,-561.9180793885604
-0.4068630707631916,-562.3945497088148,-562.3249424593236
-0.6227972784319817,-563.0173469872468,-562.9477397377556
-0.6531183372167075,-563.6704653244635,-563.6008580749723
-3.1129457300087595,-566.7834110544723,-566.713803804981
-0.3813606412320113,-567.1647716957043,-567.0951644462131
-0.6435386427904135,-567.8083103384947,-567.7387030890035
-0.237221614792444,-568.0455319532872,-567.975924703796
-1.075215795359905,-569.1207477486471,-569.0511404991558
-0.2292777338879769,-569.3500254825351,-569.2804182330439
-0.854812564479988,-570.2048380470151,-570.1352307975238
-0.6531183372167075,-570.8579563842318,-570.7883491347405
-0.2681444000000035,-571.1261007842318,-571.0564935347405
-0.11324877926400137,-571.2393495634958,-571.1697423140046
-0.3643262959279485,-571.6036758594238,-571.5340686099325
-0.5852829507839777,-572.1889588102077,-572.1193515607165
-3.0818427876936076,-575.2708015979014,-575.2011943484101
-0.21831330114323294,-575.4891148990446,-575.4195076495533
-0.6124019985600021,-576.1015168976046,-576.0319096481134
-0.10630115439999152,-576.2078180520045,-576.1382108025133
-0.6544271915999073,-576.8622452436044,-576.7926379941132
-0.46163219589766,-577.3238774395021,-577.2542701900109
-0.35412187388796124,-577.67799931339,-577.6083920638988
-0.3695344407223858,-578.0475337541125,-577.9779265046212
-0.14575678703998704,-578.1932905411525,-578.1236832916612
-1.7443096386687629,-579.9376001798212,-579.8679929303299
-1.0512193910399268,-580.9888195708611,-580.9192123213699
-0.34175642227995157,-581.330575993141,-581.2609687436498
-0.06972106543357405,-581.4002970585746,-581.3306898090833
-0.3929583358079799,-581.7932553943825,-581.7236481448913
-0.20262482116800884,-581.9958802155505,-581.9262729660593
-0.3317432822633933,-582.3276234978139,-582.2580162483226
-0.22678380647999644,-582.5544073042938,-582.4848000548026
-0.31009387723203513,-582.8645011815258,-582.7948939320346
-0.6184079999999633,-583.4829091815258,-583.4133019320345
-0.2010189999999758,-583.6839281815257,-583.6143209320345
-0.3238697055439674,-584.0077978870697,-583.9381906375785
-0.3432729618017636,-584.3510708488715,-584.2814635993802
-0.576925046207962,-584.9279958950794,-584.8583886455882
-0.6184079999999633,-585.5464038950794,-585.4767966455881
-0.29887660580800446,-585.8452805008874,-585.7756732513961
-0.20153223999997572,-586.0468127408874,-585.9772054913961
-0.7643923104479861,-586.8112050513354,-586.7415978018441
-0.16900397465599573,-586.9802090259914,-586.9106017765001
-0.18753019786690994,-587.1677392238582,-587.098131974367
-0.15428720786153327,-587.3220264317198,-587.2524191822286
-2.118014463039965,-589.4400408947597,-589.3704336452685
-0.36107378168401155,-589.8011146764437,-589.7315074269525
-0.4003844275199712,-590.2014991039637,-590.1318918544724
-0.23462119049597213,-590.4361202944597,-590.3665130449684
-0.1580617171560104,-590.5941820116157,-590.5245747621244
-1.2670034428798393,-591.8611854544955,-591.7915782050043
-0.19325473630012585,-592.0544401907956,-591.9848329413044
-1.3026002774400063,-593.3570404682356,-593.2874332187444
-0.36501244964794205,-593.7220529178835,-593.6524456683923
-0.946793047703978,-594.6688459655875,-594.5992387160962
-1.7461044963431558,-596.4149504619306,-596.3453432124394
-0.7558893979560071,-597.1708398598867,-597.1012326103954
-0.18148709945215658,-597.3523269593388,-597.2827197098476
-0.46542349110400505,-597.8177504504429,-597.7481432009516
-0.3433255990375653,-598.1610760494805,-598.0914687999892
-0.5339114814079686,-598.6949875308884,-598.6253802813972
-1.5675524491872042,-600.2625399800756,-600.1929327305844
0.7210880061664052,-599.5414519739093,-599.471844724418
0.42951998163203625,-599.1119319922773,-599.042324742786
-0.12260976944154267,-599.2345417617188,-599.1649345122275
-0.15340537122216913,-599.387947132941,-599.3183398834498
-0.37429763394807514,-599.7622447668891,-599.6926375173979
-1.3142211062399527,-601.0764658731291,-601.0068586236379
-0.9495940425047693,-602.0260599156338,-601.9564526661426
-0.07912544755997952,-602.1051853631938,-602.0355781137025
-0.5737590681599656,-602.6789444313537,-602.6093371818624
-0.42509809849595326,-603.1040425298496,-603.0344352803584
-0.5444254909439363,-603.6484680207935,-603.5788607713023
-1.0153136651839911,-604.6637816859775,-604.5941744364862
-0.36338854139998955,-605.0271702273775,-604.9575629778863
-0.4557640105599938,-605.4829342379375,-605.4133269884462
-0.25883645571590924,-605.7417706936534,-605.6721634441622
-0.11727865132801085,-605.8590493449814,-605.7894420954901
-0.9919207037303466,-606.8509700487117,-606.7813627992205
-0.6818998244967809,-607.5328698732085,-607.4632626237172
-0.22844598367999736,-607.7613158568885,-607.6917086073972
-0.2845439927039969,-608.0458598495925,-607.9762526001012
-0.5351465666559188,-608.5810064162484,-608.5113991667572
-0.22546084787194476,-608.8064672641204,-608.7368600146292
-0.13969440515014497,-608.9461616692706,-608.8765544197794
-0.19688291999998359,-609.1430445892706,-609.0734373397794
-0.3095499999999554,-609.4525945892706,-609.3829873397793
-0.2688938999999658,-609.7214884892705,-609.6518812397793
-0.61437699523201,-610.3358654845025,-610.2662582350113
-0.7877866147199473,-611.1236520992225,-611.0540448497312
0.22603716824801376,-610.8976149309744,-610.8280076814832
-0.20084998128000492,-611.0984649122545,-611.0288576627632
-0.12512068048799435,-611.2235855927424,-611.1539783432512
-0.9215075974910725,-612.1450931902335,-612.0754859407423
-0.7757098527999913,-612.9208030430335,-612.8511957935423
-0.6444801562319913,-613.5652831992655,-613.4956759497743
-0.6239189553119161,-614.1892021545774,-614.1195949050862
-0.4325480326400289,-614.6217501872175,-614.5521429377262
-1.2364882289279069,-615.8582384161454,-615.7886311666541
-0.3302900119420602,-616.1885284280875,-616.1189211785962
-0.35203092748799275,-616.5405593555755,-616.4709521060843
-0.8784830250560418,-617.4190423806316,-617.3494351311404
-0.13264586205597395,-617.5516882426875,-617.4820809931963
-0.24015119323198394,-617.7918394359195,-617.7222321864283
-0.5147550491999625,-618.3065944851195,-618.2369872356282
-0.6751099094399994,-618.9817043945595,-618.9120971450683
-0.4872079857599128,-619.4689123803195,-619.3993051308282
-0.8875079831471957,-620.3564203634667,-620.2868131139754
-0.7394897133120022,-621.0959100767786,-621.0263028272874
-0.12312531728198645,-621.2190353940606,-621.1494281445694
-0.14579596063999445,-621.3648313547006,-621.2952241052094
-0.38701875462400054,-621.7518501093247,-621.6822428598334
-0.07219162199995344,-621.8240417313247,-621.7544344818334
-0.5324877029999971,-622.3565294343247,-622.2869221848334
-0.32486158178717534,-622.6813910161119,-622.6117837666206
-0.6659906366254698,-623.3473816527373,-623.2777744032461
-0.3308240124799869,-623.6782056652173,-623.6085984157261
-0.43256972352771306,-624.1107753887451,-624.0411681392538
-0.21701818478395235,-624.327793573529,-624.2581863240378
-0.20706239999999637,-624.534855973529,-624.4652487240378
-0.18840768771999594,-624.723263661249,-624.6536564117578
-0.18682550611195087,-624.910089167361,-624.8404819178697
-0.843987030640017,-625.754076198001,-625.6844689485098
-0.2579389905487921,-626.0120151885499,-625.9424079390586
-0.39227975999996245,-626.4042949485498,-626.3346876990586
-0.6413865350400068,-627.0456814835899,-626.9760742340986
-0.2007979812799836,-627.2464794648698,-627.1768722153786
-0.4562127744720124,-627.7026922393418,-627.6330849898505
-0.3804998928719864,-628.0831921322138,-628.0135848827225
-0.24549698775998471,-628.3286891199738,-628.2590818704825
-0.44474776567998103,-628.7734368856537,-628.7038296361625
-0.6976476233599747,-629.4710845090137,-629.4014772595225
-0.16232718823999026,-629.6334116972537,-629.5638044477624
-0.4932123195731975,-630.1266240168269,-630.0570167673357
-0.8495596958640428,-630.976183712691,-630.9065764631997
-0.45940231324797753,-631.435586025939,-631.3659787764477
-0.9063518003239298,-632.3419378262629,-632.2723305767717
-0.7304904634400051,-633.0724282897029,-633.0028210402116
-1.0017547820159063,-634.0741830717188,-634.0045758222276
-0.1712097029159775,-634.2453927746349,-634.1757855251436
-0.7729364345599832,-635.0183292091948,-634.9487219597036
-0.2893159999999774,-635.3076452091948,-635.2380379597035
-0.45331723830398235,-635.7609624474987,-635.6913551980075
-0.4400342500607659,-636.2009966975595,-636.1313894480683
-0.3882327583392008,-636.5892294558987,-636.5196222064075
-0.15578534415750944,-636.7450148000562,-636.675407550565
-0.8943607748927731,-637.639375574949,-637.5697683254577
-0.41150864937594595,-638.0508842243249,-637.9812769748337
-0.2455309877599625,-638.2964152120849,-638.2268079625936
-0.41632797503997865,-638.7127431871248,-638.6431359376336
-0.2658262089600242,-638.9785693960848,-638.9089621465936
-0.2850255927039834,-639.2635949887888,-639.1939877392975
-0.46002828062395823,-639.7236232694128,-639.6540160199215
-0.3377480638367415,-640.0613713332496,-639.9917640837583
-0.31790814028798564,-640.3792794735375,-640.3096722240463
-0.5269691951999931,-640.9062486687375,-640.8366414192462
-0.9139351745175508,-641.820183843255,-641.7505765937638
-0.36988620239997666,-642.1900700456549,-642.1204627961637
-0.35946487219996787,-642.5495349178549,-642.4799276683636
-0.5555080628527851,-643.1050429807077,-643.0354357312165
0.064769065040005,-643.0402739156677,-642.9706666661765
-0.4781458290879378,-643.5184197447556,-643.4488124952644
-0.26214299352000864,-643.7805627382756,-643.7109554887844
-0.32150080153600513,-644.1020635398116,-644.0324562903204
-0.33007200815997423,-644.4321355479716,-644.3625282984804
-0.29298233102319937,-644.7251178789948,-644.6555106295035
-0.39943199999995066,-645.1245498789947,-645.0549426295034
-0.4172691160551456,-645.5418189950499,-645.4722117455586
-0.6847551562463519,-646.2265741512962,-646.1569669018049
0.22864353747022248,-645.9979306138259,-645.9283233643347
-0.8087196201840334,-646.8066502340099,-646.7370429845187
-0.2623244261783786,-647.0689746601882,-646.999367410697
-0.5460923726719615,-647.6150670328602,-647.545459783369
-0.36680088999996724,-647.9818679228601,-647.9122606733689
-0.4028256680593577,-648.3846935909195,-648.3150863414282
0.5846191814720243,-647.8000744094475,-647.7304671599562
-0.2925175399999805,-648.0925919494474,-648.0229846999562
-0.5862952099199654,-648.6788871593674,-648.6092799098761
-0.9368216542399996,-649.6157088136074,-649.5461015641162
-1.2319037633279817,-650.8476125769354,-650.7780053274441
-0.8320677934799273,-651.6796803704153,-651.6100731209241
-1.0343874491279497,-652.7140678195433,-652.644460570052
-0.6092051365279703,-653.3232729560713,-653.25366570658
-0.21531840422398374,-653.5385913602953,-653.4689841108041
-0.061527539039961415,-653.6001188993353,-653.530511649844
-0.44405283628800407,-654.0441717356233,-653.9745644861321
-0.5555382491847685,-654.5997099848081,-654.5301027353169
-1.045116463611977,-655.6448264484201,-655.5752191989288
-0.48226599866917924,-656.1270924470892,-656.057485197598
-0.7044017109080162,-656.8314941579972,-656.761886908506
-0.5594940647999596,-657.3909882227972,-657.321380973306
-0.45739628396002124,-657.8483845067573,-657.778777257266
-0.8219533887488071,-658.6703378955061,-658.6007306460149
-0.6923371474079771,-659.3626750429141,-659.2930677934229
-0.5071423957599352,-659.8698174386741,-659.8002101891828
-0.8269201171199518,-660.696737555794,-660.6271303063028
-0.5003100489599961,-661.1970476047541,-661.1274403552628
-0.6668936615239471,-661.8639412662781,-661.7943340167868
-0.40125833999996674,-662.265199606278,-662.1955923567867
-1.0854096544799847,-663.350609260758,-663.2810020112668
-0.32126351582398244,-663.671872776582,-663.6022655270907
-0.7436919428208326,-664.4155647194028,-664.3459574699116
-0.5092471443199696,-664.9248118637228,-664.8552046142315
-0.15257618588798103,-665.0773880496107,-665.0077808001195
-0.2848019254499755,-665.3621899750607,-665.2925827255694
-0.6096088542399744,-665.9717988293006,-665.9021915798094
-0.280788030753524,-666.2525868600542,-666.1829796105629
-0.34326341817597594,-666.5958502782302,-666.5262430287389
-0.39876723263999536,-666.9946175108702,-666.9250102613789
-0.2239013851680042,-667.2185188960382,-667.1489116465469
-0.23505323670399492,-667.4535721327421,-667.3839648832509
-0.2741327900159926,-667.7277049227581,-667.6580976732669
-0.6783266526959573,-668.4060315754541,-668.3364243259629
-0.3605974921439442,-668.766629067598,-668.6970218181068
-0.4859693290143933,-669.2525983966125,-669.1829911471212
-0.4190169719999728,-669.6716153686125,-669.6020081191213
-0.4787577477119796,-670.1503731163244,-670.0807658668332
-0.38272691777279233,-670.5331000340972,-670.4634927846059
-0.3995873970399537,-670.9326874311371,-670.8630801816458
-0.3765542820479605,-671.3092417131851,-671.2396344636938
-0.4700175694399159,-671.779259282625,-671.7096520331338
-0.4069079999999967,-672.1861672826251,-672.1165600331339
-0.49656884866398165,-672.6827361312891,-672.6131288817978
-0.48318823818715295,-673.1659243694762,-673.096317119985
-0.17966976385917816,-673.3455941333353,-673.2759868838441
-0.3618979670879232,-673.7074921004232,-673.637884850932
-0.10798952282397739,-673.8154816232473,-673.745874373756
-0.743584408879973,-674.5590660321272,-674.489458782636
-0.6859967878847903,-675.2450628200121,-675.1754555705209
-0.3207519497159825,-675.565814769728,-675.4962075202368
-0.3593216139391604,-675.9251363836672,-675.855529134176
-0.22820598031999018,-676.1533423639872,-676.083735114496
-0.17248188470302023,-676.3258242486903,-676.2562169991991
-0.3003840000000033,-676.6262082486903,-676.5566009991991
-0.3430975544947203,-676.9693058031851,-676.8996985536938
-0.32737360673597193,-677.296679409921,-677.2270721604298
-0.5271895823639514,-677.8238689922849,-677.7542617427937
-0.26234399183995466,-678.0862129841249,-678.0166057346337
-0.4027427743079258,-678.4889557584329,-678.4193485089417
-0.23675586479998784,-678.7257116232329,-678.6561043737416
-0.2680220428031115,-678.993733666036,-678.9241264165447
-0.3605974921439442,-679.3543311581799,-679.2847239086886
-0.27697380000000027,-679.6313049581798,-679.5616977086886
-0.3391426104639965,-679.9704475686439,-679.9008403191526
-0.356042366748385,-680.3264899353923,-680.256882685901
-0.2344912065279896,-680.5609811419203,-680.491373892429
-0.53792980494869,-681.098910946869,-681.0293036973777
-0.8391008084159486,-681.938011755285,-681.8684045057937
-0.25079598444796997,-682.188807739733,-682.1192004902417
-0.48433709185835006,-682.6731448315913,-682.6035375821001
-0.21920988168796823,-682.8923547132794,-682.8227474637881
-0.3742232912880409,-683.2665780045674,-683.1969707550761
-0.10932695512002041,-683.3759049596873,-683.3062977101961
-0.615650555839959,-683.9915555155272,-683.921948266036
-0.5262630838400171,-684.5178185993673,-684.448211349876
-0.43135653144478914,-684.949175130812,-684.8795678813208
-0.3026399999999638,-685.251815130812,-685.1822078813208
-0.27187919999996424,-685.523694330812,-685.4540870813207
-0.23653484920004259,-685.7602291800121,-685.6906219305208
-0.10778592350154342,-685.8680151035136,-685.7984078540223
-0.19639692000000125,-686.0644120235136,-685.9948047740223
-0.3387962572631619,-686.4032082807768,-686.3336010312855
-0.36789641644793974,-686.7711046972247,-686.7014974477335
-0.3674530218879539,-687.1385577191127,-687.0689504696214
-0.34951993540800064,-687.4880776545207,-687.4184704050294
-0.29791925862398394,-687.7859969131447,-687.7163896636534
-0.526178929663975,-688.3121758428086,-688.2425685933174
-0.3335925164000009,-688.6457683592087,-688.5761611097174
-0.18850895578616964,-688.8342773149948,-688.7646700655035
-0.37010704640002096,-689.2043843613948,-689.1347771119035
-0.5044398850079403,-689.7088242464027,-689.6392169969115
-0.3391850927871801,-690.0480093391899,-689.9784020896986
-0.42696899788799403,-690.4749783370779,-690.4053710875867
-0.7370010840959715,-691.2119794211739,-691.1423721716826
-0.062399942399969766,-691.2743793635739,-691.2047721140826
-0.6873642964080098,-691.9617436599818,-691.8921364104906
-0.6972487940880103,-692.6589924540698,-692.5893852045785
-0.7976986949759849,-693.4566911490458,-693.3870838995546
-0.5331508315199719,-693.9898419805658,-693.9202347310745
-0.4920827328000206,-694.4819247133657,-694.4123174638745
-0.2769253000000105,-694.7588500133658,-694.6892427638745
-0.16627781919997814,-694.9251278325657,-694.8555205830745
-0.45626344420798703,-695.3813912767737,-695.3117840272824
0.24730064906403043,-695.1340906277096,-695.0644833782184
-0.5075354635040148,-695.6416260912137,-695.5720188417224
-0.33934380238942013,-695.9809698936031,-695.9113626441118
-0.27731799999999274,-696.2582878936031,-696.1886806441119
-0.31508159999997576,-696.5733694936031,-696.5037622441118
-0.3997200000000009,-696.9730894936031,-696.9034822441118
-0.41003820000001007,-697.3831276936031,-697.3135204441119
-0.8024361713759685,-698.185563864979,-698.1159566154878
-0.7249125007360293,-698.9104763657151,-698.8408691162239
-0.34081588448320677,-699.2512922501983,-699.181685000707
-0.5518027302144148,-699.8030949804127,-699.7334877309214
-0.6090512148800031,-700.4121461952926,-700.3425389458014
-0.46651577457594806,-700.8786619698685,-700.8090547203773
-0.33988822841680255,-701.2185501982854,-701.1489429487941
-0.7684919071532766,-701.9870421054386,-701.9174348559474
-0.28276660702973333,-702.2698087124684,-702.2002014629771
-0.5358941451519841,-702.8057028576203,-702.7360956081291
-0.6798004625280304,-703.4855033201484,-703.4158960706571
-0.5157810455039681,-704.0012843656524,-703.9316771161612
-0.695098698719937,-704.6963830643723,-704.6267758148811
-0.7854640963199399,-705.4818471606923,-705.412239911201
-0.4920827328000206,-705.9739298934923,-705.904322644001
-0.29779200316795995,-706.2717218966602,-706.202114647169
-0.7949843005439614,-707.0667061972042,-706.997098947713
-0.7866281627903596,-707.8533343599946,-707.7837271105034
-0.26033521428477624,-708.1136695742794,-708.0440623247881
-0.21853918415997983,-708.3322087584394,-708.2626015089481
-1.1007832780799522,-709.4329920365193,-709.363384787028
-0.6727412989743522,-710.1057333354936,-710.0361260860024
-0.3970525424223712,-710.5027858779159,-710.4331786284247
-0.48497096255997113,-710.9877568404759,-710.9181495909846
-0.7459527304320134,-711.7337095709079,-711.6641023214166
-0.6091906247199687,-712.3429001956279,-712.2732929461366
-0.4982057461039895,-712.8411059417318,-712.7714986922406
-0.8757055823999501,-713.7168115241318,-713.6472042746406
-1.0585297232639141,-714.7753412473957,-714.7057339979044
-1.110279516910844,-715.8856207643065,-715.8160135148153
-0.35382745438640106,-716.2394482186929,-716.1698409692017
-0.3859560172799981,-716.625404235973,-716.5557969864817
-0.7623527976000011,-717.3877570335729,-717.3181497840817
-0.30303263420561827,-717.6907896677785,-717.6211824182873
-1.0176534019440258,-718.7084430697225,-718.6388358202313
-0.4703781399679686,-719.1788212096905,-719.1092139601992
-0.5167881281279404,-719.6956093378184,-719.6260020883271
-0.6940983017159073,-720.3897076395343,-720.3201003900431
-0.35907601324799593,-720.7487836527823,-720.6791764032911
-0.44803681022394304,-721.1968204630062,-721.127213213515
-0.6693304435199249,-721.8661509065262,-721.7965436570349
-0.2965899158935975,-722.1627408224198,-722.0931335729285
-0.2014703686464071,-722.3642111910661,-722.2946039415749
-0.49517810378397914,-722.8593892948501,-722.7897820453588
-0.26695199193602137,-723.1263412867861,-723.0567340372949
-0.7734940739199908,-723.8998353607061,-723.8302281112149
-0.4754978048880051,-724.3753331655942,-724.3057259161029
-0.3696821694719778,-724.7450153350661,-724.6754080855749
-0.4169880015839509,-725.1620033366501,-725.0923960871588
-0.14871028259838306,-725.3107136192484,-725.2411063697572
-0.7972973960831089,-726.1080110153315,-726.0384037658403
-0.29919917999999984,-726.4072101953315,-726.3376029458402
-0.4838629926239173,-726.8910731879554,-726.8214659384641
-1.2664598214151657,-728.1575330093706,-728.0879257598793
-0.4344485380415751,-728.5919815474122,-728.5223742979209
-0.8942453697599304,-729.4862269171721,-729.4166196676808
-0.7087578170399815,-730.1949847342121,-730.1253774847208
-0.40496802150398703,-730.5999527557161,-730.5303455062249
-0.589735245503948,-731.18968800122,-731.1200807517288
-0.6991646811143826,-731.8888526823345,-731.8192454328432
-0.4263280963200079,-732.3151807786545,-732.2455735291633
-0.31143597868797657,-732.6266167573425,-732.5570095078513
-0.8959711071358785,-733.5225878644784,-733.4529806149872
-0.7717666965119236,-734.2943545609903,-734.2247473114991
-0.3045923999999671,-734.5989469609902,-734.529339711499
-0.2594015865599946,-734.8583485475502,-734.788741298059
-0.5427754314943947,-735.4011239790447,-735.3315167295534
-0.23335042931680597,-735.6344744083615,-735.5648671588702
-0.2935865199999895,-735.9280609283614,-735.8584536788702
-0.43349302951998003,-736.3615539578815,-736.2919467083902
-0.5281541236320175,-736.8897080815135,-736.8201008320223
-0.30922100263998265,-737.1989290841535,-737.1293218346623
-0.7573253519039134,-737.9562544360574,-737.8866471865662
-0.10041129057958915,-738.056665726637,-737.9870584771458
-0.3848009652000136,-738.441466691837,-738.3718594423458
-1.1821073903520285,-739.6235740821891,-739.5539668326978
-0.5278056542399681,-740.151379736429,-740.0817724869378
-0.5025577413999679,-740.653937477829,-740.5843302283378
-0.6180776510719957,-741.272015128901,-741.2024078794097
-0.2208072233740887,-741.4928223522751,-741.4232151027838
-0.4025794800000057,-741.8954018322751,-741.8257945827838
-0.4437072501119076,-742.3391090823869,-742.2695018328957
-0.28062599672960997,-742.6197350791165,-742.5501278296252
-0.245730761695996,-742.8654658408125,-742.7958585913212
-0.499061853617579,-743.3645276944301,-743.2949204449388
-0.572946593119979,-743.93747428755,-743.8678670380588
-0.7113147774479472,-744.6487890649979,-744.5791818155067
-0.24565426382375322,-744.8944433288217,-744.8248360793305
-0.6779681136000468,-745.5724114424218,-745.5028041929305
-0.5837428981775707,-746.1561543405993,-746.0865470911081
-0.3400523035977743,-746.4962066441971,-746.4265993947058
-0.47657593828002304,-746.9727825824771,-746.9031753329858
-0.43876317167998063,-747.411545754157,-747.3419385046658
-0.5232717555200008,-747.934817509677,-747.8652102601858
-0.8434248401280071,-748.778242349805,-748.7086351003138
-0.43770529963760607,-749.2159476494427,-749.1463403999514
-0.3682623694399533,-749.5842100188827,-749.5146027693914
-0.1947482783999666,-749.7789582972827,-749.7093510477914
-0.422338289023942,-750.2012965863066,-750.1316893368154
-0.4714324529759245,-750.6727290392826,-750.6031217897913
-0.3187091916500406,-750.9914382309325,-750.9218309814413
-0.6281684044799581,-751.6196066354125,-751.5499993859213
-0.37028385888003257,-751.9898904942926,-751.9202832448013
0.416607929692854,-751.5732825645997,-751.5036753151085
-0.18147223705917326,-751.7547548016589,-751.6851475521677
-0.20224098128000767,-751.956995782939,-751.8873885334477
-0.4442519782511608,-752.4012477611901,-752.3316405116989
-0.7953460860799308,-753.19659384727,-753.1269865977788
-0.350053513079993,-753.54664736035,-753.4770401108588
-0.37759919208003634,-753.9242465524301,-753.8546393029388
-0.11003198039566701,-754.0342785328257,-753.9646712833345
-0.9586992648960528,-754.9929777977218,-754.9233705482305
-0.3026399999999638,-755.2956177977218,-755.2260105482305
-0.280191396015984,-755.5758091937378,-755.5062019442465
-0.11734415508478563,-755.6931533488225,-755.6235460993313
-0.8493769507199633,-756.5425302995425,-756.4729230500512
-0.5278713816434393,-757.0704016811859,-757.0007944316947
-1.0197118555967557,-758.0901135367826,-758.0205062872914
-0.33286851685758345,-758.4229820536402,-758.353374804149
-0.6403032184000441,-759.0632852720403,-758.993678022549
-0.39337199999998274,-759.4566572720403,-759.387050022549
-0.3452320336943888,-759.8018893057347,-759.7322820562434
-0.6517076446463734,-760.4535969503811,-760.3839897008899
-0.3196889850208014,-760.7732859354019,-760.7036786859106
-0.2478254613359518,-761.0211113967379,-760.9515041472466
-0.18524006416793962,-761.2063514609058,-761.1367442114146
-0.3682623694399533,-761.5746138303458,-761.5050065808546
-0.31533279999997677,-761.8899466303458,-761.8203393808545
-0.23308318387200702,-762.1230298142178,-762.0534225647266
-0.546323871271982,-762.6693536854898,-762.5997464359986
-0.47644332891994046,-763.1457970144097,-763.0761897649185
-0.49244995872000635,-763.6382469731298,-763.5686397236385
-0.2852639740799853,-763.9235109472097,-763.8539036977185
-0.4884257466239307,-764.4119366938336,-764.3423294443423
-0.15274596478718178,-764.5646826586208,-764.4950754091295
-0.2216214807146413,-764.7863041393354,-764.7166968898441
-0.47695166479998774,-765.2632558041354,-765.1936485546441
-0.48830206540798404,-765.7515578695434,-765.6819506200521
-0.18244380943655322,-765.9340016789799,-765.8643944294887
-0.0879494911232262,-766.0219511701032,-765.952343920612
-0.5860192590703155,-766.6079704291735,-766.5383631796823
-0.3731197855999796,-766.9810902147735,-766.9114829652823
-0.3026399999999638,-767.2837302147735,-767.2141229652823
-0.2878867199999918,-767.5716169347735,-767.5020096852822
-0.5103461018879522,-768.0819630366615,-768.0123557871702
-0.3424673852620658,-768.4244304219235,-768.3548231724322
-0.14993929822798163,-768.5743697201515,-768.5047624706602
-0.2961739999999867,-768.8705437201514,-768.8009364706602
-0.6114223410559758,-769.4819660612075,-769.4123588117162
-0.5204633119935358,-770.002429373201,-769.9328221237098
-0.28965600000000313,-770.2920853732011,-770.2224781237098
-0.5222144056319549,-770.8142997788331,-770.7446925293418
-0.42908635914552373,-771.2433861379786,-771.1737788884874
-0.4688554251519871,-771.7122415631306,-771.6426343136394
-0.07429337898402688,-771.7865349421147,-771.7169276926235
-0.4926553103847462,-772.2791902524995,-772.2095830030082
-0.3282911320319576,-772.6074813845314,-772.5378741350402
-0.45446444294397714,-773.0619458274754,-772.9923385779841
-0.2905732348519608,-773.3525190623274,-773.2829118128361
-0.3543642783999435,-773.7068833407274,-773.6372760912361
-0.45219632687999767,-774.1590796676073,-774.0894724181161
-0.3825807364079504,-774.5416604040153,-774.472053154524
-0.40692365971203776,-774.9485840637273,-774.878976814236
-0.5902843982399821,-775.5388684619672,-775.469261212476
-0.579553071759987,-776.1184215337272,-776.048814284236
-0.3095846225103741,-776.4280061562375,-776.3583989067463
-0.35524138708798614,-776.7832475433255,-776.7136402938343
-0.0902860678127389,-776.8735336111382,-776.803926361647
-0.3757631942399518,-777.2492968053782,-777.179689555887
-0.2202676471247887,-777.469564452503,-777.3999572030118
-0.5277260922960023,-777.9972905447991,-777.9276832953078
-0.389850321599914,-778.387140866399,-778.3175336169078
-0.22684760317964753,-778.6139884695787,-778.5443812200874
-0.4772389850799743,-779.0912274546587,-779.0216202051674
-0.6298525435679938,-779.7210799982266,-779.6514727487354
-0.08357336601597842,-779.8046533642427,-779.7350461147514
-0.0668175756047937,-779.8714709398474,-779.8018636903562
-0.7027126397440142,-780.5741835795915,-780.5045763301002
-0.3208791526944079,-780.8950627322859,-780.8254554827946
-0.49235815224000035,-781.3874208845258,-781.3178136350346
-0.4159155009599484,-781.8033363854857,-781.7337291359945
-0.37721601868799376,-782.1805524041738,-782.1109451546826
-0.3972099851173992,-782.5777623892911,-782.5081551397999
-0.5070165868799854,-783.0847789761712,-783.0151717266799
-0.7161772266959185,-783.800956202867,-783.7313489533758
-0.28100195583996646,-784.081958158707,-784.0123509092158
-0.4605891796799883,-784.5425473383871,-784.4729400888958
-0.6594166081719899,-785.2019639465591,-785.1323566970678
-0.4974442312319588,-785.699408177791,-785.6298009282998
-0.679351630848018,-786.3787598086391,-786.3091525591478
-0.27614210039999276,-786.654901909039,-786.5852946595478
-0.175631719259913,-786.830533628299,-786.7609263788078
-0.2639098458336256,-787.0944434741326,-787.0248362246414
-0.05864426594399879,-787.1530877400767,-787.0834804905854
-0.7025276666879392,-787.8556154067646,-787.7860081572734
-0.3205161430719584,-788.1761315498366,-788.1065243003453
-0.5019150727039496,-788.6780466225405,-788.6084393730492
-0.008770872759951143,-788.6868174953004,-788.6172102458091
-0.3795122663999933,-789.0663297617003,-788.9967225122091
-0.3506604709566801,-789.416990232657,-789.3473829831657
-0.659517105077565,-790.0765073377346,-790.0069000882434
-0.4757221380160025,-790.5522294757506,-790.4826222262593
-0.5607663600800289,-791.1129958358306,-791.0433885863393
-0.5271086050399585,-791.6401044408706,-791.5704971913793
-0.6557566728239748,-792.2958611136945,-792.2262538642033
-0.5166425103359478,-792.8125036240305,-792.7428963745392
-0.6048556228800397,-793.4173592469105,-793.3477519974192
-0.1894064251631281,-793.6067656720736,-793.5371584225824
-0.42421920460796314,-794.0309848766816,-793.9613776271904
-0.4926263236439795,-794.5236112003256,-794.4540039508344
-0.28590081279993046,-794.8095120131255,-794.7399047636343
-0.18978424273438277,-794.9992962558599,-794.9296890063687
-0.3887007753599979,-795.3879970312199,-795.3183897817287
-0.9358903629999467,-796.3238873942199,-796.2542801447287
-0.3279080067199811,-796.6517954009399,-796.5821881514487
-0.4212482399999693,-797.0730436409399,-797.0034363914486
-0.3192540093599632,-797.3922976502998,-797.3226904008086
-0.35222406112000715,-797.7445217114198,-797.6749144619286
-0.505040679999935,-798.2495623914198,-798.1799551419285
-0.5384478269279638,-798.7880102183477,-798.7184029688565
-0.44268578060795494,-799.2306959989556,-799.1610887494644
-0.7491740032492846,-799.979870002205,-799.9102627527137
-0.6240489326399307,-800.6039189348448,-800.5343116853536
-0.38220161132001934,-800.9861205461649,-800.9165132966737
-0.8132011361919529,-801.7993216823569,-801.7297144328656
-0.27595725900001106,-802.0752789413569,-802.0056716918657
-1.3882924271199557,-803.4635713684769,-803.3939641189857
-0.595447444353595,-804.0590188128305,-803.9894115633392
-0.4097595545567976,-804.4687783673872,-804.399171117896
-0.6961273189315595,-805.1649056863188,-805.0952984368275
-0.4936400456960226,-805.6585457320148,-805.5889384825235
-1.1417839607999856,-806.8003296928148,-806.7307224433235
-0.8597316237959673,-807.6600613166107,-807.5904540671195
-0.6272590243199372,-808.2873203409307,-808.2177130914395
-0.5534788522079769,-808.8407991931387,-808.7711919436474
-0.3995545917599967,-809.2403537848986,-809.1707465354074
-0.32933603512863985,-809.5696898200273,-809.500082570536
-0.3791274714935768,-809.9488172915209,-809.8792100420296
-0.41553499999998234,-810.3643522915208,-810.2947450420296
-0.6220392191999404,-810.9863915107208,-810.9167842612295
-1.0726888032671726,-812.0590803139879,-811.9894730644967
-0.718539396847973,-812.7776197108359,-812.7080124613447
-0.6140905662720064,-813.3917102771079,-813.3221030276167
-3.287724431417562,-816.6794347085255,-816.6098274590342
-0.9545650909439575,-817.6339997994694,-817.5643925499782
-0.35453816245680525,-817.9885379619262,-817.918930712435
-0.5358560624639566,-818.5243940243902,-818.4547867748989
-0.6410140401600299,-819.1654080645502,-819.095800815059
-0.6281029412435266,-819.7935110057938,-819.7239037563025
-0.6927082398879795,-820.4862192456818,-820.4166119961906
-0.2272907260151558,-820.713509971697,-820.6439027222058
-0.3720824923199779,-821.085592464017,-821.0159852145258
-0.46345242735993913,-821.549044891377,-821.4794376418857
-0.8569231815199193,-822.4059680728969,-822.3363608234057
-0.78175752601593,-823.1877255989128,-823.1181183494216
-0.6431215296096027,-823.8308471285225,-823.7612398790312
-0.5775383191679362,-824.4083854476904,-824.3387781981992
-0.7351339125312311,-825.1435193602216,-825.0739121107304
-0.45682561915117226,-825.6003449793727,-825.5307377298815
-0.2652806238767822,-825.8656256032496,-825.7960183537583
-0.6782856460799251,-826.5439112493294,-826.4743039998382
-0.7215907722239605,-827.2655020215534,-827.1958947720622
-0.6133973105231911,-827.8788993320766,-827.8092920825853
-0.7291229838719974,-828.6080223159486,-828.5384150664573
-0.581580851599997,-829.1896031675486,-829.1199959180574
-0.45729875807998255,-829.6469019256286,-829.5772946761374
-0.5056577016428825,-830.1525596272716,-830.0829523777803
-0.4566503681759688,-830.6092099954475,-830.5396027459562
-0.36538512514112365,-830.9745951205886,-830.9049878710973
-0.6472690403544092,-831.621864160943,-831.5522569114518
-0.6534170120176287,-832.2752811729606,-832.2056739234694
-0.2725329712559179,-832.5478141442165,-832.4782068947253
-0.38900679696001805,-832.9368209411765,-832.8672136916853
-0.5348944825760059,-833.4717154237525,-833.4021081742612
-0.5564113353999608,-834.0281267591524,-833.9585195096612
-0.4007254903199474,-834.4288522494724,-834.3592449999811
-0.47820312798400605,-834.9070553774563,-834.8374481279651
-0.2893949492591501,-835.1964503267155,-835.1268430772243
-0.27963668912001116,-835.4760870158356,-835.4064797663443
-0.3899444958079966,-835.8660315116435,-835.7964242621523
-0.3790338543203864,-836.2450653659639,-836.1754581164727
-0.38553930492804284,-836.6306046708919,-836.5609974214007
-0.4765538367199708,-837.1071585076119,-837.0375512581206
-0.3521694192631951,-837.4593279268751,-837.3897206773838
-0.5156776782080541,-837.9750056050831,-837.9053983555918
-0.5399649124799202,-838.514970517563,-838.4453632680718
-0.6539776798720269,-839.168948197435,-839.0993409479438
-0.2958404158079775,-839.4647886132431,-839.3951813637518
-0.5071553166719298,-839.971943929915,-839.9023366804238
-0.8654354261280365,-840.837379356043,-840.7677721065518
-0.5103080191999417,-841.3476873752429,-841.2780801257517
-0.6474895119159148,-841.9951768871588,-841.9255696376675
-0.4555318993981248,-842.4507087865569,-842.3811015370657
-0.2363801322607783,-842.6870889188177,-842.6174816693265
-0.5157538435840353,-843.2028427624017,-843.1332355129105
-0.6364573521999612,-843.8393001146017,-843.7696928651104
-0.35272597103999437,-844.1920260856416,-844.1224188361504
-0.8948319815199999,-845.0868580671616,-845.0172508176704
-0.5611813292638832,-845.6480393964255,-845.5784321469342
-0.5097882777448057,-846.1578276741703,-846.0882204246791
-0.43153030735998427,-846.5893579815303,-846.519750732039
-0.4189120325119948,-847.0082700140423,-846.938662764551
-0.2647247919359761,-847.2729948059783,-847.2033875564871
-0.23473222545919098,-847.5077270314375,-847.4381197819463
-0.4430752689967883,-847.9508023004344,-847.8811950509431
-0.46922223923197126,-848.4200245396663,-848.3504172901751
-0.20391445199995717,-848.6239389916663,-848.554331742175
-0.17621268312479876,-848.8001516747911,-848.7305444252999
4.475436690858413,-844.3247149839327,-844.2551077344415
-0.19896810536048937,-844.5236830892932,-844.4540758398019
-0.2300279519999221,-844.7537110412931,-844.6841037918018
-0.3816786800000024,-845.1353897212931,-845.0657824718019
-0.6472571735167932,-845.7826468948099,-845.7130396453186
-0.7041250994399525,-846.4867719942498,-846.4171647447586
-0.6520249220400194,-847.1387969162898,-847.0691896667986
-0.28738917076799675,-847.4261860870579,-847.3565788375666
-0.46702541082398696,-847.8932114978819,-847.8236042483907
-0.7304212295063858,-848.6236327273883,-848.5540254778971
-0.5872180790798844,-849.2108508064682,-849.141243556977
-0.7943066090400491,-850.0051574155083,-849.935550166017
-0.16194827135200768,-850.1671056868603,-850.097498437369
-0.22898332339519242,-850.3960890102554,-850.3264817607642
-0.1576769335200039,-850.5537659437754,-850.4841586942841
-0.37525204006396234,-850.9290179838393,-850.8594107343481
-0.6419653119999823,-851.5709832958394,-851.5013760463481
-0.6223911162868074,-852.1933744121262,-852.123767162635
-0.8219857447999497,-853.0153601569261,-852.9457529074349
-0.35842949911996,-853.3737896560461,-853.3041824065549
-0.6037969589280164,-853.9775866149741,-853.9079793654829
-0.6210871519999575,-854.5986737669741,-854.5290665174829
-0.6123177341999361,-855.210991501174,-855.1413842516828
-0.959403719807931,-856.170395220982,-856.1007879714907
-0.6387360010239379,-856.8091312220059,-856.7395239725147
-0.6506563254399329,-857.4597875474459,-857.3901802979547
-1.0481098858207634,-858.5078974332666,-858.4382901837754
-0.8759480280095825,-859.3838454612762,-859.314238211785
-2.0888816008368227,-861.472727062113,-861.4031198126218
-0.5244210553440184,-861.997148117457,-861.9275408679657
-0.26133054107756953,-862.2584786585345,-862.1888714090433
-0.5050104751439941,-862.7634891336785,-862.6938818841872
-0.34331360691197754,-863.1068027405905,-863.0371954910993
-0.6309279406463868,-863.7377306812369,-863.6681234317457
-0.5925375425999965,-864.3302682238369,-864.2606609743457
-1.0072662903199405,-865.3375345141569,-865.2679272646657
-0.9960765839599814,-866.3336110981169,-866.2640038486256
-0.42033204427435,-866.7539431423912,-866.6843358929
-0.642305335999987,-867.3962484783912,-867.3266412288999
-0.6494922532759693,-868.0457407316671,-867.9761334821759
-0.8062894251879742,-868.8520301568551,-868.7824229073639
-0.3608572704799898,-869.2128874273351,-869.1432801778438
-0.05064497481595098,-869.263532402151,-869.1939251526597
-0.5092607452799525,-869.7727931474309,-869.7031858979396
-0.2961463313600019,-870.0689394787909,-869.9993322292996
-0.46772523839995583,-870.5366647171908,-870.4670574676995
-0.38740669703998026,-870.9240714142308,-870.8544641647395
-0.6979997951999874,-871.6220712094307,-871.5524639599395
-0.4910287944096051,-872.1131000038404,-872.0434927543491
-1.3756955326863218,-873.4887955365267,-873.4191882870355
-0.6419653119999823,-874.1307608485267,-874.0611535990355
-0.6873375807223141,-874.8180984292491,-874.7484911797578
-0.48691912851194513,-875.3050175577611,-875.2354103082698
-0.5338655699519913,-875.8388831277131,-875.7692758782218
-1.003073973686335,-876.8419571013994,-876.7723498519082
-0.2561979514420772,-877.0981550528415,-877.0285478033503
-0.27455172416000395,-877.3727067770016,-877.3030995275103
-0.5511978082399773,-877.9239045852415,-877.8542973357503
-0.3533731942399203,-878.2772777794814,-878.2076705299902
-0.5624186937599982,-878.8396964732415,-878.7700892237502
-0.6633820839095349,-879.503078557151,-879.4334713076597
-0.6275801131999077,-880.1306586703508,-880.0610514208596
-0.3444600934719939,-880.4751187638228,-880.4055115143316
-0.5058027207199722,-880.9809214845428,-880.9113142350516
-0.2202428014367833,-881.2011642859796,-881.1315570364884
-0.5761868769279794,-881.7773511629076,-881.7077439134164
-0.4750307243999755,-882.2523818873076,-882.1827746378164
-0.3713546991358994,-882.6237365864434,-882.5541293369522
-0.15336760370915706,-882.7771041901526,-882.7074969406614
-0.386473337599953,-883.1635775277525,-883.0939702782613
-0.627403035600002,-883.7909805633525,-883.7213733138612
-0.6611229442080198,-884.4521035075605,-884.3824962580693
-0.5079003867711605,-884.9600038943317,-884.8903966448405
-0.2800419105599771,-885.2400458048917,-885.1704385554004
-0.2973712342846979,-885.5374170391764,-885.4678097896851
-0.34183525199990317,-885.8792522911763,-885.809645041685
-0.6832038409494834,-886.5624561321257,-886.4928488826345
-0.5271528081599725,-887.0896089402856,-887.0200016907944
-0.4216883999999429,-887.5112973402856,-887.4416900907944
-0.7185548570903119,-888.229852197376,-888.1602449478847
-0.5590666654398853,-888.7889188628159,-888.7193116133246
-0.8661256579663883,-889.6550445207822,-889.585437271291
-0.3133674675999639,-889.9684119883822,-889.8988047388909
-0.48250599587994525,-890.4509179842621,-890.3813107347709
-0.1505758150400002,-890.6014937993021,-890.5318865498109
-0.19167221555199282,-890.7931660148541,-890.7235587653629
-0.6570751625023984,-891.4502411773566,-891.3806339278653
-0.19672920839998786,-891.6469703857566,-891.5773631362654
-0.998414752339131,-892.6453851380958,-892.5757778886045
-0.37906280000001447,-893.0244479380958,-892.9548406886046
-0.8472598696239149,-893.8717078077198,-893.8021005582285
-0.7472302834878954,-894.6189380912076,-894.5493308417164
-0.7256710602239759,-895.3446091514315,-895.2750019019403
-0.6493846356799744,-895.9939937871115,-895.9243865376203
-0.7021223580799558,-896.6961161451915,-896.6265088957002
-0.38295799999999375,-897.0790741451915,-897.0094668957003
-0.4013537020000056,-897.4804278471915,-897.4108205977003
-0.49300276973918644,-897.9734306169307,-897.9038233674395
-0.653937557039925,-898.6273681739707,-898.5577609244795
-0.631535661820755,-899.2589038357914,-899.1892965863002
-0.2656807999999823,-899.5245846357914,-899.4549773863001
-0.716527814863889,-900.2411124506552,-900.171505201164
-0.7100765305414991,-900.9511889811968,-900.8815817317055
-0.6243859581599686,-901.5755749393568,-901.5059676898655
-0.3504311145680028,-901.9260060539248,-901.8563988044335
-0.5279654655199737,-902.4539715194447,-902.3843642699535
-0.21758795895998448,-902.6715594784047,-902.6019522289134
-0.6918485397359275,-903.3634080181406,-903.2938007686494
-0.6563213972992343,-904.0197294154399,-903.9501221659486
-0.3203540536311711,-904.340083469071,-904.2704762195798
-0.35258433855995086,-904.692667807631,-904.6230605581397
-0.2861606971391125,-904.9788285047701,-904.9092212552789
-0.6491602198399908,-905.6279887246102,-905.558381475119
-0.9674109957343935,-906.5953997203446,-906.5257924708534
-0.38465279999997354,-906.9800525203447,-906.9104452708534
-0.40378901199998096,-907.3838415323446,-907.3142342828534
-0.38464199999996246,-907.7684835323446,-907.6988762828533
-0.2929439999999873,-908.0614275323446,-907.9918202828534
-1.2001652957711237,-909.2615928281158,-909.1919855786246
-0.7171289772959477,-909.9787218054117,-909.9091145559205
-0.5271528081599725,-910.5058746135717,-910.4362673640804
-0.04915296547201797,-910.5550275790437,-910.4854203295524
-0.43602985447996445,-910.9910574335237,-910.9214501840324
-0.6969588896255836,-911.6880163231492,-911.618409073658
-0.661324578439932,-912.3493409015891,-912.2797336520979
-0.3276071518184304,-912.6769480534076,-912.6073408039164
-0.19109110166399185,-912.8680391550716,-912.7984319055804
-0.23028067560961984,-913.0983198306812,-913.02871258119
-0.1435939184783152,-913.2419137491596,-913.1723064996684
-0.16978770943996027,-913.4117014585996,-913.3420942091084
-0.6566036512215432,-914.0683051098212,-913.9986978603299
-0.6490106092799497,-914.7173157191011,-914.6477084696098
-0.664148953520006,-915.3814646726211,-915.3118574231298
-0.7793994291599925,-916.160864101781,-916.0912568522898
-0.7473076543427289,-916.9081717561238,-916.8385645066326
0.11574188458802342,-916.7924298715358,-916.7228226220445
-0.3640024726463547,-917.1564323441821,-917.0868250946909
-0.44950381665598027,-917.6059361608382,-917.5363289113469
-0.7171058556639752,-918.3230420165021,-918.2534347670108
-0.18843025999998556,-918.5114722765021,-918.4418650270109
-1.2365987664159268,-919.748071042918,-919.6784637934268
-0.8915111587839984,-920.639582201702,-920.5699749522107
-0.2668630357439858,-920.906445237446,-920.8368379879547
-0.5374473062927191,-921.4438925437387,-921.3742852942474
-0.42857999999994356,-921.8724725437386,-921.8028652942473
-1.1644476794399425,-923.0369202231785,-922.9673129736873
-0.8753036777599923,-923.9122239009386,-923.8426166514473
-1.232129540487956,-925.1443534414265,-925.0747461919352
-1.0201722912000382,-926.1645257326265,-926.0949184831353
-0.9822728177063789,-927.146798550333,-927.0771913008417
-0.45493554489517685,-927.6017340952282,-927.5321268457369
-0.365659089407958,-927.9673931846361,-927.8977859351448
-0.7590891454343669,-928.7264823300704,-928.6568750805792
-2.9312062829950856,-931.6576886130655,-931.5880813635742
-0.5110528751328112,-932.1687414881983,-932.099134238707
-0.6189591673999464,-932.7877006555982,-932.718093406107
-0.3682836335999762,-933.1559842891982,-933.0863770397069
-1.262588429805987,-934.4185727190041,-934.3489654695129
-0.27665639999999553,-934.6952291190041,-934.6256218695129
-0.49489922457600133,-935.1901283435801,-935.1205210940889
-0.389890790015997,-935.5800191335961,-935.5104118841049
-0.6669366745599721,-936.2469558081561,-936.1773485586649
-0.654886223999998,-936.9018420321562,-936.832234782665
-0.7009789608799972,-937.6028209930362,-937.5332137435449
-0.5254390871999781,-938.1282600802361,-938.0586528307449
-0.3773249675999875,-938.5055850478361,-938.4359777983449
-0.5290979834567788,-939.0346830312928,-938.9650757818016
-0.7401642431999114,-939.7748472744928,-939.7052400250016
-0.8688047070622683,-940.6436519815551,-940.5740447320638
-0.48410561267196855,-941.1277575942271,-941.0581503447359
-0.44670327129677523,-941.5744608655239,-941.5048536160326
-0.7429460822399909,-942.3174069477639,-942.2477996982726
-0.4739382020999164,-942.7913451498638,-942.7217379003725
-0.6288088172080016,-943.4201539670718,-943.3505467175805
-0.6577832284800402,-944.0779371955518,-944.0083299460606
-0.32978006294958023,-944.4077172585014,-944.3381100090102
-0.36543059327995664,-944.7731478517813,-944.7035406022901
-0.1428499898752123,-944.9159978416566,-944.8463905921653
-0.495375755155112,-945.4113735968117,-945.3417663473205
-0.13059841235030445,-945.541972009162,-945.4723647596708
-0.8910653872799138,-946.4330373964419,-946.3634301469507
-1.462767669432747,-947.8958050658747,-947.8261978163835
-0.6685279868799474,-948.5643330527546,-948.4947258032633
-0.6576659201999604,-949.2219989729546,-949.1523917234633
-1.7315191540571273,-950.9535181270116,-950.8839108775204
-1.2210922915839755,-952.1746104185956,-952.1050031691044
-0.4057046497200007,-952.5803150683156,-952.5107078188244
-1.0036255014480129,-953.5839405697636,-953.5143333202724
-0.9116915190431489,-954.4956320888068,-954.4260248393156
-0.3653326663679638,-954.8609647551748,-954.7913575056835
-0.44856340130156747,-955.3095281564764,-955.2399209069852
-0.5338959808159804,-955.8434241372923,-955.7738168878011
-0.9110724729279207,-956.7544966102203,-956.684889360729
-0.790427843295977,-957.5449244535163,-957.475317204025
-0.7978166846720214,-958.3427411381883,-958.2731338886971
-0.655151442720032,-958.9978925809083,-958.9282853314171
-0.4602979071591877,-959.4581904880675,-959.3885832385763
-0.3590299458784507,-959.817220433946,-959.7476131844547
-0.5746278981967372,-960.3918483321427,-960.3222410826514
-0.7151362238592152,-961.1069845560019,-961.0373773065106
-0.5014477910159941,-961.6084323470178,-961.5388250975266
-1.6512691265615125,-963.2597014735793,-963.190094224088
-0.6718975977999517,-963.9315990713792,-963.861991821888
-0.7876270429999055,-964.7192261143791,-964.6496188648879
-0.3635129045231465,-965.0827390189023,-965.0131317694111
-0.49149041099202123,-965.5742294298943,-965.5046221804031
-0.11142055973759099,-965.6856499896319,-965.6160427401406
-0.583181432640007,-966.2688314222719,-966.1992241727806
-0.5751480256512562,-966.8439794479232,-966.7743721984319
-0.4824277513199093,-967.3264071992431,-967.2567999497519
-0.4044247798399022,-967.7308319790831,-967.6612247295918
-0.1275629563679453,-967.858394935451,-967.7887876859597
-0.2595513975224124,-968.1179463329734,-968.0483390834821
-0.25585995679998386,-968.3738062897734,-968.3041990402821
-0.3096268706959523,-968.6834331604693,-968.6138259109781
-0.657647558903898,-969.3410807193733,-969.271473469882
-0.7046402357999089,-970.0457209551732,-969.976113705682
-0.365169454847994,-970.4108904100212,-970.34128316053
-0.48233007803198463,-970.8932204880532,-970.823613238562
-0.5095932887519878,-971.4028137768051,-971.3332065273139
-0.5275472359999572,-971.9303610128051,-971.8607537633138
-0.6402872935599028,-972.570648306365,-972.5010410568738
-0.5119738199999463,-973.082622126365,-973.0130148768737
-0.7351798653864086,-973.8178019917514,-973.7481947422601
-1.5425069344127407,-975.3603089261641,-975.2907016766728
-0.6572786328640279,-976.0175875590281,-975.9479803095369
-0.47447254545594963,-976.492060104484,-976.4224528549928
-0.20146187646718078,-976.6935219809512,-976.62391473146
-0.4793417919999462,-977.1728637729511,-977.1032565234599
-0.37977344732151774,-977.5526372202727,-977.4830299707814
-0.3232927763199231,-977.8759299965926,-977.8063227471014
-0.30878940351989714,-978.1847194001125,-978.1151121506213
-0.34242305680001317,-978.5271424569125,-978.4575352074213
-0.25234701287275957,-978.7794894697853,-978.709882220294
-0.12294567999886419,-978.9024351497842,-978.832827900293
-0.26702650620787594,-979.1694616559921,-979.0998544065009
-0.38904208790393746,-979.558503743896,-979.4888964944048
-0.7777201954800211,-980.336223939376,-980.2666166898848
-1.3529852416079475,-981.689209180984,-981.6196019314928
-0.39766493330391534,-982.0868741142879,-982.0172668647966
-0.36501440390396,-982.4518885181918,-982.3822812687006
-0.7340809418208245,-983.1859694600126,-983.1163622105214
-0.42542380854398504,-983.6113932685566,-983.5417860190654
-0.4929703654519549,-984.1043636340086,-984.0347563845173
-0.5095932887519878,-984.6139569227605,-984.5443496732693
-0.5854080359999567,-985.1993649587605,-985.1297577092693
-0.8680390206177742,-986.0674039793782,-985.997796729887
-0.7284817016566816,-986.795885681035,-986.7262784315437
-0.9149424140000025,-987.710828095035,-987.6412208455438
-0.5233990562400044,-988.234227151275,-988.1646199017838
-0.9999523077999477,-989.234179459075,-989.1645722095838
-0.6852607039295471,-989.9194401630045,-989.8498329135133
-0.003656752286372078,-989.9230969152909,-989.8534896657997
-0.5057776074287834,-990.4288745227196,-990.3592672732284
-1.3259724579599113,-991.7548469806795,-991.6852397311883
-0.4843136730119859,-992.2391606536916,-992.1695534042003
-0.7822297175805926,-993.0213903712721,-992.9517831217809
-0.7176492140159482,-993.7390395852881,-993.6694323357968
-0.5749862382000193,-994.3140258234881,-994.2444185739969
-0.40767534827194557,-994.7217011717601,-994.6520939222688
-0.38206398873601494,-995.1037651604961,-995.0341579110049
-0.11269579378957997,-995.2164609542857,-995.1468537047945
-0.779490467520003,-995.9959514218057,-995.9263441723144
-0.5850212666399202,-996.5809726884456,-996.5113654389544
-0.3863922620799395,-996.9673649505256,-996.8977577010344
-0.3955256305880039,-997.3628905811137,-997.2932833316224
-0.44515092273595613,-997.8080415038496,-997.7384342543584
-0.41580031763198344,-998.2238418214816,-998.1542345719904
-0.046592038795635976,-998.2704338602773,-998.2008266107861
-0.41152981511993914,-998.6819636753972,-998.612356425906
-0.6506860775399262,-999.3326497529372,-999.263042503446
-0.7198484892480017,-1000.0524982421852,-999.9828909926939
-0.360876867401657,-1000.4133751095868,-1000.3437678600956
-0.3663155456399477,-1000.7796906552268,-1000.7100834057355
-0.6753578704111565,-1001.455048525638,-1001.3854412761467
-0.4424601404959287,-1001.8975086661338,-1001.8279014166426
-0.3400940449439954,-1002.2376027110778,-1002.1679954615865
-0.6499830779199824,-1002.8875857889977,-1002.8179785395065
-0.4867947475567658,-1003.3743805365546,-1003.3047732870633
-0.5867512479199212,-1003.9611317844744,-1003.8915245349832
-0.5243822926079268,-1004.4855140770824,-1004.4159068275911
-0.3406255473391302,-1004.8261396244216,-1004.7565323749303
-0.4635230744144192,-1005.289662698836,-1005.2200554493447
-0.7143468515423528,-1006.0040095503783,-1005.9344023008871
-0.6502525469400336,-1006.6542620973183,-1006.5846548478271
-0.7093987195999506,-1007.3636608169182,-1007.294053567427
-0.5271528081599725,-1007.8908136250782,-1007.8212063755869
-0.7532456793919432,-1008.6440593044701,-1008.5744520549789
-0.9552856310110825,-1009.5993449354812,-1009.52973768599
-0.4643722729055546,-1010.0637172083867,-1009.9941099588955
-0.6640062141759805,-1010.7277234225627,-1010.6581161730714
-0.4351573488240197,-1011.1628807713867,-1011.0932735218954
-0.45185800911997875,-1011.6147387805066,-1011.5451315310154
-0.4857331248000065,-1012.1004719053067,-1012.0308646558154
-0.19704398390064104,-1012.2975158892073,-1012.227908639716
-0.3115871732159672,-1012.6091030624232,-1012.5394958129319
-0.2096925828799302,-1012.8187956453031,-1012.7491883958119
-0.3582798885599849,-1013.1770755338631,-1013.1074682843719
-0.6016330050559859,-1013.7787085389191,-1013.7091012894278
-0.37272080951993186,-1014.151429348439,-1014.0818220989478
-0.18652152199292293,-1014.337950870432,-1014.2683436209408
-0.27667167079196237,-1014.614622541224,-1014.5450152917327
-0.17078075575680224,-1014.7854032969808,-1014.7157960474896
-0.21471410495353582,-1015.0001174019343,-1014.930510152443
-0.3410191339807911,-1015.3411365359151,-1015.2715292864239
-0.3585491875680091,-1015.6996857234831,-1015.6300784739918
-0.49162778068800667,-1016.191313504171,-1016.1217062546798
-0.4555560925192875,-1016.6468695966903,-1016.577262347199
-0.6800665828319585,-1017.3269361795222,-1017.257328930031
-0.6658424175839767,-1017.9927785971063,-1017.923171347615
-0.1669530154431335,-1018.1597316125494,-1018.0901243630582
-0.5262653455199553,-1018.6859969580694,-1018.6163897085781
-0.702186962639987,-1019.3881839207094,-1019.3185766712181
-0.030193406639969,-1019.4183773273494,-1019.3487700778581
-0.4130339399999836,-1019.8314112673494,-1019.7618040178581
-0.7636799020959462,-1020.5950911694454,-1020.5254839199541
0.2864649332571182,-1020.3086262361883,-1020.239018986697
-0.23297506857501468,-1020.5416013047633,-1020.471994055272
-0.7267655974800233,-1021.2683669022433,-1021.1987596527521
-0.737495054800013,-1022.0058619570433,-1021.936254707552
-0.5101331108543713,-1022.5159950678976,-1022.4463878184064
-0.8057309902719121,-1023.3217260581696,-1023.2521188086783
-0.49583013730394376,-1023.8175561954736,-1023.7479489459823
-0.743121483699138,-1024.5606776791726,-1024.4910704296815
-0.7458368104799356,-1025.3065144896525,-1025.2369072401614
-0.6778072418399993,-1025.9843217314924,-1025.9147144820013
-0.444012832659605,-1026.428334564152,-1026.3587273146609
-0.5032390648383388,-1026.9315736289902,-1026.861966379499
-0.35758236332635196,-1027.2891559923166,-1027.2195487428255
-0.5324509123199713,-1027.8216069046366,-1027.7519996551455
-0.259546392127976,-1028.0811532967646,-1028.0115460472734
-0.273571319999976,-1028.3547246167645,-1028.2851173672734
-0.4705704343920032,-1028.8252950511564,-1028.7556878016653
-0.4674184759199736,-1029.2927135270763,-1029.2231062775852
-0.9471742762559183,-1030.2398878033323,-1030.1702805538412
-0.5781095831120129,-1030.8179973864444,-1030.7483901369533
-0.37315696017597655,-1031.1911543466204,-1031.1215470971292
-0.7005072440799305,-1031.8916615907003,-1031.8220543412092
-1.257351227801545,-1033.149012818502,-1033.0794055690108
-0.6986947788799918,-1033.847707597382,-1033.7781003478908
-0.7333708186979426,-1034.58107841608,-1034.5114711665888
-1.0285009198078785,-1035.6095793358877,-1035.5399720863966
-1.0398055701598699,-1036.6493849060475,-1036.5797776565564
-0.7205364464399318,-1037.3699213524874,-1037.3003141029963
-0.7000160746079156,-1038.0699374270953,-1038.0003301776042
-1.1536345384446824,-1039.22357196554,-1039.153964716049
-0.7307755331999335,-1039.95434749874,-1039.8847402492488
-0.7232276087199352,-1040.67757510746,-1040.6079678579688
-0.35879441287679625,-1041.0363695203366,-1040.9667622708455
-0.4607461209599994,-1041.4971156412967,-1041.4275083918055
-1.0313503992479984,-1042.5284660405446,-1042.4588587910534
-1.3367846289503682,-1043.865250669495,-1043.795643420004
-0.7033785457606601,-1044.5686292152557,-1044.4990219657645
-0.7008302668799788,-1045.2694594821357,-1045.1998522326446
-0.7033188345311352,-1045.9727783166668,-1045.9031710671757
-0.7327085539531788,-1046.70548687062,-1046.6358796211289
-0.6767293657599454,-1047.38221623638,-1047.3126089868888
-0.7276030765919496,-1048.109819312972,-1048.0402120634808
-0.7296073909599585,-1048.8394267039318,-1048.7698194544407
-0.5101741177488193,-1049.3496008216807,-1049.2799935721896
-0.35323726463519745,-1049.702838086316,-1049.6332308368249
-0.5091917204079321,-1050.2120298067239,-1050.1424225572327
-0.35120384111998365,-1050.5632336478438,-1050.4936263983527
-0.25627862894398956,-1050.819512276788,-1050.7499050272968
-0.84770975009763,-1051.6672220268856,-1051.5976147773945
-0.5840266836479322,-1052.2512487105334,-1052.1816414610423
-1.040049527492768,-1053.2912982380262,-1053.221690988535
-0.6646843228960035,-1053.9559825609222,-1053.886375311431
-0.6765559535199823,-1054.632538514442,-1054.562931264951
-0.11292517019837367,-1054.7454636846405,-1054.6758564351494
-0.6648149247999433,-1055.4102786094404,-1055.3406713599493
-0.21506012202170052,-1055.625338731462,-1055.555731481971
-0.757339195463967,-1056.3826779269261,-1056.313070677435
-0.30127743483596126,-1056.6839553617622,-1056.614348112271
-0.2040094519840108,-1056.8879648137463,-1056.8183575642552
-0.42448135739510967,-1057.3124461711413,-1057.2428389216502
-0.12785845572000798,-1057.4403046268615,-1057.3706973773703
-0.6024187365119844,-1058.0427233633734,-1057.9731161138823
3.0865913794080533,-1054.9561319839654,-1054.8865247344743
-0.6212892440927851,-1055.5774212280583,-1055.5078139785671
-0.4359771820799285,-1056.0133984101383,-1055.9437911606472
-0.44043194879984826,-1056.4538303589381,-1056.384223109447
-0.3275147420158722,-1056.781345100954,-1056.7117378514629
-0.8953893699198973,-1057.676734470874,-1057.6071272213828
-0.43647856227355186,-1058.1132130331475,-1058.0436057836564
-0.20260396990398882,-1058.3158170030515,-1058.2462097535604
-0.8884097768520043,-1059.2042267799036,-1059.1346195304125
-0.2870350429159005,-1059.4912618228195,-1059.4216545733284
-1.7359536628895804,-1061.2272154857092,-1061.157608236218
-0.5363158497279918,-1061.7635313354372,-1061.693924085946
-0.8762116368675061,-1062.6397429723047,-1062.5701357228136
-0.4291335982453681,-1063.0688765705502,-1062.999269321059
-0.40761023135988766,-1063.4764868019101,-1063.406879552419
-0.9493062051200066,-1064.42579300703,-1064.356185757539
-0.4535328336448394,-1064.879325840675,-1064.8097185911838
-1.1212791003919738,-1066.000604941067,-1065.9309976915758
-0.9655985021950675,-1066.966203443262,-1066.8965961937708
-0.8708653885119032,-1067.8370688317739,-1067.7674615822827
-0.8143811645599747,-1068.651449996334,-1068.5818427468428
-0.664991737279992,-1069.3164417336138,-1069.2468344841227
-0.6626676052352072,-1069.979109338849,-1069.9095020893578
-0.5091393893119771,-1070.488248728161,-1070.4186414786698
-0.6523156425600336,-1071.140564370721,-1071.0709571212299
-0.9466599386878852,-1072.0872243094088,-1072.0176170599177
-0.5541314121503378,-1072.6413557215592,-1072.571748472068
-0.5154470471919909,-1073.1568027687513,-1073.0871955192601
-0.9699772070975949,-1074.1267799758489,-1074.0571727263577
-0.4856848412159718,-1074.6124648170648,-1074.5428575675737
-0.4916968089601788,-1075.104161626025,-1075.0345543765338
-0.6553383809279782,-1075.759500006953,-1075.6898927574618
-0.7083081861888203,-1076.4678081931418,-1076.3982009436506
-0.5594910421536327,-1077.0272992352955,-1076.9576919858043
-0.724581079289606,-1077.7518803145852,-1077.682273065094
-0.5384961259199255,-1078.290376440505,-1078.220769191014
-0.6866104631999936,-1078.976986903705,-1078.9073796542139
-0.47749500777595655,-1079.454481911481,-1079.38487466199
-0.5770119935999078,-1080.0314939050809,-1079.9618866555898
-1.1393352094407945,-1081.1708291145217,-1081.1012218650305
-2.1005928748559826,-1083.2714219893776,-1083.2018147398865
-0.7432593685438966,-1084.0146813579215,-1083.9450741084304
-0.79806198896,-1084.8127433468815,-1084.7431360973903
-0.8894388254856304,-1085.7021821723672,-1085.632574922876
-1.2246221760303817,-1086.9268043483976,-1086.8571970989065
-0.4672274884800627,-1087.3940318368777,-1087.3244245873866
-0.7981792944847671,-1088.1922111313625,-1088.1226038818713
-0.6430326037519558,-1088.8352437351143,-1088.7656364856232
-0.8457305296159701,-1089.6809742647304,-1089.6113670152392
-2.1491648812798707,-1091.8301391460102,-1091.760531896519
-0.36205653448797925,-1092.1921956804981,-1092.122588431007
-1.2802890203599,-1093.472484700858,-1093.402877451367
-1.2697928370767573,-1094.7422775379348,-1094.6726702884437
-0.7694493871999172,-1095.5117269251348,-1095.4421196756437
-1.4814977174639872,-1096.9932246425988,-1096.9236173931076
-1.2236846221655886,-1098.2169092647644,-1098.1473020152732
-0.7443837303999368,-1098.9612929951643,-1098.8916857456732
-0.9135389360240413,-1099.8748319311883,-1099.8052246816972
-0.9539033296000066,-1100.8287352607883,-1100.7591280112972
-0.951874489881539,-1101.7806097506698,-1101.7110025011787
-0.5576494152240448,-1102.3382591658938,-1102.2686519164026
-0.8701418174398984,-1103.2084009833336,-1103.1387937338425
-0.8635358600783591,-1104.071936843412,-1104.0023295939209
-1.6578882383999531,-1105.729825081812,-1105.6602178323208
-1.1114755698239702,-1106.841300651636,-1106.7716934021448
-1.2402768761200158,-1108.081577527756,-1108.011970278265
-4.829501367907338,-1112.9110788956634,-1112.8414716461723
-1.8922147801198852,-1114.8032936757834,-1114.7336864262923
-1.3310036083200214,-1116.1342972841035,-1116.0646900346123
-2.0208209907765595,-1118.1551182748801,-1118.085511025389
-1.8087245206799045,-1119.9638427955601,-1119.894235546069
-0.8669863543679742,-1120.8308291499281,-1120.761221900437
-4.131323517600084,-1124.9621526675282,-1124.8925454180371
-1.2630276635999498,-1126.2251803311283,-1126.1555730816372
-1.8161984734560046,-1128.0413788045844,-1127.9717715550933
-1.3218082804079025,-1129.3631870849922,-1129.293579835501
-0.7943814627840187,-1130.1575685477762,-1130.087961298285
-0.5014010905199688,-1130.6589696382962,-1130.589362388805
-0.9280369544160249,-1131.5870065927122,-1131.517399343221
-1.0358719608383726,-1132.6228785535507,-1132.5532713040595
-0.7155737075199586,-1133.3384522610706,-1133.2688450115795
-0.6470589702527919,-1133.9855112313235,-1133.9159039818323
-0.9783646870399986,-1134.9638759183636,-1134.8942686688724
-0.9180276513198955,-1135.8819035696833,-1135.8122963201922
-0.7381138984799144,-1136.6200174681633,-1136.5504102186721
-0.7078483622399003,-1137.3278658304032,-1137.258258580912
-0.8751587661525315,-1138.2030245965557,-1138.1334173470646
-0.6978771584399437,-1138.9009017549956,-1138.8312945055045
-0.8533634869195892,-1139.7542652419152,-1139.684657992424
-0.7591403836719444,-1140.5134056255872,-1140.443798376096
-0.5465321852639938,-1141.0599378108511,-1140.99033056136
-0.7063095311999653,-1141.7662473420512,-1141.69664009256
-0.8196322191999164,-1142.5858795612512,-1142.51627231176
-0.870832406184028,-1143.4567119674352,-1143.387104717944
-0.9598266644399905,-1144.4165386318753,-1144.3469313823841
-1.804857334603126,-1146.2213959664784,-1146.1517887169873
-1.4556781794671694,-1147.6770741459457,-1147.6074668964545
-0.20568329717357578,-1147.8827574431193,-1147.8131501936282
-0.7421655732223547,-1148.6249230163417,-1148.5553157668505
-0.7922171937680307,-1149.4171402101097,-1149.3475329606185
-0.894635786303916,-1150.3117759964136,-1150.2421687469225
-0.5232707541519304,-1150.8350467505657,-1150.7654395010745
-0.7653621924959721,-1151.6004089430617,-1151.5308016935705
-0.8939550023440097,-1152.4943639454057,-1152.4247566959145
-0.11507387659586035,-1152.6094378220016,-1152.5398305725105
-0.9200678136046636,-1153.5295056356063,-1153.4598983861151
-0.3228930297600371,-1153.8523986653663,-1153.7827914158752
-0.641306957531179,-1154.4937056228976,-1154.4240983734064
-0.8872178227199656,-1155.3809234456176,-1155.3113161961264
-0.7448859244639257,-1156.1258093700815,-1156.0562021205903
-0.6461541356607352,-1156.7719635057422,-1156.702356256251
-2.3016093784319036,-1159.0735728841742,-1159.003965634683
-1.4290056197279735,-1160.5025785039022,-1160.432971254411
-0.988551709286341,-1161.4911302131886,-1161.4215229636975
-0.8197158369599301,-1162.3108460501485,-1162.2412388006574
-0.573476141680003,-1162.8843221918285,-1162.8147149423373
-0.6573401772080165,-1163.5416623690364,-1163.4720551195453
-0.5166967133399432,-1164.0583590823765,-1163.9887518328853
-0.5401605404159879,-1164.5985196227925,-1164.5289123733014
-1.5996344809199576,-1166.1981541037126,-1166.1285468542214
-0.5048405590079801,-1166.7029946627206,-1166.6333874132295
-1.6130679738574687,-1168.316062636578,-1168.2464553870868
-2.880979547801144,-1171.1970421843791,-1171.127434934888
-0.44458951357747306,-1171.6416316979567,-1171.5720244484655
-0.9493792726079529,-1172.5910109705646,-1172.5214037210735
-0.4822797103108188,-1173.0732906808755,-1173.0036834313844
-1.0341445652735757,-1174.1074352461492,-1174.037827996658
-0.6551862160703716,-1174.7626214622196,-1174.6930142127285
-2.190322350719897,-1176.9529438129396,-1176.8833365634484
-0.6991524524543224,-1177.652096265394,-1177.5824890159029
-1.8596382534286564,-1179.5117345188225,-1179.4421272693314
-0.7388993539199362,-1180.2506338727426,-1180.1810266232515
-1.1081006194966923,-1181.3587344922394,-1181.2891272427482
-0.8195924940783048,-1182.1783269863176,-1182.1087197368265
-0.6650541656863171,-1182.843381152004,-1182.7737739025129
-1.1101954115118984,-1183.953576563516,-1183.8839693140249
-1.0061376424320416,-1184.959714205948,-1184.890106956457
-0.3571952119999985,-1185.3169094179482,-1185.247302168457
-0.4471312159777264,-1185.764040633926,-1185.694433384435
-0.8008150291753187,-1186.5648556631013,-1186.4952484136102
-2.4390678133439616,-1189.0039234764452,-1188.934316226954
-0.8199674547199467,-1189.8238909311651,-1189.754283681674
-0.8518291852800226,-1190.675720116445,-1190.606112866954
-0.8955516608128256,-1191.5712717772578,-1191.5016645277667
-0.786048617999987,-1192.3573203952578,-1192.2877131457667
-0.6330420762399513,-1192.9903624714977,-1192.9207552220066
-0.5945451068879413,-1193.5849075783856,-1193.5153003288945
-0.2858490160240307,-1193.8707565944096,-1193.8011493449185
-0.7319355801159465,-1194.6026921745256,-1194.5330849250345
-0.07026694265994993,-1194.6729591171857,-1194.6033518676945
-0.7023571446519905,-1195.3753162618377,-1195.3057090123466
-0.48416282768797797,-1195.8594790895256,-1195.7898718400345
-1.0182422638079673,-1196.8777213533335,-1196.8081141038424
-0.8194569167998688,-1197.6971782701335,-1197.6275710206423
-0.42480243359996184,-1198.1219807037335,-1198.0523734542423
-0.572204038623959,-1198.6941847423575,-1198.6245774928664
-0.4809247797760061,-1199.1751095221334,-1199.1055022726423
-0.29670864933592805,-1199.4718181714693,-1199.4022109219782
-0.46407658803518104,-1199.9358947595044,-1199.8662875100133
-0.552182357039917,-1200.4880771165444,-1200.4184698670533
-0.5469899350150844,-1201.0350670515595,-1200.9654598020684
-0.6427946985407532,-1201.6778617501002,-1201.608254500609
-1.3139752922000114,-1202.9918370423002,-1202.922229792809
-1.2358819724000145,-1204.2277190147001,-1204.158111765209
-1.2353813759039078,-1205.463100390604,-1205.393493141113
-0.6561663300719183,-1206.119266720676,-1206.049659471185
-0.6564636314790648,-1206.775730352155,-1206.706123102664
-0.9277618869119533,-1207.703492239067,-1207.6338849895758
-0.8386946159615496,-1208.5421868550284,-1208.4725796055372
-0.6936258383680295,-1209.2358126933964,-1209.1662054439053
-2.7049191894143494,-1211.9407318828107,-1211.8711246333196
-0.834279428735921,-1212.7750113115467,-1212.7054040620555
-1.4379583436511336,-1214.2129696551979,-1214.1433624057067
-1.0308254854399324,-1215.2437951406378,-1215.1741878911466
-0.8211643683839357,-1216.0649595090217,-1215.9953522595306
-1.8355299711597688,-1217.9004894801815,-1217.8308822306903
-1.399978229094395,-1219.3004677092758,-1219.2308604597847
-0.5100319197119292,-1219.8104996289878,-1219.7408923794967
-0.9945034403999589,-1220.8050030693878,-1220.7353958198967
-0.5652502698239376,-1221.3702533392118,-1221.3006460897207
-0.7044780443519904,-1222.0747313835639,-1222.0051241340727
-0.46457546104723046,-1222.539306844611,-1222.46969959512
-0.631753723583969,-1223.171060568195,-1223.1014533187038
-0.5309510462519501,-1223.7020116144467,-1223.6324043649556
-0.6634608132223917,-1224.3654724276691,-1224.295865178178
-0.6932365108880039,-1225.0587089385572,-1224.989101689066
0.20567755273598282,-1224.8530313858212,-1224.78342413633
-0.46254793075195394,-1225.3155793165731,-1225.245972067082
-0.4680499724895808,-1225.7836292890627,-1225.7140220395715
-0.999620772863964,-1226.7832500619265,-1226.7136428124354
-0.3116862752639586,-1227.0949363371906,-1227.0253290876994
-0.45094739376000675,-1227.5458837309507,-1227.4762764814595
-0.5831564481279725,-1228.1290401790786,-1228.0594329295875
-0.6315331105599605,-1228.7605732896386,-1228.6909660401475
-1.9446575621975932,-1230.7052308518362,-1230.635623602345
-0.5067472878719781,-1231.2119781397082,-1231.142370890217
-0.5903986994399267,-1231.802376839148,-1231.732769589657
-0.20702712293910008,-1232.0094039620872,-1231.939796712596
-0.34189005171200687,-1232.3512940137991,-1232.281686764308
-0.3376701498575865,-1232.6889641636567,-1232.6193569141656
-0.48527047680000146,-1233.1742346404567,-1233.1046273909656
-0.5645320091999918,-1233.7387666496568,-1233.6691594001657
-0.5870447135999854,-1234.3258113632567,-1234.2562041137655
-0.21840658195199014,-1234.5442179452086,-1234.4746106957175
-0.34420271872318703,-1234.8884206639318,-1234.8188134144407
-0.7349004316159755,-1235.6233210955477,-1235.5537138460566
-0.35917231589038107,-1235.982493411438,-1235.912886161947
-0.04896095134400963,-1236.0314543627821,-1235.961847113291
-0.5328182409480309,-1236.5642726037302,-1236.494665354239
-0.6563872939503039,-1237.2206598976804,-1237.1510526481893
-0.15970913587196098,-1237.3803690335524,-1237.3107617840612
-0.7044780443519904,-1238.0848470779044,-1238.0152398284133
-0.6991632184575198,-1238.7840102963619,-1238.7144030468708
-0.3605974921439755,-1239.144607788506,-1239.0750005390148
-0.3837251791999685,-1239.5283329677059,-1239.4587257182147
-0.38435950799998825,-1239.9126924757059,-1239.8430852262147
-0.351595570559974,-1240.2642880462658,-1240.1946807967747
-0.41101052219997253,-1240.675298568466,-1240.6056913189748
-0.7324472417975229,-1241.4077458102633,-1241.3381385607722
-0.4487302943760245,-1241.8564761046393,-1241.7868688551482
-0.4363419974399543,-1242.2928181020793,-1242.2232108525882
-0.5697851467199642,-1242.8626032487994,-1242.7929959993082
-0.6854010132479987,-1243.5480042620475,-1243.4783970125563
-0.33770775651197715,-1243.8857120185594,-1243.8161047690683
-1.0510347366574742,-1244.936746755217,-1244.8671395057258
-0.2627432938880111,-1245.199490049105,-1245.1298827996138
-0.7274455372799651,-1245.9269355863848,-1245.8573283368937
-0.4021446792839326,-1246.3290802656688,-1246.2594730161777
-0.7151870315520372,-1247.0442672972208,-1246.9746600477297
-0.5253992460959791,-1247.5696665433168,-1247.5000592938256
-0.7251045411999606,-1248.2947710845167,-1248.2251638350256
-1.2299021779198944,-1249.5246732624366,-1249.4550660129455
-0.33824771462397907,-1249.8629209770606,-1249.7933137275695
-0.3610739337727996,-1250.2239949108334,-1250.1543876613423
-0.6868449976319222,-1250.9108399084653,-1250.8412326589741
-0.7026116526159903,-1251.6134515610813,-1251.5438443115902
0.3128763216984283,-1251.3005752393829,-1251.2309679898917
-1.2105429924599957,-1252.5111182318428,-1252.4415109823517
-0.5319286492543583,-1253.043046881097,-1252.973439631606
-0.4036917861599325,-1253.446738667257,-1253.377131417766
-0.5914965869999189,-1254.038235254257,-1253.9686280047658
-0.750507579852767,-1254.7887428341098,-1254.7191355846187
-0.2627432938880111,-1255.0514861279978,-1254.9818788785067
-0.4622150246399553,-1255.5137011526379,-1255.4440939031467
-0.5852108220799437,-1256.0989119747178,-1256.0293047252267
-0.46379012226400007,-1256.5627020969819,-1256.4930948474907
0.040318265736036446,-1256.5223838312459,-1256.4527765817547
-0.28122076895385467,-1256.8036046001996,-1256.7339973507085
-0.2492144685855808,-1257.052819068785,-1256.983211819294
-0.20710030527998957,-1257.259919374065,-1257.190312124574
-0.32505310454398706,-1257.584972478609,-1257.5153652291178
-0.2720994735167912,-1257.8570719521258,-1257.7874647026347
-0.26983682699999484,-1258.1269087791259,-1258.0573015296347
-0.44424407001598254,-1258.5711528491418,-1258.5015455996506
-0.2235357385680098,-1258.7946885877097,-1258.7250813382186
-0.2506741005599667,-1259.0453626882697,-1258.9757554387786
-0.38594198822393205,-1259.4313046764937,-1259.3616974270026
-0.3905232211687991,-1259.8218278976626,-1259.7522206481715
-0.4599545450879701,-1260.2817824427507,-1260.2121751932596
-0.43556984596797454,-1260.7173522887188,-1260.6477450392276
-0.011867504399946993,-1260.7292197931188,-1260.6596125436276
-0.17101599360549768,-1260.9002357867244,-1260.8306285372332
-0.07922050751998039,-1260.9794562942443,-1260.9098490447532
-0.3630776271999781,-1261.3425339214443,-1261.2729266719532
-0.6792149411998958,-1262.0217488626442,-1261.9521416131531
-0.4722491401919835,-1262.4939980028362,-1262.424390753345
-0.4863268065279731,-1262.9803248093642,-1262.910717559873
-0.40004367638398053,-1263.3803684857482,-1263.3107612362571
-0.337862535436753,-1263.718231021185,-1263.6486237716938
-0.34194659770318675,-1264.060177618888,-1263.990570369397
-0.5280817537279795,-1264.588259372616,-1264.5186521231249
-0.7311958547038228,-1265.3194552273198,-1265.2498479778287
-0.6405650100959546,-1265.9600202374158,-1265.8904129879247
-0.6850452976799088,-1266.6450655350957,-1266.5754582856046
-0.4997491699200037,-1267.1448147050157,-1267.0752074555246
-0.2734640252815409,-1267.4182787302973,-1267.3486714808062
-0.7026116526159903,-1268.1208903829133,-1268.0512831334222
-0.6774155107775172,-1268.798305893691,-1268.7286986441998
-0.7270416248928333,-1269.5253475185837,-1269.4557402690925
-0.4967216031935833,-1270.0220691217773,-1269.9524618722862
-0.6665370470399901,-1270.6886061688174,-1270.6189989193263
-0.6491413076399055,-1271.3377474764573,-1271.2681402269661
-0.07305360403195882,-1271.4108010804891,-1271.341193830998
-0.3589293344000073,-1271.7697304148892,-1271.700123165398
-0.47993128575997246,-1272.249661700649,-1272.180054451158
-0.4005414715199894,-1272.650203172169,-1272.580595922678
-0.337862535436753,-1272.9880657076058,-1272.9184584581146
-0.3424858465250936,-1273.3305515541308,-1273.2609443046397
-0.7450066532159615,-1274.0755582073468,-1274.0059509578557
-0.5069186599679655,-1274.5824768673149,-1274.5128696178238
-0.4854060215359346,-1275.0678828888508,-1274.9982756393597
-0.3520124301823653,-1275.4198953190332,-1275.350288069542
-0.34751132847998134,-1275.767406647513,-1275.697799398022
-0.324379835784004,-1276.091786483297,-1276.022179233806
-0.33459578885920477,-1276.4263822721562,-1276.356775022665
-0.48106255495999484,-1276.9074448271163,-1276.8378375776251
-0.5034266165760058,-1277.4108714436923,-1277.3412641942011
-0.4915984315039228,-1277.9024698751962,-1277.832862625705
-0.2831336175999985,-1278.1856034927962,-1278.115996243305
-1.0024914391199855,-1279.188094931916,-1279.118487682425
-1.05700268215198,-1280.245097614068,-1280.175490364577
-0.19730422353598764,-1280.4424018376042,-1280.372794588113
-0.9383485502744138,-1281.3807503878786,-1281.3111431383875
-0.5712532623359466,-1281.9520036502145,-1281.8823964007233
-0.4544117798616235,-1282.406415430076,-1282.336808180585
-0.5464019816639845,-1282.9528174117402,-1282.883210162249
-0.9304867267800963,-1283.8833041385203,-1283.8136968890292
-0.8109115046399684,-1284.6942156431603,-1284.6246083936692
-0.29699717745599236,-1284.9912128206163,-1284.9216055711252
-0.16143258503999092,-1285.1526454056564,-1285.0830381561652
-0.5543570565791592,-1285.7070024622356,-1285.6373952127444
-0.6730544667166503,-1286.3800569289522,-1286.310449679461
-0.9060014070814943,-1287.2860583360336,-1287.2164510865425
-0.6163878783599888,-1287.9024462143936,-1287.8328389649025
-1.3087964160239516,-1289.2112426304177,-1289.1416353809266
-0.6518667801599709,-1289.8631094105776,-1289.7935021610865
-0.7437683819999794,-1290.6068777925775,-1290.5372705430864
-0.3674483637560287,-1290.9743261563335,-1290.9047189068424
-0.4236712211765141,-1291.3979973775101,-1291.328390128019
-1.0917227865599433,-1292.4897201640701,-1292.420112914579
-0.5207291807999731,-1293.01044934487,-1292.940842095379
-0.6383399237279874,-1293.648789268598,-1293.5791820191068
-0.8641521664000114,-1294.512941434998,-1294.443334185507
-0.6792295161599136,-1295.192170951158,-1295.1225637016669
-0.7652913956158901,-1295.9574623467738,-1295.8878550972827
-0.8403990281951441,-1296.797861374969,-1296.7282541254779
-0.63271528319995,-1297.430576658169,-1297.3609694086779
-0.5003976187583832,-1297.9309742769274,-1297.8613670274362
-0.07163352703999148,-1298.0026078039673,-1297.9330005544762
-0.6504389228159959,-1298.6530467267833,-1298.5834394772921
-0.35836612816704494,-1299.0114128549503,-1298.9418056054592
-0.5690001898392091,-1299.5804130447896,-1299.5108057952984
-0.43707807811201094,-1300.0174911229017,-1299.9478838734105
-0.3478918153359699,-1300.3653829382376,-1300.2957756887465
-0.5365613657599069,-1300.9019443039977,-1300.8323370545065
-1.6955199854039904,-1302.5974642894016,-1302.5278570399105
-0.2346832351934067,-1302.832147524595,-1302.762540275104
-0.3599209527479787,-1303.192068477343,-1303.1224612278518
-0.4464206837599946,-1303.6384891611028,-1303.5688819116117
-1.0535155580879418,-1304.6920047191907,-1304.6223974696995
-1.0452353202847684,-1305.7372400394754,-1305.6676327899843
-0.46990022860798364,-1306.2071402680833,-1306.1375330185922
-0.32493434692316525,-1306.5320746150064,-1306.4624673655153
-0.18748869111355826,-1306.7195633061199,-1306.6499560566288
-0.3832702724543866,-1307.1028335785743,-1307.0332263290832
-0.6058694246399985,-1307.7087030032144,-1307.6390957537233
-0.23764486076799632,-1307.9463478639823,-1307.8767406144912
-0.24687270191994812,-1308.1932205659023,-1308.1236133164111
-0.2887671227391675,-1308.4819876886415,-1308.4123804391504
-0.2852343575999619,-1308.7672220462416,-1308.6976147967505
-1.3587064739407881,-1310.1259285201825,-1310.0563212706913
-1.0479593718591642,-1311.1738878920416,-1311.1042806425505
-0.3672379643136002,-1311.5411258563552,-1311.471518606864
-0.157822288128026,-1311.6989481444832,-1311.629340894992
-0.3322449932791633,-1312.0311931377623,-1311.9615858882712
-0.21645890431995563,-1312.2476520420823,-1312.1780447925912
-0.2652831449857488,-1312.512935187068,-1312.443327937577
-0.9289332040319422,-1313.4418683911,-1313.3722611416088
-0.48521427657591465,-1313.927082667676,-1313.8574754181848
-1.1253608453695267,-1315.0524435130453,-1314.9828362635542
-0.3185457189680309,-1315.3709892320132,-1315.3013819825221
-0.6453937059871292,-1316.0163829380003,-1315.9467756885092
-0.32330963679998753,-1316.3396925748002,-1316.270085325309
-0.40069247486400117,-1316.7403850496642,-1316.670777800173
-0.4025425050399677,-1317.142927554704,-1317.073320305213
-0.35844418815678314,-1317.5013717428608,-1317.4317644933697
-0.3297274612367984,-1317.8310992040977,-1317.7614919546065
-0.5128525666791754,-1318.3439517707768,-1318.2743445212857
-0.4051854570240291,-1318.749137227801,-1318.6795299783098
-0.3518789367599898,-1319.1010161645609,-1319.0314089150697
-0.47617815841595723,-1319.5771943229768,-1319.5075870734856
-0.49091189415841696,-1320.0681062171352,-1319.998498967644
-0.516356026087926,-1320.5844622432232,-1320.5148549937321
-0.37509486299998984,-1320.9595571062232,-1320.889949856732
-0.47238854272001124,-1321.4319456489432,-1321.362338399452
-0.3356399333759937,-1321.767585582319,-1321.697978332828
-0.5856269227048654,-1322.353212505024,-1322.2836052555328
-0.5463877935871653,-1322.8996002986112,-1322.82999304912
-0.42453633310316985,-1323.3241366317143,-1323.2545293822232
-0.6149716019999669,-1323.9391082337143,-1323.8695009842231
-0.4617253900799806,-1324.4008336237941,-1324.331226374303
-0.32114490423835446,-1324.7219785280324,-1324.6523712785413
-0.35056202380800133,-1325.0725405518403,-1325.0029333023492
-0.5300834118479105,-1325.6026239636883,-1325.5330167141972
-0.483067064444751,-1326.085691028133,-1326.0160837786418
0.723554005176051,-1325.3621370229569,-1325.2925297734657
-0.5128832831999447,-1325.8750203061568,-1325.8054130566657
-0.4228790517599885,-1326.2978993579168,-1326.2282921084256
-0.7132784435127653,-1327.0111778014295,-1326.9415705519384
-0.28747516237437803,-1327.298652963804,-1327.2290457143129
-0.5313221650513688,-1327.8299751288553,-1327.7603678793641
-1.053936990911958,-1328.8839121197673,-1328.8143048702761
-0.6022635206559739,-1329.4861756404232,-1329.416568390932
-1.3385618530463566,-1330.8247374934695,-1330.7551302439783
-0.9645141934079602,-1331.7892516868774,-1331.7196444373863
-0.6405309471360118,-1332.4297826340135,-1332.3601753845223
-0.8737380943199624,-1333.3035207283335,-1333.2339134788424
-0.4466548986703703,-1333.750175627004,-1333.6805683775128
-0.07217577797596303,-1333.8223514049798,-1333.7527441554887
-0.11111280764634202,-1333.9334642126262,-1333.863856963135
-0.2865114292367758,-1334.219975641863,-1334.1503683923718
-0.4906399429631487,-1334.710615584826,-1334.6410083353348
-0.516356026087926,-1335.226971610914,-1335.1573643614229
-1.1945464376159014,-1336.4215180485298,-1336.3519107990387
-0.27778369287357685,-1336.6993017414034,-1336.6296944919122
-0.5271647090000094,-1337.2264664504034,-1337.1568592009123
-0.7308058732799196,-1337.9572723236834,-1337.8876650741922
-0.5046381657600324,-1338.4619104894434,-1338.3923032399523
-0.5288624113359854,-1338.9907729007793,-1338.9211656512882
-0.6649206903727685,-1339.6556935911522,-1339.586086341661
-0.3769106535359925,-1340.0326042446882,-1339.962996995197
-0.44242979264636223,-1340.4750340373346,-1340.4054267878435
-0.5864426962559626,-1341.0614767335906,-1340.9918694840994
-0.25295808647996126,-1341.3144348200706,-1341.2448275705794
-0.31859910273593395,-1341.6330339228066,-1341.5634266733155
-0.48556916505116055,-1342.1186030878578,-1342.0489958383666
-0.5729432975999573,-1342.6915463854577,-1342.6219391359666
-0.662180214833552,-1343.3537266002913,-1343.2841193508002
-0.5190272850175666,-1343.8727538853088,-1343.8031466358177
-0.5139238684184171,-1344.3866777537273,-1344.3170705042362
-0.5955613787199997,-1344.9822391324474,-1344.9126318829562
-0.34329027054400696,-1345.3255294029914,-1345.2559221535003
-0.7620798924287884,-1346.0876092954202,-1346.018002045929
-0.83897127904801,-1346.9265805744683,-1346.8569733249772
-0.9698892379199717,-1347.8964698123882,-1347.826862562897
-1.1138196597307037,-1349.010289472119,-1348.9406822226279
-0.5105104151999771,-1349.520799887319,-1349.451192637828
-0.7544220823679688,-1350.275221969687,-1350.2056147201959
0.008295127584848988,-1350.266926842102,-1350.197319592611
-0.9831998967840115,-1351.2501267388861,-1351.180519489395
-1.115484003839991,-1352.3656107427262,-1352.296003493235
-0.9850916582688032,-1353.350702400995,-1353.281095151504
-0.9211086694399991,-1354.271811070435,-1354.2022038209439
-1.4184351130320152,-1355.690246183467,-1355.620638933976
-1.000604407635132,-1356.6908505911022,-1356.621243341611
-0.48380969919998695,-1357.1746602903022,-1357.105053040811
-0.5733810258559778,-1357.7480413161582,-1357.678434066667
-0.5000097803167431,-1358.248051096475,-1358.1784438469838
-0.7187109309279736,-1358.9667620274029,-1358.8971547779117
-1.0957733799598746,-1360.0625354073627,-1359.9929281578716
-0.617617784476783,-1360.6801531918395,-1360.6105459423484
-0.7022887473999615,-1361.3824419392395,-1361.3128346897483
-0.662180214833552,-1362.044622154073,-1361.975014904582
-1.235713234559995,-1363.2803353886331,-1363.210728139142
-0.34248917399998574,-1363.6228245626332,-1363.553217313142
-0.5264007434671919,-1364.1492253061003,-1364.0796180566092
-0.66406043180156,-1364.8132857379019,-1364.7436784884108
-0.5079774947039559,-1365.3212632326058,-1365.2516559831147
-0.34565139719998744,-1365.666914629806,-1365.5973073803148
-0.34106157736559856,-1366.0079762071714,-1365.9383689576803
-0.6260075838759745,-1366.6339837910473,-1366.5643765415562
-0.6778235439359545,-1367.3118073349833,-1367.2422000854922
-0.514688004353575,-1367.8264953393368,-1367.7568880898457
-1.1454290722559868,-1368.971924411593,-1368.9023171621018
-0.6884395048943759,-1369.6603639164873,-1369.5907566669962
-0.21078035918879195,-1369.8711442756762,-1369.801537026185
-0.9062912600640252,-1370.7774355357403,-1370.7078282862492
-0.6405032087999376,-1371.4179387445402,-1371.348331495049
-0.07805718230402223,-1371.4959959268442,-1371.426388677353
-0.46294947647999724,-1371.9589454033242,-1371.889338153833
-0.38943391902556335,-1372.3483793223497,-1372.2787720728586
-0.6697542942144394,-1373.0181336165642,-1372.948526367073
-0.32385367519999486,-1373.3419872917643,-1373.2723800422732
-0.46008224769597766,-1373.8020695394603,-1373.7324622899691
-0.34209790691997954,-1374.1441674463802,-1374.074560196889
-0.18459975504001372,-1374.32876720142,-1374.259159951929
-0.4359238387199904,-1374.7646910401402,-1374.695083790649
-0.25551037199999566,-1375.02020141214,-1374.950594162649
-0.30149269111440485,-1375.3216941032545,-1375.2520868537633
-0.24450014500559367,-1375.56619424826,-1375.4965869987689
-0.28133897727993196,-1375.84753322554,-1375.777925976049
-0.536071200271918,-1376.3836044258119,-1376.3139971763208
-0.6218398945991492,-1377.005444320411,-1376.93583707092
-0.27196546615839384,-1377.2774097865695,-1377.2078025370784
0.7636551589680142,-1376.5137546276014,-1376.4441473781103
-0.4924867257999367,-1377.0062413534013,-1376.9366341039101
-0.3686751170879503,-1377.3749164704893,-1377.3053092209982
-0.6650433529231519,-1378.0399598234126,-1377.9703525739214
-0.7318139740799603,-1378.7717737974926,-1378.7021665480015
-0.31880544191997945,-1379.0905792394126,-1379.0209719899215
-0.49504096853753393,-1379.5856202079501,-1379.516012958459
-0.44253818222402536,-1380.0281583901742,-1379.958551140683
-0.290543066692791,-1380.318701456867,-1380.249094207376
-0.500623402608001,-1380.819324859475,-1380.749717609984
-0.34106157736559856,-1381.1603864368406,-1381.0907791873494
-0.45715220328953826,-1381.61753864013,-1381.547931390639
-0.4085633199999726,-1382.02610196013,-1381.956494710639
-0.5858485956959552,-1382.611950555826,-1382.542343306335
-0.2586101976640005,-1382.87056075349,-1382.800953503999
-0.3841519127391839,-1383.2547126662291,-1383.185105416738
-0.11858293784478022,-1383.373295604074,-1383.3036883545828
-0.4770008642610548,-1383.850296468335,-1383.780689218844
-0.3638256799999989,-1384.214122148335,-1384.144514898844
-0.33426127324797905,-1384.548383421583,-1384.4787761720918
-0.31042413023997334,-1384.8588075518228,-1384.7892003023317
-0.42909894871998966,-1385.2879065005427,-1385.2182992510516
-0.3931772976000151,-1385.6810837981427,-1385.6114765486516
-0.4619760169823601,-1386.143059815125,-1386.073452565634
-0.3655143031039829,-1386.508574118229,-1386.438966868738
-0.9032093821439151,-1387.4117835003728,-1387.3421762508817
-0.6689481205343228,-1388.0807316209073,-1388.0111243714161
-0.18784023090000648,-1388.2685718518073,-1388.1989646023162
-0.10837340811358981,-1388.3769452599208,-1388.3073380104297
-0.5144454312319509,-1388.8913906911528,-1388.8217834416616
-0.48993698879999314,-1389.3813276799528,-1389.3117204304617
-0.4966562539439419,-1389.8779839338968,-1389.8083766844056
-0.8270879226960031,-1390.7050718565927,-1390.6354646071015
-0.5006067276671282,-1391.2056785842599,-1391.1360713347688
-0.7457497675200561,-1391.95142835178,-1391.8818211022888
-0.4272810328800034,-1392.37870938466,-1392.3091021351688
-0.3689306885375734,-1392.7476400731975,-1392.6780328237064
-0.3362878162880187,-1393.0839278894855,-1393.0143206399944
-0.46472869188712185,-1393.5486565813726,-1393.4790493318815
-0.3924847745279888,-1393.9411413559005,-1393.8715341064094
-0.4836003551999499,-1394.4247417111005,-1394.3551344616094
-0.24731473311994023,-1394.6720564442205,-1394.6024491947294
-0.345634395999999,-1395.0176908402204,-1394.9480835907293
-0.3550258588799544,-1395.3727166991005,-1395.3031094496093
-0.3272233884911734,-1395.6999400875916,-1395.6303328381005
-0.7090758174719538,-1396.4090159050636,-1396.3394086555725
-0.6668741101439231,-1397.0758900152075,-1397.0062827657164
-0.4167033325151813,-1397.4925933477227,-1397.4229860982316
-0.342176868633563,-1397.8347702163562,-1397.765162966865
-0.5144454312319509,-1398.3492156475882,-1398.279608398097
-1.1914118217119944,-1399.5406274693,-1399.471020219809
-0.026349770271953732,-1399.566977239572,-1399.4973699900809
-0.3513427189119651,-1399.918319958484,-1399.848712708993
-0.507480889651954,-1400.425800848136,-1400.356193598645
-0.2929744814399887,-1400.7187753295761,-1400.649168080085
-0.49486623104397837,-1401.21364156062,-1401.144034311129
-0.20163931709598226,-1401.415280877716,-1401.3456736282249
-0.4199543309015827,-1401.8352352086176,-1401.7656279591265
-0.46987597785122837,-1402.3051111864688,-1402.2355039369777
-0.38671584432000883,-1402.6918270307888,-1402.6222197812976
-0.7116658015630781,-1403.403492832352,-1403.3338855828608
-0.42728116305598685,-1403.830773995408,-1403.7611667459169
-0.37385476463997425,-1404.2046287600479,-1404.1350215105567
-0.3454482299039868,-1404.5500769899518,-1404.4804697404606
-0.5027595989327226,-1405.0528365888845,-1404.9832293393933
-0.25573628766389833,-1405.3085728765484,-1405.2389656270573
-0.4822091658239255,-1405.7907820423723,-1405.7211747928811
-0.26605332319999647,-1406.0568353655722,-1405.987228116081
-0.14133707516158464,-1406.1981724407337,-1406.1285651912426
-0.24274984309114245,-1406.4409222838249,-1406.3713150343337
-0.342341603583951,-1406.7832638874088,-1406.7136566379177
-0.32952643904797024,-1407.1127903264567,-1407.0431830769655
-0.7280207403945267,-1407.840811066851,-1407.77120381736
-0.504533136268783,-1408.3453442031198,-1408.2757369536287
-0.40094746017599825,-1408.7462916632958,-1408.6766844138047
-0.373672346400002,-1409.1199640096959,-1409.0503567602047
-0.12494022167988833,-1409.2449042313758,-1409.1752969818847
-0.5216564902119929,-1409.766560721588,-1409.6969534720968
-0.46956643994875946,-1410.2361271615366,-1410.1665199120455
-0.4981546115567428,-1410.7342817730935,-1410.6646745236023
-0.32421365983435213,-1411.0584954329279,-1410.9888881834368
-1.6230656617127717,-1412.6815610946408,-1412.6119538451496
-0.40211193787198496,-1413.0836730325127,-1413.0140657830216
-0.39406918495196563,-1413.4777422174648,-1413.4081349679736
-0.4494063167440182,-1413.9271485342088,-1413.8575412847176
-0.23013300225597258,-1414.1572815364648,-1414.0876742869737
-0.2494354679519764,-1414.4067170044168,-1414.3371097549257
-0.1929460755393183,-1414.5996630799561,-1414.530055830465
-0.19142774111997066,-1414.791090821076,-1414.721483571585
-0.3510484403608118,-1415.1421392614368,-1415.0725320119457
-0.4985440728624181,-1415.6406833342992,-1415.571076084808
-0.33220570968000873,-1415.9728890439792,-1415.903281794488
-0.4413355078079615,-1416.4142245517871,-1416.344617302296
-0.4151786063999916,-1416.8294031581872,-1416.759795908696
-0.7143586206399827,-1417.5437617788273,-1417.4741545293361
-0.7785825765696115,-1418.3223443553968,-1418.2527371059057
-0.313459901104004,-1418.6358042565007,-1418.5661970070096
-0.46570709405278776,-1419.1015113505534,-1419.0319041010623
-0.283473641599964,-1419.3849849921535,-1419.3153777426623
-0.4203948917999789,-1419.8053798839535,-1419.7357726344624
-0.5222503421280356,-1420.3276302260815,-1420.2580229765904
-0.07133609274879307,-1420.3989663188304,-1420.3293590693393
-2.7690303931414983,-1423.167996711972,-1423.0983894624808
-0.9757696060799943,-1424.1437663180518,-1424.0741590685607
-0.9318820053311299,-1425.075648323383,-1425.0060410738918
-1.0330402848191877,-1426.108688608202,-1426.039081358711
-0.9078524121599285,-1427.016541020362,-1426.9469337708708
-0.6246397749599977,-1427.641180795322,-1427.571573545831
-0.5928011980799441,-1428.233981993402,-1428.164374743911
-0.7156944391999969,-1428.949676432602,-1428.880069183111
-1.0856717016050017,-1430.035348134207,-1429.9657408847158
-0.9448803541887871,-1430.9802284883958,-1430.9106212389047
-0.6030434937999611,-1431.5832719821958,-1431.5136647327047
-0.4454122722719706,-1432.0286842544679,-1431.9590770049767
-0.359405367999964,-1432.3880896224678,-1432.3184823729766
-0.33414641314077287,-1432.7222360356086,-1432.6526287861175
-0.6939369242879281,-1433.4161729598966,-1433.3465657104055
-0.4954792631183248,-1433.911652223015,-1433.8420449735238
-0.34283803862395773,-1434.254490261639,-1434.1848830121478
-0.3251879589887458,-1434.5796782206276,-1434.5100709711364
-0.14346118390637652,-1434.7231394045339,-1434.6535321550427
-0.31498387321436006,-1435.0381232777481,-1434.968516028257
-0.44363367999996955,-1435.481756957748,-1435.412149708257
-0.3454983863999587,-1435.827255344148,-1435.7576480946568
-0.4299808990719788,-1436.25723624322,-1436.1876289937288
-0.6791494441535685,-1436.9363856873736,-1436.8667784378824
-0.5222503421280356,-1437.4586360295016,-1437.3890287800104
-0.37204406007996,-1437.8306800895816,-1437.7610728400905
-0.33325208201600676,-1438.1639321715977,-1438.0943249221066
-1.044518963846381,-1439.2084511354442,-1439.138843885953
-0.7418626862399929,-1439.9503138216842,-1439.880706572193
-0.24762415495994214,-1440.1979379766442,-1440.128330727153
-0.3365945070399452,-1440.5345324836842,-1440.464925234193
-0.5051822041600113,-1441.0397146878443,-1440.9701074383531
-0.663267920159995,-1441.7029826080043,-1441.6333753585131
-0.7151870315519451,-1442.4181696395563,-1442.3485623900651
-0.4341423235967661,-1442.852311963153,-1442.7827047136618
-0.4992367186799858,-1443.351548681833,-1443.281941432342
-0.10951606043517807,-1443.4610647422683,-1443.3914574927771
-0.4637886302255233,-1443.9248533724938,-1443.8552461230026
-0.47441941842240537,-1444.3992727909163,-1444.3296655414251
-0.5535339259679943,-1444.9528067168842,-1444.883199467393
-0.4739335326143591,-1445.4267402494986,-1445.3571330000075
-0.7459465872000043,-1446.1726868366986,-1446.1030795872075
-0.6439697375999924,-1446.8166565742986,-1446.7470493248074
-2.6473237193039045,-1449.4639802936024,-1449.3943730441113
-1.1925764599000397,-1450.6565567535024,-1450.5869495040113
-0.627201900288005,-1451.2837586537903,-1451.2141514042992
-0.6819426518687738,-1451.965701305659,-1451.8960940561678
-0.9233543751167128,-1452.8890556807758,-1452.8194484312846
-0.6570034189920053,-1453.5460590997677,-1453.4764518502766
-0.6872288270400126,-1454.2332879268076,-1454.1636806773165
-0.38500917520001376,-1454.6182971020075,-1454.5486898525164
-0.6726728231711598,-1455.2909699251786,-1455.2213626756875
-0.7380349161119893,-1456.0290048412905,-1455.9593975917994
-0.3540028657984027,-1456.3830077070888,-1456.3134004575977
-0.4573985535360007,-1456.8404062606248,-1456.7707990111337
-0.4844713130399581,-1457.3248775736647,-1457.2552703241736
-0.18267698836794133,-1457.5075545620327,-1457.4379473125416
-0.464035003639064,-1457.9715895656718,-1457.9019823161807
-0.3758553565680025,-1458.34744492224,-1458.2778376727488
-0.5139393887999759,-1458.86138431104,-1458.7917770615488
-0.5460208879199788,-1459.4074051989599,-1459.3377979494687
-0.7770044230559998,-1460.184409622016,-1460.1148023725248
-0.6853416793151998,-1460.869751301331,-1460.8001440518399
-0.4821150866880285,-1461.351866388019,-1461.282259138528
-0.3426277001759386,-1461.694494088195,-1461.6248868387038
-0.4655386452095797,-1462.1600327334045,-1462.0904254839134
-0.276032818900812,-1462.4360655523053,-1462.3664583028142
-0.6815154567310873,-1463.1175810090365,-1463.0479737595454
-0.49897629263996396,-1463.6165573016765,-1463.5469500521854
-0.6590626996799345,-1464.2756200013564,-1464.2060127518653
-0.7054044917759571,-1464.9810244931323,-1464.9114172436412
-0.480753133119993,-1465.4617776262523,-1465.3921703767612
-0.47524636788479313,-1465.9370239941372,-1465.867416744646
-0.4637886302255233,-1466.4008126243627,-1466.3312053748716
-0.3606762417023845,-1466.761488866065,-1466.691881616574
-0.37184684615995733,-1467.133335712225,-1467.063728462734
-0.2542603003200009,-1467.3875960125451,-1467.317988763054
-0.3295567011840027,-1467.717152713729,-1467.647545464238
-0.10258074043593945,-1467.819733454165,-1467.750126204674
-0.48755225302398897,-1468.307285707189,-1468.237678457698
-0.6613009880732593,-1468.9685866952623,-1468.8989794457711
-0.7590523841279773,-1469.7276390793902,-1469.658031829899
-0.37318520404799294,-1470.1008242834382,-1470.031217033947
-0.35401524092479963,-1470.454839524363,-1470.385232274872
-0.6151317867360051,-1471.069971311099,-1471.0003640616078
-0.6020828193600227,-1471.672054130459,-1471.6024468809678
-0.8139838576351339,-1472.486037988094,-1472.416430738603
-1.128807439200033,-1473.614845427294,-1473.545238177803
-0.6395525060639894,-1474.2543979333582,-1474.184790683867
-1.124188357336805,-1475.378586290695,-1475.3089790412039
-1.4458560782399157,-1476.824442368935,-1476.754835119444
-0.3315647469183701,-1477.1560071158533,-1477.0863998663622
-0.5242484823264072,-1477.6802555981797,-1477.6106483486885
-0.5328574588127741,-1478.2131130569924,-1478.1435058075012
-0.2053021476000193,-1478.4184152045923,-1478.3488079551012
-0.6621369157599674,-1479.0805521203522,-1479.010944870861
-0.5039736440991103,-1479.5845257644512,-1479.51491851496
-0.45684679540988726,-1480.041372559861,-1479.9717653103698
-0.46600755609598055,-1480.507380115957,-1480.4377728664658
-0.531793251697515,-1481.0391733676545,-1480.9695661181634
-0.3792843554111094,-1481.4184577230656,-1481.3488504735744
-0.8853230513279811,-1482.3037807743935,-1482.2341735249024
-0.37191831511998524,-1482.6756990895135,-1482.6060918400224
-0.49791564159998575,-1483.1736147311135,-1483.1040074816224
-0.34208808168959537,-1483.515702812803,-1483.446095563312
-2.6861080957247148,-1486.2018109085277,-1486.1322036590366
-0.2462968981960194,-1486.4481078067238,-1486.3785005572327
-0.8584104513599005,-1487.3065182580838,-1487.2369110085926
-0.3936173721423917,-1487.7001356302262,-1487.630528380735
-0.3315647469183701,-1488.0317003771445,-1487.9620931276534
-1.0462732461152018,-1489.0779736232596,-1489.0083663737685
-0.7338389125535014,-1489.811812535813,-1489.742205286322
-0.8030787411840061,-1490.614891276997,-1490.5452840275059
-0.7295150656000546,-1491.344406342597,-1491.274799093106
-1.079128936367966,-1492.4235352789651,-1492.353928029474
-0.6515521182719595,-1493.075087397237,-1493.0054801477459
-1.0849901529599384,-1494.160077550197,-1494.0904703007059
-1.3635906214442475,-1495.5236681716412,-1495.4540609221501
-0.9794644816318527,-1496.503132653273,-1496.433525403782
-0.8437159647359357,-1497.346848618009,-1497.277241368518
-0.1531141039023535,-1497.4999627219115,-1497.4303554724204
-0.25330420503997814,-1497.7532669269515,-1497.6836596774604
-0.46013605071996766,-1498.2134029776714,-1498.1437957281803
-0.5304005459999771,-1498.7438035236714,-1498.6741962741803
-0.1723002798000029,-1498.9161038034715,-1498.8464965539804
-0.5067353368800116,-1499.4228391403515,-1499.3532318908603
-0.4565217538511349,-1499.8793608942026,-1499.8097536447115
-0.41226438385434766,-1500.291625278057,-1500.2220180285658
-0.32320421392002074,-1500.614829491977,-1500.5452222424858
-0.34556620415995626,-1500.9603956961369,-1500.8907884466457
-0.0742376668192058,-1501.0346333629561,-1500.965026113465
-0.33292361883196997,-1501.367556981788,-1501.297949732297
-0.47565940118395333,-1501.843216382972,-1501.773609133481
-0.16913483534635132,-1502.0123512183184,-1501.9427439688272
-0.2830354473599786,-1502.2953866656783,-1502.2257794161872
-0.3690892077263837,-1502.6644758734046,-1502.5948686239135
-0.4558666811663019,-1503.120342554571,-1503.0507353050798
-0.12231271599998161,-1503.2426552705708,-1503.1730480210797
-0.2842473600799547,-1503.5269026306507,-1503.4572953811596
-0.461529659135973,-1503.9884322897867,-1503.9188250402956
-0.46270465919999393,-1504.4511369489867,-1504.3815296994956
-0.5239011413999665,-1504.9750380903868,-1504.9054308408956
-0.43164145127999687,-1505.4066795416668,-1505.3370722921757
-0.2378497556880039,-1505.644529297355,-1505.5749220478638
-0.34551172086076426,-1505.9900410182156,-1505.9204337687245
-0.37534949172795884,-1506.3653905099436,-1506.2957832604525
-0.47345742100800525,-1506.8388479309517,-1506.7692406814606
-0.7328220748799412,-1507.5716700058317,-1507.5020627563406
-0.18144148633913076,-1507.7531114921708,-1507.6835042426796
-0.12033250779353247,-1507.8734439999644,-1507.8038367504732
-0.4771128989039738,-1508.3505568988683,-1508.2809496493771
-0.5009819826119454,-1508.85153888148,-1508.781931631989
-1.635533569199993,-1510.4870724506802,-1510.417465201189
0.47996847044655067,-1510.0071039802338,-1509.9374967307426
-1.1833131152447063,-1511.1904170954786,-1511.1208098459874
-0.44154054322075187,-1511.6319576386993,-1511.5623503892082
-0.6724659115295374,-1512.3044235502289,-1512.2348163007377
-0.3999435595199913,-1512.7043671097488,-1512.6347598602576
-0.6091629263999425,-1513.3135300361487,-1513.2439227866575
0.1848558017600166,-1513.1286742343887,-1513.0590669848975
-0.9499619662344889,-1514.0786362006231,-1514.009028951132
-0.6038138531647158,-1514.6824500537878,-1514.6128428042966
-0.7298384516719834,-1515.4122885054599,-1515.3426812559687
-0.5072224926455171,-1515.9195109981054,-1515.8499037486142
-0.7319908541375566,-1516.651501852243,-1516.5818946027518
-0.4996372954239763,-1517.151139147667,-1517.0815318981759
-0.21475015637033032,-1517.3658893040374,-1517.2962820545463
-0.36451927511998883,-1517.7304085791575,-1517.6608013296664
-0.386963527103951,-1518.1173721062614,-1518.0477648567703
-0.3258347830399304,-1518.4432068893013,-1518.3735996398102
-0.06400118259016246,-1518.5072080718915,-1518.4376008224003
-0.1868683268135774,-1518.694076398705,-1518.6244691492138
-0.2388734384799739,-1518.9329498371849,-1518.8633425876938
-0.22761856672799063,-1519.160568403913,-1519.0909611544218
-0.2970766516607524,-1519.4576450555737,-1519.3880378060826
-0.7136160155487831,-1520.1712610711224,-1520.1016538216313
-0.384449159687995,-1520.5557102308105,-1520.4861029813194
-0.07897413047994789,-1520.6346843612905,-1520.5650771117994
-0.20436719184000535,-1520.8390515531305,-1520.7694443036394
-0.4008707873999501,-1521.2399223405305,-1521.1703150910394
-0.9753222953375204,-1522.215244635868,-1522.1456373863768
-0.4685626090098135,-1522.6838072448777,-1522.6141999953866
-1.1049888471336164,-1523.7887960920114,-1523.7191888425202
-0.2753882007359899,-1524.0641842927473,-1523.9945770432562
0.16871533208327172,-1523.895468960664,-1523.8258617111728
-0.31565687025599165,-1524.2111258309199,-1524.1415185814287
-0.6572577559103414,-1524.8683835868303,-1524.7987763373392
5.5343310911919845,-1519.3340524956384,-1519.2644452461473
-1.8940796663999528,-1521.2281321620383,-1521.1585249125471
-0.7154299430399229,-1521.9435621050782,-1521.873954855587
-0.4729013334047547,-1522.4164634384829,-1522.3468561889918
-0.25690870547996836,-1522.6733721439628,-1522.6037648944716
-0.33869140206718046,-1523.0120635460298,-1522.9424562965387
-1.0664575767456022,-1524.0785211227753,-1524.0089138732842
-0.9300472581456065,-1525.008568380921,-1524.9389611314298
-0.6483026476415629,-1525.6568710285624,-1525.5872637790712
-0.8401832168399652,-1526.4970542454023,-1526.4274469959112
-0.3929047648239764,-1526.8899590102262,-1526.820351760735
-0.30895905004797575,-1527.1989180602743,-1527.1293108107832
-0.9557468083199109,-1528.1546648685942,-1528.085057619103
-2.2405595928799547,-1530.395224461474,-1530.325617211983
-0.4729013334047547,-1530.8681257948788,-1530.7985185453877
-0.6465768432191377,-1531.514702638098,-1531.445095388607
-2.8935184831727563,-1534.4082211212708,-1534.3386138717797
-1.0709490705724596,-1535.4791701918432,-1535.409562942352
-0.2650095259239823,-1535.744179717767,-1535.674572468276
-0.23602265667677763,-1535.980202374444,-1535.9105951249528
-0.29521521276697016,-1536.275417587211,-1536.2058103377199
-1.0203319725982336,-1537.2957495598093,-1537.2261423103182
-0.7149780954604645,-1538.0107276552699,-1537.9411204057787
-0.6801152299199604,-1538.6908428851898,-1538.6212356356987
-0.37699976959992365,-1539.0678426547897,-1538.9982354052986
0.028522644422415533,-1539.0393200103674,-1538.9697127608763
-0.19187762286957794,-1539.231197633237,-1539.1615903837458
-0.2418621091199351,-1539.4730597423568,-1539.4034524928657
-0.22277743603197542,-1539.6958371783887,-1539.6262299288976
-0.1789846965024402,-1539.8748218748913,-1539.8052146254001
-0.12369444251997466,-1539.9985163174113,-1539.9289090679201
-0.30427935897593333,-1540.3027956763872,-1540.233188426896
-0.2804141119999621,-1540.5832097883872,-1540.513602538896
-0.7149674287938741,-1541.298177217181,-1541.22856996769
3.9558214827198888,-1537.3423557344613,-1537.2727484849702
-0.1103047671023453,-1537.4526605015637,-1537.3830532520726
-0.34400083307024737,-1537.7966613346339,-1537.7270540851428
-0.47434018127515454,-1538.2710015159091,-1538.201394266418
-0.6496811216159983,-1538.920682637525,-1538.851075388034
-1.0600335627999649,-1539.980716200325,-1539.911108950834
-1.026920705659108,-1541.007636905984,-1540.938029656493
-0.24731162623995384,-1541.254948532224,-1541.185341282733
-0.32320539288798156,-1541.578153925112,-1541.508546675621
-0.3000976761887489,-1541.8782516013007,-1541.8086443518096
-0.4644154769039969,-1542.3426670782046,-1542.2730598287135
-0.4259584005599743,-1542.7686254787645,-1542.6990182292734
-0.34408457449279983,-1543.1127100532574,-1543.0431028037663
-0.5086266720719446,-1543.6213367253292,-1543.551729475838
-0.1964934295679889,-1543.8178301548971,-1543.748222905406
-0.6652025135999359,-1544.4830326684971,-1544.413425419006
-0.218175726215857,-1544.701208394713,-1544.6316011452218
-0.8734925513495262,-1545.5747009460624,-1545.5050936965713
-1.2401543246400013,-1546.8148552707023,-1546.7452480212112
-0.25460433905599145,-1547.0694596097583,-1546.9998523602671
-0.2229924372479945,-1547.2924520470062,-1547.222844797515
-0.34988743799993693,-1547.6423394850062,-1547.572732235515
-0.41805344839995656,-1548.060392933406,-1547.990785683915
-2.421136148479959,-1550.481529081886,-1550.411921832395
-0.9568313993878164,-1551.4383604812738,-1551.3687532317826
-0.05588681033028958,-1551.494247291604,-1551.424640042113
-0.38368240431820333,-1551.8779296959224,-1551.8083224464312
-0.2687253796416053,-1552.146655075564,-1552.0770478260729
-0.5402166473599079,-1552.686871722924,-1552.617264473433
-0.3313715217119695,-1553.018243244636,-1552.948635995145
-0.4787046336767083,-1553.4969478783128,-1553.4273406288216
-1.859083775999973,-1555.3560316543128,-1555.2864244048217
-0.3436660700928452,-1555.6996977244057,-1555.6300904749146
-0.945180808572013,-1556.6448785329778,-1556.5752712834867
-0.44105669955356785,-1557.0859352325315,-1557.0163279830404
1.4170423988000198,-1555.6688928337314,-1555.5992855842403
-0.5435120836799314,-1556.2124049174113,-1556.1427976679201
-0.31291382256000955,-1556.5253187399712,-1556.45571149048
-0.6276975868799571,-1557.1530163268512,-1557.08340907736
-0.44556201588957783,-1557.598578342741,-1557.5289710932498
-0.27165755747754744,-1557.8702359002184,-1557.8006286507273
-0.5407341263279201,-1558.4109700265462,-1558.341362777055
-1.2924615670270498,-1559.7034315935732,-1559.633824344082
-0.7507191333599263,-1560.4541507269332,-1560.384543477442
-0.25413992710397093,-1560.7082906540372,-1560.638683404546
-0.8210135536559373,-1561.5293042076933,-1561.4596969582021
-2.9849644361599803,-1564.5142686438533,-1564.4446613943621
-0.3713225930720031,-1564.8855912369252,-1564.815983987434
-0.36764074927997586,-1565.253231986205,-1565.183624736714
-0.2584937062656225,-1565.5117256924707,-1565.4421184429796
-0.334175587199961,-1565.8459012796707,-1565.7762940301795
-1.238369126702357,-1567.084270406373,-1567.0146631568819
-0.40985808008073116,-1567.4941284864537,-1567.4245212369626
-0.5484962558399833,-1568.0426247422938,-1567.9730174928027
-0.9508298767679481,-1568.9934546190618,-1568.9238473695707
-0.4221556366720045,-1569.4156102557338,-1569.3460030062427
-1.064405082787112,-1570.4800153385208,-1570.4104080890297
-0.09582082291196958,-1570.5758361614328,-1570.5062289119417
-1.1057543089039386,-1571.6815904703367,-1571.6119832208456
-0.6713810942615464,-1572.3529715645982,-1572.283364315107
-0.31438701215995624,-1572.6673585767583,-1572.5977513272671
-0.45122861160001476,-1573.1185871883583,-1573.0489799388672
-0.8890779885598239,-1574.0076651769182,-1573.938057927427
-0.46981076155198737,-1574.4774759384702,-1574.407868688979
-0.09874423637761426,-1574.5762201748478,-1574.5066129253566
-0.49591358639999517,-1575.0721337612479,-1575.0025265117567
-0.1492929971071321,-1575.221426758355,-1575.1518195088638
-0.4483592418400019,-1575.669786000195,-1575.600178750704
-0.36940207359996774,-1576.039188073795,-1575.9695808243039
-2.014666000780695,-1578.0538540745756,-1577.9842468250845
-1.0070367571407761,-1579.0608908317163,-1578.9912835822252
0.7397812617888544,-1578.3211095699273,-1578.2515023204362
-0.9711406261319454,-1579.2922501960593,-1579.2226429465682
-0.7880962871039352,-1580.080346483163,-1580.010739233672
-0.3315984886992369,-1580.4119449718623,-1580.3423377223712
-0.4502624987999803,-1580.8622074706623,-1580.7926002211711
-1.1250526862743775,-1581.9872601569366,-1581.9176529074455
-0.5184496150511617,-1582.5057097719878,-1582.4361025224966
-0.7368656014719681,-1583.2425753734597,-1583.1729681239685
-0.5112751375031153,-1583.7538505109628,-1583.6842432614717
-0.8142735308398545,-1584.5681240418028,-1584.4985167923116
-0.6259502121599494,-1585.1940742539628,-1585.1244670044716
-0.7290502286398911,-1585.9231244826026,-1585.8535172331115
-0.6745265819136392,-1586.5976510645162,-1586.528043815025
-0.6551445479039093,-1587.2527956124202,-1587.183188362929
-0.46979417471993,-1587.7225897871401,-1587.652982537649
0.10141083456005145,-1587.62117895258,-1587.551571703089
-0.9206398006271854,-1588.5418187532073,-1588.4722115037162
-0.5050112928479853,-1589.0468300460552,-1588.977222796564
-1.4205954033407788,-1590.467425449396,-1590.3978181999048
-0.6080684169599427,-1591.0754938663558,-1591.0058866168647
-3.132105155982448,-1594.2075990223382,-1594.137991772847
-0.5299701407999717,-1594.7375691631382,-1594.667961913647
-0.34286695878961587,-1595.080436121928,-1595.0108288724368
-0.5583226967615966,-1595.6387588186897,-1595.5691515691985
-0.3228734695031692,-1595.9616322881927,-1595.8920250387016
-0.40689458761597486,-1596.3685268758088,-1596.2989196263177
-1.3512978649726237,-1597.7198247407814,-1597.6502174912903
-1.3005766511999304,-1599.0204013919813,-1598.9507941424902
-0.42453635151998736,-1599.4449377435012,-1599.37533049401
-0.6139418006399806,-1600.0588795441413,-1599.9892722946502
-0.3796014335039559,-1600.4384809776452,-1600.368873728154
-0.4999445494560055,-1600.9384255271011,-1600.86881827761
-0.33022659839994095,-1601.2686521255011,-1601.19904487601
2.3626664120160346,-1598.905985713485,-1598.836378463994
-0.15224501510397753,-1599.058230728589,-1598.988623479098
-0.3848130998399829,-1599.443043828429,-1599.3734365789378
-0.3901021263999457,-1599.833145954829,-1599.7635387053379
-0.5428631382743916,-1600.3760090931034,-1600.3064018436123
-0.6846439892320868,-1601.0606530823356,-1600.9910458328445
-1.1149696115207146,-1602.1756226938564,-1602.1060154443653
-0.7792534189440817,-1602.9548761128005,-1602.8852688633094
-0.6951685499039929,-1603.6500446627044,-1603.5804374132133
-0.06451719687598367,-1603.7145618595805,-1603.6449546100894
-0.7032354403199902,-1604.4177972999005,-1604.3481900504094
-0.5705890646399829,-1604.9883863645405,-1604.9187791150493
-0.9599167783519753,-1605.9483031428924,-1605.8786958934013
-0.8512804531679901,-1606.7995835960605,-1606.7299763465694
-0.8880213467999233,-1607.6876049428604,-1607.6179976933693
-4.648831220203206,-1612.3364361630636,-1612.2668289135725
-0.922177851955171,-1613.2586140150188,-1613.1890067655277
-0.8549460338399282,-1614.1135600488587,-1614.0439527993676
-0.28266822144000564,-1614.3962282702987,-1614.3266210208076
-1.7206181615998908,-1616.1168464318987,-1616.0472391824076
-0.3317679892591604,-1616.4486144211578,-1616.3790071716667
-0.46626695150396946,-1616.9148813726617,-1616.8452741231706
-3.346877016251948,-1620.2617583889137,-1620.1921511394225
-0.13404206995196988,-1620.3958004588656,-1620.3261932093744
-0.4855899745199952,-1620.8813904333856,-1620.8117831838945
-1.2790025125127769,-1622.1603929458984,-1622.0907856964072
-0.29434159551997063,-1622.4547345414182,-1622.3851272919271
-1.1243992618767495,-1623.579133803295,-1623.5095265538039
-0.7558661692799352,-1624.334999972575,-1624.2653927230838
-0.2935343381880455,-1624.628534310763,-1624.5589270612718
-0.583507102007975,-1625.212041412771,-1625.1424341632799
-0.13284003311036502,-1625.3448814458814,-1625.2752741963902
-0.3927740572799613,-1625.7376555031612,-1625.6680482536701
-0.35724702115199714,-1626.0949025243133,-1626.0252952748222
-1.2900537789567261,-1627.38495630327,-1627.3153490537788
-0.7015402270079419,-1628.0864965302778,-1628.0168892807867
-0.48663041817596797,-1628.5731269484538,-1628.5035196989627
-0.22175528411997758,-1628.7948822325739,-1628.7252749830827
1.654709943539903,-1627.140172289034,-1627.0705650395428
-0.471603225887985,-1627.6117755149219,-1627.5421682654307
-2.9949446340799466,-1630.6067201490018,-1630.5371128995107
-0.359521684642332,-1630.966241833644,-1630.896634584153
-0.7700800773599366,-1631.736321911004,-1631.666714661513
-1.8327761052119387,-1633.569098016216,-1633.4994907667249
-0.30887914380959447,-1633.8779771600257,-1633.8083699105346
-0.39260123999997476,-1634.2705784000257,-1634.2009711505345
-0.31770354879998364,-1634.5882819488256,-1634.5186746993345
-1.7405399937199348,-1636.3288219425456,-1636.2592146930544
0.13734224121593558,-1636.1914797013296,-1636.1218724518385
-0.27721835807999073,-1636.4686980594097,-1636.3990908099186
-2.8947333272591287,-1639.3634313866687,-1639.2938241371776
-0.5891436665999775,-1639.9525750532687,-1639.8829678037775
-0.2206634408159563,-1640.1732384940847,-1640.1036312445935
-1.5560292426623774,-1641.729267736747,-1641.659660487256
-0.31017729168000047,-1642.039445028427,-1641.969837778936
-0.6508028980799585,-1642.690247926507,-1642.620640677016
0.05808687193599901,-1642.632161054571,-1642.56255380508
0.3266223981456088,-1642.3055386564254,-1642.2359314069342
-0.19890958478157325,-1642.504448241207,-1642.4348409917159
1.9753981780097314,-1640.5290500631972,-1640.4594428137061
-0.1653584369471627,-1640.6944085001444,-1640.6248012506533
-2.0974718176079246,-1642.7918803177522,-1642.722273068261
-0.4529113470839834,-1643.2447916648362,-1643.175184415345
-0.1756289720319814,-1643.4204206368681,-1643.350813387377
-0.3499404477479243,-1643.770361084616,-1643.700753835125
-0.2381860166399961,-1644.008547101256,-1643.9389398517649
-0.8889056012927279,-1644.8974527025487,-1644.8278454530575
-1.3799999530799418,-1646.2774526556286,-1646.2078454061375
-1.3793042816111174,-1647.6567569372398,-1647.5871496877487
-0.4536904365071726,-1648.110447373747,-1648.040840124256
-0.3264788203199545,-1648.4369261940672,-1648.367318944576
-0.31624576266233584,-1648.7531719567296,-1648.6835647072385
-0.31090210406400187,-1649.0640740607937,-1648.9944668113026
-0.4533996714335651,-1649.5174737322272,-1649.4478664827361
-0.13327739546396516,-1649.6507511276911,-1649.5811438782
-1.5973006173695643,-1651.2480517450606,-1651.1784444955695
-0.6688790572175651,-1651.916930802278,-1651.847323552787
-0.9993568131118324,-1652.91628761539,-1652.846680365899
-0.3229884337499827,-1653.23927604914,-1653.169668799649
-0.23353371647998533,-1653.47280976562,-1653.4032025161289
-0.3432475568983458,-1653.8160573225184,-1653.7464500730273
-0.16366871663999716,-1653.9797260391583,-1653.9101187896672
-0.5294712630238865,-1654.5091973021822,-1654.439590052691
0.0752892460991805,-1654.433908056083,-1654.364300806592
-3.2195479952782873,-1657.6534560513614,-1657.5838488018703
-4.331853095500736,-1661.9853091468622,-1661.915701897371
-1.0901013022174788,-1663.0754104490798,-1663.0058031995886
-0.276188169062366,-1663.3515986181421,-1663.281991368651
-0.7327544565599652,-1664.084353074702,-1664.0147458252109
-0.9955211141119258,-1665.0798741888138,-1665.0102669393227
-0.352430528750395,-1665.4323047175642,-1665.362697468073
-1.1043596640383226,-1666.5366643816026,-1666.4670571321114
-0.1323433792799924,-1666.6690077608826,-1666.5994005113914
-0.7978540974624,-1667.466861858345,-1667.397254608854
-0.4065229360799856,-1667.873384794425,-1667.8037775449338
-1.1789409275039444,-1669.0523257219288,-1668.9827184724377
-0.753805106061815,-1669.8061308279907,-1669.7365235784996
-2.2775666216423307,-1672.083697449633,-1672.014090200142
-0.8217552148079263,-1672.905452664441,-1672.83584541495
-0.6913785709440015,-1673.596831235385,-1673.527223985894
-0.4511630460286756,-1674.0479942814136,-1673.9783870319225
-0.33044602187521355,-1674.3784403032887,-1674.3088330537976
-0.30108854451202754,-1674.6795288478008,-1674.6099215983097
-0.34424624102395796,-1675.0237750888248,-1674.9541678393336
-0.686159521144806,-1675.7099346099697,-1675.6403273604785
-0.10859995161596381,-1675.8185345615857,-1675.7489273120946
-1.270779469344054,-1677.0893140309297,-1677.0197067814386
-1.2429897265438847,-1678.3323037574735,-1678.2626965079824
-0.4018086075647853,-1678.7341123650383,-1678.6645051155472
-0.9052410110495644,-1679.639353376088,-1679.5697461265968
-0.20554632789920285,-1679.844899703987,-1679.775292454496
-0.48440467027683876,-1680.329304374264,-1680.2596971247729
-0.3789638515743583,-1680.7082682258383,-1680.6386609763472
-0.6549819321935892,-1681.3632501580319,-1681.2936429085407
18.883969783670434,-1662.4792803743615,-1662.4096731248703
-0.24936054975995103,-1662.7286409241215,-1662.6590336746303
-0.6062314476799349,-1663.3348723718013,-1663.2652651223102
-0.35483837518244854,-1663.6897107469838,-1663.6201034974927
-0.39173715359991446,-1664.0814479005837,-1664.0118406510926
-0.047089183666319756,-1664.12853708425,-1664.0589298347588
-0.38910493124801304,-1664.517642015498,-1664.448034766007
-0.6385760035199484,-1665.156218019018,-1665.086610769527
-0.5523684064447657,-1665.7085864254627,-1665.6389791759716
-0.49559108614395697,-1666.2041775116068,-1666.1345702621156
-0.4983064336607589,-1666.7024839452674,-1666.6328766957763
-0.27413494234873187,-1666.9766188876163,-1666.9070116381251
-0.6727648498030161,-1667.6493837374194,-1667.5797764879283
-0.4630602959999925,-1668.1124440334195,-1668.0428367839284
-0.6545425677119188,-1668.7669866011313,-1668.6973793516402
-0.6380671526400117,-1669.4050537537712,-1669.33544650428
-0.9321947392030823,-1670.3372484929744,-1670.2676412434832
-0.4777053657599591,-1670.8149538587343,-1670.7453466092431
-0.7917074954207521,-1671.606661354155,-1671.5370541046639
-0.4219098921695613,-1672.0285712463246,-1671.9589639968335
-0.5973656147071988,-1672.6259368610317,-1672.5563296115406
-0.40487339289593066,-1673.0308102539277,-1672.9612030044366
-0.6400747785599599,-1673.6708850324876,-1673.6012777829965
-0.4978081438367979,-1674.1686931763245,-1674.0990859268334
-0.05291862224874716,-1674.2216117985733,-1674.1520045490822
-1.2449195195040148,-1675.4665313180774,-1675.3969240685863
-0.33876531122398656,-1675.8052966293014,-1675.7356893798103
-0.6817994051231591,-1676.4870960344247,-1676.4174887849335
-0.4986930643199592,-1676.9857890987446,-1676.9161818492535
-0.4717623715199457,-1677.4575514702644,-1677.3879442207733
-0.5983727697920317,-1678.0559242400564,-1677.9863169905652
-0.07828259913600874,-1678.1342068391923,-1678.0645995897012
-1.0087250344856926,-1679.142931873678,-1679.0733246241869
-1.346291826431938,-1680.48922370011,-1680.4196164506188
-0.6975758949119595,-1681.186799595022,-1681.1171923455308
-0.410368052102374,-1681.5971676471243,-1681.5275603976331
1.3248184206877218,-1680.2723492264365,-1680.2027419769454
-0.42908806159998436,-1680.7014372880365,-1680.6318300385453
-0.3689600423999813,-1681.0703973304364,-1681.0007900809453
-0.9556219526398988,-1682.0260192830763,-1681.9564120335851
-1.2622632970462173,-1683.2882825801225,-1683.2186753306314
-0.08923681871997449,-1683.3775193988424,-1683.3079121493513
-0.198857755713569,-1683.576377154556,-1683.5067699050649
-0.4268503037031007,-1684.003227458259,-1683.933620208768
-0.685519795631998,-1684.688747253891,-1684.6191400044
-0.5053169729408031,-1685.1940642268319,-1685.1244569773407
-0.23722293857759072,-1685.4312871654095,-1685.3616799159183
-1.3641805767742776,-1686.7954677421837,-1686.7258604926926
-0.4514153628671764,-1687.246883105051,-1687.1772758555599
-1.0664451678318039,-1688.3133282728827,-1688.2437210233916
-0.6072043305600102,-1688.9205326034428,-1688.8509253539517
-0.4924298715840261,-1689.412962475027,-1689.3433552255358
-0.4932392389919385,-1689.9062017140188,-1689.8365944645277
-0.5113552227887174,-1690.4175569368076,-1690.3479496873165
-0.23781595902765357,-1690.6553728958352,-1690.585765646344
-0.2512060776000189,-1690.9065789734352,-1690.836971723944
-0.3692097795551804,-1691.2757887529904,-1691.2061815034992
-0.5026752197279535,-1691.7784639727183,-1691.7088567232272
-0.8890910271999586,-1692.6675549999184,-1692.5979477504272
-0.04226268600798269,-1692.7098176859263,-1692.6402104364352
-1.9500749622862865,-1694.6598926482125,-1694.5902853987213
-0.30094367166719294,-1694.9608363198797,-1694.8912290703886
-0.3190890787200252,-1695.2799253985997,-1695.2103181491086
-4.1765575321280135,-1699.4564829307278,-1699.3868756812367
-0.35694841540656175,-1699.8134313461344,-1699.7438240966433
-0.5117153314560283,-1700.3251466775905,-1700.2555394280994
-0.3761448010320656,-1700.7012914786226,-1700.6316842291315
-0.92378176557117,-1701.6250732441938,-1701.5554659947027
-1.4924898670798867,-1703.1175631112737,-1703.0479558617826
-0.40358201071198263,-1703.5211451219857,-1703.4515378724946
-0.5577124911310809,-1704.0788576131167,-1704.0092503636256
-0.7506033405501217,-1704.8294609536667,-1704.7598537041756
-0.2464146027840053,-1705.0758755564507,-1705.0062683069596
-0.43338302645119675,-1705.5092585829018,-1705.4396513334107
-0.49471826687997394,-1706.0039768497818,-1705.9343696002907
-0.9197064894526932,-1706.9236833392345,-1706.8540760897433
-1.454417148263885,-1708.3781004874984,-1708.3084932380073
-0.6505240712039416,-1709.0286245587024,-1708.9590173092113
-0.9705566377102883,-1709.9991811964128,-1709.9295739469217
-0.6356817214103695,-1710.634862917823,-1710.565255668332
-0.4765864773239701,-1711.111449395147,-1711.041842145656
-0.38931552213599224,-1711.500764917283,-1711.431157667792
-0.2795307026759586,-1711.780295619959,-1711.7106883704678
-0.46191505973756797,-1712.2422106796964,-1712.1726034302053
-0.38904805199997583,-1712.6312587316963,-1712.5616514822052
-0.571110716159909,-1713.2023694478562,-1713.132762198365
-0.41853355891202165,-1713.6209030067682,-1713.551295757277
-0.35757095422400714,-1713.9784739609922,-1713.908866711501
-0.6247194624239484,-1714.603193423416,-1714.533586173925
-0.2627142815526658,-1714.8659077049688,-1714.7963004554776
-0.3366492730304183,-1715.2025569779992,-1715.132949728508
-0.34105383109197673,-1715.5436108090912,-1715.4740035596
-0.49577839857827966,-1716.0393892076695,-1715.9697819581784
-0.9386021388287331,-1716.9779913464981,-1716.908384097007
-0.410490608378279,-1717.3884819548764,-1717.3188747053853
-0.7681728095999645,-1718.1566547644763,-1718.0870475149852
-0.3849490190079885,-1718.5416037834843,-1718.4719965339932
-0.7003134303999448,-1719.2419172138843,-1719.1723099643932
-0.3591015381599476,-1719.6010187520442,-1719.531411502553
0.26252539353606164,-1719.3384933585082,-1719.268886109017
-0.9556075511998572,-1720.294100909708,-1720.224493660217
-0.29845119652794216,-1720.592552106236,-1720.522944856745
0.3014941412736577,-1720.2910579649624,-1720.2214507154713
-0.4836385767839426,-1720.7746965417464,-1720.7050892922553
-0.6570000512007154,-1721.431696592947,-1721.3620893434559
-0.3639453684479749,-1721.795641961395,-1721.7260347119038
-0.5163764897511416,-1722.312018451146,-1722.242411201655
-1.459680013399534,-1723.7716984645456,-1723.7020912150545
-0.9728748777600296,-1724.7445733423056,-1724.6749660928144
-0.991749499084659,-1725.7363228413901,-1725.666715591899
-1.1766743531279251,-1726.912997194518,-1726.843389945027
-0.18633400719351384,-1727.0993312017115,-1727.0297239522204
-0.48895883896313697,-1727.5882900406746,-1727.5186827911834
-0.2660139402958649,-1727.8543039809704,-1727.7846967314792
-0.6764777480000426,-1728.5307817289704,-1728.4611744794793
-0.6830578989599072,-1729.2138396279304,-1729.1442323784393
-0.10578717327348253,-1729.3196268012039,-1729.2500195517127
-0.13248681911991272,-1729.4521136203239,-1729.3825063708327
-0.20747007652797556,-1729.6595836968518,-1729.5899764473606
-0.929061376847909,-1730.5886450736996,-1730.5190378242085
-0.5134747023359895,-1731.1021197760356,-1731.0325125265445
-0.861809803911322,-1731.9639295799468,-1731.8943223304557
-1.2231075593259577,-1733.1870371392727,-1733.1174298897815
-0.894236938152018,-1734.0812740774247,-1734.0116668279336
-0.8933796186000009,-1734.9746536960247,-1734.9050464465336
-0.8380043747904418,-1735.8126580708151,-1735.743050821324
-1.7602183539863612,-1737.5728764248015,-1737.5032691753104
-1.4852025086663716,-1739.0580789334679,-1738.9884716839767
-1.998345768479966,-1741.056424701948,-1740.9868174524568
-0.5925462521471848,-1741.6489709540951,-1741.579363704604
-1.1823582252800762,-1742.8313291793752,-1742.761721929884
-0.677938773600063,-1743.5092679529753,-1743.4396607034842
-0.7176323895840508,-1744.2269003425592,-1744.1572930930681
-0.9293543021376013,-1745.156254644697,-1745.0866473952058
-0.6404369041199218,-1745.7966915488169,-1745.7270842993257
-0.5195638125039393,-1746.3162553613208,-1746.2466481118297
-0.6538407280080257,-1746.9700960893288,-1746.9004888398376
-0.6996812060399591,-1747.6697772953687,-1747.6001700458776
-0.6640864020000257,-1748.3338636973688,-1748.2642564478776
-1.2473651720448862,-1749.5812288694137,-1749.5116216199226
-1.1020000060799247,-1750.6832288754936,-1750.6136216260024
-0.672654018055991,-1751.3558828935495,-1751.2862756440584
-1.1444005271999556,-1752.5002834207494,-1752.4306761712583
-1.5366973991199577,-1754.0369808198693,-1753.9673735703782
1.6052499908495421,-1752.4317308290197,-1752.3621235795285
-0.34436814662400206,-1752.7760989756437,-1752.7064917261525
-1.2850500878879534,-1754.0611490635317,-1753.9915418140406
-1.0677114704159216,-1755.1288605339475,-1755.0592532844564
-1.2203357687807952,-1756.3491963027284,-1756.2795890532373
-0.34365417139203713,-1756.6928504741204,-1756.6232432246293
-1.1872676025599664,-1757.8801180766804,-1757.8105108271893
-0.6248417844023798,-1758.5049598610829,-1758.4353526115917
-1.1744530540679676,-1759.6794129151508,-1759.6098056656597
-1.2498404915518937,-1760.9292534067026,-1760.8596461572115
-1.5036000171839505,-1762.4328534238866,-1762.3632461743955
-1.648379547115163,-1764.0812329710018,-1764.0116257215107
-1.1723590073520544,-1765.2535919783538,-1765.1839847288627
-2.0377284091999996,-1767.291320387554,-1767.2217131380628
-0.870110182656006,-1768.1614305702099,-1768.0918233207187
-1.007874031679958,-1769.1693046018897,-1769.0996973523986
-0.9625495699679566,-1770.1318541718576,-1770.0622469223665
-0.611465714496001,-1770.7433198863537,-1770.6737126368625
-0.7434023327999004,-1771.4867222191535,-1771.4171149696624
-0.6821014389383911,-1772.168823658092,-1772.0992164086008
-0.6409421797839617,-1772.8097658378758,-1772.7401585883847
0.3840182001040662,-1772.4257476377718,-1772.3561403882807
-0.6851178809375948,-1773.1108655187095,-1773.0412582692184
-0.7337476074240206,-1773.8446131261335,-1773.7750058766424
-0.5202819431920045,-1774.3648950693255,-1774.2952878198344
-0.7861870413600247,-1775.1510821106856,-1775.0814748611945
-0.7319191045919522,-1775.8830012152775,-1775.8133939657864
-0.8842856396879117,-1776.7672868549655,-1776.6976796054744
-1.2141491237831907,-1777.9814359787488,-1777.9118287292576
-0.3227824927966717,-1778.3042184715455,-1778.2346112220544
-0.3694840763120043,-1778.6737025478574,-1778.6040952983662
-0.7431239049600046,-1779.4168264528173,-1779.3472192033262
-0.6629372375998037,-1780.0797636904172,-1780.010156440926
-0.6255365578727756,-1780.7053002482899,-1780.6356929987987
-1.96488629889457,-1782.6701865471844,-1782.6005792976932
-0.889832971387029,-1783.5600195185714,-1783.4904122690803
-1.2156759878400067,-1784.7756955064115,-1784.7060882569203
-1.0287891660964514,-1785.804484672508,-1785.7348774230168
-0.5631226142719488,-1786.36760728678,-1786.2980000372888
-0.7623507388559696,-1787.129958025636,-1787.0603507761448
-1.217989489170157,-1788.347947514806,-1788.278340265315
-0.9566026907040326,-1789.3045502055102,-1789.234942956019
-0.5192078855039799,-1789.823758091014,-1789.754150841523
-0.6128019223199125,-1790.436560013334,-1790.3669527638428
-0.6258525261599539,-1791.0624125394938,-1790.9928052900027
-0.8981582917199505,-1791.9605708312138,-1791.8909635817226
-0.5667402905999586,-1792.5273111218137,-1792.4577038723226
-1.2896163087359866,-1793.8169274305496,-1793.7473201810585
-0.34910356679996396,-1794.1660309973497,-1794.0964237478586
-1.903733847247199,-1796.0697648445969,-1796.0001575951057
-1.0142733116279703,-1797.0840381562248,-1797.0144309067337
-1.1647989702639865,-1798.2488371264888,-1798.1792298769976
-0.670337114022298,-1798.919174240511,-1798.8495669910199
-0.8913690590399989,-1799.810543299551,-1799.7409360500599
-1.395684870359978,-1801.206228169911,-1801.1366209204198
0.11705254257200487,-1801.0891756273388,-1801.0195683778477
1.7662508070313048,-1799.3229248203074,-1799.2533175708163
-0.733658510515267,-1800.0565833308226,-1799.9869760813315
-0.5167643752703386,-1800.573347706093,-1800.503740456602
-0.6975960655679766,-1801.270943771661,-1801.2013365221699
-1.3082319409599152,-1802.579175712621,-1802.5095684631299
-0.5920440386399022,-1803.1712197512609,-1803.1016125017698
-0.6702397217470539,-1803.841459473008,-1803.7718522235168
-0.5153411289600073,-1804.356800601968,-1804.2871933524768
-0.6559352660447206,-1805.0127358680127,-1804.9431286185215
-1.0947458870400038,-1806.1074817550527,-1806.0378745055616
-1.6842929355359082,-1807.7917746905887,-1807.7221674410976
-1.4840602599052284,-1809.2758349504938,-1809.2062277010027
-0.9295990306079605,-1810.2054339811018,-1810.1358267316107
-0.5670364802159834,-1810.7724704613179,-1810.7028632118268
-0.6104245793600237,-1811.3828950406778,-1811.3132877911867
-0.366680593907133,-1811.749575634585,-1811.6799683850938
-0.6390718193433622,-1812.3886474539283,-1812.3190402044372
-0.6843483478559602,-1813.0729958017844,-1813.0033885522932
-0.9581470051199857,-1814.0311428069044,-1813.9615355574133
-0.3066203780991734,-1814.3377631850035,-1814.2681559355124
-0.8935150672000287,-1815.2312782522035,-1815.1616710027124
-0.4473057367200028,-1815.6785839889235,-1815.6089767394324
-0.6469384350192364,-1816.3255224239426,-1816.2559151744515
-0.3582292406879754,-1816.6837516646306,-1816.6141444151394
-0.6771290299695265,-1817.3608806946002,-1817.291273445109
-1.3185606020255984,-1818.6794412966258,-1818.6098340471347
-0.7514330557919523,-1819.4308743524177,-1819.3612671029266
-0.48903654038401484,-1819.9199108928017,-1819.8503036433106
-0.5693675049599968,-1820.4892783977616,-1820.4196711482705
-0.27498066805433524,-1820.7642590658158,-1820.6946518163247
-0.221365282463967,-1820.9856243482798,-1820.9160170987886
-0.544169935871952,-1821.5297942841516,-1821.4601870346605
-0.7126984814399868,-1822.2424927655916,-1822.1728855161005
-1.0325299626720104,-1823.2750227282636,-1823.2054154787725
-0.8806399452000055,-1824.1556626734637,-1824.0860554239725
-0.09139939719115281,-1824.247062070655,-1824.1774548211638
-0.5155028150159779,-1824.7625648856708,-1824.6929576361797
-0.48320791595999424,-1825.245772801631,-1825.1761655521398
-1.2492363511439069,-1826.4950091527749,-1826.4254019032837
-0.427715556479918,-1826.9227247092547,-1826.8531174597636
-0.49036789210877874,-1827.4130926013634,-1827.3434853518722
-0.566444100983831,-1827.979536702347,-1827.909929452856
-0.5754534477119809,-1828.554990150059,-1828.4853829005679
-0.5504618254847438,-1829.1054519755437,-1829.0358447260526
-0.9467737079040062,-1830.0522256834477,-1829.9826184339565
-2.005173771713204,-1832.057399455161,-1831.9877922056698
-0.9898013702399937,-1833.047200825401,-1832.9775935759099
-0.6524348905841277,-1833.699635715985,-1833.630028466494
-0.7432631188799524,-1834.442898834865,-1834.3732915853739
-0.8413860671999729,-1835.2842849020649,-1835.2146776525738
-1.1828044837799476,-1836.467089385845,-1836.3974821363538
-0.5370088187519895,-1837.0040982045969,-1836.9344909551057
-0.3002638607487621,-1837.3043620653457,-1837.2347548158546
-0.3063610286927798,-1837.6107230940386,-1837.5411158445474
-0.16582163174397566,-1837.7765447257825,-1837.7069374762914
-0.3833094287519945,-1838.1598541545345,-1838.0902469050434
-0.47695106339194815,-1838.6368052179264,-1838.5671979684353
-0.3331692476028947,-1838.9699744655293,-1838.9003672160381
-0.6370494508799971,-1839.6070239164092,-1839.537416666918
-0.9053897299198828,-1840.5124136463292,-1840.442806396838
-1.6430707610639999,-1842.1554844073933,-1842.0858771579021
-0.20982094944000756,-1842.3653053568332,-1842.295698107342
-0.43482262128002036,-1842.8001279781133,-1842.7305207286222
-0.5151452693760089,-1843.3152732474894,-1843.2456659979982
-0.7326891015839213,-1844.0479623490733,-1843.9783550995821
-1.0505880167999375,-1845.0985503658733,-1845.0289431163822
-0.5230863204095957,-1845.621636686283,-1845.5520294367918
-0.03545317070148146,-1845.6570898569844,-1845.5874826074933
-0.3351446496959726,-1845.9922345066805,-1845.9226272571893
-0.6603300762447252,-1846.6525645829252,-1846.582957333434
-0.4040206753439525,-1847.056585258269,-1846.986978008778
-0.32714515447199644,-1847.383730412741,-1847.3141231632499
-0.8266361973734284,-1848.2103666101143,-1848.1407593606232
-1.0200003450354962,-1849.2303669551497,-1849.1607597056586
-0.7002488258399135,-1849.9306157809897,-1849.8610085314986
-0.7432631188799524,-1850.6738788998696,-1850.6042716503785
-0.19192131851037847,-1850.86580021838,-1850.7961929688888
-0.9050325742079767,-1851.770832792588,-1851.7012255430968
-1.2597899663999026,-1853.0306227589879,-1852.9610155094967
-0.514718986751974,-1853.54534174574,-1853.4757344962488
-0.6796809613438488,-1854.2250227070838,-1854.1554154575927
-0.13365397271994678,-1854.3586766798037,-1854.2890694303126
-0.3191488479359401,-1854.6778255277397,-1854.6082182782486
-0.505440138960022,-1855.1832656666998,-1855.1136584172086
-0.3722110283639677,-1855.5554766950638,-1855.4858694455727
1.5525656762098077,-1854.002911018854,-1853.933303769363
-1.1063758695838983,-1855.109286888438,-1855.0396796389468
-0.40761747740155657,-1855.5169043658395,-1855.4472971163484
2.62273783235046,-1852.8941665334892,-1852.824559283998
-0.5001766697799717,-1853.394343203269,-1853.324735953778
-1.020163086108022,-1854.414506289377,-1854.3448990398858
-0.9872475148799773,-1855.401753804257,-1855.3321465547658
-0.4562034817103632,-1855.8579572859674,-1855.7883500364762
-0.6774944197599133,-1856.5354517057274,-1856.4658444562363
-0.6468218747920476,-1857.1822735805194,-1857.1126663310283
-0.016630365175189427,-1857.1989039456946,-1857.1292966962035
-0.40382432954876984,-1857.6027282752434,-1857.5331210257523
-0.07516032940797851,-1857.6778886046513,-1857.6082813551602
-1.1105183016639995,-1858.7884069063152,-1858.718799656824
-2.630472633575866,-1861.4188795398911,-1861.3492722904
-1.6710103387008282,-1863.089889878592,-1863.0202826291008
-0.8849733349256075,-1863.9748632135177,-1863.9052559640265
-2.336726059200062,-1866.3115892727178,-1866.2419820232267
-0.37138381183675795,-1866.6829730845545,-1866.6133658350634
-0.6789680837759836,-1867.3619411683305,-1867.2923339188394
-0.4959753275520198,-1867.8579164958826,-1867.7883092463915
-1.2771052977599622,-1869.1350217936426,-1869.0654145441515
-1.5016331043839015,-1870.6366548980266,-1870.5670476485354
-0.6721430383039806,-1871.3087979363306,-1871.2391906868395
-1.0906367049599581,-1872.3994346412906,-1872.3298273917994
-0.3964453724400116,-1872.7958800137305,-1872.7262727642394
-0.6534472703760217,-1873.4493272841066,-1873.3797200346155
-0.3164168885760129,-1873.7657441726826,-1873.6961369231915
-1.4175271613892975,-1875.1832713340718,-1875.1136640845807
0.2887340185599978,-1874.8945373155118,-1874.8249300660207
-0.0985040407439452,-1874.9930413562558,-1874.9234341067647
-1.1379163139999346,-1876.1309576702558,-1876.0613504207647
-1.0258910891998834,-1877.1568487594557,-1877.0872415099645
0.06470347287045153,-1877.0921452865853,-1877.0225380370941
-0.512246940592009,-1877.6043922271772,-1877.534784977686
-1.6425084695711571,-1879.2469006967483,-1879.1772934472572
-2.7635849585024417,-1882.0104856552507,-1881.9408784057596
-1.4355353268359416,-1883.4460209820866,-1883.3764137325954
-2.0726989115998977,-1885.5187198936865,-1885.4491126441953
-0.6666117171839416,-1886.1853316108704,-1886.1157243613793
-3.6039225962855848,-1889.789254207156,-1889.719646957665
-0.5766426372719404,-1890.365896844428,-1890.296289594937
-1.5627260278614359,-1891.9286228722895,-1891.8590156227983
-3.3192710724111523,-1895.2478939447005,-1895.1782866952094
-0.8999752511808075,-1896.1478691958814,-1896.0782619463903
-0.7009594759999332,-1896.8488286718814,-1896.7792214223903
-0.5954844343679924,-1897.4443131062494,-1897.3747058567583
-0.730173458044769,-1898.1744865642943,-1898.1048793148032
-1.29110162764804,-1899.4655881919423,-1899.3959809424512
-0.6293945813791857,-1900.0949827733214,-1900.0253755238302
-1.0041065397599787,-1901.0990893130813,-1901.0294820635902
-0.7189800197016455,-1901.818069332783,-1901.7484620832918
0.005520609920047048,-1901.8125487228629,-1901.7429414733717
-2.557065272639964,-1904.3696139955027,-1904.3000067460116
-0.5928055259135864,-1904.9624195214162,-1904.892812271925
-0.9129125621280024,-1905.8753320835442,-1905.805724834053
-0.8895196327198303,-1906.764851716264,-1906.695244466773
-0.7673165978831467,-1907.5321683141472,-1907.462561064656
-1.3853616446951738,-1908.9175299588424,-1908.8479227093512
-2.2957006925551737,-1911.2132306513975,-1911.1436234019063
-0.609386080319954,-1911.8226167317175,-1911.7530094822264
-1.9351114031760086,-1913.7577281348936,-1913.6881208854024
-0.9731341036799612,-1914.7308622385735,-1914.6612549890824
-0.7605967079039515,-1915.4914589464775,-1915.4218516969863
-2.857930741156516,-1918.349389687634,-1918.2797824381428
-1.8947438801279615,-1920.2441335677618,-1920.1745263182706
-0.46817253806395925,-1920.7123061058257,-1920.6426988563346
-0.17923650427663934,-1920.8915426101023,-1920.8219353606112
-0.8428462016758915,-1921.7343888117782,-1921.664781562287
-0.7434023327999004,-1922.477791144578,-1922.408183895087
-0.7017659351999487,-1923.179557079778,-1923.109949830287
-1.015976825054284,-1924.1955339048325,-1924.1259266553413
-0.3141108606944011,-1924.509644765527,-1924.4400375160358
-0.47744831974394264,-1924.9870930852708,-1924.9174858357796
-0.8170401522399697,-1925.8041332375108,-1925.7345259880196
-0.777164703360012,-1926.5812979408709,-1926.5116906913797
-1.522872602956736,-1928.1041705438276,-1928.0345632943365
-0.5757385962239212,-1928.6799091400517,-1928.6103018905605
-0.37933750943999234,-1929.0592466494916,-1928.9896394000004
-0.7006867016639695,-1929.7599333511555,-1929.6903261016644
-1.2012024015935376,-1930.961135752749,-1930.8915285032579
-1.3944532021560105,-1932.355588954905,-1932.2859817054139
-0.29094298062717433,-1932.6465319355323,-1932.5769246860411
-0.4195537936127656,-1933.066085729145,-1932.996478479654
-0.09324582602393394,-1933.159331555169,-1933.089724305678
-0.7640130376971653,-1933.9233445928662,-1933.853737343375
-0.6990357755520107,-1934.6223803684181,-1934.552773118927
-0.8633663833920011,-1935.4857467518102,-1935.416139502319
-0.3808369044479153,-1935.8665836562582,-1935.796976406767
-0.4876848907199162,-1936.3542685469781,-1936.284661297487
-0.031545383327916676,-1936.385813930306,-1936.316206680815
-0.7046987200799055,-1937.090512650386,-1937.020905400895
-0.36526859876159373,-1937.4557812491475,-1937.3861739996564
-0.6563153119199437,-1938.1120965610676,-1938.0424893115764
-0.5690890771199155,-1938.6811856381876,-1938.6115783886964
-0.7800435663966604,-1939.4612292045842,-1939.3916219550931
-0.31684933895753853,-1939.7780785435418,-1939.7084712940507
-0.5635338180959848,-1940.3416123616378,-1940.2720051121466
-0.9554107315199182,-1941.2970230931576,-1941.2274158436664
-1.9571001730359803,-1943.2541232661936,-1943.1845160167024
-1.68395642188788,-1944.9380796880814,-1944.8684724385903
-0.9352000183679957,-1945.8732797064495,-1945.8036724569583
-0.49279324695039645,-1946.3660729534,-1946.2964657039088
-0.9291229261600045,-1947.29519587956,-1947.2255886300688
-0.4454050169279959,-1947.7406008964879,-1947.6709936469967
-0.6857921287437954,-1948.4263930252316,-1948.3567857757405
-0.48081286039675153,-1948.9072058856284,-1948.8375986361373
-0.4355848063583558,-1949.3427906919867,-1949.2731834424956
-0.08372406329983967,-1949.4265147552865,-1949.3569075057953
-0.5843649341039626,-1950.0108796893903,-1949.9412724398992
-0.11028047767189264,-1950.1211601670623,-1950.0515529175711
-1.2491337505041,-1951.3702939175664,-1951.3006866680753
-1.0318090007518355,-1952.4021029183182,-1952.332495668827
-4.384071591525484,-1956.7861745098437,-1956.7165672603526
-2.2978217903040328,-1959.0839963001476,-1959.0143890506565
-0.742845477119985,-1959.8268417772676,-1959.7572345277765
-0.31510618055994755,-1960.1419479578276,-1960.0723407083365
-0.39120095545724987,-1960.5331489132848,-1960.4635416637936
-0.761846942880005,-1961.2949958561649,-1961.2253886066737
-0.7303313458319256,-1962.0253272019968,-1961.9557199525057
-1.2618061679999548,-1963.2871333699968,-1963.2175261205057
-0.5491808289359725,-1963.8363141989328,-1963.7667069494416
-0.16829004422860544,-1964.0046042431613,-1963.9349969936702
-0.556876273478311,-1964.5614805166397,-1964.4918732671485
-1.8074128976638093,-1966.3688934143036,-1966.2992861648124
-0.678980323243127,-1967.0478737375468,-1966.9782664880556
-1.2355209404159826,-1968.2833946779626,-1968.2137874284715
-0.12424311955998851,-1968.4076377975225,-1968.3380305480314
-0.742845477119985,-1969.1504832746425,-1969.0808760251514
-2.968690148351889,-1972.1191734229944,-1972.0495661735033
-0.11691439248318233,-1972.2360878154777,-1972.1664805659866
-1.7314513389599018,-1973.9675391544376,-1973.8979319049465
-1.2423429685919318,-1975.2098821230295,-1975.1402748735384
-0.4296185196959641,-1975.6395006427256,-1975.5698933932345
-0.3543954633408021,-1975.9938961060664,-1975.9242888565752
-2.0792241706048333,-1978.0731202766713,-1978.0035130271801
-0.9772600945966698,-1979.050380371268,-1978.9807731217768
-0.5161240003439912,-1979.566504371612,-1979.4968971221208
-1.3583780913600731,-1980.924882462972,-1980.8552752134808
-1.5352356351000171,-1982.460118098072,-1982.3905108485808
-1.399090989600054,-1983.859209087672,-1983.789601838181
0.5717139795069162,-1983.287495108165,-1983.217887858674
-1.1732556144719504,-1984.4607507226372,-1984.391143473146
-1.5859961187839384,-1986.046746841421,-1985.97713959193
-1.1505539068798423,-1987.197300748301,-1987.1276934988098
-2.2260893147998586,-1989.4233900631007,-1989.3537828136095
-0.9823105998000018,-1990.4057006629007,-1990.3360934134096
-0.7203178865999819,-1991.1260185495007,-1991.0564113000096
-3.652244387366205,-1994.778262936867,-1994.7086556873758
-1.0445938459703348,-1995.8228567828373,-1995.7532495333462
0.020993625292828832,-1995.8018631575444,-1995.7322559080533
-1.3609161652318844,-1997.1627793227763,-1997.0931720732851
-1.0397390039999843,-1998.2025183267763,-1998.1329110772851
-1.6552394514431195,-1999.8577577782194,-1999.7881505287282
-0.6705370548576025,-2000.5282948330769,-2000.4586875835857
-0.9590826544398658,-2001.4873774875168,-2001.4177702380257
-2.3347301594399466,-2003.8221076469567,-2003.7525003974656
-0.3601194183999718,-2004.1822270653568,-2004.1126198158656
-0.9909175286399361,-2005.1731445939968,-2005.1035373445056
-0.08113332844794552,-2005.2542779224448,-2005.1846706729536
-0.6563046481392257,-2005.910582570584,-2005.8409753210929
-1.2466029429599588,-2007.157185513544,-2007.0875782640528
-0.4468640486400779,-2007.604049562184,-2007.5344423126928
-0.2818388505599835,-2007.885888412744,-2007.8162811632528
-0.7376606751359174,-2008.6235490878798,-2008.5539418383887
-0.6843179322455781,-2009.3078670201255,-2009.2382597706344
-0.24988402972799095,-2009.5577510498536,-2009.4881438003624
-0.19975216257596998,-2009.7575032124296,-2009.6878959629385
-0.5618004568799777,-2010.3193036693096,-2010.2496964198185
-0.35169972648795644,-2010.6710033957977,-2010.6013961463066
-0.3428262505103763,-2011.013829646308,-2010.944222396817
-0.45320730720000146,-2011.467036953508,-2011.397429704017
-0.7978182174719695,-2012.2648551709801,-2012.195247921489
-0.8704515609599903,-2013.13530673194,-2013.065699482449
-0.43712717685843067,-2013.5724339087985,-2013.5028266593074
-0.06797804584317368,-2013.6404119546416,-2013.5708047051505
-0.3740034881391989,-2014.0144154427808,-2013.9448081932896
-1.669632470865614,-2015.6840479136463,-2015.6144406641552
-0.5250209435951793,-2016.2090688572414,-2016.1394616077503
-0.6116599579679765,-2016.8207288152093,-2016.7511215657182
-0.4749020001279558,-2017.2956308153373,-2017.2260235658462
-0.5900162083200096,-2017.8856470236574,-2017.8160397741663
-0.740660396880034,-2018.6263074205374,-2018.5567001710463
-0.61006093798394,-2019.2363683585213,-2019.1667611090302
-0.9915578658720312,-2020.2279262243933,-2020.1583189749022
-0.6197858987792231,-2020.8477121231724,-2020.7781048736813
-0.20797165559997377,-2021.0556837787724,-2020.9860765292813
-0.555833901470329,-2021.6115176802427,-2021.5419104307516
-0.33211810517751444,-2021.9436357854202,-2021.874028535929
-0.5887256227775977,-2022.5323614081979,-2022.4627541587067
-3.023335778567974,-2025.5556971867659,-2025.4860899372748
-1.7121137561455906,-2027.2678109429114,-2027.1982036934203
-0.21956669531997772,-2027.4873776382315,-2027.4177703887403
-0.33191206857596867,-2027.8192897068075,-2027.7496824573163
-0.6742346419199846,-2028.4935243487275,-2028.4239170992364
-1.239930934847945,-2029.7334552835755,-2029.6638480340844
-0.08966634346793652,-2029.8231216270435,-2029.7535143775524
1.7030496574368708,-2028.1200719696067,-2028.0504647201155
-0.4798265058528173,-2028.5998984754594,-2028.5302912259683
-0.2137800135839738,-2028.8136784890435,-2028.7440712395523
-0.3438186678400017,-2029.1574971568834,-2029.0878899073923
-0.4087147646735607,-2029.566211921557,-2029.4966046720658
-1.5087421092959301,-2031.074954030853,-2031.0053467813618
-1.0336993812791773,-2032.108653412132,-2032.039046162641
-0.6609612326903009,-2032.7696146448225,-2032.7000073953313
-2.1286343154911234,-2034.8982489603136,-2034.8286417108225
-1.0213077845664054,-2035.91955674488,-2035.849949495389
-0.4420193997360193,-2036.361576144616,-2036.291968895125
-0.6308747740943965,-2036.9924509187103,-2036.9228436692192
-0.3726336398399679,-2037.3650845585503,-2037.2954773090592
-0.023446741315204023,-2037.3885312998655,-2037.3189240503743
-0.3323425689023118,-2037.7208738687677,-2037.6512666192766
-0.5022976306080003,-2038.2231714993757,-2038.1535642498845
-1.4103244471679444,-2039.6334959465437,-2039.5638886970526
-0.09096733409918625,-2039.7244632806428,-2039.6548560311517
-1.7469383327014456,-2041.4714016133441,-2041.401794363853
-0.24394169684635675,-2041.7153433101905,-2041.6457360606994
-0.5726954497535965,-2042.2880387599441,-2042.218431510453
-0.2991349442878971,-2042.587173704232,-2042.517566454741
-0.6071058604295203,-2043.1942795646617,-2043.1246723151705
-0.20654527121603,-2043.4008248358778,-2043.3312175863866
-0.6531656335199465,-2044.0539904693976,-2043.9843832199065
-1.0045732067423725,-2045.05856367614,-2044.9889564266489
-0.14853635495999407,-2045.2071000311,-2045.137492781609
-1.3524465751342842,-2046.5595466062343,-2046.4899393567432
-0.5064951884544083,-2047.0660417946888,-2046.9964345451976
-0.283741956399976,-2047.3497837510888,-2047.2801765015977
-0.4588597103399431,-2047.8086434614288,-2047.7390362119377
-0.8377508249567382,-2048.6463942863857,-2048.5767870368945
-0.15450877679996777,-2048.8009030631856,-2048.7312958136945
-0.43118234160077584,-2049.232085404786,-2049.162478155295
-0.7909126871038454,-2050.02299809189,-2049.9533908423987
-1.021060511883089,-2051.044058603773,-2050.974451354282
-0.5249087433479895,-2051.568967347121,-2051.49936009763
-1.356004738915207,-2052.924972086036,-2052.855364836545
-0.9671542283808101,-2053.892126314417,-2053.822519064926
-5.6132987996447214,-2059.505425114062,-2059.4358178645707
-0.46470489784314867,-2059.970130011905,-2059.900522762414
-0.6696386382575555,-2060.6397686501628,-2060.5701614006716
-0.6332415214103425,-2061.273010171573,-2061.2034029220818
-1.0526559966719795,-2062.325666168245,-2062.2560589187538
-3.5598895133119584,-2065.885555681557,-2065.815948432066
-1.3970091953399657,-2067.282564876897,-2067.212957627406
-0.5087026411776027,-2067.7912675180746,-2067.7216602685835
-0.7087158959999533,-2068.4999834140744,-2068.4303761645833
-0.6160640618879356,-2069.116047475962,-2069.046440226471
-0.018812232119828076,-2069.134859708082,-2069.0652524585907
-0.7278754202639328,-2069.862735128346,-2069.7931278788546
-0.5990947162111316,-2070.461829844557,-2070.392222595066
-0.2911068273151855,-2070.7529366718722,-2070.683329422381
-1.1678076894527771,-2071.920744361325,-2071.851137111834
-0.6602508422399398,-2072.5809952035647,-2072.5113879540736
-0.7122160036992156,-2073.293211207264,-2073.223603957773
-0.9278561651038829,-2074.221067372368,-2074.151460122877
-2.2179624979319392,-2076.4390298703,-2076.369422620809
-0.08333781668954379,-2076.5223676869896,-2076.4527604374985
-0.04222070269907824,-2076.5645883896887,-2076.4949811401975
-0.6567309484288174,-2077.2213193381176,-2077.1517120886265
-2.501375966399998,-2079.7226953045174,-2079.6530880550263
-3.8738994963358726,-2083.5965948008534,-2083.5269875513623
-0.8237165111999982,-2084.4203113120534,-2084.3507040625623
-0.7844628899999354,-2085.204774202053,-2085.135166952562
-0.5109579345840002,-2085.715732136637,-2085.646124887146
-0.9892094371775775,-2086.7049415738147,-2086.6353343243236
-0.4644293502912165,-2087.169370924106,-2087.0997636746147
-0.7760083588222695,-2087.945379282928,-2087.875772033437
-0.7287582285360015,-2088.6741375114643,-2088.604530261973
-1.342901515821597,-2090.017039027286,-2089.947431777795
-0.23509854734382496,-2090.25213757463,-2090.182530325139
-0.516351918028779,-2090.768489492659,-2090.6988822431676
-0.1500947295119047,-2090.9185842221705,-2090.8489769726793
-0.5276402699999541,-2091.4462244921706,-2091.3766172426795
0.36861222240005287,-2091.0776122697707,-2091.0080050202796
-0.13991632327917125,-2091.21752859305,-2091.1479213435587
-6.099148882752013,-2097.316677475802,-2097.247070226311
-0.43330280166713564,-2097.749980277469,-2097.680373027978
-0.49951813507197107,-2098.249498412541,-2098.17989116305
-4.449204930979088,-2102.6987033435203,-2102.629096094029
-0.36519106348798647,-2103.0638944070083,-2102.994287157517
-0.556581814876753,-2103.620476221885,-2103.550868972394
-1.200619557107192,-2104.821095778992,-2104.751488529501
-1.129216288415983,-2105.950312067408,-2105.880704817917
-0.91864507926392,-2106.868957146672,-2106.799349897181
-1.9390654732607864,-2108.8080226199327,-2108.7384153704415
-1.0706297840640067,-2109.8786524039965,-2109.8090451545054
-0.7296410368080014,-2110.6082934408046,-2110.5386861913134
-0.14183004512159425,-2110.750123485926,-2110.680516236435
-0.8578838442959934,-2111.608007330222,-2111.5384000807308
-1.4229077301071795,-2113.030915060329,-2112.9613078108378
-0.8195951166720126,-2113.850510177001,-2113.78090292751
-0.4313216430240092,-2114.281831820025,-2114.212224570534
-0.832987102464045,-2115.114818922489,-2115.045211672998
-0.5937685457600131,-2115.7085874682493,-2115.638980218758
-1.6032003038478642,-2117.311787772097,-2117.242180522606
-0.13055706991199595,-2117.442344842009,-2117.3727375925178
-0.5860083812736412,-2118.0283532232825,-2117.9587459737913
-0.30713192726401645,-2118.3354851505464,-2118.2658779010553
-0.8521976636159534,-2119.1876828141626,-2119.1180755646715
-0.6909653985279756,-2119.8786482126907,-2119.8090409631995
-2.377782403919946,-2122.2564306166105,-2122.1868233671194
-0.3280208561279121,-2122.5844514727382,-2122.514844223247
-0.8342009484479942,-2123.4186524211864,-2123.3490451716953
-0.6460312304159658,-2124.0646836516025,-2123.9950764021114
-0.6787339459439674,-2124.7434175975463,-2124.673810348055
-0.07553588114395995,-2124.81895347869,-2124.749346229199
-0.488661153119918,-2125.3076146318103,-2125.238007382319
-0.36586343151353723,-2125.6734780633237,-2125.6038708138326
-0.6007463642880072,-2126.274224427612,-2126.2046171781208
-1.5499062581815857,-2127.8241306857935,-2127.7545234363024
-1.9305918753279703,-2129.7547225611215,-2129.6851153116304
-0.39190457087991426,-2130.1466271320014,-2130.0770198825103
-0.45988716708480243,-2130.606514299086,-2130.536907049595
-0.23498087659195044,-2130.841495175678,-2130.771887926187
0.7418419792606107,-2130.0996531964174,-2130.0300459469263
-0.015936612192012145,-2130.1155898086095,-2130.0459825591183
-0.1983787342847756,-2130.313968542894,-2130.244361293403
-0.20985066211197778,-2130.523819205006,-2130.454211955515
-0.04985747308798655,-2130.573676678094,-2130.504069428603
-0.28863182879999966,-2130.8623085068944,-2130.792701257403
-0.6350875307711865,-2131.4973960376656,-2131.4277887881744
-1.9564789847518869,-2133.4538750224174,-2133.3842677729263
-0.18361081200001123,-2133.6374858344175,-2133.5678785849263
-0.3453040264319979,-2133.9827898608496,-2133.9131826113585
-0.870634428408002,-2134.8534242892574,-2134.7838170397663
-0.7235317059358899,-2135.576955995193,-2135.507348745702
-0.5964359815583462,-2136.1733919767516,-2136.1037847272605
-0.45407615507518284,-2136.627468131827,-2136.5578608823357
-0.29502292582404366,-2136.922491057651,-2136.8528838081597
-0.15609235186158843,-2137.0785834095122,-2137.008976160021
-0.3670212457200131,-2137.4456046552323,-2137.375997405741
-1.0232119524960064,-2138.468816607728,-2138.399209358237
-0.6723116741087212,-2139.1411282818367,-2139.0715210323456
-0.708098815274287,-2139.849227097111,-2139.77961984762
-1.2932923983359168,-2141.142519495447,-2141.0729122459556
-2.2827013687727575,-2143.4252208642197,-2143.3556136147286
-0.5664608872079503,-2143.9916817514277,-2143.9220745019365
-0.6463775010671514,-2144.6380592524947,-2144.5684520030036
-0.6558132281183231,-2145.293872480613,-2145.224265231122
-0.48418272808560014,-2145.778055208699,-2145.7084479592077
-0.34261609139997495,-2146.120671300099,-2146.0510640506077
-1.1978642769599022,-2147.318535577059,-2147.2489283275677
-0.6499557499679927,-2147.9684913270266,-2147.8988840775355
-0.48401397014391206,-2148.452505297171,-2148.3828980476796
-0.4876169168159472,-2148.940122213987,-2148.8705149644957
-0.5827541202863706,-2149.522876334273,-2149.453269084782
-0.8130658558967547,-2150.3359421901696,-2150.2663349406785
-0.6000013328399817,-2150.9359435230094,-2150.8663362735183
0.00508689107764565,-2150.930856631932,-2150.8612493824407
-0.45386358982076824,-2151.3847202217526,-2151.3151129722614
-0.19328197994635415,-2151.578002201699,-2151.5083949522077
-0.5063800629096153,-2152.0843822646084,-2152.0147750151173
-0.4610444838383414,-2152.5454267484465,-2152.4758194989554
-0.7115075290799903,-2153.2569342775264,-2153.1873270280353
-0.33750233884802083,-2153.5944366163744,-2153.5248293668833
-0.5659237134959674,-2154.1603603298704,-2154.0907530803793
-0.9453467464895478,-2155.10570707636,-2155.036099826869
1.1162539536824714,-2153.9894531226773,-2153.919845873186
-0.475613548197543,-2154.465066670875,-2154.3954594213837
-1.455645494879982,-2155.920712165755,-2155.851104916264
-0.3756680309504148,-2156.2963801967053,-2156.226772947214
-0.33340843411197196,-2156.629788630817,-2156.560181381326
-1.61001754833598,-2158.239806179153,-2158.170198929662
-0.1536591373199718,-2158.3934653164733,-2158.323858066982
-0.22588935396952187,-2158.619354670443,-2158.549747420952
-0.47862196955757,-2159.0979766400005,-2159.0283693905094
-0.46863567488156727,-2159.566612314882,-2159.497005065391
-1.1279614224837389,-2160.6945737373658,-2160.6249664878746
6.201185631209206,-2154.4933881061565,-2154.4237808566654
-0.4716259418783296,-2154.965014048035,-2154.8954067985437
-0.6294424928399988,-2155.594456540875,-2155.524849291384
-0.18830896800480018,-2155.78276550888,-2155.713158259389
-0.9518193284158732,-2156.7345848372956,-2156.6649775878045
-0.514460868321568,-2157.2490457056174,-2157.1794384561263
-2.0656992470399786,-2159.3147449526573,-2159.245137703166
-0.6913632570119369,-2160.006108209669,-2159.936500960178
-1.1141408781118873,-2161.120249087781,-2161.0506418382897
-0.03569411339992895,-2161.155943201181,-2161.0863359516898
-0.4694498842943672,-2161.6253930854755,-2161.5557858359844
-0.027487676397549288,-2161.652880761873,-2161.5832735123818
-0.2867434412479032,-2161.9396242031207,-2161.8700169536296
-0.334063719304016,-2162.273687922425,-2162.2040806729337
-0.9222251976543734,-2163.1959131200792,-2163.126305870588
-0.46349322452156894,-2163.659406344601,-2163.58979909511
-0.971806555499982,-2164.6312129001008,-2164.5616056506096
-0.4902195450527749,-2165.1214324451535,-2165.0518251956623
-0.5615600028480117,-2165.6829924480016,-2165.6133851985105
-0.34070864827996516,-2166.0237010962815,-2165.9540938467903
-0.2873793751487576,-2166.31108047143,-2166.241473221939
-0.6804894287519841,-2166.991569900182,-2166.921962650691
-0.5737652930951967,-2167.5653351932774,-2167.4957279437863
-0.41594081309756414,-2167.981276006375,-2167.911668756884
-1.1559672048575185,-2169.1372432112325,-2169.0676359617414
-0.473044859399991,-2169.6102880706326,-2169.5406808211414
-0.25505953017116784,-2169.865347600804,-2169.795740351313
-0.4740700582656359,-2170.3394176590696,-2170.2698104095784
-0.935920782719914,-2171.2753384417897,-2171.2057311922986
-0.4681552428431771,-2171.743493684633,-2171.673886435142
-0.9126358173599738,-2172.656129501993,-2172.5865222525017
1.3649918967568797,-2171.291137605236,-2171.221530355745
-0.5604036958727603,-2171.8515413011087,-2171.7819340516176
-2.498019531976813,-2174.3495608330854,-2174.2799535835943
-0.6832983422231506,-2175.0328591753087,-2174.9632519258175
-1.3504237030319908,-2176.3832828783407,-2176.3136756288495
-1.7941973131487654,-2178.1774801914894,-2178.1078729419983
-0.6501707085214701,-2178.8276509000107,-2178.7580436505195
-0.4338214816296016,-2179.2614723816405,-2179.1918651321494
-0.3525838341600054,-2179.6140562158007,-2179.5444489663096
-0.5229187953095463,-2180.1369750111103,-2180.067367761619
-0.1060161711839267,-2180.242991182294,-2180.173383932803
-0.6686952099231607,-2180.9116863922172,-2180.842079142726
-0.6801332331359544,-2181.5918196253533,-2181.522212375862
-0.2531082461039985,-2181.8449278714575,-2181.7753206219663
-0.49543603467994735,-2182.3403639061376,-2182.2707566566464
-0.27807447174004557,-2182.6184383778777,-2182.5488311283866
-0.3092513277599528,-2182.9276897056375,-2182.8580824561463
0.2752922657703535,-2182.652397439867,-2182.582790190376
-2.3226310336319695,-2184.9750284734987,-2184.9054212240076
-0.12258838015181028,-2185.0976168536504,-2185.0280096041593
-0.4565981884799661,-2185.55421504213,-2185.484607792639
-1.1264258658670283,-2186.6806409079973,-2186.611033658506
-0.7101703255679683,-2187.3908112335653,-2187.321203984074
-0.3275816677535778,-2187.718392901319,-2187.648785651828
-0.7191366038063499,-2188.4375295051254,-2188.3679222556343
-0.49000419551999674,-2188.9275337006457,-2188.8579264511545
0.047171565304870544,-2188.880362135341,-2188.8107548858497
-0.5238768451079674,-2189.404238980449,-2189.334631730958
-0.33419809678879464,-2189.738437077238,-2189.668829827747
-0.7944902319119562,-2190.5329273091497,-2190.4633200596586
-0.8621221619999395,-2191.39504947115,-2191.3254422216587
-0.3061868514216212,-2191.7012363225713,-2191.63162907308
-0.4866966647999825,-2192.1879329873714,-2192.1183257378802
-0.04334576767195619,-2192.231278755043,-2192.161671505552
-0.41922771695436667,-2192.6505064719977,-2192.5808992225066
-0.6171481124423531,-2193.26765458444,-2193.198047334949
-0.5408402712000252,-2193.80849485564,-2193.738887606149
-0.2219418630000055,-2194.0304367186404,-2193.9608294691493
-0.321951739132695,-2194.352388457773,-2194.282781208282
-0.777933694487956,-2195.130322152261,-2195.06071490277
-0.6294915052703829,-2195.7598136575316,-2195.6902064080405
0.9735408034960756,-2194.7862728540354,-2194.7166656045442
-0.32453462591999854,-2195.1108074799554,-2195.0412002304643
-0.02739592506944788,-2195.138203405025,-2195.0685961555337
-0.677882141006302,-2195.816085546031,-2195.74647829654
-0.4078868190479416,-2196.223972365079,-2196.154365115588
-0.4727128665599819,-2196.696685231639,-2196.627077982148
-0.547895403408065,-2197.244580635047,-2197.174973385556
-0.19109913856002336,-2197.435679773607,-2197.3660725241157
-0.3639539802959897,-2197.799633753903,-2197.730026504412
-0.790881898852787,-2198.5905156527556,-2198.5209084032645
-0.19066393370873713,-2198.7811795864645,-2198.7115723369734
-1.6375038239999422,-2200.4186834104644,-2200.3490761609733
-0.6638625991008278,-2201.0825460095652,-2201.012938760074
-0.7035516649823697,-2201.786097674548,-2201.7164904250567
-1.380586913279926,-2203.1666845878276,-2203.0970773383365
-0.8228443247999646,-2203.9895289126275,-2203.9199216631364
-2.1855891206399836,-2206.1751180332676,-2206.1055107837765
-0.3544423997279738,-2206.5295604329954,-2206.4599531835042
-1.363764750873534,-2207.893325183869,-2207.823717934378
-0.7977197279999656,-2208.691044911869,-2208.621437662378
-0.6765071265215021,-2209.3675520383904,-2209.2979447888993
-1.1818707142319989,-2210.5494227526224,-2210.4798155031312
-0.31213829537273763,-2210.861561047995,-2210.791953798504
-0.6443788223999276,-2211.505939870395,-2211.436332620904
-0.42737240671994303,-2211.933312277115,-2211.863705027624
-0.2521104861312311,-2212.185422763246,-2212.115815513755
-1.0797636772223576,-2213.2651864404684,-2213.1955791909772
-0.609093139151994,-2213.87427957962,-2213.804672330129
-0.9391827088799907,-2214.8134622885,-2214.743855039009
-0.6957158004719534,-2215.509178088972,-2215.439570839481
-0.0753952857359644,-2215.584573374708,-2215.5149661252167
-0.6346361576447536,-2216.2192095323526,-2216.1496022828615
-1.7128637351759397,-2217.9320732675287,-2217.8624660180376
-0.5014048265039839,-2218.4334780940326,-2218.3638708445415
-1.0507392528479111,-2219.4842173468805,-2219.4146100973894
-1.0374797375999405,-2220.5216970844804,-2220.4520898349892
-2.747846430335947,-2223.269543514816,-2223.199936265325
-1.308832199558374,-2224.5783757143745,-2224.5087684648834
-1.264898232935876,-2225.8432739473105,-2225.7736666978194
-0.7864401186240184,-2226.6297140659344,-2226.5601068164433
-1.3798634208480176,-2228.0095774867823,-2227.939970237291
-0.7797238313183452,-2228.7893013181006,-2228.7196940686094
-1.9397621494431936,-2230.7290634675437,-2230.6594562180526
-1.1169460425599445,-2231.8460095101036,-2231.7764022606125
-0.756436873919968,-2232.6024463840236,-2232.5328391345324
-0.7579940870087347,-2233.3604404710322,-2233.290833221541
-1.137349484843977,-2234.497789955876,-2234.428182706385
1.0944486362952168,-2233.403341319581,-2233.33373407009
-0.8328698593679809,-2234.2362111789494,-2234.1666039294582
-0.39710379047999256,-2234.633314969429,-2234.563707719938
-0.913411331999942,-2235.5467263014293,-2235.477119051938
-0.6054037157199349,-2236.1521300171494,-2236.0825227676582
-0.2258583155848594,-2236.3779883327343,-2236.308381083243
-0.12910957259998412,-2236.5070979053344,-2236.4374906558432
-0.4989810931199793,-2237.0060789984545,-2236.9364717489634
-1.172566259699984,-2238.1786452581546,-2238.1090380086634
-0.48438446085113906,-2238.663029719006,-2238.5934224695147
-0.22222040498235546,-2238.885250123988,-2238.815642874497
-0.7541466167039109,-2239.639396740692,-2239.569789491201
-0.9403195823999941,-2240.5797163230923,-2240.510109073601
-0.30135001343997975,-2240.881066336532,-2240.811459087041
-0.34526730608954836,-2241.2263336426217,-2241.1567263931306
-0.4808828614079688,-2241.70721650403,-2241.637609254539
-0.8794943067631793,-2242.586710810793,-2242.517103561302
-1.9180143682559556,-2244.5047251790493,-2244.435117929558
-0.59026008674872,-2245.094985265798,-2245.025378016307
-0.4989810931199793,-2245.5939663589184,-2245.524359109427
-1.6030782231359666,-2247.1970445820543,-2247.127437332563
-4.672617638639936,-2251.8696622206944,-2251.8000549712033
-0.6664256967600186,-2252.5360879174546,-2252.4664806679634
-0.37336590347518384,-2252.9094538209297,-2252.8398465714386
-1.0182750030639536,-2253.9277288239937,-2253.8581215745025
-0.6947874839360249,-2254.62251630793,-2254.5529090584387
-0.8611650461215875,-2255.4836813540514,-2255.4140741045603
-0.3614417993279692,-2255.8451231533795,-2255.7755159038884
-0.942623533248022,-2256.7877466866275,-2256.7181394371364
-0.494486883744011,-2257.282233570372,-2257.2126263208806
-0.5400052940799646,-2257.8222388644517,-2257.7526316149606
-1.932012150017525,-2259.7542510144694,-2259.6846437649783
-1.053880655198427,-2260.808131669668,-2260.738524420177
-1.0195315007999484,-2261.827663170468,-2261.758055920977
-0.3993612237600079,-2262.227024394228,-2262.157417144737
-0.688743343655984,-2262.915767737884,-2262.846160488393
-0.47059900562634654,-2263.3863667435103,-2263.316759494019
-0.9150870835583185,-2264.3014538270686,-2264.2318465775775
-0.3553267576622494,-2264.6567805847308,-2264.5871733352396
-0.6629722401455956,-2265.3197528248766,-2265.2501455753854
-1.5841773721520118,-2266.903930197029,-2266.8343229475377
-0.9422001480862597,-2267.846130345115,-2267.776523095624
-0.6792334458623079,-2268.5253637909773,-2268.455756541486
-0.4387482614399374,-2268.964112052417,-2268.894504802926
-0.5043192268799388,-2269.468431279297,-2269.398824029806
-0.46067423067195457,-2269.929105509969,-2269.8594982604777
-0.13583899900794838,-2270.0649445089766,-2269.9953372594855
-0.9469558861199905,-2271.0119003950967,-2270.9422931456056
-0.494486883744011,-2271.506387278841,-2271.43678002935
-0.6966324220799534,-2272.203019700921,-2272.1334124514296
0.012528936695989895,-2272.1904907642247,-2272.1208835147336
-0.647511784703938,-2272.8380025489287,-2272.7683952994375
-0.9434721297792127,-2273.781474678708,-2273.711867429217
-0.5111359084800101,-2274.292610587188,-2274.223003337697
-0.4918281859007152,-2274.784438773089,-2274.7148315235977
0.2607053704320319,-2274.523733402657,-2274.454126153166
-2.1036549699359406,-2276.627388372593,-2276.557781123102
-0.4154336185247453,-2277.0428219911178,-2276.9732147416266
-0.2824770124799645,-2277.3252990035976,-2277.2556917541065
-0.4979578708079699,-2277.8232568744056,-2277.7536496249145
-0.46989402470397307,-2278.2931508991096,-2278.2235436496185
-0.45178932838395963,-2278.7449402274938,-2278.6753329780026
-0.7169209649279311,-2279.4618611924216,-2279.3922539429304
-0.5039159865599703,-2279.9657771789816,-2279.8961699294905
-1.0369996895998643,-2281.0027768685813,-2280.93316961909
-0.993777287567933,-2281.996554156149,-2281.926946906658
-0.4800101920222915,-2282.4765643481715,-2282.4069570986803
-0.9776446346879495,-2283.454208982859,-2283.384601733368
-0.2770602130400236,-2283.731269195899,-2283.661661946408
-1.5693364831871561,-2285.3006056790864,-2285.2309984295953
-0.7569191548799062,-2286.0575248339665,-2285.9879175844753
-1.35463453395672,-2287.4121593679233,-2287.342552118432
-0.7150819334399403,-2288.1272413013635,-2288.0576340518724
-1.6091798044798833,-2289.7364211058434,-2289.6668138563523
-1.8184519439999063,-2291.5548730498435,-2291.4852658003524
-1.5208108092863248,-2293.0756838591296,-2293.0060766096385
-0.9431815459919022,-2294.0188654051217,-2293.9492581556306
-2.578727523047938,-2296.5975929281694,-2296.5279856786783
-0.8994358664135805,-2297.497028794583,-2297.427421545092
-1.2328473163103952,-2298.729876110893,-2298.660268861402
-0.8405208940799782,-2299.570397004973,-2299.500789755482
-1.224505784159924,-2300.794902789133,-2300.725295539642
-0.7432631188799524,-2301.538165908013,-2301.468558658522
-0.45517745370232154,-2301.9933433617152,-2301.923736112224
-0.9884025103679002,-2302.981745872083,-2302.912138622592
-2.003160734120026,-2304.9849066062034,-2304.9152993567122
-0.49459729478395004,-2305.4795039009873,-2305.409896651496
-0.6403600295999534,-2306.119863930587,-2306.050256681096
-0.9579261830399213,-2307.077790113627,-2307.008182864136
-0.9586210525198735,-2308.036411166147,-2307.966803916656
-1.7479257395999823,-2309.784336905747,-2309.7147296562557
-0.4858116121920016,-2310.2701485179387,-2310.2005412684475
-1.2368363903999922,-2311.506984908339,-2311.4373776588477
-0.19584580041598065,-2311.702830708755,-2311.6332234592637
-0.3134951719296708,-2312.0163258806847,-2311.9467186311936
-0.6481809661708029,-2312.6645068468556,-2312.5948995973645
-0.3464589308640001,-2313.01096577772,-2312.9413585282286
-0.6617151818927447,-2313.6726809596125,-2313.6030737101214
-0.6566889781919403,-2314.3293699378046,-2314.2597626883135
-0.08050687860478539,-2314.4098768164095,-2314.3402695669183
-0.09796525939200235,-2314.5078420758014,-2314.4382348263102
-0.39570839677590797,-2314.903550472577,-2314.833943223086
-0.22232772639986753,-2315.125878198977,-2315.0562709494857
-1.563666516191979,-2316.6895447151687,-2316.6199374656776
-0.6511739547135253,-2317.3407186698823,-2317.271111420391
-0.5889904256079346,-2317.92970909549,-2317.860101845999
-0.49577938783993347,-2318.42548848333,-2318.3558812338388
-0.985250515199989,-2319.4107389985297,-2319.3411317490386
-0.261765634799953,-2319.6725046333295,-2319.6028973838384
-0.5160634891647381,-2320.1885681224944,-2320.1189608730033
-0.7139353159929704,-2320.902503438487,-2320.832896188996
-0.6893191650239731,-2321.591822603511,-2321.52221535402
-0.9319438250638559,-2322.523766428575,-2322.454159179084
-0.6400720008000292,-2323.163838429375,-2323.094231179884
-1.2363429586400845,-2324.4001813880154,-2324.3305741385243
-1.043757095635125,-2325.4439384836505,-2325.3743312341594
-0.8831102628318629,-2326.3270487464824,-2326.2574414969913
-1.3408436927998606,-2327.6678924392822,-2327.598285189791
-1.1993463627598395,-2328.8672388020423,-2328.797631552551
-2.012220484127988,-2330.8794592861705,-2330.8098520366793
-0.49572291133435264,-2331.3751821975047,-2331.3055749480136
-0.8923597259304836,-2332.267541923435,-2332.197934673944
-0.7423324018176058,-2333.009874325253,-2332.9402670757618
-0.10350558691191392,-2333.113379912165,-2333.0437726626737
-0.8218950796159086,-2333.9352749917807,-2333.8656677422896
-0.457466062031956,-2334.3927410538126,-2334.3231338043215
-0.9598838574400061,-2335.352624911253,-2335.2830176617617
-0.6750475835198693,-2336.0276724947726,-2335.9580652452814
-0.6456823183583849,-2336.673354813131,-2336.60374756364
-0.47554482975998735,-2337.148899642891,-2337.0792923934
-1.2607278197279723,-2338.409627462619,-2338.340020213128
-0.8513475711998895,-2339.260975033819,-2339.1913677843277
-0.6593531567999567,-2339.920328190619,-2339.8507209411277
-0.9580200324239003,-2340.878348223043,-2340.8087409735517
-0.006292964119128885,-2340.884641187162,-2340.8150339376707
-0.6846377053823323,-2341.5692788925444,-2341.4996716430533
-0.6508216668799629,-2342.2201005594243,-2342.150493309933
-0.9884534015999701,-2343.2085539610243,-2343.138946711533
-3.162401665247924,-2346.3709556262725,-2346.3013483767813
-0.736471345991986,-2347.1074269722644,-2347.0378197227733
-1.6979681522495518,-2348.805395124514,-2348.7357878750227
-0.9840743975998322,-2349.7894695221134,-2349.7198622726223
-1.0228229030880054,-2350.8122924252016,-2350.7426851757104
-1.329407178719956,-2352.1416996039216,-2352.0720923544304
-0.9102539784575975,-2353.051953582379,-2352.982346332888
-1.3994214803278673,-2354.451375062707,-2354.381767813216
-0.6309019295232086,-2355.08227699223,-2355.012669742739
-1.9331575597439108,-2357.015434551974,-2356.945827302483
-1.8867124482248139,-2358.902147000199,-2358.832539750708
-0.3877141746720023,-2359.289861174871,-2359.22025392538
-1.1888308717478582,-2360.478692046619,-2360.409084797128
-0.883171029887979,-2361.361863076507,-2361.2922558270157
-0.827820284800054,-2362.189683361307,-2362.1200761118157
-0.3129790343998695,-2362.502662395707,-2362.433055146216
-0.25885952639993737,-2362.761521922107,-2362.691914672616
-0.25341130079996427,-2363.014933222907,-2362.945325973416
-0.4536755879039551,-2363.468608810811,-2363.39900156132
-0.9836309557007503,-2364.452239766512,-2364.3826325170207
-0.5690660157600127,-2365.021305782272,-2364.951698532781
-0.9199284156431284,-2365.941234197915,-2365.871626948424
-0.4582775831759559,-2366.399511781091,-2366.3299045316
-0.5570779301471,-2366.956589711238,-2366.886982461747
-0.32919469440001786,-2367.285784405638,-2367.216177156147
-0.5051257075199503,-2367.790910113158,-2367.721302863667
-0.45568018953582085,-2368.246590302694,-2368.176983053203
-0.4244854590144056,-2368.6710757617084,-2368.6014685122173
-0.7955096110175915,-2369.466585372726,-2369.396978123235
-0.7952965263359765,-2370.2618818990622,-2370.192274649571
-0.8739543695999699,-2371.1358362686624,-2371.0662290191713
-0.5328773191319274,-2371.668713587794,-2371.599106338303
-0.44159276413439047,-2372.1103063519286,-2372.0406991024374
-1.0111539052798604,-2373.1214602572086,-2373.0518530077175
-0.12438380411992123,-2373.2458440613286,-2373.1762368118375
-0.4606146488591789,-2373.7064587101877,-2373.6368514606966
-0.9108818630784152,-2374.617340573266,-2374.547733323775
-0.026927081999936042,-2374.644267655266,-2374.574660405775
-0.7404116337599085,-2375.384679289026,-2375.3150720395347
-0.4536755879039551,-2375.8383548769298,-2375.7687476274386
-1.0192572590087727,-2376.8576121359383,-2376.788004886447
-0.9878859787199814,-2377.8454981146583,-2377.775890865167
-0.6193539566240367,-2378.464852071282,-2378.395244821791
-0.4417662814806731,-2378.906618352763,-2378.837011103272
-0.5531960459519609,-2379.459814398715,-2379.390207149224
-0.34383935733833343,-2379.8036537560533,-2379.734046506562
-0.34851812951996863,-2380.1521718855734,-2380.082564636082
-0.24593558579989405,-2380.3981074713734,-2380.328500221882
-0.7952354976000018,-2381.1933429689734,-2381.1237357194823
-0.532717227187189,-2381.7260601961607,-2381.6564529466696
-0.7026009103199613,-2382.428661106481,-2382.3590538569897
-0.4952714343840362,-2382.923932540865,-2382.8543252913737
-0.16770484504796834,-2383.0916373859127,-2383.0220301364216
-1.4520246998399222,-2384.5436620857527,-2384.4740548362615
-0.5979502493207718,-2385.141612335073,-2385.072005085582
-1.987601523455985,-2387.129213858529,-2387.059606609038
-0.2888232287615633,-2387.4180370872905,-2387.3484298377994
-0.5917286458031915,-2388.009765733094,-2387.9401584836028
-0.7789627654224054,-2388.7887284985163,-2388.719121249025
-0.0955029176640238,-2388.8842314161802,-2388.814624166689
-0.4043992986000142,-2389.28863071478,-2389.219023465289
-0.8453783073599148,-2390.13400902214,-2390.064401772649
-0.8437175387519544,-2390.9777265608923,-2390.908119311401
-1.2373419236255672,-2392.215068484518,-2392.1454612350267
-0.43942042003192716,-2392.65448890455,-2392.584881655059
-1.0142059456111412,-2393.668694850161,-2393.59908760067
-1.2731710471199205,-2394.941865897281,-2394.8722586477897
-0.04117423041592372,-2394.9830401276968,-2394.9134328782056
-0.32518269071997186,-2395.3082228184167,-2395.2386155689255
-1.420555834631983,-2396.7287786530487,-2396.6591714035576
-0.38182572489597133,-2397.1106043779446,-2397.0409971284535
-0.287421519907195,-2397.3980258978518,-2397.3284186483606
-0.27389354771998514,-2397.671919445572,-2397.6023121960807
-5.624239634111975,-2403.296159079684,-2403.226551830193
-1.4104660061655183,-2404.7066250858497,-2404.6370178363586
-0.3492258466343041,-2405.055850932484,-2404.986243682993
-0.45392900255999835,-2405.509779935044,-2405.440172685553
-0.0759315364079253,-2405.585711471452,-2405.516104221961
-0.8783581052400313,-2406.464069576692,-2406.394462327201
-0.40445688427202847,-2406.868526460964,-2406.798919211473
-0.8997536153839715,-2407.7682800763478,-2407.6986728268566
-0.896248945279937,-2408.664529021628,-2408.594921772137
-2.3359712286240257,-2411.000500250252,-2410.930893000761
-0.2528436665879274,-2411.25334391684,-2411.183736667349
-0.622580731379998,-2411.87592464822,-2411.806317398729
-0.36109478471996287,-2412.23701943294,-2412.167412183449
-0.011313663087950926,-2412.248333096028,-2412.178725846537
-0.07163970091194394,-2412.31997279694,-2412.250365547449
-0.41731584191994137,-2412.73728863886,-2412.6676813893687
-0.5615721149807276,-2413.2988607538405,-2413.2292535043493
-0.7133750903759398,-2414.0122358442163,-2413.942628594725
-0.20569750679515064,-2414.2179333510117,-2414.1483261015205
-0.21921469287355808,-2414.4371480438854,-2414.3675407943942
-0.16830958463995183,-2414.6054576285255,-2414.5358503790344
-0.7551883427040709,-2415.3606459712296,-2415.2910387217385
-0.5886080024039787,-2415.9492539736334,-2415.8796467241423
1.2869746723246562,-2414.662279301309,-2414.5926720518178
-0.5673770683199746,-2415.229656369629,-2415.160049120138
-1.1150953038687137,-2416.3447516734977,-2416.2751444240066
-0.988514841599996,-2417.333266515098,-2417.2636592656067
-0.7008679370398808,-2418.0341344521376,-2417.9645272026464
-0.7133750903759398,-2418.7475095425134,-2418.6779022930223
-0.6439554372383567,-2419.3914649797516,-2419.3218577302605
-0.826660599654351,-2420.2181255794058,-2420.1485183299146
0.16617220275360273,-2420.0519533766524,-2419.9823461271612
-1.6475908415999814,-2421.6995442182524,-2421.6299369687613
-3.92528696639999,-2425.6248311846525,-2425.5552239351614
-0.8390721293198606,-2426.4639033139724,-2426.3942960644813
-1.1197372275934894,-2427.5836405415657,-2427.5140332920746
-1.471319732966272,-2429.054960274532,-2428.9853530250407
-0.14046970687678723,-2429.195429981409,-2429.1258227319177
0.1313292220576395,-2429.0641007593513,-2428.99449350986
-0.32080149539194536,-2429.3849022547433,-2429.315295005252
-0.10602650559991733,-2429.490928760343,-2429.421321510852
-0.7016979831839524,-2430.192626743527,-2430.123019494036
-0.6573926831998705,-2430.8500194267267,-2430.7804121772356
-0.7244228321200119,-2431.574442258847,-2431.5048350093557
-1.260853931491117,-2432.835296190338,-2432.7656889408468
-1.519484986727998,-2434.354781177066,-2434.2851739275748
-2.436922381713395,-2436.7917035587793,-2436.722096309288
-0.8525537736143606,-2437.644257332394,-2437.5746500829027
-0.6745385434320077,-2438.318795875826,-2438.2491886263347
-1.2712023541614796,-2439.5899982299875,-2439.5203909804964
-0.743541546719972,-2440.3335397767073,-2440.263932527216
-1.7844951513599978,-2442.118034928067,-2442.048427678576
-1.4627011745039142,-2443.580736102571,-2443.5111288530798
-0.8092784113223281,-2444.390014513893,-2444.320407264402
-0.10172183865597201,-2444.491736352549,-2444.422129103058
-0.4934072759975807,-2444.9851436285467,-2444.9155363790555
-0.8853629664000322,-2445.8705065949466,-2445.8008993454555
-1.1050208378639979,-2446.9755274328104,-2446.9059201833193
-1.0754964639999616,-2448.0510238968104,-2447.9814166473193
-0.9221727308832606,-2448.9731966276936,-2448.9035893782025
-0.7016979831839524,-2449.6748946108773,-2449.605287361386
-1.148536866263934,-2450.823431477141,-2450.75382422765
-1.2032582828638563,-2452.026689760005,-2451.957082510514
-0.8225217875679464,-2452.849211547573,-2452.7796042980817
-0.26675934983999544,-2453.115970897413,-2453.0463636479217
-0.3916219420800087,-2453.5075928394926,-2453.4379855900015
-0.6771386526487688,-2454.1847314921415,-2454.1151242426504
-0.8018312214431722,-2454.9865627135846,-2454.9169554640935
-0.7325609767728418,-2455.7191236903573,-2455.649516440866
-1.274231865816072,-2456.9933555561734,-2456.9237483066822
-0.8682376382327457,-2457.861593194406,-2457.791985944915
-1.341959822399998,-2459.203553016806,-2459.133945767315
-1.035547064351844,-2460.2391000811576,-2460.1694928316665
-1.1925482653950055,-2461.4316483465527,-2461.3620410970616
-0.5343912690480428,-2461.966039615601,-2461.89643236611
-1.0761869663271961,-2463.042226581928,-2462.972619332437
-0.6564545258399535,-2463.6986811077677,-2463.6290738582766
-0.7838804698669417,-2464.4825615776344,-2464.4129543281433
-0.7012182718151324,-2465.1837798494494,-2465.1141725999582
-0.9219365044319415,-2466.1057163538812,-2466.03610910439
-1.0912072020479742,-2467.196923555929,-2467.127316306438
-1.4578500456239143,-2468.654773601553,-2468.585166352062
-1.062275025279949,-2469.7170486268333,-2469.647441377342
-0.9494906330232158,-2470.6665392598566,-2470.5969320103654
-1.5255944958407537,-2472.1921337556973,-2472.122526506206
-1.1861685519263896,-2473.378302307624,-2473.308695058133
-2.9024795180159124,-2476.2807818256397,-2476.2111745761486
-1.759544044799846,-2478.0403258704396,-2477.9707186209484
-0.8960684572799582,-2478.9363943277194,-2478.8667870782283
-1.1234581712423597,-2480.059852498962,-2479.9902452494707
-1.3376031965277924,-2481.3974556954895,-2481.3278484459984
-3.203838027622219,-2484.6012937231117,-2484.5316864736205
1.032863868890987,-2483.5684298542205,-2483.4988226047294
-0.5871955941600073,-2484.1556254483808,-2484.0860181988896
-0.7803931936319493,-2484.9360186420126,-2484.8664113925215
-1.649986009463915,-2486.5860046514767,-2486.5163974019856
-0.7434023327999004,-2487.329406984277,-2487.2597997347857
-0.4674679833455818,-2487.7968749676224,-2487.7272677181313
-2.645646290015859,-2490.4425212576384,-2490.3729140081473
0.08823761440012878,-2490.3542836432384,-2490.2846763937473
-0.34058611968003566,-2490.6948697629186,-2490.6252625134275
-0.9275949910751982,-2491.622464753994,-2491.5528575045028
-0.7523939977918952,-2492.3748587517857,-2492.3052515022946
-1.5907012228607853,-2493.9655599746466,-2493.8959527251554
-0.5088478076927918,-2494.4744077823393,-2494.404800532848
-1.4842739867999875,-2495.9586817691393,-2495.889074519648
-1.447327525228759,-2497.4060092943682,-2497.336402044877
-1.8086899094398805,-2499.2146992038083,-2499.145091954317
-1.0959128654237351,-2500.310612069232,-2500.2410048197407
-1.6502311055998726,-2501.9608431748316,-2501.8912359253404
-1.3507302169998994,-2503.3115733918316,-2503.2419661423405
-1.1842260676079048,-2504.4957994594397,-2504.4261922099486
-0.6585133026383558,-2505.154312762078,-2505.084705512587
-0.8101943870400741,-2505.964507149118,-2505.894899899627
-1.0987052171584302,-2507.0632123662767,-2506.9936051167856
-1.3547271584399336,-2508.4179395247165,-2508.3483322752254
-1.1027212300799456,-2509.5206607547966,-2509.4510535053055
-0.7351210247518989,-2510.2557817795487,-2510.1861745300575
-1.2352484696184152,-2511.491030249167,-2511.421422999676
-0.5800347563040033,-2512.071065005471,-2512.00145775598
-1.1256551367999084,-2513.1967201422713,-2513.12711289278
-1.200097269951908,-2514.3968174122233,-2514.327210162732
-0.2617332078591612,-2514.6585506200827,-2514.5889433705916
-1.2487677595847968,-2515.9073183796677,-2515.8377111301766
-0.3391947984238323,-2516.2465131780914,-2516.1769059286003
-0.3934508457599263,-2516.6399640238515,-2516.5703567743603
2.825146574600107,-2513.814817449251,-2513.74521019976
-0.339763039104001,-2514.1545804883554,-2514.084973238864
-0.6390350971199649,-2514.7936155854754,-2514.7240083359843
0.05148398639999485,-2514.7421315990755,-2514.6725243495844
-0.7248602747232107,-2515.4669918737986,-2515.3973846243075
-1.214836351488026,-2516.6818282252866,-2516.6122209757955
-0.5497395692398789,-2517.2315677945267,-2517.1619605450355
-0.37572953668792486,-2517.607297331215,-2517.5376900817237
-0.28891468510077895,-2517.8962120163155,-2517.8266047668244
-0.6488100259199212,-2518.5450220422354,-2518.4754147927442
-0.40549547716798395,-2518.9505175194035,-2518.8809102699124
-0.49704309071997743,-2519.4475606101237,-2519.3779533606325
-0.20590274879984372,-2519.6534633589235,-2519.5838561094324
-0.8373373695280717,-2520.4908007284516,-2520.4211934789605
-0.7083549174240105,-2521.1991556458756,-2521.1295483963845
-1.0179878686080217,-2522.2171435144837,-2522.1475362649926
-1.8876568771199844,-2524.104800391604,-2524.035193142113
-1.0520077681847897,-2525.156808159789,-2525.0872009102977
-0.940257926975989,-2526.0970660867647,-2526.0274588372736
-0.5343808179071925,-2526.631446904672,-2526.561839655181
-0.9664737346270821,-2527.597920639299,-2527.528313389808
-1.220038539363159,-2528.817959178662,-2528.748351929171
-0.4271987865599902,-2529.245157965222,-2529.175550715731
-0.6740907993959854,-2529.919248764618,-2529.8496415151267
-0.25679706589675766,-2530.1760458305143,-2530.106438581023
-0.5077057192199389,-2530.683751549734,-2530.614144300243
-0.3358823596800261,-2531.019633909414,-2530.950026659923
-0.44247165601910765,-2531.4621055654334,-2531.3924983159422
-0.06275559220796553,-2531.524861157641,-2531.45525390815
-0.3522376716191875,-2531.8770988292604,-2531.8074915797692
-0.34489192680000647,-2532.22199075606,-2532.152383506569
-0.4919291519998914,-2532.7139199080602,-2532.644312658569
-0.23180256579835926,-2532.9457224738585,-2532.8761152243674
-0.649666240127942,-2533.5953887139863,-2533.525781464495
-0.33906415399200696,-2533.934452867978,-2533.864845618487
-0.8225440185599613,-2534.756996886538,-2534.687389637047
-0.13641412053359675,-2534.893411007072,-2534.8238037575807
-0.7482256630847115,-2535.6416366701565,-2535.5720294206653
-0.7110138482663128,-2536.3526505184227,-2536.2830432689316
-0.1869058261919606,-2536.5395563446145,-2536.4699490951234
-0.35768961167995483,-2536.8972459562947,-2536.8276387068036
-1.299380186687936,-2538.1966261429825,-2538.1270188934914
-0.6288050301263504,-2538.825431173109,-2538.7558239236178
-0.5488206657599503,-2539.374251838869,-2539.304644589378
-0.22015912596478587,-2539.594410964834,-2539.524803715343
3.461421931992141,-2536.132989032842,-2536.063381783351
-0.31949966853592887,-2536.452488701378,-2536.382881451887
-0.5273466135199226,-2536.979835314898,-2536.910228065407
-0.9569123179199177,-2537.936747632818,-2537.867140383327
-1.1135683187663559,-2539.0503159515843,-2538.980708702093
-0.41388600991673685,-2539.464201961501,-2539.39459471201
-0.0398238240959265,-2539.504025785597,-2539.434418536106
-0.31961631704635446,-2539.8236421026436,-2539.7540348531525
-0.4358556626239812,-2540.2594977652675,-2540.1898905157764
0.019601443416020214,-2540.2398963218516,-2540.1702890723604
-0.6747030852767897,-2540.914599407128,-2540.844992157637
-0.7710502618272015,-2541.685649668955,-2541.616042419464
-0.7707138260640282,-2542.456363495019,-2542.386756245528
-0.6467362185600354,-2543.103099713579,-2543.033492464088
-0.015717096192025326,-2543.118816809771,-2543.04920956028
-0.3254238857447689,-2543.444240695516,-2543.3746334460247
-1.1663608266262306,-2544.610601522142,-2544.540994272651
-0.6740335180487071,-2545.284635040191,-2545.2150277907
-0.6581847623999553,-2545.9428198025907,-2545.8732125530996
-0.3005874299999683,-2546.243407232591,-2546.1737999831
-1.1643772201599831,-2547.407784452751,-2547.33817720326
0.80618461094216,-2546.601599841809,-2546.5319925923177
-0.733022089343994,-2547.334621931153,-2547.265014681662
-0.2579958064079906,-2547.592617737561,-2547.5230104880698
-0.8017444882831761,-2548.394362225844,-2548.324754976353
-0.3755111952383722,-2548.769873421082,-2548.700266171591
-0.5218408186991303,-2549.2917142397814,-2549.2221069902903
-1.0836453431135356,-2550.375359582895,-2550.3057523334037
-4.1397519940606635,-2554.5151115769554,-2554.4455043274643
-0.0367038436319613,-2554.5518154205874,-2554.4822081710963
-0.7281176044799705,-2555.2799330250673,-2555.210325775576
-0.36058713395997904,-2555.6405201590273,-2555.570912909536
-0.49328374919993867,-2556.1338039082275,-2556.0641966587364
-1.100443003655903,-2557.2342469118835,-2557.1646396623923
-0.32728953806637123,-2557.56153644995,-2557.491929200459
-0.6099629661839325,-2558.171499416134,-2558.1018921666428
-0.06253164976074993,-2558.2340310658947,-2558.1644238164035
-0.08633513433602574,-2558.3203662002306,-2558.2507589507395
-0.2870145994895555,-2558.60738079972,-2558.537773550229
-0.6740335180487071,-2559.281414317769,-2559.2118070682777
3.6254665646400275,-2555.6559477531287,-2555.5863405036375
-0.7487650520062736,-2556.4047128051347,-2556.3351055556436
-0.8509251699200283,-2557.255637975055,-2557.186030725564
-0.4151382956447163,-2557.6707762706997,-2557.6011690212085
1.2052095581632265,-2556.4655667125367,-2556.3959594630455
-0.5174371070399528,-2556.9830038195764,-2556.9133965700853
-0.7851061866239383,-2557.7681100062005,-2557.6985027567093
-0.6224890214927774,-2558.390599027693,-2558.320991778202
-0.0036185631598643075,-2558.394217590853,-2558.3246103413617
-0.6690764505599389,-2559.0632940414125,-2558.9936867919214
-1.1038740105600668,-2560.1671680519726,-2560.0975608024814
-0.9444092590078389,-2561.1115773109805,-2561.0419700614893
-0.729288921599933,-2561.8408662325805,-2561.7712589830894
-0.5015579907839736,-2562.3424242233646,-2562.2728169738734
-0.3812651889478692,-2562.7236894123125,-2562.6540821628214
-0.5218408186991303,-2563.245530231012,-2563.1759229815207
0.8738016162241079,-2562.3717286147876,-2562.3021213652964
-1.0816992819599958,-2563.4534278967476,-2563.3838206472565
-1.9632587666439112,-2565.4166866633914,-2565.3470794139002
-0.2453782481279569,-2565.6620649115193,-2565.592457662028
-1.039305618181421,-2566.701370529701,-2566.6317632802097
-0.9682543528680125,-2567.6696248825688,-2567.6000176330776
-1.8444725029960094,-2569.5140973855646,-2569.4444901360735
1.8732996120300185,-2567.6407977735344,-2567.5711905240432
-1.5440268885385091,-2569.184824662073,-2569.115217412582
-1.4552695846847856,-2570.6400942467576,-2570.5704869972665
4.222783514104092,-2566.4173107326537,-2566.3477034831626
-1.054391503795227,-2567.471702236449,-2567.4020949869578
-0.38572239843989486,-2567.857424634889,-2567.787817385398
-1.7242428739198927,-2569.581667508809,-2569.512060259318
-1.6778158655999102,-2571.259483374409,-2571.1898761249176
-1.823035818206207,-2573.082519192615,-2573.012911943124
-0.5781225759118928,-2573.660641768527,-2573.591034519036
-5.207024320799959,-2578.867666089327,-2578.798058839836
-0.5853194398999805,-2579.452985529227,-2579.383378279736
-1.7037370655039643,-2581.156722594731,-2581.08711534524
0.47384367973594604,-2580.682878914995,-2580.613271665504
-1.1721926508542595,-2581.8550715658494,-2581.7854643163582
-0.5180419675199652,-2582.373113533369,-2582.303506283878
-0.6961246723583747,-2583.0692382057277,-2582.9996309562366
-0.32657284747198084,-2583.3958110532,-2583.3262038037087
-0.3534306012480099,-2583.749241654448,-2583.6796344049567
-0.44360059147992514,-2584.1928422459277,-2584.1232349964366
-0.06759475117674815,-2584.2604369971045,-2584.1908297476134
-5.214417059999931,-2589.4748540571045,-2589.4052468076134
-0.7514694487991563,-2590.2263235059036,-2590.1567162564124
-0.9273116116927043,-2591.1536351175964,-2591.0840278681053
1.3279363881040371,-2589.825698729492,-2589.756091480001
-1.0062190118399172,-2590.8319177413323,-2590.762310491841
-0.3431187695486789,-2591.175036510881,-2591.10542926139
-0.6136506090719863,-2591.788687119953,-2591.719079870462
-0.9362590595567122,-2592.7249461795095,-2592.6553389300184
-0.7990623848640043,-2593.5240085643736,-2593.4544013148825
-0.32214518879992216,-2593.8461537531734,-2593.7765465036823
-0.9819607462558622,-2594.8281144994294,-2594.7585072499382
-0.7290546581759699,-2595.557169157605,-2595.487561908114
-0.6900962898863672,-2596.2472654474914,-2596.1776581980002
-1.7888047430398701,-2598.036070190531,-2597.96646294104
-0.6807669714599826,-2598.716837161991,-2598.6472299125
-3.1698138431999983,-2601.8866510051907,-2601.8170437556996
-1.0062190118399172,-2602.892870017031,-2602.8232627675397
-0.5258828865248056,-2603.4187529035557,-2603.3491456540646
-2.5964535074400334,-2606.0152064109957,-2605.9455991615046
-0.6207462410399684,-2606.6359526520355,-2606.5663454025444
-0.9401531663999356,-2607.5761058184353,-2607.506498568944
-0.7687889079239475,-2608.344894726359,-2608.275287476868
-0.16948178413585113,-2608.514376510495,-2608.444769261004
-0.6688187027424004,-2609.1831952132375,-2609.1135879637463
-0.0059457483358977825,-2609.1891409615732,-2609.119533712082
-0.5985884894304122,-2609.7877294510035,-2609.7181222015124
-1.3109016560638511,-2611.0986311070674,-2611.0290238575762
-0.5284392231040296,-2611.6270703301716,-2611.5574630806805
-0.8512724102399339,-2612.4783427404113,-2612.40873549092
-0.814006807300766,-2613.292349547712,-2613.222742298221
0.5707847306471223,-2612.721564817065,-2612.651957567574
-0.181302646559985,-2612.902867463625,-2612.833260214134
-0.7059111223295771,-2613.608778585955,-2613.539171336464
-0.4679014281816421,-2614.0766800141364,-2614.0070727646453
-0.8532223660479883,-2614.9299023801846,-2614.8602951306934
-0.3477127413759664,-2615.2776151215603,-2615.208007872069
-0.8670427385920119,-2616.144657860152,-2616.075050610661
-1.7239530766479958,-2617.8686109368,-2617.799003687309
-1.082414753760006,-2618.95102569056,-2618.881418441069
-0.5849611521599146,-2619.53598684272,-2619.466379593229
-0.8280207110015736,-2620.3640075537214,-2620.2944003042303
-0.29271010487038684,-2620.656717658592,-2620.5871104091007
-0.837353671480739,-2621.4940713300725,-2621.4244640805814
-0.3330091967999014,-2621.8270805268726,-2621.7574732773815
-0.034669849199960745,-2621.8617503760725,-2621.7921431265813
-0.9389082610159671,-2622.8006586370884,-2622.7310513875973
-0.849188968319704,-2623.649847605408,-2623.580240355917
-0.6726399257599975,-2624.322487531168,-2624.252880281677
-0.2305695599999794,-2624.553057091168,-2624.4834498416767
-0.22672672829196377,-2624.7797838194597,-2624.7101765699686
-0.7203808217759408,-2625.5001646412356,-2625.4305573917445
-1.5759253914879663,-2627.0760900327236,-2627.0064827832325
-2.415632181759851,-2629.4917222144836,-2629.4221149649925
-1.1179956136608755,-2630.6097178281443,-2630.540110578653
-2.557133663739128,-2633.1668514918833,-2633.097244242392
-0.5993940804047004,-2633.766245572288,-2633.696638322797
-0.6913387829038664,-2634.457584355192,-2634.387977105701
-0.6980952943999706,-2635.155679649592,-2635.086072400101
-1.4262084808880622,-2636.58188813048,-2636.512280880989
-1.7558079922471759,-2638.3376961227273,-2638.268088873236
-0.9120527961598639,-2639.2497489188872,-2639.180141669396
-1.450475341919899,-2640.7002242608073,-2640.630617011316
-0.42134951370395235,-2641.1215737745115,-2641.0519665250204
-1.2748255570679952,-2642.3963993315797,-2642.3267920820886
-0.4913172633599771,-2642.88771659494,-2642.8181093454486
-1.8992532083199065,-2644.7869698032596,-2644.7173625537685
-1.02837517753687,-2645.8153449807965,-2645.7457377313053
-1.2133870378320064,-2647.0287320186285,-2646.9591247691374
-1.1889300621263779,-2648.217662080755,-2648.148054831264
-1.533103759903969,-2649.750765840659,-2649.681158591168
-1.9432113019871204,-2651.693977142646,-2651.624369893155
-3.4007678853115584,-2655.0947450279577,-2655.0251377784666
-0.2638111372415842,-2655.3585561651994,-2655.2889489157083
-0.9530293574063251,-2656.3115855226056,-2656.2419782731145
-0.7776088398687151,-2657.0891943624742,-2657.019587112983
-1.559815424431994,-2658.6490097869064,-2658.5794025374153
-0.7445726898239251,-2659.3935824767304,-2659.3239752272393
3.9184854884866365,-2655.475096988244,-2655.4054897387527
-0.6911513542079275,-2656.1662483424516,-2656.0966410929605
-0.38447516448007624,-2656.5507235069317,-2656.4811162574406
-1.097805774623901,-2657.6485292815555,-2657.5789220320644
-0.729419050799897,-2658.3779483323556,-2658.3083410828644
-3.7551166421759428,-2662.1330649745314,-2662.0634577250403
-1.337991361599939,-2663.4710563361314,-2663.4014490866402
-1.0637712444718725,-2664.534827580603,-2664.465220331112
-1.0315796819200094,-2665.566407262523,-2665.496800013032
-0.8681735407104353,-2666.4345808032335,-2666.3649735537424
-0.0787618758239168,-2666.5133426790576,-2666.4437354295665
-0.4822922639359982,-2666.9956349429935,-2666.9260276935024
-0.9162388147200458,-2667.9118737577137,-2667.8422665082226
-0.9118415750400368,-2668.8237153327536,-2668.7541080832625
-0.5072564311359693,-2669.3309717638895,-2669.2613645143983
-0.07374845052957546,-2669.404720214419,-2669.3351129649277
-0.17916259449595695,-2669.583882808915,-2669.514275559424
-0.5392690534078662,-2670.1231518623226,-2670.0535446128315
-0.9428037219287351,-2671.0659555842512,-2670.99634833476
-1.2774317663999286,-2672.343387350651,-2672.27378010116
-1.0077954894719952,-2673.351182840123,-2673.2815755906317
-1.5045576286398648,-2674.8557404687626,-2674.7861332192715
-1.176514443619233,-2676.032254912382,-2675.962647662891
-2.5638577436735224,-2678.5961126560555,-2678.5265054065644
-0.6313647512639198,-2679.2274774073194,-2679.1578701578283
2.2123618722573037,-2677.0151155350623,-2676.945508285571
-1.3309767014398322,-2678.346092236502,-2678.276484987011
-2.1202684534559433,-2680.466360689958,-2680.396753440467
-0.1525568932799911,-2680.618917583238,-2680.5493103337467
-3.8366979537439816,-2684.455615536982,-2684.3860082874908
-0.49687593955191023,-2684.952491476534,-2684.8828842270427
-1.8895789494768644,-2686.8420704260107,-2686.7724631765195
-1.215032069015917,-2688.0571024950264,-2687.9874952455352
-0.7133786669596667,-2688.770481161986,-2688.700873912495
-0.9801362841597872,-2689.750617446146,-2689.681010196655
0.22509963780484143,-2689.525517808341,-2689.45591055885
-0.917326123440011,-2690.442843931781,-2690.37323668229
-1.1768449123199334,-2691.6196888441013,-2691.55008159461
-0.7162554072959145,-2692.3359442513974,-2692.2663370019063
-1.6605436976000545,-2693.9964879489976,-2693.9268806995065
-1.6286098072318205,-2695.6250977562295,-2695.5554905067384
-2.7339822273599474,-2698.3590799835893,-2698.289472734098
-2.485834553174416,-2700.8449145367636,-2700.7753072872724
-1.8670798605119978,-2702.7119943972757,-2702.6423871477846
-2.1820901702399578,-2704.8940845675156,-2704.8244773180245
-1.9565145477119334,-2706.8505991152274,-2706.7809918657363
-2.772875828855926,-2709.6234749440832,-2709.553867694592
-1.9744997899967418,-2711.59797473408,-2711.5283674845887
-0.848773282655985,-2712.446748016736,-2712.377140767245
-1.6475978127359627,-2714.094345829472,-2714.0247385799807
-0.8189048615999528,-2714.913250691072,-2714.8436434415808
0.09446622084013279,-2714.8187844702315,-2714.7491772207404
-3.6463300569599357,-2718.4651145271914,-2718.3955072777003
-0.8856618365759585,-2719.350776363767,-2719.281169114276
-1.2345445227839384,-2720.585320886551,-2720.51571363706
-2.009734623119801,-2722.5950555096706,-2722.5254482601795
-0.8434549842376227,-2723.4385104939083,-2723.368903244417
-1.459359839111977,-2724.8978703330204,-2724.8282630835292
-4.694490539270474,-2729.592360872291,-2729.5227536228
-1.811892465936028,-2731.404253338227,-2731.334646088736
-0.4824266378399357,-2731.886679976067,-2731.817072726576
-1.6020111138238997,-2733.4886910898913,-2733.4190838404
-1.1079626904575837,-2734.596653780349,-2734.5270465308577
-1.2409961428295682,-2735.8376499231786,-2735.7680426736874
-0.21382551033590058,-2736.0514754335145,-2735.9818681840234
-0.43436170588800727,-2736.4858371394025,-2736.4162298899114
-0.386798596800051,-2736.8726357362025,-2736.8030284867114
-0.5068794608639762,-2737.3795151970667,-2737.3099079475755
-0.42306031634400937,-2737.802575513411,-2737.7329682639197
0.22118830560006053,-2737.5813872078106,-2737.5117799583195
-0.04925440072796056,-2737.6306416085386,-2737.5610343590474
-1.1732698548720948,-2738.8039114634107,-2738.7343042139196
-1.1824298371679467,-2739.9863413005787,-2739.9167340510876
-0.9620968400639813,-2740.948438140643,-2740.8788308911517
-0.5343599194944388,-2741.482798060137,-2741.413190810646
-1.263909623558236,-2742.7467076836956,-2742.6771004342045
-0.46068754830555075,-2743.207395232001,-2743.13778798251
-0.12427013922474944,-2743.331665371226,-2743.2620581217348
-1.2232015247150363,-2744.554866895941,-2744.48525964645
-1.4823953874399585,-2746.0372622833806,-2745.9676550338895
-1.1950857860406703,-2747.2323480694213,-2747.16274081993
-0.5957357055998752,-2747.8280837750212,-2747.75847652553
-1.1003556063999622,-2748.9284393814214,-2748.8588321319303
-0.3078397808416035,-2749.236279162263,-2749.166671912772
-1.3350875843998051,-2750.571366746663,-2750.501759497172
-0.4199339812799524,-2750.991300727943,-2750.9216934784517
-0.9560736287198686,-2751.9473743566627,-2751.8777671071716
3.2188187085305753,-2748.728555648132,-2748.658948398641
-1.4404573747871585,-2750.169013022919,-2750.099405773428
-1.17316010212798,-2751.342173125047,-2751.2725658755558
-1.30112436076789,-2752.643297485815,-2752.5736902363237
-1.3311168377118747,-2753.9744143235266,-2753.9048070740355
-0.8435370197630885,-2754.8179513432897,-2754.7483440937986
2.3419921353120317,-2752.4759592079777,-2752.4063519584865
-0.9772316013887754,-2753.4531908093663,-2753.383583559875
-0.9524107496958291,-2754.4056015590622,-2754.335994309571
-1.0117510212263658,-2755.4173525802885,-2755.3477453307974
-0.7465931158463956,-2756.1639456961348,-2756.0943384466436
-1.2686427230398367,-2757.4325884191744,-2757.3629811696833
3.184876864245571,-2754.2477115549286,-2754.1781043054375
-0.5878649642623819,-2754.835576519191,-2754.7659692697
-0.34734917879997346,-2755.182925697991,-2755.1133184484997
-0.7985508551999904,-2755.981476553191,-2755.9118693037
-1.281881143065576,-2757.2633576962567,-2757.1937504467655
-0.33762973463997165,-2757.6009874308966,-2757.5313801814054
-0.1745872606799422,-2757.7755746915764,-2757.7059674420852
-0.33503628048000256,-2758.1106109720563,-2758.041003722565
-0.6849062269679635,-2758.7955171990243,-2758.725909949533
-2.7042131293199354,-2761.4997303283444,-2761.4301230788533
-1.4022747032975102,-2762.902005031642,-2762.832397782151
-1.173849789947871,-2764.07585482159,-2764.006247572099
-0.4561473701759514,-2764.532002191766,-2764.462394942275
-1.6750524799277453,-2766.2070546716936,-2766.1374474222025
-0.5802727039199835,-2766.7873273756136,-2766.7177201261225
-0.9609875856000003,-2767.7483149612135,-2767.6787077117224
1.2201106526400223,-2766.5282043085735,-2766.4585970590824
-0.4113900008160257,-2766.9395943093896,-2766.8699870598984
-1.322823408255973,-2768.2624177176453,-2768.192810468154
-1.6556082334880724,-2769.9180259511336,-2769.8484187016425
-0.6460471124799312,-2770.5640730636137,-2770.4944658141226
-0.8520867953638982,-2771.4161598589776,-2771.3465526094865
-0.9859210302142809,-2772.402080889192,-2772.3324736397008
-0.5875648494143326,-2772.989645738606,-2772.920038489115
-0.4560983855999903,-2773.445744124206,-2773.376136874715
-0.4913785825999607,-2773.937122706806,-2773.8675154573148
-1.5099910559999543,-2775.4471137628057,-2775.3775065133145
-1.3620873628799437,-2776.8092011256854,-2776.7395938761942
-0.713466539520021,-2777.5226676652055,-2777.4530604157144
-1.0361679584351722,-2778.558835623641,-2778.4892283741497
-0.7552110159359777,-2779.3140466395766,-2779.2444393900855
-0.9286301203199665,-2780.2426767598968,-2780.1730695104056
-1.362576558599955,-2781.6052533184966,-2781.5356460690055
-1.536324661583941,-2783.1415779800805,-2783.0719707305893
-1.4028436183679698,-2784.5444215984485,-2784.4748143489574
-1.532271138599959,-2786.0766927370482,-2786.007085487557
-0.24689204351996008,-2786.323584780568,-2786.253977531077
-0.9493141219198588,-2787.272898902488,-2787.203291652997
-0.45666415301760255,-2787.729563055506,-2787.6599558060148
-0.6486778212960583,-2788.378240876802,-2788.308633627311
-1.231848578687912,-2789.6100894554897,-2789.5404822059986
0.0581435473920332,-2789.551945908098,-2789.4823386586067
-1.3826187646559849,-2790.934564672754,-2790.8649574232627
-1.1876124332519578,-2792.122177106006,-2792.0525698565148
-1.5405546362398599,-2793.662731742246,-2793.5931244927547
-0.5561631900719166,-2794.2188949323177,-2794.1492876828265
-2.0596516103798903,-2796.2785465426978,-2796.2089392932066
-2.0176634649599743,-2798.296210007658,-2798.226602758167
-0.7982226268800261,-2799.094432634538,-2799.024825385047
-0.8402548970879753,-2799.934687531626,-2799.865080282135
-0.8635592943358507,-2800.798246825962,-2800.728639576471
-1.0196589156960285,-2801.8179057416583,-2801.748298492167
-0.7991503772159381,-2802.617056118874,-2802.547448869383
-0.9721517334527975,-2803.589207852327,-2803.519600602836
-0.6767665742591833,-2804.265974426586,-2804.196367177095
-0.3152084808399433,-2804.581182907426,-2804.511575657935
-1.5779961840558205,-2806.1591790914817,-2806.0895718419906
-0.26475511500623905,-2806.423934206488,-2806.354326956997
-0.31000948952319507,-2806.733943696011,-2806.66433644652
-0.6697269119999016,-2807.403670608011,-2807.33406335852
-0.45805885363207355,-2807.861729461643,-2807.7921222121518
0.023407546129136425,-2807.838321915514,-2807.768714666023
-0.5360728836671679,-2808.374394799181,-2808.30478754969
-0.19043822807993094,-2808.564833027261,-2808.49522577777
-0.5232304719518576,-2809.088063499213,-2809.018456249722
-0.627995858399854,-2809.716059357613,-2809.646452108122
-0.9735404642239484,-2810.689599821837,-2810.619992572346
4.965549436292859,-2805.724050385544,-2805.654443136053
-1.3412560321920841,-2807.0653064177363,-2806.995699168245
-0.4804954047359664,-2807.545801822472,-2807.476194572981
-0.7850155519007582,-2808.330817374373,-2808.261210124882
-0.4934379788640014,-2808.8242553532373,-2808.754648103746
-0.15563266271994702,-2808.9798880159574,-2808.9102807664663
-0.8078018868319743,-2809.787689902789,-2809.718082653298
-0.7276408010639964,-2810.515330703853,-2810.445723454362
-0.7976230116479359,-2811.312953715501,-2811.24334646601
-2.4510962030399477,-2813.764049918541,-2813.6944426690497
-1.0158348533278976,-2814.7798847718686,-2814.7102775223775
-0.9709635186430956,-2815.750848290512,-2815.6812410410207
-0.9440801585759953,-2816.694928449088,-2816.625321199597
-1.0286468544000054,-2817.723575303488,-2817.653968053997
-1.1731960663039107,-2818.8967713697916,-2818.8271641203005
-0.6539347309342838,-2819.550706100726,-2819.481098851235
-1.0337667631395626,-2820.584472863866,-2820.5148656143747
-1.2066052976350525,-2821.791078161501,-2821.72147091201
0.1200285145669906,-2821.671049646934,-2821.601442397443
-0.8386083004319987,-2822.509657947366,-2822.440050697875
-1.227405928320001,-2823.737063875686,-2823.667456626195
-0.7062882377615032,-2824.4433521134474,-2824.3737448639563
-0.9483204225599364,-2825.3916725360073,-2825.322065286516
-1.004824952448034,-2826.396497488455,-2826.326890238964
-0.3190542651503722,-2826.7155517536057,-2826.6459445041146
-0.48154064111994843,-2827.1970923947256,-2827.1274851452345
-0.9313397326607264,-2828.1284321273865,-2828.0588248778954
-0.7810425283679128,-2828.9094746557544,-2828.8398674062632
-0.9406336539599869,-2829.8501083097144,-2829.7805010602233
-0.4714666619519793,-2830.3215749716665,-2830.2519677221753
-0.9212285689599233,-2831.2428035406265,-2831.1731962911354
-0.8228507402399612,-2832.0656542808665,-2831.9960470313754
-0.9620799903791074,-2833.0277342712457,-2832.9581270217545
-1.0709897466239688,-2834.0987240178697,-2834.0291167683786
-1.0027981897918536,-2835.1015222076617,-2835.0319149581705
-1.5275761192799855,-2836.629098326942,-2836.5594910774507
-0.9067449054239717,-2837.535843232366,-2837.466235982875
-0.9484212326399073,-2838.4842644650057,-2838.4146572155146
-1.1406542434558937,-2839.624918708462,-2839.5553114589707
-0.4286564048879891,-2840.05357511335,-2839.9839678638587
0.44493388588006844,-2839.60864122747,-2839.5390339779788
-0.8934896480399531,-2840.50213087551,-2840.432523626019
-0.8540418532240015,-2841.356172728734,-2841.2865654792427
-1.8764923435198906,-2843.232665072254,-2843.1630578227628
-1.3022622281535163,-2844.5349273004076,-2844.4653200509165
-0.9412534764584242,-2845.476180776866,-2845.406573527375
-1.0140629961599983,-2846.490243773026,-2846.420636523535
-0.4714666619519793,-2846.961710434978,-2846.892103185487
-0.693909972423971,-2847.6556204074022,-2847.586013157911
-2.134653606399934,-2849.790274013802,-2849.720666764311
-2.050278555199995,-2851.840552569002,-2851.7709453195107
-1.4786854752800216,-2853.319238044282,-2853.249630794791
-2.5203552828807867,-2855.8395933271627,-2855.7699860776715
-0.9743550291902833,-2856.8139483563527,-2856.7443411068616
-2.076597516879855,-2858.8905458732324,-2858.8209386237413
-1.515610986207947,-2860.40615685944,-2860.336549609949
-0.8189944168590695,-2861.225151276299,-2861.155544026808
-0.4667643592319325,-2861.691915635531,-2861.62230838604
-0.4627020661759216,-2862.154617701707,-2862.085010452216
-0.6223182056159525,-2862.776935907323,-2862.707328657832
-0.7260557274144065,-2863.5029916347376,-2863.4333843852464
-0.9157455653998972,-2864.4187372001375,-2864.3491299506463
-1.155949091308847,-2865.574686291446,-2865.505079041955
-0.7937746521600745,-2866.3684609436064,-2866.298853694115
-0.987041949230249,-2867.3555028928367,-2867.2858956433456
-1.208386707732704,-2868.5638896005694,-2868.4942823510783
-0.6411582777599145,-2869.2050478783294,-2869.1354406288383
-1.6284296703998444,-2870.833477548729,-2870.763870299238
-1.5159860269677892,-2872.349463575697,-2872.279856326206
-2.4525360948130848,-2874.80199967051,-2874.732392421019
-1.443151405785662,-2876.2451510762958,-2876.1755438268046
-2.0588611907598304,-2878.3040122670554,-2878.2344050175643
-1.704941292719943,-2880.0089535597754,-2879.9393463102842
-1.8839849645344167,-2881.8929385243096,-2881.8233312748184
-1.3112662584000185,-2883.2042047827094,-2883.1345975332183
-0.8230535037840031,-2884.0272582864936,-2883.9576510370025
-1.2992058579999162,-2885.3264641444935,-2885.2568568950023
-2.902275038199979,-2888.2287391826935,-2888.1591319332024
-0.6580938229247408,-2888.8868330056184,-2888.8172257561273
-1.567269184319764,-2890.454102189938,-2890.384494940447
-0.9143804937918641,-2891.36848268373,-2891.2988754342387
-0.746459998536014,-2892.114942682266,-2892.0453354327747
-0.14606305845598525,-2892.261005740722,-2892.1913984912308
-1.7414102047999473,-2894.002415945522,-2893.932808696031
-0.7339805066349918,-2894.736396452157,-2894.6667892026658
-1.0239336526319496,-2895.760330104789,-2895.6907228552977
-0.9644292434160873,-2896.7247593482048,-2896.6551520987136
-0.946858676399944,-2897.671618024605,-2897.6020107751137
-0.10778676022398803,-2897.779404784829,-2897.7097975353377
-0.7783512773759675,-2898.5577560622046,-2898.4881488127135
-0.4262645735999773,-2898.9840206358044,-2898.9144133863133
-1.6435142295553038,-2900.62753486536,-2900.5579276158687
-0.10708165470510694,-2900.734616520065,-2900.665009270574
-0.7224369962399104,-2901.457053516305,-2901.387446266814
-0.5777317798656477,-2902.034785296171,-2901.9651780466797
-0.583653445336666,-2902.6184387415074,-2902.5488314920162
-0.8443272395200424,-2903.4627659810276,-2903.3931587315365
-1.9426229529599803,-2905.4053889339875,-2905.3357816844964
-0.729546707375965,-2906.1349356413634,-2906.0653283918723
-0.3969611344798665,-2906.5318967758435,-2906.4622895263524
-1.3782972385199501,-2907.9101940143632,-2907.840586764872
-1.1669192777429744,-2909.0771132921063,-2909.007506042615
-1.2126972575999946,-2910.2898105497065,-2910.2202033002154
-0.8229417100631744,-2911.11275225977,-2911.0431450102787
-0.9461528425811653,-2912.058905102351,-2911.98929785286
-1.2256660008790958,-2913.2845711032305,-2913.2149638537394
1.7836007404160206,-2911.5009703628143,-2911.431363113323
-1.3956456561598065,-2912.8966160189743,-2912.827008769483
-0.9071793534319598,-2913.8037953724065,-2913.7341881229154
-1.2913391632589193,-2915.0951345356652,-2915.025527286174
-1.1926242241199454,-2916.287758759785,-2916.218151510294
-0.7045165246079064,-2916.9922752843927,-2916.9226680349016
-1.6778550968927584,-2918.6701303812856,-2918.6005231317945
-1.1449790338560004,-2919.8151094151417,-2919.7455021656506
-1.7604765461759193,-2921.5755859613178,-2921.5059787118266
-1.573843128575954,-2923.1494290898936,-2923.0798218404025
-1.1741041639199092,-2924.3235332538134,-2924.2539260043222
-0.5113447004159123,-2924.8348779542293,-2924.765270704738
-1.5545044559280015,-2926.3893824101574,-2926.3197751606663
-1.9626253464000238,-2928.352007756557,-2928.282400507066
-1.123625871599999,-2929.475633628157,-2929.406026378666
-1.4795401485600244,-2930.955173776717,-2930.885566527226
-1.2801894899038357,-2932.235363266621,-2932.1657560171298
-0.7503533295839986,-2932.985716596205,-2932.9161093467137
-0.8220185123039783,-2933.807735108509,-2933.738127859018
-0.6149797810126987,-2934.4227148895216,-2934.3531076400304
-0.3419994796799881,-2934.7647143692016,-2934.6951071197104
-0.5198268010320563,-2935.2845411702338,-2935.2149339207426
-1.0339144809599417,-2936.3184556511937,-2936.2488484017026
-0.3546490969920085,-2936.673104748186,-2936.6034974986947
-0.43467355372788247,-2937.1077783019136,-2937.0381710524225
-0.027679620067209032,-2937.135457921981,-2937.06585067249
-0.04774978137597469,-2937.183207703357,-2937.1136004538657
-0.46420518640635533,-2937.647412889763,-2937.577805640272
-0.4634413566720119,-2938.110854246435,-2938.0412469969438
-0.49975524165835494,-2938.6106094880934,-2938.5410022386022
-1.0218674245246562,-2939.632476912618,-2939.562869663127
-0.6497304397758658,-2940.282207352394,-2940.212600102903
-0.6827547136872513,-2940.964962066081,-2940.89535481659
-0.28103288131981374,-2941.245994947401,-2941.17638769791
-0.38169489316492194,-2941.627689840566,-2941.5580825910747
-1.0325998371357066,-2942.6602896777017,-2942.5906824282106
-0.9544892310399467,-2943.6147789087418,-2943.5451716592506
-1.2024138589440354,-2944.817192767686,-2944.7475855181947
-0.9281427959999906,-2945.745335563686,-2945.6757283141947
-0.7833967501199406,-2946.528732313806,-2946.459125064315
-0.7394698266480089,-2947.268202140454,-2947.198594890963
-0.5338415180159469,-2947.8020436584698,-2947.7324364089786
-0.8738961569599322,-2948.6759398154295,-2948.6063325659384
-2.3750984548778273,-2951.0510382703073,-2950.981431020816
-0.37795634284792334,-2951.4289946131553,-2951.359387363664
-1.5847552147199844,-2953.0137498278755,-2952.9441425783843
-1.2975403446079214,-2954.3112901724835,-2954.2416829229924
-0.9968401717999136,-2955.308130344283,-2955.238523094792
-0.6653025319679293,-2955.973432876251,-2955.90382562676
-1.2441520245841908,-2957.2175849008354,-2957.1479776513443
-0.7496556886496333,-2957.967240589485,-2957.8976333399937
-1.0240942711872039,-2958.991334860672,-2958.921727611181
-1.216395242400039,-2960.2077301030718,-2960.1381228535806
-0.9279555687288645,-2961.1356856718007,-2961.0660784223096
0.7550178017761868,-2960.3806678700244,-2960.311060620533
-1.2224867677208027,-2961.6031546377453,-2961.533547388254
-1.1988059411199012,-2962.8019605788654,-2962.7323533293743
-0.3435968539423502,-2963.145557432808,-2963.0759501833168
-1.8187831583432308,-2964.964340591151,-2964.89473334166
-0.6423782597439901,-2965.606718850895,-2965.537111601404
-0.9203604681599129,-2966.527079319055,-2966.4574720695637
-0.2741673753719564,-2966.801246694427,-2966.731639444936
-0.800568607479954,-2967.6018153019068,-2967.5322080524156
-1.5847552147199844,-2969.186570516627,-2969.116963267136
-0.6133305772159698,-2969.799901093843,-2969.7302938443518
-3.090173082199894,-2972.8900741760426,-2972.8204669265515
-2.0334338889918424,-2974.9235080650346,-2974.8539008155435
-1.603494844682429,-2976.527002909717,-2976.4573956602258
-0.9108814790400375,-2977.437884388757,-2977.368277139266
-3.505095399231865,-2980.942979787989,-2980.8733725384977
-1.186541465839983,-2982.129521253829,-2982.0599140043378
-1.74237748799991,-2983.8718987418288,-2983.8022914923376
-2.358459227519936,-2986.230357969349,-2986.160750719858
-3.410082242931748,-2989.6404402122807,-2989.5708329627896
0.02517758164799161,-2989.615262630633,-2989.545655381142
-1.912637832120113,-2991.527900462753,-2991.458293213262
-1.3629205051774467,-2992.8908209679307,-2992.8212137184396
-2.388588218457362,-2995.279409186388,-2995.209801936897
-1.850691700199913,-2997.130100886588,-2997.060493637097
-0.007258852389564918,-2997.1373597389775,-2997.0677524894863
-1.4262075101951135,-2998.5635672491726,-2998.4939599996815
-2.4053098053599022,-3000.9688770545326,-3000.8992698050415
-0.47931664147197994,-3001.4481936960046,-3001.3785864465135
-0.976817813903872,-3002.4250115099085,-3002.3554042604173
-1.154282654532762,-3003.5792941644413,-3003.50968691495
-0.8144607758400577,-3004.3937549402813,-3004.32414769079
-0.6323157929917747,-3005.026070733273,-3004.956463483782
-0.7093482926400012,-3005.735419025913,-3005.665811776422
-0.9019468807198838,-3006.637365906633,-3006.567758657142
-1.7347192326143253,-3008.3720851392472,-3008.302477889756
-0.6354710627999309,-3009.007556202047,-3008.937948952556
-1.5810218976236365,-3010.5885780996705,-3010.5189708501794
-0.7921257300720279,-3011.3807038297423,-3011.311096580251
-0.6378710981118485,-3012.018574927854,-3011.948967678363
-2.228620775400005,-3014.247195703254,-3014.177588453763
-1.8533175368639645,-3016.100513240118,-3016.0309059906267
-1.9541424554398628,-3018.054655695558,-3017.9850484460667
-2.261655151199744,-3020.3163108467575,-3020.2467035972663
-2.349148473643349,-3022.6654593204007,-3022.5958520709096
-3.01155545088001,-3025.677014771281,-3025.60740752179
-2.28159020879981,-3027.958604980081,-3027.88899773059
-2.0255657401438967,-3029.984170720225,-3029.914563470734
-1.9275655688999347,-3031.9117362891247,-3031.8421290396336
-1.5951925146526742,-3033.5069288037776,-3033.4373215542864
-2.712788417714952,-3036.2197172214924,-3036.1501099720012
-2.416391541999956,-3038.6361087634923,-3038.566501514001
-1.3635473443775776,-3039.9996561078697,-3039.9300488583785
-0.8752932672342907,-3040.874949375104,-3040.8053421256127
-0.9001615366798692,-3041.7751109117835,-3041.7055036622924
-0.7666861271999537,-3042.5417970389835,-3042.4721897894924
-0.8373839986078894,-3043.3791810375915,-3043.3095737881004
-0.65518874738951,-3044.034369784981,-3043.96476253549
-0.3491548802639062,-3044.383524665245,-3044.313917415754
-0.72818209967992,-3045.111706764925,-3045.042099515434
-0.47093724724800506,-3045.582644012173,-3045.513036762682
-1.1876311666080441,-3046.770275178781,-3046.70066792929
-1.0356258796798445,-3047.8059010584607,-3047.7362938089695
-0.4242464437598879,-3048.2301475022205,-3048.1605402527293
-0.42167912097595495,-3048.6518266231965,-3048.5822193737054
0.34798738687207303,-3048.3038392363246,-3048.2342319868335
-0.5876685900480411,-3048.8915078263726,-3048.8219005768815
-0.49516647119997165,-3049.3866742975724,-3049.3170670480813
-0.3794480944463464,-3049.7661223920186,-3049.6965151425275
-0.3216959059199871,-3050.0878182979386,-3050.0182110484475
-0.3828733565792348,-3050.470691654518,-3050.4010844050267
-1.303536564862315,-3051.7742282193803,-3051.704620969889
-1.1977415588157592,-3052.971969778196,-3052.902362528705
-1.2302459146783886,-3054.2022156928747,-3054.1326084433836
-1.001865462623842,-3055.2040811554984,-3055.1344739060073
-1.1444636772544632,-3056.348544832753,-3056.2789375832617
-0.6713851747679074,-3057.0199300075205,-3056.9503227580294
-0.4109526387359332,-3057.4308826462566,-3057.3612753967654
-0.9391159822079578,-3058.3699986284646,-3058.3003913789735
-0.7522867805327893,-3059.1222854089974,-3059.0526781595063
-0.27122283181591433,-3059.3935082408134,-3059.3239009913223
-2.4062582372639016,-3061.7997664780773,-3061.730159228586
-0.5023040696960137,-3062.3020705477734,-3062.2324632982823
-0.4990780628160021,-3062.8011486105893,-3062.731541361098
0.07591541513607769,-3062.7252331954533,-3062.655625945962
-2.0454319404502117,-3064.7706651359035,-3064.7010578864124
-1.3257418640428793,-3066.0964069999463,-3066.026799750455
-0.7497592229119396,-3066.8461662228583,-3066.776558973367
-1.3920792479999553,-3068.238245470858,-3068.168638221367
-1.5544248445440525,-3069.792670315402,-3069.723063065911
-0.9028150746879126,-3070.69548539009,-3070.625878140599
-1.051343523839944,-3071.74682891393,-3071.677221664439
-1.292308995671918,-3073.0391379096022,-3072.969530660111
-0.9448986140927629,-3073.984036523695,-3073.914429274204
-1.3953654612159982,-3075.379401984911,-3075.30979473542
-1.0174772023680279,-3076.396879187279,-3076.327271937788
-1.070485990784079,-3077.467365178063,-3077.397757928572
-0.9552085145599984,-3078.4225736926232,-3078.352966443132
-0.47225326000318146,-3078.8948269526263,-3078.825219703135
-0.30672312767988263,-3079.2015500803063,-3079.131942830815
-0.8937251407927921,-3080.095275221099,-3080.025667971608
-0.9296938880927585,-3081.024969109192,-3080.955361859701
-1.3986677001887218,-3082.4236368093807,-3082.3540295598896
-1.309778976095856,-3083.7334157854766,-3083.6638085359855
-3.053468498587115,-3086.786884284064,-3086.717277034573
-0.21252311404793278,-3086.999407398112,-3086.929800148621
-1.1237239613443617,-3088.1231313594562,-3088.053524109965
-1.2051377215199373,-3089.328269080976,-3089.258661831485
-1.5847085853055907,-3090.9129776662817,-3090.8433704167905
-0.7300872032398968,-3091.6430648695214,-3091.5734576200302
-0.4174095689279488,-3092.060474438449,-3091.990867188958
-0.49934784979194136,-3092.559822288241,-3092.4902150387497
-1.6162305541199116,-3094.1760528423606,-3094.1064455928695
-0.7211914719358465,-3094.8972443142966,-3094.8276370648055
-0.5943101735998377,-3095.4915544878963,-3095.421947238405
-0.43168438480795795,-3095.923238872704,-3095.853631623213
-2.3308832793790217,-3098.2541221520833,-3098.184514902592
-1.3332673583999446,-3099.5873895104833,-3099.517782260992
-0.8461685255526785,-3100.4335580360357,-3100.3639507865446
-1.8512961178799132,-3102.2848541539156,-3102.2152469044245
-1.395344378768026,-3103.680198532684,-3103.6105912831927
-1.5200709948199687,-3105.2002695275037,-3105.1306622780126
-1.1450573860479802,-3106.3453269135516,-3106.2757196640605
-2.0561863140799717,-3108.4015132276318,-3108.3319059781406
-1.197923297519853,-3109.5994365251518,-3109.5298292756606
-1.8313844266367738,-3111.4308209517885,-3111.3612137022974
-1.83157692648,-3113.2623978782685,-3113.1927906287774
-1.5646122858239928,-3114.8270101640924,-3114.7574029146012
-1.3040960607199463,-3116.1311062248124,-3116.0614989753212
-2.3582089037150498,-3118.4893151285273,-3118.419707879036
-2.6478470764143274,-3121.1371622049414,-3121.0675549554503
-1.6255947527757273,-3122.762756957717,-3122.693149708226
-2.1230605823999897,-3124.885817540117,-3124.816210290626
-0.7365619591918275,-3125.622379499309,-3125.5527722498177
-2.044551951000023,-3127.6669314503088,-3127.5973242008176
-2.368003128348668,-3130.0349345786576,-3129.9653273291665
-2.5375825134818975,-3132.5725170921396,-3132.5029098426485
-1.0371456281520368,-3133.6096627202915,-3133.5400554708003
-0.659865292415832,-3134.2695280127073,-3134.199920763216
-0.47166466167683924,-3134.741192674384,-3134.671585424893
-1.07375397271998,-3135.814946647104,-3135.745339397613
-0.5497119766799301,-3136.364658623784,-3136.295051374293
-1.0720438259199927,-3137.436702449704,-3137.367095200213
-0.9286272680639389,-3138.365329717768,-3138.295722468277
-0.4524196224639727,-3138.817749340232,-3138.7481420907407
-0.9832714319999777,-3139.801020772232,-3139.7314135227407
0.9121597485839221,-3138.8888610236477,-3138.8192537741566
-1.0947554735999292,-3139.9836164972476,-3139.9140092477564
-1.1418420544638836,-3141.1254585517113,-3141.05585130222
-1.4354466627120448,-3142.560905214423,-3142.491297964932
-1.6252438220854941,-3144.1861490365086,-3144.1165417870175
-0.315973817279979,-3144.5021228537885,-3144.4325156042974
-1.2013299110806979,-3145.7034527648693,-3145.633845515378
-1.4820101383136368,-3147.185462903183,-3147.115855653692
-1.7301168869598413,-3148.915579790143,-3148.845972540652
-2.660011619687943,-3151.575591409831,-3151.5059841603397
-0.5649062913919756,-3152.140497701223,-3152.070890451732
-0.8445169653759466,-3152.985014666599,-3152.915407417108
-1.5649225598183807,-3154.5499372264176,-3154.4803299769264
-2.1212473710479016,-3156.6711845974655,-3156.6015773479744
-1.5954970049998685,-3158.2666816024653,-3158.197074352974
-3.0718410082728056,-3161.338522610738,-3161.268915361247
-2.047910554255978,-3163.386433164994,-3163.3168259155027
-1.2409037210399885,-3164.627336886034,-3164.5577296365427
-2.7765318863999084,-3167.4038687724337,-3167.3342615229426
-1.4154361250760388,-3168.81930489751,-3168.749697648019
-0.7906475425967473,-3169.6099524401066,-3169.5403451906154
-1.2687018074399181,-3170.8786542475464,-3170.8090469980552
-0.9145136683199706,-3171.7931679158664,-3171.7235606663753
-0.4191923000880542,-3172.2123602159545,-3172.1427529664634
-1.7623795793600219,-3173.9747397953147,-3173.9051325458236
-1.2776003985600086,-3175.2523401938747,-3175.1827329443836
-1.6073619620400157,-3176.859702155915,-3176.7900949064237
-1.1159351594158238,-3177.975637315331,-3177.90603006584
-0.9598765700591334,-3178.9355138853903,-3178.865906635899
-3.005907025959767,-3181.94142091135,-3181.871813661859
-0.508064244671879,-3182.449485156022,-3182.379877906531
-0.2916171172137508,-3182.741102273236,-3182.6714950237447
-0.7695544438400033,-3183.510656717076,-3183.441049467585
-0.5747272473599344,-3184.085383964436,-3184.015776714945
-0.6571185116759002,-3184.742502476112,-3184.6728952266208
-0.6604087542718944,-3185.402911230384,-3185.3333039808927
-1.7135681951427149,-3187.1164794255264,-3187.0468721760353
-0.8780762130878763,-3187.994555638614,-3187.924948389123
-0.048787061399992865,-3188.0433427000144,-3187.9737354505232
-1.4649627772407965,-3189.5083054772554,-3189.4386982277642
-0.14355401663986844,-3189.6518594938952,-3189.582252244404
-1.3707213467998904,-3191.0225808406954,-3190.952973591204
-0.7400287108799004,-3191.762609551575,-3191.693002302084
-1.0651968539999375,-3192.8278064055753,-3192.758199156084
-0.540946469720039,-3193.3687528752953,-3193.299145625804
-0.7168117534775725,-3194.0855646287728,-3194.0159573792816
-0.7919104342398114,-3194.8774750630128,-3194.8078678135216
-0.5588396441599344,-3195.4363147071726,-3195.3667074576815
-0.7262508117598101,-3196.1625655189323,-3196.092958269441
-0.6763625255997769,-3196.838928044532,-3196.769320795041
-1.4929432433735235,-3198.331871287906,-3198.2622640384147
-0.4927224328800427,-3198.8245937207857,-3198.7549864712946
-0.8518824447967663,-3199.6764761655827,-3199.6068689160916
-1.6161204933528377,-3201.2925966589355,-3201.2229894094444
-0.926051289464775,-3202.2186479484003,-3202.149040698909
-0.7828532742398309,-3203.00150122264,-3202.931893973149
-0.8779023582078511,-3203.879403580848,-3203.8097963313567
-0.9358994724799075,-3204.8153030533276,-3204.7456958038365
-0.8716111729920566,-3205.6869142263195,-3205.6173069768283
-1.1742613499997732,-3206.861175576319,-3206.791568326828
-0.6575129394750858,-3207.518688515794,-3207.449081266303
-2.849175796767972,-3210.3678643125622,-3210.298257063071
-0.6871207723197852,-3211.054985084882,-3210.985377835391
-1.1953202352638366,-3212.250305320146,-3212.1806980706547
-0.716842686280025,-3212.9671480064258,-3212.8975407569346
-1.2390092682398337,-3214.2061572746657,-3214.1365500251745
-0.6058460267999657,-3214.8120033014657,-3214.7423960519745
-0.44384874119996254,-3215.2558520426655,-3215.1862447931744
-0.36528654433916136,-3215.6211385870047,-3215.5515313375136
-0.46167705737990267,-3216.0828156443845,-3216.0132083948934
-0.95271684203807,-3217.0355324864227,-3216.9659252369315
-0.9362739959679731,-3217.9718064823905,-3217.9021992328994
-0.7496850204200862,-3218.7214915028107,-3218.6518842533196
-0.4369560935999055,-3219.1584475964105,-3219.0888403469194
-1.0903114818239497,-3220.2487590782343,-3220.179151828743
-0.6725961946798937,-3220.9213552729143,-3220.851748023423
-0.025913273127980863,-3220.9472685460423,-3220.877661296551
-0.4075005574398334,-3221.3547691034823,-3221.285161853991
-0.6081191772000154,-3221.9628882806824,-3221.8932810311912
-0.8294827158399292,-3222.792370996522,-3222.722763747031
-1.194649937431937,-3223.987020933954,-3223.917413684463
-0.7887139734400349,-3224.775734907394,-3224.706127657903
-1.074060906239882,-3225.849795813634,-3225.780188564143
-0.5086152730399371,-3226.358411086674,-3226.288803837183
0.7986326985257342,-3225.5597783881485,-3225.4901711386574
-2.088351216045466,-3227.648129604194,-3227.5785223547027
-0.5952253755058703,-3228.2433549796997,-3228.1737477302086
-0.9274602925598732,-3229.1708152722595,-3229.1012080227683
-1.6828363079679292,-3230.8536515802275,-3230.7840443307364
-1.598431057984008,-3232.4520826382113,-3232.38247538872
-1.1305517509726974,-3233.582634389184,-3233.513027139693
-0.8519924507039816,-3234.434626839888,-3234.365019590397
-0.7791900478583011,-3235.2138168877464,-3235.1442096382552
-0.28793487122393213,-3235.5017517589704,-3235.4321445094793
-0.8389038683927751,-3236.340655627363,-3236.271048377872
-0.6036858864000079,-3236.944341513763,-3236.874734264272
-1.6404309331199705,-3238.584772446883,-3238.515165197392
-0.4856598427519612,-3239.070432289635,-3239.000825040144
-1.4205717303199146,-3240.4910040199547,-3240.4213967704636
-0.7057923033039322,-3241.1967963232587,-3241.1271890737676
-0.6198034790591898,-3241.816599802318,-3241.7469925528267
-0.8594061656220726,-3242.67600596794,-3242.606398718449
-1.0436521105919552,-3243.719658078532,-3243.650050829041
-0.478908248903906,-3244.198566327436,-3244.1289590779447
-1.0818580970399458,-3245.2804244244758,-3245.2108171749846
0.17296100628801636,-3245.1074634181878,-3245.0378561686966
-0.6175993031199078,-3245.7250627213075,-3245.6554554718164
-0.9095526131999991,-3246.6346153345075,-3246.5650080850164
-0.28433798942395894,-3246.9189533239314,-3246.8493460744403
-0.6208355326503987,-3247.5397888565817,-3247.4701816070906
0.5695151373520069,-3246.9702737192297,-3246.9006664697386
-1.8298884598560115,-3248.800162179086,-3248.7305549295947
-1.3946908228797952,-3250.194853001966,-3250.1252457524747
-0.7488407957038772,-3250.9436937976698,-3250.8740865481786
-1.1037984862118768,-3252.0474922838816,-3251.9778850343905
-0.9566356939198526,-3253.0041279778015,-3252.9345207283104
-0.6578900861791068,-3253.6620180639807,-3253.5924108144895
-0.36120276341598745,-3254.0232208273965,-3253.9536135779053
-0.632484181183878,-3254.6557050085803,-3254.586097759089
-0.6103998340239578,-3255.2661048426044,-3255.1964975931132
-0.5022246525119467,-3255.768329495116,-3255.698722245625
-0.3157338840527036,-3256.084063379169,-3256.014456129678
-0.5568180446400381,-3256.640881423809,-3256.5712741743178
-0.5674701292799916,-3257.208351553089,-3257.138744303598
-0.88240307566552,-3258.0907546287544,-3258.0211473792633
-0.5137758647999988,-3258.6045304935546,-3258.5349232440635
-0.9176887270079686,-3259.5222192205624,-3259.4526119710713
-0.6084788189598764,-3260.1306980395225,-3260.0610907900314
-0.13652373839984255,-3260.2672217779223,-3260.197614528431
-0.10164890505628871,-3260.3688706829785,-3260.2992634334873
0.01947510364803451,-3260.3493955793306,-3260.2797883298394
-0.42572158855992703,-3260.7751171678906,-3260.7055099183995
-0.9641281331279248,-3261.7392453010184,-3261.6696380515273
-0.6276475516390911,-3262.3668928526577,-3262.2972856031665
-0.9040407931919254,-3263.2709336458497,-3263.2013263963586
-0.7767370433758531,-3264.0476706892255,-3263.9780634397343
-0.6480222007999612,-3264.6956928900254,-3264.6260856405343
-1.4796587423518732,-3266.1753516323774,-3266.1057443828863
-1.0556380469120081,-3267.2309896792895,-3267.1613824297983
-1.112164866240032,-3268.3431545455296,-3268.2735472960385
-0.9507656986799948,-3269.2939202442094,-3269.2243129947183
-0.2294637661999963,-3269.5233840104092,-3269.453776760918
1.274469016420911,-3268.2489149939884,-3268.1793077444972
-1.3146343654894252,-3269.5635493594777,-3269.4939421099866
-0.7097736659039791,-3270.2733230253816,-3270.2037157758905
-0.9373156226399066,-3271.2106386480214,-3271.1410313985302
-1.2439827449277783,-3272.4546213929493,-3272.385014143458
-0.6496857838559638,-3273.1043071768054,-3273.0346999273143
-0.5680281542207333,-3273.6723353310263,-3273.602728081535
-1.3130049402880117,-3274.9853402713143,-3274.915733021823
-0.6562434737855416,-3275.6415837451,-3275.571976495609
-0.7406331292798893,-3276.38221687438,-3276.312609624889
-0.46748524679991754,-3276.8497021211797,-3276.7800948716886
-0.19327715076795826,-3277.042979271948,-3276.9733720224567
-0.10483031759985395,-3277.1478095895477,-3277.0782023400566
-0.5344511602943133,-3277.682260749842,-3277.612653500351
-0.6722891360560348,-3278.354549885898,-3278.284942636407
-0.9065452639999243,-3279.2610951498978,-3279.1914879004066
-0.8193532332959639,-3280.080448383194,-3280.010841133703
-1.0768545132798921,-3281.157302896474,-3281.087695646983
-0.3712456641599309,-3281.528548560634,-3281.458941311143
-0.8677090813679904,-3282.396257642002,-3282.326650392511
-0.5307007626719822,-3282.926958404674,-3282.857351155183
-0.4685259359087876,-3283.395484340583,-3283.325877091092
-1.0147069717919428,-3284.410191312375,-3284.340584062884
-0.5312298193599483,-3284.941421131735,-3284.8718138822437
-0.6172722284479616,-3285.5586933601826,-3285.4890861106915
-0.8299738128639664,-3286.3886671730465,-3286.3190599235554
-0.9672385085134831,-3287.35590568156,-3287.286298432069
-1.4764021848477498,-3288.832307866408,-3288.762700616917
-0.8411166616958977,-3289.673424528104,-3289.603817278613
-0.8273865443839832,-3290.500811072488,-3290.431203822997
-1.6950419004958615,-3292.1958529729836,-3292.1262457234925
-0.8422313961600516,-3293.0380843691437,-3292.9684771196526
-0.9398764768847474,-3293.9779608460285,-3293.9083535965374
-0.605406553113528,-3294.583367399142,-3294.513760149651
-2.160837136799801,-3296.7442045359417,-3296.6745972864505
-2.2344536447998458,-3298.9786581807416,-3298.9090509312505
-0.9686236967999082,-3299.9472818775416,-3299.8776746280505
-1.3721077003999493,-3301.3193895779414,-3301.2497823284502
-0.10980767425600452,-3301.4291972521974,-3301.359590002706
-1.7807160810398375,-3303.209913333237,-3303.140306083746
-1.3038344222399998,-3304.513747755477,-3304.444140505986
-1.353505115496939,-3305.867252870974,-3305.797645621483
-1.6199025334237807,-3307.4871554043975,-3307.4175481549064
-0.33059067597116243,-3307.8177460803686,-3307.7481388308775
-1.1260335778559578,-3308.9437796582247,-3308.8741724087336
-1.183068839311991,-3310.1268484975367,-3310.0572412480456
4.663870463347313,-3305.4629780341893,-3305.393370784698
-0.7980009794799509,-3306.2609790136694,-3306.1913717641783
-1.247201582319971,-3307.5081805959894,-3307.4385733464983
-0.5825843540723041,-3308.090764950062,-3308.0211577005707
0.014933485375063116,-3308.075831464687,-3308.0062242151957
-0.5252501396160649,-3308.601081604303,-3308.531474354812
-0.9810210119998908,-3309.582102616303,-3309.512495366812
-0.5741044030079399,-3310.156207019311,-3310.0865997698197
-1.4668005001031255,-3311.623007519414,-3311.553400269923
-1.024980334847899,-3312.647987854262,-3312.5783806047707
-0.17665412391988278,-3312.8246419781817,-3312.7550347286906
-0.46862213752795157,-3313.2932641157095,-3313.2236568662183
-0.6520308335039805,-3313.9452949492133,-3313.875687699722
-0.39231782921516756,-3314.3376127784286,-3314.2680055289375
-0.6522983433119707,-3314.9899111217405,-3314.9203038722494
-0.5812499227727792,-3315.5711610445132,-3315.501553795022
-1.0776933454318616,-3316.648854389945,-3316.579247140454
-0.7706833190208714,-3317.419537708966,-3317.3499304594748
-1.0240652762880025,-3318.443602985254,-3318.373995735763
-0.7406187307199075,-3319.1842217159738,-3319.1146144664826
-1.3004449306399182,-3320.4846666466137,-3320.4150593971226
-0.26930687999999015,-3320.7539735266137,-3320.6843662771225
-0.602486758079924,-3321.3564602846936,-3321.2868530352025
-0.7135383475999643,-3322.0699986322934,-3322.0003913828023
-0.6236993447999648,-3322.6936979770935,-3322.6240907276024
-0.7756620305525688,-3323.469360007646,-3323.399752758155
-0.8710134340119293,-3324.340373441658,-3324.270766192167
-0.6676873323358652,-3325.0080607739937,-3324.9384535245026
-0.187000853599944,-3325.1950616275935,-3325.1254543781024
-0.4320015683198052,-3325.6270631959133,-3325.557455946422
-0.5958444882079261,-3326.2229076841213,-3326.15330043463
-0.25906000745209956,-3326.4819676915736,-3326.4123604420824
-0.23496047265594472,-3326.7169281642296,-3326.6473209147384
-0.6363217885990816,-3327.3532499528287,-3327.2836427033376
-0.7031957061599994,-3328.0564456589887,-3327.9868384094975
-0.7243349011006994,-3328.780780560089,-3328.711173310598
-0.517183901632783,-3329.297964461722,-3329.228357212231
-0.9859982090239332,-3330.283962670746,-3330.214355421255
-0.8461124503678215,-3331.130075121114,-3331.0604678716227
-0.6125344781999676,-3331.7426095993137,-3331.6730023498226
-0.4132606280400065,-3332.1558702273537,-3332.0862629778626
-0.9459632410397798,-3333.1018334683936,-3333.0322262189025
-0.7326502477439095,-3333.8344837161376,-3333.7648764666465
-1.3358145988440184,-3335.1702983149817,-3335.1006910654905
-0.7677314321599116,-3335.9380297471416,-3335.8684224976505
-0.7998511617599453,-3336.7378809089014,-3336.6682736594103
-0.9675426705472439,-3337.7054235794485,-3337.6358163299574
-0.9251472379783395,-3338.630570817427,-3338.5609635679357
-0.8503816225279605,-3339.4809524399548,-3339.4113451904636
1.178001776640056,-3338.3029506633147,-3338.2333434138236
-0.9566356939198526,-3339.2595863572346,-3339.1899791077435
-0.4076244403199952,-3339.6672107975546,-3339.5976035480635
-0.5301182574985579,-3340.197329055053,-3340.127721805562
-1.0566593118975898,-3341.2539883669506,-3341.1843811174595
-0.7171748190720681,-3341.9711631860227,-3341.9015559365316
-1.0713313495040129,-3343.0424945355267,-3342.9728872860355
-2.462457271503836,-3345.5049518070305,-3345.4353445575393
-0.026978374768695468,-3345.531930181799,-3345.462322932308
-0.7403243045118817,-3346.272254486311,-3346.2026472368198
-0.6172151950719771,-3346.8894696813827,-3346.8198624318916
-0.7029736884798783,-3347.5924433698624,-3347.5228361203713
-0.782869920399989,-3348.3753132902625,-3348.3057060407714
-0.433393862976013,-3348.8087071532386,-3348.7390999037475
-1.1010735893167722,-3349.9097807425555,-3349.8401734930644
-1.208800979279928,-3351.1185817218357,-3351.0489744723445
-0.9289335433223467,-3352.047515265158,-3351.977908015667
-1.6177899709439232,-3353.6653052361016,-3353.5956979866105
-0.9490387981601184,-3354.6143440342616,-3354.5447367847705
-0.9559650023999791,-3355.5703090366615,-3355.5007017871703
-1.5723892428383794,-3357.1426982794997,-3357.0730910300085
-0.06427680943190861,-3357.2069750889314,-3357.1373678394402
-0.9355522321598824,-3358.142527321091,-3358.0729200716
-0.4147463180799792,-3358.557273639171,-3358.48766638968
-0.42510287041585193,-3358.9823765095866,-3358.9127692600955
-0.4303853864799911,-3359.4127618960665,-3359.3431546465754
-0.4964596261632428,-3359.90922152223,-3359.839614272739
-2.086797610815818,-3361.9960191330456,-3361.9264118835545
-0.9960576341905869,-3362.992076767236,-3362.922469517745
-1.1383777649247242,-3364.130454532161,-3364.06084728267
-0.5294235525298772,-3364.6598780846907,-3364.5902708351996
-0.9677587718399622,-3365.627636856531,-3365.5580296070398
-0.7406331292798893,-3366.368269985811,-3366.29866273632
-0.5869937408159935,-3366.955263726627,-3366.885656477136
-1.551354228039974,-3368.506617954667,-3368.437010705176
-0.4774567008959473,-3368.984074655563,-3368.9144674060717
-0.906249646599981,-3369.8903243021628,-3369.8207170526716
-0.713848334759948,-3370.6041726369226,-3370.5345653874315
-0.46395513777594916,-3371.0681277746985,-3370.9985205252074
-0.8857875953999875,-3371.9539153700985,-3371.8843081206073
-0.8830554719839863,-3372.8369708420823,-3372.767363592591
-1.2766911635999243,-3374.1136620056823,-3374.044054756191
-0.9044855820000206,-3375.0181475876825,-3374.9485403381914
-0.9276369244406679,-3375.9457845121233,-3375.876177262632
-1.1072666010239312,-3377.0530511131474,-3376.9834438636562
-0.6171011283200081,-3377.6701522414673,-3377.600544991976
-1.244378471999887,-3378.9145307134672,-3378.844923463976
-1.27043063683197,-3380.184961350299,-3380.115354100808
-0.837553352443104,-3381.0225147027422,-3380.952907453251
-0.796128322752036,-3381.818643025494,-3381.749035776003
-0.858522788999887,-3382.677165814494,-3382.607558565003
-1.2721487430400122,-3383.949314557534,-3383.8797073080427
-1.5169757491438118,-3385.466290306678,-3385.3966830571867
-0.8617209998518952,-3386.32801130653,-3386.2584040570387
-1.0380195515759891,-3387.3660308581057,-3387.2964236086145
-1.252724903760762,-3388.6187557618664,-3388.5491485123753
-0.6380151630428048,-3389.2567709249092,-3389.187163675418
0.10321569196801972,-3389.153555232941,-3389.08394798345
-1.0020774355200115,-3390.155632668461,-3390.0860254189697
-0.7022382167999717,-3390.857870885261,-3390.78826363577
-0.9446290931998209,-3391.8024999784607,-3391.7328927289695
-1.6840270646423776,-3393.4865270431033,-3393.416919793612
-1.076528199999968,-3394.563055243103,-3394.493447993612
-0.848443677059947,-3395.411498920163,-3395.341891670672
-0.7358334102559412,-3396.147332330419,-3396.077725080928
-0.6597070022399054,-3396.807039332659,-3396.7374320831677
-0.8432841808327397,-3397.6503235134915,-3397.5807162640003
-0.42118780838400854,-3398.0715113218753,-3398.001904072384
-0.6173292618239461,-3398.6888405836994,-3398.6192333342083
-0.6502615590239555,-3399.3391021427233,-3399.269494893232
-0.5873918609914506,-3399.9264940037147,-3399.8568867542235
-2.8641436729752634,-3402.79063767669,-3402.721030427199
-0.8398117702399432,-3403.63044944693,-3403.560842197439
-0.24882312381595373,-3403.879272570746,-3403.8096653212547
-0.4457173334399961,-3404.3249899041857,-3404.2553826546946
-0.5594432799200123,-3404.8844331841055,-3404.8148259346144
-0.2999901270320029,-3405.1844233111374,-3405.1148160616463
-0.302324487728004,-3405.4867477988655,-3405.4171405493744
-0.44403883948797435,-3405.9307866383533,-3405.861179388862
-0.42698792600004776,-3406.3577745643533,-3406.288167314862
-0.5334860635999872,-3406.891260627953,-3406.821653378462
-0.3502655027999572,-3407.2415261307533,-3407.171918881262
-0.3461103508799649,-3407.587636481633,-3407.518029232142
-0.2909465277599784,-3407.878583009393,-3407.808975759902
-0.29358529439994047,-3408.172168303793,-3408.102561054302
-0.40261796871289746,-3408.574786272506,-3408.505179023015
-0.11980008431996725,-3408.694586356826,-3408.624979107335
-1.5631564263998126,-3410.257742783226,-3410.188135533735
-1.0679874131302958,-3411.3257301963563,-3411.256122946865
-1.061761380287964,-3412.387491576644,-3412.317884327153
-0.7454636959423735,-3413.1329552725865,-3413.0633480230954
-0.7713727842559409,-3413.9043280568426,-3413.8347208073515
-1.1795931671680264,-3415.0839212240107,-3415.0143139745196
1.2811399711440445,-3413.8027812528667,-3413.7331740033756
-3.7261572587519143,-3417.5289385116184,-3417.4593312621273
-5.25875244360006,-3422.7876909552183,-3422.718083705727
-2.2816499928318508,-3425.06934094805,-3424.999733698559
-1.1876232621598852,-3426.25696421021,-3426.1873569607187
-1.0564847938559923,-3427.3134490040657,-3427.2438417545745
-1.0202347713597586,-3428.3336837754255,-3428.2640765259343
-1.0690847532288459,-3429.402768528654,-3429.333161279163
-0.6179649767999477,-3430.0207335054542,-3429.951126255963
-0.5473802072400707,-3430.5681137126944,-3430.4985064632033
-1.2859681349025944,-3431.854081847597,-3431.784474598106
-1.054381491071993,-3432.908463338669,-3432.838856089178
-0.6855546561671427,-3433.5940179948366,-3433.5244107453454
-0.8719074220079195,-3434.4659254168446,-3434.3963181673535
-1.3340654377391825,-3435.799990854584,-3435.730383605093
-0.866066963840054,-3436.666057818424,-3436.596450568933
-0.628812534911946,-3437.294870353336,-3437.225263103845
-0.5045283849598797,-3437.799398738296,-3437.729791488805
-0.5671699825279644,-3438.366568720824,-3438.296961471333
-0.40788599039996964,-3438.774454711224,-3438.7048474617327
-0.2940098464238283,-3439.0684645576475,-3438.9988573081564
-0.4777854966719389,-3439.5462500543194,-3439.4766428048283
-0.7523915392800105,-3440.2986415935993,-3440.229034344108
-0.38172920558936685,-3440.6803707991885,-3440.6107635496974
-0.7496237548799215,-3441.4299945540683,-3441.360387304577
-0.46499715181914897,-3441.8949917058876,-3441.8253844563965
-0.7921916820000223,-3442.6871833878877,-3442.6175761383965
0.05968250326402064,-3442.6275008846237,-3442.5578936351326
-0.7347224371839947,-3443.3622233218075,-3443.2926160723164
-0.6416575837839122,-3444.0038809055914,-3443.9342736561002
-0.8693572706559843,-3444.8732381762475,-3444.8036309267563
-0.872415198968802,-3445.745653375216,-3445.676046125725
-0.6341674767040012,-3446.37982085192,-3446.310213602429
-0.7272281279999054,-3447.10704897992,-3447.037441730429
-1.1670889151687471,-3448.2741378950886,-3448.2045306455975
-0.9788919130799438,-3449.253029808169,-3449.1834225586776
-2.493556017447906,-3451.746585825617,-3451.6769785761257
-2.446720722879875,-3454.193306548497,-3454.1236992990057
-0.9686236967999082,-3455.161930245297,-3455.0923229958057
-1.624170067900773,-3456.7861003131975,-3456.7164930637064
-0.06799375525593765,-3456.8540940684534,-3456.7844868189623
-1.6530565679998381,-3458.5071506364534,-3458.4375433869623
-1.0596606463999492,-3459.5668112828535,-3459.4972040333623
-2.5669489333999227,-3462.1337602162534,-3462.0641529667623
-1.1326422089038846,-3463.266402425157,-3463.196795175666
-0.7860905231040265,-3464.0524929482613,-3463.98288569877
-2.040728489279826,-3466.093221437541,-3466.02361418805
-0.9384990803519906,-3467.031720517893,-3466.962113268402
-1.0813129958398684,-3468.1130335137327,-3468.0434262642416
-0.7274181039999639,-3468.8404516177325,-3468.7708443682413
-1.0694453466000036,-3469.9098969643323,-3469.840289714841
-1.387917049569662,-3471.297814013902,-3471.228206764411
-1.5592335338000285,-3472.857047547702,-3472.787440298211
-1.3763314681559369,-3474.233379015858,-3474.163771766367
-1.8495408976989411,-3476.082919913557,-3476.013312664066
-2.225803669559848,-3478.3087235831167,-3478.2391163336256
-1.0189250628637025,-3479.3276486459804,-3479.2580413964893
-1.52356746463999,-3480.8512161106205,-3480.7816088611294
-0.7564737933438982,-3481.6076899039645,-3481.5380826544733
-0.7475486824246855,-3482.355238586389,-3482.285631336898
-0.8965541896959104,-3483.251792776085,-3483.182185526594
-0.8003010254799203,-3484.0520938015648,-3483.9824865520736
-0.4086460863999545,-3484.460739887965,-3484.3911326384737
-0.9349445615997987,-3485.3956844495647,-3485.3260772000735
-1.101023987148765,-3486.4967084367136,-3486.4271011872224
-0.5649612820798721,-3487.0616697187934,-3486.9920624693023
-1.6538245471254096,-3488.715494265919,-3488.645887016428
-0.288248396705655,-3489.0037426626245,-3488.9341354131334
-1.0831725435328212,-3490.0869152061573,-3490.017307956666
-1.8209043025919978,-3491.907819508749,-3491.838212259258
-1.7178969381998934,-3493.625716446949,-3493.5561091974578
-0.8432941995679295,-3494.469010646517,-3494.3994033970257
-0.9566170960798767,-3495.4256277425966,-3495.3560204931055
-1.504507978247851,-3496.9301357208446,-3496.8605284713535
-0.7026745655440156,-3497.6328102863886,-3497.5632030368974
-1.5371172719999369,-3499.1699275583887,-3499.1003203088976
-1.9095493305278883,-3501.079476888917,-3501.0098696394257
-1.6758983578558628,-3502.7553752467725,-3502.6857679972813
-0.7963607308798039,-3503.5517359776522,-3503.482128728161
-0.8060195104000154,-3504.357755488052,-3504.288148238561
-1.8102056849998682,-3506.167961173052,-3506.098353923561
-1.4412225353231871,-3507.609183708375,-3507.539576458884
-2.028726501120001,-3509.637910209495,-3509.568302960004
-0.18496315861365917,-3509.822873368109,-3509.753266118618
-1.586389879919956,-3511.4092632480288,-3511.3396559985376
-0.6723314916319086,-3512.081594739661,-3512.0119874901698
-0.7996811813999526,-3512.881275921061,-3512.81166867157
-1.7352756781359013,-3514.616551599197,-3514.546944349706
-0.3934400515999127,-3515.009991650797,-3514.940384401306
-0.5436223834879126,-3515.553614034285,-3515.484006784794
-1.0549252906606315,-3516.608539324946,-3516.538932075455
-0.19445193137759498,-3516.8029912563234,-3516.7333840068322
-0.2092727858879655,-3517.0122640422114,-3516.9426567927203
-0.36214140758841173,-3517.3744054497997,-3517.3047982003086
-0.900032989067933,-3518.2744384388675,-3518.2048311893764
-0.6105945366320167,-3518.8850329754996,-3518.8154257260085
-0.0918373129599756,-3518.9768702884594,-3518.9072630389683
-0.64692731831998,-3519.6237976067796,-3519.5541903572885
0.24608373552005924,-3519.3777138712594,-3519.3081066217683
-0.41964056479991474,-3519.7973544360593,-3519.727747186568
-0.55191121390242,-3520.3492656499616,-3520.2796584004705
-0.516400318559884,-3520.8656659685216,-3520.7960587190305
-1.4244454879617072,-3522.2901114564834,-3522.2205042069922
-0.8259662875280207,-3523.1160777440114,-3523.0464704945202
-0.5309706715200115,-3523.6470484155316,-3523.5774411660404
-0.7717102668800118,-3524.4187586824114,-3524.3491514329203
-1.1726154614398459,-3525.591374143851,-3525.52176689436
-0.8570808804158903,-3526.4484550242673,-3526.378847774776
-0.9457096315918487,-3527.394164655859,-3527.324557406368
-0.044887284800058325,-3527.4390519406593,-3527.369444691168
-0.9561820275999237,-3528.395233968259,-3528.325626718768
-1.0863563386271906,-3529.4815903068866,-3529.4119830573954
-0.9464965029599168,-3530.4280868098463,-3530.358479560355
-0.7250781404863116,-3531.1531649503327,-3531.0835577008415
-1.2242768577839178,-3532.3774418081166,-3532.3078345586255
-11.765757321504,-3544.143199129621,-3544.0735918801297
-0.38499360600802424,-3544.5281927356286,-3544.4585854861375
1.7775682776864876,-3542.750624457942,-3542.681017208451
-0.7776452462479044,-3543.5282697041903,-3543.458662454699
-0.980845902176031,-3544.5091156063663,-3544.439508356875
-0.04991245529605692,-3544.5590280616625,-3544.4894208121714
-0.8348090467828863,-3545.3938371084455,-3545.3242298589544
-0.5841895295200794,-3545.9780266379657,-3545.9084193884746
-1.0874914659936024,-3547.065518103959,-3546.995910854468
-0.3152608312320047,-3547.3807789351913,-3547.3111716857
-0.7608297567519655,-3548.1416086919435,-3548.0720014424523
-0.49934854079990487,-3548.6409572327434,-3548.5713499832523
-1.1570834515895991,-3549.798040684333,-3549.728433434842
-0.6004950846927108,-3550.398535769026,-3550.3289285195347
-0.598261240639941,-3550.996797009666,-3550.9271897601748
-0.358559168519921,-3551.355356178186,-3551.285748928695
-0.29519806399995807,-3551.650554242186,-3551.580946992695
-0.30724606295992196,-3551.957800305146,-3551.888193055655
-0.9444415843519207,-3552.902241889498,-3552.8326346400067
-0.5359479483998053,-3553.438189837898,-3553.3685825884068
-0.6289960762240275,-3554.067185914122,-3553.997578664631
-0.4322620631327666,-3554.499447977255,-3554.429840727764
-0.6234315500959923,-3555.122879527351,-3555.05327227786
-0.1261847651998959,-3555.249064292551,-3555.1794570430598
-2.1113935331999385,-3557.360457825751,-3557.29085057626
-0.8868210217087148,-3558.2472788474597,-3558.1776715979686
-0.8533753301439351,-3559.1006541776037,-3559.0310469281126
0.962816726592053,-3558.137837451012,-3558.0682302015207
-0.6071872409919938,-3558.745024692004,-3558.6754174425128
-0.0551995432870217,-3558.800224235291,-3558.7306169857998
-1.7231848303999597,-3560.523409065691,-3560.4538018161998
-0.08963051098405239,-3560.613039576675,-3560.543432327184
-0.9566356939198526,-3561.569675270595,-3561.5000680211037
-0.9423237284361041,-3562.5119989990308,-3562.4423917495396
-0.6101684858878912,-3563.1221674849185,-3563.0525602354273
-0.823736194772658,-3563.945903679691,-3563.8762964302
-0.8145778376959326,-3564.7604815173872,-3564.690874267896
-0.9332083599999123,-3565.693689877387,-3565.624082627896
-0.8651852214559006,-3566.5588750988427,-3566.4892678493516
-0.9226322385335901,-3567.481507337376,-3567.411900087885
-0.9162927338326696,-3568.3978000712086,-3568.3281928217175
-0.7008508780800197,-3569.0986509492886,-3569.0290436997975
-0.8064618559999914,-3569.905112805289,-3569.8355055557977
-1.1235435033599557,-3571.028656308649,-3570.9590490591577
-1.184227444818518,-3572.2128837534674,-3572.1432765039763
-2.069554291430388,-3574.282438044898,-3574.2128307954067
-1.132280706207968,-3575.4147187511057,-3575.3451115016146
-0.9459880439199821,-3576.3607067950256,-3576.2910995455345
-0.8535563911680304,-3577.214263186194,-3577.1446559367027
-1.4387157895679448,-3578.652978975762,-3578.583371726271
0.9753558701633326,-3577.6776231055987,-3577.6080158561076
-0.3781557650638577,-3578.0557788706624,-3577.9861716211713
-0.7961429628320269,-3578.8519218334945,-3578.7823145840034
-1.3290102776136274,-3580.180932111108,-3580.111324861617
-0.4936250381759784,-3580.6745571492843,-3580.604949899793
-0.04616298933592944,-3580.7207201386204,-3580.6511128891293
-0.9950207360255577,-3581.715740874646,-3581.646133625155
-1.2526534099199533,-3582.968394284566,-3582.8987870350747
-1.0766556046800158,-3584.045049889246,-3583.975442639755
-0.9435949380431876,-3584.988644827289,-3584.919037577798
-1.0845503505310221,-3586.0731951778203,-3586.003587928329
-1.2265794076494554,-3587.2997745854695,-3587.2301673359784
-1.2620035368079119,-3588.5617781222772,-3588.492170872786
-1.0570427437753205,-3589.6188208660524,-3589.5492136165612
-0.9167488587960188,-3590.5355697248483,-3590.465962475357
-1.111001919359826,-3591.646571644208,-3591.576964394717
-0.7164074783999743,-3592.362979122608,-3592.293371873117
-0.9442573330559318,-3593.307236455664,-3593.237629206173
-0.9443406192640384,-3594.2515770749283,-3594.181969825437
-0.34566881169585023,-3594.597245886624,-3594.527638637133
-1.2396164601598878,-3595.836862346784,-3595.767255097293
-0.5804524242592036,-3596.4173147710435,-3596.3477075215524
-1.2414783293919633,-3597.6587931004356,-3597.5891858509444
-2.125137542079915,-3599.7839306425153,-3599.714323393024
-1.5361153988800558,-3601.3200460413955,-3601.2504387919043
-2.632705555667619,-3603.952751597063,-3603.883144347572
-1.2743161226399498,-3605.227067719703,-3605.157460470212
-2.7042661073999263,-3607.931333827103,-3607.861726577612
-0.8344657412959575,-3608.765799568399,-3608.696192318908
-4.615365769519945,-3613.381165337919,-3613.311558088428
-1.559217133389625,-3614.9403824713086,-3614.8707752218174
-1.59529386151989,-3616.5356763328286,-3616.4660690833375
-2.136728810507315,-3618.672405143336,-3618.602797893845
-1.1340985329519877,-3619.8065036762882,-3619.736896426797
-1.1433309991919052,-3620.9498346754804,-3620.8802274259892
-0.8332645349679961,-3621.783099210448,-3621.713491960957
-1.1479174519151907,-3622.931016662363,-3622.861409412872
-1.7102386777998835,-3624.641255340163,-3624.5716480906717
-1.030004569407908,-3625.671259909571,-3625.6016526600797
-0.4191148678639083,-3626.0903747774346,-3626.0207675279435
-0.9307111247999805,-3627.0210859022345,-3626.9514786527434
-1.7062072294399355,-3628.7272931316743,-3628.657685882183
-1.6363696089598998,-3630.363662740634,-3630.294055491143
-1.6409122000573975,-3632.0045749406913,-3631.9349676912
-1.4344910606224046,-3633.4390660013137,-3633.3694587518225
-1.1116313041680155,-3634.5506973054817,-3634.4810900559905
-1.1972498866400805,-3635.747947192122,-3635.678339942631
-1.2761725167907434,-3637.0241197089126,-3636.9545124594215
-0.42651964315032265,-3637.450639352063,-3637.3810321025717
-1.3297891731984763,-3638.7804285252614,-3638.7108212757703
-7.099749801849535,-3645.880178327111,-3645.81057107762
-0.7504465175998548,-3646.630624844711,-3646.5610175952197
-0.3826363693599954,-3647.013261214071,-3646.94365396458
-1.411262143200042,-3648.424523357271,-3648.35491610778
-0.8725280559998052,-3649.2970514132708,-3649.2274441637796
-0.3489477333759806,-3649.645999146647,-3649.5763918971556
-0.8837557183839323,-3650.5297548650306,-3650.4601476155394
-0.6597566079999568,-3651.1895114730305,-3651.1199042235394
-1.100305876396705,-3652.2898173494273,-3652.220210099936
-0.9302409292174693,-3653.220058278645,-3653.150451029154
-0.7588262371647048,-3653.9788845158096,-3653.9092772663184
-0.6470767754479702,-3654.6259612912577,-3654.5563540417666
-1.021605634295911,-3655.6475669255537,-3655.5779596760626
-0.13032631860810262,-3655.777893244162,-3655.708285994671
-1.5622477195678812,-3657.34014096373,-3657.270533714239
2.4426567000000485,-3654.89748426373,-3654.8278770142388
-0.7831111190398778,-3655.6805953827698,-3655.6109881332786
-0.9345973212800124,-3656.6151927040496,-3656.5455854545585
-0.9143394450256551,-3657.5295321490753,-3657.459924899584
-17.31001909503987,-3674.8395512441152,-3674.769943994624
-0.9069063096160177,-3675.746457553731,-3675.67685030424
-1.0766607820798435,-3676.8231183358107,-3676.7535110863196
-0.9576078138119379,-3677.7807261496228,-3677.7111189001316
-0.7011387815039491,-3678.481864931127,-3678.4122576816358
-0.7713079193599826,-3679.253172850487,-3679.1835656009957
-1.9165846457593823,-3681.1697574962463,-3681.100150246755
-0.7784477738062503,-3681.9482052700528,-3681.8785980205616
-0.3191790477758929,-3682.2673843178286,-3682.1977770683375
-1.1602333372798959,-3683.4276176551084,-3683.3580104056173
-1.4726500766318686,-3684.9002677317403,-3684.830660482249
-0.9698713571440278,-3685.870139088884,-3685.800531839393
-0.6865195535999389,-3686.556658642484,-3686.4870513929927
-0.9290086000271698,-3687.485667242511,-3687.41605999302
0.04660314220804518,-3687.4390641003033,-3687.369456850812
-1.0112316030608375,-3688.450295703364,-3688.380688453873
-0.9374069404799967,-3689.387702643844,-3689.318095394353
-0.836531694336041,-3690.22423433818,-3690.154627088689
-0.708794139199936,-3690.93302847738,-3690.863421227889
-1.3997721532032505,-3692.3328006305833,-3692.263193381092
-0.34210540366885706,-3692.674906034252,-3692.605298784761
-0.7357797055358506,-3693.4106857397883,-3693.341078490297
-0.3741239969597804,-3693.7848097367482,-3693.715202487257
-1.2604380237199133,-3695.045247760468,-3694.975640510977
-0.8384403740061865,-3695.883688134474,-3695.814080884983
-0.5987361429279586,-3696.482424277402,-3696.412817027911
-0.43017456199980664,-3696.9125988394017,-3696.8429915899105
-0.7041723609016817,-3697.6167712003034,-3697.5471639508123
-0.9392763845919835,-3698.5560475848956,-3698.4864403354045
-0.08627610236799865,-3698.642323687264,-3698.5727164377727
-2.3902194333599622,-3701.032543120624,-3700.9629358711327
-1.0811588781887522,-3702.1137019988128,-3702.0440947493216
-0.9177144982650329,-3703.0314164970778,-3702.9618092475866
-0.7245732334079384,-3703.755989730486,-3703.686382480995
-0.9069063096160177,-3704.6628960401017,-3704.5932887906106
-1.6423795780799695,-3706.305275618182,-3706.2356683686908
-0.9464965029599168,-3707.2517721211416,-3707.1821648716505
-1.011351322800062,-3708.263123443942,-3708.1935161944507
-0.08848567119986173,-3708.351609115142,-3708.2820018656507
-0.8082860863999834,-3709.159895201542,-3709.090287952051
-1.1991436950526877,-3710.3590388965945,-3710.2894316471034
-0.4998001014159419,-3710.8588389980105,-3710.7892317485193
-0.6593983468798522,-3711.51823734489,-3711.448630095399
-1.04592805743994,-3712.56416540233,-3712.494558152839
-0.6035314553855742,-3713.167696857716,-3713.0980896082247
-1.0718669640959448,-3714.2395638218118,-3714.1699565723206
-1.2870811561334528,-3715.526644977945,-3715.457037728454
-1.0586150042559632,-3716.585259982201,-3716.51565273271
-0.8502368058239403,-3717.435496788025,-3717.365889538534
0.0206410213760303,-3717.414855766649,-3717.345248517158
-0.8347843314399268,-3718.249640098089,-3718.180032848598
-0.7273926549117684,-3718.977032753001,-3718.90742550351
-0.5204697005119575,-3719.497502453513,-3719.4278952040218
-0.6007502295999179,-3720.0982526831126,-3720.0286454336215
-0.45470614438954937,-3720.552958827502,-3720.483351578011
-0.46937915267761304,-3721.0223379801796,-3720.9527307306885
-0.4542090734367802,-3721.4765470536163,-3721.406939804125
-0.5714328238110603,-3722.047979877427,-3721.978372627936
-0.49922452639995285,-3722.547204403827,-3722.477597154336
-0.45603822104014113,-3723.003242624867,-3722.933635375376
-0.7173623684079654,-3723.720604993275,-3723.650997743784
-0.7348534434680316,-3724.4554584367434,-3724.3858511872522
-0.9449711258399669,-3725.400429562583,-3725.330822313092
-0.618855914793506,-3726.019285477377,-3725.9496782278857
-0.87191548294409,-3726.891200960321,-3726.82159371083
-0.9334687902398913,-3727.824669750561,-3727.75506250107
-0.9178901013119848,-3728.742559851873,-3728.672952602382
-0.648248071679985,-3729.390807923553,-3729.321200674062
-5.044196955199796,-3734.435004878753,-3734.3653976292617
-1.1221654348799504,-3735.557170313633,-3735.487563064142
0.5474773589840333,-3735.009692954649,-3734.940085705158
-0.9088138672800055,-3735.918506821929,-3735.848899572438
-1.2829686526079707,-3737.201475474537,-3737.1318682250458
-0.7938883617839174,-3737.995363836321,-3737.9257565868297
-1.3135978234079086,-3739.3089616597285,-3739.2393544102374
-0.7642498779918926,-3740.0732115377205,-3740.0036042882293
-1.0485585127680375,-3741.1217700504885,-3741.0521628009974
-0.7498503715279805,-3741.8716204220163,-3741.802013172525
-2.085700957156668,-3743.957321379173,-3743.887714129682
-0.27157191180294493,-3744.228893290976,-3744.159286041485
-0.1464507258046146,-3744.3753440167807,-3744.3057367672895
-1.0202157213358256,-3745.3955597381164,-3745.3259524886253
-0.1357662880799978,-3745.5313260261964,-3745.4617187767053
-1.4037840683927696,-3746.935110094589,-3746.865502845098
-0.14089463039991346,-3747.076004724989,-3747.006397475498
-1.0680248753662958,-3748.1440296003557,-3748.0744223508646
-0.9194011859199287,-3749.0634307862756,-3748.9938235367845
-0.8006605676158904,-3749.8640913538916,-3749.7944841044005
-1.5726872701439634,-3751.4367786240355,-3751.3671713745443
-0.1932596797551301,-3751.6300383037906,-3751.5604310542994
-0.6336407252799416,-3752.2636790290703,-3752.194071779579
-0.8371418451840298,-3753.100820874254,-3753.031213624763
-0.37372451433594933,-3753.4745453885903,-3753.404938139099
-0.7671521985678948,-3754.2416975871583,-3754.172090337667
-0.40788599039996964,-3754.649583577558,-3754.579976328067
-0.9405277959335765,-3755.5901113734917,-3755.5205041240006
0.42679001452802157,-3755.163321358964,-3755.093714109473
-0.4795807129055789,-3755.6429020718697,-3755.5732948223786
-2.9998234327999254,-3758.6427255046697,-3758.5731182551785
-0.9328642643999108,-3759.5755897690697,-3759.5059825195785
-0.8285579539199492,-3760.40414772299,-3760.3345404734987
-1.293027988511949,-3761.6971757115016,-3761.6275684620105
-0.8823003256079028,-3762.5794760371095,-3762.5098687876184
-1.1310402295359494,-3763.7105162666453,-3763.640909017154
-1.0337868071038474,-3764.744303073749,-3764.674695824258
-0.8883926561998525,-3765.632695729949,-3765.5630884804577
-1.4521461983630881,-3767.084841928312,-3767.015234678821
-1.1064244794622042,-3768.191266407774,-3768.121659158283
-0.6586404783999331,-3768.849906886174,-3768.7802996366827
-0.9405926734336267,-3769.7904995596073,-3769.720892310116
-0.9320798289599503,-3770.7225793885673,-3770.652972139076
0.3664870848717714,-3770.3560923036957,-3770.2864850542046
-1.7393142686955652,-3772.0954065723913,-3772.0257993229
-1.350724230962342,-3773.4461308033538,-3773.3765235538626
-1.0427815295040253,-3774.4889123328576,-3774.4193050833665
-1.1542723035198954,-3775.6431846363776,-3775.5735773868864
-0.9485501814238763,-3776.5917348178014,-3776.52212756831
-0.6376073546751864,-3777.2293421724767,-3777.1597349229855
-0.8541113210398908,-3778.0834534935166,-3778.0138462440254
-0.7483712125839581,-3778.8318247061006,-3778.7622174566095
-0.35612538592008014,-3779.187950092021,-3779.1183428425297
-0.9200509042559475,-3780.1080009962766,-3780.0383937467855
-1.2577232759521317,-3781.365724272229,-3781.2961170227377
-1.1630611996870688,-3782.528785471916,-3782.4591782224247
-0.4988605316112066,-3783.027646003527,-3782.958038754036
-0.42933126408003575,-3783.4569772676073,-3783.387370018116
-2.25160891647997,-3785.7085861840874,-3785.6389789345963
-1.3889917763999609,-3787.0975779604873,-3787.027970710996
-0.8838947495040275,-3787.9814727099915,-3787.9118654605004
-0.23428114199994468,-3788.2157538519914,-3788.1461466025003
-0.089631781847968,-3788.3053856338393,-3788.235778384348
-0.5441078366623995,-3788.849493470502,-3788.7798862210107
-1.0880709431998996,-3789.9375644137017,-3789.8679571642106
-0.07620204604798342,-3790.0137664597496,-3789.9441592102585
-1.4706901475240513,-3791.484456607274,-3791.4148493577827
-0.6581444208000111,-3792.142601028074,-3792.0729937785827
-0.9394748659186889,-3793.0820758939926,-3793.0124686445015
-1.1419226246399903,-3794.2239985186325,-3794.1543912691413
-0.9139939468351506,-3795.1379924654675,-3795.0683852159764
-0.8878922580959101,-3796.025884723563,-3795.956277474072
-1.188669523072036,-3797.214554246635,-3797.144946997144
-1.1774398390719085,-3798.391994085707,-3798.322386836216
-0.9022711067759666,-3799.294265192483,-3799.224657942992
-1.3301109244798446,-3800.624376116963,-3800.554768867472
-1.9614520510720677,-3802.5858281680353,-3802.516220918544
-1.212907990079927,-3803.7987361581154,-3803.7291289086243
-0.7816819663039489,-3804.5804181244193,-3804.510810874928
-0.7837778295934426,-3805.3641959540128,-3805.2945887045216
-0.24541818394710674,-3805.60961413796,-3805.5400068884687
-1.028797121071884,-3806.6384112590317,-3806.5688040095406
-1.2136342044959847,-3807.8520454635277,-3807.7824382140366
-1.109192890879874,-3808.9612383544077,-3808.8916311049165
-1.6112758238718063,-3810.5725141782796,-3810.5029069287884
-1.318135444911805,-3811.890649623191,-3811.8210423737
-0.6117953231518911,-3812.502444946343,-3812.432837696852
-0.7710150234880364,-3813.273459969831,-3813.20385272034
-1.4396312311998867,-3814.713091201031,-3814.64348395154
-0.9558443983958365,-3815.668935599427,-3815.599328349936
-0.8269329797759877,-3816.495868579203,-3816.426261329712
-0.9136923378863773,-3817.4095609170895,-3817.3399536675984
-0.9319254011199116,-3818.3414863182093,-3818.271879068718
-0.8214292242639059,-3819.162915542473,-3819.093308292982
-1.141603343360027,-3820.304518885833,-3820.234911636342
-1.0073141246878414,-3821.3118330105212,-3821.24222576103
-0.2576203103999172,-3821.569453320921,-3821.49984607143
-0.8728039875647561,-3822.4422573084858,-3822.3726500589946
-0.7544433180671738,-3823.196700626553,-3823.127093377062
-1.458703273984033,-3824.6554039005373,-3824.585796651046
-0.9569146615199255,-3825.612318562057,-3825.542711312566
-0.9543218115998463,-3826.5666403736573,-3826.497033124166
-1.972783410220909,-3828.539423783878,-3828.469816534387
-1.4667724531199118,-3830.006196236998,-3829.936588987507
-1.1740290796799004,-3831.180225316678,-3831.110618067187
-1.742574712319709,-3832.9228000289977,-3832.8531927795066
-1.9411229104798746,-3834.8639229394776,-3834.7943156899864
-0.7156194528000663,-3835.5795423922777,-3835.5099351427866
-0.659322557599992,-3836.2388649498776,-3836.1692577003864
-1.0478075379198528,-3837.286672487797,-3837.217065238306
0.9002582898960525,-3836.386414197901,-3836.31680694841
-0.48353695336622027,-3836.8699511512673,-3836.800343901776
-3.6869906004351485,-3840.5569417517027,-3840.4873345022115
-0.7724727069951971,-3841.329414458698,-3841.259807209207
-0.6067880061119875,-3841.93620246481,-3841.8665952153187
-1.6219636097376533,-3843.5581660745474,-3843.4885588250563
-1.2125123027998854,-3844.7706783773474,-3844.7010711278563
-0.5514880229599051,-3845.322166400307,-3845.252559150816
-1.126724091119921,-3846.448890491427,-3846.379283241936
-0.9749199469566459,-3847.4238104383835,-3847.3542031888924
-2.154805792292828,-3849.5786162306763,-3849.509008981185
-1.130817915199951,-3850.7094341458765,-3850.6398268963853
-0.4265386109247693,-3851.135972756801,-3851.06636550731
-0.5745623987840107,-3851.710535155585,-3851.640927906094
-0.6707256077433172,-3852.3812607633286,-3852.3116535138374
-0.3568877156639543,-3852.7381484789926,-3852.6685412295014
-2.4323443305038857,-3855.1704928094964,-3855.1008855600053
-1.6827813645998948,-3856.8532741740964,-3856.7836669246053
-0.6855970159999248,-3857.5388711900964,-3857.4692639406053
-0.38229080112005775,-3857.9211619912166,-3857.8515547417255
-1.327572082943903,-3859.2487340741604,-3859.1791268246693
-0.32934843572788264,-3859.578082509888,-3859.508475260397
-4.085037690399932,-3863.663120200288,-3863.593512950797
-0.23816661349600873,-3863.9012868137843,-3863.831679564293
-0.8444505094399354,-3864.745737323224,-3864.676130073733
-1.172980215359907,-3865.918717538584,-3865.849110289093
-1.7851672162559153,-3867.70388475484,-3867.634277505349
-1.0576858670926952,-3868.761570621933,-3868.691963372442
-0.8542979972799214,-3869.615868619213,-3869.546261369722
-1.1839081994109977,-3870.7997768186237,-3870.7301695691326
-1.117321386047977,-3871.9170982046717,-3871.8474909551805
-1.3160740931519306,-3873.233172297824,-3873.1635650483327
-1.0918422571985786,-3874.3250145550223,-3874.255407305531
-0.9347045937358314,-3875.259719148758,-3875.190111899267
-1.5818813913597671,-3876.8416005401177,-3876.7719932906266
-1.764780297891167,-3878.606380838009,-3878.536773588518
-0.6067880061119875,-3879.213168844121,-3879.14356159463
-1.9381759889760342,-3881.151344833097,-3881.081737583606
-1.4041285148799454,-3882.555473347977,-3882.485866098486
-0.9718523883023873,-3883.5273257362796,-3883.4577184867885
-0.9622290609280373,-3884.489554797208,-3884.4199475477167
-0.7882835657311847,-3885.277838362939,-3885.2082311134477
-1.230765919999961,-3886.508604282939,-3886.438997033448
-1.1748499833598327,-3887.6834542662987,-3887.6138470168075
-1.1434764165118863,-3888.8269306828106,-3888.7573234333195
-0.9333767616719707,-3889.7603074444824,-3889.690700194991
-0.7537821055519278,-3890.5140895500344,-3890.4444823005433
-0.9650014119999112,-3891.479090962034,-3891.409483712543
-0.44444537798392153,-3891.923536340018,-3891.853929090527
-0.8851508991999462,-3892.8086872392178,-3892.7390799897266
-2.901789889559931,-3895.7104771287777,-3895.6408698792866
-0.8834128579680077,-3896.5938899867456,-3896.5242827372545
-0.22389351989194967,-3896.8177835066376,-3896.7481762571465
-0.8953344937982122,-3897.7131180004358,-3897.6435107509446
-1.3064881536797928,-3899.0196061541155,-3898.9499989046244
-0.11807479972076002,-3899.1376809538365,-3899.0680737043454
-0.5436662353919111,-3899.6813471892283,-3899.611739939737
-0.5285746628903063,-3900.2099218521184,-3900.1403146026273
-0.6793031863199792,-3900.8892250384383,-3900.819617788947
-0.49115851948764655,-3901.380383557926,-3901.310776308435
-0.6831458233094236,-3902.0635293812356,-3901.9939221317445
-0.09483542939193251,-3902.1583648106275,-3902.0887575611364
-1.1955980275200073,-3903.3539628381477,-3903.2843555886566
-1.2287692065598226,-3904.5827320447074,-3904.5131247952163
-1.9508696942398154,-3906.5336017389473,-3906.463994489456
-2.0024671754230874,-3908.5360689143704,-3908.4664616648793
-1.1705858447999349,-3909.7066547591703,-3909.637047509679
-1.108707949631933,-3910.8153627088022,-3910.745755459311
-0.5943774404960116,-3911.409740149298,-3911.340132899807
-1.1720309183996651,-3912.581771067698,-3912.512163818207
-2.551581108552093,-3915.13335217625,-3915.063744926759
-1.3689658644479115,-3916.502318040698,-3916.432710791207
-2.2928929847039363,-3918.795211025402,-3918.7256037759107
-0.3742240606079328,-3919.16943508601,-3919.0998278365187
-0.8817698539147532,-3920.0512049399244,-3919.9815976904333
-1.2739643987135838,-3921.325169338638,-3921.2555620891467
-0.7510252067840333,-3922.076194545422,-3922.006587295931
-0.7605827654784192,-3922.8367773109003,-3922.767170061409
-1.5299926543998057,-3924.3667699653,-3924.297162715809
-1.9176702605279807,-3926.284440225828,-3926.2148329763368
-1.3107906950398576,-3927.595230920868,-3927.5256236713767
-0.6043553458319154,-3928.1995862667,-3928.129979017209
-0.11126124667188991,-3928.3108475133718,-3928.2412402638806
-1.3750931666880193,-3929.68594068006,-3929.616333430569
-0.6240573298398286,-3930.3099980098996,-3930.2403907604084
-1.3913073829198503,-3931.7013053928194,-3931.6316981433283
-0.7681107058558716,-3932.4694160986755,-3932.3998088491844
-1.0888897118960101,-3933.5583058105717,-3933.4886985610806
-0.36441546943992886,-3933.9227212800115,-3933.8531140305204
-0.7396229503440622,-3934.6623442303558,-3934.5927369808646
-0.7791819276799561,-3935.4415261580357,-3935.3719189085446
-1.228485631999864,-3936.6700117900355,-3936.6004045405443
-0.7333096276797053,-3937.4033214177152,-3937.333714168224
-1.1729345414398837,-3938.5762559591553,-3938.506648709664
-1.147226320655932,-3939.7234822798114,-3939.6538750303203
-0.665555521343927,-3940.389037801155,-3940.319430551664
0.08015063520806054,-3940.308887165947,-3940.239279916456
-1.1549061284543096,-3941.4637932944015,-3941.3941860449104
-0.45538368518393607,-3941.9191769795852,-3941.849569730094
-0.91103759114721,-3942.8302145707326,-3942.7606073212414
-1.2503578193278972,-3944.0805723900603,-3944.010965140569
-1.1315367365943,-3945.2121091266545,-3945.1425018771633
-1.1579724146398673,-3946.3700815412944,-3946.3004742918033
-1.227250245799988,-3947.5973317870944,-3947.5277245376033
-1.4863595797707583,-3949.083691366865,-3949.014084117374
-1.959876144034952,-3951.0435675108997,-3950.9739602614086
-1.0872869241599787,-3952.1308544350595,-3952.0612471855684
-1.471606663680047,-3953.6024610987397,-3953.5328538492486
-1.0597926618240279,-3954.6622537605635,-3954.5926465110724
-1.0072747424159143,-3955.6695285029796,-3955.5999212534884
-1.4899857849598392,-3957.1595142879396,-3957.0899070384485
-0.7866285074766978,-3957.946142795416,-3957.876535545925
-0.9676381760638594,-3958.91378097148,-3958.8441737219887
-0.6682349980800264,-3959.58201596956,-3959.512408720069
-0.664870961855946,-3960.2468869314157,-3960.1772796819246
-0.5984188770624574,-3960.8453058084783,-3960.775698558987
-0.6584502397264345,-3961.5037560482047,-3961.4341487987135
-0.7257830483200063,-3962.2295390965246,-3962.1599318470335
-1.1497385056318756,-3963.3792776021564,-3963.3096703526653
-0.6770487646719775,-3964.056326366828,-3963.986719117337
-0.6279221115199196,-3964.6842484783483,-3964.614641228857
-0.6167973635999946,-3965.3010458419485,-3965.2314385924574
-2.3021296950961254,-3967.6031755370445,-3967.5335682875534
-1.9207948020799424,-3969.5239703391244,-3969.4543630896333
-1.2286376511999464,-3970.752607990324,-3970.683000740833
-1.1507445920879706,-3971.903352582412,-3971.833745332921
-1.3132012706982907,-3973.2165538531103,-3973.146946603619
-1.0188448399358077,-3974.235398693046,-3974.165791443555
-1.204536141119965,-3975.4399348341663,-3975.370327584675
-0.9949547452000241,-3976.4348895793664,-3976.3652823298753
-0.8530393087360928,-3977.2879288881027,-3977.2183216386115
-2.007819693297492,-3979.2957485814,-3979.226141331909
-1.9854058684351996,-3981.281154449835,-3981.211547200344
-1.0936268848960093,-3982.374781334731,-3982.3051740852397
-1.9756729693438468,-3984.350454304075,-3984.280847054584
-1.3821596574166892,-3985.7326139614916,-3985.6630067120004
-1.3202614500479828,-3987.0528754115394,-3986.9832681620483
-2.1104576771728043,-3989.163333088712,-3989.093725839221
-1.4899857849598392,-3990.653318873672,-3990.583711624181
-2.0127559535958714,-3992.666074827268,-3992.596467577777
-0.5654790460319682,-3993.2315538733,-3993.161946623809
-1.6638736444799767,-3994.8954275177803,-3994.825820268289
-1.5211989807919348,-3996.416626498572,-3996.347019249081
-0.683580452519838,-3997.100206951092,-3997.0305997016007
-0.43918901400706795,-3997.5393959650987,-3997.4697887156076
-0.9653030899198789,-3998.5046990550186,-3998.4350918055275
-0.5787956422270557,-3999.0834946972454,-3999.0138874477543
-1.18176775087348,-4000.265262448119,-4000.1956551986277
-0.45207755136007277,-4000.717339999479,-4000.647732749988
-0.18963334871999632,-4000.906973348199,-4000.8373660987077
-0.7926581421119919,-4001.699631490311,-4001.6300242408197
-1.4616696476798599,-4003.161301137991,-4003.0916938885
-0.5445426419999846,-4003.705843779991,-4003.6362365305
-0.21779177241594772,-4003.923635552407,-4003.854028302916
-0.984145377848519,-4004.9077809302557,-4004.8381736807646
-0.6041377675360211,-4005.5119186977918,-4005.4423114483006
-0.10099760639989974,-4005.6129163041915,-4005.5433090547003
0.8872786303919824,-4004.7256376737996,-4004.6560304243085
-0.7609570907198675,-4005.4865947645194,-4005.4169875150283
1.5477179366960432,-4003.938876827823,-4003.869269578332
-0.9276808436639166,-4004.866557671487,-4004.796950421996
-0.9868774015998973,-4005.853435073087,-4005.783827823596
-0.4529326074609942,-4006.306367680548,-4006.236760431057
0.9715984902107687,-4005.3347691903373,-4005.265161940846
-1.1630826628079194,-4006.497851853145,-4006.428244603654
-1.57906742204788,-4008.076919275193,-4008.007312025702
-1.527052315491202,-4009.6039715906845,-4009.5343643411934
-1.0207435597438543,-4010.6247151504285,-4010.5551079009374
-6.054086451858548,-4016.678801602287,-4016.609194352796
-1.4885796073599988,-4018.167381209647,-4018.097773960156
-1.018992298560039,-4019.186373508207,-4019.116766258716
-1.4401028887582146,-4020.6264763969652,-4020.556869147474
-1.4364208977518227,-4022.062897294717,-4021.993290045226
-0.9928621288966282,-4023.055759423614,-4022.9861521741227
-1.996562222304023,-4025.052321645918,-4024.9827143964267
-1.6436504703998434,-4026.6959721163175,-4026.6263648668264
-0.9751284917119037,-4027.6711006080295,-4027.6014933585384
-2.002027921397564,-4029.6731285294272,-4029.603521279936
-0.6729743055856836,-4030.346102835013,-4030.276495585522
-1.8849643960000046,-4032.231067231013,-4032.161459981522
-1.5824367862798474,-4033.813504017293,-4033.7438967678017
-1.8703946840001229,-4035.683898701293,-4035.614291451802
-1.3206601114102376,-4037.004558812703,-4036.934951563212
-1.1775977303999265,-4038.1821565431032,-4038.112549293612
-1.0406517911999429,-4039.2228083343034,-4039.1532010848123
-1.4583901445118186,-4040.681198478815,-4040.611591229324
-1.9876930811440139,-4042.668891559959,-4042.5992843104677
-1.5647483655998653,-4044.2336399255587,-4044.1640326760676
-1.721688830399931,-4045.955328755959,-4045.8857215064677
-0.9018401162338099,-4046.8571688721927,-4046.7875616227016
-2.0042274415967536,-4048.8613963137896,-4048.7917890642984
-1.372354466687881,-4050.2337507804773,-4050.164143530986
-1.5762490799999085,-4051.809999860477,-4051.740392610986
2.9297788496159,-4048.880221010861,-4048.81061376137
-1.5259231238397863,-4050.4061441347008,-4050.3365368852096
-1.01716806815999,-4051.423312202861,-4051.3537049533697
-1.1772591500910434,-4052.600571352952,-4052.530964103461
-1.5520646819837929,-4054.1526360349358,-4054.0830287854446
-8.966838016399954,-4063.1194740513356,-4063.0498668018445
-1.6728813932038662,-4064.7923554445397,-4064.7227481950486
-3.642090655039099,-4068.434446099579,-4068.364838850088
-2.575503321623929,-4071.0099494212027,-4070.9403421717116
-1.9742089141597021,-4072.9841583353623,-4072.914551085871
-1.1520092800559345,-4074.1361676154183,-4074.066560365927
-1.563608866559997,-4075.6997764819785,-4075.6301692324873
-1.4393153940478285,-4077.139091876026,-4077.069484626535
-3.0396404913558355,-4080.178732367382,-4080.109125117891
-0.7773693336191887,-4080.9561017010014,-4080.8864944515103
-1.460559150959968,-4082.4166608519613,-4082.34705360247
-1.7490701340001096,-4084.1657309859615,-4084.0961237364704
-1.6683865224790768,-4085.8341175084406,-4085.7645102589495
-1.069364565792024,-4086.9034820742327,-4086.8338748247415
-1.9643921023998836,-4088.8678741766325,-4088.7982669271414
-1.908881729383733,-4090.776755906016,-4090.707148656525
-2.4138318796797567,-4093.190587785696,-4093.120980536205
-1.756135562399928,-4094.946723348096,-4094.877116098605
-1.559256167279931,-4096.505979515376,-4096.4363722658845
-0.9630857661942231,-4097.46906528157,-4097.399458032079
-1.7783255990398947,-4099.24739088061,-4099.1777836311185
-2.1713803628798667,-4101.41877124349,-4101.349163993998
-1.4111509096550416,-4102.829922153144,-4102.760314903653
-1.5756201005599495,-4104.405542253704,-4104.335935004213
-1.4891603207038744,-4105.894702574408,-4105.825095324917
-0.10428346295998925,-4105.998986037368,-4105.929378787877
-1.83462038087995,-4107.833606418248,-4107.7639991687565
-1.1766081985054486,-4109.010214616753,-4108.940607367262
-2.9686537849599466,-4111.978868401713,-4111.909261152222
-0.9094161973600469,-4112.888284599073,-4112.818677349582
-0.4684386027240205,-4113.356723201797,-4113.287115952306
-2.496118074879897,-4115.852841276676,-4115.783234027185
-1.6703415995112705,-4117.523182876188,-4117.453575626697
-2.793543723203048,-4120.316726599391,-4120.2471193499
-1.321016890599946,-4121.6377434899905,-4121.568136240499
-1.3340539043998398,-4122.971797394391,-4122.9021901449
-0.21861781030876354,-4123.190415204699,-4123.120807955208
-2.6635664592015886,-4125.8539816639,-4125.784374414409
-1.3572810360318954,-4127.211262699932,-4127.141655450441
-3.464178268819169,-4130.675440968752,-4130.605833719261
-3.745535810860631,-4134.420976779613,-4134.351369530122
-4.475882021999965,-4138.896858801613,-4138.827251552122
-3.76776173306393,-4142.664620534677,-4142.595013285186
-3.7026426856473407,-4146.367263220324,-4146.297655970833
-3.102335375080046,-4149.469598595404,-4149.399991345913
-3.2641793620477717,-4152.733777957452,-4152.664170707961
-4.466289474777486,-4157.200067432229,-4157.130460182738
-2.1989431482719244,-4159.3990105805005,-4159.329403331009
-2.13797978649574,-4161.536990366996,-4161.467383117505
-2.553256364159919,-4164.090246731156,-4164.020639481665
-2.5109931917713855,-4166.601239922928,-4166.531632673436
-3.417652864639957,-4170.018892787568,-4169.949285538077
-0.9258145415999982,-4170.944707329168,-4170.8751000796765
-2.5920239718860785,-4173.536731301054,-4173.467124051563
-1.6991028509197776,-4175.235834151974,-4175.166226902483
-1.9483843286207732,-4177.184218480595,-4177.1146112311035
-1.5305445075198563,-4178.714762988115,-4178.6451557386235
-2.1522795145279368,-4180.867042502643,-4180.797435253152
-1.7921948029917565,-4182.659237305635,-4182.5896300561435
-1.5836471597663069,-4184.2428844654005,-4184.173277215909
-2.179603286651989,-4186.422487752053,-4186.352880502562
-2.182535783471919,-4188.605023535525,-4188.535416286034
-0.7359854805408239,-4189.341009016066,-4189.271401766575
-1.4890543396400333,-4190.830063355706,-4190.760456106215
-2.0031944711328067,-4192.833257826839,-4192.763650577348
2.4843800760064285,-4190.348877750833,-4190.279270501342
-1.919334033231875,-4192.268211784065,-4192.198604534574
-0.722163502479973,-4192.990375286545,-4192.920768037054
-1.6192913945375662,-4194.609666681083,-4194.5400594315915
-2.0170779286111404,-4196.626744609694,-4196.557137360202
-1.330499674859228,-4197.957244284553,-4197.887637035062
-0.9997702518599343,-4198.957014536413,-4198.887407286922
-0.18494198927982974,-4199.141956525693,-4199.072349276202
-2.4827549933440145,-4201.624711519037,-4201.555104269546
-2.7135467770799164,-4204.338258296117,-4204.268651046626
-1.9432086829373607,-4206.281466979054,-4206.211859729563
-2.5462938358399763,-4208.827760814894,-4208.758153565403
-1.6250463310848475,-4210.452807145979,-4210.383199896488
-1.9983911964798142,-4212.451198342459,-4212.381591092968
-1.531411016959785,-4213.982609359419,-4213.913002109928
-3.404384154055732,-4217.386993513475,-4217.317386263984
-2.4998819104639605,-4219.886875423939,-4219.817268174448
-1.569668914015948,-4221.456544337955,-4221.386937088464
-1.5752723566399918,-4223.031816694595,-4222.962209445104
-1.736015926399868,-4224.767832620995,-4224.698225371504
-1.5945777157437309,-4226.362410336739,-4226.292803087248
-0.7118744164800368,-4227.074284753219,-4227.004677503728
-1.676640335471879,-4228.7509250886915,-4228.6813178392
-0.28879495455993653,-4229.039720043252,-4228.970112793761
-0.2552002269934599,-4229.294920270245,-4229.225313020754
-0.9323362334878171,-4230.227256503733,-4230.157649254242
-1.119061597295894,-4231.346318101028,-4231.276710851537
-2.002839009600091,-4233.349157110629,-4233.279549861138
-7.5428660937135295,-4240.892023204342,-4240.822415954851
-1.9570343731200284,-4242.849057577462,-4242.779450327971
-0.9208698370318701,-4243.769927414494,-4243.700320165003
-3.258906000767996,-4247.028833415262,-4246.959226165771
-2.6975446229952813,-4249.726378038257,-4249.656770788766
-1.4291439053920276,-4251.15552194365,-4251.085914694158
-3.678868073831682,-4254.834390017481,-4254.76478276799
-2.144672932359809,-4256.979062949841,-4256.90945570035
-1.695476415867136,-4258.674539365708,-4258.604932116217
-9.215570190192256,-4267.8901095559,-4267.820502306409
-1.5132809031296048,-4269.40339045903,-4269.3337832095385
-3.5903827439301814,-4272.99377320296,-4272.924165953469
-4.833015829487849,-4277.826789032448,-4277.757181782957
-2.3997223215836994,-4280.226511354032,-4280.15690410454
-1.4964184113576995,-4281.722929765389,-4281.653322515898
-0.05925729709990979,-4281.782187062489,-4281.712579812998
-0.6138307177599438,-4282.396017780249,-4282.326410530758
-3.2424344696223857,-4285.638452249872,-4285.568845000381
-2.7497696733313566,-4288.388221923204,-4288.318614673713
-1.6136610732478212,-4290.001882996451,-4289.93227574696
-1.4913919625598113,-4291.493274959011,-4291.42366770952
1.1599755798400895,-4290.333299379171,-4290.26369212968
-1.9384961035598836,-4292.271795482731,-4292.20218823324
-2.0000102009599967,-4294.271805683691,-4294.2021984342
-3.1483203289118236,-4297.420126012603,-4297.350518763112
-0.5781228019631317,-4297.998248814566,-4297.928641565075
-2.6031727508797413,-4300.601421565446,-4300.531814315955
-2.431205347759807,-4303.032626913206,-4302.9630196637145
-2.4908983851646562,-4305.52352529837,-4305.453918048879
-3.2355204335999526,-4308.75904573197,-4308.689438482479
-5.49431256572763,-4314.253358297698,-4314.183751048206
-2.0546458179119065,-4316.308004115609,-4316.238396866118
-3.879866949119907,-4320.187871064729,-4320.118263815238
3.2845619170631863,-4316.903309147666,-4316.833701898175
-3.3572677961855986,-4320.260576943851,-4320.19096969436
-1.100815112767856,-4321.3613920566195,-4321.291784807128
-4.79567044655982,-4326.157062503179,-4326.087455253688
-2.3901574214000147,-4328.547219924579,-4328.477612675088
-1.2207677109599357,-4329.767987635539,-4329.698380386048
-3.847110860885536,-4333.615098496424,-4333.545491246933
-4.150932531960056,-4337.7660310283845,-4337.696423778893
-1.025273643663795,-4338.791304672049,-4338.721697422558
-2.381123882239694,-4341.172428554289,-4341.1028213047975
-0.9019105262398986,-4342.074339080528,-4342.004731831037
-1.2913838458799445,-4343.365722926408,-4343.296115676917
-2.0027085417597217,-4345.368431468168,-4345.298824218677
-1.934493576600004,-4347.302925044768,-4347.233317795277
-1.4763154584000646,-4348.779240503168,-4348.709633253677
-0.8065165113600219,-4349.585757014528,-4349.516149765037
-1.5723313153858878,-4351.158088329914,-4351.088481080423
-1.961353376015733,-4353.11944170593,-4353.0498344564385
-1.1314259919999865,-4354.25086769793,-4354.1812604484385
-1.5282896847169143,-4355.779157382646,-4355.709550133155
-1.9155413959359253,-4357.694698778582,-4357.625091529091
-1.1710583683919498,-4358.865757146974,-4358.796149897483
-1.5440558067439523,-4360.409812953718,-4360.340205704227
-0.7410759657727429,-4361.15088891949,-4361.081281669999
-1.3445815073999507,-4362.49547042689,-4362.425863177399
-1.5347144527997953,-4364.03018487969,-4363.960577630199
-0.10927946232001318,-4364.13946434201,-4364.069857092519
-1.525939085855982,-4365.665403427866,-4365.595796178375
-1.9004397783551723,-4367.565843206222,-4367.496235956731
-2.1539713757918313,-4369.719814582014,-4369.650207332523
-0.7653376220159371,-4370.48515220403,-4370.415544954539
-0.732297769087898,-4371.217449973118,-4371.147842723627
-0.7114338806398881,-4371.928883853758,-4371.859276604267
-1.628030620000059,-4373.556914473757,-4373.487307224266
-1.9323067020191986,-4375.489221175777,-4375.419613926286
-2.9556988569573086,-4378.444920032734,-4378.375312783243
-1.6184314166397988,-4380.063351449374,-4379.993744199883
-0.3642301131437501,-4380.427581562518,-4380.357974313027
-0.8566406035198986,-4381.284222166038,-4381.214614916546
-1.2678413130238575,-4382.552063479062,-4382.482456229571
-1.1171932252991237,-4383.669256704361,-4383.59964945487
-0.8066654525439807,-4384.475922156905,-4384.406314907414
-0.26270914558283065,-4384.738631302487,-4384.669024052996
-1.4493234370558339,-4386.187954739543,-4386.118347490052
-1.6651195043199134,-4387.8530742438625,-4387.783466994371
-1.1960827900078705,-4389.04915703387,-4388.979549784379
-0.28592754791035024,-4389.33508458178,-4389.265477332289
-1.0506557475919558,-4390.385740329372,-4390.316133079881
-0.961621406599848,-4391.347361735972,-4391.277754486481
-0.6378687163199017,-4391.985230452292,-4391.915623202801
-1.3545668163200217,-4393.339797268612,-4393.2701900191205
-1.4250759728799942,-4394.764873241492,-4394.695265992001
-1.4310845719998242,-4396.195957813492,-4396.126350564001
-1.3033361575918123,-4397.499293971084,-4397.429686721593
-1.1450520483760098,-4398.64434601946,-4398.5747387699685
-1.7335192663619479,-4400.377865285822,-4400.308258036331
-1.4142662754463504,-4401.792131561268,-4401.722524311777
-2.051012377265516,-4403.843143938534,-4403.773536689043
-1.9774580572798799,-4405.820601995814,-4405.750994746323
-1.574450424000009,-4407.395052419814,-4407.325445170323
-2.157473861793452,-4409.552526281608,-4409.482919032117
0.4658228326760331,-4409.086703448932,-4409.017096199441
-0.6442843380479352,-4409.73098778698,-4409.661380537489
-0.2271247270879908,-4409.9581125140685,-4409.888505264577
-1.9842692208766637,-4411.942381734945,-4411.872774485454
-0.7686130609843899,-4412.71099479593,-4412.641387546439
-0.6235750967639817,-4413.334569892694,-4413.264962643203
-1.5999846111359433,-4414.93455450383,-4414.864947254339
-1.628030620000059,-4416.56258512383,-4416.492977874339
-1.4403361557438823,-4418.002921279574,-4417.933314030083
-2.6185522346567898,-4420.621473514231,-4420.55186626474
-2.8345929233598506,-4423.456066437591,-4423.3864591881
-2.225444974999809,-4425.681511412591,-4425.6119041631
-0.9402530975999521,-4426.6217645101915,-4426.5521572607
-1.1679183638974266,-4427.789682874089,-4427.7200756245975
-2.6021838366717587,-4430.39186671076,-4430.322259461269
-1.6642225910399,-4432.0560893018,-4431.986482052309
-0.9682522544095564,-4433.02434155621,-4432.954734306719
-0.6743653599199462,-4433.69870691613,-4433.6290996666385
-0.913934524319906,-4434.61264144045,-4434.543034190959
-2.770730905579974,-4437.38337234603,-4437.313765096539
-1.8445382345599812,-4439.22791058059,-4439.158303331099
-1.677380910767876,-4440.905291491358,-4440.835684241867
-0.8001758620799695,-4441.7054673534385,-4441.635860103947
-1.7284066280822739,-4443.433873981521,-4443.36426673203
-0.7024381171919303,-4444.1363120987135,-4444.066704849222
-1.16209567095991,-4445.298407769674,-4445.228800520183
-2.1143086447835704,-4447.4127164144575,-4447.343109164966
-0.25372714348794223,-4447.666443557945,-4447.596836308454
-2.381529172517342,-4450.047972730463,-4449.978365480972
-0.6571243231280559,-4450.705097053591,-4450.6354898041
-0.3657142874590007,-4451.07081134105,-4451.001204091559
-0.3091016604479119,-4451.379913001498,-4451.310305752007
-0.7564876411118538,-4452.136400642609,-4452.066793393118
-0.7186392046079844,-4452.855039847217,-4452.785432597726
-1.4982276484559605,-4454.353267495673,-4454.283660246182
-1.3821892235279634,-4455.7354567192015,-4455.66584946971
-1.524621773784966,-4457.260078492986,-4457.190471243495
-1.5031246484854863,-4458.763203141472,-4458.693595891981
-1.35654353826241,-4460.119746679735,-4460.050139430244
-2.3464211105279356,-4462.466167790263,-4462.396560540772
-1.5681503207999998,-4464.034318111063,-4463.964710861572
-1.3947781230719887,-4465.429096234135,-4465.359488984644
-1.9430099481600065,-4467.372106182294,-4467.302498932803
-7.281386382479894,-4474.653492564774,-4474.583885315283
-1.238925294431919,-4475.892417859206,-4475.822810609715
-1.1495516374399581,-4477.041969496646,-4476.972362247155
-0.7719208174400833,-4477.813890314086,-4477.744283064595
-2.1113894273039095,-4479.92527974139,-4479.855672491899
-2.3765579421481,-4482.301837683538,-4482.232230434047
-1.7753195252798797,-4484.077157208818,-4484.007549959327
-1.512215651063856,-4485.589372859882,-4485.519765610391
-1.9699244356176517,-4487.5592972955,-4487.489690046009
-2.007104430900038,-4489.5664017264,-4489.496794476909
-2.2393508272639235,-4491.805752553663,-4491.736145304172
-2.556413535599875,-4494.362166089263,-4494.292558839772
-1.9116819780559229,-4496.273848067319,-4496.204240817828
-0.80673992313596,-4497.080587990455,-4497.0109807409635
-3.0352240381758646,-4500.115812028631,-4500.04620477914
-1.1362183924007025,-4501.252030421032,-4501.182423171541
-1.5919624069438538,-4502.843992827976,-4502.774385578485
-1.9598738243772047,-4504.8038666523535,-4504.734259402862
-2.028013889595206,-4506.8318805419485,-4506.762273292457
-0.7373165956463206,-4507.5691971375945,-4507.499589888103
-3.2320916029440334,-4510.801288740538,-4510.731681491047
0.9217681864000813,-4509.879520554138,-4509.809913304647
-1.1370622667774266,-4511.016582820916,-4510.946975571424
-1.774601927439953,-4512.791184748356,-4512.7215774988645
-1.8249864998398886,-4514.616171248195,-4514.546563998704
-1.1309247956159263,-4515.747096043811,-4515.67748879432
-1.799420423107849,-4517.5465164669195,-4517.476909217428
-1.0878598565279152,-4518.634376323447,-4518.564769073956
-0.6507601987599048,-4519.285136522207,-4519.215529272716
-1.38891078720007,-4520.674047309407,-4520.604440059916
-1.4288935075630866,-4522.10294081697,-4522.033333567479
-0.9357258523199744,-4523.038666669289,-4522.969059419798
-1.379656116744035,-4524.418322786033,-4524.348715536542
-0.8472552195039607,-4525.2655780055375,-4525.195970756046
-0.8327443229759596,-4526.098322328514,-4526.028715079023
-1.0194352623360783,-4527.11775759085,-4527.048150341358
-2.2726562512750323,-4529.390413842125,-4529.320806592634
-1.31689356239981,-4530.707307404525,-4530.637700155034
-0.6579319798921011,-4531.365239384417,-4531.295632134926
-1.8064293770639903,-4533.171668761481,-4533.10206151199
-0.666723115519924,-4533.8383918770005,-4533.768784627509
-1.0001081250199744,-4534.838500002021,-4534.76889275253
-2.391151993119952,-4537.229651995141,-4537.160044745649
-0.03534978519998838,-4537.265001780341,-4537.19539453085
-1.7306299958640092,-4538.995631776204,-4538.926024526713
-2.3614296414127964,-4541.357061417617,-4541.287454168126
-1.087385570481529,-4542.444446988098,-4542.374839738607
-1.4135849232000046,-4543.858031911298,-4543.788424661807
-1.4527633804798517,-4545.310795291778,-4545.241188042287
-1.1728662297600585,-4546.483661521538,-4546.414054272047
-1.5592839479518665,-4548.04294546949,-4547.973338219999
-1.4364158803999352,-4549.4793613498905,-4549.409754100399
-0.9473835009599163,-4550.426744850851,-4550.35713760136
-2.7054603939024284,-4553.132205244753,-4553.062597995262
-0.9585430762143171,-4554.090748320968,-4554.021141071476
-0.4006861044479453,-4554.491434425416,-4554.421827175925
-6.1097458429950136,-4560.601180268411,-4560.5315730189195
-0.6032419236479598,-4561.204422192059,-4561.134814942568
-1.368628920204784,-4562.573051112264,-4562.503443862773
-0.13495764595204718,-4562.708008758216,-4562.638401508725
-1.4857698984479342,-4564.193778656664,-4564.124171407173
-1.2249406573440114,-4565.418719314008,-4565.349112064517
-1.0908149830159137,-4566.5095342970235,-4566.439927047532
-1.673731611439951,-4568.183265908463,-4568.113658658972
-1.6881132492800495,-4569.871379157743,-4569.801771908252
-0.7734920449279317,-4570.64487120267,-4570.575263953179
-1.3526862729599398,-4571.99755747563,-4571.927950226139
-7.086355396427814,-4579.083912872058,-4579.014305622567
-0.8191835514719545,-4579.90309642353,-4579.833489174039
-0.17441308851198328,-4580.077509512042,-4580.0079022625505
-0.5817643778847158,-4580.659273889926,-4580.589666640435
-1.2716834134128887,-4581.930957303339,-4581.861350053848
-2.0769491050559923,-4584.007906408395,-4583.938299158904
-0.959588773855872,-4584.967495182251,-4584.89788793276
-1.2175932693598883,-4586.185088451611,-4586.11548120212
-0.6135735707006995,-4586.798662022311,-4586.72905477282
-0.003083718143920555,-4586.801745740455,-4586.732138490964
-0.5088117889599999,-4587.310557529415,-4587.240950279924
-0.39195581470790924,-4587.702513344123,-4587.632906094632
-0.5826322793279763,-4588.285145623451,-4588.21553837396
-0.5916023276799558,-4588.876747951131,-4588.80714070164
-0.44265650504799536,-4589.319404456179,-4589.249797206688
-0.5565733035199194,-4589.875977759699,-4589.806370510208
-0.37433268211183607,-4590.250310441811,-4590.18070319232
-2.1046000236238696,-4592.354910465435,-4592.285303215944
-0.908253886087125,-4593.263164351522,-4593.193557102031
-0.9906891519998275,-4594.253853503522,-4594.184246254031
-1.2399442186559488,-4595.493797722178,-4595.424190472687
-1.4331514307902937,-4596.9269491529685,-4596.857341903477
-0.8281090647037969,-4597.755058217673,-4597.685450968182
-0.8450325235815244,-4598.6000907412545,-4598.530483491763
-2.162390910784003,-4600.762481652038,-4600.692874402547
-0.5079452795199234,-4601.270426931558,-4601.200819682067
-0.8224025976000034,-4602.092829529158,-4602.023222279667
-0.7215347339199689,-4602.814364263078,-4602.744757013586
-0.9257065559999252,-4603.740070819077,-4603.670463569586
0.05324305996803963,-4603.686827759109,-4603.617220509618
0.013353703512118842,-4603.673474055598,-4603.603866806106
-1.853971260927874,-4605.527445316526,-4605.457838067035
-0.16372882801583674,-4605.691174144542,-4605.621566895051
-5.104720526879808,-4610.795894671422,-4610.7262874219305
-0.865357003679861,-4611.661251675101,-4611.59164442561
-0.9526647563039826,-4612.613916431405,-4612.544309181914
-0.7778094526799586,-4613.391725884086,-4613.3221186345945
-0.9257065559999252,-4614.317432440085,-4614.247825190594
-0.28864311663346065,-4614.606075556719,-4614.536468307228
-0.5877772777439431,-4615.193852834463,-4615.1242455849715
-0.3497777267599339,-4615.543630561223,-4615.474023311732
-1.1120328897599296,-4616.6556634509825,-4616.586056201491
-0.9171462803199285,-4617.572809731302,-4617.503202481811
-2.2062651155277586,-4619.77907484683,-4619.7094675973385
0.014261769503907229,-4619.764813077326,-4619.695205827835
-0.5344331362239949,-4620.29924621355,-4620.229638964059
-1.0869585378239275,-4621.386204751374,-4621.316597501883
-0.14375635592377056,-4621.529961107298,-4621.460353857807
-0.7817132447999378,-4622.311674352098,-4622.242067102607
-0.6948824755200229,-4623.006556827618,-4622.936949578127
0.544553819211987,-4622.462003008406,-4622.392395758915
-7.672334880513428,-4630.13433788892,-4630.0647306394285
-0.7364964411573955,-4630.870834330077,-4630.801227080586
-3.6349549437837063,-4634.5057892738605,-4634.436182024369
-0.9933674827118467,-4635.499156756572,-4635.429549507081
-2.58833810995168,-4638.087494866524,-4638.017887617033
-0.9769857750239481,-4639.0644806415485,-4638.994873392057
-0.9257065559999252,-4639.990187197548,-4639.920579948057
-0.7669563943679898,-4640.757143591916,-4640.687536342425
-0.6035132115598025,-4641.360656803476,-4641.2910495539845
-0.6808263633770423,-4642.041483166853,-4641.971875917362
-3.0540633523197775,-4645.095546519173,-4645.025939269682
-1.035125277087843,-4646.130671796261,-4646.06106454677
-0.7251866054399381,-4646.855858401701,-4646.78625115221
-0.381972586560033,-4647.237830988261,-4647.1682237387695
-0.13633582497899877,-4647.37416681324,-4647.304559563749
-0.3223921257022828,-4647.696558938942,-4647.626951689451
0.0038065747201120326,-4647.692752364222,-4647.6231451147305
-1.6034025394557718,-4649.296154903677,-4649.226547654186
-1.2136931783999003,-4650.509848082077,-4650.440240832586
-0.9906891519998275,-4651.500537234077,-4651.430929984585
-6.162681778252631,-4657.663219012329,-4657.593611762838
-0.07710084782399451,-4657.740319860153,-4657.670712610662
-0.4704158459158846,-4658.2107357060695,-4658.141128456578
-0.5513067241439735,-4658.762042430213,-4658.692435180722
-1.1261845307999452,-4659.888226961013,-4659.818619711522
-0.18202479401596267,-4660.070251755029,-4660.000644505538
-0.7917032471999841,-4660.861955002229,-4660.792347752737
-0.7350423582717749,-4661.596997360501,-4661.5273901110095
-0.7387692264319659,-4662.335766586933,-4662.266159337441
-0.7765513380240319,-4663.112317924956,-4663.042710675465
-2.610292286306284,-4665.722610211263,-4665.653002961772
-0.334217095991784,-4666.056827307254,-4665.987220057763
-0.16176019017591925,-4666.21858749743,-4666.148980247939
-4.374932433695655,-4670.593519931126,-4670.523912681635
-1.8833841057200371,-4672.4769040368465,-4672.407296787355
-0.05417062954225349,-4672.531074666389,-4672.461467416898
-0.9256885583999495,-4673.456763224789,-4673.387155975298
-0.089688978911938,-4673.546452203701,-4673.47684495421
-2.586152818871867,-4676.1326050225725,-4676.062997773081
-1.2437907122158722,-4677.376395734788,-4677.306788485297
-1.2296178242400906,-4678.606013559029,-4678.536406309538
-1.7395305763918125,-4680.345544135421,-4680.27593688593
-0.7916700837404802,-4681.137214219161,-4681.06760696967
-0.7717080443199115,-4681.908922263481,-4681.83931501399
-0.9688906190079256,-4682.877812882489,-4682.808205632998
-8.886683144040068,-4691.764496026529,-4691.694888777038
-1.4084529673919697,-4693.172948993921,-4693.10334174443
-1.2298216782638374,-4694.4027706721845,-4694.333163422693
-1.086836344320054,-4695.489607016504,-4695.419999767013
-2.1025699551518264,-4697.592176971656,-4697.522569722165
-1.316942168880011,-4698.909119140536,-4698.839511891045
-0.7617332399999357,-4699.6708523805355,-4699.601245131044
-1.543144565175834,-4701.213996945711,-4701.14438969622
-0.4727660284481202,-4701.686762974159,-4701.617155724668
-4.246539771595843,-4705.933302745755,-4705.863695496264
-1.0189501731838835,-4706.952252918939,-4706.882645669448
-0.7411262841279032,-4707.693379203067,-4707.623771953576
-1.3145348053198287,-4709.007914008386,-4708.938306758895
-2.5110429286030254,-4711.5189569369895,-4711.449349687498
-1.112076695104009,-4712.631033632094,-4712.561426382603
-4.897892389103881,-4717.528926021198,-4717.459318771706
-0.9257425511998768,-4718.454668572397,-4718.385061322906
-2.2302877580879326,-4720.684956330485,-4720.615349080994
-1.0551115059199834,-4721.740067836405,-4721.670460586914
-0.5022400996799012,-4722.242307936084,-4722.172700686593
-0.0778929395037683,-4722.320200875588,-4722.250593626097
-0.31064344015192497,-4722.6308443157395,-4722.561237066248
3.8239505111683196,-4718.806893804571,-4718.73728655508
-2.1681319483040222,-4720.975025752875,-4720.905418503384
4.1766761819759335,-4716.798349570899,-4716.7287423214075
-0.9257425511998768,-4717.724092122098,-4717.654484872607
-1.7318335336879287,-4719.455925655786,-4719.386318406295
-1.278887559680006,-4720.734813215466,-4720.665205965975
-1.025972564166329,-4721.760785779632,-4721.691178530141
-1.3707150324479755,-4723.13150081208,-4723.061893562589
-1.6151583942400025,-4724.74665920632,-4724.677051956829
-2.7791116327726826,-4727.525770839093,-4727.456163589602
-0.46146856828798266,-4727.987239407381,-4727.91763215789
-0.9257425511998768,-4728.9129819585805,-4728.843374709089
0.4440010892798908,-4728.468980869301,-4728.39937361981
-1.4423043861601077,-4729.911285255461,-4729.84167800597
-1.133812400319828,-4731.04509765578,-4730.975490406289
-0.7498316636160067,-4731.794929319396,-4731.725322069905
-0.668918824145781,-4732.463848143542,-4732.394240894051
-4.218451957603963,-4736.682300101146,-4736.612692851655
-2.291194036767965,-4738.973494137914,-4738.903886888423
-0.29196531996804925,-4739.265459457882,-4739.1958522083905
-0.7917336433598529,-4740.057193101242,-4739.987585851751
-1.1207498264159232,-4741.177942927658,-4741.108335678166
-0.8678815681536205,-4742.045824495811,-4741.97621724632
-0.771738440479962,-4742.81756293629,-4742.747955686799
0.07242881968324699,-4742.745134116607,-4742.675526867116
-0.7257396607999966,-4743.470873777407,-4743.401266527916
-1.9478745774798782,-4745.418748354887,-4745.349141105396
-0.4156389695999715,-4745.834387324487,-4745.7647800749955
-0.3881005715599469,-4746.222487896047,-4746.152880646556
-0.1041741775359577,-4746.326662073583,-4746.257054824092
0.13629538314239503,-4746.190366690441,-4746.12075944095
-0.5988655375999973,-4746.789232228041,-4746.71962497855
-0.9086179653200004,-4747.697850193362,-4747.628242943871
-0.3770689270400185,-4748.074919120402,-4748.005311870911
7.258224195537813,-4740.816694924864,-4740.747087675373
-0.864621983199967,-4741.681316908064,-4741.611709658573
-2.0869153327359853,-4743.7682322408,-4743.698624991309
-0.0185814008711212,-4743.786813641671,-4743.71720639218
-0.7210189833599383,-4744.5078326250305,-4744.438225375539
-0.33240479463196504,-4744.840237419662,-4744.770630170171
-1.9325567784426247,-4746.772794198105,-4746.703186948614
-0.5718720014753101,-4747.34466619958,-4747.275058950089
-0.4159017674240359,-4747.760567967004,-4747.690960717513
-0.6056724327838462,-4748.366240399788,-4748.296633150297
-0.7923276821887866,-4749.158568081976,-4749.088960832485
-0.7362374986752154,-4749.894805580651,-4749.82519833116
-0.4640167703999657,-4750.3588223510515,-4750.28921510156
-0.7055220801600373,-4751.064344431212,-4750.994737181721
-0.42214354367988643,-4751.486487974892,-4751.416880725401
-0.6727324548798008,-4752.159220429772,-4752.089613180281
-0.8845815409678994,-4753.04380197074,-4752.974194721249
-0.29700973275193665,-4753.340811703491,-4753.271204454
-0.06521344082076985,-4753.4060251443125,-4753.336417894821
-0.5096816588751496,-4753.915706803187,-4753.846099553696
-0.37732837087039,-4754.293035174058,-4754.223427924567
-1.5379236398975018,-4755.8309588139555,-4755.761351564464
2.3573426702240052,-4753.473616143731,-4753.40400889424
-2.654100543928121,-4756.12771668766,-4756.058109438169
-1.382282870399966,-4757.5099995580595,-4757.440392308568
-1.7821553081599122,-4759.29215486622,-4759.222547616729
-1.651086747311921,-4760.943241613531,-4760.87363436404
-1.2039085295999175,-4762.1471501431315,-4762.07754289364
-1.5181995666239194,-4763.665349709755,-4763.595742460264
-0.8203267851358556,-4764.485676494891,-4764.4160692454
-2.04483002169614,-4766.530506516587,-4766.460899267096
-0.21026098819995226,-4766.740767504787,-4766.671160255296
-1.1858934314878389,-4767.926660936275,-4767.857053686784
-1.0984199769231142,-4769.025080913198,-4768.9554736637065
-1.3209848985600474,-4770.346065811757,-4770.276458562266
-1.414167217199798,-4771.760233028957,-4771.690625779466
-0.9062888092159295,-4772.666521838173,-4772.596914588682
-0.5423301081599552,-4773.208851946333,-4773.139244696842
-0.8504845544798704,-4774.0593365008135,-4773.989729251322
-1.2617845127999727,-4775.321121013613,-4775.251513764122
-1.3696241675160081,-4776.690745181129,-4776.621137931638
0.8623886213082148,-4775.828356559821,-4775.75874931033
-2.056694901811129,-4777.885051461632,-4777.815444212141
-2.3925089116480325,-4780.277560373281,-4780.20795312379
-0.34696499551198046,-4780.624525368793,-4780.554918119302
0.05865304032010754,-4780.565872328473,-4780.496265078982
-1.1296018485278818,-4781.695474177001,-4781.62586692751
-3.459263015423845,-4785.154737192425,-4785.085129942934
-0.8807737597919205,-4786.035510952217,-4785.965903702726
-2.0176273260000563,-4788.053138278217,-4787.983531028726
-1.7261325130421676,-4789.7792707912595,-4789.709663541768
-1.5683133255381916,-4791.347584116797,-4791.277976867306
-1.9489128875997683,-4793.296497004397,-4793.226889754906
-1.0351446064559058,-4794.331641610853,-4794.262034361362
-0.4866223258399979,-4794.818263936692,-4794.748656687201
-0.7385561290495501,-4795.556820065742,-4795.487212816251
-1.7705864467196801,-4797.3274065124615,-4797.25779926297
-0.9265475231999474,-4798.253954035661,-4798.18434678617
-0.4869849394399337,-4798.740938975101,-4798.67133172561
-1.2610840511999193,-4800.002023026301,-4799.93241577681
0.19425566401919714,-4799.807767362282,-4799.738160112791
-4.222075080959926,-4804.029842443242,-4803.960235193751
-0.6805562490000195,-4804.710398692242,-4804.640791442751
-0.34045124961590006,-4805.050849941858,-4804.981242692367
-0.721511317871999,-4805.77236125973,-4805.702754010239
-1.276411862375984,-4807.0487731221065,-4806.979165872615
-1.0205528877598198,-4808.069326009866,-4807.999718760375
-0.834139445660087,-4808.903465455526,-4808.833858206035
-0.6038474265095561,-4809.507312882036,-4809.437705632545
-1.486317186535731,-4810.993630068571,-4810.92402281908
-0.7822299955199001,-4811.775860064091,-4811.7062528146
-1.2332634131998836,-4813.009123477291,-4812.9395162278
-0.023314760524932532,-4813.032438237816,-4812.962830988325
0.28342009123196804,-4812.749018146584,-4812.679410897093
-0.7968232195839657,-4813.545841366167,-4813.476234116676
-1.373658873359829,-4814.919500239527,-4814.849892990036
-0.5625182093439389,-4815.482018448871,-4815.41241119938
-1.2019773650640506,-4816.683995813934,-4816.614388564443
-0.6280186111915218,-4817.312014425126,-4817.242407175635
-0.3147760730879007,-4817.626790498214,-4817.557183248723
-0.7052446913117167,-4818.332035189526,-4818.262427940035
-0.7817739379198665,-4819.113809127446,-4819.044201877955
-1.041415130559903,-4820.155224258006,-4820.085617008514
-7.263921848366207,-4827.419146106372,-4827.349538856881
-3.8145244506526508,-4831.233670557024,-4831.164063307533
-2.696590478879823,-4833.930261035904,-4833.8606537864125
-1.0899700630399949,-4835.020231098943,-4834.950623849452
-0.3462297110638986,-4835.366460810007,-4835.296853560516
-0.28997438424310545,-4835.65643519425,-4835.586827944759
-1.1731828348799402,-4836.82961802913,-4836.760010779639
-0.4363455883967723,-4837.265963617527,-4837.196356368036
-3.0846851925598977,-4840.350648810087,-4840.281041560595
-0.6816115433918745,-4841.032260353479,-4840.962653103988
-1.3142942981598993,-4842.346554651639,-4842.276947402148
-0.5529202286399706,-4842.899474880279,-4842.829867630788
-2.1867938654761057,-4845.086268745755,-4845.016661496264
-1.8601105064522847,-4846.946379252207,-4846.876772002716
-1.1545538094461785,-4848.100933061653,-4848.031325812162
-1.3842675443999464,-4849.485200606054,-4849.415593356563
-1.6863696741119725,-4851.171570280166,-4851.101963030675
-0.9404019585599985,-4852.111972238726,-4852.042364989235
-1.924848633600159,-4854.036820872326,-4853.967213622835
-0.7175822347199091,-4854.754403107046,-4854.6847958575545
-1.6955374143456163,-4856.449940521391,-4856.3803332719
-1.05888323430395,-4857.508823755695,-4857.439216506204
-1.4652092470400033,-4858.974033002734,-4858.904425753243
-0.30801880595184233,-4859.282051808686,-4859.212444559195
-0.1725711322078959,-4859.454622940894,-4859.385015691403
-0.21991579792001248,-4859.674538738815,-4859.6049314893235
-1.6319294654255883,-4861.30646820424,-4861.236860954749
-0.9014235297599495,-4862.207891734,-4862.138284484509
3.778517937191337,-4858.429373796809,-4858.359766547318
-1.1692450023800411,-4859.598618799189,-4859.529011549698
-1.5641816875519456,-4861.162800486742,-4861.0931932372505
-1.3275215215998069,-4862.4903220083415,-4862.42071475885
-8.447803751399984,-4870.9381257597415,-4870.86851851025
-1.4700357193535916,-4872.408161479095,-4872.338554229604
-0.9234965681158943,-4873.331658047211,-4873.26205079772
-1.0281300597199396,-4874.359788106931,-4874.29018085744
0.034503811612323354,-4874.325284295319,-4874.255677045828
-2.584866284885981,-4876.910150580205,-4876.840543330713
-1.2020324278558934,-4878.11218300806,-4878.042575758569
-2.322949485391862,-4880.435132493452,-4880.365525243961
-0.7831413127199823,-4881.218273806172,-4881.148666556681
-2.4368232619295322,-4883.655097068102,-4883.585489818611
-0.9143616986399572,-4884.569458766742,-4884.499851517251
-1.831765850240016,-4886.401224616982,-4886.331617367491
-1.530134579711759,-4887.931359196694,-4887.861751947203
-2.0980523901817643,-4890.0294115868755,-4889.959804337384
-2.0820078506399247,-4892.111419437516,-4892.041812188025
-1.5133078705359833,-4893.624727308052,-4893.5551200585605
-1.7168697454344142,-4895.341597053486,-4895.271989803995
-0.9715012641215075,-4896.313098317608,-4896.243491068117
-0.710348652832012,-4897.02344697044,-4896.953839720949
-1.0715833408000155,-4898.09503031124,-4898.025423061749
-1.415615459522188,-4899.5106457707625,-4899.441038521271
-2.10716206588796,-4901.61780783665,-4901.548200587159
-3.0084172031998766,-4904.62622503985,-4904.556617790359
-1.5600489528734973,-4906.186273992724,-4906.116666743233
-1.2987714921119464,-4907.485045484836,-4907.4154382353445
-2.274337163879916,-4909.7593826487155,-4909.689775399224
-1.0828909759198995,-4910.842273624636,-4910.772666375145
-0.989428343529538,-4911.831701968165,-4911.762094718674
-0.31975068403195794,-4912.151452652197,-4912.081845402706
-1.010712451439998,-4913.162165103637,-4913.0925578541455
-3.3765168838894644,-4916.538681987526,-4916.469074738035
-1.426051916855989,-4917.964733904381,-4917.89512665489
-1.4609823278399403,-4919.425716232221,-4919.35610898273
-0.8025111771740874,-4920.228227409395,-4920.158620159904
-5.425521237639985,-4925.653748647035,-4925.584141397544
-2.0228224052799684,-4927.676571052315,-4927.606963802824
-0.280128200601487,-4927.956699252916,-4927.887092003425
-3.1519189550301667,-4931.108618207946,-4931.039010958455
-3.2401969585774877,-4934.348815166523,-4934.279207917032
-1.101265089599995,-4935.450080256123,-4935.380473006632
-3.730757591999724,-4939.180837848123,-4939.111230598632
-0.8037630254016113,-4939.984600873524,-4939.914993624033
-1.2465208048798935,-4941.231121678404,-4941.161514428913
-1.6295541225601071,-4942.860675800964,-4942.791068551473
-0.9206658141167519,-4943.78134161508,-4943.711734365589
-1.7569857376798252,-4945.5383273527605,-4945.468720103269
-1.3774763983142635,-4946.915803751075,-4946.846196501584
-2.6355975014398925,-4949.5514012525155,-4949.481794003024
-1.6813710081598963,-4951.232772260675,-4951.163165011184
-0.544530480327098,-4951.777302741002,-4951.707695491511
-10.76689452409586,-4962.544197265098,-4962.474590015607
-1.5108767693599932,-4964.055074034458,-4963.985466784967
-1.3635613837437908,-4965.418635418202,-4965.349028168711
-0.8617715469439028,-4966.280406965146,-4966.2107997156545
-1.1692276239999628,-4967.449634589146,-4967.380027339655
-0.7931488838397968,-4968.242783472985,-4968.173176223494
-0.7840542259200343,-4969.026837698905,-4968.957230449414
-0.8695855809094011,-4969.896423279814,-4969.826816030323
-0.8428675046399513,-4970.739290784454,-4970.669683534963
-0.4849885967998987,-4971.224279381254,-4971.154672131763
-1.0220195328991952,-4972.246298914153,-4972.176691664662
-1.0099573191600195,-4973.256256233313,-4973.186648983822
-2.526237079679907,-4975.782493312993,-4975.712886063502
-0.528378928159925,-4976.310872241153,-4976.241264991662
-0.3908287636200344,-4976.701701004774,-4976.632093755283
3.2077999478930965,-4973.4939010568805,-4973.424293807389
-0.31785496697125304,-4973.811756023852,-4973.74214877436
-1.518605039279993,-4975.330361063132,-4975.260753813641
-2.806682451148689,-4978.137043514281,-4978.06743626479
-0.864872923999942,-4979.001916438281,-4978.93230918879
-1.6318676662798577,-4980.633784104561,-4980.5641768550695
-0.9620327141279321,-4981.595816818689,-4981.526209569198
0.46021282368105565,-4981.135603995008,-4981.065996745517
-1.1717123213759084,-4982.307316316384,-4982.237709066892
-0.9026744482000136,-4983.209990764583,-4983.140383515092
-0.9633731768799076,-4984.173363941463,-4984.103756691972
-1.7475010010855536,-4985.920864942549,-4985.851257693058
-0.20545267956634167,-4986.1263176221155,-4986.056710372624
-0.606063129623959,-4986.73238075174,-4986.6627735022485
-0.5418150529199649,-4987.27419580466,-4987.204588555169
-3.1056211358080414,-4990.379816940468,-4990.310209690977
-0.03198279891256295,-4990.4117997393805,-4990.342192489889
-1.5718961934719835,-4991.983695932852,-4991.914088683361
-8.67552341395198,-5000.659219346804,-5000.589612097313
-1.3253787384000009,-5001.984598085204,-5001.914990835713
-1.681727155055903,-5003.66632524026,-5003.596717990769
-2.523475852334239,-5006.189801092594,-5006.120193843103
-1.5441737439199181,-5007.733974836514,-5007.664367587023
-1.7111038233025042,-5009.445078659816,-5009.375471410325
-0.7545100544959014,-5010.199588714312,-5010.129981464821
-0.415257595695946,-5010.614846310008,-5010.545239060517
-1.506055777248008,-5012.120902087256,-5012.0512948377645
-1.0820511441200145,-5013.202953231375,-5013.133345981884
-1.151851429727851,-5014.354804661103,-5014.285197411612
-0.9673985692800046,-5015.322203230383,-5015.252595980892
-0.04639218397276568,-5015.368595414356,-5015.298988164865
-0.724807988265505,-5016.093403402621,-5016.02379615313
-1.2658050871999595,-5017.359208489821,-5017.28960124033
-1.112873738239965,-5018.472082228061,-5018.402474978569
-0.9405788895360749,-5019.412661117597,-5019.343053868106
-1.085559112835837,-5020.498220230433,-5020.428612980942
-0.5459487311999359,-5021.044168961633,-5020.974561712142
-1.3188754699199345,-5022.363044431553,-5022.293437182062
-1.067054920588627,-5023.430099352142,-5023.360492102651
-0.3397647302431382,-5023.7698640823855,-5023.700256832894
-0.8875615257598825,-5024.657425608146,-5024.587818358655
-1.5259224523198025,-5026.1833480604655,-5026.113740810974
-7.854877443520914,-5034.038225503987,-5033.968618254496
-6.191391530711829,-5040.229617034699,-5040.160009785208
-3.04011244185591,-5043.269729476555,-5043.200122227064
-3.635279527263892,-5046.905009003819,-5046.835401754328
-1.2289017796326696,-5048.133910783452,-5048.064303533961
3.285914159438641,-5044.847996624013,-5044.778389374522
-1.1154270223999818,-5045.963423646413,-5045.8938163969215
-1.7949771573598101,-5047.758400803772,-5047.688793554281
-2.472173236223883,-5050.230574039996,-5050.160966790505
-2.5758036274359353,-5052.806377667432,-5052.7367704179405
-2.854065930307031,-5055.660443597739,-5055.590836348248
-1.9526991251599284,-5057.613142722898,-5057.543535473407
-2.447462286191723,-5060.06060500909,-5059.990997759599
-1.1572674551279654,-5061.217872464218,-5061.148265214727
-2.617574871999924,-5063.835447336218,-5063.765840086727
-4.244481503247894,-5068.0799288394655,-5068.010321589974
-0.21267693774709018,-5068.292605777213,-5068.222998527722
-4.776265790092647,-5073.068871567306,-5072.999264317815
-0.42670080460790666,-5073.495572371914,-5073.425965122423
-0.028758426928003566,-5073.524330798842,-5073.454723549351
-1.9894245965279511,-5075.51375539537,-5075.444148145879
-0.2545087311359385,-5075.7682641265055,-5075.698656877014
-0.7112129069949459,-5076.4794770335,-5076.409869784009
-1.4492792711998819,-5077.9287563047,-5077.859149055209
-1.3226102730671823,-5079.251366577767,-5079.181759328276
-0.0390549184559662,-5079.290421496223,-5079.220814246732
-4.592113753385579,-5083.882535249609,-5083.812928000118
-0.870280121880016,-5084.752815371488,-5084.683208121997
-2.2890276610560005,-5087.041843032544,-5086.972235783053
-0.8875413630718952,-5087.929384395617,-5087.859777146125
-7.16727465142002,-5095.096659047036,-5095.027051797545
-0.5989099129863218,-5095.695568960023,-5095.625961710532
-0.1375442108400039,-5095.833113170863,-5095.763505921372
-0.09020946420789944,-5095.923322635071,-5095.85371538558
-0.8621330742719382,-5096.785455709342,-5096.715848459851
1.736013999801662,-5095.049441709541,-5094.9798344600495
-0.37075274171976247,-5095.420194451261,-5095.3505872017695
-1.0099645305598552,-5096.430158981821,-5096.360551732329
-0.5094874926718241,-5096.939646474492,-5096.870039225001
-1.934744970076844,-5098.8743914445695,-5098.804784195078
-0.7579335923197639,-5099.63232503689,-5099.5627177873985
-0.7752098097360185,-5100.407534846626,-5100.337927597135
-0.14120740032002665,-5100.548742246946,-5100.479134997455
-4.136800238855983,-5104.685542485802,-5104.615935236311
-0.9259225271998526,-5105.611465013002,-5105.541857763511
-0.3610993515200585,-5105.972564364522,-5105.902957115031
-2.0592243562558528,-5108.031788720778,-5107.962181471287
-3.7061054981279207,-5111.737894218906,-5111.668286969415
-0.6395693367167078,-5112.377463555623,-5112.307856306132
-2.5831977412799354,-5114.960661296903,-5114.891054047412
-1.4248477994397826,-5116.3855090963425,-5116.315901846851
-1.961178932807919,-5118.346688029151,-5118.27708077966
-0.35508422892790037,-5118.701772258079,-5118.632165008587
-1.00109848716792,-5119.702870745246,-5119.633263495755
1.765521463528938,-5117.937349281718,-5117.8677420322265
-1.3888297979998514,-5119.326179079718,-5119.256571830227
-1.9384635258240732,-5121.264642605542,-5121.1950353560505
-0.8244735987839159,-5122.089116204325,-5122.019508954834
-1.914813783095951,-5124.0039299874215,-5123.93432273793
-1.0504327002078937,-5125.05436268763,-5124.984755438139
-2.1155451225598894,-5127.169907810189,-5127.100300560698
-1.4430905183997416,-5128.612998328589,-5128.543391079098
-9.493197944559888,-5138.106196273149,-5138.036589023658
-1.7067651830400297,-5139.812961456189,-5139.743354206698
-23.416089077970916,-5163.229050534161,-5163.15944328467
-0.025538736687934993,-5163.254589270849,-5163.184982021357
-3.9939527122561094,-5167.248541983105,-5167.1789347336135
-0.376736281536028,-5167.625278264641,-5167.5556710151495
0.016712370416232636,-5167.608565894225,-5167.538958644734
0.774242518175997,-5166.834323376049,-5166.764716126558
-0.5838877340799675,-5167.418211110129,-5167.348603860638
-1.073504238239987,-5168.491715348369,-5168.422108098878
-0.3708696296479401,-5168.862584978017,-5168.792977728526
-0.8567857579199603,-5169.719370735937,-5169.649763486446
-0.8733484977600197,-5170.592719233698,-5170.5231119842065
-1.180298090880004,-5171.773017324577,-5171.703410075086
-1.140954821184004,-5172.913972145761,-5172.84436489627
-0.8539143751198699,-5173.767886520881,-5173.69827927139
-1.2120695615998356,-5174.97995608248,-5174.910348832989
-0.8817394823998724,-5175.86169556488,-5175.792088315389
0.789749846611235,-5175.0719457182695,-5175.002338468778
-1.851637572639934,-5176.92358329091,-5176.853976041419
0.21674285253357373,-5176.706840438376,-5176.637233188885
-2.4214771034400178,-5179.128317541817,-5179.0587102923255
-0.21840789453823767,-5179.346725436355,-5179.277118186864
-1.2511693056799615,-5180.597894742035,-5180.528287492544
-10.674469850702339,-5191.272364592738,-5191.202757343247
-1.977032996880081,-5193.249397589618,-5193.179790340127
-1.296926145999878,-5194.546323735618,-5194.476716486127
-0.7950764274855096,-5195.341400163104,-5195.271792913612
-0.9104281753111896,-5196.251828338415,-5196.182221088924
-10.784060201880132,-5207.035888540296,-5206.966281290805
-3.5325873698400954,-5210.568475910136,-5210.498868660645
-1.9225735603255494,-5212.491049470462,-5212.421442220971
-1.9045701961598744,-5214.395619666621,-5214.32601241713
-0.8888473600510847,-5215.284467026672,-5215.214859777181
-0.2640667494719831,-5215.548533776144,-5215.478926526653
-3.758139867120075,-5219.306673643264,-5219.237066393773
-2.872249053599952,-5222.178922696864,-5222.109315447373
-4.215353548089725,-5226.394276244953,-5226.324668995462
-2.4924848591998785,-5228.886761104153,-5228.817153854662
-1.6225555369751716,-5230.509316641129,-5230.439709391638
-0.5294804759998883,-5231.0387971171285,-5230.969189867637
-0.8588740363198687,-5231.897671153449,-5231.828063903958
-1.6101108367679924,-5233.507781990217,-5233.438174740726
5.382900385231451,-5228.124881604986,-5228.0552743554945
-0.04233798979193448,-5228.167219594778,-5228.0976123452865
-0.8575688623200188,-5229.024788457097,-5228.955181207606
-3.6106059628991334,-5232.635394419996,-5232.565787170505
-0.8309467631999248,-5233.466341183196,-5233.396733933705
6.618304829800545,-5226.848036353395,-5226.778429103904
-0.11675295221013915,-5226.964789305605,-5226.895182056114
-1.311246854399928,-5228.276036160005,-5228.206428910514
-13.214267413876733,-5241.490303573882,-5241.4206963243905
1.2127565326969116,-5240.277547041184,-5240.207939791693
-0.7669574607998677,-5241.044504501984,-5240.974897252493
-1.1791112012351226,-5242.223615703219,-5242.154008453728
-1.2389481551998565,-5243.462563858419,-5243.392956608928
-1.9804824831999448,-5245.443046341619,-5245.373439092128
1.1939596255783504,-5244.249086716041,-5244.17947946655
-0.42848409569191137,-5244.677570811733,-5244.607963562242
0.0815103682960221,-5244.596060443437,-5244.526453193946
-1.3687984312799935,-5245.964858874717,-5245.895251625226
-1.823852858879988,-5247.788711733597,-5247.719104484106
-0.4714867968000007,-5248.260198530396,-5248.190591280905
-4.808213735903967,-5253.068412266301,-5252.9988050168095
-0.8037255103999322,-5253.872137776701,-5253.8025305272095
-0.16828105912795843,-5254.040418835829,-5253.970811586338
-2.5012486015999036,-5256.541667437429,-5256.472060187938
-0.3106376720719148,-5256.852305109501,-5256.78269786001
-2.0947274015999398,-5258.947032511101,-5258.8774252616095
-0.04509268239185349,-5258.992125193492,-5258.922517944001
-9.458473544307955,-5268.4505987378,-5268.380991488309
-0.11814764639993613,-5268.5687463842,-5268.4991391347085
-0.8296109698679264,-5269.398357354067,-5269.328750104576
-0.7108029521280078,-5270.109160306195,-5270.039553056704
-0.653967850211827,-5270.763128156407,-5270.693520906916
-0.4566602016479898,-5271.219788358055,-5271.150181108564
-1.5734928698158914,-5272.7932812278705,-5272.723673978379
-0.736233473039912,-5273.52951470091,-5273.459907451419
-1.273465756527997,-5274.802980457438,-5274.733373207947
-0.1224132809758961,-5274.925393738414,-5274.855786488923
-1.2285550938239043,-5276.153948832238,-5276.084341582747
-6.436407779984051,-5282.5903566122215,-5282.52074936273
-0.9091572047998875,-5283.499513817022,-5283.42990656753
-0.6239062091519711,-5284.123420026173,-5284.053812776682
-0.7883158615199082,-5284.911735887693,-5284.842128638202
-0.5222557169086948,-5285.433991604602,-5285.364384355111
-0.40224008537988043,-5285.836231689982,-5285.766624440491
-0.6359291534519724,-5286.472160843434,-5286.402553593943
-0.9852429404160676,-5287.45740378385,-5287.387796534359
-0.445710738919978,-5287.90311452277,-5287.833507273279
-4.818202403903923,-5292.721316926674,-5292.651709677183
-0.3345472103759554,-5293.05586413705,-5292.986256887559
-0.6244893313919033,-5293.680353468441,-5293.61074621895
-0.6537977929079134,-5294.33415126135,-5294.264544011859
-1.1172149958886697,-5295.451366257238,-5295.381759007747
-0.3105514393743576,-5295.761917696613,-5295.692310447122
-0.5014661386440629,-5296.263383835257,-5296.193776585766
-0.501517995543969,-5296.764901830801,-5296.69529458131
-0.19213520607596823,-5296.957037036877,-5296.887429787386
-0.837336778403841,-5297.794373815282,-5297.724766565791
-2.29846594763746,-5300.0928397629195,-5300.023232513428
-0.6067397204878785,-5300.699579483407,-5300.629972233916
-0.7482063075119499,-5301.44778579092,-5301.3781785414285
6.7239180699814645,-5294.723867720938,-5294.654260471447
-0.8212893382399604,-5295.545157059178,-5295.4755498096865
-0.7203087461375086,-5296.265465805315,-5296.195858555824
-0.9416450746607048,-5297.2071108799755,-5297.137503630484
-1.8282506950320616,-5299.035361575007,-5298.965754325516
-2.900486375721552,-5301.935847950729,-5301.866240701238
-1.4994122261279639,-5303.435260176857,-5303.365652927366
-1.4429617100638596,-5304.878221886921,-5304.80861463743
-1.8176797655805328,-5306.695901652502,-5306.62629440301
-5.827188491280013,-5312.523090143782,-5312.453482894291
-1.7713650893903101,-5314.294455233172,-5314.224847983681
-2.645298364719903,-5316.9397535978915,-5316.8701463484
-1.6290183367295583,-5318.568771934621,-5318.4991646851295
0.11058244381911436,-5318.4581894908015,-5318.38858224131
-1.3323424851599386,-5319.790531975961,-5319.72092472647
-0.7808528296271973,-5320.571384805588,-5320.501777556097
-4.228669846199952,-5324.800054651789,-5324.730447402298
-0.5362618415519629,-5325.336316493341,-5325.26670924385
-0.7404084340919563,-5326.076724927433,-5326.007117677942
-0.36271282394634197,-5326.439437751379,-5326.369830501888
-0.20618417750402873,-5326.645621928883,-5326.576014679392
0.004649763024249243,-5326.640972165858,-5326.571364916367
-0.8881263307320248,-5327.52909849659,-5327.459491247099
-1.1062142340983723,-5328.635312730688,-5328.565705481197
-0.7407686354997818,-5329.376081366188,-5329.306474116697
-1.5803221363246425,-5330.956403502513,-5330.886796253022
-1.0258519378559632,-5331.982255440369,-5331.912648190878
-0.5469085289999357,-5332.529163969369,-5332.459556719878
-0.17419393463024835,-5332.703357903999,-5332.633750654508
-12.31446529622387,-5345.017823200223,-5344.9482159507315
-0.7177030137727765,-5345.735526213995,-5345.665918964504
-0.7188012773200008,-5346.454327491316,-5346.384720241825
-1.0014134186839305,-5347.45574091,-5347.386133660509
-1.124300771135876,-5348.580041681135,-5348.510434431644
-0.6326687234880461,-5349.212710404623,-5349.143103155132
-0.6942396634920205,-5349.906950068115,-5349.837342818624
-3.264686559398429,-5353.171636627514,-5353.102029378023
-2.3341208201472057,-5355.505757447661,-5355.43615019817
-1.0189981851039833,-5356.524755632765,-5356.455148383274
-0.77938083454081,-5357.304136467305,-5357.234529217814
-1.1558343048000401,-5358.459970772105,-5358.390363522614
-1.0225721379839214,-5359.482542910089,-5359.412935660598
-0.6080830606367484,-5360.090625970726,-5360.021018721235
-0.6961194198424454,-5360.786745390568,-5360.717138141077
-0.9886867151359315,-5361.775432105705,-5361.705824856213
-0.31974190975990924,-5362.095174015464,-5362.025566765973
-0.8338605437295068,-5362.9290345591935,-5362.859427309702
-1.58549569301758,-5364.514530252211,-5364.44492300272
-0.5628671497800328,-5365.077397401991,-5365.0077901525
-1.1174837706430727,-5366.194881172634,-5366.125273923143
-1.3782048038302421,-5367.573085976464,-5367.503478726973
-0.2925875286624261,-5367.865673505127,-5367.796066255636
-0.7039385088559141,-5368.569612013983,-5368.500004764492
-0.6090563518615251,-5369.178668365845,-5369.109061116354
-0.7232421373631206,-5369.901910503208,-5369.832303253716
-0.876807286079968,-5370.778717789288,-5370.709110539797
-0.7725767485991136,-5371.551294537887,-5371.481687288396
-0.10371853500791872,-5371.655013072895,-5371.585405823404
-2.0277027554280083,-5373.682715828323,-5373.613108578832
-1.091056843065529,-5374.7737726713885,-5374.704165421897
-5.159574424068694,-5379.933347095457,-5379.863739845966
-0.996985513036688,-5380.930332608494,-5380.860725359003
-0.5689512893951448,-5381.499283897889,-5381.429676648398
-0.8441184617879711,-5382.3434023596765,-5382.273795110185
-0.9727412875198927,-5383.316143647196,-5383.246536397705
-1.0099513401599491,-5384.326094987357,-5384.256487737865
-0.2990960417278888,-5384.625191029085,-5384.555583779594
-1.204084203184774,-5385.8292752322695,-5385.759667982778
-0.9673781558504004,-5386.79665338812,-5386.727046138629
-0.8640683755199883,-5387.66072176364,-5387.591114514149
1.4069108489573956,-5386.253810914683,-5386.1842036651915
-0.39879035537924146,-5386.6526012700615,-5386.58299402057
-0.4742921451144037,-5387.126893415176,-5387.057286165685
-0.8627715008639041,-5387.98966491604,-5387.920057666549
-0.9367772884800285,-5388.92644220452,-5388.856834955029
-0.4173063630358925,-5389.343748567556,-5389.274141318065
-0.7190231991599881,-5390.062771766716,-5389.993164517225
-0.7551319709304802,-5390.817903737646,-5390.748296488155
0.014227812480043955,-5390.803675925165,-5390.734068675674
-1.0982770044623076,-5391.901952929627,-5391.832345680136
-0.9127712851199412,-5392.814724214747,-5392.745116965256
8.628702709200066,-5384.186021505547,-5384.116414256056
-0.5674765216063223,-5384.753498027153,-5384.683890777662
-0.3805915377189774,-5385.134089564872,-5385.064482315381
-0.5834653516800157,-5385.717554916552,-5385.647947667061
-1.3042824724799083,-5387.021837389032,-5386.952230139541
-1.757275509199891,-5388.779112898232,-5388.709505648741
-1.0686231427199964,-5389.8477360409515,-5389.77812879146
-0.5908669449310453,-5390.438602985882,-5390.368995736391
-1.328412797359157,-5391.767015783242,-5391.697408533751
-9.536904004319926,-5401.303919787561,-5401.23431253807
-0.6973662208319438,-5402.001286008393,-5401.931678758902
-0.29804930399996044,-5402.299335312394,-5402.229728062903
-1.3042824724799083,-5403.603617784874,-5403.534010535383
-0.8767172740799799,-5404.480335058954,-5404.4107278094625
-1.0932612787199172,-5405.573596337674,-5405.503989088183
-1.7885740199997313,-5407.362170357674,-5407.292563108183
-0.4867958881798839,-5407.848966245853,-5407.779358996362
-0.36233227978548693,-5408.211298525639,-5408.141691276148
-0.8094198589463377,-5409.020718384585,-5408.951111135094
-1.3055068780799919,-5410.326225262665,-5410.2566180131735
-1.1963705825597921,-5411.522595845225,-5411.452988595734
-10.63169173897579,-5422.154287584201,-5422.084680334709
0.3105721712063462,-5421.843715412994,-5421.774108163503
-0.7562013662848036,-5422.599916779279,-5422.530309529788
-0.11291049201601827,-5422.712827271295,-5422.643220021804
-1.2667963664127189,-5423.979623637708,-5423.910016388217
-0.7412934639167111,-5424.720917101625,-5424.651309852134
-2.024016745111971,-5426.744933846737,-5426.675326597246
-0.6652834794623168,-5427.410217326199,-5427.340610076708
-0.4508843263119295,-5427.861101652511,-5427.79149440302
-0.5277074349455879,-5428.388809087457,-5428.319201837966
-1.0685191283198832,-5429.457328215777,-5429.387720966286
-0.9635079364414512,-5430.420836152219,-5430.351228902728
0.6708516173753961,-5429.749984534843,-5429.680377285352
-0.6156234576775016,-5430.36560799252,-5430.296000743029
-0.43882366099189707,-5430.804431653512,-5430.734824404021
-0.8588943786623795,-5431.663326032175,-5431.593718782684
-0.578487755076057,-5432.241813787251,-5432.17220653776
-0.28726052291993165,-5432.5290743101705,-5432.459467060679
-1.3039315192800065,-5433.8330058294505,-5433.763398579959
0.9332926281600199,-5432.89971320129,-5432.830105951799
-3.5900639188511603,-5436.489777120141,-5436.42016987065
-0.43892166401283156,-5436.928698784154,-5436.859091534663
-0.47248733093600837,-5437.40118611509,-5437.331578865599
-0.8015541420158725,-5438.202740257106,-5438.133133007615
0.1505254611457083,-5438.05221479596,-5437.982607546469
-8.714459003327846,-5446.766673799288,-5446.697066549797
-0.4443935308720258,-5447.2110673301595,-5447.141460080668
-0.7088983316064231,-5447.919965661766,-5447.8503584122745
-0.6537131036519321,-5448.573678765418,-5448.504071515927
-0.5213925508678098,-5449.095071316286,-5449.0254640667945
-0.4156117017838445,-5449.510683018069,-5449.441075768578
-0.9634041322495627,-5450.474087150319,-5450.404479900828
-0.5729007382079174,-5451.046987888527,-5450.977380639036
-0.4859661339646171,-5451.532954022491,-5451.463346773
-0.3036556672512088,-5451.8366096897425,-5451.767002440251
-1.8693073512255765,-5453.705917040968,-5453.636309791477
-1.0321247858877673,-5454.738041826856,-5454.668434577365
-0.8743250557439499,-5455.612366882599,-5455.542759633108
-0.6501482383198386,-5456.2625151209195,-5456.192907871428
-1.1409595221120044,-5457.403474643032,-5457.3338673935405
-6.068910301798365,-5463.47238494483,-5463.402777695339
-0.9903177587278645,-5464.462702703558,-5464.3930954540665
-1.8319975196398657,-5466.294700223198,-5466.2250929737065
-2.4906800784525425,-5468.785380301651,-5468.715773052159
-1.3444552367998968,-5470.129835538451,-5470.0602282889595
-1.6960584566399057,-5471.82589399509,-5471.756286745599
-2.2406834923038996,-5474.066577487394,-5473.996970237903
-3.9240245621304033,-5477.990602049525,-5477.920994800033
-2.0411656083999956,-5480.031767657924,-5479.962160408433
-1.6026538751999941,-5481.634421533125,-5481.5648142836335
-4.462170815081479,-5486.096592348206,-5486.026985098715
-1.8640025925119832,-5487.960594940719,-5487.890987691228
-2.2430420717330266,-5490.2036370124515,-5490.13402976296
-1.1032521674398663,-5491.306889179891,-5491.2372819304
-1.1559529786798617,-5492.462842158571,-5492.39323490908
-0.5456690483254273,-5493.008511206896,-5492.938903957405
-2.038136046055063,-5495.0466472529515,-5494.97704000346
-2.6815707072,-5497.728217960152,-5497.6586107106605
-1.8973764447998458,-5499.625594404952,-5499.555987155461
-3.6923624245175652,-5503.317956829469,-5503.248349579978
-0.5445444502239071,-5503.862501279693,-5503.792894030202
-0.9389390888767364,-5504.801440368569,-5504.731833119078
-0.1345893017391504,-5504.936029670308,-5504.866422420817
-1.4998610420638387,-5506.4358907123715,-5506.36628346288
-1.301987346399852,-5507.7378780587715,-5507.66827080928
-1.386904895999995,-5509.124782954771,-5509.05517570528
-2.1935862104829256,-5511.318369165254,-5511.248761915763
-0.47408547263996037,-5511.792454637894,-5511.722847388402
-2.6825071552800344,-5514.474961793174,-5514.405354543683
-2.800185493919965,-5517.275147287094,-5517.205540037603
-1.8960995732398231,-5519.171246860334,-5519.1016396108425
-0.8706758495999967,-5520.041922709934,-5519.972315460443
-0.1411484913113747,-5520.183071201245,-5520.113463951754
-0.5991532846391383,-5520.782224485884,-5520.712617236393
-1.4853146049838317,-5522.267539090868,-5522.197931841377
-7.337717466242254,-5529.60525655711,-5529.535649307619
-0.5785963618632111,-5530.183852918973,-5530.1142456694815
-1.1191115070566082,-5531.30296442603,-5531.233357176538
-1.6587106273918475,-5532.9616750534215,-5532.89206780393
-0.12344507567996843,-5533.085120129102,-5533.0155128796105
-2.1422598595197853,-5535.227379988622,-5535.15777273913
-0.6240772638799086,-5535.851457252502,-5535.781850003011
-0.4880857596799953,-5536.339543012182,-5536.269935762691
-0.7319530643197592,-5537.071496076502,-5537.001888827011
-1.4069088422606983,-5538.478404918763,-5538.408797669272
-1.1672067793845338,-5539.645611698147,-5539.576004448656
-1.3256077043998826,-5540.971219402547,-5540.901612153056
-3.463509976499677,-5544.434729379047,-5544.365122129556
-1.945350668687878,-5546.380080047735,-5546.310472798244
-2.0537895748606783,-5548.433869622595,-5548.364262373104
-1.4707059095997468,-5549.904575532195,-5549.834968282704
-1.4099320512000342,-5551.314507583395,-5551.244900333904
-1.7402674579005888,-5553.054775041296,-5552.985167791805
-1.2247576967999134,-5554.279532738096,-5554.209925488605
-2.2763933314304254,-5556.555926069526,-5556.486318820035
-1.5626560563999154,-5558.118582125926,-5558.048974876435
-0.5027081119683531,-5558.621290237895,-5558.551682988404
-0.644613184799998,-5559.2659034226945,-5559.196296173203
-0.522606846844748,-5559.788510269539,-5559.718903020048
-2.0836711419678,-5561.872181411507,-5561.802574162016
-0.7787243135999682,-5562.650905725107,-5562.581298475616
-1.368994906079966,-5564.019900631187,-5563.950293381696
-0.9369608751997718,-5564.956861506386,-5564.887254256895
-1.8719033795998898,-5566.828764885986,-5566.759157636495
-1.5594145297918942,-5568.388179415778,-5568.318572166287
-1.0546472070792032,-5569.442826622857,-5569.373219373366
-4.224260214047828,-5573.667086836905,-5573.5974795874135
-0.8859931652880619,-5574.5530800021925,-5574.483472752701
-1.3328212549176586,-5575.88590125711,-5575.816294007619
-1.5160893190160263,-5577.401990576126,-5577.332383326635
-0.7607917661305134,-5578.162782342257,-5578.093175092766
-2.1227430275422274,-5580.285525369799,-5580.215918120308
-0.7687949470341842,-5581.054320316834,-5580.984713067342
0.8872431163680832,-5580.167077200465,-5580.097469950974
-0.9312457799996926,-5581.098322980465,-5581.028715730974
-1.49555916590078,-5582.593882146366,-5582.524274896875
-1.6027474881598671,-5584.196629634526,-5584.127022385035
-0.43598117257597624,-5584.6326108071025,-5584.563003557611
-1.0040461621439687,-5585.636656969246,-5585.567049719755
-0.7352890421759566,-5586.371946011423,-5586.302338761931
-2.0150947831679757,-5588.387040794591,-5588.317433545099
-1.7670967750657272,-5590.154137569656,-5590.084530320165
-2.3873794335116196,-5592.541517003167,-5592.471909753676
-0.8680727712959557,-5593.409589774464,-5593.339982524973
-16.669795201665693,-5610.079384976129,-5610.009777726638
-2.2377715192559458,-5612.3171564953855,-5612.247549245894
-2.1208169668709984,-5614.437973462256,-5614.368366212765
-2.25003223223981,-5616.688005694496,-5616.6183984450045
-2.0342398365359524,-5618.722245531031,-5618.65263828154
-3.8748769858847636,-5622.597122516916,-5622.527515267425
-1.0360599627918283,-5623.633182479708,-5623.563575230217
-8.973698493215956,-5632.606880972924,-5632.537273723433
-1.420172573040045,-5634.027053545964,-5633.957446296473
-1.8391862827998589,-5635.866239828764,-5635.796632579273
-2.104139257295667,-5637.97037908606,-5637.900771836569
-0.7264982937601707,-5638.696877379821,-5638.62727013033
-1.569979024847866,-5640.266856404669,-5640.197249155178
-1.2575655717998904,-5641.524421976469,-5641.454814726978
8.46463978845695,-5633.059782188012,-5632.990174938521
-2.3941033439422994,-5635.453885531954,-5635.384278282463
-1.243437086279938,-5636.6973226182345,-5636.627715368743
-1.368967902479839,-5638.066290520715,-5637.996683271223
-0.48076412916469047,-5638.547054649879,-5638.477447400388
-0.9034507238399935,-5639.450505373719,-5639.380898124228
-2.000707026172687,-5641.451212399892,-5641.381605150401
-2.513539622087933,-5643.96475202198,-5643.8951447724885
-0.8606900975040308,-5644.825442119483,-5644.755834869992
-0.801696878639887,-5645.627138998123,-5645.557531748632
-1.2107572800334796,-5646.837896278156,-5646.768289028665
-1.2429555349824304,-5648.080851813139,-5648.011244563648
-0.8868772527360107,-5648.967729065875,-5648.8981218163835
-1.1224719179856255,-5650.09020098386,-5650.020593734369
-1.781537549568083,-5651.8717385334285,-5651.802131283937
-0.1942325321758171,-5652.065971065605,-5651.996363816113
-1.5995846366398414,-5653.665555702244,-5653.595948452753
-1.620679284791827,-5655.286234987036,-5655.2166277375445
-0.9758042851199428,-5656.262039272156,-5656.192432022664
-3.391508880586965,-5659.653548152743,-5659.5839409032515
-0.5955743639037324,-5660.249122516646,-5660.179515267155
-0.6963929694399134,-5660.945515486086,-5660.875908236595
-1.4388894253438973,-5662.3844049114305,-5662.314797661939
-1.3953804220319208,-5663.779785333462,-5663.710178083971
-0.7327801829615884,-5664.512565516424,-5664.442958266933
-0.5388764169357644,-5665.0514419333595,-5664.981834683868
-1.311702586539948,-5666.3631445199,-5666.293537270409
-0.04187197444793944,-5666.405016494347,-5666.335409244856
-0.9687966876158569,-5667.373813181964,-5667.3042059324725
-1.2963271541599741,-5668.670140336124,-5668.600533086633
-0.8908326064799492,-5669.560972942604,-5669.491365693113
-1.8766747233359995,-5671.43764766594,-5671.368040416449
-1.4715870556081072,-5672.909234721548,-5672.839627472057
-0.9426063024000375,-5673.8518410239485,-5673.782233774457
-0.10563181679989136,-5673.957472840749,-5673.887865591258
-0.6087088278239654,-5674.566181668572,-5674.496574419081
-0.5307878990519184,-5675.096969567624,-5675.027362318133
-0.419175245760031,-5675.516144813384,-5675.446537563893
-0.5826422592000284,-5676.098787072584,-5676.029179823093
-0.7700259913919585,-5676.868813063976,-5676.799205814485
-0.7182562213199495,-5677.587069285296,-5677.517462035805
-1.2692981318398908,-5678.8563674171355,-5678.786760167644
-0.9512488869597102,-5679.807616304095,-5679.738009054604
-0.9984370590720764,-5680.806053363167,-5680.736446113676
-0.7239412001279677,-5681.529994563295,-5681.460387313804
-1.8327909952799994,-5683.3627855585755,-5683.293178309084
-0.5977010467680464,-5683.960486605343,-5683.890879355852
-0.8844470579998835,-5684.844933663343,-5684.775326413852
-1.3868778924000316,-5686.231811555743,-5686.162204306252
-2.1112328113917447,-5688.343044367134,-5688.273437117643
-1.789847845499946,-5690.132892212634,-5690.063284963143
-2.2293788937335495,-5692.362271106367,-5692.292663856876
-1.0096980962880842,-5693.371969202655,-5693.302361953164
-1.5195044891519982,-5694.891473691807,-5694.821866442316
-1.24426839542397,-5696.135742087231,-5696.06613483774
-1.994842146182393,-5698.130584233413,-5698.060976983922
-1.3008289130159167,-5699.431413146429,-5699.361805896938
-1.0885924588800409,-5700.520005605309,-5700.450398355818
-1.5114137289600222,-5702.031419334269,-5701.961812084778
-2.0220664895999305,-5704.053485823869,-5703.983878574378
-0.934554900095942,-5704.988040723965,-5704.918433474474
-1.5324179475678572,-5706.520458671533,-5706.4508514220415
-0.7352007364478126,-5707.255659407981,-5707.1860521584895
-2.59290230639996,-5709.848561714381,-5709.7789544648895
-0.7646184963359116,-5710.613180210717,-5710.543572961225
-0.6820355531807207,-5711.295215763897,-5711.225608514406
-0.6612655505279882,-5711.956481314425,-5711.886874064934
-2.034112227840047,-5713.990593542265,-5713.920986292774
-0.29984056039200446,-5714.290434102657,-5714.220826853166
1.153698288560181,-5713.136735814097,-5713.067128564606
-0.6508711742400034,-5713.787606988337,-5713.717999738846
-0.6660620546677954,-5714.453669043005,-5714.384061793514
-1.7250945452799349,-5716.178763588285,-5716.109156338794
-1.305959218704042,-5717.484722806988,-5717.415115557497
-1.7437574089437522,-5719.228480215932,-5719.158872966441
-1.1648870074559197,-5720.393367223388,-5720.323759973897
-1.4013401527607914,-5721.794707376149,-5721.725100126658
-1.358967318143929,-5723.153674694293,-5723.084067444802
-2.5042521180072157,-5725.6579268123005,-5725.588319562809
-1.8067250712000704,-5727.464651883501,-5727.3950446340095
-1.9404239316479583,-5729.405075815149,-5729.335468565658
-2.532437502000017,-5731.937513317149,-5731.867906067658
-0.8992147950069613,-5732.8367281121555,-5732.767120862664
-1.4048958967200789,-5734.241624008876,-5734.172016759385
-1.223082700559801,-5735.464706709436,-5735.3950994599445
-1.7288033855999185,-5737.193510095036,-5737.123902845545
-2.0492952533999844,-5739.2428053484355,-5739.173198098944
-2.823092864856001,-5742.065898213292,-5741.996290963801
-2.416009007232033,-5744.481907220524,-5744.412299971033
-2.431798732759925,-5746.913705953283,-5746.844098703792
-2.948528468659119,-5749.862234421942,-5749.792627172451
-0.4155555247199879,-5750.277789946662,-5750.208182697171
-1.929945966303984,-5752.207735912966,-5752.138128663475
-1.7948713891839725,-5754.00260730215,-5753.933000052659
-5.055875507612641,-5759.058482809763,-5758.9888755602715
-6.2982728183647065,-5765.356755628128,-5765.287148378637
-2.944061453132786,-5768.300817081261,-5768.23120983177
-3.8524169539319,-5772.153234035193,-5772.083626785702
-3.0043108996559122,-5775.157544934849,-5775.087937685358
-2.802186711887809,-5777.959731646737,-5777.890124397246
-2.638697779887962,-5780.598429426625,-5780.528822177134
-3.7254773780639643,-5784.32390680469,-5784.2542995551985
-1.7471879439358748,-5786.071094748626,-5786.001487499135
-1.1970779335198602,-5787.268172682146,-5787.1985654326545
-2.439402406127987,-5789.707575088273,-5789.637967838782
-1.6358445397919348,-5791.343419628065,-5791.273812378574
-3.1265944336510536,-5794.470014061716,-5794.400406812225
-0.2837870819999772,-5794.753801143716,-5794.684193894225
-1.2969718473599885,-5796.050772991076,-5795.981165741585
0.10137838888017825,-5795.949394602196,-5795.879787352705
0.0059229876000186366,-5795.943471614596,-5795.873864365105
-1.176452023536057,-5797.119923638132,-5797.050316388641
0.4283888762244593,-5796.691534761907,-5796.621927512416
-0.8477876827486578,-5797.539322444655,-5797.469715195164
-1.09401055663832,-5798.633333001294,-5798.563725751803
-1.7085774165358714,-5800.34191041783,-5800.272303168339
-0.8743907369039721,-5801.2163011547345,-5801.146693905243
-0.8842494442079651,-5802.100550598942,-5802.030943349451
-1.7172120985052974,-5803.8177626974475,-5803.748155447956
-1.477746547199796,-5805.295509244647,-5805.225901995156
0.6774437863204501,-5804.618065458327,-5804.548458208836
-0.47061577219209894,-5805.088681230519,-5805.019073981028
-1.2797649130031323,-5806.368446143522,-5806.298838894031
0.4012118915118634,-5805.967234252011,-5805.89762700252
-1.8888268039598959,-5807.856061055971,-5807.78645380648
-7.6842255199049205,-5815.540286575876,-5815.470679326385
-1.8010685962750306,-5817.341355172151,-5817.27174792266
-0.35398700089578816,-5817.695342173047,-5817.625734923556
-0.6042931763038768,-5818.299635349351,-5818.23002809986
-3.3507102130148416,-5821.650345562366,-5821.580738312875
0.455504209055864,-5821.19484135331,-5821.125234103819
-3.4566364969470857,-5824.651477850257,-5824.581870600766
-7.8762039596239175,-5832.527681809881,-5832.45807456039
-6.816135782975908,-5839.343817592857,-5839.274210343366
-0.2614246607278795,-5839.605242253585,-5839.535635004094
-4.750595851340932,-5844.355838104926,-5844.286230855435
1.9349665304988286,-5842.420871574427,-5842.351264324936
0.11983513502149357,-5842.301036439406,-5842.231429189915
0.056108756087965395,-5842.244927683318,-5842.1753204338265
11.68932113684522,-5830.5556065464725,-5830.485999296981
-0.1334410622156843,-5830.689047608688,-5830.619440359197
3.1533649612972536,-5827.535682647391,-5827.4660753979
-0.3537823413198077,-5827.889464988711,-5827.8198577392195
-1.730046542895797,-5829.619511531607,-5829.549904282116
-4.667124299759876,-5834.286635831367,-5834.217028581876
-0.17729334823193388,-5834.463929179598,-5834.394321930107
-0.22826548567678895,-5834.692194665276,-5834.622587415784
-0.9565242296399331,-5835.648718894916,-5835.579111645425
-1.6941178679039637,-5837.342836762819,-5837.273229513328
-0.7371889039680234,-5838.080025666787,-5838.010418417296
0.8648956490161206,-5837.215130017771,-5837.14552276828
-0.10097458828792882,-5837.316104606059,-5837.2464973565675
4.410224428595667,-5832.905880177463,-5832.836272927972
-0.9892393526399272,-5833.895119530102,-5833.825512280611
-0.4794432904318195,-5834.374562820534,-5834.304955571043
-1.0443236126399973,-5835.4188864331745,-5835.349279183683
-7.13715986491197,-5842.556046298087,-5842.4864390485955
-1.2159421940159194,-5843.7719884921025,-5843.702381242611
0.7541926582722857,-5843.01779583383,-5842.948188584339
-0.21644567147515853,-5843.234241505305,-5843.164634255814
0.7240073823840039,-5842.510234122921,-5842.44062687343
-0.7503228965759827,-5843.260557019497,-5843.190949770006
-1.8645447057116635,-5845.125101725209,-5845.055494475718
-0.6029890163999154,-5845.728090741609,-5845.658483492118
-0.04933485058054943,-5845.7774255921895,-5845.707818342698
4.027208269902786,-5841.7502173222865,-5841.680610072795
-0.2593383348479515,-5842.009555657134,-5841.939948407643
-0.5821404769598699,-5842.591696134094,-5842.522088884602
-6.117930208799891,-5848.709626342894,-5848.640019093403
-1.3356142331038208,-5850.045240575998,-5849.975633326507
-0.5180507250127698,-5850.56329130101,-5850.493684051519
-0.7657171793918829,-5851.329008480402,-5851.259401230911
-8.536337948207828,-5859.86534642861,-5859.795739179119
-2.253806993687099,-5862.119153422297,-5862.049546172806
-0.48489453566386814,-5862.604047957961,-5862.534440708469
-8.19965127611987,-5870.80369923408,-5870.734091984589
-2.876788443215931,-5873.680487677297,-5873.610880427806
-0.07141050496463708,-5873.751898182261,-5873.68229093277
0.5461667524481348,-5873.205731429814,-5873.136124180322
-0.47750990636792545,-5873.683241336182,-5873.613634086691
8.09364043284494,-5865.589600903337,-5865.519993653846
-10.018730011199672,-5875.608330914536,-5875.538723665045
-1.5693172730879352,-5877.177648187624,-5877.108040938133
-2.4379713216215113,-5879.615619509245,-5879.546012259754
-3.092980767616001,-5882.708600276861,-5882.63899302737
0.1354746812320135,-5882.573125595629,-5882.503518346138
-0.7316587964161181,-5883.304784392045,-5883.235177142554
7.644317870765612,-5875.660466521279,-5875.590859271788
-0.09675074160004515,-5875.757217262879,-5875.687610013388
-2.4821893293120563,-5878.239406592191,-5878.1697993427
-3.8776967911678693,-5882.117103383359,-5882.047496133868
-0.43727533449598477,-5882.554378717855,-5882.484771468364
-3.2044682428798072,-5885.758846960734,-5885.689239711243
-3.7296317964958785,-5889.48847875723,-5889.418871507739
-4.164363635583869,-5893.652842392814,-5893.583235143323
-3.3605160976799726,-5897.013358490494,-5896.943751241003
-2.4534408902078866,-5899.4667993807025,-5899.397192131211
-0.9573998989520927,-5900.424199279654,-5900.354592030163
-0.8889591274199529,-5901.313158407074,-5901.243551157583
-1.7526247573118323,-5903.065783164386,-5902.996175914895
-0.4670601148799727,-5903.532843279266,-5903.463236029775
-0.7661045953439676,-5904.298947874609,-5904.229340625118
-0.9101158377919822,-5905.209063712401,-5905.13945646291
1.444729855223077,-5903.764333857178,-5903.694726607687
-2.2029944816159257,-5905.967328338794,-5905.897721089303
-1.2189215972878777,-5907.186249936081,-5907.11664268659
-1.912307567631828,-5909.098557503713,-5909.028950254222
7.38563167706303,-5901.71292582665,-5901.643318577158
-0.4435715528958992,-5902.156497379546,-5902.086890130055
-0.5566485244318056,-5902.713145903977,-5902.643538654486
-0.24428276394232123,-5902.95742866792,-5902.887821418429
-2.0179464209278155,-5904.975375088848,-5904.9057678393565
-1.0270107905519923,-5906.002385879399,-5905.932778629908
-0.20656381479998687,-5906.208949694199,-5906.139342444708
-0.43513281851176927,-5906.644082512711,-5906.57447526322
-9.97690131425567,-5916.620983826967,-5916.551376577476
-0.9655805887199662,-5917.586564415687,-5917.516957166195
-0.8768661105437995,-5918.463430526231,-5918.39382327674
-0.9701328815198713,-5919.433563407751,-5919.3639561582595
-0.7481491155359736,-5920.1817125232865,-5920.112105273795
-4.810910849919811,-5924.992623373207,-5924.923016123716
-2.6428612972799312,-5927.635484670486,-5927.565877420995
-0.4885453046319733,-5928.124029975118,-5928.054422725627
-1.3328818434079226,-5929.456911818526,-5929.387304569035
-0.15395782252799273,-5929.610869641055,-5929.541262391564
-7.517838795199682,-5937.128708436255,-5937.059101186764
-1.2759647656567796,-5938.4046732019115,-5938.33506595242
-0.7587140070719884,-5939.163387208983,-5939.093779959492
-1.5956676030398764,-5940.759054812023,-5940.689447562532
-0.051744219911944445,-5940.810799031935,-5940.741191782444
-0.3257660604799613,-5941.1365650924145,-5941.066957842923
-3.8463229133997063,-5944.982888005814,-5944.913280756323
-0.5100782990240599,-5945.492966304838,-5945.423359055347
-0.7715447255199342,-5946.264511030357,-5946.194903780866
-0.9135956141759058,-5947.178106644534,-5947.108499395043
-0.005879017248114127,-5947.183985661782,-5947.1143784122905
-26.548978488267036,-5973.732964150048,-5973.663356900557
-1.1309988398400224,-5974.863962989888,-5974.794355740397
-0.2544277847999622,-5975.118390774688,-5975.048783525197
-5.341545994559728,-5980.459936769248,-5980.390329519757
4.648556501728526,-5975.81138026752,-5975.741773018029
-1.0796058984000387,-5976.8909861659195,-5976.821378916428
-1.0645155898559875,-5977.955501755775,-5977.885894506284
-1.2163982636927517,-5979.171900019468,-5979.102292769977
-1.7153595049920516,-5980.88725952446,-5980.817652274969
-0.65095795631985,-5981.53821748078,-5981.468610231289
-1.5085385256480803,-5983.046756006428,-5982.977148756937
-1.99483366916158,-5985.041589675589,-5984.971982426098
-0.9775540555199304,-5986.01914373111,-5985.949536481618
-0.2981254795438071,-5986.317269210654,-5986.2476619611625
-0.4663431704639752,-5986.783612381118,-5986.714005131626
0.5637275280001925,-5986.219884853117,-5986.150277603626
