coin,hour,volatility_bucket,expectancy,profit_factor,trade_count
APR/USDT,12,"(0.00201, 0.0338]",8.09364043284494,inf,1
FF/USDT,21,"(0.00201, 0.0338]",3.9558214827198888,inf,1
H/USDT,7,"(0.00201, 0.0338]",3.285914159438641,inf,1
VELVET/USDT,4,"(0.00201, 0.0338]",2.9297788496159,inf,1
HOME/USDT,2,"(0.00201, 0.0338]",2.2123618722573037,inf,1
HOME/USDT,22,"(0.00201, 0.0338]",1.9753981780097314,inf,1
MYX/USDT,2,"(0.00201, 0.0338]",1.8732996120300185,inf,1
HOME/USDT,7,"(0.00201, 0.0338]",1.7507677316653,inf,2
RECALL/USDT,1,"(0.00201, 0.0338]",1.2869746723246562,inf,1
MYX/USDT,3,"(0.00201, 0.0338]",1.2811399711440445,inf,1
HOME/USDT,11,"(0.00201, 0.0338]",1.257932416909848,1.6411556362316297,5
STO/USDT,2,"(0.00201, 0.0338]",1.2052095581632265,inf,1
LPT/USDT,10,"(0.00201, 0.0338]",1.153698288560181,inf,1
GRASS/USDT,2,"(0.00201, 0.0338]",1.0815535232876012,6.499775120166613,7
ZEC/USDT,22,"(0.00201, 0.0338]",0.6077593372302068,1.5288429016947593,14
KITE/USDT,2,"(0.00201, 0.0338]",0.5809048470058518,1.8553273553739094,7
GRASS/USDT,0,"(0.00201, 0.0338]",0.5501586707452296,70.04336556812041,2
MON/USDT,22,"(0.00201, 0.0338]",0.528295174328894,3.1303284457168257,2
0G/USDT,6,"(0.00201, 0.0338]",0.46021282368105565,inf,1
ETH/USDT,18,"(0.00201, 0.0338]",0.42951998163203625,inf,1
KITE/USDT,16,"(0.00201, 0.0338]",0.39799377854822293,6.878248420968077,4
MON/USDT,16,"(0.00201, 0.0338]",0.32798778902918124,inf,1
MOODENG/USDT,22,"(0.00201, 0.0338]",0.3266223981456088,inf,1
KITE/USDT,0,"(0.00201, 0.0338]",0.3156637222132048,1.6782910593477918,8
0G/USDT,15,"(0.00201, 0.0338]",0.25843215360004546,inf,1
AAVE/USDT,2,"(0.00201, 0.0338]",0.22118830560006053,inf,1
ASTER/USDT,2,"(0.00201, 0.0338]",0.1200285145669906,inf,1
MYX/USDT,14,"(0.00201, 0.0338]",0.10589039268001166,1.2906898641922313,3
MYX/USDT,11,"(0.00201, 0.0338]",0.10137838888017825,inf,1
GRASS/USDT,15,"(0.0012, 0.00201]",0.09179302677600623,inf,1
ZEC/USDT,4,"(0.0012, 0.00201]",0.05968250326402064,inf,1
SONIC/USDT,21,"(0.00201, 0.0338]",0.028522644422415533,inf,1
MON/USDT,23,"(0.0012, 0.00201]",0.020993625292828832,inf,1
MORPHO/USDT,2,"(0.0012, 0.00201]",0.013680382392030704,2.1181702817727226,3
BERA/USDT,12,"(0.0012, 0.00201]",-0.005879017248114127,0.0,1
RECALL/USDT,0,"(0.0012, 0.00201]",-0.02739592506944788,0.0,1
MORPHO/USDT,0,"(0.0012, 0.00201]",-0.03569411339992895,0.0,1
H/USDT,11,"(0.00201, 0.0338]",-0.03823443390554817,0.9511230025315235,7
ZRO/USDT,8,"(0.0012, 0.00201]",-0.04233798979193448,0.0,1
HYPE/USDT,22,"(0.00201, 0.0338]",-0.0450345954239911,0.4553093721080456,2
GRASS/USDT,0,"(0.0012, 0.00201]",-0.04985747308798655,0.0,1
SUI/USDT,16,"(0.00201, 0.0338]",-0.054301015835982375,0.0,1
MON/USDT,5,"(0.0012, 0.00201]",-0.05925729709990979,0.0,1
MYX/USDT,13,"(0.00201, 0.0338]",-0.0677184946759936,0.6423380765939418,4
BERA/USDT,13,"(0.0012, 0.00201]",-0.06960724949118643,0.0,1
MYX/USDT,23,"(0.0012, 0.00201]",-0.08113332844794552,0.0,1
ALCH/USDT,15,"(0.0012, 0.00201]",-0.08385772699199817,0.0,1
0G/USDT,14,"(0.00201, 0.0338]",-0.08747453831997717,0.0,1
MON/USDT,22,"(0.0012, 0.00201]",-0.09139939719115281,0.0,1
0G/USDT,16,"(0.0012, 0.00201]",-0.09192929174397046,0.0,1
KITE/USDT,17,"(0.0012, 0.00201]",-0.0920678735791958,0.0,1
H/USDT,18,"(0.0012, 0.00201]",-0.09345568553076147,0.0,2
0G/USDT,13,"(0.000792, 0.0012]",-0.09483157724797439,0.0,1
GRASS/USDT,16,"(0.00201, 0.0338]",-0.09950855151999385,0.3002093345294838,2
HBAR/USDT,16,"(0.0012, 0.00201]",-0.10148161930560427,0.0,1
PENGU/USDT,21,"(0.00201, 0.0338]",-0.10258074043593945,0.0,1
BERA/USDT,14,"(0.0012, 0.00201]",-0.1077774706111982,0.0,2
SONIC/USDT,20,"(0.0012, 0.00201]",-0.10951606043517807,0.0,1
0G/USDT,14,"(0.000792, 0.0012]",-0.11250913073999858,0.0,2
MORPHO/USDT,15,"(0.000792, 0.0012]",-0.11357368091998296,0.0,1
PENGU/USDT,17,"(0.000792, 0.0012]",-0.11517198115582668,0.0,1
MOODENG/USDT,15,"(0.00201, 0.0338]",-0.11587325047956394,0.6268690021173058,5
FF/USDT,18,"(0.0012, 0.00201]",-0.11734415508478563,0.0,1
TAO/USDT,14,"(0.000792, 0.0012]",-0.11769403860476968,0.0,1
HBAR/USDT,17,"(0.0012, 0.00201]",-0.12070747218885114,0.0,1
GRASS/USDT,14,"(0.0012, 0.00201]",-0.12173948363197731,0.0,2
FF/USDT,13,"(0.000463, 0.000792]",-0.12743566444798304,0.0,1
MORPHO/USDT,21,"(0.000792, 0.0012]",-0.13404206995196988,0.0,1
H/USDT,17,"(0.00201, 0.0338]",-0.1340883404377936,0.3675056244099549,4
LA/USDT,1,"(0.00201, 0.0338]",-0.13583899900794838,0.0,1
XLM/USDT,13,"(0.000792, 0.0012]",-0.13612027822077077,0.0,1
ZRO/USDT,11,"(0.0012, 0.00201]",-0.13736419603027358,0.08283570549085888,5
BERA/USDT,13,"(0.000792, 0.0012]",-0.13778797442187538,0.0,3
ALCH/USDT,19,"(0.00201, 0.0338]",-0.13861403614317405,0.0,2
H/USDT,23,"(0.0012, 0.00201]",-0.13991632327917125,0.0,1
TAO/USDT,0,"(0.00201, 0.0338]",-0.14183004512159425,0.0,1
HYPE/USDT,13,"(0.000792, 0.0012]",-0.14289482530959396,0.0,2
MOODENG/USDT,15,"(0.000463, 0.000792]",-0.14596916417439038,0.0,1
HYPE/USDT,14,"(0.000463, 0.000792]",-0.14667021435917238,0.0,1
MYX/USDT,0,"(0.0012, 0.00201]",-0.14855765487197503,0.0,2
H/USDT,17,"(0.0012, 0.00201]",-0.14943170186878107,0.0,2
BCH/USDT,12,"(0.0012, 0.00201]",-0.15090032663198563,0.3098155110627615,2
TRX/USDT,18,"(0.000792, 0.0012]",-0.15274596478718178,0.0,1
MOODENG/USDT,14,"(0.0012, 0.00201]",-0.15318331403515795,0.0,1
GRASS/USDT,0,"(0.000792, 0.0012]",-0.1536591373199718,0.0,1
LTC/USDT,2,"(0.00201, 0.0338]",-0.15563266271994702,0.0,1
GRASS/USDT,15,"(0.000792, 0.0012]",-0.15590540657597937,0.0,3
ADA/USDT,15,"(0.00201, 0.0338]",-0.15613058193065874,0.3697763992713377,3
TAO/USDT,13,"(0.0012, 0.00201]",-0.15861286552023252,0.0,3
LPT/USDT,15,"(0.000792, 0.0012]",-0.15953916851197927,0.0,1
HYPE/USDT,13,"(0.000463, 0.000792]",-0.1618162496156675,0.0,5
BCH/USDT,15,"(0.000463, 0.000792]",-0.16984879313598844,0.0,2
MOODENG/USDT,14,"(0.000792, 0.0012]",-0.17236443091677592,0.0,2
BGB/USDT,14,"(-0.001, 0.000463]",-0.1732971615706654,0.0,3
MYX/USDT,14,"(0.0012, 0.00201]",-0.17376809128798607,0.0,1
RECALL/USDT,0,"(0.00201, 0.0338]",-0.17393591920953,0.7969062971706108,2
0G/USDT,15,"(0.000792, 0.0012]",-0.17558720889998541,0.0,2
SONIC/USDT,17,"(0.000792, 0.0012]",-0.1770636271139744,0.0,2
TAO/USDT,13,"(0.000792, 0.0012]",-0.17809943578118215,0.0,4
MORPHO/USDT,16,"(-0.001, 0.000463]",-0.17851899471999091,0.0,1
BGB/USDT,15,"(0.000792, 0.0012]",-0.1786142560106531,0.0,3
XRP/USDT,17,"(0.000792, 0.0012]",-0.17904779659198886,0.0,1
TAO/USDT,21,"(0.0012, 0.00201]",-0.1794189347961,0.0,7
HYPE/USDT,13,"(-0.001, 0.000463]",-0.18036809445598856,0.0,1
SOL/USDT,15,"(0.000463, 0.000792]",-0.18357449244959365,0.0,5
UNI/USDT,15,"(0.000792, 0.0012]",-0.1837199711999806,0.0,1
MOODENG/USDT,16,"(0.000792, 0.0012]",-0.1853578714240084,0.0,1
MOODENG/USDT,16,"(0.000463, 0.000792]",-0.1864213296167678,0.0,1
HOME/USDT,21,"(0.0012, 0.00201]",-0.18753019677334648,0.3385735635795538,5
TRX/USDT,20,"(0.000463, 0.000792]",-0.18784023090000648,0.0,1
LA/USDT,13,"(0.00201, 0.0338]",-0.18915117062398762,0.0,1
RIVER/USDT,21,"(0.00201, 0.0338]",-0.18928455102450154,0.7182401432058387,15
BCH/USDT,14,"(-0.001, 0.000463]",-0.19042849613599713,0.0,1
ADA/USDT,15,"(0.000792, 0.0012]",-0.19107494072399286,0.0,6
MORPHO/USDT,15,"(0.000463, 0.000792]",-0.19120859870398504,0.0,1
SONIC/USDT,9,"(0.000792, 0.0012]",-0.19213520607596823,0.0,1
ADA/USDT,10,"(0.000792, 0.0012]",-0.1942325321758171,0.0,1
XRP/USDT,13,"(0.000792, 0.0012]",-0.19452598060801363,0.0,1
LTC/USDT,15,"(0.0012, 0.00201]",-0.1946383241333217,0.0,3
WLD/USDT,14,"(0.000792, 0.0012]",-0.1979103818079877,0.0,4
ALCH/USDT,17,"(0.000792, 0.0012]",-0.1991353079807712,0.0,3
HYPE/USDT,14,"(0.000792, 0.0012]",-0.19919603772358602,0.0,2
UNI/USDT,17,"(0.000463, 0.000792]",-0.19930780799999037,0.0,3
XRP/USDT,15,"(0.000792, 0.0012]",-0.19956979194558505,0.0,5
AVAX/USDT,17,"(0.000792, 0.0012]",-0.20121919999998178,0.0,1
BGB/USDT,18,"(0.000792, 0.0012]",-0.20140633420001036,0.0,2
DOGE/USDT,15,"(0.000463, 0.000792]",-0.20244037029643688,0.0,9
SOL/USDT,17,"(-0.001, 0.000463]",-0.2026023962559806,0.0,1
BGB/USDT,14,"(0.000463, 0.000792]",-0.20421493288799583,0.0,4
ALCH/USDT,17,"(0.000463, 0.000792]",-0.2050882623167517,0.0,1
XLM/USDT,15,"(0.00201, 0.0338]",-0.2052688200000043,0.0,1
HOME/USDT,20,"(0.0012, 0.00201]",-0.20568329717357578,0.0,1
XAUT/USDT,16,"(-0.001, 0.000463]",-0.20594799999999575,0.0,2
BCH/USDT,14,"(0.000463, 0.000792]",-0.20637899999998965,0.0,2
GRASS/USDT,12,"(0.0012, 0.00201]",-0.20656381479998687,0.0,1
H/USDT,22,"(0.0012, 0.00201]",-0.20873954771277914,0.0,2
PENGU/USDT,15,"(0.000463, 0.000792]",-0.20938705637048005,0.0,4
PENGU/USDT,18,"(0.000463, 0.000792]",-0.21208285945546368,0.0,6
HYPE/USDT,14,"(-0.001, 0.000463]",-0.21308986501438132,0.0,1
PI/USDT,2,"(0.00201, 0.0338]",-0.2137257150602335,0.7454675204403637,15
H/USDT,15,"(0.00201, 0.0338]",-0.21391252268399055,0.24655844198767832,12
BCH/USDT,18,"(0.000792, 0.0012]",-0.21531840422398374,0.0,1
GRASS/USDT,15,"(-0.001, 0.000463]",-0.21546210424798146,0.0,2
ZEC/USDT,17,"(0.000463, 0.000792]",-0.21608029554958455,0.0,1
HOME/USDT,10,"(0.0012, 0.00201]",-0.21721493106557743,0.0,2
MOODENG/USDT,16,"(0.00201, 0.0338]",-0.21748918974623385,0.3528723722250029,6
ADA/USDT,15,"(-0.001, 0.000463]",-0.21785398723196364,0.0,1
FF/USDT,14,"(-0.001, 0.000463]",-0.21828510622560998,0.0,1
WLD/USDT,15,"(0.00201, 0.0338]",-0.21841660274130317,0.22104484588243245,5
LTC/USDT,15,"(0.000792, 0.0012]",-0.21856174057998976,0.0,4
BCH/USDT,14,"(0.000792, 0.0012]",-0.21895770275998802,0.0,1
ADA/USDT,15,"(0.000463, 0.000792]",-0.21940092838132277,0.0,6
PI/USDT,22,"(0.0012, 0.00201]",-0.2211189466159768,0.0,4
0G/USDT,2,"(0.0012, 0.00201]",-0.22119683488394593,0.0,6
LTC/USDT,15,"(-0.001, 0.000463]",-0.2232109984799974,0.0,3
KITE/USDT,14,"(0.00201, 0.0338]",-0.2252406473368456,0.3242068019810661,13
PENGU/USDT,0,"(0.000792, 0.0012]",-0.2258583155848594,0.0,1
MORPHO/USDT,17,"(0.000463, 0.000792]",-0.22678380647999644,0.0,1
XRP/USDT,16,"(-0.001, 0.000463]",-0.22862710852000878,0.0,1
ZRO/USDT,17,"(0.000792, 0.0012]",-0.2292777338879769,0.0,1
ADA/USDT,15,"(0.0012, 0.00201]",-0.23105229717827838,0.0,7
SUI/USDT,14,"(-0.001, 0.000463]",-0.2335526474607867,0.0,2
ASTER/USDT,20,"(0.00201, 0.0338]",-0.2346832351934067,0.0,1
BCH/USDT,18,"(0.000463, 0.000792]",-0.23505323670399492,0.0,1
HYPE/USDT,19,"(0.0012, 0.00201]",-0.23619128212143572,0.0,5
ADA/USDT,14,"(0.000463, 0.000792]",-0.23621069529598374,0.0,4
WLD/USDT,13,"(0.000792, 0.0012]",-0.23739962409197563,0.0,2
MOODENG/USDT,14,"(0.00201, 0.0338]",-0.237647704045738,0.0812877900031551,5
PEPE/USDT,22,"(0.000463, 0.000792]",-0.23781595902765357,0.0,1
TRX/USDT,15,"(-0.001, 0.000463]",-0.23801541093147646,0.0,11
DOGE/USDT,16,"(0.000463, 0.000792]",-0.23931176632678167,0.0,4
0G/USDT,0,"(0.0012, 0.00201]",-0.23931686891202744,0.0,2
GRASS/USDT,15,"(0.00201, 0.0338]",-0.2402097162044345,0.0,9
LINK/USDT,17,"(0.000463, 0.000792]",-0.24023235279995697,0.0,1
HYPE/USDT,18,"(0.000463, 0.000792]",-0.24038813053864713,0.0,3
HYPE/USDT,21,"(0.000463, 0.000792]",-0.24100116930424773,0.0,3
ZRO/USDT,17,"(0.0012, 0.00201]",-0.2415877357013364,0.0,3
XLM/USDT,15,"(0.000792, 0.0012]",-0.24268695521884637,0.0,7
BGB/USDT,19,"(0.0012, 0.00201]",-0.24300492891996273,0.0,2
GRASS/USDT,18,"(0.00201, 0.0338]",-0.24372891765758814,0.2808611703356715,5
BGB/USDT,15,"(0.000463, 0.000792]",-0.24409605781199495,0.0,4
PENGU/USDT,15,"(-0.001, 0.000463]",-0.2446659736910351,0.0,1
WLD/USDT,13,"(-0.001, 0.000463]",-0.24502449124001652,0.0,1
0G/USDT,14,"(-0.001, 0.000463]",-0.2455774999999989,0.0,4
ZEC/USDT,15,"(0.0012, 0.00201]",-0.24604212665471006,0.0,5
SUI/USDT,14,"(0.000463, 0.000792]",-0.2460962150609609,0.0,5
TRX/USDT,16,"(0.000463, 0.000792]",-0.24621386859005678,0.0,5
MOODENG/USDT,14,"(0.000463, 0.000792]",-0.24661164373557667,0.0,2
PI/USDT,21,"(0.0012, 0.00201]",-0.24731162623995384,0.0,1
LPT/USDT,18,"(0.0012, 0.00201]",-0.24775061037329774,0.0,3
PENGU/USDT,18,"(-0.001, 0.000463]",-0.24791882387764186,0.0,2
XLM/USDT,2,"(0.0012, 0.00201]",-0.24840438343679241,0.0,2
ETH/USDT,16,"(0.0012, 0.00201]",-0.24843798377598092,0.0,2
MON/USDT,2,"(0.0012, 0.00201]",-0.24919365619236555,0.0,2
LINK/USDT,17,"(0.0012, 0.00201]",-0.24955537903997996,0.0,2
GRASS/USDT,18,"(0.0012, 0.00201]",-0.2496836080536912,0.0,7
0G/USDT,13,"(-0.001, 0.000463]",-0.25090496469064943,0.0,3
SUI/USDT,16,"(0.000463, 0.000792]",-0.2523102619892633,0.0,5
SONIC/USDT,1,"(0.000463, 0.000792]",-0.2528436665879274,0.0,1
DOGE/USDT,14,"(0.000792, 0.0012]",-0.2536386746378517,0.0,6
ALCH/USDT,16,"(0.00201, 0.0338]",-0.25383340850115366,0.0,2
MORPHO/USDT,21,"(0.000463, 0.000792]",-0.25413992710397093,0.0,1
USDC/USDT,19,"(-0.001, 0.000463]",-0.2543921568155783,0.0,2
SOL/USDT,15,"(0.00201, 0.0338]",-0.2544256087359936,0.0,1
WLD/USDT,7,"(0.000792, 0.0012]",-0.2545087311359385,0.0,1
ADA/USDT,14,"(0.000792, 0.0012]",-0.25676059626486863,0.0,9
HYPE/USDT,18,"(0.000792, 0.0012]",-0.2569718722161477,0.0,5
MOODENG/USDT,14,"(-0.001, 0.000463]",-0.2571967516503844,0.0,6
MON/USDT,2,"(0.000792, 0.0012]",-0.2579958064079906,0.0,1
XLM/USDT,18,"(0.000463, 0.000792]",-0.25842878150919313,0.0,2
ADA/USDT,19,"(0.000792, 0.0012]",-0.2602868330959771,0.0,3
WLD/USDT,18,"(0.00201, 0.0338]",-0.2607630724399802,0.11047176225240961,2
GRASS/USDT,16,"(0.000792, 0.0012]",-0.26117133944531207,0.0,3
XRP/USDT,15,"(-0.001, 0.000463]",-0.26349649306397555,0.0,3
XLM/USDT,15,"(0.0012, 0.00201]",-0.26508138790735475,0.0,5
PENGU/USDT,14,"(0.000792, 0.0012]",-0.2656713129585529,0.0,8
TAO/USDT,14,"(0.0012, 0.00201]",-0.26718013367719107,0.0,4
ADA/USDT,16,"(-0.001, 0.000463]",-0.26723999999999054,0.0,1
DOGE/USDT,16,"(0.000792, 0.0012]",-0.2674849345141217,0.0,3
XLM/USDT,14,"(-0.001, 0.000463]",-0.26762916585878027,0.0,4
ADA/USDT,16,"(0.000792, 0.0012]",-0.2688208499639869,0.0,4
XRP/USDT,14,"(-0.001, 0.000463]",-0.2701989949119852,0.0,2
LTC/USDT,15,"(0.000463, 0.000792]",-0.27131303886397984,0.0,5
PENGU/USDT,16,"(-0.001, 0.000463]",-0.2721505627142282,0.0,1
H/USDT,18,"(0.00201, 0.0338]",-0.2723828335447692,0.2115363537622638,8
MYX/USDT,13,"(0.0012, 0.00201]",-0.27250834995732853,0.0,3
SONIC/USDT,18,"(0.00201, 0.0338]",-0.2726859076243802,0.5693729828401884,2
WLD/USDT,19,"(0.000792, 0.0012]",-0.27455172416000395,0.0,1
0G/USDT,14,"(0.000463, 0.000792]",-0.2748025889640021,0.0,2
XLM/USDT,15,"(0.000463, 0.000792]",-0.27532430508207956,0.0,8
SOL/USDT,14,"(0.000792, 0.0012]",-0.2765705938079776,0.0,2
LA/USDT,19,"(0.00201, 0.0338]",-0.27665639999999553,0.0,1
MORPHO/USDT,15,"(0.0012, 0.00201]",-0.2770405036205558,0.0,7
WLD/USDT,22,"(-0.001, 0.000463]",-0.27721835807999073,0.0,1
LPT/USDT,16,"(0.000792, 0.0012]",-0.27730325958398017,0.0,2
PENGU/USDT,18,"(0.000792, 0.0012]",-0.27764801490924956,0.0,6
SUI/USDT,15,"(0.000463, 0.000792]",-0.27787666248745074,0.0,3
ZEC/USDT,21,"(0.000792, 0.0012]",-0.27793186526183183,0.0,6
ALCH/USDT,18,"(0.000792, 0.0012]",-0.27795438140155165,0.0,2
LINK/USDT,14,"(0.000463, 0.000792]",-0.27867599135997034,0.0,1
ASTER/USDT,13,"(0.000463, 0.000792]",-0.2789130590543876,0.0,5
LTC/USDT,14,"(0.000463, 0.000792]",-0.2790319999999904,0.0,1
ETH/USDT,14,"(0.0012, 0.00201]",-0.2794655907839822,0.0,1
ASTER/USDT,21,"(0.0012, 0.00201]",-0.28050635234398885,0.0,2
XLM/USDT,14,"(0.000463, 0.000792]",-0.28252573075118786,0.0,5
ZEC/USDT,16,"(-0.001, 0.000463]",-0.28269092160317877,0.0,1
SOL/USDT,15,"(0.0012, 0.00201]",-0.283175143137325,0.0,6
GRASS/USDT,16,"(-0.001, 0.000463]",-0.2832983999999794,0.0,1
DOGE/USDT,14,"(0.000463, 0.000792]",-0.28414552676011146,0.0,6
ETH/USDT,21,"(0.0012, 0.00201]",-0.28482025773594616,0.0,2
BGB/USDT,18,"(0.000463, 0.000792]",-0.28502055832456225,0.0,7
MON/USDT,16,"(-0.001, 0.000463]",-0.28522268775278153,0.0,3
BGB/USDT,15,"(-0.001, 0.000463]",-0.2853832603799905,0.0,10
ASTER/USDT,14,"(-0.001, 0.000463]",-0.2877532986559954,0.0,4
STO/USDT,4,"(0.000792, 0.0012]",-0.288248396705655,0.0,1
PEPE/USDT,18,"(-0.001, 0.000463]",-0.2905732348519608,0.0,1
PENGU/USDT,18,"(0.0012, 0.00201]",-0.29145057794460505,0.0,4
PEPE/USDT,19,"(0.000463, 0.000792]",-0.29185084485044976,0.0,4
BERA/USDT,14,"(0.000792, 0.0012]",-0.292262222575985,0.0,3
MOODENG/USDT,18,"(0.0012, 0.00201]",-0.2924667466834492,0.0,3
BGB/USDT,12,"(0.000792, 0.0012]",-0.2925521976639564,0.0,2
ZRO/USDT,5,"(0.000792, 0.0012]",-0.29273937347195894,0.0,3
ASTER/USDT,18,"(-0.001, 0.000463]",-0.2928996761279637,0.0,2
BGB/USDT,19,"(0.00201, 0.0338]",-0.2929439999999873,0.0,1
TAO/USDT,17,"(0.0012, 0.00201]",-0.29316601516533164,0.0,3
UNI/USDT,15,"(0.000463, 0.000792]",-0.2943939879999862,0.0,2
WLD/USDT,13,"(0.000463, 0.000792]",-0.29493865820198195,0.0,4
HYPE/USDT,15,"(0.0012, 0.00201]",-0.2953036843007934,0.0,1
LPT/USDT,15,"(0.0012, 0.00201]",-0.2953368895729516,0.0,8
BGB/USDT,14,"(0.000792, 0.0012]",-0.2954166231839872,0.0,1
PEPE/USDT,19,"(-0.001, 0.000463]",-0.2968810856688209,0.0,2
LINK/USDT,14,"(0.000792, 0.0012]",-0.2976119956799871,0.0,2
XRP/USDT,14,"(0.000463, 0.000792]",-0.2976797333332981,0.0,3
AVAX/USDT,22,"(0.00201, 0.0338]",-0.29845119652794216,0.0,1
PEPE/USDT,18,"(0.000463, 0.000792]",-0.29877407388603017,0.0,7
PEPE/USDT,14,"(0.000792, 0.0012]",-0.3005304807578931,0.0,5
MON/USDT,16,"(0.0012, 0.00201]",-0.3006185751964017,0.0,2
ASTER/USDT,22,"(0.000792, 0.0012]",-0.30108854451202754,0.0,1
SOL/USDT,14,"(0.000463, 0.000792]",-0.3015201354399883,0.0,7
TAO/USDT,13,"(0.00201, 0.0338]",-0.30200539002479443,0.0,4
ASTER/USDT,13,"(-0.001, 0.000463]",-0.3024497048720135,0.0,2
LPT/USDT,18,"(-0.001, 0.000463]",-0.30252309226795127,0.0,4
WLD/USDT,14,"(0.000463, 0.000792]",-0.3027448474707489,0.0,13
BNB/USDT,17,"(0.000463, 0.000792]",-0.3045273927919789,0.0,3
DOGE/USDT,15,"(-0.001, 0.000463]",-0.3058053537831877,0.0,4
LPT/USDT,16,"(-0.001, 0.000463]",-0.3063086834013082,0.0,6
WLD/USDT,0,"(0.000463, 0.000792]",-0.30713192726401645,0.0,1
PEPE/USDT,19,"(0.000792, 0.0012]",-0.30781462791173614,0.0,5
GRASS/USDT,1,"(0.000792, 0.0012]",-0.30812750573192793,0.0,2
ADA/USDT,16,"(0.000463, 0.000792]",-0.30816056859085306,0.0,7
HYPE/USDT,20,"(0.000792, 0.0012]",-0.309646102942855,0.0,5
XLM/USDT,14,"(0.0012, 0.00201]",-0.31045378163838055,0.0,4
HOME/USDT,9,"(0.000792, 0.0012]",-0.3105514393743576,0.0,1
ZRO/USDT,6,"(0.000792, 0.0012]",-0.31064344015192497,0.0,1
PEPE/USDT,15,"(0.000792, 0.0012]",-0.3109239654157855,0.0,10
PEPE/USDT,17,"(0.000463, 0.000792]",-0.31101662406005354,0.0,12
XLM/USDT,16,"(0.000792, 0.0012]",-0.31124253627435655,0.0,6
UNI/USDT,14,"(0.000463, 0.000792]",-0.3124200000000066,0.0,1
XLM/USDT,17,"(0.000463, 0.000792]",-0.31303840840839314,0.0,2
XLM/USDT,16,"(0.000463, 0.000792]",-0.31371510380424567,0.0,6
LINK/USDT,15,"(0.0012, 0.00201]",-0.31397300407996764,0.0,1
DOGE/USDT,23,"(0.000792, 0.0012]",-0.3141108606944011,0.0,1
DOGE/USDT,15,"(0.000792, 0.0012]",-0.31423623406703594,0.0,5
GRASS/USDT,16,"(0.000463, 0.000792]",-0.3155841115439901,0.0,1
XLM/USDT,17,"(-0.001, 0.000463]",-0.3163427519685213,0.0,3
BNB/USDT,14,"(0.000463, 0.000792]",-0.3168447043179727,0.0,4
ZRO/USDT,9,"(0.0012, 0.00201]",-0.3172305547059171,0.06035870955237673,4
BCH/USDT,19,"(-0.001, 0.000463]",-0.3178010932511928,0.0,5
MORPHO/USDT,17,"(0.000792, 0.0012]",-0.3181978358093131,0.0,6
LINK/USDT,18,"(0.0012, 0.00201]",-0.3183253821599979,0.0,4
TAO/USDT,20,"(0.00201, 0.0338]",-0.31837830536642914,0.1502533620179845,13
MON/USDT,20,"(0.0012, 0.00201]",-0.31854862252074034,0.059517777633642244,2
SOL/USDT,15,"(0.000792, 0.0012]",-0.3187109969615845,0.0,10
SONIC/USDT,15,"(0.000463, 0.000792]",-0.319083636772783,0.0,1
LTC/USDT,14,"(0.000792, 0.0012]",-0.3191159087999688,0.0,1
PI/USDT,4,"(0.0012, 0.00201]",-0.3191790477758929,0.0,1
SUI/USDT,16,"(0.000792, 0.0012]",-0.31932218643145066,0.0,3
BNB/USDT,17,"(-0.001, 0.000463]",-0.3197358153994856,0.0,16
GRASS/USDT,14,"(0.00201, 0.0338]",-0.3210822512239895,0.0,5
TAO/USDT,22,"(0.00201, 0.0338]",-0.32121544296396676,0.28829638914653277,16
XLM/USDT,18,"(0.000792, 0.0012]",-0.32126351582398244,0.0,1
AVAX/USDT,18,"(-0.001, 0.000463]",-0.32130291166877406,0.0,5
ETH/USDT,18,"(0.0012, 0.00201]",-0.32150080153600513,0.0,1
TAO/USDT,15,"(0.00201, 0.0338]",-0.3217728120229973,0.10508990488926499,24
0G/USDT,17,"(-0.001, 0.000463]",-0.3218754110879908,0.0,1
FF/USDT,13,"(0.0012, 0.00201]",-0.32201919112799327,0.0,1
RECALL/USDT,5,"(0.000792, 0.0012]",-0.3223921257022828,0.0,1
WLD/USDT,15,"(0.000463, 0.000792]",-0.322629014114263,0.0,7
ASTER/USDT,15,"(-0.001, 0.000463]",-0.32313600979200424,0.0,1
MORPHO/USDT,16,"(0.000792, 0.0012]",-0.3243080581087686,0.0,5
MON/USDT,16,"(0.000792, 0.0012]",-0.32443797988796164,0.0,1
MYX/USDT,20,"(0.00201, 0.0338]",-0.3247469626855743,0.05956234763219695,10
PEPE/USDT,20,"(0.000792, 0.0012]",-0.32502683878573163,0.0,6
BERA/USDT,14,"(0.00201, 0.0338]",-0.32568615492707986,0.44109759142803523,10
BERA/USDT,0,"(0.000463, 0.000792]",-0.3257270787555848,0.0,2
BCH/USDT,18,"(-0.001, 0.000463]",-0.32737360673597193,0.0,1
SOL/USDT,22,"(0.000792, 0.0012]",-0.32742908606399523,0.0,2
ASTER/USDT,21,"(0.000463, 0.000792]",-0.3275944757789808,0.0,8
XRP/USDT,14,"(0.000792, 0.0012]",-0.32792244038130075,0.0,3
H/USDT,3,"(0.00201, 0.0338]",-0.32843261674515706,0.73488907695632,6
PENGU/USDT,16,"(0.000792, 0.0012]",-0.328735672913907,0.0,10
ZEC/USDT,2,"(0.000463, 0.000792]",-0.32927920571837116,0.0,3
ADA/USDT,20,"(0.000463, 0.000792]",-0.32940468406855533,0.0,7
PEPE/USDT,18,"(0.000792, 0.0012]",-0.3294904187148519,0.0,7
HYPE/USDT,18,"(0.0012, 0.00201]",-0.329924550486614,0.0,7
ETH/USDT,16,"(-0.001, 0.000463]",-0.3317879417386453,0.0,3
XRP/USDT,13,"(0.000463, 0.000792]",-0.33282015384798136,0.0,3
AVAX/USDT,16,"(0.000463, 0.000792]",-0.3328614895919626,0.0,2
BNB/USDT,14,"(-0.001, 0.000463]",-0.33304823272098805,0.0,8
LPT/USDT,17,"(0.000792, 0.0012]",-0.3333329581239687,0.0,2
ASTER/USDT,16,"(0.000792, 0.0012]",-0.3335918120015717,0.0,5
BCH/USDT,14,"(0.00201, 0.0338]",-0.3337737303599908,0.0,1
APR/USDT,20,"(-0.001, 0.000463]",-0.33459578885920477,0.0,1
MON/USDT,19,"(0.00201, 0.0338]",-0.33493705394678785,0.0,2
AVAX/USDT,2,"(0.000463, 0.000792]",-0.33503628048000256,0.0,1
LTC/USDT,16,"(0.000463, 0.000792]",-0.3350991929371287,0.0,7
GRASS/USDT,1,"(0.0012, 0.00201]",-0.33560811705601196,0.0,2
ASTER/USDT,14,"(0.000463, 0.000792]",-0.3363004768906713,0.0,3
MOODENG/USDT,15,"(-0.001, 0.000463]",-0.3363672196050919,0.0,8
LTC/USDT,16,"(-0.001, 0.000463]",-0.3379306993999863,0.0,4
BNB/USDT,15,"(0.000463, 0.000792]",-0.33822648112532255,0.0,6
GRASS/USDT,20,"(-0.001, 0.000463]",-0.33824771462397907,0.0,1
ETH/USDT,14,"(0.000463, 0.000792]",-0.3386200053759972,0.0,2
HYPE/USDT,14,"(0.00201, 0.0338]",-0.3392220578225408,0.0,5
LPT/USDT,14,"(0.000792, 0.0012]",-0.3396618520159963,0.0,4
LPT/USDT,17,"(-0.001, 0.000463]",-0.3400409274219713,0.0,4
MORPHO/USDT,0,"(0.000792, 0.0012]",-0.34070864827996516,0.0,1
HYPE/USDT,20,"(0.00201, 0.0338]",-0.340828220608587,0.0,4
SOL/USDT,22,"(0.000463, 0.000792]",-0.341259191314639,0.0,3
XLM/USDT,19,"(0.000463, 0.000792]",-0.34208308176719504,0.0,5
HYPE/USDT,13,"(0.00201, 0.0338]",-0.34261539329519175,0.0,2
PENGU/USDT,16,"(0.00201, 0.0338]",-0.3430456744214438,0.0,2
TAO/USDT,16,"(0.0012, 0.00201]",-0.3442236068586337,0.0,3
MOODENG/USDT,13,"(0.0012, 0.00201]",-0.34436895262907635,0.0,3
ZRO/USDT,1,"(0.00201, 0.0338]",-0.3449051451666553,0.006017857140986555,6
SUI/USDT,15,"(0.000792, 0.0012]",-0.34491305188719584,0.0,2
XRP/USDT,15,"(0.0012, 0.00201]",-0.3449602139919725,0.0,2
UNI/USDT,16,"(0.000463, 0.000792]",-0.3470517008079813,0.0,10
XLM/USDT,14,"(0.00201, 0.0338]",-0.34712218891198404,0.0,2
WLD/USDT,15,"(-0.001, 0.000463]",-0.34745100715197724,0.0,3
UNI/USDT,17,"(-0.001, 0.000463]",-0.34914004344000005,0.0,1
GRASS/USDT,20,"(0.000792, 0.0012]",-0.35056202380800133,0.0,1
UNI/USDT,0,"(0.000463, 0.000792]",-0.3510856820266404,0.0,3
PENGU/USDT,15,"(0.000792, 0.0012]",-0.3512938035504806,0.0,3
SONIC/USDT,20,"(0.000463, 0.000792]",-0.3513427189119651,0.0,1
ALCH/USDT,18,"(-0.001, 0.000463]",-0.35135378325917577,0.0,6
MORPHO/USDT,17,"(0.0012, 0.00201]",-0.3516163866699805,0.0,4
DOGE/USDT,20,"(0.000792, 0.0012]",-0.3519449643711838,0.0,3
DOGE/USDT,20,"(-0.001, 0.000463]",-0.35257806013400295,0.0,2
MON/USDT,19,"(0.000792, 0.0012]",-0.35323726463519745,0.0,1
HOME/USDT,2,"(0.000792, 0.0012]",-0.3534306012480099,0.0,1
ASTER/USDT,15,"(0.000792, 0.0012]",-0.35469736417996667,0.0,4
ETH/USDT,16,"(0.000463, 0.000792]",-0.3548843865727938,0.0,5
PENGU/USDT,1,"(0.000463, 0.000792]",-0.3553267576622494,0.0,1
LINK/USDT,18,"(0.000463, 0.000792]",-0.3553527654199594,0.0,4
DOGE/USDT,15,"(0.00201, 0.0338]",-0.35553997516797814,0.0,1
ASTER/USDT,19,"(0.00201, 0.0338]",-0.35589784515596046,0.0,2
XRP/USDT,15,"(0.000463, 0.000792]",-0.35610437201731054,0.0,6
BNB/USDT,15,"(0.000792, 0.0012]",-0.35721601382400797,0.0,1
HBAR/USDT,19,"(0.00201, 0.0338]",-0.35758236332635196,0.0,1
AVAX/USDT,17,"(0.0012, 0.00201]",-0.3579744376319839,0.0,1
HBAR/USDT,19,"(0.000792, 0.0012]",-0.35879441287679625,0.0,1
XLM/USDT,18,"(-0.001, 0.000463]",-0.35890224606917687,0.0,2
PI/USDT,23,"(0.0012, 0.00201]",-0.3590323959663378,0.0,5
BNB/USDT,17,"(0.000792, 0.0012]",-0.35924106697600094,0.0,3
0G/USDT,17,"(0.000792, 0.0012]",-0.3596117302293112,0.0,3
SUI/USDT,19,"(0.000792, 0.0012]",-0.36011023545667076,0.0,7
HYPE/USDT,14,"(0.0012, 0.00201]",-0.36066658245579286,0.0,4
SONIC/USDT,14,"(0.000463, 0.000792]",-0.36068459857835006,0.0,1
GRASS/USDT,19,"(0.000463, 0.000792]",-0.3608405652052982,0.0,3
0G/USDT,16,"(0.000463, 0.000792]",-0.3608552921279744,0.0,2
XRP/USDT,18,"(0.000463, 0.000792]",-0.36095425122396674,0.0,6
XLM/USDT,13,"(-0.001, 0.000463]",-0.3616917623000101,0.0,1
TRX/USDT,16,"(-0.001, 0.000463]",-0.36182607733434,0.0,17
WLD/USDT,21,"(0.0012, 0.00201]",-0.3620634584533072,0.0,3
BCH/USDT,19,"(0.000463, 0.000792]",-0.3621078650106418,0.0,6
SOL/USDT,17,"(0.000463, 0.000792]",-0.3622692608626514,0.0,6
0G/USDT,1,"(0.00201, 0.0338]",-0.36384856996793413,0.2637643750368389,2
LA/USDT,0,"(-0.001, 0.000463]",-0.3639539802959897,0.0,1
HYPE/USDT,18,"(0.00201, 0.0338]",-0.36420671896368423,0.0,5
XRP/USDT,16,"(0.000463, 0.000792]",-0.3645109978979774,0.0,8
ZEC/USDT,16,"(0.000463, 0.000792]",-0.36468511873274123,0.0,1
WLD/USDT,19,"(0.00201, 0.0338]",-0.36482289823397906,0.0,4
PEPE/USDT,16,"(0.000792, 0.0012]",-0.36504638205946816,0.0,9
MON/USDT,17,"(-0.001, 0.000463]",-0.3655453398592005,0.0,3
ZEC/USDT,21,"(0.0012, 0.00201]",-0.36667653473544304,0.0,6
TAO/USDT,22,"(0.0012, 0.00201]",-0.36713900465242155,0.0,5
XRP/USDT,20,"(0.000792, 0.0012]",-0.36736260822933664,0.0,3
FF/USDT,17,"(0.000463, 0.000792]",-0.36743054132394837,0.0,1
MORPHO/USDT,16,"(0.0012, 0.00201]",-0.36790379332199263,0.0,4
AAVE/USDT,18,"(0.000463, 0.000792]",-0.36873015047999147,0.0,2
PEPE/USDT,17,"(-0.001, 0.000463]",-0.3695344407223858,0.0,1
SONIC/USDT,16,"(0.000463, 0.000792]",-0.3701375253064002,0.0,2
BCH/USDT,19,"(0.0012, 0.00201]",-0.3701626508560013,0.0,2
TAO/USDT,14,"(0.00201, 0.0338]",-0.37017423082399625,0.08043384577127821,8
AVAX/USDT,16,"(-0.001, 0.000463]",-0.3704082591839674,0.0,1
ZEC/USDT,19,"(0.000792, 0.0012]",-0.37047202877530255,0.0,6
MORPHO/USDT,7,"(0.000792, 0.0012]",-0.37075274171976247,0.0,1
MORPHO/USDT,16,"(0.00201, 0.0338]",-0.3709085023879901,0.0,4
XRP/USDT,18,"(0.000792, 0.0012]",-0.3716264625599757,0.0,3
UNI/USDT,16,"(-0.001, 0.000463]",-0.37205552095997757,0.0,3
0G/USDT,15,"(0.000463, 0.000792]",-0.37215965279995916,0.0,1
ZEC/USDT,17,"(0.000792, 0.0012]",-0.3725351942044649,0.0,5
PENGU/USDT,14,"(0.000463, 0.000792]",-0.37304524224048063,0.0,8
LINK/USDT,16,"(0.0012, 0.00201]",-0.3731583570933397,0.0,3
LINK/USDT,16,"(0.000792, 0.0012]",-0.37372179438998004,0.0,8
SOL/USDT,18,"(0.00201, 0.0338]",-0.37429763394807514,0.0,1
MOODENG/USDT,18,"(0.00201, 0.0338]",-0.3747709369415641,0.2553726022040285,5
AVAX/USDT,21,"(0.000463, 0.000792]",-0.37534949172795884,0.0,1
ZEC/USDT,15,"(0.000792, 0.0012]",-0.3758195648501226,0.0,6
PEPE/USDT,15,"(0.0012, 0.00201]",-0.37627996143961323,0.0,6
DOGE/USDT,19,"(0.000792, 0.0012]",-0.37655617165332744,0.0,3
LINK/USDT,16,"(0.000463, 0.000792]",-0.3769567169999747,0.0,8
MORPHO/USDT,2,"(0.000792, 0.0012]",-0.3769857435839807,0.0,3
B2/USDT,6,"(0.000463, 0.000792]",-0.3770689270400185,0.0,1
ZRO/USDT,11,"(0.000792, 0.0012]",-0.3772014270960381,0.0,2
UNI/USDT,16,"(0.0012, 0.00201]",-0.37722326955998364,0.0,4
ETH/USDT,18,"(0.000792, 0.0012]",-0.3775184651519822,0.0,7
0G/USDT,15,"(0.0012, 0.00201]",-0.37894179999996647,0.0,1
HYPE/USDT,13,"(0.0012, 0.00201]",-0.379271792899984,0.0,1
SOL/USDT,16,"(-0.001, 0.000463]",-0.3802199948159597,0.0,1
ASTER/USDT,16,"(-0.001, 0.000463]",-0.38060770359332174,0.0,6
HBAR/USDT,15,"(0.0012, 0.00201]",-0.38082299501557304,0.0,2
UNI/USDT,18,"(0.0012, 0.00201]",-0.38099878570663637,0.0,3
LTC/USDT,18,"(0.000463, 0.000792]",-0.38104282302223386,0.0,9
ZRO/USDT,5,"(0.000463, 0.000792]",-0.381972586560033,0.0,1
HBAR/USDT,15,"(-0.001, 0.000463]",-0.3824552700000014,0.0,2
ZEC/USDT,1,"(0.000792, 0.0012]",-0.382907453042381,0.0,6
SUI/USDT,20,"(0.000792, 0.0012]",-0.3832702724543866,0.0,1
H/USDT,16,"(0.000792, 0.0012]",-0.3845775023440183,0.0,1
LINK/USDT,21,"(0.0012, 0.00201]",-0.38500917520001376,0.0,1
TAO/USDT,16,"(0.00201, 0.0338]",-0.3852538127544169,0.006183858522502965,17
PEPE/USDT,19,"(0.00201, 0.0338]",-0.38543677234668905,0.0,5
XRP/USDT,20,"(-0.001, 0.000463]",-0.38568304072957216,0.0,5
SUI/USDT,19,"(0.00201, 0.0338]",-0.38659416568986354,0.0,3
TRX/USDT,17,"(-0.001, 0.000463]",-0.38662282186535424,0.0,10
WLD/USDT,15,"(0.000792, 0.0012]",-0.3869309999999989,0.0,1
SONIC/USDT,14,"(-0.001, 0.000463]",-0.38728544000000964,0.0,1
SOL/USDT,14,"(0.00201, 0.0338]",-0.3873337999999519,0.0,1
GRASS/USDT,14,"(0.000463, 0.000792]",-0.3878472837119592,0.0,1
BGB/USDT,6,"(0.000792, 0.0012]",-0.3881005715599469,0.0,1
SUI/USDT,20,"(0.000463, 0.000792]",-0.38975963477978953,0.0,4
DOGE/USDT,20,"(0.000463, 0.000792]",-0.39059877976265706,0.0,8
BTC/USDT,21,"(-0.001, 0.000463]",-0.3906767957903657,0.0,2
BCH/USDT,14,"(0.0012, 0.00201]",-0.3911614664399865,0.0,3
DOGE/USDT,3,"(-0.001, 0.000463]",-0.39231782921516756,0.0,1
MOODENG/USDT,16,"(-0.001, 0.000463]",-0.39235306904941875,0.0,5
HYPE/USDT,20,"(0.0012, 0.00201]",-0.3925151859536673,0.0,9
H/USDT,16,"(0.00201, 0.0338]",-0.3930709951180265,0.15368232269338525,16
UNI/USDT,20,"(0.000792, 0.0012]",-0.39369515273999695,0.0,4
BNB/USDT,16,"(0.0012, 0.00201]",-0.39549202560002533,0.0,2
ALCH/USDT,16,"(-0.001, 0.000463]",-0.39558807999998147,0.0,1
DOGE/USDT,14,"(-0.001, 0.000463]",-0.3958186748238163,0.0,5
ASTER/USDT,15,"(0.000463, 0.000792]",-0.3961976961959697,0.0,2
XRP/USDT,20,"(0.000463, 0.000792]",-0.3962448040845654,0.0,7
PEPE/USDT,15,"(0.000463, 0.000792]",-0.396260038193612,0.0,2
PEPE/USDT,18,"(0.0012, 0.00201]",-0.3966559616504508,0.0,5
BTC/USDT,23,"(0.000463, 0.000792]",-0.3969326041599778,0.0,2
WLD/USDT,21,"(0.000463, 0.000792]",-0.3985305655029878,0.0,8
HYPE/USDT,19,"(0.000792, 0.0012]",-0.3986075531805013,0.0,6
TRX/USDT,20,"(-0.001, 0.000463]",-0.4004463802853437,0.0,7
LPT/USDT,14,"(-0.001, 0.000463]",-0.40108388287551877,0.0,9
GRASS/USDT,20,"(0.000463, 0.000792]",-0.4015371037013133,0.0,3
WLD/USDT,14,"(-0.001, 0.000463]",-0.4016983999999547,0.0,1
ASTER/USDT,13,"(0.000792, 0.0012]",-0.40202042908800073,0.0,1
LTC/USDT,18,"(-0.001, 0.000463]",-0.4020630858799982,0.0,6
ETH/USDT,19,"(-0.001, 0.000463]",-0.40236722332798786,0.0,4
PENGU/USDT,18,"(0.00201, 0.0338]",-0.4028256680593577,0.0,1
H/USDT,21,"(0.0012, 0.00201]",-0.4031863204728175,0.0,12
HBAR/USDT,14,"(-0.001, 0.000463]",-0.40320315053638456,0.0,10
WLD/USDT,18,"(0.000792, 0.0012]",-0.40324266939599585,0.0,2
PEPE/USDT,14,"(0.000463, 0.000792]",-0.4032875136705408,0.0,1
HYPE/USDT,21,"(0.000792, 0.0012]",-0.40365232005899376,0.0,9
LINK/USDT,15,"(0.000792, 0.0012]",-0.4040845477599686,0.0,5
HOME/USDT,21,"(0.000792, 0.0012]",-0.40444513885679306,0.0,2
LINK/USDT,18,"(-0.001, 0.000463]",-0.4047132852666313,0.0,6
SUI/USDT,16,"(0.0012, 0.00201]",-0.40477794448095217,0.0,5
UNI/USDT,18,"(-0.001, 0.000463]",-0.40482354157329875,0.0,3
BCH/USDT,3,"(0.0012, 0.00201]",-0.40586908875998073,0.0,4
0G/USDT,23,"(0.000463, 0.000792]",-0.40708556917329736,0.0,3
SONIC/USDT,15,"(-0.001, 0.000463]",-0.4071088333333375,0.0,3
ASTER/USDT,14,"(0.0012, 0.00201]",-0.4074990768919779,0.0,4
ADA/USDT,19,"(0.00201, 0.0338]",-0.40761023135988766,0.0,1
MYX/USDT,20,"(0.0012, 0.00201]",-0.4085633199999726,0.0,1
WLD/USDT,18,"(0.0012, 0.00201]",-0.4087289139479857,0.0,2
HBAR/USDT,16,"(0.000463, 0.000792]",-0.40894810447238283,0.0,10
HBAR/USDT,19,"(-0.001, 0.000463]",-0.40928889785958633,0.0,2
SUI/USDT,22,"(0.000463, 0.000792]",-0.4093846707089516,0.0,9
0G/USDT,23,"(-0.001, 0.000463]",-0.41020404735799454,0.0,4
BCH/USDT,1,"(0.000463, 0.000792]",-0.41189599459198395,0.0,2
0G/USDT,15,"(-0.001, 0.000463]",-0.412402445959973,0.0,4
BTC/USDT,1,"(0.000463, 0.000792]",-0.41257761592957176,0.0,2
0G/USDT,0,"(0.000463, 0.000792]",-0.41261258721756605,0.0,5
WLD/USDT,17,"(-0.001, 0.000463]",-0.412797097255968,0.0,2
PEPE/USDT,19,"(0.0012, 0.00201]",-0.41360167036474915,0.0,6
AAVE/USDT,21,"(0.000792, 0.0012]",-0.414940567719979,0.0,4
ETH/USDT,17,"(0.000463, 0.000792]",-0.415547442453327,0.0,3
MORPHO/USDT,11,"(0.000792, 0.0012]",-0.4155555247199879,0.0,1
SONIC/USDT,16,"(0.000792, 0.0012]",-0.41575756263400027,0.0,2
UNI/USDT,15,"(-0.001, 0.000463]",-0.4175094181599972,0.0,3
HYPE/USDT,22,"(0.000463, 0.000792]",-0.4178401597455743,0.0,6
ALCH/USDT,15,"(0.000792, 0.0012]",-0.4183593946314683,0.0,3
LTC/USDT,19,"(0.000463, 0.000792]",-0.41851466085711103,0.0,7
SONIC/USDT,16,"(0.0012, 0.00201]",-0.4206038200000006,0.0,1
TAO/USDT,22,"(0.000792, 0.0012]",-0.4219098921695613,0.0,1
PENGU/USDT,15,"(0.0012, 0.00201]",-0.4235903932069407,0.0,7
PEPE/USDT,20,"(-0.001, 0.000463]",-0.4236712211765141,0.0,1
HBAR/USDT,20,"(-0.001, 0.000463]",-0.4239405135638929,0.0,11
AAVE/USDT,22,"(0.000792, 0.0012]",-0.4241127259466351,0.0,3
LINK/USDT,21,"(0.000463, 0.000792]",-0.4241953023899685,0.0,8
ETH/USDT,18,"(-0.001, 0.000463]",-0.4250358772223722,0.0,5
TAO/USDT,15,"(0.0012, 0.00201]",-0.42537907083119536,0.0,2
ZRO/USDT,21,"(0.000792, 0.0012]",-0.4259584005599743,0.0,1
TRX/USDT,18,"(-0.001, 0.000463]",-0.4272133911154661,0.0,17
SOL/USDT,16,"(0.000463, 0.000792]",-0.4279333896499524,0.0,4
MOODENG/USDT,18,"(0.000463, 0.000792]",-0.42908635914552373,0.0,1
BTC/USDT,22,"(-0.001, 0.000463]",-0.430291443362109,0.0,6
ASTER/USDT,16,"(0.000463, 0.000792]",-0.4305279061087647,0.0,5
LPT/USDT,15,"(-0.001, 0.000463]",-0.4309549312499721,0.0,8
AVAX/USDT,16,"(0.000792, 0.0012]",-0.4312151674879768,0.0,1
ASTER/USDT,1,"(-0.001, 0.000463]",-0.43160948232797836,0.0,3
BTC/USDT,22,"(0.000463, 0.000792]",-0.4320674616845884,0.0,9
BGB/USDT,18,"(-0.001, 0.000463]",-0.43257429957234206,0.0,11
DOGE/USDT,14,"(0.0012, 0.00201]",-0.43269617546535605,0.0,7
ASTER/USDT,21,"(-0.001, 0.000463]",-0.4327522112749977,0.0,8
ASTER/USDT,16,"(0.0012, 0.00201]",-0.4329049026666661,0.0,3
TRX/USDT,23,"(-0.001, 0.000463]",-0.43330280166713564,0.0,1
HYPE/USDT,19,"(0.000463, 0.000792]",-0.4342988010221087,0.0,3
GRASS/USDT,19,"(0.000792, 0.0012]",-0.4343331316079759,0.0,3
BERA/USDT,3,"(0.00201, 0.0338]",-0.43467355372788247,0.0,1
XRP/USDT,14,"(0.0012, 0.00201]",-0.4349554825439911,0.0,4
DOGE/USDT,12,"(0.000463, 0.000792]",-0.43513281851176927,0.0,1
HYPE/USDT,15,"(0.000792, 0.0012]",-0.43613383368517655,0.0,2
BGB/USDT,19,"(-0.001, 0.000463]",-0.43627297616129684,0.0,6
SUI/USDT,19,"(-0.001, 0.000463]",-0.43661520286481226,0.0,2
XRP/USDT,19,"(0.000463, 0.000792]",-0.436843358971967,0.0,4
ADA/USDT,16,"(0.0012, 0.00201]",-0.4369287440639552,0.0,2
RECALL/USDT,23,"(0.00201, 0.0338]",-0.43712717685843067,0.0,1
MOODENG/USDT,17,"(-0.001, 0.000463]",-0.4371544208599718,0.0,4
USDC/USDT,21,"(-0.001, 0.000463]",-0.43725803841456795,0.0,11
USDC/USDT,20,"(-0.001, 0.000463]",-0.438472098592565,0.0,4
LINK/USDT,1,"(0.000463, 0.000792]",-0.4387482614399374,0.0,1
HYPE/USDT,15,"(0.00201, 0.0338]",-0.439054604832793,0.0,1
XLM/USDT,15,"(-0.001, 0.000463]",-0.44020519239357603,0.0,1
LTC/USDT,19,"(0.000792, 0.0012]",-0.4403981763999428,0.0,4
UNI/USDT,18,"(0.000463, 0.000792]",-0.44108496631995575,0.0,2
LINK/USDT,16,"(-0.001, 0.000463]",-0.44279367839998296,0.0,2
SUI/USDT,14,"(0.0012, 0.00201]",-0.4428977615633067,0.0,7
BCH/USDT,1,"(-0.001, 0.000463]",-0.4433713070879875,0.0,6
WLD/USDT,17,"(0.000463, 0.000792]",-0.44376830147998003,0.0,2
SOL/USDT,16,"(0.0012, 0.00201]",-0.44388603946129734,0.0,3
ZEC/USDT,16,"(0.000792, 0.0012]",-0.4440822549431858,0.0,6
GRASS/USDT,18,"(-0.001, 0.000463]",-0.44411606717329305,0.0,3
WLD/USDT,20,"(0.000792, 0.0012]",-0.44603814120264523,0.0,3
PENGU/USDT,14,"(0.0012, 0.00201]",-0.44636636947094604,0.0,7
UNI/USDT,23,"(0.000463, 0.000792]",-0.4468640486400779,0.0,1
PEPE/USDT,20,"(0.0012, 0.00201]",-0.44696535856911507,0.0,3
XRP/USDT,16,"(0.0012, 0.00201]",-0.4490607408479884,0.0,4
UNI/USDT,20,"(-0.001, 0.000463]",-0.45118180169597955,0.0,5
PEPE/USDT,20,"(0.000463, 0.000792]",-0.4514212514218814,0.0,3
LPT/USDT,16,"(0.00201, 0.0338]",-0.45207847183731453,0.04929442831406934,3
SUI/USDT,15,"(0.0012, 0.00201]",-0.45248081437121684,0.0,2
LPT/USDT,15,"(0.00201, 0.0338]",-0.452800313282273,0.07089432770438384,7
ZEC/USDT,1,"(0.0012, 0.00201]",-0.4531532540113135,0.0,11
MOODENG/USDT,22,"(0.000463, 0.000792]",-0.4533996714335651,0.0,1
SONIC/USDT,17,"(-0.001, 0.000463]",-0.45341846153344145,0.0,14
H/USDT,21,"(0.000792, 0.0012]",-0.45368614957871056,0.0,5
HOME/USDT,0,"(0.000792, 0.0012]",-0.45407615507518284,0.0,1
BCH/USDT,2,"(0.000792, 0.0012]",-0.45565628193995655,0.0,2
WLD/USDT,1,"(0.000463, 0.000792]",-0.45568018953582085,0.0,1
SUI/USDT,14,"(0.00201, 0.0338]",-0.45606795907199715,0.0,1
BCH/USDT,19,"(0.000792, 0.0012]",-0.45617826197063954,0.0,6
BCH/USDT,22,"(0.000792, 0.0012]",-0.45688643659196765,0.0,3
ZEC/USDT,16,"(0.0012, 0.00201]",-0.45697418037127746,0.0,8
ASTER/USDT,14,"(0.000792, 0.0012]",-0.4571248401279658,0.0,1
UNI/USDT,22,"(0.000463, 0.000792]",-0.45741743543999247,0.0,5
KITE/USDT,15,"(0.00201, 0.0338]",-0.45862405058718964,0.0,5
MOODENG/USDT,23,"(0.000463, 0.000792]",-0.4588597103399431,0.0,1
PENGU/USDT,16,"(0.000463, 0.000792]",-0.45926231470342244,0.0,2
BNB/USDT,16,"(-0.001, 0.000463]",-0.45935912439196624,0.0,8
SUI/USDT,14,"(0.000792, 0.0012]",-0.4600368193399974,0.0,2
H/USDT,16,"(0.0012, 0.00201]",-0.4601266440287941,0.0,5
LTC/USDT,21,"(0.000792, 0.0012]",-0.46013605071996766,0.0,1
PEPE/USDT,16,"(0.0012, 0.00201]",-0.4604621266183314,0.0,7
HOME/USDT,1,"(0.00201, 0.0338]",-0.4606146488591789,0.0,1
MON/USDT,2,"(0.000463, 0.000792]",-0.46068754830555075,0.0,1
MOODENG/USDT,0,"(-0.001, 0.000463]",-0.4610444838383414,0.0,1
PEPE/USDT,14,"(0.0012, 0.00201]",-0.46131303995087747,0.0,11
LTC/USDT,14,"(0.0012, 0.00201]",-0.46157804367997546,0.0,1
MORPHO/USDT,21,"(-0.001, 0.000463]",-0.46196631791731546,0.0,3
WLD/USDT,18,"(0.000463, 0.000792]",-0.46233718104098775,0.0,8
UNI/USDT,20,"(0.000463, 0.000792]",-0.4623701520319704,0.0,5
WLD/USDT,16,"(0.000463, 0.000792]",-0.46239718388897993,0.0,8
ADA/USDT,14,"(0.0012, 0.00201]",-0.46316128692399106,0.0,4
0G/USDT,17,"(0.000463, 0.000792]",-0.46329222067197096,0.0,1
SONIC/USDT,21,"(-0.001, 0.000463]",-0.4644154769039969,0.0,1
ETH/USDT,16,"(0.000792, 0.0012]",-0.46448929535998723,0.0,6
MORPHO/USDT,4,"(0.000792, 0.0012]",-0.46533083447394313,0.0,4
UNI/USDT,21,"(-0.001, 0.000463]",-0.4653380049599867,0.0,3
UNI/USDT,19,"(0.000463, 0.000792]",-0.4662299347733075,0.0,3
LPT/USDT,12,"(0.000792, 0.0012]",-0.4663431704639752,0.0,1
BGB/USDT,3,"(0.000463, 0.000792]",-0.4666230228639703,0.0,2
GRASS/USDT,12,"(0.000792, 0.0012]",-0.4670601148799727,0.0,1
PENGU/USDT,22,"(0.00201, 0.0338]",-0.46718677038297995,0.2360659259755669,2
ZEC/USDT,1,"(0.000463, 0.000792]",-0.467617447933878,0.0,5
HBAR/USDT,16,"(0.000792, 0.0012]",-0.46787650208104314,0.0,6
TAO/USDT,4,"(0.000792, 0.0012]",-0.4684386027240205,0.0,1
PEPE/USDT,17,"(0.000792, 0.0012]",-0.46926714434223443,0.0,3
ALCH/USDT,15,"(0.00201, 0.0338]",-0.46993541828077107,0.0,2
BCH/USDT,19,"(0.00201, 0.0338]",-0.4705704343920032,0.0,1
HYPE/USDT,9,"(0.000792, 0.0012]",-0.47064346543191693,0.0,2
XRP/USDT,18,"(0.0012, 0.00201]",-0.4711292911959968,0.0,2
GRASS/USDT,20,"(0.00201, 0.0338]",-0.4714579768440097,0.0,2
HBAR/USDT,14,"(0.000463, 0.000792]",-0.471652528035592,0.0,2
BCH/USDT,23,"(0.000463, 0.000792]",-0.4716932885087757,0.0,5
XLM/USDT,20,"(-0.001, 0.000463]",-0.4719552498738982,0.0,5
SUI/USDT,23,"(-0.001, 0.000463]",-0.47221295924956547,0.0,3
UNI/USDT,18,"(0.000792, 0.0012]",-0.4722999479439829,0.0,10
AVAX/USDT,10,"(0.000792, 0.0012]",-0.47248733093600837,0.0,1
AAVE/USDT,20,"(0.000792, 0.0012]",-0.47259351971996216,0.0,8
MORPHO/USDT,2,"(0.000463, 0.000792]",-0.47274899527196995,0.0,3
TAO/USDT,23,"(0.0012, 0.00201]",-0.47280102005971303,0.01917531617144001,7
HYPE/USDT,21,"(0.0012, 0.00201]",-0.47289266762419313,0.0,7
PENGU/USDT,15,"(0.00201, 0.0338]",-0.473148022821675,0.0,5
MOODENG/USDT,23,"(0.0012, 0.00201]",-0.47411239536078925,0.0,3
LTC/USDT,20,"(-0.001, 0.000463]",-0.47464116402179335,0.0,11
MON/USDT,21,"(0.00201, 0.0338]",-0.47524636788479313,0.0,1
XLM/USDT,23,"(-0.001, 0.000463]",-0.475416706743289,0.0,7
ETH/USDT,18,"(0.000463, 0.000792]",-0.47551361592886987,0.0,9
SUI/USDT,19,"(0.000463, 0.000792]",-0.4757221380160025,0.0,1
WLD/USDT,14,"(0.0012, 0.00201]",-0.47573944599865087,0.0,6
DOGE/USDT,19,"(-0.001, 0.000463]",-0.4758005826261016,0.0,3
BERA/USDT,0,"(0.0012, 0.00201]",-0.4758182877545594,0.0,4
UNI/USDT,14,"(0.00201, 0.0338]",-0.47613303935999435,0.0,2
PAXG/USDT,0,"(-0.001, 0.000463]",-0.4763269681978401,0.0,6
HOME/USDT,1,"(0.0012, 0.00201]",-0.4763600513688139,0.0,2
ADA/USDT,16,"(0.00201, 0.0338]",-0.47651490657999873,0.0,2
BCH/USDT,0,"(0.000463, 0.000792]",-0.4767978639839754,0.0,2
BGB/USDT,18,"(0.0012, 0.00201]",-0.47695166479998774,0.0,1
BNB/USDT,21,"(-0.001, 0.000463]",-0.4769768801319524,0.0,4
BCH/USDT,12,"(0.000792, 0.0012]",-0.47750990636792545,0.0,1
SUI/USDT,23,"(0.000792, 0.0012]",-0.47810164259797755,0.0,2
LPT/USDT,18,"(0.00201, 0.0338]",-0.4781458290879378,0.0,1
ASTER/USDT,19,"(-0.001, 0.000463]",-0.4788095908459848,0.0,4
DOGE/USDT,12,"(0.0012, 0.00201]",-0.48018481619229497,0.0,2
SONIC/USDT,17,"(0.000463, 0.000792]",-0.480731421523927,0.0,2
LPT/USDT,14,"(0.0012, 0.00201]",-0.48074616789140556,0.0,7
SUI/USDT,19,"(0.0012, 0.00201]",-0.481086493076677,0.0,9
MORPHO/USDT,3,"(0.000792, 0.0012]",-0.4811411684799362,0.0,2
XRP/USDT,19,"(-0.001, 0.000463]",-0.48140061216131524,0.0,6
ETH/USDT,20,"(0.000792, 0.0012]",-0.4814058572239755,0.0,9
AVAX/USDT,22,"(0.000792, 0.0012]",-0.4815317167319952,0.0,4
GRASS/USDT,18,"(0.000792, 0.0012]",-0.48155539530597496,0.0,4
ADA/USDT,21,"(0.0012, 0.00201]",-0.4821150866880285,0.0,1
ASTER/USDT,19,"(0.000463, 0.000792]",-0.4824277513199093,0.0,1
PEPE/USDT,16,"(0.00201, 0.0338]",-0.4831624740623047,0.0,7
SONIC/USDT,16,"(-0.001, 0.000463]",-0.4833811366765197,0.0,3
BNB/USDT,22,"(0.0012, 0.00201]",-0.4836385767839426,0.0,1
XLM/USDT,16,"(0.0012, 0.00201]",-0.48409477465933515,0.0,5
PI/USDT,22,"(0.00201, 0.0338]",-0.4843244910079729,0.08693033969600907,17
LTC/USDT,18,"(0.000792, 0.0012]",-0.48444670122000294,0.0,4
LPT/USDT,4,"(0.00201, 0.0338]",-0.48539019641056075,0.4354362613243357,5
MOODENG/USDT,21,"(-0.001, 0.000463]",-0.4855899745199952,0.0,1
BERA/USDT,1,"(0.000463, 0.000792]",-0.4858116121920016,0.0,1
UNI/USDT,0,"(-0.001, 0.000463]",-0.4866966647999825,0.0,1
ZEC/USDT,0,"(0.000463, 0.000792]",-0.4871167575983435,0.0,2
XRP/USDT,19,"(0.00201, 0.0338]",-0.4884769595519965,0.0,2
WLD/USDT,0,"(0.000792, 0.0012]",-0.488661153119918,0.0,1
ETH/USDT,19,"(0.000792, 0.0012]",-0.48875645430128967,0.0,6
BCH/USDT,2,"(0.0012, 0.00201]",-0.4888573841939762,0.0,4
UNI/USDT,17,"(0.0012, 0.00201]",-0.4889307452799831,0.0,2
LTC/USDT,21,"(0.000463, 0.000792]",-0.48910457211199454,0.0,5
AVAX/USDT,0,"(0.000463, 0.000792]",-0.49000419551999674,0.0,1
PEPE/USDT,17,"(0.0012, 0.00201]",-0.490455431734941,0.0,4
BNB/USDT,18,"(-0.001, 0.000463]",-0.4906925631679746,0.0,13
XRP/USDT,16,"(0.000792, 0.0012]",-0.49138242262795023,0.0,2
UNI/USDT,19,"(0.000792, 0.0012]",-0.49189657422852534,0.0,7
GRASS/USDT,1,"(0.00201, 0.0338]",-0.49220176000868515,0.23063871572707675,7
SUI/USDT,23,"(0.000463, 0.000792]",-0.4925005815607489,0.0,6
MON/USDT,20,"(-0.001, 0.000463]",-0.4927889207051586,0.0,12
XLM/USDT,19,"(0.000792, 0.0012]",-0.49309556554757816,0.0,8
XLM/USDT,16,"(-0.001, 0.000463]",-0.49436618210865985,0.0,6
MORPHO/USDT,22,"(0.0012, 0.00201]",-0.49471826687997394,0.0,1
UNI/USDT,16,"(0.000792, 0.0012]",-0.4947658567866399,0.0,6
PENGU/USDT,20,"(0.000792, 0.0012]",-0.4950639689915505,0.0,2
LINK/USDT,19,"(0.000792, 0.0012]",-0.49583507060359705,0.0,11
BERA/USDT,4,"(0.00201, 0.0338]",-0.49590001204975787,0.0,3
GRASS/USDT,19,"(-0.001, 0.000463]",-0.49625567733995496,0.0,2
TRX/USDT,15,"(0.000463, 0.000792]",-0.4967055248119614,0.0,1
LTC/USDT,20,"(0.0012, 0.00201]",-0.4969523546666525,0.0,3
HYPE/USDT,22,"(0.000792, 0.0012]",-0.4980572887487784,0.0,2
AVAX/USDT,22,"(0.000463, 0.000792]",-0.4985921305199466,0.0,3
LINK/USDT,22,"(-0.001, 0.000463]",-0.4986930643199592,0.0,1
HBAR/USDT,21,"(0.000792, 0.0012]",-0.49897629263996396,0.0,1
LINK/USDT,0,"(-0.001, 0.000463]",-0.4989810931199793,0.0,1
0G/USDT,23,"(0.0012, 0.00201]",-0.49951813507197107,0.0,1
UNI/USDT,18,"(0.00201, 0.0338]",-0.4996107983199847,0.0,2
0G/USDT,4,"(0.00201, 0.0338]",-0.5005250909919551,0.48877828287795994,4
H/USDT,19,"(0.0012, 0.00201]",-0.5013763260752802,0.0,9
AVAX/USDT,18,"(0.000463, 0.000792]",-0.5017087263336703,0.0,7
PEPE/USDT,10,"(0.000463, 0.000792]",-0.5027081119683531,0.0,1
SOL/USDT,14,"(0.0012, 0.00201]",-0.5027293622351687,0.0,5
XRP/USDT,18,"(-0.001, 0.000463]",-0.5034463103199847,0.0,4
MOODENG/USDT,20,"(0.000792, 0.0012]",-0.5038878245022033,0.0,6
LINK/USDT,15,"(-0.001, 0.000463]",-0.5055544836799857,0.0,1
HBAR/USDT,0,"(0.000463, 0.000792]",-0.5064594665860394,0.0,5
SOL/USDT,21,"(0.000792, 0.0012]",-0.5067353368800116,0.0,1
ZRO/USDT,17,"(0.00201, 0.0338]",-0.5078339409007794,0.0,5
ZEC/USDT,19,"(0.000463, 0.000792]",-0.5079003867711605,0.0,1
MON/USDT,1,"(-0.001, 0.000463]",-0.5088478076927918,0.0,1
BCH/USDT,22,"(-0.001, 0.000463]",-0.5089173030719916,0.0,6
DOGE/USDT,19,"(0.000463, 0.000792]",-0.5098837032504036,0.0,2
XLM/USDT,14,"(0.000792, 0.0012]",-0.5099866470890332,0.0,6
HBAR/USDT,16,"(-0.001, 0.000463]",-0.5100151228225055,0.0,6
UNI/USDT,15,"(0.0012, 0.00201]",-0.5104881791999893,0.0,3
HBAR/USDT,20,"(0.000792, 0.0012]",-0.5105736532622265,0.0,5
AVAX/USDT,0,"(-0.001, 0.000463]",-0.5106183088779898,0.0,4
AVAX/USDT,20,"(0.000792, 0.0012]",-0.5114872339012767,0.0,3
UNI/USDT,21,"(0.000463, 0.000792]",-0.5133491187199405,0.0,3
BCH/USDT,22,"(0.000463, 0.000792]",-0.5149321280639915,0.0,2
BNB/USDT,16,"(0.000463, 0.000792]",-0.5154398152859847,0.0,12
KITE/USDT,23,"(0.00201, 0.0338]",-0.5157150699383278,0.0,2
AAVE/USDT,19,"(0.000792, 0.0012]",-0.5158620256363161,0.0,11
BNB/USDT,14,"(0.0012, 0.00201]",-0.5161344276479702,0.0,1
BNB/USDT,22,"(-0.001, 0.000463]",-0.5162813187976957,0.0,7
LINK/USDT,19,"(0.000463, 0.000792]",-0.5166762788480009,0.0,5
ETH/USDT,19,"(0.000463, 0.000792]",-0.5168020409239455,0.0,4
LINK/USDT,20,"(-0.001, 0.000463]",-0.5172606134399514,0.0,7
WLD/USDT,18,"(-0.001, 0.000463]",-0.5173941960479729,0.0,5
BERA/USDT,15,"(0.0012, 0.00201]",-0.5185894341503934,0.0,1
XRP/USDT,9,"(-0.001, 0.000463]",-0.518889918547966,0.0,2
DOGE/USDT,22,"(0.000463, 0.000792]",-0.5193858490039596,0.0,2
LINK/USDT,19,"(-0.001, 0.000463]",-0.5194949374400002,0.0,2
TRX/USDT,18,"(0.000463, 0.000792]",-0.519767942329314,0.0,3
ETH/USDT,20,"(0.000463, 0.000792]",-0.5200340009565522,0.0,7
BCH/USDT,20,"(0.000463, 0.000792]",-0.5200564505519838,0.0,4
XRP/USDT,22,"(0.000463, 0.000792]",-0.5202819431920045,0.0,1
H/USDT,18,"(0.000792, 0.0012]",-0.5204633119935358,0.0,1
BNB/USDT,22,"(0.000792, 0.0012]",-0.5212761008120174,0.0,2
MOODENG/USDT,15,"(0.0012, 0.00201]",-0.5221567561791746,0.0,3
ETH/USDT,19,"(0.0012, 0.00201]",-0.522256430039935,0.0,8
H/USDT,20,"(0.0012, 0.00201]",-0.5223129816091586,0.0,4
ZRO/USDT,10,"(0.00201, 0.0338]",-0.5227275830739118,0.30860780191134973,4
AVAX/USDT,1,"(-0.001, 0.000463]",-0.5227635887640265,0.0,2
MON/USDT,0,"(0.0012, 0.00201]",-0.5238768451079674,0.0,1
LPT/USDT,17,"(0.0012, 0.00201]",-0.5246679127679904,0.0,1
ASTER/USDT,22,"(-0.001, 0.000463]",-0.524811326695968,0.0,2
ZEC/USDT,22,"(0.000792, 0.0012]",-0.5248837673815212,0.0,4
WLD/USDT,21,"(0.000792, 0.0012]",-0.5265800842559476,0.0,3
ASTER/USDT,2,"(0.000463, 0.000792]",-0.5275441024527363,0.0,5
MOODENG/USDT,4,"(0.000463, 0.000792]",-0.5281200984674024,0.0,3
AVAX/USDT,20,"(0.000463, 0.000792]",-0.5288144191948829,0.0,11
DOGE/USDT,10,"(0.000463, 0.000792]",-0.5307878990519184,0.0,1
ASTER/USDT,20,"(-0.001, 0.000463]",-0.5309065683492785,0.0,3
BGB/USDT,19,"(0.000463, 0.000792]",-0.5323398602080036,0.0,2
ASTER/USDT,20,"(0.000463, 0.000792]",-0.5325298041733014,0.0,6
SUI/USDT,0,"(0.000792, 0.0012]",-0.5334209278671648,0.0,3
ZRO/USDT,3,"(0.0012, 0.00201]",-0.5334860635999872,0.0,1
AIO/USDT,1,"(-0.001, 0.000463]",-0.5343808179071925,0.0,1
ZEC/USDT,15,"(0.00201, 0.0338]",-0.5345244921537895,0.0,4
BERA/USDT,0,"(0.00201, 0.0338]",-0.5345776415296076,0.0,3
BTC/USDT,0,"(0.000463, 0.000792]",-0.5351964210623901,0.0,2
ZEC/USDT,20,"(0.000792, 0.0012]",-0.536071200271918,0.0,1
PENGU/USDT,21,"(0.000463, 0.000792]",-0.5361882310872647,0.0,2
LPT/USDT,16,"(0.0012, 0.00201]",-0.5364281483159554,0.0,4
BCH/USDT,10,"(-0.001, 0.000463]",-0.5388764169357644,0.0,1
PENGU/USDT,16,"(0.0012, 0.00201]",-0.5391014088547079,0.0,3
AAVE/USDT,21,"(0.000463, 0.000792]",-0.5393048837866047,0.0,3
SOL/USDT,17,"(0.000792, 0.0012]",-0.539824809291994,0.0,2
PENGU/USDT,20,"(0.000463, 0.000792]",-0.5403915256326332,0.0,3
BTC/USDT,20,"(-0.001, 0.000463]",-0.542424570132587,0.0,4
SOL/USDT,18,"(-0.001, 0.000463]",-0.5426441410559942,0.0,3
AVAX/USDT,18,"(0.000792, 0.0012]",-0.5446080743039947,0.0,2
GRASS/USDT,20,"(0.0012, 0.00201]",-0.5469961154059533,0.0,4
BERA/USDT,2,"(0.000792, 0.0012]",-0.5478070135572802,0.0,3
DOGE/USDT,4,"(0.000792, 0.0012]",-0.5479313028410465,0.0,5
BTC/USDT,20,"(0.000792, 0.0012]",-0.5489847628807342,0.0,3
RECALL/USDT,23,"(-0.001, 0.000463]",-0.5498062023160202,0.0,2
WLD/USDT,16,"(0.0012, 0.00201]",-0.5501958754359777,0.0,4
SOL/USDT,16,"(0.000792, 0.0012]",-0.5507084395855535,0.0,10
B2/USDT,5,"(0.000792, 0.0012]",-0.5513067241439735,0.0,1
LTC/USDT,19,"(-0.001, 0.000463]",-0.5517529685370904,0.0,7
AAVE/USDT,19,"(-0.001, 0.000463]",-0.5520910127732962,0.0,3
BNB/USDT,19,"(-0.001, 0.000463]",-0.552937989859168,0.0,10
PENGU/USDT,19,"(0.000463, 0.000792]",-0.5533511495499652,0.0,5
ETH/USDT,20,"(-0.001, 0.000463]",-0.5535339259679943,0.0,1
AVAX/USDT,1,"(0.000463, 0.000792]",-0.553739290506647,0.0,6
BCH/USDT,20,"(0.0012, 0.00201]",-0.5540873020853028,0.0,3
BTC/USDT,18,"(0.0012, 0.00201]",-0.5555382491847685,0.0,1
BNB/USDT,20,"(-0.001, 0.000463]",-0.5556291444612905,0.0,6
PEPE/USDT,3,"(0.000463, 0.000792]",-0.5560039533010906,0.0,2
SOL/USDT,18,"(0.000463, 0.000792]",-0.5562575885279857,0.0,8
SUI/USDT,22,"(-0.001, 0.000463]",-0.5563111810448127,0.0,2
GRASS/USDT,12,"(0.000463, 0.000792]",-0.5566485244318056,0.0,1
XLM/USDT,6,"(0.000463, 0.000792]",-0.5567829347728027,0.0,2
AAVE/USDT,20,"(0.000463, 0.000792]",-0.5568720572932837,0.0,6
BTC/USDT,19,"(0.000792, 0.0012]",-0.5572562375193264,0.0,5
HYPE/USDT,10,"(0.000463, 0.000792]",-0.5575711087545139,0.0,5
ALCH/USDT,20,"(0.000792, 0.0012]",-0.5580604375799442,0.0,2
BCH/USDT,20,"(0.000792, 0.0012]",-0.5581406258199605,0.0,4
ZEC/USDT,21,"(0.000463, 0.000792]",-0.5581941517335721,0.0,3
XRP/USDT,19,"(0.000792, 0.0012]",-0.5586343215023746,0.0,10
ADA/USDT,5,"(0.000792, 0.0012]",-0.5589560363983466,0.0,5
XLM/USDT,20,"(0.000463, 0.000792]",-0.5592795471988795,0.0,6
LTC/USDT,18,"(0.00201, 0.0338]",-0.5594940647999596,0.0,1
SOL/USDT,19,"(0.000463, 0.000792]",-0.5596280678079759,0.0,5
ETH/USDT,12,"(0.0012, 0.00201]",-0.5597570171893255,0.2454199130896856,3
BNB/USDT,14,"(0.000792, 0.0012]",-0.5598071890287711,0.0,5
XRP/USDT,3,"(0.000463, 0.000792]",-0.5600117611855325,0.0,5
PENGU/USDT,14,"(0.00201, 0.0338]",-0.5614087236155711,0.0,1
LINK/USDT,20,"(0.000792, 0.0012]",-0.561604113986626,0.0,6
ETH/USDT,14,"(0.00201, 0.0338]",-0.5621264587519781,0.0,1
BTC/USDT,18,"(-0.001, 0.000463]",-0.5624908649539796,0.0,4
DOGE/USDT,4,"(0.000463, 0.000792]",-0.5628803591516247,0.0,9
PEPE/USDT,5,"(0.0012, 0.00201]",-0.5630847288197739,0.0,3
BCH/USDT,3,"(0.000463, 0.000792]",-0.5638037715391262,0.0,5
TRX/USDT,2,"(0.000792, 0.0012]",-0.5640671607247185,0.0,2
ADA/USDT,20,"(0.000792, 0.0012]",-0.5642525050280247,0.0,2
XLM/USDT,20,"(0.000792, 0.0012]",-0.5642634081749304,0.0,3
BGB/USDT,3,"(-0.001, 0.000463]",-0.5645494906913916,0.0,14
WLD/USDT,16,"(0.000792, 0.0012]",-0.5657642904296829,0.0,7
ALCH/USDT,22,"(0.000463, 0.000792]",-0.5664812255759173,0.0,2
ADA/USDT,22,"(-0.001, 0.000463]",-0.5667402905999243,0.0,3
HBAR/USDT,15,"(0.000463, 0.000792]",-0.5668126606485162,0.0,3
ZEC/USDT,0,"(0.0012, 0.00201]",-0.5674432816347761,0.0,6
ZEC/USDT,0,"(0.000792, 0.0012]",-0.5677185698567504,0.0,8
LINK/USDT,20,"(0.000463, 0.000792]",-0.5678987412399953,0.0,4
WLD/USDT,19,"(0.000463, 0.000792]",-0.5687337466626429,0.0,12
AVAX/USDT,0,"(0.000792, 0.0012]",-0.5695119763920119,0.0,2
ZRO/USDT,10,"(0.0012, 0.00201]",-0.5702054574932464,0.004141457089132779,6
LTC/USDT,20,"(0.000463, 0.000792]",-0.570635644342824,0.0,7
LINK/USDT,0,"(0.000463, 0.000792]",-0.5716799577599534,0.0,2
MOODENG/USDT,22,"(-0.001, 0.000463]",-0.572534503725587,0.0,2
ASTER/USDT,21,"(0.000792, 0.0012]",-0.5725475463333239,0.0,3
WLD/USDT,13,"(0.0012, 0.00201]",-0.5729954259866518,0.0,3
BTC/USDT,19,"(-0.001, 0.000463]",-0.5739455590879657,0.0,4
LINK/USDT,21,"(-0.001, 0.000463]",-0.5755758829999187,0.0,8
MOODENG/USDT,18,"(-0.001, 0.000463]",-0.5756815646795633,0.0,6
WLD/USDT,21,"(-0.001, 0.000463]",-0.5757540286834054,0.0,7
PENGU/USDT,22,"(0.000792, 0.0012]",-0.5766367815383191,0.0,6
SOL/USDT,23,"(0.0012, 0.00201]",-0.5766426372719404,0.0,1
0G/USDT,0,"(0.00201, 0.0338]",-0.5768953028367709,0.08859145123562166,5
PENGU/USDT,23,"(0.000463, 0.000792]",-0.5776069965772076,0.0,2
HYPE/USDT,5,"(0.000792, 0.0012]",-0.5781228019631317,0.0,1
HBAR/USDT,19,"(0.0012, 0.00201]",-0.5787834149056043,0.0,2
BERA/USDT,4,"(0.000792, 0.0012]",-0.5787956422270557,0.0,1
DOGE/USDT,15,"(0.0012, 0.00201]",-0.5789248187951709,0.0,3
SOL/USDT,20,"(0.000463, 0.000792]",-0.5799487374986295,0.0,9
SUI/USDT,9,"(0.000463, 0.000792]",-0.5808148007560049,0.0,3
WLD/USDT,15,"(0.0012, 0.00201]",-0.5808726163626515,0.0,6
UNI/USDT,23,"(0.000792, 0.0012]",-0.5809597663199504,0.0,2
SUI/USDT,3,"(0.000792, 0.0012]",-0.5818736033751369,0.0,3
UNI/USDT,19,"(-0.001, 0.000463]",-0.5820069225599254,0.0,2
UNI/USDT,20,"(0.0012, 0.00201]",-0.5820817266099758,0.0,8
XRP/USDT,3,"(-0.001, 0.000463]",-0.5821003663859516,0.0,4
LPT/USDT,18,"(0.000792, 0.0012]",-0.5824327255839999,0.0,3
MYX/USDT,4,"(0.00201, 0.0338]",-0.5831913282239707,0.0,2
0G/USDT,0,"(-0.001, 0.000463]",-0.5832128481479122,0.0,4
BCH/USDT,20,"(-0.001, 0.000463]",-0.5833881416959473,0.0,2
XRP/USDT,7,"(0.000463, 0.000792]",-0.5838877340799675,0.0,1
ADA/USDT,4,"(0.0012, 0.00201]",-0.584894359863957,0.08196520420587078,6
HBAR/USDT,23,"(-0.001, 0.000463]",-0.5849626238521157,0.0,5
LTC/USDT,20,"(0.000792, 0.0012]",-0.5852108220799437,0.0,1
MON/USDT,23,"(-0.001, 0.000463]",-0.5858867850967617,0.0,2
BNB/USDT,22,"(0.000463, 0.000792]",-0.5860827992764176,0.0,9
BTC/USDT,23,"(-0.001, 0.000463]",-0.5865414332287981,0.0,2
AAVE/USDT,20,"(-0.001, 0.000463]",-0.5865562268399607,0.0,4
PEPE/USDT,3,"(0.000792, 0.0012]",-0.5867199254669622,0.0,9
MON/USDT,0,"(-0.001, 0.000463]",-0.5869704565223347,0.0,3
MON/USDT,1,"(0.0012, 0.00201]",-0.5875493917935526,0.0,8
UNI/USDT,22,"(-0.001, 0.000463]",-0.5883015067199611,0.0,2
0G/USDT,23,"(0.000792, 0.0012]",-0.5883119704759854,0.0,6
STO/USDT,6,"(0.000792, 0.0012]",-0.589076056650927,0.0,3
SOL/USDT,22,"(0.0012, 0.00201]",-0.5898369701280037,0.0,4
ALCH/USDT,19,"(-0.001, 0.000463]",-0.5899729902127566,0.0,2
FF/USDT,17,"(0.0012, 0.00201]",-0.5917729107040071,0.0,1
LINK/USDT,22,"(0.000792, 0.0012]",-0.5918202907199608,0.0,9
MORPHO/USDT,7,"(0.000463, 0.000792]",-0.5923171984638352,0.0,2
LINK/USDT,22,"(0.000463, 0.000792]",-0.59247528801594,0.0,5
LINK/USDT,18,"(0.000792, 0.0012]",-0.5924762973955515,0.0,9
HBAR/USDT,14,"(0.00201, 0.0338]",-0.5925771417215783,0.0,1
HBAR/USDT,14,"(0.000792, 0.0012]",-0.5926438009794421,0.0,3
BTC/USDT,23,"(0.0012, 0.00201]",-0.5928055259135864,0.0,1
WLD/USDT,0,"(-0.001, 0.000463]",-0.5937685457600131,0.0,1
WLD/USDT,17,"(0.0012, 0.00201]",-0.5943757081119824,0.0,3
GRASS/USDT,19,"(0.0012, 0.00201]",-0.5948459642671893,0.0,5
BCH/USDT,23,"(0.0012, 0.00201]",-0.5954844343679924,0.0,1
AVAX/USDT,19,"(0.000463, 0.000792]",-0.5959380907665198,0.0,11
PAXG/USDT,2,"(-0.001, 0.000463]",-0.5979371683739187,0.0,4
MORPHO/USDT,3,"(0.000463, 0.000792]",-0.5980471014959489,0.0,3
ASTER/USDT,19,"(0.000792, 0.0012]",-0.5984045490919705,0.0,2
AVAX/USDT,19,"(0.000792, 0.0012]",-0.5985523787633641,0.0,7
VELVET/USDT,21,"(-0.001, 0.000463]",-0.5987035628798005,0.0,5
BERA/USDT,10,"(0.000463, 0.000792]",-0.5992108643362085,0.0,3
AVAX/USDT,20,"(-0.001, 0.000463]",-0.5999945588579393,0.0,4
H/USDT,5,"(0.0012, 0.00201]",-0.6004077928310334,0.0,7
SOL/USDT,20,"(0.000792, 0.0012]",-0.6009229611119954,0.0,6
BTC/USDT,19,"(0.000463, 0.000792]",-0.6018136336533182,0.0,6
AAVE/USDT,18,"(-0.001, 0.000463]",-0.6020956174666269,0.0,3
ZEC/USDT,2,"(0.0012, 0.00201]",-0.6021010397856535,0.0,8
ASTER/USDT,15,"(0.0012, 0.00201]",-0.6023194150079392,0.0,1
UNI/USDT,19,"(0.0012, 0.00201]",-0.6055262007466361,0.0,6
ASTER/USDT,1,"(0.000463, 0.000792]",-0.6063130918599733,0.0,6
PEPE/USDT,15,"(0.00201, 0.0338]",-0.6063138263232689,0.0,6
PENGU/USDT,21,"(0.000792, 0.0012]",-0.6066553920462144,0.0,4
WLD/USDT,16,"(-0.001, 0.000463]",-0.6067648376219834,0.0,4
MORPHO/USDT,21,"(0.0012, 0.00201]",-0.6075677497119649,0.0,3
ASTER/USDT,18,"(0.000792, 0.0012]",-0.6092051365279703,0.0,1
BCH/USDT,23,"(-0.001, 0.000463]",-0.609386080319954,0.0,1
BNB/USDT,20,"(0.000792, 0.0012]",-0.6103283980919677,0.0,4
LTC/USDT,22,"(0.0012, 0.00201]",-0.6121453388399525,0.0,2
BNB/USDT,19,"(0.00201, 0.0338]",-0.6123177341999361,0.0,1
MORPHO/USDT,17,"(0.00201, 0.0338]",-0.6125800220719885,0.17522931364141917,6
ADA/USDT,20,"(0.00201, 0.0338]",-0.6133356112799762,0.0,2
ZEC/USDT,19,"(-0.001, 0.000463]",-0.6133973105231911,0.0,1
BTC/USDT,5,"(-0.001, 0.000463]",-0.6135735707006995,0.0,1
AVAX/USDT,22,"(-0.001, 0.000463]",-0.6138235835062511,0.0,7
MORPHO/USDT,18,"(0.0012, 0.00201]",-0.61437699523201,0.0,1
XLM/USDT,19,"(0.0012, 0.00201]",-0.614485377680741,0.0,4
GRASS/USDT,18,"(0.000463, 0.000792]",-0.615650555839959,0.0,1
BNB/USDT,23,"(-0.001, 0.000463]",-0.6161940815732939,0.0,3
DOGE/USDT,2,"(0.0012, 0.00201]",-0.616620897544519,0.0,3
LTC/USDT,19,"(0.0012, 0.00201]",-0.6172236956533208,0.0,6
H/USDT,20,"(0.000792, 0.0012]",-0.6179148701857592,0.0,4
TRX/USDT,0,"(0.000463, 0.000792]",-0.6182489299607696,0.0,2
SUI/USDT,22,"(0.000792, 0.0012]",-0.6182852890030766,0.0,2
BERA/USDT,1,"(-0.001, 0.000463]",-0.6193539566240367,0.0,1
LTC/USDT,1,"(0.000792, 0.0012]",-0.619521253359943,0.0,2
XLM/USDT,10,"(0.000792, 0.0012]",-0.6197143325791011,0.0,5
LTC/USDT,19,"(0.00201, 0.0338]",-0.6210871519999575,0.0,1
ZEC/USDT,19,"(0.0012, 0.00201]",-0.6212877820059582,0.0,6
ADA/USDT,23,"(0.000792, 0.0012]",-0.6215208423519807,0.0,3
ALCH/USDT,20,"(0.000463, 0.000792]",-0.6218398945991492,0.0,1
ALCH/USDT,22,"(0.0012, 0.00201]",-0.6220548396743413,0.0,2
BNB/USDT,18,"(0.000463, 0.000792]",-0.6221590822173382,0.0,6
BERA/USDT,1,"(0.0012, 0.00201]",-0.6223834303739643,0.0,4
BTC/USDT,18,"(0.000463, 0.000792]",-0.6225178064744173,0.0,13
HBAR/USDT,23,"(0.000463, 0.000792]",-0.6228165042716131,0.0,7
UNI/USDT,19,"(0.00201, 0.0338]",-0.6233363796599676,0.0,4
LA/USDT,0,"(0.0012, 0.00201]",-0.6235159045959586,0.0,4
BERA/USDT,5,"(-0.001, 0.000463]",-0.6235750967639817,0.0,1
MON/USDT,1,"(0.000792, 0.0012]",-0.6236137480061149,0.0,6
AAVE/USDT,22,"(0.000463, 0.000792]",-0.6243583186719822,0.0,5
0G/USDT,16,"(0.000792, 0.0012]",-0.6246862227759599,0.0,1
ZEC/USDT,3,"(0.000792, 0.0012]",-0.624705465153994,0.0,2
WLD/USDT,14,"(0.00201, 0.0338]",-0.6259500513599927,0.0,1
TAO/USDT,10,"(0.0012, 0.00201]",-0.6263146272407095,0.0,2
LPT/USDT,6,"(0.000792, 0.0012]",-0.6263621293423444,0.0,5
ADA/USDT,0,"(-0.001, 0.000463]",-0.6267089237799693,0.0,6
PAXG/USDT,1,"(-0.001, 0.000463]",-0.6273825794607585,0.0,3
ASTER/USDT,20,"(0.000792, 0.0012]",-0.6275540733791669,0.0,10
LINK/USDT,1,"(0.000792, 0.0012]",-0.627640637439979,0.0,3
UNI/USDT,15,"(0.00201, 0.0338]",-0.6290500600000358,0.0,1
AIO/USDT,0,"(-0.001, 0.000463]",-0.6294915052703829,0.0,1
MORPHO/USDT,2,"(-0.001, 0.000463]",-0.6300246863519673,0.0,3
BCH/USDT,3,"(0.000792, 0.0012]",-0.6308445417732372,0.0,3
LA/USDT,3,"(0.0012, 0.00201]",-0.6308847480825578,0.0,6
TRX/USDT,1,"(-0.001, 0.000463]",-0.6312854234832386,0.0,21
BTC/USDT,22,"(0.0012, 0.00201]",-0.6314416830847414,0.0,2
SUI/USDT,0,"(0.000463, 0.000792]",-0.6347519342051785,0.0,2
HBAR/USDT,20,"(0.000463, 0.000792]",-0.6348154073310326,0.0,6
LINK/USDT,21,"(0.000792, 0.0012]",-0.6360575157333267,0.0,3
SOL/USDT,19,"(-0.001, 0.000463]",-0.6364573521999612,0.0,1
LTC/USDT,9,"(0.000463, 0.000792]",-0.6376061535999664,0.0,2
STO/USDT,4,"(-0.001, 0.000463]",-0.6376073546751864,0.0,1
PI/USDT,3,"(0.00201, 0.0338]",-0.6377700357347582,0.18022940103349758,20
HOME/USDT,20,"(-0.001, 0.000463]",-0.6396000831357767,0.0,15
SUI/USDT,2,"(0.000463, 0.000792]",-0.6412511243480263,0.0,13
SOL/USDT,14,"(-0.001, 0.000463]",-0.6417283269839047,0.0,1
AVAX/USDT,21,"(0.000792, 0.0012]",-0.6429386985959746,0.0,4
ZEC/USDT,20,"(0.0012, 0.00201]",-0.6434474140825852,0.0,7
TRX/USDT,0,"(-0.001, 0.000463]",-0.644039716627663,0.0,19
HYPE/USDT,21,"(0.00201, 0.0338]",-0.6441313499899634,0.0,4
LTC/USDT,10,"(-0.001, 0.000463]",-0.644613184799998,0.0,1
MORPHO/USDT,2,"(0.00201, 0.0338]",-0.6449189094859578,0.09922198312138175,8
BCH/USDT,22,"(0.0012, 0.00201]",-0.6452893970319619,0.0,3
HYPE/USDT,19,"(0.00201, 0.0338]",-0.6456342625537335,0.017611137594123197,10
PEPE/USDT,22,"(0.000792, 0.0012]",-0.6457517238245586,0.0,2
PEPE/USDT,14,"(-0.001, 0.000463]",-0.6458011037026479,0.0,1
MOODENG/USDT,0,"(0.000463, 0.000792]",-0.6463775010671514,0.0,1
ASTER/USDT,20,"(0.0012, 0.00201]",-0.6464013362599628,0.0,4
SOL/USDT,3,"(0.000792, 0.0012]",-0.6464142632452728,0.0,3
DOGE/USDT,4,"(-0.001, 0.000463]",-0.6470767754479702,0.0,1
PENGU/USDT,20,"(0.0012, 0.00201]",-0.6477124972043562,0.0,9
LINK/USDT,4,"(0.000792, 0.0012]",-0.6486885492228235,0.0,7
ADA/USDT,23,"(-0.001, 0.000463]",-0.6487260433558859,0.0,2
ALCH/USDT,20,"(0.0012, 0.00201]",-0.6491413076399055,0.0,1
SONIC/USDT,15,"(0.000792, 0.0012]",-0.6496837774560056,0.0,1
ZEC/USDT,2,"(0.000792, 0.0012]",-0.6500917270031601,0.0,2
BERA/USDT,3,"(-0.001, 0.000463]",-0.6502360413343655,0.0,2
XRP/USDT,12,"(0.000792, 0.0012]",-0.65095795631985,0.0,1
0G/USDT,16,"(-0.001, 0.000463]",-0.6511830462911845,0.0,5
LTC/USDT,23,"(-0.001, 0.000463]",-0.6512841638799552,0.0,6
BGB/USDT,4,"(-0.001, 0.000463]",-0.6534439997679122,0.0,5
TRX/USDT,19,"(-0.001, 0.000463]",-0.6538098773350198,0.0,15
ASTER/USDT,19,"(0.0012, 0.00201]",-0.6538750086239989,0.0,3
BTC/USDT,18,"(0.000792, 0.0012]",-0.6547914966350127,0.0,6
HYPE/USDT,7,"(0.000463, 0.000792]",-0.6550614099906338,0.0,2
ASTER/USDT,0,"(0.0012, 0.00201]",-0.6554901434159914,0.0,2
SUI/USDT,1,"(0.000463, 0.000792]",-0.6555265110013462,0.0,8
BTC/USDT,20,"(0.000463, 0.000792]",-0.6561697053137446,0.0,10
BNB/USDT,1,"(0.0012, 0.00201]",-0.6566889781919403,0.0,1
HBAR/USDT,22,"(0.00201, 0.0338]",-0.6570000512007154,0.0,1
SUI/USDT,5,"(0.000463, 0.000792]",-0.6571243231280559,0.0,1
MOODENG/USDT,19,"(-0.001, 0.000463]",-0.6578161392505704,0.0,4
AVAX/USDT,19,"(-0.001, 0.000463]",-0.6593852515559588,0.0,2
HOME/USDT,20,"(0.000792, 0.0012]",-0.659962419008779,0.0,2
0G/USDT,4,"(0.0012, 0.00201]",-0.6602471095519422,0.03889123574327943,3
VELVET/USDT,21,"(0.000463, 0.000792]",-0.6605140320659412,0.0,2
UNI/USDT,1,"(0.000463, 0.000792]",-0.6610520406399653,0.0,6
HBAR/USDT,22,"(-0.001, 0.000463]",-0.6610864139563625,0.0,4
HOME/USDT,1,"(-0.001, 0.000463]",-0.6618046288360182,0.0,10
BERA/USDT,4,"(0.000463, 0.000792]",-0.6624441814116896,0.0,3
ZEC/USDT,19,"(0.00201, 0.0338]",-0.6629575313268704,0.367878284885192,8
STO/USDT,20,"(-0.001, 0.000463]",-0.6634608132223917,0.0,1
BNB/USDT,20,"(0.000463, 0.000792]",-0.6645619572783683,0.0,10
MON/USDT,23,"(0.000792, 0.0012]",-0.6650406415215776,0.0,2
XLM/USDT,19,"(-0.001, 0.000463]",-0.6656520400889657,0.0,4
ZRO/USDT,5,"(0.0012, 0.00201]",-0.666529188157963,0.0,4
BCH/USDT,23,"(0.000792, 0.0012]",-0.6666117171839416,0.0,1
XRP/USDT,3,"(0.000792, 0.0012]",-0.6666252103636711,0.0,13
PI/USDT,4,"(0.00201, 0.0338]",-0.6670954910015569,0.1846043417563609,10
BCH/USDT,0,"(0.000792, 0.0012]",-0.6671373429359824,0.0,2
RECALL/USDT,22,"(-0.001, 0.000463]",-0.6688790572175651,0.0,1
MOODENG/USDT,19,"(0.000792, 0.0012]",-0.6726108872615453,0.0,2
H/USDT,18,"(0.000463, 0.000792]",-0.6727412989743522,0.0,1
MOODENG/USDT,4,"(0.00201, 0.0338]",-0.6729743055856836,0.0,1
SUI/USDT,10,"(0.000463, 0.000792]",-0.673666748890344,0.0,5
ALCH/USDT,21,"(-0.001, 0.000463]",-0.6745265819136392,0.0,1
LINK/USDT,1,"(-0.001, 0.000463]",-0.674774062559965,0.0,2
SOL/USDT,19,"(0.000792, 0.0012]",-0.6756926985016838,0.0,7
LINK/USDT,3,"(0.000792, 0.0012]",-0.6758593766399461,0.0,5
BNB/USDT,16,"(0.000792, 0.0012]",-0.6777481123840041,0.0,2
SUI/USDT,0,"(-0.001, 0.000463]",-0.6778567545575608,0.0,5
LTC/USDT,22,"(0.00201, 0.0338]",-0.677938773600063,0.0,1
PEPE/USDT,6,"(0.000792, 0.0012]",-0.6781257382917217,0.0,3
MON/USDT,1,"(0.000463, 0.000792]",-0.6784266825194958,0.0,2
XRP/USDT,19,"(0.0012, 0.00201]",-0.6786625996426885,0.0,3
LPT/USDT,5,"(0.00201, 0.0338]",-0.6792641416465893,0.2120371193575889,3
AAVE/USDT,19,"(0.000463, 0.000792]",-0.6797171180599613,0.0,4
ADA/USDT,0,"(0.0012, 0.00201]",-0.6801332331359544,0.0,1
LINK/USDT,20,"(0.0012, 0.00201]",-0.6803625627199987,0.0,4
BNB/USDT,19,"(0.000463, 0.000792]",-0.6810458499448246,0.0,9
ADA/USDT,22,"(0.000792, 0.0012]",-0.6819542888175806,0.0,5
HBAR/USDT,10,"(-0.001, 0.000463]",-0.6820355531807207,0.0,1
SOL/USDT,17,"(0.0012, 0.00201]",-0.6821469761226413,0.0,3
DOGE/USDT,19,"(0.0012, 0.00201]",-0.6822147637451658,0.0,4
WLD/USDT,1,"(0.000792, 0.0012]",-0.6846409169760027,0.0,2
MON/USDT,22,"(-0.001, 0.000463]",-0.6851178809375948,0.0,1
MORPHO/USDT,6,"(0.000463, 0.000792]",-0.6853391091733281,0.0,3
XLM/USDT,4,"(0.0012, 0.00201]",-0.6854776697487425,0.0,3
PENGU/USDT,19,"(-0.001, 0.000463]",-0.6873375807223141,0.0,1
DOGE/USDT,3,"(0.000792, 0.0012]",-0.687698264021235,0.0,5
SOL/USDT,18,"(0.000792, 0.0012]",-0.6892169311999913,0.0,3
TAO/USDT,17,"(0.00201, 0.0338]",-0.6912344882650577,0.1169463271903161,19
BNB/USDT,19,"(0.000792, 0.0012]",-0.6913752895999862,0.0,3
RIVER/USDT,1,"(0.00201, 0.0338]",-0.6914619104399244,0.024636101286510878,8
AVAX/USDT,14,"(0.0012, 0.00201]",-0.6918828729119975,0.0,1
WLD/USDT,20,"(-0.001, 0.000463]",-0.6921221414000045,0.0,5
MOODENG/USDT,16,"(0.0012, 0.00201]",-0.6921469039800181,0.0,1
AVAX/USDT,20,"(0.00201, 0.0338]",-0.6936258383680295,0.0,1
LINK/USDT,4,"(0.0012, 0.00201]",-0.6936773787733284,0.0,3
MON/USDT,21,"(-0.001, 0.000463]",-0.6941806639023986,0.0,2
UNI/USDT,21,"(0.000792, 0.0012]",-0.6942624037599483,0.0,3
DOGE/USDT,3,"(0.000463, 0.000792]",-0.6946116829810013,0.0,7
MORPHO/USDT,10,"(0.000792, 0.0012]",-0.6951074053479469,0.0,6
BERA/USDT,9,"(-0.001, 0.000463]",-0.6961194198424454,0.0,1
HOME/USDT,3,"(0.0012, 0.00201]",-0.6982254105935382,0.0,4
BGB/USDT,5,"(0.000463, 0.000792]",-0.6994928441399326,0.0,4
XRP/USDT,22,"(0.000792, 0.0012]",-0.6996812060399591,0.0,1
LTC/USDT,1,"(-0.001, 0.000463]",-0.6999284293199269,0.0,2
ETH/USDT,21,"(0.000792, 0.0012]",-0.7007414067039699,0.0,3
XLM/USDT,17,"(0.000792, 0.0012]",-0.7009107852607365,0.0,1
ETH/USDT,4,"(-0.001, 0.000463]",-0.7011387815039491,0.0,1
DOGE/USDT,22,"(0.000792, 0.0012]",-0.7019936645855372,0.0,2
PEPE/USDT,5,"(0.000463, 0.000792]",-0.7024381171919303,0.0,1
LINK/USDT,3,"(-0.001, 0.000463]",-0.7029736884798783,0.0,1
HYPE/USDT,10,"(0.000792, 0.0012]",-0.7035049062460356,0.0,3
FF/USDT,18,"(0.000463, 0.000792]",-0.7044017109080162,0.0,1
MOODENG/USDT,17,"(0.000792, 0.0012]",-0.705172490419159,0.0,1
PENGU/USDT,22,"(0.000463, 0.000792]",-0.7055261272006209,0.0,6
LTC/USDT,4,"(0.000463, 0.000792]",-0.7083996849866058,0.0,9
BCH/USDT,4,"(0.000463, 0.000792]",-0.7088281359999525,0.0,3
SOL/USDT,10,"(0.000792, 0.0012]",-0.710448582815981,0.0,2
ASTER/USDT,1,"(0.000792, 0.0012]",-0.7105316888719632,0.0,3
AVAX/USDT,19,"(0.0012, 0.00201]",-0.7106136063999854,0.0,4
LINK/USDT,14,"(0.00201, 0.0338]",-0.7120080950400101,0.0,1
PEPE/USDT,4,"(0.000792, 0.0012]",-0.7121922945588042,0.0,5
MOODENG/USDT,23,"(0.000792, 0.0012]",-0.7122160036992156,0.0,1
SONIC/USDT,1,"(0.00201, 0.0338]",-0.7122645100535913,0.10446474822892983,2
PENGU/USDT,1,"(0.0012, 0.00201]",-0.7139353159929704,0.0,1
PENGU/USDT,19,"(0.0012, 0.00201]",-0.7144203388332885,0.0,6
PENGU/USDT,21,"(-0.001, 0.000463]",-0.7149727621271693,0.0,2
LINK/USDT,19,"(0.0012, 0.00201]",-0.7162001626999708,0.0,4
BGB/USDT,19,"(0.000792, 0.0012]",-0.7173973109879592,0.0,2
HYPE/USDT,22,"(0.0012, 0.00201]",-0.7182596039399824,0.0,5
PEPE/USDT,23,"(0.00201, 0.0338]",-0.7189800197016455,0.0,1
ASTER/USDT,2,"(-0.001, 0.000463]",-0.7218905211983626,0.0,5
PEPE/USDT,18,"(0.00201, 0.0338]",-0.7240885011045095,0.0,3
ALCH/USDT,19,"(0.0012, 0.00201]",-0.724581079289606,0.0,1
ZEC/USDT,2,"(0.00201, 0.0338]",-0.7268707299959689,0.0,13
ZRO/USDT,4,"(0.0012, 0.00201]",-0.7272281279999054,0.0,1
HBAR/USDT,19,"(0.000463, 0.000792]",-0.727870709791945,0.0,4
XLM/USDT,22,"(0.000463, 0.000792]",-0.728263181935346,0.0,4
VELVET/USDT,23,"(-0.001, 0.000463]",-0.7283168243999671,0.0,2
WLD/USDT,19,"(-0.001, 0.000463]",-0.7291229838719974,0.0,1
MOODENG/USDT,20,"(-0.001, 0.000463]",-0.7293681939413642,0.0,9
VELVET/USDT,0,"(-0.001, 0.000463]",-0.7296410368080014,0.0,1
MORPHO/USDT,21,"(0.00201, 0.0338]",-0.7298384516719834,0.0,1
AVAX/USDT,3,"(-0.001, 0.000463]",-0.7300020165092569,0.0,3
DOGE/USDT,23,"(0.000463, 0.000792]",-0.730173458044769,0.0,1
MOODENG/USDT,20,"(0.000463, 0.000792]",-0.7324472417975229,0.0,1
AAVE/USDT,21,"(-0.001, 0.000463]",-0.7328220748799412,0.0,1
MORPHO/USDT,6,"(0.000792, 0.0012]",-0.7347465688573175,0.0,6
LTC/USDT,4,"(0.000792, 0.0012]",-0.7359351275732294,0.0,3
H/USDT,5,"(0.000792, 0.0012]",-0.7364964411573955,0.0,1
BNB/USDT,21,"(0.000792, 0.0012]",-0.7368656014719681,0.0,1
AVAX/USDT,1,"(0.000792, 0.0012]",-0.7372836306479544,0.0,3
LPT/USDT,23,"(-0.001, 0.000463]",-0.7376606751359174,0.0,1
PENGU/USDT,21,"(0.0012, 0.00201]",-0.7377240440474748,0.0,4
BCH/USDT,4,"(-0.001, 0.000463]",-0.737824801306593,0.0,3
BCH/USDT,12,"(0.000463, 0.000792]",-0.738859906575934,0.0,3
MOODENG/USDT,5,"(-0.001, 0.000463]",-0.7410759657727429,0.0,1
BTC/USDT,21,"(0.000463, 0.000792]",-0.7417190628654815,0.0,2
BNB/USDT,18,"(0.000792, 0.0012]",-0.7428348809799433,0.0,4
LA/USDT,2,"(0.00201, 0.0338]",-0.7436430608640285,0.0,2
LINK/USDT,19,"(0.00201, 0.0338]",-0.7443402709200126,0.0,2
LA/USDT,3,"(0.00201, 0.0338]",-0.7444556552324879,0.1079233603917741,15
ADA/USDT,10,"(0.000463, 0.000792]",-0.7452428747640132,0.0,4
BTC/USDT,19,"(0.0012, 0.00201]",-0.7464471956289572,0.0,11
WLD/USDT,20,"(0.0012, 0.00201]",-0.7471301517279351,0.0,3
AAVE/USDT,23,"(-0.001, 0.000463]",-0.7479034554399742,0.0,3
PAXG/USDT,9,"(-0.001, 0.000463]",-0.7487186196827389,0.0,4
LTC/USDT,22,"(-0.001, 0.000463]",-0.7494557380799685,0.0,4
ZEC/USDT,16,"(0.00201, 0.0338]",-0.7501013546481909,0.0,4
HBAR/USDT,22,"(0.000463, 0.000792]",-0.7503222381615561,0.0,4
LINK/USDT,6,"(-0.001, 0.000463]",-0.750977285759979,0.0,3
ADA/USDT,3,"(-0.001, 0.000463]",-0.7513399829199656,0.0,2
0G/USDT,0,"(0.000792, 0.0012]",-0.7519276576933245,0.0,9
MORPHO/USDT,4,"(-0.001, 0.000463]",-0.7532153613023743,0.0,5
MON/USDT,0,"(0.000792, 0.0012]",-0.7533632058169675,0.0,4
MORPHO/USDT,3,"(0.00201, 0.0338]",-0.754371954605654,0.006555382735830415,3
DOGE/USDT,20,"(0.0012, 0.00201]",-0.7550477568039716,0.0,3
GRASS/USDT,19,"(0.00201, 0.0338]",-0.7558979686144328,0.059409722446939234,6
UNI/USDT,0,"(0.000792, 0.0012]",-0.756436873919968,0.0,1
B2/USDT,5,"(0.000463, 0.000792]",-0.7564876411118538,0.0,1
PI/USDT,1,"(0.00201, 0.0338]",-0.7568093480528231,0.315762987553428,18
XRP/USDT,20,"(0.0012, 0.00201]",-0.7576089327839743,0.0,3
SUI/USDT,1,"(-0.001, 0.000463]",-0.7577988377822076,0.0,5
H/USDT,21,"(0.00201, 0.0338]",-0.758116230318257,0.21435066782810086,8
BTC/USDT,9,"(0.000463, 0.000792]",-0.760821333953924,0.0,4
HOME/USDT,9,"(-0.001, 0.000463]",-0.7615034312023334,0.0,4
BTC/USDT,22,"(0.000792, 0.0012]",-0.7623192034751483,0.0,2
LINK/USDT,10,"(0.000463, 0.000792]",-0.762624280800033,0.0,2
ADA/USDT,4,"(-0.001, 0.000463]",-0.7642498779918926,0.0,1
XLM/USDT,22,"(0.0012, 0.00201]",-0.7660303137025789,0.0,7
LTC/USDT,10,"(0.0012, 0.00201]",-0.7666885634400014,0.0,2
HYPE/USDT,6,"(0.000463, 0.000792]",-0.7668981126313946,0.0,3
DOGE/USDT,10,"(0.000792, 0.0012]",-0.7672414369275502,0.0,4
ADA/USDT,1,"(-0.001, 0.000463]",-0.7691040900559596,0.0,3
ETH/USDT,5,"(0.000463, 0.000792]",-0.7694735316671506,0.0,5
BTC/USDT,9,"(-0.001, 0.000463]",-0.7709620618199691,0.0,2
ETH/USDT,6,"(0.000463, 0.000792]",-0.7711255222859708,0.0,4
XLM/USDT,19,"(0.00201, 0.0338]",-0.7718540426535402,0.0,2
PENGU/USDT,19,"(0.00201, 0.0338]",-0.7723623718456331,0.0,11
MORPHO/USDT,18,"(0.00201, 0.0338]",-0.7746125732959799,0.0,2
PENGU/USDT,3,"(-0.001, 0.000463]",-0.7756620305525688,0.0,1
ZEC/USDT,23,"(0.000463, 0.000792]",-0.7760083588222695,0.0,1
SUI/USDT,3,"(0.0012, 0.00201]",-0.7765327313856455,0.0,9
MORPHO/USDT,5,"(0.000463, 0.000792]",-0.7765513380240319,0.0,1
MOODENG/USDT,4,"(0.0012, 0.00201]",-0.7773693336191887,0.0,1
MORPHO/USDT,4,"(0.0012, 0.00201]",-0.7776452462479044,0.0,1
HYPE/USDT,6,"(0.000792, 0.0012]",-0.7777535482303137,0.0,4
UNI/USDT,1,"(-0.001, 0.000463]",-0.7780240769066281,0.0,6
BERA/USDT,2,"(0.0012, 0.00201]",-0.7785676153985212,0.0,5
UNI/USDT,23,"(-0.001, 0.000463]",-0.7815751559999854,0.0,2
LPT/USDT,4,"(0.000792, 0.0012]",-0.7819413445439699,0.0,5
LINK/USDT,6,"(0.000463, 0.000792]",-0.7822299955199001,0.0,1
LTC/USDT,3,"(0.000463, 0.000792]",-0.7824546763399817,0.0,4
XRP/USDT,5,"(0.000792, 0.0012]",-0.7825770875399026,0.0,2
HOME/USDT,21,"(-0.001, 0.000463]",-0.7826426892838864,0.0,3
PENGU/USDT,1,"(-0.001, 0.000463]",-0.7838804698669417,0.0,1
ADA/USDT,0,"(0.000792, 0.0012]",-0.7845579844639756,0.0,3
PENGU/USDT,1,"(0.00201, 0.0338]",-0.7851768485270317,0.0,2
BCH/USDT,0,"(-0.001, 0.000463]",-0.7861462437839539,0.0,2
WLD/USDT,1,"(0.0012, 0.00201]",-0.786245097455976,0.0,2
LTC/USDT,16,"(0.000792, 0.0012]",-0.7865231462400353,0.0,1
PENGU/USDT,22,"(-0.001, 0.000463]",-0.7874689522883593,0.0,2
PI/USDT,1,"(0.0012, 0.00201]",-0.7952965263359765,0.0,1
AAVE/USDT,23,"(0.000463, 0.000792]",-0.7957000969199629,0.0,4
BTC/USDT,1,"(-0.001, 0.000463]",-0.7961252277459672,0.0,2
SOL/USDT,2,"(0.00201, 0.0338]",-0.7976230116479359,0.0,1
AAVE/USDT,0,"(0.000463, 0.000792]",-0.7977197279999656,0.0,1
ASTER/USDT,3,"(-0.001, 0.000463]",-0.7980009794799509,0.0,1
LTC/USDT,2,"(0.0012, 0.00201]",-0.7982226268800261,0.0,1
BTC/USDT,3,"(-0.001, 0.000463]",-0.7987666077400075,0.0,2
ZEC/USDT,3,"(0.00201, 0.0338]",-0.7989546206443787,0.15810657105380324,9
MON/USDT,3,"(0.000792, 0.0012]",-0.7991291380940789,0.0,5
SONIC/USDT,17,"(0.00201, 0.0338]",-0.7991805596171454,0.0,2
SOL/USDT,3,"(0.000463, 0.000792]",-0.7992256415408113,0.0,5
LINK/USDT,2,"(0.0012, 0.00201]",-0.7996413245066506,0.0,6
AVAX/USDT,4,"(0.000792, 0.0012]",-0.801194296689964,0.0,8
ZRO/USDT,12,"(0.0012, 0.00201]",-0.8016114100851938,0.0,3
LTC/USDT,10,"(0.000792, 0.0012]",-0.801696878639887,0.0,1
PEPE/USDT,22,"(0.0012, 0.00201]",-0.8031134594505978,0.0,6
PEPE/USDT,14,"(0.00201, 0.0338]",-0.8033454289896976,0.0,6
SONIC/USDT,14,"(0.00201, 0.0338]",-0.8041375885607858,0.0,1
ADA/USDT,2,"(-0.001, 0.000463]",-0.8043324531719387,0.0,2
SOL/USDT,18,"(0.0012, 0.00201]",-0.8045350727039389,0.0,6
ASTER/USDT,1,"(0.0012, 0.00201]",-0.8046256070013268,0.0,6
H/USDT,19,"(0.00201, 0.0338]",-0.8049248603783561,0.0,14
XAUT/USDT,17,"(-0.001, 0.000463]",-0.8055551329599678,0.0,20
WLD/USDT,20,"(0.000463, 0.000792]",-0.8069049425715366,0.0,9
BNB/USDT,21,"(0.000463, 0.000792]",-0.8069992089839527,0.0,2
XRP/USDT,2,"(0.0012, 0.00201]",-0.8078018868319743,0.0,1
LA/USDT,4,"(0.0012, 0.00201]",-0.8078897688125181,0.0,7
SUI/USDT,10,"(0.000792, 0.0012]",-0.8080978320271726,0.03011043711290803,6
GRASS/USDT,3,"(0.00201, 0.0338]",-0.8092515335172649,0.11402296683584727,9
ZEC/USDT,17,"(0.0012, 0.00201]",-0.8099963755453041,0.0,3
ETH/USDT,3,"(0.0012, 0.00201]",-0.8107449038425649,0.0,6
XRP/USDT,2,"(0.000792, 0.0012]",-0.8110005587279496,0.0,2
WLD/USDT,4,"(0.000792, 0.0012]",-0.8114399920092256,0.0,6
ZEC/USDT,3,"(0.0012, 0.00201]",-0.8131436278171501,0.0,13
MORPHO/USDT,15,"(0.00201, 0.0338]",-0.816332696311957,0.0,1
LTC/USDT,16,"(0.0012, 0.00201]",-0.8167740364799985,0.0,1
LINK/USDT,23,"(-0.001, 0.000463]",-0.8170401522399697,0.0,1
LTC/USDT,2,"(0.000463, 0.000792]",-0.8173475542399722,0.0,2
SUI/USDT,20,"(0.0012, 0.00201]",-0.8180504011907143,0.0,5
LINK/USDT,2,"(0.00201, 0.0338]",-0.8189048615999528,0.0,1
BTC/USDT,0,"(0.000792, 0.0012]",-0.8195951166720126,0.0,1
SOL/USDT,20,"(0.0012, 0.00201]",-0.8213829732459849,0.0,8
H/USDT,20,"(0.00201, 0.0338]",-0.8217099104778899,0.08032510155772037,15
AAVE/USDT,4,"(0.000792, 0.0012]",-0.8227785652478932,0.0,5
LINK/USDT,0,"(0.000792, 0.0012]",-0.8228443247999646,0.0,1
TRX/USDT,22,"(0.000463, 0.000792]",-0.8233124765642006,0.0,3
ETH/USDT,10,"(0.000792, 0.0012]",-0.8240730066099153,0.0,4
MYX/USDT,22,"(0.00201, 0.0338]",-0.8253516495119451,0.0,2
SONIC/USDT,19,"(-0.001, 0.000463]",-0.8254311096127951,0.0,2
GRASS/USDT,5,"(0.00201, 0.0338]",-0.8281090647037969,0.0,1
HBAR/USDT,10,"(0.000463, 0.000792]",-0.8282844596735256,0.0,3
SUI/USDT,2,"(0.000792, 0.0012]",-0.830025563164258,0.0,3
AVAX/USDT,18,"(0.0012, 0.00201]",-0.8320677934799273,0.0,1
WLD/USDT,0,"(0.0012, 0.00201]",-0.8342009484479942,0.0,1
ASTER/USDT,4,"(0.000463, 0.000792]",-0.8344657412959575,0.0,1
LPT/USDT,4,"(-0.001, 0.000463]",-0.8347843314399268,0.0,1
KITE/USDT,6,"(0.00201, 0.0338]",-0.8351308555197691,0.30078058143311204,18
ASTER/USDT,12,"(0.000463, 0.000792]",-0.8361548106239471,0.0,2
ASTER/USDT,2,"(0.000792, 0.0012]",-0.8365327944506021,0.0,6
STO/USDT,1,"(0.0012, 0.00201]",-0.8373373695280717,0.0,1
SUI/USDT,2,"(-0.001, 0.000463]",-0.837353671480739,0.0,1
STO/USDT,3,"(-0.001, 0.000463]",-0.837553352443104,0.0,1
UNI/USDT,1,"(0.000792, 0.0012]",-0.8380976225890435,0.0,11
SOL/USDT,19,"(0.00201, 0.0338]",-0.8387967681812545,0.0,3
MOODENG/USDT,19,"(0.00201, 0.0338]",-0.8394680290478534,0.4704921660771335,6
HBAR/USDT,3,"(0.000463, 0.000792]",-0.8395355282337597,0.0,6
BCH/USDT,1,"(0.0012, 0.00201]",-0.8398264459919441,0.0,2
BERA/USDT,5,"(0.000792, 0.0012]",-0.8412208324982945,0.0,3
XLM/USDT,22,"(-0.001, 0.000463]",-0.8420265334736071,0.0,3
SOL/USDT,4,"(0.000792, 0.0012]",-0.8433901927510613,0.0,9
BERA/USDT,2,"(0.000463, 0.000792]",-0.8434549842376227,0.0,1
BCH/USDT,1,"(0.000792, 0.0012]",-0.8437175387519544,0.0,1
BTC/USDT,9,"(0.0012, 0.00201]",-0.8441184617879711,0.0,1
BERA/USDT,3,"(0.0012, 0.00201]",-0.8443272395200424,0.0,1
MOODENG/USDT,3,"(0.000463, 0.000792]",-0.8445169653759466,0.0,1
XRP/USDT,4,"(0.0012, 0.00201]",-0.8447694301278709,0.0,5
SONIC/USDT,18,"(-0.001, 0.000463]",-0.845829085487941,0.0,2
MON/USDT,3,"(-0.001, 0.000463]",-0.8459350731218518,0.0,5
ASTER/USDT,12,"(0.0012, 0.00201]",-0.8464541529066242,0.0,3
XRP/USDT,9,"(0.000463, 0.000792]",-0.8466971389039606,0.0,6
TRX/USDT,21,"(-0.001, 0.000463]",-0.8477246682504976,0.0,20
TRX/USDT,19,"(0.000463, 0.000792]",-0.8479463486955375,0.0,2
0G/USDT,3,"(0.000792, 0.0012]",-0.8483476052159736,0.0,2
ADA/USDT,14,"(0.00201, 0.0338]",-0.8488592628186235,0.0,3
WLD/USDT,22,"(0.000463, 0.000792]",-0.8491983984899529,0.0,8
ASTER/USDT,4,"(0.000792, 0.0012]",-0.8497243898879769,0.0,5
HBAR/USDT,0,"(-0.001, 0.000463]",-0.8504195865556465,0.0,5
ADA/USDT,20,"(0.0012, 0.00201]",-0.85058074407836,0.0,5
ZEC/USDT,23,"(0.000792, 0.0012]",-0.8506843133419202,0.0,4
AVAX/USDT,2,"(0.0012, 0.00201]",-0.8507413703733026,0.0,3
LINK/USDT,10,"(-0.001, 0.000463]",-0.8511512894400568,0.0,2
BGB/USDT,12,"(-0.001, 0.000463]",-0.8516625604720056,0.0,5
LTC/USDT,1,"(0.000463, 0.000792]",-0.8517127020799891,0.0,2
MON/USDT,0,"(0.000463, 0.000792]",-0.8521221699347588,0.0,2
TRX/USDT,17,"(0.000463, 0.000792]",-0.852536380427128,0.0,1
XAUT/USDT,18,"(-0.001, 0.000463]",-0.8525905771732979,0.0,3
AAVE/USDT,2,"(-0.001, 0.000463]",-0.8526486266132837,0.0,3
PEPE/USDT,20,"(0.00201, 0.0338]",-0.8533634869195892,0.0,1
XAUT/USDT,6,"(-0.001, 0.000463]",-0.8537392965598921,0.0,4
ADA/USDT,22,"(0.000463, 0.000792]",-0.8539517866399372,0.0,3
LPT/USDT,5,"(0.000792, 0.0012]",-0.8566406035198986,0.0,1
LTC/USDT,4,"(-0.001, 0.000463]",-0.8587557211698961,0.0,8
LPT/USDT,4,"(0.0012, 0.00201]",-0.8595098170856849,0.0,7
BNB/USDT,10,"(-0.001, 0.000463]",-0.8598717134932784,0.0,3
WLD/USDT,22,"(0.000792, 0.0012]",-0.8617047875459547,0.0,8
BTC/USDT,4,"(-0.001, 0.000463]",-0.8620018250378338,0.0,3
HOME/USDT,10,"(-0.001, 0.000463]",-0.8627715008639041,0.0,1
PEPE/USDT,6,"(0.000463, 0.000792]",-0.8632129054607443,0.0,2
LPT/USDT,6,"(-0.001, 0.000463]",-0.863422576026844,0.0,11
0G/USDT,16,"(0.00201, 0.0338]",-0.864134208263978,0.0,1
ETH/USDT,19,"(0.00201, 0.0338]",-0.8648590535359564,0.0,4
PAXG/USDT,11,"(-0.001, 0.000463]",-0.8660185634783115,0.0,2
MOODENG/USDT,19,"(0.000463, 0.000792]",-0.8661256579663883,0.0,1
XLM/USDT,20,"(0.0012, 0.00201]",-0.8669863543679742,0.0,1
0G/USDT,1,"(0.000463, 0.000792]",-0.8670598204739557,0.0,4
DOGE/USDT,12,"(0.000792, 0.0012]",-0.8672244943527607,0.0,2
XRP/USDT,22,"(0.0012, 0.00201]",-0.870110182656006,0.0,1
0G/USDT,7,"(0.000463, 0.000792]",-0.870280121880016,0.0,1
ETH/USDT,4,"(0.000463, 0.000792]",-0.8708632084679852,0.0,6
SOL/USDT,19,"(0.0012, 0.00201]",-0.8757538973447732,0.0,10
FF/USDT,18,"(-0.001, 0.000463]",-0.8784830250560418,0.0,1
PENGU/USDT,0,"(-0.001, 0.000463]",-0.8794943067631793,0.0,1
AAVE/USDT,22,"(-0.001, 0.000463]",-0.8803278344799716,0.0,4
AAVE/USDT,6,"(0.000463, 0.000792]",-0.8804118167759347,0.0,10
BNB/USDT,1,"(0.000792, 0.0012]",-0.8831102628318629,0.0,1
ZRO/USDT,10,"(0.000792, 0.0012]",-0.8844470579998835,0.0,1
BCH/USDT,2,"(0.00201, 0.0338]",-0.8856618365759585,0.0,1
SOL/USDT,10,"(0.000463, 0.000792]",-0.8857617475679747,0.0,2
BGB/USDT,5,"(0.000792, 0.0012]",-0.8880494237295198,0.0,5
BTC/USDT,4,"(0.000792, 0.0012]",-0.8893175976393903,0.0,7
LINK/USDT,23,"(0.0012, 0.00201]",-0.8895196327198303,0.0,1
ASTER/USDT,3,"(0.000463, 0.000792]",-0.8899918816350947,0.0,5
MORPHO/USDT,7,"(0.0012, 0.00201]",-0.891738653746542,0.0,3
SOL/USDT,21,"(0.0012, 0.00201]",-0.8922667140719616,0.0,2
TRX/USDT,2,"(-0.001, 0.000463]",-0.8923061693155061,0.0,17
SUI/USDT,4,"(0.000792, 0.0012]",-0.8928930043689954,0.0,12
BGB/USDT,11,"(-0.001, 0.000463]",-0.8943174954159613,0.0,3
MYX/USDT,16,"(0.00201, 0.0338]",-0.8964909003000047,0.0,2
BERA/USDT,11,"(0.000463, 0.000792]",-0.8992147950069613,0.0,1
HBAR/USDT,1,"(0.000463, 0.000792]",-0.8997856031485375,0.0,8
AAVE/USDT,22,"(0.0012, 0.00201]",-0.9011567182399347,0.0,2
AAVE/USDT,2,"(0.000463, 0.000792]",-0.9011996409999903,0.0,4
HOME/USDT,21,"(0.00201, 0.0338]",-0.9019546740594986,0.4204073710074134,5
XLM/USDT,9,"(-0.001, 0.000463]",-0.903787100436553,0.0,4
XAUT/USDT,3,"(-0.001, 0.000463]",-0.9045040536598757,0.0,8
HBAR/USDT,1,"(-0.001, 0.000463]",-0.9059765198396276,0.0,7
AAVE/USDT,3,"(-0.001, 0.000463]",-0.9086483643465796,0.0,3
XRP/USDT,12,"(-0.001, 0.000463]",-0.9101158377919822,0.0,1
DOGE/USDT,8,"(-0.001, 0.000463]",-0.9104281753111896,0.0,1
LINK/USDT,2,"(-0.001, 0.000463]",-0.9118415750400368,0.0,1
AAVE/USDT,3,"(0.0012, 0.00201]",-0.9124026023999369,0.0,5
ADA/USDT,4,"(0.000792, 0.0012]",-0.9125748829926285,0.0,11
ADA/USDT,3,"(0.000792, 0.0012]",-0.9153686263032683,0.0,12
AVAX/USDT,3,"(0.000792, 0.0012]",-0.9155338160799367,0.0,4
MORPHO/USDT,4,"(0.000463, 0.000792]",-0.9157459846999335,0.0,4
ADA/USDT,2,"(0.000463, 0.000792]",-0.9162388147200458,0.0,1
XLM/USDT,3,"(0.000463, 0.000792]",-0.9163537944418395,0.0,8
LINK/USDT,3,"(0.0012, 0.00201]",-0.9168190917399516,0.0,8
BNB/USDT,3,"(0.000463, 0.000792]",-0.9168326186089244,0.0,8
AVAX/USDT,10,"(0.000463, 0.000792]",-0.9199445757855601,0.0,5
BTC/USDT,9,"(0.000792, 0.0012]",-0.9224755613429122,0.0,4
AVAX/USDT,23,"(-0.001, 0.000463]",-0.924410668203923,0.0,4
XAUT/USDT,9,"(-0.001, 0.000463]",-0.9247742867999305,0.0,2
H/USDT,4,"(0.0012, 0.00201]",-0.9255951220898229,0.0,10
MYX/USDT,1,"(0.00201, 0.0338]",-0.9257156632559481,0.0,2
STO/USDT,2,"(0.0012, 0.00201]",-0.9273116116927043,0.0,1
PEPE/USDT,4,"(0.0012, 0.00201]",-0.9277972018552599,0.0,7
ADA/USDT,19,"(0.0012, 0.00201]",-0.9290421386106642,0.0,3
HBAR/USDT,22,"(0.0012, 0.00201]",-0.929061376847909,0.0,1
XLM/USDT,3,"(-0.001, 0.000463]",-0.9296406116404302,0.0,5
KITE/USDT,17,"(0.00201, 0.0338]",-0.9297565460564894,0.006791225820399971,11
H/USDT,3,"(0.0012, 0.00201]",-0.9301620570311557,0.0,2
SONIC/USDT,20,"(-0.001, 0.000463]",-0.9304867267800963,0.0,1
LINK/USDT,2,"(0.000463, 0.000792]",-0.9306834590398614,0.0,2
PENGU/USDT,19,"(0.000792, 0.0012]",-0.930701889371165,0.0,4
XAUT/USDT,5,"(-0.001, 0.000463]",-0.9316249005079499,0.0,20
XLM/USDT,2,"(0.000463, 0.000792]",-0.9344829168323284,0.0,7
AVAX/USDT,23,"(0.000463, 0.000792]",-0.9361456950119805,0.0,2
BTC/USDT,2,"(0.0012, 0.00201]",-0.9362966045595753,0.0,2
ASTER/USDT,22,"(0.0012, 0.00201]",-0.9396255632479301,0.0,3
PEPE/USDT,10,"(0.0012, 0.00201]",-0.9407079746059818,0.0,2
LTC/USDT,22,"(0.000463, 0.000792]",-0.941350576479942,0.0,4
SONIC/USDT,20,"(0.00201, 0.0338]",-0.9448803541887871,0.0,1
PEPE/USDT,3,"(0.0012, 0.00201]",-0.945547388709638,0.0,7
KITE/USDT,3,"(0.00201, 0.0338]",-0.9456923477404796,0.0,12
GRASS/USDT,16,"(0.0012, 0.00201]",-0.9470852551679552,0.0,2
ASTER/USDT,2,"(0.0012, 0.00201]",-0.9471443256652977,0.0,6
PEPE/USDT,4,"(0.000463, 0.000792]",-0.9477961975757384,0.0,3
WLD/USDT,3,"(-0.001, 0.000463]",-0.9490387981601184,0.0,1
SONIC/USDT,19,"(0.000792, 0.0012]",-0.9493062051200066,0.0,1
BTC/USDT,21,"(0.000792, 0.0012]",-0.9499619662344889,0.0,1
LPT/USDT,5,"(0.0012, 0.00201]",-0.9503153882239411,0.0,3
0G/USDT,17,"(0.0012, 0.00201]",-0.9512177447039649,0.0,1
WLD/USDT,19,"(0.0012, 0.00201]",-0.954042636521287,0.0,6
LINK/USDT,4,"(0.000463, 0.000792]",-0.9545030851287992,0.0,9
LTC/USDT,3,"(-0.001, 0.000463]",-0.9552085145599984,0.0,1
0G/USDT,2,"(0.00201, 0.0338]",-0.9560960957141678,0.4023875883678418,5
SUI/USDT,3,"(0.000463, 0.000792]",-0.9568259273974142,0.0,5
WLD/USDT,4,"(-0.001, 0.000463]",-0.959210769283952,0.0,2
MOODENG/USDT,17,"(0.00201, 0.0338]",-0.9600557827559733,0.0,1
MORPHO/USDT,6,"(-0.001, 0.000463]",-0.9620327141279321,0.0,1
AVAX/USDT,3,"(0.000463, 0.000792]",-0.9627890915897569,0.0,11
XLM/USDT,23,"(0.000792, 0.0012]",-0.9628362250839916,0.0,3
UNI/USDT,2,"(0.000463, 0.000792]",-0.9629834949599111,0.0,6
WLD/USDT,6,"(0.000792, 0.0012]",-0.9630550831258993,0.0,4
AAVE/USDT,19,"(0.0012, 0.00201]",-0.9636721221599641,0.0,5
ETH/USDT,4,"(0.000792, 0.0012]",-0.9648386827306359,0.0,6
MOODENG/USDT,19,"(0.0012, 0.00201]",-0.9666585579389383,0.0,4
UNI/USDT,22,"(0.000792, 0.0012]",-0.9668928236113664,0.0,7
HBAR/USDT,2,"(-0.001, 0.000463]",-0.9676610967379968,0.0,11
UNI/USDT,3,"(-0.001, 0.000463]",-0.9677587718399622,0.0,1
TAO/USDT,5,"(0.000463, 0.000792]",-0.9682522544095564,0.0,1
0G/USDT,1,"(0.0012, 0.00201]",-0.9686102518847128,0.0,5
ZRO/USDT,5,"(-0.001, 0.000463]",-0.9688906190079256,0.0,1
BCH/USDT,12,"(-0.001, 0.000463]",-0.9701328815198713,0.0,1
HBAR/USDT,23,"(0.000792, 0.0012]",-0.9702166667677897,0.0,5
LINK/USDT,6,"(0.000792, 0.0012]",-0.9713384282742309,0.0,7
ETH/USDT,6,"(0.000792, 0.0012]",-0.9744077842939387,0.0,4
ASTER/USDT,3,"(0.0012, 0.00201]",-0.9745933064239287,0.0,7
MORPHO/USDT,6,"(0.0012, 0.00201]",-0.9746269010718778,0.0,3
HBAR/USDT,2,"(0.0012, 0.00201]",-0.9772316013887754,0.0,1
LTC/USDT,12,"(-0.001, 0.000463]",-0.9775540555199304,0.0,1
LA/USDT,4,"(0.000792, 0.0012]",-0.9779002797866129,0.0,3
AVAX/USDT,4,"(-0.001, 0.000463]",-0.977946329477286,0.0,6
AVAX/USDT,4,"(0.000463, 0.000792]",-0.9784763620999195,0.0,6
SOL/USDT,3,"(0.0012, 0.00201]",-0.9800025371239375,0.0,10
BTC/USDT,1,"(0.000792, 0.0012]",-0.9817405906967929,0.0,2
DOGE/USDT,19,"(0.00201, 0.0338]",-0.9822728177063789,0.0,1
SOL/USDT,20,"(0.00201, 0.0338]",-0.9831998967840115,0.0,1
DOGE/USDT,6,"(0.000463, 0.000792]",-0.9833900385915267,0.0,6
ADA/USDT,0,"(0.000463, 0.000792]",-0.9837753266239265,0.0,3
TAO/USDT,21,"(0.00201, 0.0338]",-0.9840669559276574,0.0,5
BGB/USDT,9,"(-0.001, 0.000463]",-0.9852429404160676,0.0,1
SUI/USDT,1,"(0.000792, 0.0012]",-0.985383342971371,0.0,7
HBAR/USDT,3,"(-0.001, 0.000463]",-0.9868410430489039,0.0,5
LTC/USDT,3,"(0.000792, 0.0012]",-0.9868503741399648,0.0,8
UNI/USDT,22,"(0.0012, 0.00201]",-0.9885605502600026,0.0,4
AAVE/USDT,0,"(-0.001, 0.000463]",-0.9888996599999673,0.0,2
XLM/USDT,17,"(0.0012, 0.00201]",-0.990251634183946,0.0,1
BGB/USDT,5,"(-0.001, 0.000463]",-0.9908010857298074,0.0,13
HOME/USDT,0,"(0.00201, 0.0338]",-0.9920982374305445,0.3425875476980794,4
TAO/USDT,23,"(0.00201, 0.0338]",-0.9926755530958447,0.0,16
STO/USDT,14,"(0.00201, 0.0338]",-0.9930016930039613,0.0,1
ADA/USDT,3,"(0.0012, 0.00201]",-0.9937359789893107,0.0032556767953501814,6
ADA/USDT,2,"(0.0012, 0.00201]",-0.9974957614999916,0.0,4
RECALL/USDT,19,"(0.0012, 0.00201]",-0.998414752339131,0.0,1
BCH/USDT,10,"(0.000463, 0.000792]",-0.9984370590720764,0.0,1
UNI/USDT,4,"(0.000463, 0.000792]",-0.9998856488599421,0.0,4
BERA/USDT,5,"(0.000463, 0.000792]",-1.0001081250199744,0.0,1
MORPHO/USDT,7,"(-0.001, 0.000463]",-1.00109848716792,0.0,1
LA/USDT,0,"(0.00201, 0.0338]",-1.0011516809644179,0.0,9
ADA/USDT,1,"(0.0012, 0.00201]",-1.0024441006278957,0.0,2
LPT/USDT,5,"(-0.001, 0.000463]",-1.002463632179938,0.0,4
ALCH/USDT,17,"(0.00201, 0.0338]",-1.0045845712063748,0.0,1
ASTER/USDT,3,"(0.000792, 0.0012]",-1.0058317021110805,0.0,9
UNI/USDT,2,"(-0.001, 0.000463]",-1.0062190118399172,0.0,1
SUI/USDT,20,"(0.00201, 0.0338]",-1.0075529736119584,0.0,2
SUI/USDT,0,"(0.0012, 0.00201]",-1.0082088590655605,0.0,2
ADA/USDT,23,"(0.000463, 0.000792]",-1.008832794851967,0.0,4
LINK/USDT,3,"(0.000463, 0.000792]",-1.009355065119978,0.0,2
ZEC/USDT,17,"(0.00201, 0.0338]",-1.010278476475944,0.0,1
UNI/USDT,6,"(0.000792, 0.0012]",-1.0107794112478756,0.0,5
XLM/USDT,6,"(0.000792, 0.0012]",-1.0122729828687498,0.0,2
KITE/USDT,1,"(0.00201, 0.0338]",-1.014982698517836,0.0,3
BGB/USDT,9,"(0.000792, 0.0012]",-1.0150765357319407,0.0,2
XLM/USDT,10,"(-0.001, 0.000463]",-1.0152185831409033,0.0,4
BNB/USDT,4,"(-0.001, 0.000463]",-1.0156271078330554,0.0,7
WLD/USDT,2,"(0.00201, 0.0338]",-1.0158348533278976,0.0,1
PEPE/USDT,23,"(0.000792, 0.0012]",-1.015976825054284,0.0,1
UNI/USDT,4,"(0.000792, 0.0012]",-1.0171493113142083,0.0,7
BNB/USDT,2,"(0.000792, 0.0012]",-1.0194207290799022,0.0,2
MOODENG/USDT,18,"(0.000792, 0.0012]",-1.0197118555967557,0.0,1
LTC/USDT,23,"(0.000463, 0.000792]",-1.0219227718799815,0.0,2
ADA/USDT,3,"(0.000463, 0.000792]",-1.0229803066132133,0.0,3
LPT/USDT,6,"(0.0012, 0.00201]",-1.0230159099358977,0.018752765891255935,3
BCH/USDT,5,"(0.000463, 0.000792]",-1.025273643663795,0.0,1
RECALL/USDT,6,"(-0.001, 0.000463]",-1.025972564166329,0.0,1
XRP/USDT,9,"(0.000792, 0.0012]",-1.0267401518012622,0.0,6
ETH/USDT,3,"(0.000463, 0.000792]",-1.0270634894948227,0.0,7
LINK/USDT,2,"(0.000792, 0.0012]",-1.0270796545332461,0.0,3
SUI/USDT,22,"(0.0012, 0.00201]",-1.027137072274226,0.0,5
ETH/USDT,20,"(0.0012, 0.00201]",-1.0281952778706216,0.0,6
UNI/USDT,3,"(0.000463, 0.000792]",-1.0296574071999827,0.0,6
RECALL/USDT,0,"(-0.001, 0.000463]",-1.0304898081236722,0.0,4
0G/USDT,2,"(0.000792, 0.0012]",-1.0318670834606503,0.0,5
MORPHO/USDT,5,"(-0.001, 0.000463]",-1.032346029773206,0.0,3
HBAR/USDT,20,"(0.0012, 0.00201]",-1.0330402848191877,0.0,1
TRX/USDT,2,"(0.000463, 0.000792]",-1.0330412413935848,0.0,3
SUI/USDT,9,"(0.000792, 0.0012]",-1.035082392627134,0.0,4
ZEC/USDT,23,"(0.0012, 0.00201]",-1.0352855268337158,0.0,5
DOGE/USDT,6,"(-0.001, 0.000463]",-1.0355683863371188,0.0,6
XLM/USDT,22,"(0.000792, 0.0012]",-1.035808654204761,0.0,3
DOGE/USDT,10,"(0.0012, 0.00201]",-1.035825567253747,0.0,4
ADA/USDT,10,"(-0.001, 0.000463]",-1.0360599627918283,0.0,1
MOODENG/USDT,4,"(-0.001, 0.000463]",-1.0365356665495797,0.0,4
BGB/USDT,6,"(0.000463, 0.000792]",-1.0402187898186226,0.0,3
XLM/USDT,3,"(0.000792, 0.0012]",-1.041429543311628,0.0,7
BTC/USDT,4,"(0.000463, 0.000792]",-1.0426429675243487,0.0,9
XRP/USDT,4,"(-0.001, 0.000463]",-1.044158066884715,0.0,5
MORPHO/USDT,5,"(0.0012, 0.00201]",-1.0447493060958974,0.0,3
MON/USDT,20,"(0.000792, 0.0012]",-1.0510347366574742,0.0,1
UNI/USDT,4,"(-0.001, 0.000463]",-1.0533649201199062,0.0,2
BTC/USDT,3,"(0.000792, 0.0012]",-1.054405729443647,0.0,7
SOL/USDT,16,"(0.00201, 0.0338]",-1.0550835142559976,0.0,1
ZEC/USDT,22,"(0.0012, 0.00201]",-1.0557942946361678,0.0,4
UNI/USDT,3,"(0.0012, 0.00201]",-1.056002825339943,0.0,8
HBAR/USDT,2,"(0.000463, 0.000792]",-1.0582546176839587,0.0,3
SONIC/USDT,18,"(0.0012, 0.00201]",-1.0585297232639141,0.0,1
MORPHO/USDT,3,"(-0.001, 0.000463]",-1.0614018069838729,0.0,2
BTC/USDT,20,"(0.0012, 0.00201]",-1.0615263399973898,0.0,6
ETH/USDT,4,"(0.0012, 0.00201]",-1.0615558485599554,0.0,8
WLD/USDT,23,"(0.000792, 0.0012]",-1.0624145012216677,0.0,7
AVAX/USDT,12,"(0.000463, 0.000792]",-1.0645155898559875,0.0,1
LA/USDT,14,"(0.00201, 0.0338]",-1.0648811618680138,0.0,2
LINK/USDT,1,"(0.0012, 0.00201]",-1.0662057079600213,0.0,2
MYX/USDT,23,"(0.00201, 0.0338]",-1.0663818719999727,0.14736378191502444,2
XLM/USDT,1,"(-0.001, 0.000463]",-1.0664476646323853,0.0,3
PEPE/USDT,4,"(0.00201, 0.0338]",-1.0672572484082397,0.0,6
UNI/USDT,3,"(0.000792, 0.0012]",-1.0680077740479341,0.0,5
XLM/USDT,1,"(0.000792, 0.0012]",-1.0684042507423457,0.0,4
WLD/USDT,22,"(0.00201, 0.0338]",-1.0686133323479514,0.0,2
MOODENG/USDT,0,"(0.00201, 0.0338]",-1.0706297840640067,0.0,1
AAVE/USDT,5,"(0.00201, 0.0338]",-1.0709881811999291,0.0,2
BCH/USDT,4,"(0.000792, 0.0012]",-1.0715800998379528,0.0,4
ZEC/USDT,20,"(0.00201, 0.0338]",-1.0717077393766803,0.0,11
MORPHO/USDT,3,"(0.0012, 0.00201]",-1.071891255370591,0.0,3
XRP/USDT,7,"(0.0012, 0.00201]",-1.073504238239987,0.0,1
LTC/USDT,9,"(-0.001, 0.000463]",-1.074052679999872,0.0,2
PENGU/USDT,4,"(0.000792, 0.0012]",-1.0760496054094149,0.0,10
AAVE/USDT,3,"(0.000463, 0.000792]",-1.0808168459199794,0.0,2
MYX/USDT,2,"(0.0012, 0.00201]",-1.082414753760006,0.0,1
PENGU/USDT,17,"(0.00201, 0.0338]",-1.0832540685410057,0.0,1
TRX/USDT,22,"(-0.001, 0.000463]",-1.084787248860814,0.0,9
LTC/USDT,8,"(-0.001, 0.000463]",-1.085137321879949,0.0,2
AAVE/USDT,18,"(0.0012, 0.00201]",-1.0854096544799847,0.0,1
AVAX/USDT,23,"(0.000792, 0.0012]",-1.0861700811979593,0.0,4
ETH/USDT,3,"(0.000792, 0.0012]",-1.0874087797012666,0.0,9
BNB/USDT,3,"(-0.001, 0.000463]",-1.0877444192919445,0.0,8
BNB/USDT,10,"(0.000463, 0.000792]",-1.0885924588800409,0.0,1
MOODENG/USDT,23,"(-0.001, 0.000463]",-1.0909211794372338,0.0,5
BNB/USDT,1,"(-0.001, 0.000463]",-1.0912072020479742,0.0,1
AAVE/USDT,4,"(0.000463, 0.000792]",-1.092811283343904,0.0,10
UNI/USDT,6,"(-0.001, 0.000463]",-1.0930223261332603,0.0,3
DOGE/USDT,3,"(0.0012, 0.00201]",-1.0942905142071266,0.0,6
H/USDT,4,"(0.00201, 0.0338]",-1.0953105678908661,0.11098283340371462,13
AVAX/USDT,20,"(0.0012, 0.00201]",-1.0957733799598746,0.0,1
SOL/USDT,4,"(0.000463, 0.000792]",-1.097941403966354,0.0,5
XLM/USDT,2,"(0.000792, 0.0012]",-1.0996540340231435,0.0,2
AAVE/USDT,18,"(0.000792, 0.0012]",-1.1007832780799522,0.0,1
XLM/USDT,9,"(0.0012, 0.00201]",-1.1009483450291282,0.0,2
AAVE/USDT,22,"(0.00201, 0.0338]",-1.1025928653599053,0.0,2
BTC/USDT,10,"(0.000463, 0.000792]",-1.1027990749031176,0.0,7
ETH/USDT,4,"(0.00201, 0.0338]",-1.1036660251518808,0.0,3
MON/USDT,3,"(0.000463, 0.000792]",-1.1037984862118768,0.0,1
ZRO/USDT,5,"(0.00201, 0.0338]",-1.1051526748586051,0.12204511106940875,6
ZEC/USDT,1,"(0.00201, 0.0338]",-1.107918932088943,0.0,5
HBAR/USDT,4,"(0.000463, 0.000792]",-1.1101693127459196,0.0,5
AAVE/USDT,1,"(-0.001, 0.000463]",-1.1107099964799316,0.0,6
UNI/USDT,6,"(0.000463, 0.000792]",-1.1112023641759248,0.0,5
ASTER/USDT,4,"(-0.001, 0.000463]",-1.1119367731679752,0.0,2
SOL/USDT,2,"(0.0012, 0.00201]",-1.1124642197759298,0.0,3
BGB/USDT,12,"(0.000463, 0.000792]",-1.1136205884191044,0.0,5
ZRO/USDT,4,"(0.00201, 0.0338]",-1.1141321366459334,0.0,4
AAVE/USDT,7,"(0.000463, 0.000792]",-1.1154270223999818,0.0,1
MYX/USDT,1,"(0.0012, 0.00201]",-1.115844578427975,0.0,2
ASTER/USDT,0,"(0.000792, 0.0012]",-1.1169460425599445,0.0,1
HYPE/USDT,5,"(0.0012, 0.00201]",-1.119061597295894,0.0,1
BERA/USDT,1,"(0.00201, 0.0338]",-1.121441778521011,0.0,3
WLD/USDT,3,"(0.000792, 0.0012]",-1.12235292090872,0.0,5
TAO/USDT,6,"(0.000463, 0.000792]",-1.1241533314299426,0.0,2
BTC/USDT,21,"(0.0012, 0.00201]",-1.124188357336805,0.0,1
TRX/USDT,21,"(0.000463, 0.000792]",-1.1243992618767495,0.0,1
DOGE/USDT,4,"(0.0012, 0.00201]",-1.1246946942954519,0.0,7
SOL/USDT,5,"(0.000792, 0.0012]",-1.1251275579385112,0.0,3
MON/USDT,20,"(0.00201, 0.0338]",-1.1253608453695267,0.0,1
SOL/USDT,4,"(0.0012, 0.00201]",-1.1260993076369428,0.0,8
SOL/USDT,5,"(0.000463, 0.000792]",-1.1284200673892295,0.0,3
WLD/USDT,23,"(0.000463, 0.000792]",-1.130284541747904,0.0,4
LTC/USDT,12,"(0.000463, 0.000792]",-1.1309988398400224,0.0,1
LINK/USDT,5,"(0.00201, 0.0338]",-1.1314259919999865,0.0,1
ETH/USDT,2,"(0.00201, 0.0338]",-1.1319827313239688,0.0,2
UNI/USDT,4,"(0.0012, 0.00201]",-1.1323083217599452,0.0,9
HBAR/USDT,6,"(-0.001, 0.000463]",-1.1327165881377468,0.0,4
AAVE/USDT,1,"(0.000792, 0.0012]",-1.1337843783679031,0.0,5
B2/USDT,6,"(-0.001, 0.000463]",-1.133812400319828,0.0,1
AAVE/USDT,1,"(0.000463, 0.000792]",-1.135846588346593,0.0,3
BERA/USDT,4,"(-0.001, 0.000463]",-1.135910852149534,0.0,3
AAVE/USDT,4,"(-0.001, 0.000463]",-1.1372828543199431,0.0,2
HOME/USDT,22,"(0.0012, 0.00201]",-1.138134350572774,0.0,2
LA/USDT,2,"(0.0012, 0.00201]",-1.1406542434558937,0.0,1
PENGU/USDT,2,"(0.0012, 0.00201]",-1.1417206145815961,0.005099361065731383,4
DOGE/USDT,5,"(0.000463, 0.000792]",-1.1425557945982752,0.0,2
BCH/USDT,3,"(0.00201, 0.0338]",-1.1449790338560004,0.0,1
SONIC/USDT,20,"(0.000792, 0.0012]",-1.1454290722559868,0.0,1
AVAX/USDT,5,"(0.000463, 0.000792]",-1.146955780623988,0.0,2
BTC/USDT,3,"(0.000463, 0.000792]",-1.1479905459773518,0.0,10
MORPHO/USDT,10,"(0.0012, 0.00201]",-1.1481384887159534,0.0,2
XLM/USDT,10,"(0.000463, 0.000792]",-1.148559471212763,0.0,6
AAVE/USDT,20,"(0.0012, 0.00201]",-1.149520620015964,0.0,5
PAXG/USDT,10,"(-0.001, 0.000463]",-1.1495380402141597,0.0,4
MON/USDT,5,"(0.00201, 0.0338]",-1.150983341551923,0.0,2
SUI/USDT,1,"(0.0012, 0.00201]",-1.1537516742721265,0.0,5
BNB/USDT,4,"(0.000463, 0.000792]",-1.154707869506342,0.0,10
B2/USDT,5,"(-0.001, 0.000463]",-1.1547147136906208,0.0,3
WLD/USDT,4,"(0.0012, 0.00201]",-1.156885794883495,0.07852543919296143,9
HBAR/USDT,3,"(0.000792, 0.0012]",-1.1572270988311866,0.0,6
LPT/USDT,7,"(-0.001, 0.000463]",-1.1572674551279654,0.0,1
WLD/USDT,23,"(-0.001, 0.000463]",-1.1594781637759455,0.0,3
XLM/USDT,1,"(0.000463, 0.000792]",-1.1599172487726985,0.0,2
PAXG/USDT,8,"(-0.001, 0.000463]",-1.1606264560320039,0.0,2
HOME/USDT,1,"(0.000792, 0.0012]",-1.160653526218866,0.0,3
AAVE/USDT,2,"(0.000792, 0.0012]",-1.1643772201599831,0.0,1
AVAX/USDT,11,"(0.000463, 0.000792]",-1.1648870074559197,0.0,1
HBAR/USDT,2,"(0.00201, 0.0338]",-1.1667700386215252,0.0,2
XAUT/USDT,4,"(-0.001, 0.000463]",-1.1692840479199198,0.0,14
H/USDT,15,"(0.0012, 0.00201]",-1.1711588573951999,0.0,1
ADA/USDT,2,"(0.000792, 0.0012]",-1.1731960663039107,0.0,1
ADA/USDT,1,"(0.000463, 0.000792]",-1.1739416145118868,0.0,2
AAVE/USDT,1,"(0.0012, 0.00201]",-1.1748072978399353,0.0,4
BGB/USDT,6,"(-0.001, 0.000463]",-1.175461175740054,0.0,2
TRX/USDT,11,"(0.000463, 0.000792]",-1.176452023536057,0.0,1
SUI/USDT,9,"(0.0012, 0.00201]",-1.1772290354797492,0.0,5
ASTER/USDT,4,"(0.00201, 0.0338]",-1.1775977303999265,0.0,1
AVAX/USDT,10,"(-0.001, 0.000463]",-1.1798749176607077,0.0,5
AAVE/USDT,19,"(0.00201, 0.0338]",-1.1800376005199702,0.0,2
XRP/USDT,4,"(0.000463, 0.000792]",-1.1821482451189067,0.0,8
0G/USDT,1,"(-0.001, 0.000463]",-1.1843197144470459,0.0,9
WLD/USDT,2,"(0.0012, 0.00201]",-1.1849094146959471,0.0,3
BNB/USDT,4,"(0.000792, 0.0012]",-1.1860584190999155,0.0,6
DOGE/USDT,2,"(0.00201, 0.0338]",-1.1876124332519578,0.0,1
UNI/USDT,21,"(0.0012, 0.00201]",-1.191377538679929,0.0,2
WLD/USDT,6,"(-0.001, 0.000463]",-1.1928455184626083,0.0,6
LA/USDT,4,"(0.00201, 0.0338]",-1.1932558833631821,0.03453175565892093,10
BNB/USDT,2,"(0.000463, 0.000792]",-1.1937218585520095,0.0,2
LINK/USDT,22,"(0.0012, 0.00201]",-1.1951006052266833,0.0,3
AVAX/USDT,5,"(-0.001, 0.000463]",-1.1960827900078705,0.0,1
UNI/USDT,2,"(0.0012, 0.00201]",-1.1971525097027786,0.0,7
BTC/USDT,23,"(0.000792, 0.0012]",-1.200619557107192,0.0,1
MON/USDT,3,"(0.0012, 0.00201]",-1.2013299110806979,0.0,1
BNB/USDT,1,"(0.000463, 0.000792]",-1.2032582828638563,0.0,1
XLM/USDT,4,"(0.000463, 0.000792]",-1.2067702740362118,0.0,9
XLM/USDT,23,"(0.000463, 0.000792]",-1.207637127665433,0.0,5
WLD/USDT,3,"(0.000463, 0.000792]",-1.2101357706559714,0.0,2
ETH/USDT,5,"(0.000792, 0.0012]",-1.213844674406615,0.0,6
UNI/USDT,2,"(0.000792, 0.0012]",-1.2156471406043687,0.0,9
BTC/USDT,10,"(-0.001, 0.000463]",-1.2187170927106412,0.0,5
B2/USDT,10,"(-0.001, 0.000463]",-1.218858257759907,0.0,2
HBAR/USDT,4,"(-0.001, 0.000463]",-1.2190872284972625,0.0,8
AAVE/USDT,2,"(0.0012, 0.00201]",-1.2224515032599501,0.0,8
HOME/USDT,23,"(-0.001, 0.000463]",-1.2231178096915605,0.0,6
ASTER/USDT,5,"(0.000463, 0.000792]",-1.223724903519878,0.0,2
MOODENG/USDT,3,"(0.00201, 0.0338]",-1.2248316851175538,0.0,2
XLM/USDT,5,"(0.000792, 0.0012]",-1.2249406573440114,0.0,1
DOGE/USDT,7,"(-0.001, 0.000463]",-1.2289017796326696,0.0,1
PEPE/USDT,22,"(0.00201, 0.0338]",-1.2312065909993182,0.0,3
MORPHO/USDT,5,"(0.000792, 0.0012]",-1.234882948459893,0.0,2
MOODENG/USDT,20,"(0.00201, 0.0338]",-1.2371475129857874,0.0,3
BERA/USDT,2,"(0.00201, 0.0338]",-1.2409076819647613,0.0,3
BNB/USDT,2,"(0.0012, 0.00201]",-1.2417770989679182,0.0,2
ZEC/USDT,0,"(0.00201, 0.0338]",-1.2430766353685783,0.07855684117795102,7
BNB/USDT,19,"(0.0012, 0.00201]",-1.2433607797465849,0.0,3
BERA/USDT,10,"(0.00201, 0.0338]",-1.24426839542397,0.0,1
SONIC/USDT,9,"(0.0012, 0.00201]",-1.2458369177639095,0.0,2
ETH/USDT,6,"(-0.001, 0.000463]",-1.2465208048798935,0.0,1
AVAX/USDT,2,"(0.000792, 0.0012]",-1.2478044538505408,0.0,6
PENGU/USDT,23,"(0.000792, 0.0012]",-1.2491337505041,0.0,1
DOGE/USDT,5,"(0.0012, 0.00201]",-1.2520261059179796,0.0,4
BNB/USDT,3,"(0.000792, 0.0012]",-1.252399462391824,0.0,3
AAVE/USDT,6,"(-0.001, 0.000463]",-1.2528445527999141,0.0,3
WLD/USDT,6,"(0.000463, 0.000792]",-1.2531534790379226,0.0,4
0G/USDT,6,"(0.000792, 0.0012]",-1.2543125010586282,0.0,3
LPT/USDT,11,"(-0.001, 0.000463]",-1.2600272739598948,0.0,2
XRP/USDT,10,"(0.000463, 0.000792]",-1.2612018656958492,0.0,6
AAVE/USDT,3,"(0.000792, 0.0012]",-1.2616240070265452,0.0,6
XRP/USDT,10,"(0.000792, 0.0012]",-1.2667256934292033,0.0,3
HBAR/USDT,4,"(0.000792, 0.0012]",-1.2676144038187334,0.0,6
LINK/USDT,5,"(0.000792, 0.0012]",-1.2682801194079178,0.0,5
PENGU/USDT,4,"(0.000463, 0.000792]",-1.268700585637496,0.0,7
BCH/USDT,6,"(0.000463, 0.000792]",-1.269647381375994,0.0,2
BTC/USDT,1,"(0.0012, 0.00201]",-1.2712023541614796,0.0,1
ZRO/USDT,9,"(0.000792, 0.0012]",-1.273465756527997,0.0,1
LTC/USDT,3,"(0.0012, 0.00201]",-1.2746346392265326,0.0,3
HOME/USDT,12,"(0.00201, 0.0338]",-1.2759647656567796,0.0,1
PENGU/USDT,3,"(0.0012, 0.00201]",-1.2759848670963638,0.0,9
TAO/USDT,6,"(0.000792, 0.0012]",-1.2786544806447595,0.0,2
HBAR/USDT,5,"(-0.001, 0.000463]",-1.2806873991477485,0.0,4
MORPHO/USDT,10,"(-0.001, 0.000463]",-1.2895047968279139,0.0,6
HOME/USDT,2,"(-0.001, 0.000463]",-1.2920383379357636,0.0,4
LTC/USDT,5,"(0.000463, 0.000792]",-1.2930302787038601,0.0,5
LTC/USDT,8,"(0.000463, 0.000792]",-1.2987569255799591,0.0,8
MORPHO/USDT,1,"(0.0012, 0.00201]",-1.299380186687936,0.0,1
H/USDT,3,"(0.000792, 0.0012]",-1.300857895825173,0.0,2
WLD/USDT,5,"(0.000792, 0.0012]",-1.302694288183998,0.0,4
PEPE/USDT,17,"(0.00201, 0.0338]",-1.30666734667468,0.0,1
XLM/USDT,13,"(0.00201, 0.0338]",-1.3091933737063077,0.0,1
ETH/USDT,10,"(0.000463, 0.000792]",-1.3137975253998673,0.0,2
HYPE/USDT,10,"(0.00201, 0.0338]",-1.3161929683619447,0.0,2
BNB/USDT,2,"(-0.001, 0.000463]",-1.3168287078079213,0.0,4
SUI/USDT,23,"(0.0012, 0.00201]",-1.3208816883653711,0.0,4
AVAX/USDT,19,"(0.00201, 0.0338]",-1.3218082804079025,0.0,1
DOGE/USDT,7,"(0.000463, 0.000792]",-1.3226102730671823,0.0,1
MON/USDT,0,"(0.00201, 0.0338]",-1.3236176725193378,0.0,4
XLM/USDT,4,"(0.000792, 0.0012]",-1.326355418260555,0.0,5
RIVER/USDT,5,"(0.00201, 0.0338]",-1.3287344635910556,0.08842230418390437,9
SUI/USDT,3,"(0.00201, 0.0338]",-1.3292609267423512,0.0,3
PENGU/USDT,5,"(0.000792, 0.0012]",-1.330499674859228,0.0,1
TAO/USDT,5,"(0.0012, 0.00201]",-1.3308420202811964,0.0,2
XRP/USDT,4,"(0.000792, 0.0012]",-1.3318801031247074,0.0,5
AVAX/USDT,22,"(0.0012, 0.00201]",-1.3332160373239441,0.0,2
PENGU/USDT,22,"(0.0012, 0.00201]",-1.3335909894470293,0.0,5
AIO/USDT,19,"(0.00201, 0.0338]",-1.3367846289503682,0.0,1
ADA/USDT,6,"(-0.001, 0.000463]",-1.3384376279678047,0.0,2
0G/USDT,1,"(0.000792, 0.0012]",-1.3404315777120162,0.0,2
MON/USDT,2,"(-0.001, 0.000463]",-1.3416734571647573,0.0,4
LINK/USDT,5,"(0.000463, 0.000792]",-1.341841969759957,0.0,3
LTC/USDT,8,"(0.000792, 0.0012]",-1.3449877468799092,0.0,4
PENGU/USDT,3,"(0.000463, 0.000792]",-1.3481148895828032,0.0,4
LTC/USDT,6,"(-0.001, 0.000463]",-1.3492809212799228,0.0,2
FF/USDT,19,"(0.00201, 0.0338]",-1.3529852416079475,0.0,1
HBAR/USDT,22,"(0.000792, 0.0012]",-1.3553819048701587,0.0,4
ETH/USDT,2,"(0.0012, 0.00201]",-1.358373620303933,0.0,2
ADA/USDT,11,"(0.000463, 0.000792]",-1.358967318143929,0.0,1
LTC/USDT,9,"(0.0012, 0.00201]",-1.3625892806599227,0.0,4
DOGE/USDT,3,"(0.00201, 0.0338]",-1.3635473443775776,0.0,1
WLD/USDT,3,"(0.0012, 0.00201]",-1.3636219975065227,0.0,9
SUI/USDT,2,"(0.0012, 0.00201]",-1.368050986507031,0.0,7
LTC/USDT,9,"(0.000792, 0.0012]",-1.3687984312799935,0.0,1
ZEC/USDT,21,"(0.00201, 0.0338]",-1.37198101624047,0.0,9
ZRO/USDT,6,"(0.00201, 0.0338]",-1.3763313025279738,0.0,2
BERA/USDT,9,"(0.000792, 0.0012]",-1.3782048038302421,0.0,1
PI/USDT,7,"(0.00201, 0.0338]",-1.3789275055896588,0.0008649535301248475,14
H/USDT,22,"(0.000792, 0.0012]",-1.3793042816111174,0.0,1
HOME/USDT,3,"(0.00201, 0.0338]",-1.381632784254648,0.0,5
H/USDT,2,"(0.00201, 0.0338]",-1.3820522426306516,0.036186630646491545,11
ADA/USDT,2,"(0.00201, 0.0338]",-1.3861074743120343,0.0,3
ADA/USDT,10,"(0.0012, 0.00201]",-1.3867837212059506,0.0,4
0G/USDT,4,"(-0.001, 0.000463]",-1.397757797927876,0.0,2
LTC/USDT,23,"(0.0012, 0.00201]",-1.399090989600054,0.0,1
HBAR/USDT,11,"(0.000792, 0.0012]",-1.4013401527607914,0.0,1
AAVE/USDT,4,"(0.0012, 0.00201]",-1.4014671080599388,0.0,4
XAUT/USDT,11,"(-0.001, 0.000463]",-1.4048958967200789,0.0,1
RIVER/USDT,12,"(0.00201, 0.0338]",-1.408303533624742,0.4721689150611607,10
XAUT/USDT,10,"(-0.001, 0.000463]",-1.4135553320799306,0.0,15
XRP/USDT,3,"(0.0012, 0.00201]",-1.4136611088239868,0.0,3
SUI/USDT,5,"(0.000792, 0.0012]",-1.4142662754463504,0.0,1
HBAR/USDT,1,"(0.000792, 0.0012]",-1.414333925586169,0.0,5
LPT/USDT,14,"(0.00201, 0.0338]",-1.4154121827519492,0.0,3
MOODENG/USDT,21,"(0.0012, 0.00201]",-1.4205954033407788,0.0,1
MORPHO/USDT,4,"(0.00201, 0.0338]",-1.4223085602986136,0.0,6
PENGU/USDT,23,"(0.0012, 0.00201]",-1.4230815787535183,0.0,4
GRASS/USDT,7,"(0.00201, 0.0338]",-1.4233809647626685,0.15348599578909,3
PENGU/USDT,3,"(0.000792, 0.0012]",-1.424676120648629,0.0,6
PI/USDT,6,"(0.00201, 0.0338]",-1.426009002879933,0.02760903584921977,7
BERA/USDT,4,"(0.0012, 0.00201]",-1.4284678750437456,0.0,9
XAUT/USDT,7,"(-0.001, 0.000463]",-1.430709354171286,0.0,7
H/USDT,22,"(0.00201, 0.0338]",-1.4313226791324816,0.0,6
KITE/USDT,4,"(0.00201, 0.0338]",-1.4333971980694162,0.0880459438224719,25
HYPE/USDT,6,"(0.0012, 0.00201]",-1.4359820745425413,0.0,4
AAVE/USDT,23,"(0.000792, 0.0012]",-1.441002622919872,0.0,2
BGB/USDT,10,"(-0.001, 0.000463]",-1.4417341620958806,0.0,2
MOODENG/USDT,3,"(0.000792, 0.0012]",-1.445290457564444,0.0,2
AAVE/USDT,21,"(0.0012, 0.00201]",-1.4458560782399157,0.0,1
0G/USDT,5,"(-0.001, 0.000463]",-1.4493234370558339,0.0,1
LTC/USDT,4,"(0.0012, 0.00201]",-1.4508134039039733,0.0,5
HBAR/USDT,3,"(0.0012, 0.00201]",-1.4535261903372334,0.0,6
AVAX/USDT,4,"(0.00201, 0.0338]",-1.4583901445118186,0.0,1
HOME/USDT,0,"(-0.001, 0.000463]",-1.460288519993948,0.0,4
XRP/USDT,10,"(0.0012, 0.00201]",-1.4627244789598286,0.0,4
XLM/USDT,10,"(0.0012, 0.00201]",-1.4647518697222197,0.0,2
BGB/USDT,12,"(0.0012, 0.00201]",-1.4696591790919102,0.0,2
SONIC/USDT,4,"(0.000792, 0.0012]",-1.4726500766318686,0.0,1
GRASS/USDT,11,"(0.000792, 0.0012]",-1.477746547199796,0.0,1
0G/USDT,3,"(0.0012, 0.00201]",-1.4795401485600244,0.0,1
HBAR/USDT,6,"(0.000792, 0.0012]",-1.4879688536168167,0.0,3
DOGE/USDT,6,"(0.000792, 0.0012]",-1.4918085425300358,0.0,2
BTC/USDT,4,"(0.0012, 0.00201]",-1.4934087014208952,0.0,5
XLM/USDT,4,"(0.00201, 0.0338]",-1.4945233169446572,0.0,2
DOGE/USDT,5,"(0.000792, 0.0012]",-1.4967691854865157,0.0,3
UNI/USDT,4,"(0.00201, 0.0338]",-1.5025219467999134,0.0,2
MON/USDT,1,"(0.00201, 0.0338]",-1.5058213253275665,0.021338334278939372,4
ETH/USDT,10,"(0.0012, 0.00201]",-1.5114137289600222,0.0,1
ETH/USDT,12,"(0.000792, 0.0012]",-1.5120961192105102,0.0,3
SONIC/USDT,5,"(-0.001, 0.000463]",-1.5132809031296048,0.0,1
SUI/USDT,10,"(0.0012, 0.00201]",-1.5168181504065341,0.0,5
ADA/USDT,5,"(0.0012, 0.00201]",-1.5171469594239495,0.008697244477686864,4
TRX/USDT,11,"(-0.001, 0.000463]",-1.5173703098277178,0.0,8
SOL/USDT,10,"(0.00201, 0.0338]",-1.5195044891519982,0.0,1
BNB/USDT,4,"(0.0012, 0.00201]",-1.5214979686199077,0.0,2
LTC/USDT,4,"(0.00201, 0.0338]",-1.5259231238397863,0.0,1
SONIC/USDT,5,"(0.00201, 0.0338]",-1.525939085855982,0.0,1
HBAR/USDT,5,"(0.000463, 0.000792]",-1.5301723600916464,0.0,3
BCH/USDT,4,"(0.0012, 0.00201]",-1.5372874755039425,0.0,2
MORPHO/USDT,7,"(0.00201, 0.0338]",-1.546406308231971,0.0,3
ZRO/USDT,21,"(0.00201, 0.0338]",-1.5496190503199871,0.0,2
WLD/USDT,5,"(0.000463, 0.000792]",-1.5569002592239967,0.0,2
XLM/USDT,4,"(-0.001, 0.000463]",-1.5579280111287268,0.0,4
HOME/USDT,3,"(-0.001, 0.000463]",-1.5624475580722768,0.0,4
PENGU/USDT,23,"(0.00201, 0.0338]",-1.5627260278614359,0.0,1
XLM/USDT,5,"(0.0012, 0.00201]",-1.564010914979202,0.0,4
TAO/USDT,18,"(0.00201, 0.0338]",-1.5675524491872042,0.0,1
UNI/USDT,5,"(0.000792, 0.0012]",-1.5681503207999998,0.0,1
ZRO/USDT,11,"(0.00201, 0.0338]",-1.5685880997533774,0.11079924659055991,11
ASTER/USDT,1,"(0.00201, 0.0338]",-1.5711234553999605,0.0,3
SUI/USDT,4,"(0.000463, 0.000792]",-1.5756201005599495,0.0,1
H/USDT,6,"(0.0012, 0.00201]",-1.5771253906139926,0.0,3
XLM/USDT,3,"(0.0012, 0.00201]",-1.57716393535166,0.0,3
LPT/USDT,2,"(0.00201, 0.0338]",-1.5801557574599627,0.0,2
HOME/USDT,9,"(0.0012, 0.00201]",-1.5803221363246425,0.0,1
HBAR/USDT,6,"(0.000463, 0.000792]",-1.5819108010329206,0.0,4
TAO/USDT,4,"(0.00201, 0.0338]",-1.5836471597663069,0.0,1
ADA/USDT,5,"(0.00201, 0.0338]",-1.5919624069438538,0.0,1
ZEC/USDT,23,"(0.00201, 0.0338]",-1.5928187804811864,0.0,11
BNB/USDT,2,"(0.00201, 0.0338]",-1.6020111138238997,0.0,1
ZRO/USDT,0,"(0.00201, 0.0338]",-1.6030782231359666,0.0,1
SUI/USDT,4,"(0.0012, 0.00201]",-1.6052694386184085,0.0,4
MOODENG/USDT,3,"(-0.001, 0.000463]",-1.6078051098378563,0.0,3
ZRO/USDT,8,"(0.00201, 0.0338]",-1.6101108367679924,0.0,1
BERA/USDT,5,"(0.0012, 0.00201]",-1.6141074904054884,0.0,2
VELVET/USDT,6,"(-0.001, 0.000463]",-1.6151583942400025,0.0,1
ZEC/USDT,4,"(0.00201, 0.0338]",-1.6160517777103605,0.0,2
WLD/USDT,4,"(0.000463, 0.000792]",-1.6207030398440545,0.0,2
XLM/USDT,5,"(-0.001, 0.000463]",-1.6250463310848475,0.0,1
HYPE/USDT,9,"(0.0012, 0.00201]",-1.6290183367295583,0.0,1
HBAR/USDT,2,"(0.000792, 0.0012]",-1.6300501071303448,0.0,5
STO/USDT,6,"(0.0012, 0.00201]",-1.6304044358107683,0.0,2
MYX/USDT,0,"(0.00201, 0.0338]",-1.6309201217599647,0.0,3
B2/USDT,21,"(0.000792, 0.0012]",-1.635533569199993,0.0,1
AAVE/USDT,0,"(0.0012, 0.00201]",-1.6375038239999422,0.0,1
STO/USDT,10,"(-0.001, 0.000463]",-1.6390683485958981,0.0,3
BCH/USDT,5,"(0.000792, 0.0012]",-1.6451507043598501,0.0,2
XLM/USDT,2,"(-0.001, 0.000463]",-1.6475978127359627,0.0,1
ADA/USDT,6,"(0.000792, 0.0012]",-1.6531464018169242,0.0,8
ZRO/USDT,12,"(0.00201, 0.0338]",-1.6546979571850036,0.4450053847769301,11
UNI/USDT,5,"(0.000463, 0.000792]",-1.6646710476799067,0.0,2
XRP/USDT,5,"(0.0012, 0.00201]",-1.6668875147639268,0.0,4
AAVE/USDT,5,"(0.000792, 0.0012]",-1.6822556591599163,0.0,4
RIVER/USDT,4,"(0.00201, 0.0338]",-1.6863872989789914,0.06452360861508616,21
PI/USDT,23,"(0.00201, 0.0338]",-1.7098783470244556,0.032656370200477736,10
0G/USDT,11,"(0.0012, 0.00201]",-1.7120822053998803,0.0,2
HOME/USDT,2,"(0.0012, 0.00201]",-1.71384507107598,0.0,2
BTC/USDT,3,"(0.0012, 0.00201]",-1.7150206926900045,0.0,4
BNB/USDT,10,"(0.000792, 0.0012]",-1.7250945452799349,0.0,1
0G/USDT,5,"(0.000792, 0.0012]",-1.7258399400905684,0.0,3
HYPE/USDT,6,"(0.00201, 0.0338]",-1.7299688804910045,0.0,2
PENGU/USDT,5,"(-0.001, 0.000463]",-1.7335192663619479,0.0,1
XRP/USDT,11,"(0.000792, 0.0012]",-1.7437574089437522,0.0,1
BNB/USDT,11,"(0.000792, 0.0012]",-1.7569542395732551,0.0,3
LTC/USDT,6,"(0.000463, 0.000792]",-1.7714950892399326,0.0,2
SOL/USDT,5,"(0.0012, 0.00201]",-1.7717057622219392,0.0,4
LPT/USDT,10,"(-0.001, 0.000463]",-1.781537549568083,0.0,1
ASTER/USDT,4,"(0.0012, 0.00201]",-1.783331739666661,0.0,3
0G/USDT,2,"(0.000463, 0.000792]",-1.7888047430398701,0.0,1
PEPE/USDT,5,"(0.00201, 0.0338]",-1.7897178731429628,0.0,2
HBAR/USDT,10,"(0.0012, 0.00201]",-1.789847845499946,0.0,1
WLD/USDT,7,"(0.000463, 0.000792]",-1.7949771573598101,0.0,1
UNI/USDT,6,"(0.0012, 0.00201]",-1.7995873331466343,0.0,3
AVAX/USDT,2,"(-0.001, 0.000463]",-1.80414932556401,0.0,2
PENGU/USDT,4,"(0.0012, 0.00201]",-1.80440796075442,0.0,5
ADA/USDT,23,"(0.0012, 0.00201]",-1.8074128976638093,0.0,1
XLM/USDT,9,"(0.000792, 0.0012]",-1.8176797655805328,0.0,1
ASTER/USDT,5,"(0.000792, 0.0012]",-1.8273152145239249,0.0,2
HYPE/USDT,9,"(0.00201, 0.0338]",-1.8282506950320616,0.0,1
BTC/USDT,5,"(0.000463, 0.000792]",-1.828935715903904,0.0,3
WLD/USDT,22,"(0.0012, 0.00201]",-1.8304799740798998,0.0,3
0G/USDT,5,"(0.000463, 0.000792]",-1.830886965867812,0.0,6
BNB/USDT,3,"(0.0012, 0.00201]",-1.8311589612638535,0.0,3
MON/USDT,2,"(0.00201, 0.0338]",-1.8444725029960094,0.0,1
0G/USDT,6,"(0.000463, 0.000792]",-1.847099250269239,0.0,3
AVAX/USDT,10,"(0.0012, 0.00201]",-1.8537584494738883,0.0,4
PEPE/USDT,3,"(0.00201, 0.0338]",-1.8558369604784248,0.0,3
SUI/USDT,5,"(0.0012, 0.00201]",-1.858676102115963,0.0,2
BNB/USDT,5,"(0.000463, 0.000792]",-1.8721608512839014,0.0,6
0G/USDT,4,"(0.000463, 0.000792]",-1.8820467056759893,0.0,2
H/USDT,5,"(0.00201, 0.0338]",-1.8866667472902785,0.1823632170510865,18
0G/USDT,11,"(0.000463, 0.000792]",-1.8888268039598959,0.0,1
AVAX/USDT,3,"(0.0012, 0.00201]",-1.8891625411080206,0.0,4
PEPE/USDT,6,"(0.0012, 0.00201]",-1.894765136558739,0.0,3
0G/USDT,3,"(0.00201, 0.0338]",-1.8994615264186034,0.1169953083965993,3
BGB/USDT,9,"(0.000463, 0.000792]",-1.9021676710399664,0.0,2
XRP/USDT,12,"(0.0012, 0.00201]",-1.9023916483466259,0.0,3
TAO/USDT,10,"(0.00201, 0.0338]",-1.9065487603621125,0.0,4
BCH/USDT,5,"(0.0012, 0.00201]",-1.919334033231875,0.0,1
DOGE/USDT,8,"(0.0012, 0.00201]",-1.9225735603255494,0.0,1
WLD/USDT,4,"(0.00201, 0.0338]",-1.930216054501916,0.0,4
ASTER/USDT,12,"(0.000792, 0.0012]",-1.9308914472839045,0.0,2
PENGU/USDT,5,"(0.000463, 0.000792]",-1.9323067020191986,0.0,1
XLM/USDT,1,"(0.00201, 0.0338]",-1.932776604757482,0.0,2
AVAX/USDT,5,"(0.000792, 0.0012]",-1.9357707517518445,0.0,2
LA/USDT,5,"(0.00201, 0.0338]",-1.9364948400799438,0.0,2
H/USDT,0,"(0.00201, 0.0338]",-1.9390654732607864,0.0,1
SOL/USDT,10,"(0.0012, 0.00201]",-1.9395486878399795,0.0,2
SOL/USDT,11,"(0.0012, 0.00201]",-1.9404239316479583,0.0,1
PENGU/USDT,20,"(0.00201, 0.0338]",-1.9434430595638723,0.0,3
ZRO/USDT,9,"(0.00201, 0.0338]",-1.944026917069568,0.05288095062510644,11
BGB/USDT,6,"(0.0012, 0.00201]",-1.9478745774798782,0.0,1
TAO/USDT,6,"(0.0012, 0.00201]",-1.9489128875997683,0.0,1
KITE/USDT,5,"(0.00201, 0.0338]",-1.9506390998152316,0.09728311752236891,20
WLD/USDT,7,"(0.0012, 0.00201]",-1.9526991251599284,0.0,1
0G/USDT,7,"(0.0012, 0.00201]",-1.961178932807919,0.0,1
AAVE/USDT,3,"(0.00201, 0.0338]",-1.97000793047991,0.0,3
ETH/USDT,5,"(0.0012, 0.00201]",-1.9739698193332689,0.0,3
DOGE/USDT,4,"(0.00201, 0.0338]",-1.9742089141597021,0.0,1
HYPE/USDT,10,"(0.0012, 0.00201]",-1.9767589368670968,0.0,2
LTC/USDT,5,"(0.000792, 0.0012]",-1.9774580572798799,0.0,1
KITE/USDT,9,"(0.00201, 0.0338]",-1.9884609724431048,0.18364814541845673,18
LPT/USDT,7,"(0.0012, 0.00201]",-1.9894245965279511,0.0,1
PEPE/USDT,5,"(0.000792, 0.0012]",-1.989586702350857,0.0,2
BERA/USDT,12,"(0.00201, 0.0338]",-1.99483366916158,0.0,1
UNI/USDT,5,"(-0.001, 0.000463]",-1.9983911964798142,0.0,1
BERA/USDT,10,"(0.0012, 0.00201]",-2.000707026172687,0.0,1
LINK/USDT,10,"(0.0012, 0.00201]",-2.0220664895999305,0.0,1
AAVE/USDT,7,"(0.0012, 0.00201]",-2.033427071599903,0.0,2
UNI/USDT,22,"(0.00201, 0.0338]",-2.0377284091999996,0.0,1
BTC/USDT,10,"(0.000792, 0.0012]",-2.038136046055063,0.0,1
UNI/USDT,5,"(0.0012, 0.00201]",-2.0421181658199057,0.0,4
AVAX/USDT,4,"(0.0012, 0.00201]",-2.0479531044558876,0.0,3
MOODENG/USDT,5,"(0.0012, 0.00201]",-2.051012377265516,0.0,1
XLM/USDT,5,"(0.000463, 0.000792]",-2.0558048252355796,0.0,3
XLM/USDT,6,"(0.0012, 0.00201]",-2.056694901811129,0.0,1
0G/USDT,7,"(0.00201, 0.0338]",-2.0592243562558528,0.0,1
MORPHO/USDT,0,"(0.00201, 0.0338]",-2.0656992470399786,0.0,1
SOL/USDT,4,"(0.00201, 0.0338]",-2.0658486494998938,0.0,2
HBAR/USDT,4,"(0.0012, 0.00201]",-2.068370414567394,0.0,4
MORPHO/USDT,6,"(0.00201, 0.0338]",-2.0808221374568614,0.004128340370300788,4
AVAX/USDT,5,"(0.0012, 0.00201]",-2.100352101639828,0.0,2
MON/USDT,3,"(0.00201, 0.0338]",-2.1157865134194314,0.0,2
ADA/USDT,4,"(0.00201, 0.0338]",-2.1165013370878656,0.0,4
LINK/USDT,4,"(0.00201, 0.0338]",-2.167385241472009,0.0,5
B2/USDT,5,"(0.0012, 0.00201]",-2.1681319483040222,0.0,1
LTC/USDT,8,"(0.0012, 0.00201]",-2.1787036517827993,0.0,7
SUI/USDT,4,"(0.00201, 0.0338]",-2.18697007513674,0.0,4
SOL/USDT,12,"(0.0012, 0.00201]",-2.2029944816159257,0.0,1
SUI/USDT,2,"(0.00201, 0.0338]",-2.2145229275807683,0.0,2
UNI/USDT,23,"(0.00201, 0.0338]",-2.2260893147998586,0.0,1
KITE/USDT,8,"(0.00201, 0.0338]",-2.226451065600225,0.2803113498459556,15
SOL/USDT,3,"(0.00201, 0.0338]",-2.228620775400005,0.0,1
DOGE/USDT,10,"(0.00201, 0.0338]",-2.2293788937335495,0.0,1
AAVE/USDT,4,"(0.00201, 0.0338]",-2.240555305813242,0.0,3
MYX/USDT,7,"(0.00201, 0.0338]",-2.2406576539319696,0.0,2
BTC/USDT,5,"(0.0012, 0.00201]",-2.245681321834383,0.0,4
MORPHO/USDT,10,"(0.000463, 0.000792]",-2.2466090962826413,0.0,3
0G/USDT,6,"(0.0012, 0.00201]",-2.2498354887679963,0.0,2
APR/USDT,12,"(0.000792, 0.0012]",-2.253806993687099,0.0,1
TRX/USDT,10,"(-0.001, 0.000463]",-2.2688671381680994,0.0,10
FF/USDT,22,"(0.00201, 0.0338]",-2.2775666216423307,0.0,1
BERA/USDT,9,"(0.00201, 0.0338]",-2.3341208201472057,0.0,1
ETH/USDT,5,"(0.00201, 0.0338]",-2.335315654895897,0.0,3
LINK/USDT,3,"(0.00201, 0.0338]",-2.358459227519936,0.0,1
LTC/USDT,5,"(0.0012, 0.00201]",-2.381123882239694,0.0,1
H/USDT,6,"(0.00201, 0.0338]",-2.403836088037379,0.21491573518657317,18
MOODENG/USDT,3,"(0.0012, 0.00201]",-2.4062582372639016,0.0,1
AAVE/USDT,5,"(0.0012, 0.00201]",-2.4077964007199406,0.0,2
PI/USDT,21,"(0.00201, 0.0338]",-2.421136148479959,0.0,1
RECALL/USDT,1,"(-0.001, 0.000463]",-2.436922381713395,0.0,1
STO/USDT,20,"(0.00201, 0.0338]",-2.4390678133439616,0.0,1
LPT/USDT,11,"(0.0012, 0.00201]",-2.439402406127987,0.0,1
BTC/USDT,5,"(0.000792, 0.0012]",-2.441060166441942,0.0,2
HOME/USDT,10,"(0.00201, 0.0338]",-2.4506884215775484,0.41729784186255536,5
APR/USDT,2,"(0.00201, 0.0338]",-2.4510962030399477,0.0,1
AAVE/USDT,6,"(0.000792, 0.0012]",-2.452969160986578,0.0,3
H/USDT,12,"(0.00201, 0.0338]",-2.4676467956558925,0.0,3
HYPE/USDT,7,"(0.0012, 0.00201]",-2.472173236223883,0.0,1
MOODENG/USDT,11,"(0.00201, 0.0338]",-2.496678353266385,0.0,2
LA/USDT,5,"(0.0012, 0.00201]",-2.4998819104639605,0.0,1
STO/USDT,11,"(0.0012, 0.00201]",-2.5042521180072157,0.0,1
BCH/USDT,10,"(0.0012, 0.00201]",-2.513539622087933,0.0,1
PENGU/USDT,4,"(0.00201, 0.0338]",-2.5208342063766995,0.0,2
SOL/USDT,5,"(0.00201, 0.0338]",-2.5209749053319714,0.0,2
DOGE/USDT,6,"(0.0012, 0.00201]",-2.523475852334239,0.0,1
ADA/USDT,11,"(0.0012, 0.00201]",-2.5352482563239436,0.0,2
WLD/USDT,23,"(0.0012, 0.00201]",-2.557065272639964,0.0,1
LINK/USDT,5,"(0.0012, 0.00201]",-2.579793143239808,0.0,2
XRP/USDT,11,"(0.0012, 0.00201]",-2.6090978595599212,0.0,2
SUI/USDT,5,"(0.00201, 0.0338]",-2.635224179608796,0.0,2
SUI/USDT,9,"(0.00201, 0.0338]",-2.645298364719903,0.0,1
MOODENG/USDT,20,"(0.0012, 0.00201]",-2.6473237193039045,0.0,1
WLD/USDT,3,"(0.00201, 0.0338]",-2.660011619687943,0.0,1
WLD/USDT,5,"(0.0012, 0.00201]",-2.6782784489438582,0.0,4
RIVER/USDT,2,"(0.00201, 0.0338]",-2.7302217456799673,0.0,6
HOME/USDT,23,"(0.00201, 0.0338]",-2.7647735779111113,0.17034976106727265,3
HYPE/USDT,7,"(0.00201, 0.0338]",-2.822751378126913,0.0,3
HBAR/USDT,5,"(0.000792, 0.0012]",-2.838668678835047,0.0,3
DOGE/USDT,7,"(0.000792, 0.0012]",-2.854065930307031,0.0,1
BCH/USDT,11,"(0.0012, 0.00201]",-2.913701882255957,0.0,2
SUI/USDT,10,"(0.00201, 0.0338]",-2.9726710183572584,0.0,3
RIVER/USDT,22,"(0.00201, 0.0338]",-2.9949446340799466,0.0,1
LPT/USDT,7,"(0.00201, 0.0338]",-3.04011244185591,0.0,1
PENGU/USDT,5,"(0.0012, 0.00201]",-3.058139608794132,0.0,3
ADA/USDT,6,"(0.0012, 0.00201]",-3.1056211358080414,0.0,1
GRASS/USDT,12,"(0.00201, 0.0338]",-3.118652270447952,0.0,2
BERA/USDT,11,"(0.0012, 0.00201]",-3.1264767205662505,0.0,2
BERA/USDT,11,"(0.00201, 0.0338]",-3.1265944336510536,0.0,1
TAO/USDT,6,"(0.00201, 0.0338]",-3.16384822371989,0.0,3
KITE/USDT,10,"(0.00201, 0.0338]",-3.184134932201402,0.20549750693150723,13
ASTER/USDT,12,"(0.00201, 0.0338]",-3.2044682428798072,0.0,1
HBAR/USDT,5,"(0.0012, 0.00201]",-3.211794391617544,0.0,2
TRX/USDT,10,"(0.000463, 0.000792]",-3.391508880586965,0.0,1
PENGU/USDT,3,"(0.00201, 0.0338]",-3.410082242931748,0.0,1
HOME/USDT,11,"(-0.001, 0.000463]",-3.4566364969470857,0.0,1
MON/USDT,4,"(-0.001, 0.000463]",-3.464178268819169,0.0,1
HOME/USDT,11,"(0.0012, 0.00201]",-3.5033908667922353,0.08816032072010718,2
KITE/USDT,7,"(0.00201, 0.0338]",-3.636967242497156,0.0,4
0G/USDT,2,"(-0.001, 0.000463]",-3.6463300569599357,0.0,1
MORPHO/USDT,11,"(0.00201, 0.0338]",-3.7254773780639643,0.0,1
SOL/USDT,12,"(0.00201, 0.0338]",-3.7296317964958785,0.0,1
AAVE/USDT,6,"(0.0012, 0.00201]",-3.730757591999724,0.0,1
MYX/USDT,12,"(0.00201, 0.0338]",-3.8463229133997063,0.0,1
PENGU/USDT,5,"(0.00201, 0.0338]",-3.847110860885536,0.0,1
STO/USDT,11,"(0.00201, 0.0338]",-3.8524169539319,0.0,1
0G/USDT,5,"(0.00201, 0.0338]",-3.8896582938756934,0.0,2
ETH/USDT,12,"(0.00201, 0.0338]",-3.92719613623456,0.0,3
MYX/USDT,10,"(0.00201, 0.0338]",-4.043227688423936,0.09887150956083847,2
RECALL/USDT,20,"(-0.001, 0.000463]",-4.131323517600084,0.0,1
GRASS/USDT,4,"(0.00201, 0.0338]",-4.143421116869945,0.0,4
MORPHO/USDT,10,"(0.00201, 0.0338]",-4.224260214047828,0.0,1
MORPHO/USDT,5,"(0.00201, 0.0338]",-4.266423666443794,0.0,2
DOGE/USDT,7,"(0.0012, 0.00201]",-4.776265790092647,0.0,1
SONIC/USDT,11,"(0.00201, 0.0338]",-6.2982728183647065,0.0,1
MOODENG/USDT,5,"(0.00201, 0.0338]",-6.51858932972058,0.0,2
HOME/USDT,7,"(-0.001, 0.000463]",-8.31439992591984,0.0,3
DOGE/USDT,12,"(0.00201, 0.0338]",-8.348899052353683,0.0,4
HOME/USDT,4,"(0.00201, 0.0338]",-9.68978669323513,0.0,2
