pnl,score,entry_efficiency,entry_delay,slippage,mfe,mae,profit_capture_ratio
-0.06960724949118643,0.32385211796294194,1.0,0,,0.0007000000000000339,0.0,-99.43892784454722
-0.19796327410399925,0.4566537476422856,1.0,0,,0.12999999999999545,-0.28999999999999204,-1.522794416184663
-0.7374793637087877,0.4566537476422856,1.0,0,,0.0,-0.5200000000000102,
-0.30292077446397697,0.5349763630442276,1.0,0,,0.00019999999999997797,-0.00020000000000003348,-1514.6038723200518
-0.3612073103832042,0.3913781356305902,1.0,0,,0.0,-8.000000000000368e-05,
-0.28212940000000875,0.4022439472722752,,0,,0.0,0.0,
-0.45835005980798704,0.35669807168469625,1.0,0,,9.999999999998899e-05,-0.0014000000000000123,-4583.500598080375
-0.29019434065438954,0.3434710219580873,1.0,0,,0.012000000000000455,-0.05000000000000071,-24.18286172119821
-0.10920627765600127,0.3392723956144714,1.0,0,,0.0004999999999999449,0.0,-218.4125553120266
-0.09823415457920066,0.3434710219580873,1.0,0,,0.03200000000000003,0.0,-3.069817330600018
-0.13097254801677652,0.4566537476422856,1.0,0,,0.21000000000000796,-0.030000000000001137,-0.6236788000798645
-0.09483157724797439,0.30466642644081976,1.0,0,,0.0006000000000000449,0.0,-158.05262874661216
-0.40998359999995804,0.5361724282598392,1.0,0,,0.0,-0.00019999999999997797,
-0.32277000974401826,0.4022439472722752,1.0,0,,0.0,-0.000200000000000089,
-0.19993958060799516,0.39887644187122356,1.0,0,,0.00040000000000006697,0.0,-499.84895151990423
-0.3044149743199922,0.5387942598351533,1.0,0,,0.00019999999999997797,0.0,-1522.0748716001287
-0.379271792899984,0.33454149535813343,1.0,0,,0.0,-0.04400000000000048,
-0.270009616464009,0.3358805843432995,1.0,0,,9.999999999998899e-05,-0.00030000000000002247,-2700.0961646403875
-0.7862895898799791,0.5387942598351533,1.0,0,,0.0,-0.0006999999999999784,
-0.1424098259167857,0.33454149535813343,1.0,0,,0.018000000000000682,-0.0030000000000001137,-7.911656995376683
-0.188337199999984,0.300215996462442,,0,,0.0,0.0,
-0.40202042908800073,0.39887644187122356,1.0,0,,0.0,-0.0006000000000000449,
-0.20006078060799207,0.40166434421968533,1.0,0,,0.00040000000000006697,0.0,-500.15195151989644
-0.16045245035519415,0.4079836294129007,1.0,0,,0.1599999999999966,0.0,-1.0028278147199847
-1.3091933737063077,0.4671435046720455,1.0,0,,0.0,-0.00037999999999999146,
-0.19452598060801363,0.3891878368474792,1.0,0,,0.0007999999999999119,-0.00029999999999996696,-243.1574757600438
-0.2134791820479774,0.4179946485639269,1.0,0,,0.00020000000000003348,-9.999999999998899e-05,-1067.3959102397082
-0.13612027822077077,0.4671435046720455,1.0,0,,0.00017000000000000348,0.0,-800.707518945694
-0.395036445935994,0.3427113800295829,1.0,0,,0.010000000000001563,-0.05799999999999983,-39.50364459359323
-0.4791274680815889,0.3968505168065106,1.0,0,,0.0,-7.000000000000062e-05,
-0.16036797039357914,0.4079836294129007,1.0,0,,0.160000000000025,-0.19999999999998863,-1.0022998149597129
-0.44452943897599084,0.40166434421968533,1.0,0,,0.0,-0.0004999999999999449,
-0.13743783959359696,0.45692692880771474,1.0,0,,0.0006000000000000449,0.0,-229.0630659893111
-0.29899636422398274,0.3391969296807761,1.0,0,,0.0007999999999999674,-0.0005000000000000004,-373.7454552799936
-0.4753166448800029,0.4179946485639269,1.0,0,,0.0,-0.0005000000000000004,
-0.18036809445598856,0.3427113800295829,1.0,0,,0.007999999999999119,-0.003999999999997783,-22.546011807001054
-0.19277207942243596,0.3968505168065106,1.0,0,,2.9999999999995308e-05,-3.0000000000002247e-05,-6425.73598074887
-0.2550451951520015,0.3891878368474792,1.0,0,,0.00019999999999997797,-0.0007999999999999119,-1275.225975760148
-0.18449807815034186,0.4460738834296361,1.0,0,,0.20000000000001705,-0.09999999999999432,-0.9224903907516306
-0.2927023999999751,0.42707754240902784,,0,,0.0,0.0,
-0.18279847539998362,0.41079948621727636,1.0,0,,0.000500000000000056,0.0,-365.59695079992633
-0.3616917623000101,0.4671435046720455,1.0,0,,0.0,-6.0000000000004494e-05,
-0.16671980601602793,0.4624536363023005,1.0,0,,0.0004999999999999449,0.0,-333.43961203209255
-0.18426107523358637,0.34436765384129,1.0,0,,0.006000000000000227,-0.012999999999998124,-30.710179205596564
-0.24502449124001652,0.40299537166842225,1.0,0,,9.999999999998899e-05,0.0,-2450.244912400435
-0.1206289878815585,0.4460738834296361,1.0,0,,0.4199999999999875,0.0,-0.2872118759084812
-0.3561058193919776,0.38851046501631137,1.0,0,,0.0,-0.0007999999999999119,
-0.48198306662398954,0.34416152551550916,1.0,0,,0.0,-0.0005000000000000004,
-0.06553236678398695,0.34416152551550916,1.0,0,,0.00040000000000001146,0.0,-163.83091695996268
-0.1313937425231786,0.34436765384129,1.0,0,,0.022000000000002018,0.0,-5.972442841962115
-0.36723701967997624,0.41079948621727636,1.0,0,,0.0,-0.00039999999999995595,
-0.2716752940719893,0.4360703957135892,1.0,0,,9.999999999998899e-05,0.0,-2716.7529407201923
-0.2044388399999908,0.34420834444393,1.0,0,,0.022999999999999687,0.0,-8.888645217391025
-0.15630296427358015,0.45506465746734487,1.0,0,,0.18000000000000682,-0.03999999999999204,-0.8683498015198567
-0.387309446999965,0.38851046501631137,1.0,0,,0.00039999999999995595,-0.00039999999999995595,-968.2736175000191
-0.17187847371997428,0.40299537166842225,1.0,0,,0.00030000000000002247,-9.999999999998899e-05,-572.9282457332047
-0.1519499344048324,0.45506465746734487,1.0,0,,0.3199999999999932,-0.4399999999999977,-0.4748435450151114
0.08939477519199229,0.3331342201529548,1.0,0,,0.0008999999999999564,0.0,99.32752799110736
-0.22250786017595525,0.45506465746734487,1.0,0,,0.160000000000025,0.0,-1.390674126099503
-0.25187687644000023,0.38416485561178637,1.0,0,,0.00029999999999996696,0.0,-839.5895881334266
-0.18755549603998728,0.34420834444393,1.0,0,,0.009000000000000341,-0.02699999999999747,-20.839499559997797
-0.14657776440479608,0.3650535796510658,1.0,0,,0.01899999999999835,-0.004000000000001336,-7.714619179200463
-0.17313446831999904,0.45545453112585643,1.0,0,,0.1599999999999966,0.0,-1.0820904270000171
-0.32201919112799327,0.3115917444661672,1.0,0,,0.0,-0.00010000000000000286,
-0.4573800431999732,0.39312764499168273,1.0,0,,0.0,-0.0005000000000000004,
-0.13341596543998135,0.39312764499168273,1.0,0,,0.00040000000000001146,0.0,-333.5399135999438
-0.18915117062398762,0.3947877882653569,1.0,0,,0.0012000000000000066,0.0,-157.6259755199888
0.3970776701360031,0.3280297751150836,1.0,0,,0.0018000000000000238,0.0,220.5987056311099
-0.12743566444798304,0.3115917444661672,1.0,0,,5.000000000000837e-05,0.0,-2548.713288959234
-0.42366965088960207,0.3650535796510658,1.0,0,,0.009000000000000341,-0.05000000000000071,-47.07440565439845
-0.8167489229087921,0.45545453112585643,1.0,0,,0.009999999999990905,-0.5300000000000011,-81.6748922909535
-0.09635085667998594,0.39312764499168273,1.0,0,,0.0005000000000000004,-9.999999999998899e-05,-192.7017133599717
-2.0728998312799862,0.3947877882653569,1.0,0,,9.999999999998899e-05,-0.002700000000000008,-20728.998312802145
-0.16872983492158292,0.3050528624862584,1.0,0,,0.00039999999999995595,0.0,-421.8245873040037
1.4104893914400076,0.3280297751150836,1.0,0,,0.0049000000000000155,-0.00040000000000001146,287.8549778448986
-0.2903979999999427,0.4175296696518052,1.0,0,,0.0007999999999999119,0.0,-362.99749999996834
-0.14667021435917238,0.3650535796510658,1.0,0,,0.02400000000000091,0.0,-6.1112589316319506
-0.37805120000000125,0.47622066610605485,1.0,0,,0.28000000000000114,-0.09000000000000341,-1.3501828571428562
-0.13813703920477083,0.46206925452270764,1.0,0,,0.0006000000000000449,-0.0007000000000000339,-230.2283986746008
-0.2865528599999904,0.41484891848191674,1.0,0,,3.0000000000002247e-05,0.0,-9551.761999998966
-0.4415904328320279,0.4539037043273433,1.0,0,,0.0,-0.002000000000000224,
-0.17376809128798607,0.3611402493387098,1.0,0,,0.0005000000000000004,0.0,-347.5361825759718
-0.2784209999999784,0.3961899811075943,1.0,0,,0.00019999999999997797,0.0,-1392.1050000000453
-0.05686249245604147,0.3859869807212098,1.0,0,,0.0019000000000000128,-0.00020000000000000573,-29.927627608442677
-0.2456443898239662,0.4175296696518052,1.0,0,,0.00039999999999995595,0.0,-614.1109745599831
-0.21828510622560998,0.3115917444661672,1.0,0,,0.0,-2.0000000000006124e-05,
-0.13706117731601453,0.3050528624862584,1.0,0,,0.0004999999999999449,0.0,-274.1223546320592
-0.16774476721599726,0.4539037043273433,1.0,0,,0.002000000000000224,0.0,-83.87238360798925
-0.11925957828476907,0.3603795808739894,1.0,0,,0.000130000000000019,-0.00011999999999998123,-917.3813714211666
-0.138002914347985,0.41484891848191674,1.0,0,,5.000000000000143e-05,0.0,-2760.058286959621
-0.08747453831997717,0.45890575400229366,1.0,0,,0.0010000000000000009,-0.00029999999999996696,-87.4745383199771
-0.17507942163599022,0.3603795808739894,1.0,0,,3.999999999998449e-05,-4.000000000001225e-05,-4376.985540901453
-0.5476925252943823,0.38961171553139307,1.0,0,,0.010999999999999233,-0.06099999999999994,-49.79022957222004
-0.9334881536175801,0.47622066610605485,1.0,0,,0.0800000000000125,-0.6599999999999966,-11.668601920217927
-1.163668986912002,0.4917657898999219,1.0,0,,0.0,-0.0021999999999999797,
-0.2058055825280079,0.3961899811075943,1.0,0,,0.00019999999999997797,0.0,-1029.0279126401529
-0.3295165140951883,0.5106400212289325,1.0,0,,3.0000000000002247e-05,0.0,-10983.88380317212
-0.14750020981439374,0.3050528624862584,1.0,0,,0.0004999999999999449,-0.00019999999999997797,-295.00041962882
-0.24478556155194486,0.527019484367361,1.0,0,,0.0001000000000000445,-9.999999999998899e-05,-2447.855615518359
-0.31315811999998,0.47276877058519196,1.0,0,,0.0006000000000000449,0.0,-521.9301999999276
-0.21308986501438132,0.38961171553139307,1.0,0,,0.013999999999999346,0.0,-15.22070464388509
-0.3405965348296082,0.525323960151343,1.0,0,,1.9999999999992246e-05,-2.0000000000006124e-05,-17029.826741487013
-0.43148199999998876,0.5780327065339623,1.0,0,,0.0040000000000000036,0.0,-107.8704999999971
-0.2934680456105004,0.47291246574942614,1.0,0,,5.100000000000171e-09,-2.099999999999946e-09,-57542754.04127265
-0.37075768078271953,0.5203141415639265,1.0,0,,3.000000000000398e-06,-1.999999999999398e-06,-123585.89359422344
-0.3516895884799933,0.5074187059814624,1.0,0,,0.12000000000000455,-0.06999999999993634,-2.9307465706665
-0.38751599999997455,0.49632779896775875,1.0,0,,0.00030999999999997696,-2.0000000000020002e-05,-1250.0516129032367
-0.4063211999999927,0.52935205484272,1.0,0,,0.00019999999999997797,0.0,-2031.6060000001874
-0.3025199000000065,0.4501932087659031,1.0,0,,0.000500000000000056,0.0,-605.0397999999453
-0.2446099615040016,0.527019484367361,1.0,0,,9.999999999998899e-05,-9.999999999998899e-05,-2446.0996150402852
-0.24978178987199917,0.42624396124970243,1.0,0,,0.00019999999999997797,-0.000300000000000078,-1248.9089493601334
-0.3580575900159834,0.5074187059814624,1.0,0,,0.12999999999999545,0.0,-2.7542891539691996
-0.32248730770396516,0.4175296696518052,1.0,0,,9.999999999998899e-05,-0.0009999999999998899,-3224.8730770400066
-0.6212681746343334,0.5203141415639265,1.0,0,,2.999999999999531e-06,-1.0000000000001327e-06,-207089.39154481018
-0.3616033298863549,0.525323960151343,1.0,0,,2.0000000000006124e-05,0.0,-18080.16649431221
-0.3294446840879735,0.5106400212289325,1.0,0,,3.0000000000002247e-05,-5.9999999999990616e-05,-10981.489469598295
-0.22857628480800027,0.42624396124970243,1.0,0,,0.00029999999999996696,0.0,-761.9209493600848
-0.33462247655197214,0.5780327065339623,1.0,0,,0.0009999999999998899,0.0,-334.622476552009
-0.4184045502621605,0.47291246574942614,1.0,0,,0.0,-4.599999999999922e-09,
0.25903116902402307,0.4006354997489163,1.0,0,,0.0,-1.759999999999991,
-0.20672594748556683,0.44574062374361023,1.0,0,,3.0000000000002247e-05,-9.999999999996123e-06,-6890.864916185044
-0.30118739999997923,0.44521591634614055,1.0,0,,0.0005999999999999339,-9.999999999998899e-05,-501.9790000000207
-0.6158241186799948,0.4501932087659031,1.0,0,,0.0007000000000000339,-9.999999999998899e-05,-879.7487409713784
-0.4046651999999947,0.527019484367361,1.0,0,,0.00030000000000002247,0.0,-1348.883999999881
-0.5123934832640114,0.5074187059814624,1.0,0,,0.7200000000000273,0.0,-0.7116576156444332
-0.39558527999999793,0.5106400212289325,1.0,0,,3.999999999999837e-05,0.0,-9889.63200000035
-0.40357478000000324,0.525323960151343,1.0,0,,4.000000000001225e-05,0.0,-10089.369499996992
-0.40061918399997476,0.5203141415639265,1.0,0,,5.999999999999929e-06,0.0,-66769.86399999658
-0.20667042747116293,0.44574062374361023,1.0,0,,3.0000000000002247e-05,0.0,-6889.014249038249
-0.15550506418560378,0.49632779896775875,1.0,0,,0.00010999999999999899,-9.000000000000674e-05,-1413.6824016873202
-0.1406618362799671,0.52935205484272,1.0,0,,0.00020000000000003348,-0.00039999999999995595,-703.3091813997177
-0.4316385999999752,0.5780327065339623,1.0,0,,0.0040000000000000036,0.0,-107.9096499999937
-0.29332436340542095,0.47291246574942614,1.0,0,,4.599999999999922e-09,-1.4000000000001052e-09,-63766165.95770129
-0.29185519999997434,0.42624396124970243,1.0,0,,0.0009000000000000119,0.0,-324.28355555552275
-0.16911916563198331,0.47276877058519196,1.0,0,,0.0004999999999999449,-0.0014000000000000679,-338.2383312640039
-0.30103199999996266,0.44521591634614055,1.0,0,,0.000400000000000178,-0.0010999999999998789,-752.5799999995718
-0.3884846799999517,0.49632779896775875,1.0,0,,0.0,-0.0002500000000000002,
-0.2790319999999904,0.38444639517970114,1.0,0,,0.04000000000000625,0.0,-6.97579999999867
-0.38263679999996636,0.4855657854736814,1.0,0,,0.0006000000000000449,0.0,-637.7279999998962
-0.30424952000000005,0.45386423647778873,1.0,0,,0.0008000000000000229,0.0,-380.3118999999892
-0.4425181589087871,0.4006354997489163,1.0,0,,0.06999999999999318,-0.27000000000001023,-6.32168798441186
-0.24489836140793542,0.5286785222658251,1.0,0,,0.0001000000000000445,-9.999999999998899e-05,-2448.9836140782645
-0.34772478771200466,0.5108507754295918,1.0,0,,0.15999999999996817,-0.029999999999972715,-2.1732799232004614
-0.4057785300000077,0.5288658974139828,1.0,0,,3.000000000000398e-06,-2.999999999999531e-06,-135259.5099999846
-0.567978040166385,0.5189613891882293,1.0,0,,0.0,-9.000000000000674e-05,
-0.5126744000000142,0.5921740061426701,1.0,0,,0.002000000000000224,-0.0009999999999998899,-256.3371999999784
-0.8909356155599878,0.5339014813467415,1.0,0,,9.999999999998899e-05,-0.00040000000000001146,-8909.356155600859
-0.5072860165559838,0.5115923814653622,1.0,0,,2.0000000000006124e-05,-8.999999999999286e-05,-25364.300827791423
-0.30936060000000937,0.46556312696756885,1.0,0,,0.0005999999999999894,0.0,-515.6010000000247
-0.6327590130579106,0.476726891817194,1.0,0,,0.0,-8.099999999999973e-09,
-0.2988143999999646,0.44085616166263963,1.0,0,,0.0009000000000000119,-9.999999999998899e-05,-332.0159999999563
-0.30405759999999576,0.4485632064414735,,0,,,,
-0.40489439999999777,0.5286785222658251,1.0,0,,0.0005000000000000004,0.0,-809.7887999999948
-0.393579048816001,0.303816640909891,1.0,0,,0.0,-0.0009000000000000119,
-0.4003777400000085,0.5189613891882293,1.0,0,,1.9999999999992246e-05,0.0,-20018.887000008184
-0.2616095669759775,0.5108507754295918,1.0,0,,0.19000000000005457,-0.12000000000000455,-1.3768924577679071
-0.5263358715359518,0.5084066604721703,1.0,0,,0.0,-0.00015999999999999348,
-0.44639994640634073,0.476726891817194,1.0,0,,2.6000000000001953e-09,-1.699999999999916e-09,-171692287.07934892
-0.18919179999997615,0.303816640909891,1.0,0,,0.00030000000000002247,-9.999999999998899e-05,-630.6393333332067
-0.3191159087999688,0.38444639517970114,1.0,0,,0.030000000000001137,-0.030000000000001137,-10.637196959998558
-1.4444462232959743,0.5921740061426701,1.0,0,,0.0,-0.008000000000000007,
-0.3853440207359997,0.44085616166263963,1.0,0,,0.0,-0.000500000000000056,
-0.5515539363999631,0.45386423647778873,1.0,0,,9.999999999998899e-05,-0.0010000000000000009,-5515.5393640002385
-0.39908454205699984,0.476726891817194,1.0,0,,2.699999999999991e-09,0.0,-147809089.65074116
-0.24159593285517603,0.5115923814653622,1.0,0,,3.999999999999837e-05,-6.0000000000004494e-05,-6039.898321379646
-0.32537878070399895,0.5286785222658251,1.0,0,,9.999999999998899e-05,-9.999999999998899e-05,-3253.7878070403476
-0.3065439777279829,0.5108507754295918,1.0,0,,0.2899999999999636,0.0,-1.0570481990621428
-0.3793415049863894,0.5189613891882293,1.0,0,,2.0000000000006124e-05,-9.999999999996123e-06,-18967.075249313664
-0.6001148649040056,0.48325507192692185,1.0,0,,0.028999999999996362,-0.015000000000000568,-20.693616031175203
-0.6918828729119975,0.49417926455065325,1.0,0,,0.0030000000000001137,-0.011999999999998678,-230.62762430399042
-1.1155712153825803,0.5288658974139828,1.0,0,,1.999999999999398e-06,-1.000000000000046e-05,-557785.6076914581
-0.5697246384479915,0.5339014813467415,1.0,0,,9.999999999998899e-05,-0.0005999999999999894,-5697.2463844805425
-0.46157804367997546,0.38444639517970114,1.0,0,,0.00999999999999801,-0.07000000000000028,-46.15780436800673
-0.5593618311640114,0.45386423647778873,1.0,0,,0.00019999999999997797,-0.0013000000000000789,-2796.809155820365
-0.5584896622079799,0.44085616166263963,1.0,0,,0.0,-0.0011999999999999789,
-0.40086895999999017,0.5189644890676894,1.0,0,,0.0,-0.0001300000000000051,
-0.9776481113599329,0.5921740061426701,1.0,0,,0.0,-0.0040000000000000036,
-0.5785658040831976,0.5084066604721703,1.0,0,,0.0,-0.00020000000000000573,
-0.40506209999999077,0.5278707891032226,1.0,0,,1.9999999999992246e-05,0.0,-20253.105000007392
-0.3602480134399744,0.4485632064414735,1.0,0,,0.00029999999999996696,-0.0012000000000000899,-1200.8267114667137
-0.6458011037026479,0.48153279869417703,1.0,0,,1.499999999999901e-09,0.0,-430534069.135127
-0.3433201873759887,0.5105822997487952,1.0,0,,4.000000000001225e-05,0.0,-8583.004684397089
-0.13242375056064948,0.5283173985227609,1.0,0,,7.999999999999327e-06,-1.0000000000001327e-06,-16552.968820082577
-0.3658643889119942,0.5276679900529864,1.0,0,,0.14999999999997726,0.0,-2.439095926080331
-0.3350915801279989,0.5512986537032678,1.0,0,,9.999999999998899e-05,-9.999999999998899e-05,-3350.9158012803578
-0.4087367713919715,0.6152697872288455,1.0,0,,0.0009999999999998899,0.0,-408.7367713920165
-0.30145379999997246,0.44591178716641167,1.0,0,,0.000700000000000145,-9.999999999998899e-05,-430.64828571415717
-0.3037875200000033,0.45301627358126595,1.0,0,,0.0007000000000000339,0.0,-433.98217142855515
-0.19429794911997758,0.529349403273892,1.0,0,,0.00040000000000001146,0.0,-485.74487279993
-0.3116929199999911,0.47176165753183297,1.0,0,,0.00010000000000000286,0.0,-3116.929199999822
-0.38528219999997115,0.48325507192692185,1.0,0,,0.11299999999999955,0.0,-3.409576991150201
-0.3774628846455924,0.5189644890676894,1.0,0,,0.00012999999999999123,0.0,-2903.560651120137
-0.4045111399999769,0.5283173985227609,1.0,0,,1.299999999999999e-05,0.0,-31116.241538459784
-0.40587399999998464,0.529349403273892,1.0,0,,0.00019999999999997797,0.0,-2029.3700000001468
-0.6721728741479501,0.5105822997487952,1.0,0,,0.00015000000000001124,0.0,-4481.152494319332
1.0357375397712523,0.3027384039314236,1.0,0,,0.0030699999999999894,0.0,337.37379145643513
-0.28032619476799714,0.447823897239083,1.0,0,,9.999999999998899e-05,-9.999999999998899e-05,-2803.26194768028
-0.6366847436940399,0.48153279869417703,1.0,0,,0.0,-4.199999999999892e-09,
-0.886279785895972,0.6152697872288455,1.0,0,,0.0,-0.0030000000000001137,
-0.6017265582327602,0.5189644890676894,1.0,0,,1.9999999999992246e-05,-0.00010000000000000286,-30086.327911649674
-0.20644339999999,0.3349346942774824,1.0,0,,0.2799999999999727,-0.29000000000002046,-0.7372978571428933
0.044128838368874046,0.5027628674370701,1.0,0,,0.0010000000000000009,-0.0016000000000000458,44.12883836887401
-0.6000951451439261,0.5276679900529864,1.0,0,,0.0,-0.5699999999999363,
-0.5251065529776079,0.45301627358126595,1.0,0,,0.0,-0.0015999999999999348,
-0.1155337575200017,0.4287699380212806,1.0,0,,0.0007999999999999952,0.0,-144.417196900003
-0.44578713463197417,0.44591178716641167,1.0,0,,9.999999999998899e-05,-0.0017000000000000348,-4457.871346320233
-0.2180549688757045,0.5027437746347478,1.0,0,,1.3999999999996817e-09,-1.7000000000003395e-09,-155753549.19696718
-0.5958021657055749,0.5278707891032226,1.0,0,,0.0,-8.999999999999286e-05,
-0.832730599479979,0.5512986537032678,1.0,0,,0.0,-0.0005999999999999894,
-0.31243239999999994,0.47176165753183297,1.0,0,,0.0,-1.0000000000003062e-05,
-0.29954999999999266,0.44321178483348866,,0,,0.0,0.0,
-0.08785587573599955,0.3003216652416117,1.0,0,,0.0,-0.0009000000000000119,
-0.33147401003200916,0.42100756987044385,1.0,0,,0.0,-0.000200000000000089,
-0.32584558564794613,0.48325507192692185,1.0,0,,0.029000000000010573,-0.10199999999998965,-11.236054677511287
-0.38451070491917144,0.5290450995587955,1.0,0,,1.9999999999992246e-05,0.0,-19225.535245966024
-0.4916975846223073,0.5205318410339252,1.0,0,,0.0,-1.000000000000046e-05,
-0.4032875136705408,0.5027437746347478,1.0,0,,1.8000000000001352e-09,0.0,-224048618.70583916
-0.46558681857598233,0.4961112606687198,1.0,0,,0.0,-6.999999999998674e-05,
-0.5124040254399791,0.5289989115961762,1.0,0,,0.0,-0.00030000000000002247,
-0.4312335999999478,0.5762002731983245,,0,,0.0,0.0,
-0.4815327166319818,0.5197129377337006,1.0,0,,0.10000000000002274,-0.18000000000006366,-4.815327166318723
-0.3396122681743865,0.45652637733714063,1.0,0,,9.999999999998899e-05,-0.0005999999999999339,-3396.122681744239
-0.4424245306415786,0.5145898978523092,1.0,0,,9.999999999996123e-06,-3.0000000000002247e-05,-44242.45306417501
-0.30922061872637796,0.5145898978523092,1.0,0,,3.999999999999837e-05,-2.0000000000006124e-05,-7730.515468159764
-0.6042433540063643,0.4287699380212806,1.0,0,,0.0,-0.002819999999999989,
-0.19042849613599713,0.3349346942774824,1.0,0,,0.08999999999997499,-0.07000000000005002,-2.115872179289445
-0.6051211460639913,0.5290450995587955,1.0,0,,1.9999999999992246e-05,0.0,-30256.05730321129
-0.335257180127964,0.5515135395244517,1.0,0,,9.999999999998899e-05,-0.00019999999999997797,-3352.5718012800094
-0.6117045747119865,0.4444629863690488,1.0,0,,0.0,-0.00010000000000000286,
-0.30533880000001634,0.45652637733714063,1.0,0,,0.0009000000000000119,-0.00019999999999997797,-339.26533333334703
-0.20641119999999638,0.3349346942774824,1.0,0,,0.21999999999997044,0.0,-0.9382327272728369
-0.29241991999998634,0.4287699380212806,1.0,0,,0.0007300000000000084,0.0,-400.57523287668903
-0.22522228192799282,0.44321178483348866,1.0,0,,0.00029999999999996696,0.0,-750.7409397600587
-0.31063670501597507,0.42100756987044385,1.0,0,,0.0,-0.00029999999999996696,
-0.2998371746079437,0.5289989115961762,1.0,0,,0.00020000000000003348,0.0,-1499.1858730394674
-0.3878472837119592,0.3003216652416117,1.0,0,,0.0,-0.00019999999999997797,
-0.6417283269839047,0.4907170035694334,1.0,0,,0.027999999999991587,-0.0030000000000001137,-22.918868820860624
-0.4311087291966097,0.5205318410339252,1.0,0,,3.000000000000398e-06,-9.999999999992654e-07,-143702.90973218417
-0.2520431602559684,0.5515135395244517,1.0,0,,0.00030000000000002247,0.0,-840.1438675198317
-0.3363260817839705,0.5197129377337006,1.0,0,,0.2300000000000182,-0.13999999999998636,-1.462287312104104
-0.4312335999999478,0.5762002731983245,,0,,0.0,0.0,
-0.3000395999999769,0.4444629863690488,,0,,0.0,0.0,
-0.2777447561696007,0.5027437746347478,1.0,0,,4.0000000000003005e-10,-3.100000000000021e-09,-694361890.4239496
-0.30039680000001096,0.44321178483348866,1.0,0,,9.999999999998899e-05,0.0,-3003.9680000004405
-0.5886496453119437,0.5119049752459199,1.0,0,,0.0,-0.5899999999999181,
-0.9125580160399649,0.5707877177889384,1.0,0,,0.0,-0.004999999999999893,
-0.34403374467836983,0.5329052869239825,1.0,0,,0.0,-3.0000000000002247e-05,
-0.15179720647680545,0.42609371513682914,1.0,0,,0.0006399999999999739,-0.00032000000000004247,-237.18313512001816
-0.2093249525241397,0.4951401643102995,1.0,0,,3.7000000000000662e-09,-3.000000000002343e-10,-56574311.49300972
-0.4571248401279658,0.4213177637383293,1.0,0,,0.0,-0.0007999999999999119,
-0.4317869982069639,0.521703114014552,1.0,0,,9.999999999992654e-07,-3.000000000000398e-06,-431786.9982072811
-0.39697310275997055,0.49086009904512007,1.0,0,,0.019000000000005457,-0.026999999999986812,-20.893321197887186
-0.36068459857835006,0.5340199355583306,1.0,0,,1.9999999999999185e-05,0.0,-18034.229928918237
-0.3933283199999535,0.506081832007835,1.0,0,,0.0,-4.999999999999449e-05,
-0.2983754599999905,0.4406659330650971,1.0,0,,9.999999999998899e-05,-0.00029999999999996696,-2983.7546000002335
-0.4016983999999547,0.5210549754420339,,0,,0.0,0.0,
-0.7536984799679818,0.5559956227234764,1.0,0,,0.0001000000000000445,-0.00029999999999996696,-7536.984799676464
-0.5808286838479355,0.506081832007835,1.0,0,,4.000000000001225e-05,0.0,-14520.717096193941
-0.4015935999999768,0.5210549754420339,1.0,0,,0.00030000000000002247,0.0,-1338.6453333331558
-0.20634679999998295,0.3286052641920657,1.0,0,,0.2400000000000091,0.0,-0.8597783333332297
-0.10565093260803349,0.4933064604823577,1.0,0,,0.00039999999999995595,-0.0007000000000000339,-264.1273315201128
-0.348646387711947,0.5119049752459199,1.0,0,,0.16000000000008185,0.0,-2.179039923198554
-0.3055457999999765,0.4566707225952146,,0,,0.0,0.0,
-0.4015261677143317,0.4961112606687198,1.0,0,,7.00000000000145e-05,-4.999999999999449e-05,-5736.088110203551
-0.2815049951769838,0.521703114014552,1.0,0,,3.9999999999996635e-06,-3.000000000000398e-06,-70376.24879425186
-0.29266012000000985,0.42893328459768065,1.0,0,,0.0008499999999999897,0.0,-344.30602352942753
-0.289833573119995,0.5220630272333616,1.0,0,,4.999999999999449e-05,0.0,-5796.671462400539
-0.4078099199999585,0.5329052869239825,1.0,0,,0.0,-1.9999999999992246e-05,
-0.05428716726397846,0.3067214389710331,1.0,0,,0.00040000000000001146,0.0,-135.71791815994226
-0.2854054587526045,0.5321895193419504,1.0,0,,4.000000000000531e-06,0.0,-71351.36468814165
-0.373775620064015,0.4213177637383293,1.0,0,,0.0,-0.00040000000000006697,
-0.7736202309143695,0.4406659330650971,1.0,0,,9.999999999998899e-05,-0.0012999999999999678,-7736.202309144547
-0.4284599999999571,0.5707877177889384,,0,,0.0,0.0,
-0.30596397407996523,0.5434594441593704,1.0,0,,0.00020000000000003348,0.0,-1529.81987039957
-0.3585432101759929,0.4499023782992594,1.0,0,,0.1799999999998363,-1.3200000000001637,-1.9919067232017722
-0.27867599135997034,0.4562292665886255,1.0,0,,0.0,-0.006000000000000227,
-0.18099174772800858,0.5158628839616801,1.0,0,,0.0004999999999999449,-9.999999999998899e-05,-361.983495456057
-0.730848082799949,0.49086009904512007,1.0,0,,0.029000000000010573,-0.12999999999999545,-25.20165802757526
-0.15587961566636838,0.459069888694415,1.0,0,,0.0001500000000000043,0.0,-1039.1974377757595
-0.15616496271597588,0.347165090722874,1.0,0,,0.0259999999999998,-0.047999999999998266,-6.006344719845272
-0.6086641628879776,0.3286052641920657,1.0,0,,0.0,-0.5600000000000023,
-1.0002560060387928,0.5271680308338913,1.0,0,,2.4000000000001803e-09,-7.099999999999898e-09,-416773335.8494657
-0.4027631999999698,0.5069068007193421,1.0,0,,0.06799999999999784,-0.012000000000000455,-5.922988235293862
-0.47040641689600227,0.5135756599187902,1.0,0,,0.0,-0.5300000000000864,
-0.4042030279999879,0.5271680308338913,1.0,0,,3.8000000000002855e-09,0.0,-106369217.89472567
-0.4808370453599926,0.42402219695781884,1.0,0,,0.0,-0.0009000000000000119,
-0.49026372220961456,0.5137496665461191,1.0,0,,0.0,-7.999999999999674e-05,
-0.40185467999995805,0.5220630272333616,1.0,0,,5.000000000000837e-05,0.0,-8037.0935999978155
-0.19413843487085164,0.5321895193419504,1.0,0,,7.000000000000062e-06,0.0,-27734.062124407134
-0.48213226565997896,0.5494115736727858,1.0,0,,9.999999999996123e-06,-4.999999999999449e-05,-48213.22656601659
-0.19102819999998633,0.3067214389710331,1.0,0,,0.0,-0.0008000000000000229,
-0.15318331403515795,0.4619630362907725,1.0,0,,8.000000000000368e-05,0.0,-1914.7914254393863
-0.5172720510719846,0.45045394103446523,1.0,0,,0.00039999999999995595,-0.0015000000000000568,-1293.1801276801039
-0.3030416399999891,0.45057802019792925,1.0,0,,0.0,-0.0010999999999999899,
-0.5154839999999484,0.5955665386890016,,0,,0.0,0.0,
-0.31869680057600147,0.4499023782992594,1.0,0,,0.0,-1.0499999999999545,
-0.278819991359972,0.4562292665886255,1.0,0,,0.0,-0.006999999999999673,
-1.1038302144143584,0.42893328459768065,1.0,0,,0.0002899999999999847,-0.0011400000000000299,-3806.3110841876432
-0.6141511970663666,0.5512806067020328,1.0,0,,0.0,-8.999999999999286e-05,
-0.482030744471997,0.4320612481298556,1.0,0,,0.0,-0.0018000000000000238,
-0.7474563866639832,0.47486552508753793,1.0,0,,0.006999999999990791,-0.14499999999999602,-106.77948380928092
-0.6274912545279722,0.5135756599187902,1.0,0,,0.01999999999998181,-0.6899999999999409,-31.374562726427143
-0.7834576133999633,0.4677040391018803,1.0,0,,0.00040000000000001146,-0.0006999999999999784,-1958.6440334998522
-0.7924500907199893,0.5434594441593704,1.0,0,,0.0,-0.0006999999999999784,
-1.2185694695119444,0.5891978902966775,1.0,0,,0.0,-0.0006999999999999784,
-0.3583768364319918,0.3286052641920657,1.0,0,,0.11000000000001364,-0.5500000000000114,-3.2579712402904306
-0.8490813080383894,0.5152992565167709,1.0,0,,0.0,-0.00014999999999998348,
-0.5614087236155711,0.5333620801875962,1.0,0,,0.0,-1.5000000000000256e-05,
-0.45606795907199715,0.4278739070790283,1.0,0,,0.0,-0.0022999999999999687,
-0.6396000787199975,0.4694019290624142,1.0,0,,0.0,-0.008000000000000007,
-0.7458284442495887,0.5080209121545,1.0,0,,1.9999999999992246e-05,-0.00016000000000000736,-37291.4222124939
-0.5161344276479702,0.5070758301782774,1.0,0,,0.10999999999989996,-0.8300000000000409,-4.69213116044036
-2.4840174900822465,0.5227238888463648,1.0,0,,0.0,-1.369999999999997e-08,
-1.8892323089199077,0.570730318944402,1.0,0,,0.0,-0.008999999999999897,
-0.5621264587519781,0.43421059634389625,1.0,0,,0.0,-7.420000000000073,
-0.6384946070159765,0.3100028845859823,1.0,0,,0.0,-0.0010999999999999899,
-0.6259500513599927,0.5387795511482009,1.0,0,,0.0,-0.0010999999999999899,
-0.7120080950400101,0.45575726799335864,1.0,0,,0.0,-0.04499999999999993,
-0.31266599999999123,0.4694019290624142,1.0,0,,0.0,-0.016999999999999904,
-0.3873337999999519,0.47486552508753793,1.0,0,,0.05500000000000682,-0.12000000000000455,-7.042432727270979
-0.29473200000000876,0.4320612481298556,1.0,0,,0.0004999999999999449,-0.0011999999999998678,-589.4640000000825
-0.3337737303599908,0.3362509635572307,1.0,0,,0.0,-1.4599999999999795,
-0.5925771417215783,0.5512806067020328,1.0,0,,0.0,-0.0003000000000000086,
-0.2794655907839822,0.43421059634389625,1.0,0,,0.1999999999998181,-2.8400000000001455,-1.3973279539211818
0.7767389067296792,0.518367522835583,1.0,0,,0.0015999999999999348,-0.0022000000000000908,485.46181670606927
-0.3068450989951898,0.5080209121545,1.0,0,,3.999999999999837e-05,-5.000000000000837e-05,-7671.127474880058
-0.4561417998728063,0.43450177262519996,1.0,0,,0.0,-0.0009399999999999964,
-0.31640400000000224,0.45575726799335864,1.0,0,,0.006000000000000227,-0.0039999999999995595,-52.733999999998375
-0.23645006425942036,0.5227238888463648,1.0,0,,3.4000000000002554e-09,-2.699999999999991e-09,-69544136.54688312
-0.26855279637498686,0.5333620801875962,1.0,0,,7.000000000000062e-06,-4.999999999999796e-06,-38364.685196426355
-0.49527771946394694,0.5405836287274799,1.0,0,,9.999999999998899e-05,-0.0020000000000000018,-4952.777194640015
-1.3050388574399356,0.518367522835583,1.0,0,,0.0,-0.0021999999999999797,
-0.410836399999956,0.5387795511482009,1.0,0,,0.00020000000000003348,0.0,-2054.1819999994364
-0.3124200000000066,0.4694019290624142,1.0,0,,0.0019999999999997797,0.0,-156.2100000000205
-0.21409692699595934,0.4619630362907725,1.0,0,,0.0,-0.00038000000000000533,
-0.3873705999999931,0.47486552508753793,1.0,0,,0.04800000000000182,0.0,-8.070220833332884
-0.2947536000000042,0.4320612481298556,1.0,0,,0.0005999999999999339,0.0,-491.25600000006114
-0.3322559769599698,0.570730318944402,1.0,0,,0.0009999999999998899,-0.001000000000000334,-332.25597696000636
-0.30672837782399354,0.5152992565167709,1.0,0,,0.0,-0.0005300000000000027,
-0.2944535245519842,0.3100028845859823,1.0,0,,9.999999999998899e-05,-0.0005000000000000004,-2944.5352455201664
-0.08441047112796381,0.34570536403643193,1.0,0,,0.00030000000000002247,0.0,-281.3682370931916
-0.08226133948718947,0.4278739070790283,1.0,0,,0.00029999999999996696,-0.0011999999999999789,-274.2044649573284
-0.262901116632,0.31531257948057634,1.0,0,,0.0007999999999999674,-4.999999999999449e-05,-328.62639579001336
-0.16304849244001,0.30635961815152646,1.0,0,,0.0006999999999997009,0.0,-232.9264177715424
-0.18907744146716804,0.3689227263119438,1.0,0,,0.01799999999999713,-0.012000000000000455,-10.504302303733233
-0.1663883520223915,0.33226643143464996,1.0,0,,3.999999999999837e-05,-1.0000000000010001e-05,-4159.708800559957
-0.36289919078395977,0.5070758301782774,1.0,0,,0.0,-0.3300000000000409,
-0.21895770275998802,0.3362509635572307,1.0,0,,0.09000000000003183,-0.4399999999999977,-2.4328633639990063
-0.2956594483506135,0.3637008475537913,1.0,0,,4.000000000000531e-06,0.0,-73914.86208764356
-0.46117279041120507,0.5512806067020328,1.0,0,,0.0,-6.0000000000004494e-05,
-0.14424761669199265,0.33226643143464996,1.0,0,,4.999999999999449e-05,0.0,-2884.952333840171
-0.593781339707706,0.48682364103032816,1.0,0,,4.0000000000003005e-10,-5.199999999999967e-09,-1484453349.2691534
-0.19105059999999177,0.30845013020580875,,0,,0.0,0.0,
-0.28187199999998647,0.40320341615522814,,0,,0.0,0.0,
-2.24609416501118,0.531514559104056,1.0,0,,0.0,-0.0017000000000000348,
-0.19857167999998782,0.3287703271437733,1.0,0,,3.0000000000002247e-05,-3.999999999998449e-05,-6619.055999999098
-0.10990400861436292,0.531514559104056,1.0,0,,0.0008000000000000229,0.0,-137.38001076794973
-0.19118159999999595,0.306382996396075,,0,,0.0,0.0,
-0.14805416692127693,0.3637008475537913,1.0,0,,3.9999999999996635e-06,-2.0000000000002655e-06,-37013.541730322344
-0.17547409465441757,0.42187245479627533,1.0,0,,0.7099999999999795,-0.29000000000002046,-0.24714661218932765
-0.11769403860476968,0.42187245479627533,1.0,0,,0.21999999999999886,0.0,-0.5349729027489558
-0.24857101295999584,0.30635961815152646,1.0,0,,0.0,-0.0011999999999998678,
-0.15286718713599148,0.3494942789903377,1.0,0,,0.00019999999999997797,-0.00020000000000003348,-764.3359356800416
-0.36507043849598586,0.34570536403643193,1.0,0,,0.0,-0.00040000000000001146,
-0.33475729647357466,0.3689227263119438,1.0,0,,0.0,-0.05600000000000094,
-0.8013851056127732,0.31531257948057634,1.0,0,,0.0,-0.0019899999999999918,
-0.15037798761598545,0.3226175123920446,1.0,0,,0.04400000000001114,-0.0239999999999867,-3.4176815367260764
-0.24203896697903787,0.48682364103032816,1.0,0,,3.500000000000051e-09,-1.299999999999886e-09,-69153990.56543837
-0.20130637349981842,0.3637008475537913,1.0,0,,4.999999999999796e-06,-7.000000000000062e-06,-40261.274699965325
-0.2418025992479984,0.34490090776908444,1.0,0,,0.00019999999999997797,0.0,-1209.0129962401252
-0.12206761136878586,0.33226643143464996,1.0,0,,6.0000000000004494e-05,-3.0000000000002247e-05,-2034.460189479612
-0.14064358531197643,0.32259231568555125,1.0,0,,0.060000000000002274,-0.006000000000000227,-2.3440597551995186
-0.12439018075200696,0.34570536403643193,1.0,0,,0.00019999999999997797,0.0,-621.9509037601033
-0.6503834344184569,0.4870242104185548,1.0,0,,3.999999999999877e-09,-1.8000000000001352e-09,-162595858.60461923
-0.06265433932797745,0.40320341615522814,1.0,0,,0.0040000000000000036,0.0,-15.66358483199435
-0.1920345284231743,0.3287703271437733,1.0,0,,0.0,-6.0000000000004494e-05,
-0.2982361200000264,0.43876885611062083,1.0,0,,0.37999999999999545,-0.07999999999998408,-0.784831894736921
-0.19118159999999595,0.306382996396075,,0,,0.0,0.0,
-0.12355934401437992,0.3853339541442186,1.0,0,,0.018000000000000682,-0.05699999999999861,-6.864408000798624
-0.13424750406398495,0.3345614846548616,1.0,0,,9.999999999998899e-05,0.0,-1342.4750406399974
-0.2742049799999833,0.3853339541442186,1.0,0,,0.06299999999999883,-0.0010000000000012221,-4.352459999999815
-0.19030000000001018,0.30635961815152646,,0,,0.0,0.0,
-0.08076727424797814,0.3000419047696724,1.0,0,,0.00030999999999997696,-0.0007400000000000184,-260.5395943483359
-0.3643136383039834,0.34490090776908444,1.0,0,,0.0,-0.0006999999999999784,
-0.16754399351999047,0.31664269611195484,1.0,0,,0.0011999999999998678,0.0,-139.61999460000743
-0.5105017258563029,0.37569017556314865,1.0,0,,0.0,-1.299999999999999e-05,
-0.11160208092000382,0.3080975735713047,1.0,0,,0.0004999999999999449,0.0,-223.2041618400322
0.6418298968712058,0.497253060879544,1.0,0,,9.999999999998899e-05,-0.0040000000000000036,6418.298968712766
0.10513551714561542,0.3148273439095357,1.0,0,,0.00016000000000000042,0.0,657.0969821600946
-0.18857393275774167,0.37569017556314865,1.0,0,,5.999999999999929e-06,-1.0000000000001327e-06,-31428.988792957316
-0.22923235875916886,0.4870242104185548,1.0,0,,4.399999999999907e-09,-5.800000000000012e-09,-52098263.35435766
-0.1841369744752008,0.3528509065761909,1.0,0,,3.0000000000002247e-05,-7.999999999999674e-05,-6137.8991491729
-0.48365489793596084,0.4098384063274195,1.0,0,,0.0,-0.0009999999999998899,
-0.3407012938055698,0.3345614846548616,1.0,0,,0.00014000000000000123,0.0,-2433.580670039763
-0.3289818292319987,0.35205824313143075,1.0,0,,0.0,-0.00040000000000001146,
-0.3242145560639945,0.32259231568555125,1.0,0,,0.01100000000000989,-0.12899999999999068,-29.47405055124573
-0.20060800000000445,0.31784338662487005,1.0,0,,0.14999999999997726,0.0,-1.337386666666899
-0.5944884770879827,0.3853339541442186,1.0,0,,0.008000000000002672,-0.06099999999999994,-74.31105963597302
0.3690104691208296,0.3000419047696724,1.0,0,,0.0015299999999999758,-0.00019000000000002348,241.1833131508728
-0.3243828960000114,0.3078533632740107,1.0,0,,0.00029999999999996696,0.0,-1081.276320000157
-0.12056779754878458,0.43876885611062083,1.0,0,,0.06999999999999318,-0.410000000000025,-1.7223971078399476
-0.27198018799999324,0.3824434990820947,1.0,0,,3.9999999999996635e-06,0.0,-67995.04700000402
-0.095943492119993,0.43340818937886116,1.0,0,,0.21999999999999886,-0.06999999999999318,-0.43610678236360684
-0.2877845493367964,0.3528509065761909,1.0,0,,0.0,-9.999999999998899e-05,
-0.19335999999997922,0.3148273439095357,,0,,0.0,0.0,
-0.6411356098752177,0.4870242104185548,1.0,0,,0.0,-4.999999999999952e-09,
-0.31106042553600044,0.34490090776908444,1.0,0,,0.0,-0.00040000000000001146,
-0.38728544000000964,0.49494389003011535,,0,,0.0,0.0,
-0.06284593865597851,0.4098384063274195,1.0,0,,0.0040000000000000036,0.0,-15.711484663994614
-0.26780753880000485,0.31664269611195484,1.0,0,,0.0,-0.0010999999999996568,
-0.18836849371197165,0.3458049163013277,1.0,0,,0.00030000000000002247,0.0,-627.8949790398584
-0.28779301944,0.3515190440062861,1.0,0,,0.0001000000000000445,-9.999999999998899e-05,-2877.93019439872
-0.1738481254359996,0.3903996481384487,1.0,0,,0.02300000000000324,-0.0379999999999967,-7.5586141493902215
-0.2476056109439817,0.32912935967297574,1.0,0,,0.01999999999999602,-0.027000000000001023,-12.380280547201549
-0.9930016930039613,0.5120963166192275,1.0,0,,0.0,-0.00016999999999999654,
-0.4067538267119799,0.43340818937886116,1.0,0,,0.30000000000001137,0.0,-1.3558460890398816
-0.33659026763597016,0.32730993750509974,,0,,0.0,0.0,
-0.13293718627199214,0.3036319169008421,1.0,0,,0.0017000000000000348,0.0,-78.19834486587612
1.1076863158817147,0.497253060879544,1.0,0,,0.0014000000000000679,0.0,791.2045113440436
-0.21026240230399532,0.31784338662487005,1.0,0,,0.0,-0.20000000000004547,
-0.23073836553438093,0.354323007741938,1.0,0,,0.0,-3.999999999999837e-05,
-0.7065154679277115,0.5004638724891467,1.0,0,,0.0,-6.1000000000002465e-09,
-0.3127474217454265,0.3824434990820947,1.0,0,,1.0000000000001327e-06,-4.999999999999796e-06,-312747.421745385
-0.11341618055999333,0.3165299528986872,1.0,0,,0.0004999999999999449,0.0,-226.83236112001165
-0.4170562310559902,0.4163245781260819,1.0,0,,0.0,-0.002000000000000224,
-0.28787401943998303,0.3515190440062861,1.0,0,,9.999999999998899e-05,-9.999999999998899e-05,-2878.740194400147
-0.12350505696800423,0.4497026252307302,1.0,0,,0.21999999999999886,-0.10999999999998522,-0.5613866225818404
-0.2407521099023825,0.3315837197159024,1.0,0,,0.0,-1.9999999999999185e-05,
-0.209314633980004,0.3903996481384487,1.0,0,,0.010000000000001563,-0.01799999999999713,-20.931463397997128
-0.2954166231839872,0.31810867627700334,1.0,0,,0.0,-0.0020999999999999908,
-0.8041375885607858,0.5055561498129717,1.0,0,,0.0,-8.99999999999998e-05,
-0.17808699361599473,0.3458049163013277,1.0,0,,9.999999999998899e-05,-0.0001000000000000445,-1780.8699361601434
-0.27010236729200565,0.32730993750509974,1.0,0,,0.0,-0.00017000000000000348,
-0.15404398848000417,0.32912935967297574,1.0,0,,0.04199999999998738,-0.020000000000010232,-3.667714011429773
-0.19395383819616002,0.39232969227510495,1.0,0,,3.9999999999996635e-06,-4.000000000000531e-06,-48488.459549044084
-0.18033966038956584,0.4949074077175398,1.0,0,,3.500000000000051e-09,-3.599999999999847e-09,-51525617.25416091
-0.21156339009837655,0.34609666752177354,1.0,0,,6.0000000000004494e-05,-5.9999999999990616e-05,-3526.056501639345
-0.08449067112799143,0.3456527065895364,1.0,0,,0.00030000000000002247,0.0,-281.635570426617
-0.1003679738879869,0.3573425363175451,1.0,0,,0.00029999999999996696,0.0,-334.5599129599932
-0.14745118727036752,0.3342684011123563,1.0,0,,8.00000000000245e-05,0.0,-1843.1398408790296
-0.17119655548799087,0.3042901531791691,1.0,0,,0.0006700000000000039,0.0,-255.5172469969998
-0.27639526000000736,0.39232969227510495,1.0,0,,3.9999999999996635e-06,0.0,-69098.81500000766
-0.23409417118318884,0.34609666752177354,1.0,0,,4.999999999999449e-05,-3.999999999999837e-05,-4681.883423664292
-0.16654299227197605,0.31810867627700334,1.0,0,,0.000700000000000145,0.0,-237.91856038848795
-0.29445759999997667,0.4313335992118807,,0,,0.0,0.0,
-0.2035651086871725,0.4949074077175398,1.0,0,,3.100000000000021e-09,-8.000000000000601e-10,-65666164.09263585
-0.18388919567998657,0.3180804205308899,1.0,0,,0.04200000000000159,0.0,-4.378314182856657
-0.510391257023995,0.38395874378797656,1.0,0,,0.0,-0.04899999999999949,
-0.08425007112801983,0.3456527065895364,1.0,0,,0.00029999999999996696,0.0,-280.8335704267637
-0.8051872929224002,0.361302343301116,1.0,0,,0.00039999999999995595,-0.0016000000000000458,-2012.9682323062223
-0.5185894341503934,0.361302343301116,1.0,0,,0.0,-0.0009000000000000119,
-0.12710558041599068,0.3573425363175451,1.0,0,,0.00029999999999996696,0.0,-423.6852680533489
-0.20167919999997766,0.3180804205308899,1.0,0,,0.06499999999999773,-0.014000000000010004,-3.102756923076688
-0.49785872688639127,0.4497026252307302,1.0,0,,0.01999999999998181,-0.5200000000000102,-24.892936344342203
-0.08841637563518343,0.3042901531791691,1.0,0,,0.00028000000000000247,-0.00041999999999997595,-315.7727701256523
0.19855683749762232,0.332488854798179,1.0,0,,0.00014000000000000123,0.0,1418.263124983004
-0.5289968764079955,0.46789779259047715,1.0,0,,0.21999999999999886,-0.10999999999998522,-2.4045312563999923
-0.1296141834399868,0.31810867627700334,1.0,0,,0.0015000000000000568,-0.0007999999999999119,-86.40945562665459
-0.17052719251200188,0.3332333473093657,1.0,0,,0.04099999999999682,-0.0049999999999954525,-4.159199817366223
-0.35694101010958446,0.38395874378797656,1.0,0,,0.006999999999997897,-0.028999999999999915,-50.9915728728131
0.0013694794400319343,0.4313335992118807,1.0,0,,0.0050000000000003375,0.0,0.2738958880063684
-0.2669678559359871,0.3342684011123563,1.0,0,,0.0,-0.00012999999999999123,
-0.15581438871996692,0.33237646746101945,1.0,0,,0.001000000000000334,0.0,-155.8143887199149
-0.29581174184959785,0.34609666752177354,1.0,0,,9.999999999996123e-06,-9.000000000000674e-05,-29581.174184971253
-0.38001800781477213,0.39232969227510495,1.0,0,,2.0000000000002655e-06,-8.000000000000194e-06,-190009.00390736084
-0.45296798554223855,0.4949074077175398,1.0,0,,6.000000000000451e-10,-9.300000000000063e-09,-754946642.5703409
-0.15323461585198428,0.367085292553729,1.0,0,,5.000000000000837e-05,0.0,-3064.6923170391724
-0.17845520543638,0.4112724696189174,1.0,0,,4.999999999999796e-06,0.0,-35691.04108727745
-0.3485586023999855,0.3456527065895364,1.0,0,,0.0,-0.00029999999999996696,
-0.08909322246000193,0.34350719401971674,1.0,0,,0.00017000000000000348,0.0,-524.0777791764712
-0.12430911799197913,0.31334741486355644,1.0,0,,0.0011599999999999944,0.0,-107.16303275170667
-0.48153605068797933,0.3772258804653613,1.0,0,,0.0,-0.0005999999999999894,
0.9068640364084096,0.46789779259047715,1.0,0,,2.5500000000000114,-0.3299999999999841,0.3556329554542767
-0.28746142030398425,0.33237646746101945,1.0,0,,0.0,-0.0017999999999998018,
-0.2953036843007934,0.3934834363536467,1.0,0,,0.012999999999998124,-0.04899999999999949,-22.71566802314123
-0.23096638387199014,0.4395626146812664,1.0,0,,0.0009999999999998899,0.0,-230.96638387201557
-0.6352405776879831,0.4718767139415899,1.0,0,,0.0,-0.8900000000000148,
-0.1529623058879922,0.36589991104683267,1.0,0,,4.999999999999449e-05,0.0,-3059.246117760181
-0.3330333295919987,0.3597612385026792,1.0,0,,9.999999999998899e-05,-0.0005000000000000004,-3330.333295920354
-0.8837650054559928,0.31334741486355644,1.0,0,,0.0,-0.0023199999999999887,
-1.573333031452811,0.5125998157892443,1.0,0,,0.0,-9.39999999999986e-09,
-0.20358483999999683,0.34302802689558787,,0,,0.0,0.0,
-0.17652359395199668,0.3332333473093657,1.0,0,,0.0,-0.1110000000000042,
-0.18154128254266005,0.4998219632273537,1.0,0,,3.900000000000081e-09,0.0,-46549046.805809304
-0.26977859999995824,0.3772258804653613,,0,,0.0,0.0,
-0.30512027430000616,0.34350719401971674,1.0,0,,0.0,-0.00017000000000000348,
-0.14582998319999668,0.3661733732955841,1.0,0,,0.0013999999999998458,0.0,-104.16427371429482
-0.1666299908800004,0.34509249419397137,1.0,0,,0.01999999999999602,0.0,-8.331499544001678
-0.2446659736910351,0.41700552048622685,1.0,0,,1.999999999999398e-06,0.0,-122332.98684555436
-0.16775588783200035,0.34732681811800376,1.0,0,,0.03900000000000148,0.0,-4.301433021333179
-0.05525312817358055,0.4718767139415899,1.0,0,,0.21999999999999886,-0.5900000000000034,-0.25115058260718565
-0.5153266572607687,0.36289558800475763,1.0,0,,0.0070000000000014495,-0.02499999999999858,-73.61809389438028
-0.5152128654000157,0.4483533841485514,1.0,0,,0.0,-0.01100000000000012,
-0.12179425262641064,0.3165822741139632,1.0,0,,0.0006899999999999684,-0.0007500000000000284,-176.51340960350177
-0.20159645137630455,0.41700552048622685,1.0,0,,5.000000000000664e-06,0.0,-40319.29027525556
-0.14114350306560913,0.36589991104683267,1.0,0,,5.9999999999990616e-05,-1.0000000000010001e-05,-2352.39171776052
-0.16437327472797256,0.37621992047829983,1.0,0,,0.00029999999999996696,0.0,-547.9109157599688
-0.061987746030377794,0.34291611436014,1.0,0,,0.00021000000000001573,0.0,-295.1797430017769
-0.16920839011198213,0.3621041670859088,1.0,0,,0.0,-0.00019999999999997797,
-0.21102516933046386,0.4998219632273537,1.0,0,,3.7000000000000662e-09,-6.000000000000451e-10,-57033829.548773
-0.30085502039999656,0.3661733732955841,1.0,0,,0.0,-0.0017000000000000348,
-0.49404164392959526,0.4718767139415899,1.0,0,,0.10000000000002274,-1.0199999999999818,-4.94041643929483
-0.14753498631997863,0.34509249419397137,1.0,0,,0.030000000000001137,-0.00999999999999801,-4.917832877332435
-0.3531689198111935,0.35465128176711713,,0,,0.0,0.0,
-0.30195669240000483,0.44876530976341417,1.0,0,,2.799999999999787e-09,-1.0000000000021927e-10,-107841675.85715279
-0.3217612652543952,0.48636586869033915,1.0,0,,0.23999999999998067,0.0,-1.3406719385600878
-0.27074532412398916,0.36589991104683267,1.0,0,,9.999999999996123e-06,-6.0000000000004494e-05,-27074.53241240941
-0.29284961977598273,0.3621041670859088,1.0,0,,0.0001000000000000445,-0.00019999999999997797,-2928.496197758524
-0.3020191999999761,0.4483533841485514,1.0,0,,0.0,-0.0009999999999998899,
-0.38092213899999205,0.34732681811800376,1.0,0,,0.012999999999991019,-0.14800000000001035,-29.301703000019632
-0.19563967999998017,0.32094333150738086,,0,,0.0,0.0,
-0.30456270842400146,0.37621992047829983,1.0,0,,0.0,-0.0001000000000000445,
-0.23744475809999435,0.34291611436014,1.0,0,,0.0,-0.000130000000000019,
-0.30820679999995887,0.46235055859039687,1.0,0,,0.0,-0.000200000000000089,
-0.21143500503998877,0.3029215864555188,1.0,0,,0.0,-0.0015000000000000568,
-0.14757298631996726,0.3392950351199915,1.0,0,,0.010000000000005116,-0.04999999999999716,-14.757298631989176
-1.0748355012263822,0.3165822741139632,1.0,0,,0.0004899999999999904,-0.0019100000000000228,-2193.5418392375573
-0.2792496172799917,0.3439415989087191,1.0,0,,0.0,-0.0015000000000000568,
-0.4045675049199772,0.48636586869033915,1.0,0,,0.5700000000000216,-0.38999999999998636,-0.7097675524911612
-0.20888903999999672,0.3578672180381348,,0,,0.0,0.0,
-0.16268053167199578,0.3247967294651714,1.0,0,,0.00010999999999999899,0.0,-1478.9139242908843
-0.25489897111678794,0.3567616246235059,1.0,0,,9.999999999996123e-06,-8.000000000001062e-05,-25489.897111688675
-0.2901696195839938,0.3556817779616136,1.0,0,,9.999999999998899e-05,-0.00030000000000002247,-2901.6961958402576
-0.35091561545598526,0.4140644681074932,1.0,0,,0.0,-0.0009999999999998899,
-0.1736879919359952,0.3439415989087191,1.0,0,,0.000700000000000145,0.0,-248.12570276565606
-0.1483999899199875,0.3029215864555188,1.0,0,,0.000700000000000145,-0.0004999999999999449,-211.99998559993827
-0.2694977999999979,0.37597803232731775,1.0,0,,0.0,-0.00019999999999997797,
-0.2788766278727933,0.344594529858248,1.0,0,,0.0,-0.00010999999999999899,
-0.3618601085688383,0.44876530976341417,1.0,0,,1.999999999995915e-10,-3.7000000000000662e-09,-1809300542.847887
-0.22353500455997702,0.3392950351199915,1.0,0,,0.0,-0.03999999999999915,
-0.18354911666880638,0.3247967294651714,1.0,0,,3.999999999998449e-05,0.0,-4588.7279167219385
-0.3582915586879989,0.4140644681074932,1.0,0,,0.0009999999999998899,0.0,-358.2915586880384
-0.30430933900796997,0.3439415989087191,1.0,0,,0.000500000000000167,0.0,-608.6186780157367
-0.12737411056239645,0.3567616246235059,1.0,0,,6.999999999998674e-05,0.0,-1819.6301508917225
-0.14997058369033356,0.42903397272097615,1.0,0,,3.2000000000002404e-09,-1.5999999999996967e-09,-46865807.40322571
-0.128881956320005,0.468570735116566,1.0,0,,0.0006999999999999229,0.0,-184.11708045717026
-0.14354617942921324,0.4119421677517029,1.0,0,,7.000000000000062e-06,-7.000000000000062e-06,-20506.597061315995
-0.1608370089695778,0.35232435704022974,1.0,0,,4.000000000001225e-05,0.0,-4020.925224238214
-0.06884380755200299,0.344594529858248,1.0,0,,0.00019999999999997797,0.0,-344.21903776005286
-1.23011006358238,0.48636586869033915,1.0,0,,0.0700000000000216,-0.7800000000000011,-17.57300090831429
-0.15871438564799017,0.3485392671091232,1.0,0,,0.045000000000001705,-0.10800000000000409,-3.5269863477329815
-0.14130898823999188,0.3029215864555188,1.0,0,,0.0006999999999999229,-0.000500000000000167,-201.86998320001064
-0.20243223523326276,0.420095349760465,1.0,0,,4.000000000000531e-06,0.0,-50608.058808308975
-0.11521997599999517,0.34876206147172506,1.0,0,,0.04999999999999716,-0.05000000000000426,-2.3043995200000342
-0.08385772699199817,0.4968163120378284,1.0,0,,0.00011999999999999511,0.0,-698.8143916000132
-0.16317520705677344,0.42903397272097615,1.0,0,,3.7000000000000662e-09,-1.0000000000021927e-10,-44101407.31264068
0.2748234325200123,0.3556817779616136,1.0,0,,0.0008999999999999564,0.0,305.3593694666951
-0.19590255482557675,0.4740018241740325,1.0,0,,0.21999999999999886,-0.25,-0.8904661582980807
-0.12396717889920354,0.36644699443464845,1.0,0,,3.999999999999837e-05,-3.0000000000002247e-05,-3099.179472480215
0.048923884240008375,0.37597803232731775,1.0,0,,0.0010000000000000009,0.0,48.923884240008334
-0.439054604832793,0.36289558800475763,1.0,0,,0.01799999999999713,-0.06700000000000017,-24.391922490714613
-0.1452323567040497,0.42351489744526044,1.0,0,,0.004999999999999893,0.0,-29.046471340810555
-0.09412345283997575,0.42351489744526044,1.0,0,,0.0030000000000001137,0.0,-31.374484279990728
-0.14596916417439038,0.36644699443464845,1.0,0,,3.0000000000002247e-05,0.0,-4865.638805812648
-0.37532003839998457,0.34876206147172506,1.0,0,,0.0,-0.0899999999999963,
-0.25044961036799485,0.3473671634922466,1.0,0,,0.0,-0.001200000000000312,
-0.19445997177597718,0.4700299949237814,1.0,0,,0.20999999999997954,-0.29000000000002046,-0.9259998655999816
-0.35661640703918995,0.33889770399199587,1.0,0,,0.0,-0.00023000000000000798,
-0.35157723599999546,0.33318999964841284,1.0,0,,0.015000000000000568,-0.125,-23.438482399998808
-0.5408578165615587,0.4968163120378284,1.0,0,,0.0,-0.0001699999999999896,
-0.4111107488399843,0.35286195934285314,1.0,0,,0.0,-0.00039999999999995595,
-0.1870868941199764,0.35683807838748405,1.0,0,,0.000500000000000167,0.0,-374.17378823982784
-0.5221452598079739,0.38341458756367064,1.0,0,,0.0,-0.0006999999999999784,
-0.6963480960479855,0.43490094365957577,,0,,0.0,0.0,
-1.1850913012556596,0.420095349760465,1.0,0,,1.0000000000001327e-06,-1.5000000000000256e-05,-1185091.3012555023
-0.5822697492239972,0.35232435704022974,1.0,0,,9.999999999996123e-06,-0.00012000000000000899,-58226.9749224223
-0.11163945190397798,0.4700299949237814,1.0,0,,0.2400000000000091,-0.13999999999998636,-0.46516438293322393
-0.2550643334359729,0.5325111681601611,1.0,0,,5.000000000000664e-06,0.0,-51012.86668718781
-0.2864359757599878,0.49477389705940794,1.0,0,,0.00019999999999997797,0.0,-1432.1798788000967
-0.23332140849598526,0.325986439078768,1.0,0,,0.0,-9.999999999998899e-05,
-0.4048034279839623,0.4152241338109011,1.0,0,,0.0,-0.0018000000000000238,
-0.45420259489197046,0.3702820112935186,1.0,0,,0.0,-0.37000000000000455,
-0.41784608784680927,0.43528945379658074,1.0,0,,2.0000000000001503e-10,-6.699999999999868e-09,-2089230439.2338893
-0.2079805457343982,0.3720141010378176,1.0,0,,3.999999999999837e-05,0.0,-5199.5136433601665
-0.26668040000001586,0.3702820112935186,1.0,0,,0.18999999999999773,0.0,-1.4035810526316792
-0.1857629954399973,0.345864010663355,1.0,0,,0.0,-0.03999999999999915,
-0.14701828283998952,0.34695570513466556,1.0,0,,0.04200000000000159,-0.046999999999997044,-3.5004353057139035
-0.29557638000001496,0.43528945379658074,1.0,0,,3.4000000000002554e-09,0.0,-86934229.41176258
-0.2206999232927809,0.3519069339272468,1.0,0,,0.0,-6.999999999998674e-05,
-0.937341500183918,0.3867198343260188,1.0,0,,0.0,-0.0005199999999999927,
-0.12695358036796717,0.35764899050498566,1.0,0,,0.00020000000000003348,-9.999999999998899e-05,-634.7679018397296
-0.22465638473594746,0.4152241338109011,1.0,0,,0.000600000000000156,0.0,-374.42730789314845
-0.2261584018719902,0.34695570513466556,1.0,0,,0.04099999999999682,-0.006000000000000227,-5.516058582244092
-0.08865896817598695,0.325986439078768,1.0,0,,0.0005999999999999894,0.0,-147.76494695998085
-0.2958372000000015,0.43490094365957577,1.0,0,,0.0009999999999998899,0.0,-295.8372000000341
-0.3869309999999989,0.49477389705940794,1.0,0,,0.00040000000000001146,0.0,-967.3274999999696
-0.08326857040798108,0.3519069339272468,1.0,0,,0.00018000000000001348,0.0,-462.60316893319356
-0.2735067999999947,0.3867198343260188,1.0,0,,0.0005600000000000049,0.0,-488.4049999999863
-0.21121239999998473,0.36421598044919834,,0,,0.0,0.0,
-0.23113300470400466,0.35683807838748405,1.0,0,,0.0,-0.00039999999999995595,
-0.37215965279995916,0.4669338942364737,1.0,0,,0.00029999999999996696,0.0,-1240.5321760000004
-0.29587950251997297,0.40900557430570994,1.0,0,,0.0004999999999999449,0.0,-591.7590050400111
-0.16805899016000575,0.35764899050498566,1.0,0,,0.00019999999999997797,-9.999999999998899e-05,-840.2949508001213
-0.22376300455998976,0.345864010663355,1.0,0,,0.0,-0.00999999999999801,
-0.2911202870000175,0.42565547747802635,1.0,0,,6.699999999999868e-09,-1.2000000000000902e-09,-43450789.10448108
-0.2905579999999679,0.42380007173454315,1.0,0,,0.0030000000000001137,0.0,-96.8526666666523
-0.1968280964720095,0.35980657802255045,1.0,0,,0.00039999999999995595,0.0,-492.0702411800779
-0.16126220397118182,0.4700299949237814,1.0,0,,0.06999999999999318,-0.7199999999999989,-2.3037457710171076
-0.13454533927997445,0.4947209685846875,1.0,0,,0.0005000000000000004,0.0,-269.0906785599486
-0.46878760665149355,0.5325111681601611,1.0,0,,9.999999999992654e-07,-5.000000000000664e-06,-468787.60665183794
-0.21625108176158675,0.35768324971275706,1.0,0,,0.0,-2.0000000000020002e-05,
-0.29129994239996476,0.42565547747802635,1.0,0,,2.799999999999787e-09,0.0,-104035693.71428105
-0.3362373343440039,0.30559265119519785,1.0,0,,0.0,-0.0026999999999999247,
-0.40349677119598565,0.3602604210656424,1.0,0,,9.999999999996123e-06,-4.000000000001225e-05,-40349.67711961421
-0.19760279999997765,0.32642767380464,1.0,0,,9.999999999998899e-05,0.0,-1976.027999999994
-0.34592833866236805,0.3731819502373289,1.0,0,,0.009999999999990905,-0.3100000000000023,-34.592833866268265
-0.3802350316799422,0.40900557430570994,1.0,0,,0.0004999999999999449,-0.00039999999999995595,-760.4700633599682
-0.49442889839994175,0.42380007173454315,1.0,0,,0.0009999999999998899,0.0,-494.4288983999962
-0.4903197243360113,0.49759923157806185,1.0,0,,2.999999999998837e-05,-4.000000000001225e-05,-16343.990811206713
-0.18256352130157918,0.4585842290750045,1.0,0,,1.0300000000000011,-0.18999999999999773,-0.17724613718599902
-0.2658711999999808,0.36849345427405766,,0,,0.0,0.0,
-0.3058175999999592,0.4571470972406366,,0,,0.0,0.0,
-0.209168697815989,0.3420472713242742,1.0,0,,0.02400000000000091,-0.025000000000005684,-8.715362408999212
-0.15146491599599626,0.3602604210656424,1.0,0,,4.999999999999449e-05,-9.999999999996123e-06,-3029.298319920259
-0.23114134649919987,0.34419009279994633,1.0,0,,0.0,-7.00000000000145e-05,
-0.23544176356799912,0.4947209685846875,1.0,0,,0.00029999999999996696,0.0,-784.8058785600834
-0.12577878051199617,0.35136849571894263,1.0,0,,9.999999999998899e-05,-0.00019999999999997797,-1257.7878051201003
-0.10623956112000363,0.3731819502373289,1.0,0,,0.12999999999999545,-0.12000000000000455,-0.8172273932308257
-0.3128594028461037,0.42565547747802635,1.0,0,,1.1099999999999775e-08,0.0,-28185531.787937842
-0.0912965745119724,0.32642767380464,1.0,0,,0.00030000000000002247,0.0,-304.3219150398852
-0.28511699999998275,0.40900557430570994,1.0,0,,0.0021999999999999797,0.0,-129.5986363636297
-0.14230772016143836,0.4258499800073786,1.0,0,,2.4000000000000583e-05,-1.999999999999398e-06,-5929.488340059787
-0.2544256087359936,0.3420472713242742,1.0,0,,0.18999999999999773,0.0,-1.3390821512420876
-0.20385823999999675,0.34419009279994633,1.0,0,,0.00018999999999999573,0.0,-1072.938105263165
-0.567374462975986,0.4585842290750045,1.0,0,,0.0,-1.0400000000000205,
-0.5571614983495953,0.38097230677765526,1.0,0,,0.00010999999999999899,-0.0006200000000000094,-5065.1045304509125
-0.15953916851197927,0.42380007173454315,1.0,0,,0.002000000000000224,0.0,-79.7695842559807
-0.11357368091998296,0.30559265119519785,1.0,0,,0.0015000000000000568,0.0,-75.71578727998578
-0.2804209233695667,0.3697455613044044,1.0,0,,0.0,-2.999999999997449e-05,
-0.40864717336796264,0.35980657802255045,1.0,0,,0.00019999999999997797,-0.0004999999999997229,-2043.2358668400382
-0.5326051297420853,0.4258499800073786,1.0,0,,0.0,-1.1999999999999858e-05,
-0.3151614652287879,0.3602604210656424,1.0,0,,0.0,-0.00015999999999999348,
-0.3683807869463622,0.36849345427405766,1.0,0,,0.00012000000000000205,-1.0000000000003062e-05,-3069.8398912196326
-1.0768525759999852,0.4463302484183821,1.0,0,,0.0,-0.007000000000000117,
-0.32875169236000057,0.3058504393598019,1.0,0,,0.0022999999999999687,-9.999999999998899e-05,-142.9355184173935
-0.38198820000000155,0.4842651109433771,1.0,0,,0.37999999999999545,-0.12000000000000455,-1.005232105263174
-0.14566638732798018,0.3207792848073885,1.0,0,,0.25,-0.07999999999998408,-0.5826655493119207
-0.41018184871998975,0.35136849571894263,1.0,0,,0.0001000000000000445,-0.0005999999999999894,-4101.818487198072
-0.23667259255998058,0.37121155408350737,1.0,0,,0.00039999999999995595,-0.00010000000000021103,-591.6814814000167
-0.127513714299997,0.39189954727915033,1.0,0,,0.00031999999999998696,-0.00023999999999999022,-398.48035718750685
-0.5729811130943854,0.3731819502373289,1.0,0,,0.009999999999990905,-0.47999999999998977,-57.29811130949065
-0.37576754259999473,0.32642767380464,1.0,0,,0.0,-0.0007000000000000339,
-0.6132108504959908,0.5212140400662146,1.0,0,,0.0,-0.0008000000000000229,
-0.057959949599969474,0.37285722303529584,1.0,0,,0.00040000000000001146,0.0,-144.89987399991952
-0.37843460000000284,0.47729285114118325,,0,,0.0,0.0,
-0.15115598982397146,0.3058504393598019,1.0,0,,0.0017000000000000348,-0.0008000000000001339,-88.9152881317461
-0.739273798917002,0.45224835693548926,1.0,0,,1.9999999999997267e-09,-4.199999999999892e-09,-369636899.45855147
-0.40132010110396765,0.35954416777068127,1.0,0,,0.001999999999995339,-0.10099999999999909,-200.66005055245148
-0.6496266507640043,0.4842651109433771,1.0,0,,0.4200000000000159,0.0,-1.5467301208666182
-0.23192338382399322,0.4422292510952311,1.0,0,,0.0009999999999998899,-0.0019999999999997797,-231.92338382401877
-0.2698758400000234,0.3779736197750539,1.0,0,,0.3499999999999943,0.0,-0.771073828571508
-0.5811815477887996,0.48480921750531314,1.0,0,,0.0,-7.999999999999674e-05,
-0.301459536799183,0.3845807087312424,1.0,0,,0.0,-1.0000000000003062e-05,
-0.16872054994878283,0.36204962399907714,1.0,0,,0.0,-6.999999999998674e-05,
-0.1954543319400325,0.3792890298255257,1.0,0,,5.9999999999990616e-05,-4.000000000001225e-05,-3257.572199001051
-0.14415996159999894,0.4463302484183821,1.0,0,,0.002000000000000224,-0.0030000000000001137,-72.0799807999914
-0.2268185845919617,0.42303870641685654,1.0,0,,0.000500000000000167,-0.0006999999999999229,-453.6371691837719
-0.1442622822159868,0.35954416777068127,1.0,0,,0.054000000000002046,0.0,-2.6715237447403952
-0.13624611787843807,0.45224835693548926,1.0,0,,2.799999999999787e-09,-1.0000000000000751e-09,-48659327.81373159
-0.29649735599997873,0.43636056650022503,1.0,0,,1.0000000000001327e-06,-7.000000000000062e-06,-296497.3559999394
-0.37894179999996647,0.47729285114118325,1.0,0,,0.0,-0.0008000000000000229,
-0.31583952991357067,0.36204962399907714,1.0,0,,8.999999999997899e-05,0.0,-3509.3281101516045
-0.057749949600013645,0.37285722303529584,1.0,0,,0.0005000000000000004,0.0,-115.49989920002719
-0.19403119894399673,0.3207792848073885,1.0,0,,0.0,-0.20999999999997954,
-0.09265370590000538,0.39189954727915033,1.0,0,,0.0004300000000000137,-9.999999999998899e-05,-215.47373465116843
-0.27050771999997814,0.3792890298255257,1.0,0,,6.0000000000004494e-05,0.0,-4508.461999999298
-0.0910773670719986,0.34265455152042856,1.0,0,,0.0005999999999999894,0.0,-151.795611786667
-0.28859644799996964,0.41984337992520226,1.0,0,,8.000000000000194e-06,0.0,-36074.555999995326
-0.5046513674080118,0.37121155408350737,1.0,0,,9.999999999976694e-05,-0.0005999999999999339,-5046.513674091879
-0.1837199711999806,0.4463302484183821,1.0,0,,0.0040000000000000036,0.0,-45.929992799995105
-0.319083636772783,0.5480718181185665,1.0,0,,1.9999999999999185e-05,0.0,-15954.1818386398
-0.05396429859918492,0.37344629468221346,1.0,0,,0.3300000000000125,0.0,-0.16352817757328142
-0.17049687485759857,0.39017455692880043,1.0,0,,0.0002500000000000002,-6.999999999998674e-05,-681.9874994303937
0.09179302677600623,0.3393569599279887,1.0,0,,0.00039999999999995595,0.0,229.48256694004084
-0.17105544310954746,0.45205975827459954,1.0,0,,3.999999999999877e-09,0.0,-42763860.77738818
-0.1914335976960006,0.33558557141573675,1.0,0,,0.06799999999999784,-0.0040000000000048885,-2.815199966117745
0.26097755254943844,0.5212140400662146,1.0,0,,0.0016999999999999793,0.0,153.51620738202448
-0.45500175550402766,0.37169326731138497,1.0,0,,0.00039999999999995595,-0.0002999999999997449,-1137.5043887601944
0.25843215360004546,0.48343843753290133,1.0,0,,0.0020000000000000018,0.0,129.21607680002262
-0.20759040000000512,0.35471065512674727,1.0,0,,0.00039999999999995595,0.0,-518.9760000000699
-1.4647523059567646,0.485604309419678,1.0,0,,0.0,-1.0900000000000034,
0.24048332940803666,0.4422292510952311,1.0,0,,0.008000000000000007,0.0,30.060416176004555
-0.2052688200000043,0.3490686427482559,1.0,0,,0.0003300000000000247,0.0,-622.0267272726937
-0.816332696311957,0.3058504393598019,1.0,0,,0.0006999999999999229,-0.0039000000000000146,-1166.189566160067
-0.35553997516797814,0.35915440825997647,1.0,0,,0.00016000000000000736,-3.999999999999837e-05,-2222.1248447997614
-0.39395399999999686,0.5071870370607396,1.0,0,,0.0006999999999999784,-0.00019999999999997797,-562.7914285714414
-0.2881572680000247,0.41984337992520226,1.0,0,,2.1000000000000185e-05,0.0,-13721.774666667723
0.774792325562917,0.3789118405121982,1.0,0,,0.0004299999999999998,0.0,1801.8426175881798
-0.29401919999996134,0.4297778817613621,1.0,0,,0.001000000000000334,-0.0019999999999997797,-294.01919999986313
-0.19707839999999346,0.32102247060294975,1.0,0,,0.0022999999999999687,0.0,-85.68626086956354
-0.3472930177826202,0.45205975827459954,1.0,0,,4.499999999999703e-09,-1.2000000000000902e-09,-77176226.17392069
-0.229993403120008,0.33558557141573675,1.0,0,,0.1279999999999859,-0.027000000000001023,-1.7968234618752603
-0.20777199999998322,0.35471065512674727,1.0,0,,0.00019999999999997797,0.0,-1038.8600000000306
-0.0946681683199754,0.3393569599279887,1.0,0,,0.0005000000000000004,-0.00039999999999995595,-189.33633663995064
-0.2056506999999744,0.3490686427482559,1.0,0,,9.000000000000674e-05,0.0,-2285.007777777322
-0.11876716428798823,0.37169326731138497,1.0,0,,0.0022999999999999687,-9.999999999976694e-05,-51.63789751651732
-0.39481959999997507,0.5071870370607396,1.0,0,,0.0005999999999999894,-0.00019999999999997797,-658.0326666666367
-0.2933551999999832,0.4297778817613621,1.0,0,,0.0009999999999998899,-0.0030000000000001137,-293.35520000001554
-0.07892525807036574,0.37344629468221346,1.0,0,,0.44999999999998863,-0.30000000000001137,-0.17538946237859496
-0.031867916115206146,0.485604309419678,1.0,0,,0.1599999999999966,-0.8299999999999841,-0.19917447572004265
-0.5555423470464183,0.39017455692880043,1.0,0,,6.0000000000004494e-05,-0.0007299999999999807,-9259.03911743961
-0.38035153999999816,0.4821262651048497,1.0,0,,3.999999999999837e-05,0.0,-9508.78850000034
-0.2966499999999771,0.4251736879817385,1.0,0,,0.006999999999999673,0.0,-42.37857142857013
-0.29513802000001516,0.43407891329720194,1.0,0,,0.0007999999999999119,0.0,-368.9225250000596
-0.19352498199997384,0.374078866879462,1.0,0,,0.030000000000001137,0.0,-6.450832733332216
-0.3033856000000129,0.447565850596175,1.0,0,,0.0007999999999999119,0.0,-379.2320000000579
-0.23461678444799305,0.43996809613351595,1.0,0,,0.2400000000000091,-0.11000000000001364,-0.977569935199934
-0.18002997551997113,0.4023554128485391,1.0,0,,0.000300000000000078,-0.00039999999999995595,-600.0999183997478
-0.5402766489535888,0.3789118405121982,1.0,0,,9.999999999999593e-05,-3.0000000000002247e-05,-5402.766489536109
-0.5285727226079737,0.3190024659957341,1.0,0,,0.0,-0.0035000000000000586,
-0.3982247994239897,0.49168945040874934,1.0,0,,0.07099999999999795,0.0,-5.608799991887341
-0.20394560000000067,0.3454193397444105,1.0,0,,0.0008999999999999564,0.0,-226.60622222223395
-0.27014960000000054,0.37821403305894247,1.0,0,,0.00019999999999997797,0.0,-1350.7480000001515
-0.15103406598400088,0.35915440825997647,1.0,0,,0.0,-5.9999999999990616e-05,
-0.8229522531400184,0.5045872763760382,1.0,0,,0.0,-0.5,
-0.2714988599999793,0.38101758197068786,,0,,0.0,0.0,
-0.6097482640799763,0.46008132697733084,1.0,0,,0.0,-0.0009999999999998899,
-0.6023194150079392,0.4023554128485391,1.0,0,,0.00019999999999997797,-0.0010000000000000009,-3011.5970750400274
-0.11454180753276919,0.3295578592855182,1.0,0,,0.8000000000000114,-0.20999999999997954,-0.14317725941595943
-0.31397300407996764,0.4251736879817385,1.0,0,,0.0,-0.0129999999999999,
-1.6697639329679002,0.5567371934856433,1.0,0,,0.0,-0.004999999999999893,
-0.6390617558077123,0.489701227645763,1.0,0,,9.999999999979575e-11,-6.1000000000002465e-09,-6390617558.090176
-0.47394562150395725,0.4893364683917113,1.0,0,,0.0,-8.999999999997899e-05,
-0.4007375999999827,0.49168945040874934,1.0,0,,0.036000000000001364,-0.04899999999999238,-11.131599999999098
-0.3102879999999821,0.46008132697733084,1.0,0,,0.002000000000000224,0.0,-155.1439999999737
-0.39275036000000607,0.5045872763760382,1.0,0,,0.14000000000001478,-0.03999999999999204,-2.8053597142854616
-0.20465355128399462,0.3295578592855182,1.0,0,,0.46000000000000796,0.0,-0.4448990245304154
-0.6766399216617905,0.489701227645763,1.0,0,,2.900000000000006e-09,0.0,-233324110.9178583
-0.46801171303197203,0.5427722707256434,1.0,0,,0.0,-9.999999999998899e-05,
-0.6442986905279547,0.3454193397444105,1.0,0,,0.0,-0.0009000000000000119,
-0.16396237446399697,0.37821403305894247,1.0,0,,0.00019999999999997797,-0.00020000000000003348,-819.8118723200752
-0.15842675268861084,0.41984337992520226,1.0,0,,3.9999999999996635e-06,-8.000000000000194e-06,-39606.68817215604
-0.12216253797437543,0.4821262651048497,1.0,0,,3.999999999999837e-05,-0.00010000000000000286,-3054.0634493595103
-0.09337495799998535,0.374078866879462,1.0,0,,0.04999999999999716,-0.020000000000003126,-1.8674991599998132
-0.10205651153600598,0.5567371934856433,1.0,0,,0.004999999999999893,0.0,-20.41130230720163
-0.4796582558399675,0.4023554128485391,1.0,0,,0.0004999999999999449,0.0,-959.3165116800407
0.5578089666359869,0.38916182944141664,1.0,0,,0.0008200000000000152,0.0,680.254837360947
-0.3090816023039964,0.43996809613351595,1.0,0,,0.049999999999954525,-0.36000000000001364,-6.18163204608555
-0.39468808377437653,0.43407891329720194,1.0,0,,9.999999999998899e-05,-0.0009000000000000119,-3946.8808377442
-0.2698863919359954,0.447565850596175,1.0,0,,0.0,-0.0014999999999998348,
-0.19120859870398504,0.3190024659957341,1.0,0,,0.001000000000000112,0.0,-191.20859870396364
-0.4297070103439621,0.49307032225628195,1.0,0,,0.0,-8.999999999999286e-05,
-0.2968880000000025,0.4251736879817385,1.0,0,,0.009999999999999787,0.0,-29.68880000000088
-0.4967055248119614,0.3345328093529075,1.0,0,,0.0,-0.00021999999999999797,
-0.6066376452620388,0.5507666190146072,1.0,0,,1.0000000000001327e-06,-1.299999999999999e-05,-606637.6452619582
-0.6394834520567707,0.4821262651048497,1.0,0,,0.0,-0.00016000000000000736,
-0.6440579795584079,0.509526313392602,1.0,0,,0.0,-0.00010999999999999899,
-0.31045199999998396,0.46008132697733084,1.0,0,,0.0,-0.007000000000000117,
-0.053517351887959974,0.3190024659957341,1.0,0,,0.0016000000000000458,-0.001000000000000112,-33.44834492997403
-0.5510016399359802,0.4893364683917113,1.0,0,,3.0000000000002247e-05,-0.00012999999999999123,-18366.721331197965
-1.1377324570799914,0.5427722707256434,1.0,0,,9.999999999998899e-05,-0.0005000000000000004,-11377.324570801167
-0.3624221970431478,0.38916182944141664,1.0,0,,0.00026999999999999247,-0.00018000000000001348,-1342.3044334931776
-0.24218455023359503,0.3295578592855182,1.0,0,,0.7299999999999898,0.0,-0.33175965785424444
-0.3990130199999834,0.514663748449873,1.0,0,,0.0,-0.00020000000000000573,
-0.35716201872000986,0.374078866879462,1.0,0,,0.0,-0.060000000000002274,
-1.1711588573951999,0.38251608622091493,1.0,0,,0.0002500000000000002,0.0,-4684.635429580795
-0.5182651245598588,0.5463277253149207,1.0,0,,0.001000000000000334,-0.0019999999999997797,-518.2651245596858
-0.35721601382400797,0.43996809613351595,1.0,0,,0.0,-0.5199999999999818,
-0.40122339999998313,0.5206314199224691,,0,,0.0,0.0,
-0.295698680000007,0.43407891329720194,1.0,0,,0.0,-0.0013000000000000789,
-0.2699535919360061,0.447565850596175,1.0,0,,0.0,-0.0005999999999999339,
-0.2704687999999924,0.37821403305894247,1.0,0,,0.0,-0.00020000000000003348,
-0.16807949114398568,0.3454193397444105,1.0,0,,0.0,-0.0006999999999999784,
-0.36784799193600526,0.49168945040874934,1.0,0,,0.0,-0.09799999999999898,
-0.3930934399999575,0.5045872763760382,1.0,0,,0.0,-0.2400000000000091,
-0.2784999759999903,0.4758467921350468,1.0,0,,0.002000000000000224,0.0,-139.24998799997957
-0.20076521999997818,0.3345328093529075,,0,,0.0,0.0,
-0.16001757062398236,0.40424315218470197,1.0,0,,0.000500000000000056,-9.999999999998899e-05,-320.0351412479289
-0.38649919999997784,0.49307032225628195,1.0,0,,0.0,-3.999999999999837e-05,
-0.3951882799999945,0.509526313392602,,0,,0.0,0.0,
-0.4906949624728667,0.489701227645763,1.0,0,,6.000000000000451e-10,-1.899999999999931e-09,-817824937.4547164
-0.1343486529335951,0.34761232286299704,1.0,0,,0.3100000000000023,-0.2599999999999909,-0.4333827513986907
-0.2827500180000082,0.35607818723327295,1.0,0,,0.0008000000000000229,0.0,-353.4375225000001
-0.5051498551199349,0.4313038365692793,1.0,0,,0.0,-0.008000000000000895,
-0.39445626000000245,0.5085436835425244,1.0,0,,0.15000000000000568,-0.030000000000001137,-2.6297083999999167
-0.19892565598080214,0.4421869307512908,1.0,0,,0.0005999999999999339,-0.00010000000000010001,-331.54275996804006
-0.6739906647084611,0.5569888478542844,1.0,0,,0.0,-8.000000000000194e-06,
-0.8566593225343807,0.49132418474511624,1.0,0,,0.0,-4.999999999999449e-05,
-0.6341007389152064,0.4968218154032724,1.0,0,,0.0,-0.00019000000000002348,
-0.9791893352160084,0.5463277253149207,1.0,0,,0.0,-0.006000000000000227,
-0.16834997599997792,0.3734868743687274,1.0,0,,0.05000000000000426,0.0,-3.3669995199992715
-0.6359422525119947,0.549482646199535,1.0,0,,0.0,-0.0005000000000000004,
-0.41446079999994545,0.5463277253149207,1.0,0,,0.0030000000000001137,0.0,-138.1535999999766
-0.3922450191999858,0.4707468829535378,1.0,0,,0.009999999999990905,-0.39999999999997726,-39.22450192003425
-0.42882303815998507,0.37603084883518123,1.0,0,,0.0,-0.0005000000000000004,
-0.5046888247679966,0.49910112101534937,1.0,0,,0.019000000000005457,-0.04999999999999716,-26.56256972462377
-0.3627639135599711,0.4552452839468394,1.0,0,,0.0,-0.0008999999999999009,
-0.6496837774560056,0.5370471031696494,1.0,0,,0.0,-5.000000000000143e-05,
-0.32313600979200424,0.40424315218470197,1.0,0,,0.0,-0.000300000000000078,
-0.8393432419327276,0.501308267541313,1.0,0,,1.0000000000010001e-05,-0.00012999999999999123,-83934.32419318882
-1.3378557775439375,0.5123554891757218,1.0,0,,0.0,-7.999999999999674e-05,
-0.5897561632516337,0.4950857453567663,1.0,0,,6.000000000000451e-10,-7.500000000000352e-09,-982926938.7526491
-0.6290500600000358,0.4758467921350468,1.0,0,,0.0,-0.01100000000000012,
-0.7433879122399493,0.4313038365692793,1.0,0,,0.0010000000000012221,-0.006999999999999673,-743.3879122390407
0.2625524485632311,0.38251608622091493,1.0,0,,0.0,-0.0007600000000000107,
-0.23189975089916182,0.3759929172567104,1.0,0,,0.00010999999999999899,0.0,-2108.179553628763
-0.5472987603177573,0.5569888478542844,1.0,0,,0.0,-8.99999999999946e-06,
-0.48611905413199535,0.49132418474511624,1.0,0,,0.0,-6.0000000000004494e-05,
-0.3708135338255698,0.34761232286299704,1.0,0,,0.5699999999999932,-0.37999999999999545,-0.6505500593431127
-0.44020519239357603,0.4968218154032724,1.0,0,,2.0000000000020002e-05,-1.9999999999992246e-05,-22010.25961965679
-0.6632393443103883,0.5085436835425244,1.0,0,,0.0,-0.4399999999999977,
-0.6062072259999722,0.3734868743687274,1.0,0,,0.0,-0.030000000000001137,
-0.9283966427039211,0.549482646199535,1.0,0,,9.999999999998899e-05,-9.999999999998899e-05,-9283.966427040234
-0.6092629487424267,0.4421869307512908,1.0,0,,0.0,-0.0011999999999999789,
-0.2796336725759924,0.35607818723327295,1.0,0,,0.0,-0.00030000000000002247,
-0.207312559999997,0.3526605696855659,1.0,0,,0.00010999999999999899,0.0,-1884.6596363636265
-0.38143699999996467,0.4832791892083465,1.0,0,,0.710000000000008,0.0,-0.5372352112675498
-0.2711071999999761,0.3797852225961225,1.0,0,,0.0,-0.00020000000000003348,
-0.3648775126000191,0.45922981624790815,1.0,0,,0.0,-0.3300000000000409,
-0.47012692042396853,0.4805763507651072,1.0,0,,0.0,-0.08399999999998897,
-0.37423341627200946,0.4527569792380596,1.0,0,,0.0,-0.001000000000000112,
-0.657150783839971,0.49181012953896625,,0,,0.0,0.0,
-0.7180102911839226,0.3976770796680149,1.0,0,,0.0,-0.0007999999999999119,
-0.4113729019070259,0.4695910410119741,1.0,0,,1.1000000000002944e-09,-1.499999999999901e-09,-373975365.3699235
-0.4679046604287968,0.48648592325098655,1.0,0,,9.999999999996123e-06,-3.0000000000002247e-05,-46790.466042897824
-0.37930000000001074,0.4775722165154431,,0,,0.0,0.0,
-0.09678597263997327,0.36347293546277193,1.0,0,,0.00030000000000002247,0.0,-322.61990879988673
-0.33032802736477423,0.39271837102024376,1.0,0,,0.00017000000000000348,-0.00015000000000001124,-1943.1060433221617
-0.5055544836799857,0.42652244764694214,,0,,0.0,0.0,
-0.7188324975358977,0.5602743891518276,1.0,0,,0.0,-0.001000000000000334,
-0.7515635402304053,0.5068521468396372,1.0,0,,0.0,-1.0000000000003062e-05,
-0.5405534279164913,0.5472653495405622,1.0,0,,0.0,-8.99999999999946e-06,
-0.38455900000000465,0.4897963743844178,1.0,0,,0.0,-9.999999999996123e-06,
-0.30772014162557737,0.48881223140409474,1.0,0,,0.0,-9.999999999998899e-05,
-0.43010760910076773,0.5031145875909736,1.0,0,,0.0,-0.18999999999999773,
-0.5733343388079954,0.5382139940668467,1.0,0,,0.0,-0.0005000000000000004,
-0.27924000000000204,0.3794049944359662,1.0,0,,0.0,-0.020000000000003126,
-0.2775473960735859,0.4302631304468464,1.0,0,,9.999999999998899e-05,-0.00039999999999995595,-2775.473960736165
-0.18236833591194468,0.47902617387257707,1.0,0,,0.39999999999997726,-0.3100000000000023,-0.4559208397798876
-0.41232366000001486,0.5412288245326937,,0,,0.0,0.0,
-0.21785398723196364,0.3797852225961225,1.0,0,,0.0001000000000000445,0.0,-2178.539872318667
-0.32744000359996167,0.45922981624790815,1.0,0,,0.009999999999990905,-0.31999999999993634,-32.74400036002595
-0.3621763944799551,0.4805763507651072,1.0,0,,0.016000000000005343,-0.05700000000000216,-22.636024654989633
-0.3374000080639966,0.4527569792380596,1.0,0,,9.999999999998899e-05,-0.0008999999999999009,-3374.0000806403377
-0.207312559999997,0.3526605696855659,,0,,0.0,0.0,
-0.3778293199999857,0.4776851075245955,1.0,0,,0.18000000000000682,-0.01999999999998181,-2.099051777777619
-0.3607316193919905,0.3976770796680149,1.0,0,,0.0,-0.0008000000000000229,
-0.30182511391435723,0.4695910410119741,1.0,0,,6.999999999998408e-10,-8.999999999998559e-10,-431178734.1634655
-0.18357691176959406,0.4901520812449951,1.0,0,,7.999999999999674e-05,0.0,-2294.7113971200192
-0.2634799904000046,0.45113801663240216,1.0,0,,0.0,-0.0009999999999998899,
-0.21264160000000512,0.3664396451886309,1.0,0,,0.0,-0.0005999999999999894,
-0.1322400092604072,0.530187865961093,1.0,0,,7.000000000000062e-06,-1.999999999999398e-06,-18891.429894343717
-0.24715206162397152,0.5317296665104996,1.0,0,,0.00030000000000002247,0.0,-823.8402054131767
-0.1431763580479793,0.4702918625690424,1.0,0,,0.05499999999999261,-0.018000000000000682,-2.6032065099636097
-0.3953091150847993,0.48648592325098655,1.0,0,,6.0000000000004494e-05,-2.0000000000006124e-05,-6588.485251412829
-0.17834697143997935,0.41919183087728973,1.0,0,,0.0039999999999995595,-0.0030000000000001137,-44.586742859999745
-0.10464731209438269,0.49593767635628333,1.0,0,,7.000000000000062e-05,0.0,-1494.961601348311
-0.3571569354079643,0.4108084965045067,1.0,0,,0.0007000000000000339,0.0,-510.22419343992425
-0.40109796459997915,0.4466949890859324,1.0,0,,0.2599999999999909,-0.08000000000004093,-1.542684479230743
-0.3127371365519719,0.3943360780238051,1.0,0,,0.00040000000000006697,0.0,-781.8428413797988
0.01965497763834434,0.3967980417018543,1.0,0,,0.0,-0.0006799999999999862,
-0.3786082625279306,0.44290790335887553,1.0,0,,0.000600000000000156,-9.999999999998899e-05,-631.0137708797204
-0.46083923587519215,0.3797417057177241,1.0,0,,9.999999999998899e-05,0.0,-4608.392358752429
-0.20116198128000393,0.3789647331154498,1.0,0,,0.030000000000001137,-0.02999999999999403,-6.7053993759998765
-0.3576596052791725,0.47632145506297024,1.0,0,,0.0,-6.0000000000004494e-05,
-0.16591236539197388,0.4666458940153986,1.0,0,,7.999999999999674e-05,-6.0000000000004494e-05,-2073.904567399758
-0.3439700343199877,0.33549769924164896,1.0,0,,0.0,-0.0025999999999999357,
-0.2895710997423431,0.44460211733715954,1.0,0,,2.900000000000006e-09,-6.000000000000451e-10,-99852103.35942844
-0.12769958017600241,0.36185935677076425,1.0,0,,0.00019999999999997797,0.0,-638.4979008800824
-0.22229246147996584,0.48485235597440013,1.0,0,,0.000500000000000056,0.0,-444.5849229598819
-0.23841393535513888,0.47902617387257707,1.0,0,,0.5900000000000034,-0.30000000000001137,-0.40409141585616526
-0.37827135999995765,0.4776851075245955,1.0,0,,0.28000000000000114,-0.060000000000002274,-1.350969142856986
-0.21178079999998461,0.3664396451886309,1.0,0,,0.00030000000000002247,0.0,-705.9359999998958
-0.2786041599999656,0.3967980417018543,1.0,0,,0.00028000000000000247,-0.00018999999999999573,-995.0148571427254
-0.29712599999996747,0.41919183087728973,1.0,0,,0.006000000000000227,-0.002000000000000668,-49.5209999999927
-0.1853578714240084,0.49593767635628333,1.0,0,,3.999999999999837e-05,-9.999999999996123e-06,-4633.9467856003985
-0.22303998079997728,0.45113801663240216,1.0,0,,0.0030000000000001137,0.0,-74.34666026665627
-0.3539885871839904,0.5317296665104996,1.0,0,,0.00019999999999997797,-0.00019999999999997797,-1769.942935920147
-0.5271442055527262,0.4666458940153986,1.0,0,,9.999999999998899e-05,0.0,-5271.442055527843
-0.5303439333999841,0.4466949890859324,1.0,0,,0.4199999999999591,-0.010000000000104592,-1.2627236509524662
-0.5400295170399596,0.4702918625690424,1.0,0,,0.09499999999999886,-0.015000000000000568,-5.684521231999643
-0.6448647429223875,0.47902617387257707,1.0,0,,0.3900000000000148,-0.13999999999998636,-1.653499340826572
-0.27838500000001093,0.3943360780238051,1.0,0,,0.00029999999999996696,0.0,-927.9500000001386
-0.4077794400000147,0.5329122235158765,,0,,0.0,0.0,
-0.2790319999999904,0.3789647331154498,1.0,0,,0.010000000000005116,0.0,-27.903199999984764
-0.49818674993980666,0.530187865961093,1.0,0,,2.0000000000002655e-06,-8.99999999999946e-06,-249093.37496987026
-0.7594764580759551,0.47632145506297024,1.0,0,,1.9999999999992246e-05,-1.0000000000010001e-05,-37973.82290381248
-0.4035761327975822,0.36058004862073867,1.0,0,,3.0000000000002247e-05,-4.999999999999449e-05,-13452.5377599184
-0.3510244984399865,0.33549769924164896,1.0,0,,0.0,-0.010099999999999998,
-0.32806873370875317,0.3797417057177241,1.0,0,,0.0,-0.00014999999999998348,
-0.44021717577596015,0.36185935677076425,1.0,0,,0.0,-0.00020000000000003348,
-0.7339748344559128,0.44290790335887553,1.0,0,,0.0,-0.0014000000000000679,
-0.34087693639997235,0.32895538830780224,1.0,0,,0.0045999999999999375,0.0,-74.10368182608195
-1.6161462551863743,0.4776851075245955,1.0,0,,0.05000000000001137,-0.5500000000000114,-32.32292510372014
-0.6093520017575702,0.4666458940153986,1.0,0,,0.0,-0.0002899999999999847,
-0.9409745499791657,0.5162826305684809,1.0,0,,0.0,-0.00012999999999999817,
-0.03217399902227444,0.44460211733715954,1.0,0,,4.399999999999907e-09,-3.300000000000036e-09,-7312272.505062527
-0.30189798012798275,0.49009132966686075,1.0,0,,0.05200000000000671,-0.025000000000005684,-5.805730387075842
-0.32550718425596115,0.5009383760562289,1.0,0,,0.000200000000000089,-9.999999999998899e-05,-1627.5359212790815
-0.22598995535992716,0.5410289231213221,1.0,0,,0.002000000000000224,-0.0009999999999998899,-112.99497767995094
-0.28253999999998847,0.4029375348544787,1.0,0,,0.00029999999999996696,0.0,-941.8000000000653
-0.2722305599999981,0.38167999985452283,1.0,0,,0.00020999999999998797,0.0,-1296.3360000000653
-0.2886392183359857,0.3664396451886309,1.0,0,,9.999999999998899e-05,-0.00019999999999997797,-2886.392183360175
-0.31417700407998506,0.41919183087728973,1.0,0,,0.0,-0.008000000000000895,
-0.31053399999996667,0.45113801663240216,1.0,0,,0.0,-0.002000000000000224,
-0.46110901281597044,0.5317296665104996,1.0,0,,0.0,-0.0005000000000000004,
-0.5255064119519521,0.4592289099207322,1.0,0,,0.001000000000000112,0.0,-525.5064119518934
-0.2569749867999833,0.46126856282359513,1.0,0,,0.2899999999999636,-0.12000000000000455,-0.8861206441379846
-0.27546501295677334,0.4969203221579347,1.0,0,,0.18000000000000682,0.0,-1.5303611830931272
-0.40105439999996295,0.49009132966686075,1.0,0,,0.04800000000000182,0.0,-8.35529999999891
-0.0753110212583768,0.3962525849786909,1.0,0,,0.0003200000000000147,-0.00020999999999998797,-235.34694143241666
-0.16293718508560237,0.37032887847258955,1.0,0,,5.000000000000837e-05,-3.0000000000002247e-05,-3258.7437017115017
-0.20105798127999813,0.39339972880273866,1.0,0,,0.00999999999999801,-0.020000000000003126,-20.105798128003812
-0.401277804771176,0.4840033397578978,1.0,0,,0.0,-1.9999999999992246e-05,
-0.32025353660960576,0.5514506111240021,1.0,0,,1.9999999999999185e-05,0.0,-16012.676830480941
-0.7028935325119312,0.5438194296373982,1.0,0,,0.00039999999999995595,0.0,-1757.2338312800216
-0.28439519539200364,0.3782181908619423,1.0,0,,0.00039999999999995595,-0.00020000000000003348,-710.9879884800874
-0.28221359999996654,0.4029375348544787,1.0,0,,0.00040000000000006697,0.0,-705.5339999997982
-0.5338565015263818,0.3962525849786909,1.0,0,,0.0007199999999999984,0.0,-741.4673632310873
-0.9235930062399622,0.5158788501386505,1.0,0,,0.2400000000000091,-1.009999999999991,-3.8483041926663635
-0.2720195999999985,0.3813969633881227,1.0,0,,9.999999999998899e-05,-0.00020000000000003348,-2720.196000000284
-0.23705415287677303,0.37032887847258955,1.0,0,,4.999999999999449e-05,0.0,-4741.083057535983
-0.678002585627985,0.5162826305684809,1.0,0,,1.0000000000003062e-05,0.0,-67800.25856277774
-0.32074971251986556,0.48694515900616275,1.0,0,,3.0000000000002247e-05,-0.00010000000000001674,-10691.657083994718
-0.4327700845899045,0.45779233815079323,1.0,0,,1.899999999999931e-09,-2.799999999999787e-09,-227773728.73153695
-0.3019895999999603,0.44869169604936554,,0,,0.0,0.0,
-0.6753198959199107,0.43242868320556827,1.0,0,,0.0030000000000001137,-0.0030000000000001137,-225.10663197329504
-0.4568805628799606,0.4684877901692225,1.0,0,,0.0,-0.0009999999999998899,
-0.17851899471999091,0.32895538830780224,1.0,0,,9.999999999998899e-05,-0.00029999999999996696,-1785.1899472001057
-0.30687499880001046,0.46126856282359513,1.0,0,,0.12999999999999545,-0.3000000000000682,-2.360576913846317
-0.27350985110393045,0.507485747217459,1.0,0,,0.28000000000000114,-0.3599999999999852,-0.9768208967997476
-0.1910518004975793,0.38167999985452283,1.0,0,,0.00019999999999997797,0.0,-955.2590024880018
-0.7865231462400353,0.39339972880273866,1.0,0,,0.00999999999999801,-0.05000000000000426,-78.65231462401917
-0.8076549042911743,0.4840033397578978,1.0,0,,0.0,-3.999999999999837e-05,
-0.388888219151995,0.4592289099207322,1.0,0,,0.0,-0.0017000000000000348,
-1.2447582922392164,0.4969203221579347,1.0,0,,0.06999999999999318,-0.30000000000001137,-17.782261317704826
-0.46836354428000376,0.4076555618382695,1.0,0,,0.0,-0.0010000000000000009,
-0.4805614714320298,0.3926451587670438,1.0,0,,3.999999999998449e-05,0.0,-12014.036785805403
-0.32181601267201093,0.3751982268952119,1.0,0,,0.0,-0.00020000000000003348,
-0.5912664455039432,0.493041543337978,1.0,0,,0.0,-0.12699999999999534,
-0.13157998183679767,0.3534139776175281,1.0,0,,5.999999999997674e-05,-5.000000000002225e-05,-2192.9996972808112
-0.3155841115439901,0.3715191994886834,1.0,0,,0.0,-0.00019999999999997797,
-0.41518079999998003,0.5450935779048811,1.0,0,,0.0,-0.0005999999999999894,
-0.27192508000001336,0.3817053259459988,1.0,0,,0.21999999999999886,0.0,-1.236023090909158
-0.10597383793757953,0.40078640559977685,1.0,0,,0.0,-0.0002600000000000033,
-0.2359414856591805,0.36707323992414387,1.0,0,,0.0,-0.00010000000000000286,
-0.4206038200000006,0.555433685431798,1.0,0,,0.0,-5.9999999999997555e-05,
-0.5097666493919856,0.4523341564589316,1.0,0,,0.0,-0.0030000000000001137,
-0.29736399999999286,0.43674869171756836,1.0,0,,0.0009999999999994458,-0.0039999999999995595,-297.36400000015766
-0.37899999999996287,0.4738325495181848,1.0,0,,0.0,-0.0030000000000001137,
-0.3556956074880081,0.47324793768464757,1.0,0,,0.0,-0.4700000000000273,
-0.329995734878372,0.4834491503718045,1.0,0,,7.999999999999674e-05,0.0,-4124.9466859798185
-0.10937175086158132,0.40751515503647673,1.0,0,,0.0007400000000000184,-0.00011999999999998123,-147.79966332645756
-0.174963197432806,0.507485747217459,1.0,0,,0.3400000000000034,-0.3400000000000034,-0.5145976395082478
-0.7539316847104098,0.46507366322111443,1.0,0,,2.1999999999997418e-09,-8.800000000000238e-09,-342696220.32295376
-0.26279099351996815,0.39959402941274835,1.0,0,,0.0,-0.030000000000001137,
-0.5943236929919451,0.4592818248526013,1.0,0,,9.999999999998899e-05,-0.0007999999999999119,-5943.2369299201055
-0.36614152803279837,0.3534139776175281,1.0,0,,0.0,-0.0002500000000000002,
-0.5242355152799338,0.4076555618382695,1.0,0,,0.0,-0.0007000000000000339,
-0.37477442534397176,0.3751982268952119,1.0,0,,0.0,-0.00019999999999997797,
-0.3802199948159597,0.493041543337978,1.0,0,,0.022999999999996135,-0.01300000000000523,-16.53130412243581
-0.9219769022399508,0.5450935779048811,1.0,0,,0.0,-0.00019999999999997797,
-0.24291737183521322,0.3926451587670438,1.0,0,,6.999999999995898e-05,0.0,-3470.248169076508
-0.47362963031998184,0.3949039217974361,1.0,0,,0.000300000000000078,0.0,-1578.765434399529
-0.20501588831279216,0.3666872711355178,1.0,0,,9.000000000000674e-05,0.0,-2277.954314586409
-0.2593720513087892,0.36707323992414387,1.0,0,,0.0,-5.000000000000837e-05,
-0.3824490203999807,0.43674869171756836,1.0,0,,0.0,-0.006999999999999673,
-0.30372899999999525,0.4523341564589316,,0,,0.0,0.0,
-0.3788999999999839,0.4738325495181848,1.0,0,,0.0009999999999998899,0.0,-378.90000000002567
-0.3213039037979124,0.4531779551828111,1.0,0,,2.599999999999772e-09,-6.000000000000451e-10,-123578424.53766946
-0.28163927999999044,0.4021570536777805,1.0,0,,0.00010999999999999899,0.0,-2560.3570909090276
-0.389534615599997,0.47324793768464757,1.0,0,,0.11000000000001364,-0.13999999999998636,-3.541223778181352
-0.599855482456765,0.4834491503718045,1.0,0,,0.0,-0.00010999999999999899,
-0.39558807999998147,0.5101797911550212,,0,,0.0,0.0,
-0.28038507999996887,0.40078640559977685,,0,,0.0,0.0,
-0.3046896606423932,0.38260534669728863,1.0,0,,0.18000000000000682,0.0,-1.6927203369021204
-0.21071007768001349,0.4531779551828111,1.0,0,,3.4000000000002554e-09,0.0,-61973552.25882284
-0.2545574861999876,0.46966003940922724,1.0,0,,0.2300000000000182,0.0,-1.1067716791302933
-0.2585176696399611,0.4806196876605038,1.0,0,,0.046999999999997044,-0.012000000000000455,-5.500375949786752
-0.21244897960001452,0.42833215799724106,1.0,0,,0.004999999999999005,-0.0010000000000012221,-42.48979592001136
-0.2897639999999708,0.3994236849294656,1.0,0,,0.0,-0.010000000000005116,
-0.2593940116895651,0.4767508168021848,1.0,0,,6.0000000000004494e-05,0.0,-4323.233528159095
-0.054469747727985254,0.38260534669728863,1.0,0,,0.3300000000000125,0.0,-0.16505984159994905
1.098399952644039,0.40751515503647673,1.0,0,,0.00039000000000000146,0.0,2816.4101349847047
-0.25157186090401673,0.5455298463545558,1.0,0,,0.00029999999999996696,0.0,-838.5728696801481
-0.4047462146559966,0.45186286647535123,1.0,0,,9.999999999998899e-05,-0.0006999999999999229,-4047.4621465604114
-0.18530866337197746,0.436170989225922,1.0,0,,3.9999999999996635e-06,-1.1000000000000593e-05,-46327.16584299826
-0.2724285820800017,0.3949039217974361,1.0,0,,0.0004999999999999449,0.0,-544.8571641600635
-0.2676450000000126,0.37276317614925814,1.0,0,,9.999999999998899e-05,-9.999999999998899e-05,-2676.450000000421
-0.16285630817277483,0.3666872711355178,1.0,0,,8.00000000000245e-05,0.0,-2035.703852159062
-0.41496319999996545,0.5455298463545558,1.0,0,,0.00020000000000003348,0.0,-2074.81599999948
-0.37293935279995216,0.4692026032036723,1.0,0,,0.002000000000000224,0.0,-186.4696763999552
-0.39647228291189085,0.4806196876605038,1.0,0,,0.060000000000002274,-0.01300000000000523,-6.607871381864597
-0.11383043195996038,0.513164133818702,1.0,0,,0.28999999999999204,-0.3300000000000125,-0.3925187308964259
-0.208628980559989,0.3994236849294656,1.0,0,,0.03999999999999915,0.0,-5.215724513999836
-0.16674872510718153,0.4108084965045067,1.0,0,,0.0007000000000000339,-0.00040000000000006697,-238.2124644388192
-0.25656478112157427,0.3450026333488441,1.0,0,,4.999999999999449e-05,-1.0000000000010001e-05,-5131.295622432051
-0.1169608492919485,0.41633264079051224,1.0,0,,0.0004900000000000182,-0.0002500000000000002,-238.69561079988603
-0.40447963583996316,0.45186286647535123,1.0,0,,0.0005999999999999339,-0.00019999999999997797,-674.1327264000129
-0.11467151080066361,0.41417139556666804,1.0,0,,4.999999999999796e-06,-2.999999999999531e-06,-22934.302160133655
-0.11030216212798272,0.37276317614925814,1.0,0,,0.00020000000000003348,-9.999999999998899e-05,-551.5108106398212
0.08537809235201593,0.3715191994886834,1.0,0,,0.0007000000000000339,0.0,121.96870336001685
0.07032129763202999,0.44545141471311334,1.0,0,,0.006000000000000227,0.0,11.720216272004555
-0.30351718799998284,0.4531779551828111,1.0,0,,6.700000000000292e-09,-4.0000000000003005e-10,-45301072.83581636
-0.3116550000000007,0.46966003940922724,1.0,0,,0.40000000000009095,-0.009999999999990905,-0.7791374999998245
-0.3773836799999666,0.4767508168021848,1.0,0,,7.000000000000062e-05,0.0,-5391.1954285709035
-0.2970919999999897,0.42833215799724106,1.0,0,,0.009000000000000341,0.0,-33.010222222219824
-0.5403933427200006,0.4692026032036723,1.0,0,,0.0040000000000000036,0.0,-135.09833568000002
-0.36023829079035663,0.3666872711355178,1.0,0,,0.000130000000000019,0.0,-2771.063775310031
-0.20425607999999004,0.3450026333488441,1.0,0,,5.000000000000837e-05,-1.9999999999992246e-05,-4085.121599999117
-0.31556437828240075,0.4021570536777805,1.0,0,,0.0,-7.00000000000145e-05,
-0.49687537107995505,0.42730432130336493,1.0,0,,0.0010000000000000009,0.0,-496.8753710799546
-0.46259251928481043,0.38260534669728863,1.0,0,,0.20000000000001705,0.0,-2.312962596423855
-0.6535478895359204,0.4806196876605038,1.0,0,,0.04999999999999716,-0.009000000000000341,-13.07095779071915
-0.8383932030791987,0.41633264079051224,1.0,0,,0.0005200000000000204,0.0,-1612.294621306088
-0.2956950599999739,0.43395321456953395,1.0,0,,0.0,-0.00013999999999997348,
-0.3862103999999631,0.476148924283764,1.0,0,,0.19000000000005457,-0.03999999999996362,-2.0326863157886956
-0.29659392000000045,0.4367706084519669,,0,,0.0,0.0,
-0.487114664191957,0.5455298463545558,1.0,0,,0.00019999999999997797,-0.00019999999999997797,-2435.573320960053
-0.13079560395788206,0.4613816120054457,1.0,0,,6.599999999999649e-09,-1.8000000000001352e-09,-19817515.751195308
-0.40310563472001376,0.42843298297237475,1.0,0,,0.005000000000000782,-0.0019999999999988916,-80.62112694399015
-0.3990252289440115,0.3949039217974361,1.0,0,,0.0,-0.0009000000000000119,
-0.1347439614191949,0.3667777203868813,1.0,0,,4.999999999999449e-05,-1.9999999999992246e-05,-2694.879228384195
-0.5929600296959261,0.3683941454109645,1.0,0,,9.999999999998899e-05,-0.00040000000000001146,-5929.600296959914
-0.18682684964798352,0.513164133818702,1.0,0,,0.44999999999998863,-0.7199999999999989,-0.4151707769955294
-0.2356019870399917,0.3994236849294656,1.0,0,,0.0,-0.030000000000001137,
-0.11901272825359904,0.35973443219444956,1.0,0,,7.00000000000145e-05,-5.999999999997674e-05,-1700.18183219392
-0.3079730471547174,0.41417139556666804,1.0,0,,1.0000000000001327e-06,-4.999999999999796e-06,-307973.0471546765
-0.6074236729759708,0.4884071073822657,1.0,0,,0.06499999999999773,-0.006000000000000227,-9.344979584246031
-0.41822819999995886,0.5524698441121002,1.0,0,,0.00019999999999997797,0.0,-2091.1410000000246
-0.22922944418878963,0.43357498242807135,1.0,0,,0.0004999999999999449,-0.000500000000000056,-458.45888837762976
-0.34598789032799204,0.476148924283764,1.0,0,,0.2300000000000182,0.0,-1.5042951753389768
-0.2675780230975734,0.5064442348569452,1.0,0,,0.18000000000000682,-0.21000000000000796,-1.4865445727642403
-0.6716389549840275,0.4613816120054457,1.0,0,,1.9400000000000187e-08,0.0,-34620564.68989799
0.17561402477044175,0.3792003346983669,1.0,0,,0.00016999999999999654,0.0,1033.0236751202665
-0.2929400800000056,0.4292210559722228,1.0,0,,4.999999999999796e-06,-1.0000000000001327e-06,-58588.01600000351
-0.21204231999999051,0.3667777203868813,1.0,0,,4.999999999999449e-05,-1.0000000000010001e-05,-4240.846400000278
-0.1284839800799905,0.364652781295185,1.0,0,,0.0001000000000000445,-9.999999999998899e-05,-1284.8398007993335
-0.3354269877599773,0.4794108220433917,1.0,0,,0.0009999999999998899,-0.002000000000000224,-335.42698776001424
-0.15624268768798685,0.3530250082292863,1.0,0,,0.0,-0.0047999999999999154,
-0.9555475391535679,0.42502510296591445,1.0,0,,0.00012999999999999123,-0.0007500000000000007,-7350.365685797172
-0.35334997588800277,0.3530250082292863,1.0,0,,0.0023999999999999577,0.0,-147.22915662000375
-0.3219580097440089,0.4021620467249468,1.0,0,,0.0,-0.000200000000000089,
-0.5502112591359957,0.45186286647535123,1.0,0,,0.0004999999999999449,-0.0019000000000000128,-1100.4225182721125
-0.7095145957151969,0.5064442348569452,1.0,0,,0.0,-0.4399999999999977,
-0.8167740364799985,0.40365474520929934,1.0,0,,0.0,-0.0800000000000054,
-0.4192745497999895,0.364652781295185,1.0,0,,0.0,-0.0006000000000000449,
-0.2697710037719713,0.43395321456953395,1.0,0,,4.999999999999449e-05,0.0,-5395.42007544002
-0.5516323880407729,0.35973443219444956,1.0,0,,3.0000000000002247e-05,-0.00010999999999999899,-18387.746268024384
-0.7992430136063832,0.43357498242807135,1.0,0,,0.0,-0.0016999999999999238,
-0.13915646589596026,0.4031070012926061,1.0,0,,0.0007000000000000339,0.0,-198.7949512799336
-0.43885497815998664,0.4132856378027756,1.0,0,,0.020000000000003126,-0.01999999999999602,-21.942748907995902
-0.16839589531862875,0.47793296057332196,1.0,0,,3.4000000000002554e-09,-6.800000000000087e-09,-49528204.50547533
-0.2501706864399983,0.4576537752508192,1.0,0,,0.0006999999999999229,-0.00019999999999997797,-357.3866949143226
-0.19916861576553035,0.5268072749565116,1.0,0,,0.8899999999999864,-0.13000000000002387,-0.2237849615343072
-0.2462109877600005,0.42843298297237475,1.0,0,,0.0039999999999995595,-0.006999999999999673,-61.552746940006905
-0.20036215583998895,0.4884071073822657,1.0,0,,0.04599999999999227,-0.10200000000000387,-4.355699040000492
-0.24190396236799624,0.49354241579321817,1.0,0,,0.4399999999999409,-0.4500000000000455,-0.5497817326546108
-0.1864213296167678,0.3808970448121859,1.0,0,,3.0000000000002247e-05,0.0,-6214.044320558462
-0.10148161930560427,0.3796787869432762,1.0,0,,4.999999999999449e-05,-0.00010000000000000286,-2029.632386112309
-0.1809047675519749,0.41269850725989843,1.0,0,,1.0599999999999454,-2.3400000000001455,-0.1706648750490417
-0.16352487139201605,0.5587173491996213,1.0,0,,0.00020000000000003348,-0.00029999999999996696,-817.6243569599434
-0.2842739755200151,0.4794108220433917,1.0,0,,0.0019999999999997797,-0.0030000000000001137,-142.1369877600232
-0.6728051487759777,0.5111981148489262,1.0,0,,0.3499999999999943,0.0,-1.9223004250742532
-0.4541618962240252,0.3712777442047511,1.0,0,,0.00019999999999997797,0.0,-2270.809481120376
-0.38070815999995367,0.4833935741723051,1.0,0,,0.00025999999999998247,0.0,-1464.2621538460744
-0.2971135999999937,0.43880433787339623,1.0,0,,0.0017000000000000348,0.0,-174.77270588234566
-0.5348033481599783,0.4389367368451367,1.0,0,,0.0039999999999995595,0.0,-133.7008370400093
-0.42964954323194615,0.5057707393419111,1.0,0,,0.4000000000000057,-0.0800000000000125,-1.0741238580798502
-0.5180648538559784,0.4293861835082378,1.0,0,,3.0000000000002247e-05,-0.00026999999999999247,-17268.828461864654
-0.39620339999998766,0.5103381081807129,1.0,0,,0.00029999999999996696,0.0,-1320.6780000001042
-0.337583352563136,0.5339189022848227,1.0,0,,0.00016000000000000736,-7.999999999999674e-05,-2109.8959535195027
-0.6434954199999586,0.4779120300881567,1.0,0,,0.002000000000000224,0.0,-321.7477099999433
-0.5007826854709101,0.431546197190669,1.0,0,,3.9999999999996635e-06,-1.0999999999999725e-05,-125195.67136773806
-0.49734089793838,0.4293861835082378,1.0,0,,0.00039000000000000146,-1.0000000000010001e-05,-1275.233071636867
-0.47993571542398933,0.4031070012926061,1.0,0,,0.000500000000000056,0.0,-959.8714308478712
-0.6729031776951706,0.5111981148489262,1.0,0,,0.18000000000000682,0.0,-3.7383509871952505
-0.4578489075327058,0.4012500520935723,1.0,0,,2.0000000000020002e-05,0.0,-22892.445376612395
-0.27869997600003704,0.4779120300881567,1.0,0,,0.0019999999999997797,0.0,-139.34998800003387
-0.7539371055359223,0.4985443076693161,1.0,0,,0.028999999999996362,-0.06499999999999773,-25.997831225379894
-0.6463643614719575,0.41269850725989843,1.0,0,,0.0,-2.1100000000001273,
-0.3781821093999716,0.47793296057332196,1.0,0,,1.0000000000000751e-09,-1.5999999999996967e-09,-378182109.3999432
-0.4434752107519875,0.49354241579321817,1.0,0,,0.05000000000006821,-0.4199999999999591,-8.86950421502765
-0.2855153200000105,0.4129298488121077,1.0,0,,0.00021999999999999797,0.0,-1297.7969090909687
-0.41848185970081386,0.4012500520935723,1.0,0,,5.999999999994898e-05,-1.0000000000010001e-05,-6974.697661686161
-1.1609688175359445,0.5587173491996213,1.0,0,,0.0,-0.0005000000000000004,
-0.27098513999997004,0.3796787869432762,,0,,0.0,0.0,
-0.3438720129599854,0.4132856378027756,1.0,0,,0.00999999999999801,-0.030000000000001137,-34.38720129600538
-0.34104958617596093,0.49378003289275824,1.0,0,,0.20000000000004547,0.0,-1.7052479308794168
-0.26723999999999054,0.3712777442047511,1.0,0,,9.999999999998899e-05,0.0,-2672.4000000001997
-0.3814867799999866,0.4833935741723051,1.0,0,,0.0,-6.999999999998674e-05,
-0.2721505627142282,0.431546197190669,1.0,0,,2.0000000000002655e-06,0.0,-136075.28135709604
-0.3307714279631824,0.43880433787339623,1.0,0,,0.0,-0.0006000000000000449,
-0.35078400863998765,0.4389367368451367,1.0,0,,0.0,-0.0029999999999983373,
-0.28957185511199235,0.5057707393419111,1.0,0,,0.05999999999997385,-0.35000000000002274,-4.826197585201975
-0.3212279538479964,0.4114281096446338,1.0,0,,0.00039999999999995595,-0.000300000000000078,-803.0698846200795
-0.42002151400319465,0.5575431551432959,1.0,0,,3.0000000000002247e-05,0.0,-14000.717133438773
-0.12026224002234473,0.48722623286106015,1.0,0,,2.900000000000006e-09,-2.299999999999961e-09,-41469737.93873947
-0.31381351029601556,0.38064711686539443,1.0,0,,0.0009000000000000119,-0.0020999999999999908,-348.6816781066793
-0.29739799999997063,0.4331293786710531,1.0,0,,0.004999999999999005,-0.002000000000000668,-59.47960000000596
-0.27775679078397986,0.4033778878191171,1.0,0,,0.6400000000001,-0.6900000000000546,-0.4339949855999007
-0.39620339999998766,0.5115314819450075,1.0,0,,9.999999999998899e-05,0.0,-3962.034000000313
-0.7635303866879233,0.5002977344646226,1.0,0,,0.01099999999999568,-0.060000000000002274,-69.41185333529302
-0.38573856769839004,0.5088695859258306,1.0,0,,0.0,-0.3100000000000023,
-0.30135562093437784,0.48305520729337503,1.0,0,,3.999999999999837e-05,-9.999999999996123e-06,-7533.890523359753
-0.23587198704000678,0.3993451847807185,1.0,0,,0.01999999999999602,0.0,-11.793599352002685
-0.17002549004000025,0.3652165251390748,1.0,0,,0.00019999999999997797,0.0,-850.1274502000949
-0.23186174402560733,0.44078783684501044,1.0,0,,0.000500000000000056,-0.00029999999999996696,-463.72348805116275
-0.24164238214398262,0.4033778878191171,1.0,0,,0.9400000000000546,0.0,-0.2570663639829453
-0.27344495539204194,0.5566958674330602,1.0,0,,0.00029999999999996696,-9.999999999998899e-05,-911.4831846402402
-0.19252214445915533,0.4345724764856087,1.0,0,,4.999999999999796e-06,-2.0000000000002655e-06,-38504.428891832635
-0.48563627724794967,0.49378003289275824,1.0,0,,0.3000000000000682,-0.049999999999954525,-1.6187875908261309
-0.39861359942396535,0.5002977344646226,1.0,0,,0.044999999999987494,-0.0030000000000001137,-8.858079987201691
-0.36468511873274123,0.5088695859258306,1.0,0,,0.11000000000001364,-0.04999999999998295,-3.3153192612063274
-0.13166151883680313,0.48722623286106015,1.0,0,,2.4000000000001803e-09,-2.099999999999946e-09,-54858966.18199718
-0.6567121528799624,0.4795270715300834,1.0,0,,0.0,-0.0030000000000001137,
-0.30998500600000334,0.41035705275967366,1.0,0,,0.0,-4.999999999999449e-05,
-0.5231903341591787,0.4860107625649549,,0,,0.0,0.0,
0.04364049165599371,0.4129298488121077,1.0,0,,7.999999999999674e-05,-0.0007500000000000007,545.5061456999435
-0.32781715217515095,0.5225460262140669,1.0,0,,0.0,-0.7599999999999909,
-1.3278042630400089,0.44545141471311334,1.0,0,,0.0009999999999998899,-0.0050000000000003375,-1327.804263040155
-0.431325934775983,0.4114281096446338,1.0,0,,9.999999999998899e-05,-0.0008000000000000229,-4313.259347760305
-0.2850199999999987,0.41035705275967366,1.0,0,,6.0000000000004494e-05,0.0,-4750.3333333329565
-0.29751699999999437,0.4362437875978102,1.0,0,,0.000300000000000078,0.0,-991.7233333330568
-0.5257142179199557,0.3652165251390748,1.0,0,,0.0,-0.00039999999999995595,
-0.8463527610984076,0.48305520729337503,1.0,0,,2.0000000000006124e-05,-3.0000000000002247e-05,-42317.638054907424
-0.6548874170399821,0.3993451847807185,1.0,0,,0.0,-0.030000000000001137,
-0.5000739621695801,0.43080502535142673,1.0,0,,3.999999999998449e-05,0.0,-12501.849054244349
-1.0481625794079186,0.5566958674330602,1.0,0,,0.0,-0.00039999999999995595,
-0.4983347679232029,0.44078783684501044,1.0,0,,0.0,-0.0014999999999999458,
-0.4729057265203064,0.4345724764856087,1.0,0,,0.0,-8.000000000000194e-06,
-0.6414014959199835,0.4331293786710531,1.0,0,,0.0,-0.009000000000000341,
-0.284579975519996,0.4795270715300834,1.0,0,,0.0,-0.0040000000000000036,
-0.6185178473280242,0.5575431551432959,1.0,0,,0.0,-4.000000000000531e-05,
-0.3602751907839904,0.49378003289275824,1.0,0,,0.0,-0.42999999999995,
-0.26682417082555393,0.49688453527568316,1.0,0,,6.0000000000004494e-05,0.0,-4447.069513758899
-0.16148623638766973,0.42961885440822917,1.0,0,,5.999999999999929e-06,0.0,-26914.372731278607
-0.28099341553917145,0.4860107625649549,1.0,0,,0.0,-0.00014000000000000123,
-0.10102854916796897,0.4729577025419694,1.0,0,,0.0030000000000001137,0.0,-33.67618305598838
-0.284375975519971,0.48509786186763965,1.0,0,,0.002000000000000224,0.0,-142.1879877599696
-0.3539401419135101,0.48722623286106015,1.0,0,,0.0,-4.500000000000126e-09,
-0.3845775023440183,0.4244603727161237,1.0,0,,2.0000000000020002e-05,-0.00015999999999999348,-19228.875117181684
-0.5090537985920417,0.41236258645305846,1.0,0,,0.39000000000010004,-1.009999999999991,-1.3052661502356695
-0.6777848002559238,0.506457690099909,1.0,0,,0.19000000000005457,-0.049999999999954525,-3.5672884223985744
-0.2793803599999984,0.39857845497245104,,0,,0.0,0.0,
-0.5435778947759851,0.5154804405416927,1.0,0,,0.030000000000001137,-0.22999999999998977,-18.119263159198816
-0.537624187263966,0.41236258645305846,1.0,0,,1.0,-0.21000000000003638,-0.537624187263966
-0.34588807296001955,0.5093315392651105,1.0,0,,0.04799999999998761,-0.05000000000001137,-7.206001520002268
-0.6769180790799543,0.5154804405416927,1.0,0,,0.18000000000000682,0.0,-3.7606559948884923
-0.3221328126719735,0.3761169135563369,1.0,0,,9.999999999998899e-05,-0.00019999999999997797,-3221.32812672009
-0.5470548105599773,0.409293684952594,1.0,0,,0.0,-0.00999999999999801,
-0.3148425539863801,0.4404635331082246,1.0,0,,0.000300000000000078,-0.00029999999999996696,-1049.4751799543276
-0.6347974226799359,0.4362437875978102,1.0,0,,9.999999999998899e-05,-0.00029999999999996696,-6347.974226800058
-0.6168404872079819,0.5713407393711323,1.0,0,,9.999999999998899e-05,0.0,-6168.4048720804985
-0.21296439999997946,0.3616641806058356,1.0,0,,0.0019000000000000128,0.0,-112.0865263157779
-0.6126149486927863,0.5015260735155277,1.0,0,,1.0000000000010001e-05,-1.9999999999992246e-05,-61261.494869217364
-0.27606279711793574,0.5163032700561694,1.0,0,,2.0000000000001503e-10,-3.100000000000021e-09,-1380313985.589575
-1.4791682903039938,0.38096621668273434,1.0,0,,0.0,-0.0040999999999999925,
0.535954355484819,0.39857845497245104,1.0,0,,0.00028000000000000247,0.0,1914.1226981600507
-0.8112777177600079,0.4244603727161237,1.0,0,,0.00018999999999999573,-4.999999999999449e-05,-4269.882725052769
-0.17180096606394463,0.4729577025419694,1.0,0,,0.0,-0.002000000000000224,
-0.2890270787615838,0.43080502535142673,1.0,0,,1.0000000000010001e-05,0.0,-28902.707876129472
-0.5102402488159842,0.4576537752508192,1.0,0,,0.0004999999999999449,-0.0017000000000000348,-1020.4804976320808
-0.08591072209601397,0.5368846926494795,1.0,0,,0.3299999999999841,-0.710000000000008,-0.2603355215030852
-0.7601506775999816,0.5302026574476779,1.0,0,,9.999999999998899e-05,-9.999999999998899e-05,-7601.506776000653
-0.38857589999999115,0.49688453527568316,1.0,0,,0.0,-3.0000000000002247e-05,
-0.5310360518400107,0.4386787213957072,1.0,0,,0.0029999999999983373,-0.012000000000000455,-177.01201728010167
-0.5337552633600079,0.3761169135563369,1.0,0,,0.0,-0.0005999999999999894,
-0.8204072282518805,0.49758681757712125,1.0,0,,0.0,-5.699999999999793e-09,
-0.9899503067663691,0.4310966197494836,1.0,0,,0.0,-0.0007500000000000007,
-0.43742701224001135,0.48509786186763965,1.0,0,,0.0,-0.0030000000000001137,
-0.4545199823119907,0.42961885440822917,1.0,0,,4.000000000000531e-06,-1.999999999999398e-06,-113629.9955779826
-0.7802545825279844,0.506457690099909,1.0,0,,0.06000000000005912,-0.4599999999999227,-13.00424304212026
-0.6673772396159298,0.5093315392651105,1.0,0,,0.0,-0.08100000000000307,
-0.32443797988796164,0.30731280764775193,1.0,0,,0.0,-1.9999999999999185e-05,
-0.3481432702079548,0.36879333811827036,1.0,0,,0.00039999999999995595,0.0,-870.3581755199829
-0.3570251999999495,0.3310987558282048,1.0,0,,0.006999999999999673,-0.0009999999999994458,-51.003599999995174
-0.2154863758080149,0.40448320129009385,1.0,0,,1.0399999999999636,-0.7999999999999545,-0.20719843827694467
-1.5655735641168027,0.43018948472256735,1.0,0,,0.060000000000002274,-1.1400000000000148,-26.092892735279058
-0.16625249099998796,0.339448579504309,1.0,0,,0.0004999999999999449,-0.00029999999999996696,-332.50498200001255
-0.3091238204351747,0.5009728542710052,1.0,0,,3.0000000000002247e-05,-4.999999999999449e-05,-10304.127347838386
-0.279719880000004,0.40064236189330993,1.0,0,,0.00010999999999999899,0.0,-2542.9080000000595
-0.09192929174397046,0.5309753763415335,1.0,0,,0.0010000000000000009,0.0,-91.92929174397038
-0.09875245010396475,0.45926224044862163,1.0,0,,0.0030000000000001137,-0.002000000000000224,-32.917483367987
-0.31573157302400146,0.5701157386326133,1.0,0,,0.00019999999999997797,-0.00019999999999997797,-1578.6578651201812
-0.2348286825023736,0.5020608349667203,1.0,0,,0.00012000000000000899,-4.999999999999449e-05,-1956.9056875196334
-0.054301015835982375,0.3234562084407064,1.0,0,,0.000500000000000056,-0.0014999999999999458,-108.6020316719526
-0.19809018050238086,0.39867277338840873,1.0,0,,0.1699999999999875,-0.3100000000000023,-1.1652363558964438
-0.33764761022397427,0.431492438271886,1.0,0,,0.0,-0.0008000000000000229,
-0.46331670239997025,0.38039446700025575,1.0,0,,0.0050000000000003375,0.0,-92.6633404799878
-0.5490800888320544,0.5092307794298209,1.0,0,,0.7899999999999636,0.0,-0.6950380871292148
-0.429619206911956,0.5046620531609245,1.0,0,,0.09300000000000352,-0.0030000000000001137,-4.619561364644513
-0.29149967999997145,0.4259335807637801,1.0,0,,1.0999999999999725e-05,0.0,-26499.970909088974
-0.6606390679543723,0.49758681757712125,1.0,0,,3.2000000000002404e-09,0.0,-206449708.73572585
-0.3159711999999869,0.40448320129009385,1.0,0,,2.400000000000091,0.0,-0.13165466666665623
-0.3236964895512111,0.30731280764775193,1.0,0,,4.000000000000184e-05,0.0,-8092.412238779905
-0.4898737070735734,0.4310966197494836,1.0,0,,0.0002999999999999947,0.0,-1632.9123569119402
-0.3016040599999875,0.44745707899340503,,0,,0.0,0.0,
-0.18415579303998098,0.3616641806058356,1.0,0,,0.0016000000000000458,0.0,-115.09737064998481
-0.29377279999997374,0.43018948472256735,1.0,0,,0.3100000000000023,0.0,-0.9476541935482955
-0.38280555310401576,0.45926224044862163,1.0,0,,0.0009999999999998899,-0.001000000000000334,-382.80555310405794
-1.3012104806399842,0.4063283278880788,1.0,0,,9.999999999998899e-05,-0.00040000000000001146,-13012.104806401276
-0.5405316269759767,0.5701157386326133,1.0,0,,0.0001000000000000445,-0.00019999999999997797,-5405.316269757362
-0.4172987862544026,0.5020608349667203,1.0,0,,0.0,-1.9999999999992246e-05,
-0.2624496157679995,0.3234562084407064,1.0,0,,0.0,-0.0014000000000000679,
-0.4766543871888117,0.39867277338840873,1.0,0,,0.0,-0.4199999999999875,
-0.6296165814959462,0.431492438271886,1.0,0,,0.0,-0.00029999999999996696,
-0.3222120467743931,0.30522304880975815,1.0,0,,0.00032999999999999696,0.0,-976.4001417405941
-0.28587156000000197,0.4097766695158013,1.0,0,,0.7699999999999818,0.0,-0.37126176623377755
-0.37082882505599307,0.36879333811827036,1.0,0,,9.999999999998899e-05,-0.00020000000000003348,-3708.2882505603393
-0.5744844440639869,0.5009728542710052,1.0,0,,0.0,-9.000000000000674e-05,
-0.501046825919955,0.3310987558282048,1.0,0,,0.0,-0.006000000000000227,
-0.9271883486719747,0.5092307794298209,1.0,0,,0.07000000000005002,-0.31999999999993634,-13.245547838161603
-0.8185407826559854,0.5046620531609245,1.0,0,,0.02600000000001046,-0.05099999999998772,-31.482337794448313
-0.37910651697404896,0.4259335807637801,1.0,0,,1.0000000000001327e-06,-2.999999999999531e-06,-379106.51697399863
-0.4996674262719499,0.3729839187954367,1.0,0,,0.0,-0.0019000000000000128,
-0.9782160493139072,0.49323198313692945,1.0,0,,0.0,-4.999999999999952e-09,
-0.515562044815984,0.4517205413434213,1.0,0,,0.0,-1.999999999996449e-05,
-0.7724826818399402,0.3890187722123202,1.0,0,,0.0,-0.0040000000000000036,
-0.24879001079998764,0.3360466557293067,1.0,0,,0.0,-0.0012000000000000899,
-0.6246862227759599,0.5327824529583007,1.0,0,,9.999999999998899e-05,-0.0005999999999999339,-6246.862227760286
-0.19590162145440038,0.30522304880975815,1.0,0,,0.0002600000000000102,0.0,-753.4677748245872
-0.5056629045759434,0.4102821054692277,1.0,0,,0.0,-1.6400000000001,
-0.4562586712319567,0.3729839187954367,1.0,0,,0.0017000000000000348,0.0,-268.38745366585135
-0.3859776233999692,0.49323198313692945,1.0,0,,3.100000000000021e-09,-2.099999999999946e-09,-124508910.77418277
-0.23529748351198043,0.4526586350570801,1.0,0,,0.0,-0.0009999999999998899,
-0.40410369999996276,0.5261120653151334,,0,,0.0,0.0,
-0.507446799999949,0.5832458354368865,,0,,0.0,0.0,
-0.7332481550399932,0.5757021136775192,,0,,0.0,0.0,
-0.6718338362176146,0.5093868590037711,,0,,0.0,0.0,
-0.23958201046397437,0.32198304606305533,1.0,0,,0.0,-0.0004999999999999449,
-0.28269092160317877,0.39125003557726834,1.0,0,,0.07999999999998408,0.0,-3.533636520040438
-0.27754066084159235,0.3069198429196749,1.0,0,,0.0,-2.9999999999998778e-05,
-0.34569151475999377,0.40901984446863904,1.0,0,,0.0,-0.0007000000000000339,
-0.2832983999999794,0.4063283278880788,,0,,0.0,0.0,
-0.2684939999999761,0.3729839187954367,1.0,0,,0.0019000000000000128,0.0,-141.31263157893383
-0.43212052979676663,0.5022738117936318,1.0,0,,0.0,-1.9999999999992246e-05,
-0.21002400000000165,0.32649561774572505,1.0,0,,0.002000000000000668,-0.0030000000000001137,-105.01199999996575
-0.42239766547195373,0.5193763802257854,1.0,0,,0.05100000000000193,-0.03699999999999193,-8.282307166116427
-0.37992911385597594,0.4102821054692277,1.0,0,,1.0599999999999454,-0.6199999999998909,-0.3584236923169769
-0.24032984748422292,0.49323198313692945,1.0,0,,2.6000000000001953e-09,0.0,-92434556.72469418
-0.7997458063359881,0.5069099819353412,1.0,0,,0.0,-0.43000000000006366,
-0.2083014626083105,0.4391088502488014,1.0,0,,5.999999999999929e-06,-2.0000000000002655e-06,-34716.910434718826
-0.23824491097599365,0.3360466557293067,1.0,0,,0.0005999999999999339,-9.999999999998899e-05,-397.0748516266998
-0.3032825599999942,0.4517205413434213,1.0,0,,0.0,-1.0000000000010001e-05,
-0.2803859999999881,0.3890187722123202,,0,,0.0,0.0,
-0.6932382110079668,0.5327824529583007,,0,,0.0,0.0,
-0.31797877283200143,0.5757021136775192,1.0,0,,0.00019999999999997797,0.0,-1589.8938641601824
-0.28309399999996576,0.4063283278880788,1.0,0,,0.00030000000000002247,0.0,-943.6466666664819
-0.39117806000000827,0.5022738117936318,1.0,0,,3.999999999999837e-05,-1.0000000000010001e-05,-9779.451500000605
-0.6779806540799822,0.5097646336396006,1.0,0,,0.2300000000000182,0.0,-2.947741974260559
-0.35710680575997195,0.32024278361719616,1.0,0,,0.0039999999999995595,-0.002000000000000668,-89.27670144000282
-0.27266400000000274,0.38166262399593043,1.0,0,,0.002000000000000224,0.0,-136.33199999998612
0.04075204110326458,0.4097766695158013,1.0,0,,0.4099999999999966,-0.15000000000000568,0.09939522220308517
-0.33236393932798247,0.3194502428289676,1.0,0,,0.000700000000000145,0.0,-474.8056276113052
-0.30392879999995687,0.4526586350570801,,0,,0.0,0.0,
-0.19778237158399042,0.40897939018463714,1.0,0,,0.8399999999999181,-0.8600000000001273,-0.2354552042666782
-0.47420745895039657,0.5093868590037711,1.0,0,,0.0,-0.00010999999999999899,
-0.20693650261599067,0.32198304606305533,1.0,0,,0.00029999999999996696,-0.00019999999999997797,-689.7883420533782
0.32798778902918124,0.3069198429196749,1.0,0,,0.00010999999999999899,0.0,2981.707172992584
-0.48326421035992967,0.40901984446863904,1.0,0,,0.00019999999999997797,-0.00019999999999997797,-2416.3210517999146
-0.3595343910840104,0.30522304880975815,1.0,0,,7.00000000000145e-05,-0.0004200000000000037,-5136.205586913371
-0.6898352508159145,0.52742597466193,1.0,0,,0.0,-0.00010999999999999899,
-0.46245847356800146,0.38131174357951525,1.0,0,,0.0022999999999999687,0.0,-201.0689015513077
-0.8223430222391439,0.4412954494347616,1.0,0,,0.4099999999999966,-0.3100000000000023,-2.0057146883881725
-0.41574376823994863,0.3436882963829427,1.0,0,,0.0009999999999994458,-0.0039999999999995595,-415.74376824017907
-0.6333581598791581,0.43193279740217755,1.0,0,,0.0,-8.000000000000194e-06,
-0.6396000320415525,0.4585037559459197,1.0,0,,0.0,-0.00010999999999999899,
-0.7013226216319663,0.540752017263816,,0,,0.0,0.0,
-0.4644183801599531,0.38166262399593043,1.0,0,,0.0,-0.007000000000000117,
-0.3130175999999865,0.4731892563969168,,0,,0.0,0.0,
-0.2991413999999585,0.4412954494347616,1.0,0,,0.30000000000001137,-0.009999999999990905,-0.9971379999998238
-0.3105647999999559,0.4672182316177542,,0,,0.0,0.0,
-0.2575301680140695,0.4661885335306348,1.0,0,,2.0000000000001503e-10,-2.499999999999976e-09,-1287650840.070251
-0.8287011592495805,0.5019031266144944,1.0,0,,0.0,-7.000000000000062e-05,
-0.169418814916789,0.30670392644240296,1.0,0,,0.0,-0.0007000000000000339,
-0.6519941706023887,0.5167891275815775,1.0,0,,0.0,-0.00018999999999999573,
-0.3701446424031929,0.3146816070418058,,0,,0.0,0.0,
-0.3088051469567989,0.32203969549744443,1.0,0,,0.0,-0.0004800000000000082,
-0.9407845670399654,0.5097646336396006,1.0,0,,0.07999999999992724,-0.3300000000000409,-11.759807088010263
-0.8417106448640412,0.40897939018463714,1.0,0,,0.5800000000001546,-1.3299999999999272,-1.4512252497652014
-0.477145228799975,0.32024278361719616,1.0,0,,0.0,-0.006000000000000227,
-0.17008346443917133,0.5108665159056761,1.0,0,,0.00016000000000000736,0.0,-1063.021652744772
-0.04774172536320295,0.30941485647736855,1.0,0,,0.0007199999999999984,-0.0011599999999999944,-66.30795189333757
-0.10300055915200801,0.38131174357951525,1.0,0,,0.0022999999999999687,-0.0005999999999999339,-44.78285180522148
-0.24997921094397652,0.3436882963829427,1.0,0,,0.0019999999999988916,-0.0039999999999995595,-124.98960547205753
-0.4486783790170923,0.43193279740217755,1.0,0,,2.0000000000002655e-06,-5.999999999999929e-06,-224339.18950851637
-0.36570551420317127,0.4585037559459197,1.0,0,,0.0,-0.00010999999999999899,
-0.43975662057596887,0.4330387923132425,1.0,0,,0.29999999999998295,0.0,-1.4658554019199797
-0.21299727793997636,0.5927996728653453,1.0,0,,5.000000000000143e-05,0.0,-4259.945558799405
-0.864134208263978,0.540752017263816,1.0,0,,0.0,-0.0012999999999999678,
-0.20834477407999882,0.4113532702080687,1.0,0,,1.0399999999999636,-0.30999999999994543,-0.20033151353846743
-0.7790141412959395,0.4731892563969168,1.0,0,,0.0,-0.00039999999999995595,
-0.3198936196191787,0.52742597466193,1.0,0,,1.9999999999999185e-05,0.0,-15994.680980959589
-0.04864736496958581,0.31628224186145515,1.0,0,,0.0007000000000000339,-0.0004899999999999904,-69.49623567083351
-0.2059159999999917,0.30099169136154236,1.0,0,,0.0,-0.9000000000005457,
-0.25547426407996243,0.3879796448259824,1.0,0,,0.0,-0.0030000000000001137,
-0.9536769285599009,0.46993591814573343,1.0,0,,0.0,-0.0029999999999996696,
-0.5038154241103043,0.47874989935635315,1.0,0,,4.0000000000003005e-10,-2.699999999999991e-09,-1259538560.2756662
-0.5737275939559627,0.5002923343847192,1.0,0,,0.0,-0.00010999999999999899,
-0.20597999999999983,0.30099169136154236,1.0,0,,1.7000000000007276,0.0,-0.12116470588230098
-0.39705600000000935,0.5127132446177448,1.0,0,,0.0,-1.0000000000010001e-05,
-0.4094934363519238,0.4113532702080687,1.0,0,,0.8100000000001728,0.0,-0.5055474522862179
-0.6017675624959232,0.4988643173703923,1.0,0,,0.06999999999993634,-0.12000000000000455,-8.596679464235294
-0.2851979999999759,0.3207862273122838,1.0,0,,0.002000000000000668,-0.0029999999999983373,-142.59899999994033
-0.87216554919355,0.3082576123323952,1.0,0,,0.000130000000000019,-0.0006899999999999962,-6708.965763026328
-0.17443565203676092,0.31628224186145515,1.0,0,,0.0006700000000000039,-6.0000000000004494e-05,-260.3517194578506
-0.14019719416956028,0.4330387923132425,1.0,0,,0.6400000000000148,-0.01999999999998181,-0.21905811588993288
-0.6354898870240148,0.37965859030341065,1.0,0,,0.0,-0.005700000000000038,
-0.17439878413679893,0.3288105762768125,1.0,0,,6.999999999995898e-05,0.0,-2491.41120195573
-0.3704082591839674,0.34253587118110274,1.0,0,,0.0,-0.002000000000000668,
-0.5394181124327959,0.42575468750657636,1.0,0,,0.0,-3.9999999999996635e-06,
-0.7050003212160195,0.5438965245448502,,0,,0.0,0.0,
-0.2760591904000071,0.41006045960526594,1.0,0,,0.8200000000001637,-0.009999999999990905,-0.3366575492682341
-0.6440282376079521,0.47866994812322033,1.0,0,,0.0,-0.00019999999999997797,
-0.3469032362879786,0.3194502428289676,1.0,0,,0.00039999999999995595,-0.0017000000000000348,-867.258090720042
-0.1531822291327891,0.32913051613421485,1.0,0,,9.999999999999593e-06,0.0,-15318.222913279533
-0.3918670266399732,0.3879796448259824,1.0,0,,0.0,-0.0030000000000001137,
-0.38234241689600057,0.46993591814573343,1.0,0,,0.0,-0.001000000000000334,
-0.43684404297641066,0.47874989935635315,1.0,0,,1.699999999999916e-09,-1.2000000000000902e-09,-256967084.10378367
-0.47150529950718334,0.5002923343847192,1.0,0,,9.999999999996123e-06,-5.000000000000837e-05,-47150.529950736614
-0.3442031873279676,0.5127132446177448,1.0,0,,4.000000000001225e-05,0.0,-8605.079683196556
-0.7639531082399722,0.47110410196580776,,0,,0.0,0.0,
-0.5752416422400237,0.4988643173703923,1.0,0,,0.05000000000006821,-0.5,-11.50483284478478
-0.30981119846400496,0.41006045960526594,1.0,0,,0.8199999999999363,0.0,-0.3778185347122305
-0.4666278561119748,0.38310633926742965,1.0,0,,0.3000000000000682,0.0,-1.5554261870395625
-0.5528061646799582,0.3999939660773465,1.0,0,,0.0,-0.0034999999999998366,
-0.14402318874397932,0.3072297646045079,1.0,0,,0.000140000000000029,0.0,-1028.737062456782
-0.1898986705520173,0.47110410196580776,1.0,0,,0.00029999999999996696,0.0,-632.9955685067941
-0.4312151674879768,0.33476416777584067,1.0,0,,0.0009999999999994458,-0.006999999999999673,-431.2151674882158
-0.8276177966243458,0.4123695967131863,1.0,0,,0.0,-9.999999999999593e-06,
-0.12637554971517953,0.4429901190652405,1.0,0,,0.5500000000000114,-0.23999999999998067,-0.22977372675486712
-0.10859440865513395,0.39125003557726834,1.0,0,,0.1599999999999966,-0.2300000000000182,-0.6787150540946016
-0.6461026900296096,0.4815134574703092,,0,,0.0,0.0,
-0.22862710852000878,0.3117436390569349,1.0,0,,0.000300000000000189,-0.00019999999999997797,-762.0903617328825
-0.34222803168000815,0.3207862273122838,1.0,0,,0.0030000000000001137,-0.011000000000001009,-114.0760105599984
-0.296884020159996,0.35842150621066776,1.0,0,,0.0,-0.004999999999999893,
-0.42007193669599757,0.370835312545298,1.0,0,,9.999999999996123e-06,-8.999999999999286e-05,-42007.19366961604
-1.0550835142559976,0.4092084785557422,1.0,0,,0.036000000000001364,-0.132000000000005,-29.30787539599882
-0.41227801290396476,0.3881357156488856,1.0,0,,0.0,-0.0002500000000000002,
-1.0832540685410057,0.4123695967131863,1.0,0,,0.0,-1.3999999999999256e-05,
-1.010278476475944,0.382249477114709,1.0,0,,0.0,-0.44999999999998863,
-0.5812404661439665,0.4553988391428734,1.0,0,,0.0,-0.0040000000000000036,
-0.28105002111997834,0.3115447710574384,1.0,0,,0.0,-0.013999999999999346,
-1.3216839924429276,0.47966935812732225,1.0,0,,1.299999999999886e-09,-8.700000000000018e-09,-1016679994.1869565
-0.9512177447039649,0.40282962411730683,1.0,0,,0.0,-0.0010000000000000009,
-0.3579744376319839,0.33476416777584067,1.0,0,,0.0,-0.016000000000000014,
-0.3323411917223627,0.32072867283058915,,0,,0.0,0.0,
-0.6921469039800181,0.5302778479012493,1.0,0,,0.0,-8.000000000000368e-05,
1.8627998565624415,0.3269344090439696,1.0,0,,0.0024500000000000077,0.0,760.3264720663003
-0.15130738896556786,0.4429901190652405,1.0,0,,0.5699999999999932,-0.25,-0.26545155958871874
-1.1731230023039343,0.3082576123323952,1.0,0,,0.00019999999999997797,-0.0007500000000000007,-5865.615011520317
-0.18088994758801266,0.3072297646045079,1.0,0,,0.0,-0.00012000000000000899,
-0.2817368000000021,0.40282962411730683,1.0,0,,0.0007000000000000339,0.0,-402.4811428571264
-0.20121919999998178,0.33476416777584067,1.0,0,,0.009000000000000341,0.0,-22.357688888886017
-0.0878021991319875,0.4429901190652405,1.0,0,,0.36000000000001364,-0.09000000000000341,-0.24389499758884492
-0.27525780000000555,0.38916698534753447,1.0,0,,0.1599999999999966,-0.009999999999990905,-1.7203612500000713
-0.17904779659198886,0.3117436390569349,1.0,0,,0.0,-0.0014999999999998348,
-0.2504351628799927,0.35842150621066776,1.0,0,,0.0,-0.004999999999999893,
-0.23625928351196102,0.4553988391428734,1.0,0,,0.001000000000000334,0.0,-236.2592835118821
-0.6182999285119778,0.41006045960526594,1.0,0,,0.0,-1.5499999999999545,
-0.6537763153039771,0.4085175859009699,1.0,0,,0.0,-0.08399999999998897,
-0.29893820580799224,0.38310633926742965,1.0,0,,0.08000000000004093,-0.5,-3.7367275725979914
-0.4305279647615747,0.3881357156488856,1.0,0,,1.9999999999992246e-05,0.0,-21526.39823808708
-0.9584263170942957,0.47966935812732225,1.0,0,,1.299999999999886e-09,-1.899999999999931e-09,-737251013.1495229
0.7808859741999961,0.3999939660773465,1.0,0,,0.015600000000000058,0.0,50.056793217948275
-0.23108498036799793,0.47110410196580776,1.0,0,,0.0,-0.00030000000000002247,
-0.30227086511997064,0.3137932631932677,1.0,0,,1.199999999999818,0.0,-0.2518923876000137
-0.12070747218885114,0.370835312545298,1.0,0,,4.999999999999449e-05,-8.000000000001062e-05,-2414.1494437772885
-0.3323411917223627,0.32072867283058915,,0,,0.0,0.0,
-0.9600557827559733,0.5302778479012493,1.0,0,,0.0,-0.00012999999999999817,
-0.11517198115582668,0.4123695967131863,1.0,0,,5.999999999999929e-06,0.0,-19195.330192638008
-0.42587330328001083,0.42272251547097683,1.0,0,,0.03599999999998715,-0.03200000000001069,-11.829813980004522
-0.13816896644795323,0.3934773109278262,1.0,0,,0.0006000000000000449,0.0,-230.2816107465715
-0.02403679365353173,0.4815134574703092,1.0,0,,8.99999999999998e-05,0.0,-267.07548503924204
0.06993097029603201,0.3269344090439696,1.0,0,,0.0013399999999999523,0.0,52.18729126569739
-0.2591557555744105,0.3948259114106231,1.0,0,,6.0000000000004494e-05,0.0,-4319.262592906518
-0.25339598483199544,0.41805264864387925,1.0,0,,0.7899999999999636,-0.38000000000010914,-0.32075441117975584
-0.23292058996797005,0.38373694985034734,1.0,0,,0.19000000000005457,-0.03999999999996362,-1.2258978419363324
-1.4659275217439596,0.37725447338732987,1.0,0,,0.0007999999999999119,-0.006699999999999928,-1832.4094021801513
-0.27509747999997824,0.38916698534753447,1.0,0,,0.2400000000000091,0.0,-1.146239499999866
-0.2310052432089767,0.48980751213494844,1.0,0,,2.299999999999961e-09,-1.0000000000000751e-09,-100437062.26477417
-0.18725342399998376,0.33815773887066725,1.0,0,,0.0030000000000001137,0.0,-62.41780799999222
-0.5251412261759967,0.46365146267641866,,0,,0.0,0.0,
-0.41787702684641037,0.45749594147267836,1.0,0,,0.0800000000000125,-0.4099999999999966,-5.223462835579313
-2.296868146070324,0.3436078295299665,1.0,0,,0.0,-0.0012399999999999634,
-0.24023235279995697,0.3065556689316068,1.0,0,,0.0039999999999995595,-0.002000000000000668,-60.05808819999586
-0.5018971855359688,0.4328068295219467,1.0,0,,0.0001000000000000445,0.0,-5018.971855357455
-0.35430047183993346,0.3137932631932677,1.0,0,,0.0,-0.0999999999994543,
-0.3788989003359673,0.38373694985034734,1.0,0,,0.1999999999999318,0.0,-1.8944945016804826
-0.4807812202223519,0.5003226269987063,1.0,0,,1.9999999999999185e-05,0.0,-24039.061011118574
-0.5246679127679904,0.46365146267641866,1.0,0,,0.0040000000000000036,0.0,-131.1669781919975
-0.3503384684799836,0.3137932631932677,1.0,0,,0.5999999999994543,0.0,-0.5838974474671704
-0.3749464140160077,0.41805264864387925,1.0,0,,0.5499999999999545,-0.7599999999999909,-0.681720752756434
-0.3157236034559735,0.42272251547097683,1.0,0,,0.028000000000005798,-0.028999999999996362,-11.275842980568147
-0.2593445355695787,0.3948259114106231,1.0,0,,3.0000000000002247e-05,0.0,-8644.817852318643
-0.19199298046399058,0.37725447338732987,1.0,0,,0.001100000000000101,-0.0018000000000000238,-174.53907314906633
-0.23485833946398507,0.3436078295299665,1.0,0,,0.0021699999999999497,0.0,-108.22964952257627
-0.08208920630720307,0.45749594147267836,1.0,0,,0.3299999999999841,-0.46999999999999886,-0.2487551706279001
-0.6589294242399784,0.3934773109278262,1.0,0,,9.999999999998899e-05,-0.00040000000000006697,-6589.29424240051
-0.4313519976672272,0.3332783147188445,1.0,0,,0.0,-1.0000000000003062e-05,
-0.9255540278942086,0.48980751213494844,1.0,0,,1.7999999999997117e-09,-2.299999999999961e-09,-514196682.1635316
-0.34914004344000005,0.33815773887066725,1.0,0,,0.0009999999999998899,0.0,-349.1400434400385
-0.5745935121127741,0.38916698534753447,1.0,0,,0.030000000000001137,-0.1699999999999875,-19.15311707042508
-0.21806073695998157,0.3065556689316068,1.0,0,,0.004999999999999005,-0.009000000000000341,-43.61214739200499
-3.0274057428383943,0.5732941559091516,1.0,0,,0.0,-1.0600000000000023,
-0.5917729107040071,0.43870038531988265,1.0,0,,0.0,-0.00015000000000001124,
-0.23172748379998698,0.44229919794153116,1.0,0,,0.0009999999999998899,-0.0009999999999998899,-231.7274838000125
-0.6564516225919621,0.4328068295219467,1.0,0,,0.0,-0.00029999999999996696,
-0.41391717347200735,0.38373694985034734,1.0,0,,0.2400000000000091,-0.2899999999999636,-1.724654889466632
-0.2829674411557539,0.4482174978911862,1.0,0,,2.499999999999976e-09,0.0,-113186976.46230264
-0.48068162282550203,0.5003226269987063,1.0,0,,2.0000000000006124e-05,0.0,-24034.081141267743
-0.2644683168959582,0.4201016944978412,1.0,0,,0.0005000000000000004,0.0,-528.9366337919159
-0.1867130145711986,0.35811187835573755,1.0,0,,0.0006499999999999839,0.0,-287.25079164800496
-0.3604893645120063,0.3631039903986571,1.0,0,,0.22000000000002728,0.0,-1.6385880205089163
-0.19984004636641553,0.47749173101911113,1.0,0,,4.999999999999449e-05,0.0,-3996.8009273287507
-0.5434085659199539,0.38850651569065375,1.0,0,,0.02400000000000091,-0.02599999999999625,-22.642023579997222
-0.7009107852607365,0.38482462524307975,1.0,0,,0.0,-0.00012999999999999123,
-0.8958261759999611,0.5929465741492905,1.0,0,,0.0,-0.1999999999998181,
-0.48255043798063746,0.5732941559091516,1.0,0,,0.5600000000000023,-0.0700000000000216,-0.8616972106797063
-0.4313523870391795,0.39258414783078244,1.0,0,,0.020000000000010232,-0.20999999999997954,-21.56761935194794
-1.0045845712063748,0.42310982831115423,1.0,0,,0.0,-0.00036999999999999533,
-0.3218754110879908,0.3895372022161575,1.0,0,,0.0,-0.00019999999999997797,
-0.28287503999994706,0.40632936830200894,,0,,0.0,0.0,
-0.33294283018801146,0.32167580314877126,,0,,0.0,0.0,
-0.0741653050743803,0.3529207818877803,1.0,0,,0.0017199999999999993,-0.00029999999999996696,-43.119363415337396
-0.2991599999999638,0.44229919794153116,,0,,0.0,0.0,
-0.29541779184797573,0.37342324689798967,1.0,0,,9.000000000000674e-05,0.0,-3282.4199094217065
-0.21608029554958455,0.39166524043795364,1.0,0,,0.09000000000000341,-0.05000000000001137,-2.4008921727730708
-0.5104352538559809,0.412274728052911,1.0,0,,0.0,-0.0005999999999999894,
-0.4363528372595699,0.4482174978911862,1.0,0,,0.0,-4.999999999999952e-09,
-0.17833499351999665,0.32895415302478315,1.0,0,,0.0,-0.0030000000000001137,
-0.4991166514079779,0.38325379314560676,1.0,0,,0.0,-0.13599999999999568,
-0.14337213587196096,0.40170590224473246,1.0,0,,0.0023999999999999577,-0.0043000000000001926,-59.73838994665145
-0.30777973326405395,0.38325379314560676,1.0,0,,0.05099999999998772,-0.0010000000000047748,-6.034896730669177
-1.0509746083199993,0.601526738460286,1.0,0,,0.1000000000003638,0.0,-10.50974608316176
-0.23927639155198552,0.37052402530042566,1.0,0,,0.0,-0.1999999999999318,
-0.6476805714015985,0.48316902089410396,,0,,0.0,0.0,
-0.9816001147567854,0.43139954700562255,1.0,0,,0.09999999999999432,-0.5300000000000011,-9.816001147568413
-0.46329222067197096,0.38326025432897054,1.0,0,,0.00039999999999995595,0.0,-1158.230551680055
-0.5822999913599415,0.601526738460286,1.0,0,,0.6000000000003638,0.0,-0.970499985599314
-1.394427748896023,0.4123612122739257,1.0,0,,0.0,-0.005800000000000027,
-0.29960319999996377,0.4434943772233553,,0,,0.0,0.0,
-0.3306590249688105,0.37342324689798967,1.0,0,,0.0,-8.00000000000245e-05,
-0.3240411412969048,0.45617926205621573,1.0,0,,6.999999999998408e-10,-1.499999999999901e-09,-462915916.1385407
-0.32369700897596715,0.412274728052911,1.0,0,,0.0,-9.999999999998899e-05,
-0.23233500647999072,0.32895415302478315,1.0,0,,0.0009999999999998899,-0.0019999999999997797,-232.33500648001632
-0.09479359009120958,0.43139954700562255,1.0,0,,0.27000000000001023,-0.030000000000001137,-0.3510873707081703
-0.18850006841681924,0.3529207818877803,1.0,0,,0.0015299999999999758,-0.00036000000000002697,-123.20265909596223
-0.6457564597903833,0.37234165796363716,1.0,0,,0.0007800000000000029,-0.00037999999999999146,-827.892897167155
-0.2835986399999786,0.4079872047817688,,0,,0.0,0.0,
-0.3053424073919839,0.37052402530042566,1.0,0,,0.009999999999990905,-0.2999999999999545,-30.534240739226163
-0.6476805714015985,0.48316902089410396,,0,,0.0,0.0,
-0.8848646923703677,0.39166524043795364,1.0,0,,0.06999999999999318,-0.3100000000000023,-12.64092417672077
-0.990251634183946,0.37342324689798967,1.0,0,,0.0,-0.0002999999999999947,
-1.30666734667468,0.45617926205621573,1.0,0,,0.0,-9.100000000000048e-09,
-0.7274263276799735,0.32895415302478315,1.0,0,,0.0009999999999998899,-0.006000000000000227,-727.4263276800536
-0.7497883087439381,0.38325379314560676,1.0,0,,0.018000000000000682,-0.09199999999999875,-41.65490604132832
-0.5058456524160053,0.4123612122739257,1.0,0,,0.00019999999999997797,-0.0047000000000001485,-2529.2282620803053
-0.43493843244795044,0.4434943772233553,1.0,0,,0.0,-0.0019999999999997797,
-1.008223553584008,0.412274728052911,1.0,0,,0.0,-0.0005000000000000004,
-0.04536196469119111,0.3120739861318379,1.0,0,,0.0002500000000000002,-0.00016999999999997573,-181.44785876476428
-0.934931995603178,0.38930984550069014,1.0,0,,0.03999999999999204,-0.3499999999999943,-23.3732998900841
-1.0511581953599993,0.601526738460286,1.0,0,,0.3000000000001819,0.0,-3.5038606511978734
-0.2419641501759519,0.4190559234717879,1.0,0,,0.0016000000000000458,0.0,-151.22759385996562
1.7393159728113912,0.4094621891541074,1.0,0,,1.3599999999999852,0.0,1.2789088035378016
-0.19942150462080763,0.4094621891541074,1.0,0,,0.25,0.0,-0.7976860184832305
-0.8297771322399914,0.39590330463374146,,0,,0.0,0.0,
-0.36486782164800335,0.3823429620942264,1.0,0,,0.0,-0.5600000000000591,
-0.38787583999999925,0.4959212267561446,,0,,0.0,0.0,
-0.20371847999999365,0.3421809435482369,,0,,0.0,0.0,
-0.44474118440313437,0.43423792585846227,1.0,0,,7.999999999996366e-10,-3.500000000000051e-09,-555926480.5041705
-0.797535968216008,0.363693029629717,1.0,0,,0.001999999999995339,-0.13300000000000978,-398.7679841089334
-0.2985306373919569,0.3455130293263675,1.0,0,,0.0350000000000108,-0.018000000000000682,-8.529446782624708
-0.21836987272343086,0.3980320406314222,1.0,0,,2.999999999999802e-09,0.0,-72789957.57448176
-1.574324325580759,0.4983807134854721,1.0,0,,0.0,-9.999999999999593e-05,
-0.14298935237273902,0.397401083450197,1.0,0,,9.000000000000674e-05,0.0,-1588.7705819192036
-0.2659929776543839,0.3120739861318379,1.0,0,,0.0,-0.00023999999999999022,
-1.039170192480053,0.6119561794274166,1.0,0,,0.0999999999994543,0.0,-10.391701924857237
-0.3063747918703872,0.3607784964527717,1.0,0,,0.04999999999998295,-0.15000000000000568,-6.127495837409834
-0.03810177771115322,0.4168691235572006,1.0,0,,0.3300000000000125,-0.3299999999999841,-0.1154599324580357
-0.43923579632795706,0.3605129192882325,1.0,0,,0.0,-0.32999999999992724,
-0.05692053773278524,0.30816896281169015,1.0,0,,0.00021999999999999797,-0.0002500000000000002,-258.72971696720805
-0.15517367738285112,0.3980320406314222,1.0,0,,3.500000000000051e-09,-3.0000000000002254e-09,-44335336.39509967
-0.2644271902480022,0.3455130293263675,1.0,0,,0.04099999999999682,-0.009000000000000341,-6.44944366458592
-0.28961910980800887,0.3605129192882325,1.0,0,,0.2099999999999227,0.0,-1.3791386181338832
-0.3017616773696074,0.47190412480416905,1.0,0,,2.999999999997449e-05,0.0,-10058.722578995466
-0.705172490419159,0.3967631106032174,1.0,0,,0.0,-5.000000000000143e-05,
-0.6134748781439858,0.41108928317322757,1.0,0,,0.0014000000000000679,-0.005800000000000027,-438.1963415313972
-1.0631665967999218,0.6204933656799336,1.0,0,,0.0,-0.0999999999994543,
-0.7457145430055865,0.30816896281169015,1.0,0,,9.000000000000674e-05,-0.0009099999999999941,-8285.717144505896
-0.3892069999999531,0.4983807134854721,,0,,0.0,0.0,
-0.6101924386623668,0.3607784964527717,1.0,0,,0.0,-0.25,
-0.9391932209743639,0.4168691235572006,1.0,0,,0.1599999999999966,-0.4000000000000057,-5.869957631089899
-0.31273263999998563,0.47190412480416905,,0,,0.0,0.0,
-0.852536380427128,0.4763279623253033,1.0,0,,0.0,-0.00015999999999999348,
-0.2050882623167517,0.397401083450197,1.0,0,,3.999999999999837e-05,0.0,-5127.206557919001
-0.4156229872883359,0.3868652841548288,1.0,0,,9.000000000002794e-10,-1.2000000000000902e-09,-461803319.2091188
-0.44374583489596775,0.3389429776125589,1.0,0,,0.0,-0.046999999999997044,
-0.3474075587839804,0.3509819418323912,1.0,0,,0.03999999999996362,0.0,-8.68518896960741
-1.039170192480053,0.6258905894450602,1.0,0,,0.0999999999994543,-0.2000000000007276,-10.391701924857237
0.3116436836783884,0.3065798546852864,1.0,0,,0.0006700000000000039,0.0,465.1398263856516
-0.35236687119997007,0.3534863233330298,,0,,0.0,0.0,
-0.5312494513143247,0.47212975544341484,,0,,0.0,0.0,
-1.2880020374143637,0.44155855503147134,1.0,0,,0.1799999999999784,-0.6000000000000227,-7.1555668745251015
-0.03287042608317825,0.3065798546852864,1.0,0,,0.00024000000000001798,0.0,-136.96010867989912
-0.06874005506476524,0.3887646402842716,1.0,0,,0.0005800000000000249,-0.0009299999999999864,-118.51733631855566
-0.18170619265599164,0.3509819418323912,1.0,0,,0.17999999999994998,-0.03999999999996362,-1.009478848089123
-0.36743054132394837,0.5154738909192704,1.0,0,,6.0000000000004494e-05,0.0,-6123.84235539868
-0.1530203063759793,0.3138184430483645,1.0,0,,0.0017000000000000348,0.0,-90.01194492704481
-0.2963548544135642,0.39521646346211403,1.0,0,,0.0,-7.000000000000062e-05,
-0.3496620837189415,0.3868652841548288,1.0,0,,0.0,-2.499999999999976e-09,
-0.2026023962559806,0.3389429776125589,1.0,0,,0.016000000000005343,-0.018999999999991246,-12.662649765994558
-0.6183839999999876,0.6258905894450602,1.0,0,,0.0,-0.0999999999994543,
-0.3775783199999537,0.4763279623253033,,0,,0.0,0.0,
-0.3124776199999624,0.47212975544341484,,0,,0.0,0.0,
-0.0920678735791958,0.41073270985848365,1.0,0,,0.0005600000000000049,0.0,-164.40691710570533
-0.9314173583231897,0.44155855503147134,1.0,0,,0.13999999999998636,-0.2600000000000193,-6.652981130880575
-0.4158372315360089,0.4083026249033732,1.0,0,,0.0,-0.0030000000000001137,
-0.4085416044959753,0.3509819418323912,1.0,0,,0.04000000000007731,-0.15999999999996817,-10.213540112379643
-0.08585188146078324,0.4487274482949808,1.0,0,,0.3400000000000034,-0.09000000000000341,-0.25250553370818346
-0.43022183542422326,0.31592398882570305,1.0,0,,2.0000000000001503e-10,-1.699999999999916e-09,-2151109177.1209545
-0.6183839999999876,0.6459578962179692,,0,,0.0,0.0,
-0.21463553193597595,0.4353225557757364,1.0,0,,0.0019000000000000128,-0.0029000000000001247,-112.96606943998658
-0.6428073781583074,0.47705295189147984,,0,,0.0,0.0,
-0.5345270976079933,0.3138184430483645,1.0,0,,0.0004999999999999449,-0.0030000000000001137,-1069.0541952161043
-0.38339027999995384,0.4876618244870048,,0,,0.0,0.0,
-0.3405545138879711,0.3641654252728344,1.0,0,,0.08000000000004093,0.0,-4.256931423597461
-0.03788455086077869,0.4414907684821491,1.0,0,,0.29999999999998295,-0.1599999999999966,-0.1262818362026028
-0.10302042239997611,0.4309207994795383,1.0,0,,0.0024999999999999467,0.0,-41.20816895999132
-0.4183479056686131,0.31592398882570305,1.0,0,,2.999999999998108e-10,-1.499999999999901e-09,-1394493018.8962564
-0.6004019956799584,0.649489749853638,1.0,0,,0.3000000000001819,0.0,-2.0013399855986482
-0.4068630707631916,0.39615325328866613,1.0,0,,0.0,-0.0012300000000000089,
-0.6227972784319817,0.4336942962181718,1.0,0,,0.0007999999999999119,-0.0045999999999999375,-778.496598040063
-0.6531183372167075,0.4891483817531774,,0,,0.0,0.0,
-3.1129457300087595,0.39615325328866613,1.0,0,,0.0,-0.0023200000000000442,
-0.3813606412320113,0.36327186101877773,1.0,0,,0.0,-0.06000000000005912,
-0.6435386427904135,0.4414907684821491,1.0,0,,0.0,-0.4399999999999977,
-0.237221614792444,0.30704820740763467,1.0,0,,0.0,-1.8000000000001352e-09,
-1.075215795359905,0.649489749853638,1.0,0,,0.0,-0.1999999999998181,
-0.2292777338879769,0.4336942962181718,1.0,0,,0.0018000000000000238,-0.00019999999999997797,-127.37651882665214
-0.854812564479988,0.4309207994795383,1.0,0,,0.0,-0.0021999999999999797,
-0.6531183372167075,0.4891483817531774,,0,,0.0,0.0,
-0.2681444000000035,0.37314478063002254,,0,,0.0,0.0,
-0.11324877926400137,0.32445306587637085,1.0,0,,0.0015999999999998238,0.0,-70.78048704000865
-0.3643262959279485,0.36327186101877773,1.0,0,,0.12000000000000455,-0.01999999999998181,-3.036052466066123
-0.5852829507839777,0.44021995938052416,1.0,0,,0.2300000000000182,-0.10999999999998522,-2.544708481669267
-3.0818427876936076,0.4032323804084709,1.0,0,,0.00023999999999996247,-0.0025900000000000367,-12841.01161539204
-0.21831330114323294,0.3054954645932425,1.0,0,,1.8000000000001352e-09,-6.999999999998408e-10,-121285167.30178696
-0.6124019985600021,0.6501868162288826,1.0,0,,0.0999999999994543,0.0,-6.124019985633439
-0.10630115439999152,0.4314986003741825,1.0,0,,0.0023999999999999577,0.0,-44.292147666663915
-0.6544271915999073,0.49045962857336944,,0,,0.0,0.0,
-0.46163219589766,0.38002985120684063,,0,,0.0,0.0,
-0.35412187388796124,0.36371266557043314,1.0,0,,0.029999999999972715,0.0,-11.804062462942778
-0.3695344407223858,0.3054954645932425,1.0,0,,0.0,-1.4000000000001052e-09,
-0.14575678703998704,0.32445306587637085,1.0,0,,0.0012000000000000899,-0.0004999999999999449,-121.4639891999801
-1.7443096386687629,0.44021995938052416,1.0,0,,0.2699999999999818,-0.9399999999999977,-6.4604060691440015
-1.0512193910399268,0.6501868162288826,,0,,0.0,0.0,
-0.34175642227995157,0.3361634460253288,,0,,0.0,0.0,
-0.06972106543357405,0.43713616749924283,1.0,0,,0.3400000000000034,-0.22999999999998977,-0.20506195715756867
-0.3929583358079799,0.36833467229739303,1.0,0,,0.01999999999998181,-0.029999999999972715,-19.647916790416865
-0.20262482116800884,0.44269099387227023,1.0,0,,0.0025999999999999357,0.0,-77.93262352615918
-0.3317432822633933,0.30094455880537163,1.0,0,,0.0,-1.6000000000001202e-09,
-0.22678380647999644,0.33240560160424837,1.0,0,,0.00019999999999997797,-0.0008000000000001339,-1133.919032400107
-0.31009387723203513,0.36833467229739303,1.0,0,,0.1999999999999318,0.0,-1.5504693861607044
-0.6184079999999633,0.6594156874595491,1.0,0,,0.0,-0.0999999999994543,
-0.2010189999999758,0.3361634460253288,,0,,0.0,0.0,
-0.3238697055439674,0.44269099387227023,1.0,0,,0.0004999999999999449,-0.0038000000000000256,-647.7394110880061
-0.3432729618017636,0.30094455880537163,1.0,0,,1.299999999999886e-09,-4.0000000000003005e-10,-264056124.46291825
-0.576925046207962,0.33240560160424837,1.0,0,,0.000500000000000167,-0.0021999999999999797,-1153.8500924155387
-0.6184079999999633,0.6623119490347689,,0,,0.0,0.0,
-0.29887660580800446,0.36917915766636694,1.0,0,,0.0,-0.11000000000001364,
-0.20153223999997572,0.33754414976392705,,0,,0.0,0.0,
-0.7643923104479861,0.45392946997261485,1.0,0,,0.0,-0.006299999999999972,
-0.16900397465599573,0.36917915766636694,1.0,0,,0.3100000000000591,-0.01999999999998181,-0.5451741117934307
-0.18753019786690994,0.3008173611119683,1.0,0,,2.299999999999961e-09,0.0,-81534868.63778831
-0.15428720786153327,0.3387255476424982,1.0,0,,4.000000000000531e-05,0.0,-3857.18019653782
-2.118014463039965,0.43713616749924283,1.0,0,,0.27000000000001023,-0.9300000000000068,-7.844498011258833
-0.36107378168401155,0.5099789036178932,1.0,0,,4.999999999999449e-05,0.0,-7221.475633681026
-0.4003844275199712,0.3339802943110054,1.0,0,,0.0,-0.0020999999999999908,
-0.23462119049597213,0.3695902502018718,1.0,0,,0.18000000000006366,0.0,-1.3034510583104952
-0.1580617171560104,0.4332200158161398,1.0,0,,7.000000000000062e-05,0.0,-2258.0245308001286
-1.2670034428798393,0.6623119490347689,1.0,0,,0.0,-1.7999999999992724,
-0.19325473630012585,0.3008173611119683,1.0,0,,2.2000000000001653e-09,0.0,-87843061.95459606
-1.3026002774400063,0.6642835481754774,1.0,0,,0.0999999999994543,-2.100000000000364,-13.026002774471145
-0.36501244964794205,0.3695902502018718,1.0,0,,0.2300000000000182,0.0,-1.5870106506431008
-0.946793047703978,0.31874546128501857,1.0,0,,0.0,-0.005800000000000027,
-1.7461044963431558,0.40110420259869783,1.0,0,,0.09000000000000341,-0.6399999999999864,-19.401161070478775
-0.7558893979560071,0.5099789036178932,1.0,0,,1.0000000000010001e-05,-7.00000000000145e-05,-75588.9397955251
-0.18148709945215658,0.3008173611119683,1.0,0,,2.4000000000001803e-09,-2.699999999999991e-09,-75619624.77172622
-0.46542349110400505,0.3695902502018718,1.0,0,,0.15000000000009095,0.0,-3.102823274024819
-0.3433255990375653,0.3387255476424982,,0,,0.0,0.0,
-0.5339114814079686,0.31874546128501857,1.0,0,,0.0012999999999998568,-0.0033000000000000806,-410.7011395446365
-1.5675524491872042,0.40110420259869783,1.0,0,,0.0,-0.8400000000000034,
0.7210880061664052,0.3387255476424982,1.0,0,,0.00021999999999999797,0.0,3277.6727553018723
0.42951998163203625,0.42308049487445193,1.0,0,,5.349999999999909,0.0,0.08028410871626983
-0.12260976944154267,0.43928228506594247,1.0,0,,0.00046000000000001595,-9.999999999982245e-06,-266.54297704682267
-0.15340537122216913,0.3064404186711774,1.0,0,,0.0008000000000000229,0.0,-191.75671402770593
-0.37429763394807514,0.5019692820801203,1.0,0,,0.23999999999999488,-0.0049999999999954525,-1.5595734747836796
-1.3142211062399527,0.6642835481754774,1.0,0,,0.0,-2.199999999999818,
-0.9495940425047693,0.5099789036178932,1.0,0,,0.0,-0.00019999999999997797,
-0.07912544755997952,0.43928228506594247,1.0,0,,0.00023000000000000798,0.0,-344.0236850433773
-0.5737590681599656,0.506076391325252,1.0,0,,0.15999999999996817,-0.07000000000005002,-3.5859941760004985
-0.42509809849595326,0.42308049487445193,1.0,0,,0.5199999999999818,-0.6800000000000637,-0.8174963432614771
-0.5444254909439363,0.5019692820801203,1.0,0,,0.027000000000001023,-0.04200000000000159,-20.163907071996878
-1.0153136651839911,0.3007168623297317,1.0,0,,0.0,-0.007099999999999884,
-0.36338854139998955,0.3064404186711774,1.0,0,,0.0,-0.0005000000000000004,
-0.4557640105599938,0.4808591607449463,1.0,0,,0.0,-1.1000000000003638,
-0.25883645571590924,0.3146851357283519,1.0,0,,6.000000000000451e-10,-4.699999999999718e-09,-431394092.8598163
-0.11727865132801085,0.3064404186711774,1.0,0,,0.00029999999999996696,0.0,-390.9288377600792
-0.9919207037303466,0.4927763644307056,1.0,0,,0.10000000000582077,-56.0,-9.919207036726092
-0.6818998244967809,0.5196244522295054,,0,,0.0,0.0,
-0.22844598367999736,0.41435065294243884,1.0,0,,0.0039999999999995595,-0.006000000000000227,-57.11149592000563
-0.2845439927039969,0.42308049487445193,1.0,0,,0.5899999999999181,-1.240000000000009,-0.48227795373565485
-0.5351465666559188,0.506076391325252,1.0,0,,0.21000000000003638,-0.2899999999999636,-2.5483169840753623
-0.22546084787194476,0.40750717203482567,1.0,0,,0.002000000000000224,-0.0009999999999998899,-112.73042393595976
-0.13969440515014497,0.3146851357283519,1.0,0,,1.8000000000001352e-09,-2.6000000000001953e-09,-77608002.86118582
-0.19688291999998359,0.3250640954438885,1.0,0,,4.999999999999796e-06,-5.999999999999929e-06,-39376.58399999832
-0.3095499999999554,0.45157357921304087,1.0,0,,0.0040000000000000036,0.0,-77.38749999998879
-0.2688938999999658,0.3740362745749705,1.0,0,,0.00013999999999997348,0.0,-1920.670714285834
-0.61437699523201,0.3007168623297317,1.0,0,,0.00029999999999996696,-0.0028000000000001357,-2047.9233174402586
-0.7877866147199473,0.4808591607449463,1.0,0,,0.0,-1.1000000000003638,
0.22603716824801376,0.5040542687006072,1.0,0,,0.00016000000000000042,0.0,1412.7323015500822
-0.20084998128000492,0.3912534150350512,1.0,0,,0.0,-0.04999999999999716,
-0.12512068048799435,0.35084045397753655,1.0,0,,0.0,-0.0005999999999999894,
-0.9215075974910725,0.37530034822381525,1.0,0,,0.0,-7.000000000000102e-09,
-0.7757098527999913,0.44593288428415334,1.0,0,,0.0,-2.0700000000001637,
-0.6444801562319913,0.5160227219928051,1.0,0,,0.01999999999998181,-0.6900000000000546,-32.22400781162887
-0.6239189553119161,0.4384775149424507,1.0,0,,0.0,-2.999999999998837e-05,
-0.4325480326400289,0.41435065294243884,1.0,0,,0.0,-0.010000000000001563,
-1.2364882289279069,0.5019692820801203,1.0,0,,0.021000000000000796,-0.11299999999999955,-58.88039185370762
-0.3302900119420602,0.3250640954438885,1.0,0,,2.0000000000002655e-06,-9.999999999999593e-06,-165145.00597100818
-0.35203092748799275,0.34326898695589514,,0,,0.0,0.0,
-0.8784830250560418,0.5979076278685557,1.0,0,,2.0000000000006124e-05,0.0,-43924.151252788644
-0.13264586205597395,0.4230788007896733,1.0,0,,0.00030000000000002247,0.0,-442.1528735198801
-0.24015119323198394,0.3740362745749705,1.0,0,,6.0000000000004494e-05,0.0,-4002.5198871994326
-0.5147550491999625,0.45157357921304087,1.0,0,,0.0,-0.004999999999999893,
-0.6751099094399994,0.5086713057057564,1.0,0,,0.028000000000005798,-0.009000000000000341,-24.111068194280698
-0.4872079857599128,0.41435065294243884,1.0,0,,0.006000000000000227,0.0,-81.20133095998239
-0.8875079831471957,0.4927763644307056,1.0,0,,2.400000000008731,-45.69999999999709,-0.3697949929766529
-0.7394897133120022,0.40750717203482567,1.0,0,,0.0,-0.002000000000000224,
-0.12312531728198645,0.3250640954438885,1.0,0,,4.999999999999796e-06,0.0,-24625.063456398293
-0.14579596063999445,0.45157357921304087,1.0,0,,0.0040000000000000036,0.0,-36.44899015999858
-0.38701875462400054,0.44593288428415334,1.0,0,,0.6199999999998909,-0.7000000000000455,-0.6242237977807559
-0.07219162199995344,0.4230788007896733,1.0,0,,0.00030000000000002247,-0.00019999999999997797,-240.63873999982675
-0.5324877029999971,0.5160227219928051,1.0,0,,0.15999999999996817,-0.10000000000002274,-3.328048143750644
-0.32486158178717534,0.30898622653046715,1.0,0,,0.0519999999999996,-0.004000000000001336,-6.2473381112918815
-0.6659906366254698,0.491612978450473,1.0,0,,32.5,-0.09999999999126885,-0.020492019588475994
-0.3308240124799869,0.3912534150350512,1.0,0,,0.0,-0.03999999999999915,
-0.43256972352771306,0.37530034822381525,1.0,0,,3.9999999999960654e-10,-3.100000000000021e-09,-1081424308.8203464
-0.21701818478395235,0.400431515745749,1.0,0,,0.001000000000000334,0.0,-217.0181847838799
-0.20706239999999637,0.34326898695589514,,0,,0.0,0.0,
-0.18840768771999594,0.35084045397753655,1.0,0,,0.0,-0.00040000000000001146,
-0.18682550611195087,0.30898622653046715,1.0,0,,0.022000000000002018,0.0,-8.492068459633352
-0.843987030640017,0.4102227917165605,1.0,0,,0.0,-0.010000000000001563,
-0.2579389905487921,0.4384775149424507,1.0,0,,1.9999999999992246e-05,-1.0000000000010001e-05,-12896.949527444605
-0.39227975999996245,0.5040542687006072,,0,,0.0,0.0,
-0.6413865350400068,0.5001686411684105,1.0,0,,0.02599999999999625,-0.0040000000000048885,-24.668712886157664
-0.2007979812799836,0.3961641931933031,1.0,0,,0.030000000000001137,0.0,-6.693266042665867
-0.4562127744720124,0.3740362745749705,,0,,0.0,0.0,
-0.3804998928719864,0.5147666125653614,1.0,0,,0.029999999999972715,-0.14999999999997726,-12.68332976241108
-0.24549698775998471,0.4102227917165605,1.0,0,,0.004000000000001336,0.0,-61.374246939975684
-0.44474776567998103,0.4512866145259421,1.0,0,,0.0009999999999998899,-0.002000000000000224,-444.74776568003
-0.6976476233599747,0.44276498558131383,1.0,0,,0.009999999999990905,-1.1600000000000819,-69.76476233606091
-0.16232718823999026,0.3623964904915935,1.0,0,,0.0009999999999998899,-0.000600000000000378,-162.32718824000813
-0.4932123195731975,0.36896611555728537,1.0,0,,3.000000000002343e-10,-1.3999999999996817e-09,-1644041065.2427077
-0.8495596958640428,0.5147666125653614,1.0,0,,0.0,-0.4700000000000273,
-0.45940231324797753,0.3507709336559355,1.0,0,,0.0,-0.00019999999999997797,
-0.9063518003239298,0.491612978450473,1.0,0,,8.099999999991269,-41.5,-0.11189528399072923
-0.7304904634400051,0.400431515745749,1.0,0,,0.0,-0.002000000000000224,
-1.0017547820159063,0.5001686411684105,1.0,0,,0.02200000000000557,-0.0969999999999942,-45.534308273438754
-0.1712097029159775,0.30898622653046715,1.0,0,,0.03100000000000236,-0.012999999999998124,-5.522893642450467
-0.7729364345599832,0.4512866145259421,1.0,0,,0.0,-0.0030000000000001137,
-0.2893159999999774,0.4205847431669447,1.0,0,,0.0,-9.999999999996123e-06,
-0.45331723830398235,0.42983246366331596,1.0,0,,0.0,-0.00040000000000001146,
-0.4400342500607659,0.5148954113086116,1.0,0,,0.0,-9.999999999996123e-06,
-0.3882327583392008,0.5091917869050531,1.0,0,,1.0000000000010001e-05,0.0,-38823.27583388125
-0.15578534415750944,0.3361055085793644,1.0,0,,3.000000000000398e-06,0.0,-51928.44805249626
-0.8943607748927731,0.6126979404986183,,0,,0.0,0.0,
-0.41150864937594595,0.4279947725064229,1.0,0,,0.000400000000000178,-0.00039999999999995595,-1028.771623439407
-0.2455309877599625,0.4102227917165605,1.0,0,,0.0030000000000001137,-0.0019999999999988916,-81.84366258665106
-0.41632797503997865,0.5001686411684105,1.0,0,,0.028999999999996362,-0.03200000000001069,-14.356137070345893
-0.2658262089600242,0.3961641931933031,1.0,0,,0.030000000000001137,-0.020000000000003126,-8.86087363200047
-0.2850255927039834,0.44276498558131383,1.0,0,,0.2400000000000091,-1.8400000000001455,-1.1876066362665525
-0.46002828062395823,0.5255663757419413,1.0,0,,0.2300000000000182,0.0,-2.0001229592344427
-0.3377480638367415,0.36896611555728537,1.0,0,,1.4000000000001052e-09,-2.499999999999976e-09,-241248617.0262258
-0.31790814028798564,0.31784573368640123,1.0,0,,0.04499999999999815,-0.0030000000000001137,-7.064625339733304
-0.5269691951999931,0.4614995549406262,1.0,0,,0.0040000000000000036,0.0,-131.74229879999814
-0.9139351745175508,0.6296016630739052,,0,,,,
-0.36988620239997666,0.42999424229840333,1.0,0,,0.0039999999999995595,-0.0009999999999994458,-92.47155060000435
-0.35946487219996787,0.3623964904915935,,0,,0.0,0.0,
-0.5555080628527851,0.491612978450473,1.0,0,,19.19999999999709,-36.80000000000291,-0.028932711606920274
0.064769065040005,0.3507709336559355,1.0,0,,0.0010000000000000009,-9.999999999998899e-05,64.76906504000495
-0.4781458290879378,0.400431515745749,1.0,0,,0.0,-0.004999999999999893,
-0.26214299352000864,0.4003423662358842,1.0,0,,0.03999999999999915,0.0,-6.553574838000356
-0.32150080153600513,0.4438109678459783,1.0,0,,2.880000000000109,0.0,-0.11163222275555311
-0.33007200815997423,0.4263915040860709,1.0,0,,0.014000000000001123,0.0,-23.57657201142484
-0.29298233102319937,0.3830232128816007,1.0,0,,5.499999999999778e-09,0.0,-53269514.731492944
-0.39943199999995066,0.5147259341422675,1.0,0,,0.11200000000000898,-0.018999999999991246,-3.5663571428564165
-0.4172691160551456,0.4966404149548082,1.0,0,,57.30000000000291,0.0,-0.007282183526267441
-0.6847551562463519,0.5268354429753332,1.0,0,,0.00021000000000000185,0.0,-3260.7388392683133
0.22864353747022248,0.435948976913861,1.0,0,,0.0008000000000000229,0.0,285.8044218377699
-0.8087196201840334,0.5200647641650625,1.0,0,,0.0,-9.00000000000345e-05,
-0.2623244261783786,0.31784573368640123,1.0,0,,0.0,-0.07099999999999795,
-0.5460923726719615,0.4438109678459783,1.0,0,,0.8500000000001364,0.0,-0.642461614908087
-0.36680088999996724,0.36763430490796895,,0,,0.0,0.0,
-0.4028256680593577,0.3361055085793644,1.0,0,,0.0,-1.5000000000000256e-05,
0.5846191814720243,0.44791214862966955,1.0,0,,0.00047999999999998044,-0.0005600000000000049,1217.9566280667668
-0.2925175399999805,0.4275321791693365,,0,,0.0,0.0,
-0.5862952099199654,0.3672620008462242,1.0,0,,9.999999999998899e-05,-0.0006999999999999784,-5862.9520992003
-0.9368216542399996,0.4614995549406262,1.0,0,,0.0,-0.009000000000000341,
-1.2319037633279817,0.5147259341422675,1.0,0,,0.0,-0.1629999999999967,
-0.8320677934799273,0.42999424229840333,1.0,0,,0.0,-0.016000000000000014,
-1.0343874491279497,0.5255663757419413,1.0,0,,0.0,-0.6699999999999591,
-0.6092051365279703,0.4098125159865257,1.0,0,,0.0,-0.0008000000000000229,
-0.21531840422398374,0.3056357723904427,1.0,0,,0.0,-0.39999999999997726,
-0.061527539039961415,0.4034153133532787,1.0,0,,0.0040000000000000036,0.0,-15.38188475999034
-0.44405283628800407,0.4279947725064229,1.0,0,,0.0,-0.0017000000000000348,
-0.5555382491847685,0.4966404149548082,1.0,0,,15.39999999999418,-72.70000000001164,-0.03607391228473886
-1.045116463611977,0.5268354429753332,1.0,0,,1.9999999999999185e-05,-0.00014000000000000123,-52255.82318060098
-0.48226599866917924,0.3830232128816007,1.0,0,,0.0,-7.799999999999739e-09,
-0.7044017109080162,0.6255169615266937,1.0,0,,0.0,-5.000000000000837e-05,
-0.5594940647999596,0.4003423662358842,1.0,0,,0.0,-0.11999999999999744,
-0.45739628396002124,0.364170296192482,1.0,0,,0.001000000000000334,0.0,-457.39628395986847
-0.8219533887488071,0.44420140123569807,1.0,0,,0.0,-0.0006900000000000239,
-0.6923371474079771,0.5305219824867026,1.0,0,,0.0,-0.0005999999999999894,
-0.5071423957599352,0.43713129309737364,1.0,0,,0.0005999999999999339,-0.00019999999999997797,-845.2373262666518
-0.8269201171199518,0.435948976913861,1.0,0,,0.0,-0.00030000000000002247,
-0.5003100489599961,0.4263915040860709,1.0,0,,0.002000000000000668,-0.013999999999999346,-250.15502447991452
-0.6668936615239471,0.49899916707258346,1.0,0,,24.39999999999418,0.0,-0.02733170743951255
-0.40125833999996674,0.5200647641650625,,0,,0.0,0.0,
-1.0854096544799847,0.5103345133400534,1.0,0,,0.0,-0.1799999999999926,
-0.32126351582398244,0.3014169335106741,1.0,0,,0.0,-0.00015000000000001124,
-0.7436919428208326,0.33792608646454725,1.0,0,,0.0030000000000001137,-0.06400000000000006,-247.89731427360147
-0.5092471443199696,0.44420140123569807,1.0,0,,0.00028000000000000247,-0.00012999999999999123,-1818.7398011427326
-0.15257618588798103,0.364170296192482,1.0,0,,0.001200000000000312,0.0,-127.14682157328447
-0.2848019254499755,0.34168235089535676,1.0,0,,0.0,-1.1999999999999858e-05,
-0.6096088542399744,0.46290427006596535,1.0,0,,0.0,-0.0040000000000000036,
-0.280788030753524,0.3868719235874259,1.0,0,,2.1999999999997418e-09,0.0,-127630923.06979862
-0.34326341817597594,0.44445299352258233,1.0,0,,0.004999999999999005,-0.004000000000001336,-68.65268363520885
-0.39876723263999536,0.42209691828379003,1.0,0,,0.01999999999999602,0.0,-19.938361632003733
-0.2239013851680042,0.4098125159865257,1.0,0,,0.00029999999999996696,0.0,-746.3379505600963
-0.23505323670399492,0.3056357723904427,1.0,0,,0.22999999999996135,0.0,-1.021970594365367
-0.2741327900159926,0.45109097727396774,1.0,0,,0.25,-1.6400000000001,-1.0965311600639704
-0.6783266526959573,0.5317999730197946,1.0,0,,0.0,-0.14999999999997726,
-0.3605974921439442,0.3657618987467258,,0,,0.0,0.0,
-0.4859693290143933,0.33792608646454725,1.0,0,,0.028000000000002245,0.0,-17.35604746479837
-0.4190169719999728,0.43713129309737364,1.0,0,,0.000600000000000156,0.0,-698.3616199997731
-0.4787577477119796,0.5161953619079829,1.0,0,,0.027000000000001023,-0.03499999999999659,-17.73176843377635
-0.38272691777279233,0.49899916707258346,1.0,0,,22.80000000000291,-11.19999999999709,-0.01678626832336594
-0.3995873970399537,0.4407799092733171,1.0,0,,9.999999999998899e-05,0.0,-3995.873970399977
-0.3765542820479605,0.44445299352258233,1.0,0,,0.005000000000000782,0.0,-75.31085640958032
-0.4700175694399159,0.4340716304600736,1.0,0,,0.0030000000000001137,0.0,-156.6725231466327
-0.4069079999999967,0.5305219824867026,,0,,0.0,0.0,
-0.49656884866398165,0.364170296192482,1.0,0,,0.0005999999999999339,0.0,-827.6147477733939
-0.48318823818715295,0.4092063117187439,,0,,0.0,0.0,
-0.17966976385917816,0.3868719235874259,1.0,0,,2.8000000000002104e-09,-8.999999999998559e-10,-64167772.80684452
-0.3618979670879232,0.4098125159865257,1.0,0,,0.000300000000000078,0.0,-1206.3265569594305
-0.10798952282397739,0.3236370195885579,1.0,0,,0.022999999999999687,-0.012999999999998124,-4.69519664452082
-0.743584408879973,0.5103345133400534,1.0,0,,0.020000000000010232,0.0,-37.17922044397963
-0.6859967878847903,0.5249253710431943,,0,,0.0,0.0,
-0.3207519497159825,0.3014169335106741,,0,,0.0,0.0,
-0.3593216139391604,0.44420140123569807,1.0,0,,0.0,-0.0006700000000000039,
-0.22820598031999018,0.46290427006596535,1.0,0,,0.0030000000000001137,0.0,-76.06866010666052
-0.17248188470302023,0.34168235089535676,1.0,0,,4.999999999999796e-06,0.0,-34496.37694060545
-0.3003840000000033,0.42209691828379003,1.0,0,,0.00999999999999801,-0.00999999999999801,-30.03840000000631
-0.3430975544947203,0.3597889972613123,1.0,0,,2.6000000000001953e-09,0.0,-131960597.88257481
-0.32737360673597193,0.3056357723904427,1.0,0,,0.020000000000038654,0.0,-16.36868033676696
-0.5271895823639514,0.4877882605660113,1.0,0,,21.0,-5.69999999999709,-0.02510426582685483
-0.26234399183995466,0.4280092647730869,1.0,0,,0.0039999999999995595,-0.0010000000000012221,-65.5859979599959
-0.4027427743079258,0.3922830397617537,1.0,0,,7.00000000000145e-05,0.0,-5753.468204397749
-0.23675586479998784,0.36628149024208334,1.0,0,,0.0013000000000000789,0.0,-182.1198959999796
-0.2680220428031115,0.4370816266242891,1.0,0,,6.0000000000004494e-05,0.0,-4467.03404671819
-0.3605974921439442,0.3657618987467258,,0,,0.0,0.0,
-0.27697380000000027,0.3922830397617537,1.0,0,,8.00000000000245e-05,0.0,-3462.1724999989433
-0.3391426104639965,0.4290479560632774,1.0,0,,9.999999999998899e-05,-0.001000000000000112,-3391.4261046403385
-0.356042366748385,0.3597889972613123,1.0,0,,1.899999999999931e-09,0.0,-187390719.34126207
-0.2344912065279896,0.35321613368295113,1.0,0,,0.0,-9.999999999998899e-05,
-0.53792980494869,0.4548984921171518,1.0,0,,0.00020000000000000573,-0.00031999999999998696,-2689.649024743373
-0.8391008084159486,0.510323783699075,1.0,0,,0.0,-1.9999999999999185e-05,
-0.25079598444796997,0.45109097727396774,1.0,0,,1.0,-0.8500000000001364,-0.25079598444796997
-0.48433709185835006,0.4877882605660113,1.0,0,,17.59999999999127,-46.5,-0.027519152946510816
-0.21920988168796823,0.4290479560632774,1.0,0,,0.000700000000000145,-9.999999999998899e-05,-313.15697383988976
-0.3742232912880409,0.5317999730197946,1.0,0,,0.2099999999999227,-0.17000000000007276,-1.7820156728008507
-0.10932695512002041,0.4280092647730869,1.0,0,,0.005999999999998451,-0.005000000000000782,-18.22115918667477
-0.615650555839959,0.4406036197017928,1.0,0,,0.0,-0.00020000000000003348,
-0.5262630838400171,0.3918415882942412,1.0,0,,0.0,-0.030000000000001137,
-0.43135653144478914,0.3236370195885579,1.0,0,,0.0019999999999988916,-0.053000000000000824,-215.6782657225141
-0.3026399999999638,0.44642603837317135,1.0,0,,0.0,-0.0030000000000001137,
-0.27187919999996424,0.38138771664442733,,0,,0.0,0.0,
-0.23653484920004259,0.36628149024208334,1.0,0,,0.0012999999999996348,-0.001200000000000312,-181.94988400008387
-0.10778592350154342,0.4548984921171518,1.0,0,,0.00017000000000000348,-0.00014000000000000123,-634.034844126713
-0.19639692000000125,0.3236370195885579,1.0,0,,0.05999999999999872,-0.012000000000000455,-3.2732820000000906
-0.3387962572631619,0.4877882605660113,1.0,0,,17.5,-20.30000000000291,-0.01935978612932354
-0.36789641644793974,0.5161953619079829,1.0,0,,0.0660000000000025,-0.05200000000000671,-5.574188127998876
-0.3674530218879539,0.4231512907254753,1.0,0,,0.8900000000001,-0.7899999999999636,-0.41286856391900295
-0.34951993540800064,0.4290479560632774,1.0,0,,0.0004999999999999449,-0.00029999999999996696,-699.0398708160783
-0.29791925862398394,0.35321613368295113,1.0,0,,0.00019999999999997797,0.0,-1489.5962931200838
-0.526178929663975,0.5069157914687745,1.0,0,,0.21000000000003638,-0.2599999999999909,-2.505613950780399
-0.3335925164000009,0.4280092647730869,1.0,0,,0.004999999999999005,-0.006999999999999673,-66.71850328001346
-0.18850895578616964,0.3597889972613123,1.0,0,,1.7999999999997117e-09,-7.000000000002643e-10,-104727197.6589999
-0.37010704640002096,0.3918415882942412,1.0,0,,0.030000000000001137,-0.00999999999999801,-12.336901546666898
-0.5044398850079403,0.43750376937670066,1.0,0,,0.0070000000000014495,0.0,-72.06284071540513
-0.3391850927871801,0.3322724669468863,1.0,0,,4.999999999999796e-06,-1.0000000000001327e-06,-67837.01855743879
-0.42696899788799403,0.431750562197598,1.0,0,,0.7699999999999818,0.0,-0.554505192062343
-0.7370010840959715,0.514129748370243,1.0,0,,0.04599999999999227,0.0,-16.021762697741206
-0.062399942399969766,0.44642603837317135,1.0,0,,0.005999999999999783,-0.002000000000000224,-10.399990399995337
-0.6873642964080098,0.5268190349842403,1.0,0,,0.00020000000000003348,0.0,-3436.8214820394733
-0.6972487940880103,0.5196956612483291,1.0,0,,0.3300000000000409,-0.03999999999996362,-2.1128751335997693
-0.7976986949759849,0.5043428566871409,1.0,0,,44.5,-2.5,-0.017925813370246853
-0.5331508315199719,0.4398636509727365,1.0,0,,0.008000000000000895,-0.0009999999999994458,-66.64385393998903
-0.4920827328000206,0.3981706475460369,1.0,0,,0.02999999999999403,0.0,-16.40275776000395
-0.2769253000000105,0.3922830397617537,,0,,0.0,0.0,
-0.16627781919997814,0.36628149024208334,1.0,0,,0.0018000000000002458,-0.00039999999999995595,-92.37656622219745
-0.45626344420798703,0.38138771664442733,1.0,0,,0.0,-0.0030000000000001137,
0.24730064906403043,0.4406036197017928,1.0,0,,0.0010999999999999899,0.0,224.81877187639338
-0.5075354635040148,0.43750376937670066,1.0,0,,0.0039999999999995595,-0.0009999999999994458,-126.88386587601768
-0.33934380238942013,0.3322724669468863,1.0,0,,3.9999999999996635e-06,-4.000000000000531e-06,-84835.95059736217
-0.27731799999999274,0.39457827801589385,1.0,0,,0.002000000000000224,0.0,-138.65899999998086
-0.31508159999997576,0.431750562197598,1.0,0,,0.7999999999999545,-0.42000000000007276,-0.3938519999999921
-0.3997200000000009,0.514129748370243,1.0,0,,0.036000000000001364,-0.007000000000005002,-11.103333333332937
-0.41003820000001007,0.5196956612483291,1.0,0,,0.2899999999999636,0.0,-1.413924827586419
-0.8024361713759685,0.5043428566871409,1.0,0,,41.79999999998836,0.0,-0.019197037592731864
-0.7249125007360293,0.3847193464755442,1.0,0,,0.0002999999999997449,-0.000700000000000145,-2416.3750024554856
-0.34081588448320677,0.4218936130900369,1.0,0,,0.00014999999999998348,0.0,-2272.105896554962
-0.5518027302144148,0.3194914811432633,1.0,0,,0.0,-0.08299999999999841,
-0.6090512148800031,0.45980588902595,1.0,0,,0.0,-0.0040000000000000036,
-0.46651577457594806,0.44363099337495426,1.0,0,,0.00029999999999996696,-0.0009000000000001229,-1555.0525819199981
-0.33988822841680255,0.33199761299754893,1.0,0,,0.03100000000000236,-0.007999999999999119,-10.964136400541184
-0.7684919071532766,0.39198399197191924,1.0,0,,1.699999999999916e-09,-5.7000000000002165e-09,-452054063.0313615
-0.28276660702973333,0.33904223428388414,1.0,0,,4.000000000000531e-06,0.0,-70691.65175742396
-0.5358941451519841,0.4440615076445874,1.0,0,,0.959999999999809,-0.22000000000002728,-0.5582230678667611
-0.6798004625280304,0.5142592370107455,1.0,0,,0.08799999999999386,0.0,-7.725005256000884
-0.5157810455039681,0.45178674237500294,1.0,0,,0.00039999999999995595,0.0,-1289.4526137600621
-0.695098698719937,0.5104692580893462,1.0,0,,32.10000000000582,-10.19999999999709,-0.02165416506915299
-0.7854640963199399,0.4398636509727365,1.0,0,,0.0,-0.008999999999998565,
-0.4920827328000206,0.3981706475460369,1.0,0,,0.00999999999999801,-0.020000000000003126,-49.208273280011845
-0.29779200316795995,0.40653058450540197,1.0,0,,0.0,-0.0015000000000000568,
-0.7949843005439614,0.5268190349842403,1.0,0,,0.0,-9.999999999998899e-05,
-0.7866281627903596,0.510323783699075,1.0,0,,0.0001399999999999943,-3.0000000000002247e-05,-5618.772591359941
-0.26033521428477624,0.33199761299754893,1.0,0,,0.03399999999999892,0.0,-7.656918067199545
-0.21853918415997983,0.40653058450540197,1.0,0,,0.0009999999999998899,0.0,-218.5391841600039
-1.1007832780799522,0.5002285142001184,1.0,0,,0.0,-0.11999999999999034,
-0.6727412989743522,0.452884046199428,1.0,0,,9.000000000000674e-05,-3.0000000000002247e-05,-7474.903321936687
-0.3970525424223712,0.3030457083228174,1.0,0,,0.0,-6.0000000000004494e-05,
-0.48497096255997113,0.4243891166738252,1.0,0,,0.0,-6.0000000000004494e-05,
-0.7459527304320134,0.4423944136959832,1.0,0,,0.0009999999999994458,-0.0070000000000014495,-745.9527304324268
-0.6091906247199687,0.46514108835270807,1.0,0,,0.0,-0.0009999999999998899,
-0.4982057461039895,0.4529960513095753,1.0,0,,0.00039999999999995595,-0.0015000000000000568,-1245.514365260111
-0.8757055823999501,0.5270721213195285,1.0,0,,0.06999999999993634,-0.3100000000000591,-12.510079748582093
-1.0585297232639141,0.6418401036146079,1.0,0,,0.0,-7.999999999999674e-05,
-1.110279516910844,0.3980488008834955,1.0,0,,0.0,-6.199999999999619e-09,
-0.35382745438640106,0.33904223428388414,1.0,0,,0.0,-1.000000000000046e-05,
-0.3859560172799981,0.44224403185172934,1.0,0,,0.0,-0.004000000000001336,
-0.7623527976000011,0.413791089052452,1.0,0,,0.0,-0.04999999999999716,
-0.30303263420561827,0.3980488008834955,1.0,0,,2.599999999999772e-09,0.0,-116551013.15601726
-1.0176534019440258,0.5342017544443822,1.0,0,,0.0,-0.00030000000000002247,
-0.4703781399679686,0.4440615076445874,1.0,0,,0.029999999999972715,-0.6199999999998909,-15.679271332279882
-0.5167881281279404,0.5142592370107455,1.0,0,,0.015000000000000568,-0.049000000000006594,-34.45254187519472
-0.6940983017159073,0.5336560711510467,,0,,0.0,0.0,
-0.35907601324799593,0.45178674237500294,1.0,0,,0.0,-0.0005999999999999894,
-0.44803681022394304,0.5104692580893462,1.0,0,,11.5,-31.69999999999709,-0.03895972262816896
-0.6693304435199249,0.5002285142001184,1.0,0,,0.0,-0.05000000000001137,
-0.2965899158935975,0.3030457083228174,1.0,0,,0.0,-7.999999999999674e-05,
-0.2014703686464071,0.33199761299754893,1.0,0,,0.023999999999997357,0.0,-8.394598693601221
-0.49517810378397914,0.4243891166738252,,0,,0.0,0.0,
-0.26695199193602137,0.4423944136959832,1.0,0,,0.0010000000000012221,-0.0029999999999983373,-266.9519919356951
-0.7734940739199908,0.46514108835270807,1.0,0,,0.0,-0.0030000000000001137,
-0.4754978048880051,0.4529960513095753,1.0,0,,0.00039999999999995595,0.0,-1188.7445122201436
-0.3696821694719778,0.5273637636173287,1.0,0,,0.00030000000000002247,0.0,-1232.2738982398337
-0.4169880015839509,0.5270721213195285,1.0,0,,0.0,-0.07999999999992724,
-0.14871028259838306,0.452884046199428,1.0,0,,0.00020000000000000573,-0.0003599999999999992,-743.551412991894
-0.7972973960831089,0.6418401036146079,1.0,0,,9.999999999996123e-06,0.0,-79729.7396083418
-0.29919917999999984,0.44241945328729215,,0,,0.0,0.0,
-0.4838629926239173,0.40653058450540197,1.0,0,,0.0,-0.0005999999999999339,
-1.2664598214151657,0.6531024613068195,1.0,0,,0.0,-0.00010999999999999899,
-0.4344485380415751,0.33904223428388414,1.0,0,,2.0000000000002655e-06,-3.9999999999996635e-06,-217224.26902075874
-0.8942453697599304,0.4395180299073935,1.0,0,,0.0,-0.009999999999999787,
-0.7087578170399815,0.41316437977006915,1.0,0,,0.00999999999999801,-0.03999999999999915,-70.87578170401225
-0.40496802150398703,0.44282284661395016,1.0,0,,0.0,-1.990000000000009,
-0.589735245503948,0.505531205704624,1.0,0,,0.012000000000000455,-0.09499999999999886,-49.1446037919938
-0.6991646811143826,0.5231705663491232,1.0,0,,0.0,-7.000000000000062e-05,
-0.4263280963200079,0.4395180299073935,1.0,0,,0.004000000000001336,-0.0009999999999994458,-106.58202407996639
-0.31143597868797657,0.505531205704624,1.0,0,,0.03699999999999193,0.0,-8.417188613190392
-0.8959711071358785,0.5059737757008129,1.0,0,,0.10000000000582077,-60.0,-8.95971107083726
-0.7717666965119236,0.44223878485654455,1.0,0,,0.0,-0.006999999999999673,
-0.3045923999999671,0.45394575060419734,1.0,0,,0.0,-9.999999999998899e-05,
-0.2594015865599946,0.44282284661395016,1.0,0,,0.6999999999998181,0.0,-0.3705736950858029
-0.5427754314943947,0.33125875858149856,1.0,0,,0.007999999999999119,-0.04299999999999926,-67.8469289368068
-0.23335042931680597,0.342746879497689,1.0,0,,1.8000000000001352e-09,-2.999999999998108e-10,-129639127.3982158
-0.2935865199999895,0.42987317976242084,,0,,0.0,0.0,
-0.43349302951998003,0.4624890585107144,1.0,0,,0.0,-0.005999999999999783,
-0.5281541236320175,0.5059737757008129,1.0,0,,25.39999999999418,0.0,-0.020793469434336163
-0.30922100263998265,0.43781423216070914,1.0,0,,0.0,-0.0015000000000000568,
-0.7573253519039134,0.5272826126065739,1.0,0,,0.0,-0.5100000000001046,
-0.10041129057958915,0.3347231930426463,1.0,0,,8.000000000000194e-06,0.0,-12551.411322448339
-0.3848009652000136,0.41316437977006915,1.0,0,,0.01999999999999602,-0.020000000000003126,-19.24004826000451
-1.1821073903520285,0.45394575060419734,1.0,0,,0.0,-0.0006000000000000449,
-0.5278056542399681,0.4624890585107144,1.0,0,,0.0019999999999997797,0.0,-263.9028271200131
-0.5025577413999679,0.3973554003404607,1.0,0,,9.999999999976694e-05,-0.00019999999999997797,-5025.577414011392
-0.6180776510719957,0.5273637636173287,1.0,0,,0.0,-0.00040000000000001146,
-0.2208072233740887,0.342746879497689,1.0,0,,1.8000000000001352e-09,-2.0000000000001503e-10,-122670679.65226229
-0.4025794800000057,0.5231705663491232,,0,,0.0,0.0,
-0.4437072501119076,0.44223878485654455,1.0,0,,0.002000000000000668,-0.0009999999999994458,-221.85362505587972
-0.28062599672960997,0.33125875858149856,1.0,0,,0.0030000000000001137,-0.028999999999999915,-93.54199890986645
-0.245730761695996,0.5273637636173287,1.0,0,,0.00029999999999996696,0.0,-819.1025389867435
-0.499061853617579,0.42987317976242084,,0,,0.0,0.0,
-0.572946593119979,0.43781423216070914,1.0,0,,0.00039999999999995595,0.0,-1432.3664828001051
-0.7113147774479472,0.5272826126065739,1.0,0,,0.11000000000001364,-0.13999999999998636,-6.466497976798719
-0.24565426382375322,0.3347231930426463,1.0,0,,0.0,-5.000000000000664e-06,
-0.6779681136000468,0.4395180299073935,1.0,0,,0.0009999999999994458,-0.006000000000000227,-677.9681136004226
-0.5837428981775707,0.4920643716332178,1.0,0,,19.59999999999127,-45.0,-0.029782800927440345
-0.3400523035977743,0.33361002466385814,1.0,0,,3.000000000000398e-06,0.0,-113350.76786590971
-0.47657593828002304,0.3973554003404607,,0,,0.0,0.0,
-0.43876317167998063,0.41316437977006915,1.0,0,,0.0,-0.00999999999999801,
-0.5232717555200008,0.44282284661395016,1.0,0,,0.4299999999998363,-1.0399999999999636,-1.2169110593493024
-0.8434248401280071,0.505531205704624,1.0,0,,0.0,-0.0730000000000075,
-0.43770529963760607,0.4920643716332178,1.0,0,,19.5,-12.0,-0.022446425622441337
-0.3682623694399533,0.4228204733709465,1.0,0,,0.004000000000001336,0.0,-92.06559235995758
-0.1947482783999666,0.4406661624674125,1.0,0,,0.0030000000000001137,-0.0019999999999997797,-64.91609279998642
-0.422338289023942,0.43940849092237255,1.0,0,,0.75,0.0,-0.5631177186985893
-0.4714324529759245,0.435677972007976,1.0,0,,0.0039999999999995595,-0.0030000000000001137,-117.85811324399411
-0.3187091916500406,0.3180313653222169,1.0,0,,2.0000000000001503e-10,-1.7999999999997117e-09,-1593545958.2500832
-0.6281684044799581,0.45417075410663854,1.0,0,,0.0,-9.999999999998899e-05,
-0.37028385888003257,0.39268037405739187,1.0,0,,0.030000000000001137,0.0,-12.342795296000618
0.416607929692854,0.5201298737672916,1.0,0,,0.00014000000000000123,0.0,2975.7709263775023
-0.18147223705917326,0.33068938738839226,1.0,0,,0.02400000000000091,-0.023999999999997357,-7.561343210798599
-0.20224098128000767,0.3915184735864504,1.0,0,,0.0011999999999998678,0.0,-168.5341510666916
-0.4442519782511608,0.43938470624147635,1.0,0,,6.0000000000004494e-05,0.0,-7404.199637518792
-0.7953460860799308,0.5275656803561983,1.0,0,,0.0,-9.999999999998899e-05,
-0.350053513079993,0.4319812045519361,1.0,0,,0.0,-0.0008000000000001339,
-0.37759919208003634,0.520745678714297,1.0,0,,0.09999999999990905,-0.13999999999998636,-3.7759919208037975
-0.11003198039566701,0.33361002466385814,1.0,0,,3.9999999999996635e-06,-2.0000000000002655e-06,-27507.995098919066
-0.9586992648960528,0.5092451413973561,1.0,0,,0.007000000000005002,-0.05299999999999727,-136.9570378421954
-0.3026399999999638,0.4406661624674125,,0,,0.0,0.0,
-0.280191396015984,0.435677972007976,1.0,0,,0.0009999999999994458,0.0,-280.19139601613927
-0.11734415508478563,0.5385734029859248,1.0,0,,0.00010999999999999899,0.0,-1066.7650462253337
-0.8493769507199633,0.45417075410663854,1.0,0,,0.0,-0.00030000000000002247,
-0.5278713816434393,0.3180313653222169,1.0,0,,6.000000000000451e-10,-2.900000000000006e-09,-879785636.0723327
-1.0197118555967557,0.5201298737672916,1.0,0,,0.0,-3.999999999999837e-05,
-0.33286851685758345,0.33068938738839226,1.0,0,,0.0,-0.021999999999998465,
-0.6403032184000441,0.4228204733709465,1.0,0,,0.0,-0.007999999999999119,
-0.39337199999998274,0.4985998710816147,1.0,0,,0.0,-0.030000000000001137,
-0.3452320336943888,0.41787448547790695,1.0,0,,0.0,-3.0000000000002247e-05,
-0.6517076446463734,0.4990452550604888,1.0,0,,0.09999999999126885,-39.5,-6.51707644703275
-0.3196889850208014,0.4417250219056862,1.0,0,,0.0,-4.0000000000040004e-05,
-0.2478254613359518,0.5350084651057263,1.0,0,,0.00030000000000002247,0.0,-826.0848711197774
-0.18524006416793962,0.4407383097561531,1.0,0,,0.0005000000000000004,0.0,-370.48012833587893
-0.3682623694399533,0.4334128614285132,1.0,0,,0.004000000000001336,0.0,-92.06559235995758
-0.31533279999997677,0.44647446406576474,1.0,0,,0.009999999999990905,-1.0,-31.533280000026355
-0.23308318387200702,0.44410691812100545,1.0,0,,0.0039999999999995595,0.0,-58.27079596800817
-0.546323871271982,0.4306937345592655,1.0,0,,0.0,-0.0004999999999999449,
-0.47644332891994046,0.39107392618713044,1.0,0,,0.0,-0.0005999999999999339,
-0.49244995872000635,0.3976389649645158,,0,,0.0,0.0,
-0.2852639740799853,0.4985998710816147,1.0,0,,0.060000000000002274,0.0,-4.754399567999576
-0.4884257466239307,0.41391861933198626,1.0,0,,0.07000000000005002,-0.17999999999994998,-6.977510666051167
-0.15274596478718178,0.4417250219056862,1.0,0,,0.00024000000000001798,0.0,-636.441519946543
-0.2216214807146413,0.33773319436962995,1.0,0,,3.9999999999996635e-06,0.0,-55405.37017866498
-0.47695166479998774,0.39107392618713044,1.0,0,,0.0005999999999999339,-0.0022999999999999687,-794.9194413334004
-0.48830206540798404,0.510859714317367,1.0,0,,0.04000000000000625,-0.012000000000000455,-12.207551635197692
-0.18244380943655322,0.3213056772936578,1.0,0,,2.499999999999976e-09,-4.0000000000003005e-10,-72977523.774622
-0.0879494911232262,0.5223693642235563,1.0,0,,7.999999999999674e-05,0.0,-1099.3686390403723
-0.5860192590703155,0.4990452550604888,1.0,0,,19.80000000000291,-11.60000000000582,-0.02959693227627421
-0.3731197855999796,0.5350084651057263,1.0,0,,0.00029999999999996696,0.0,-1243.7326186667356
-0.3026399999999638,0.44997892579765564,1.0,0,,0.0,-0.0009999999999998899,
-0.2878867199999918,0.41787448547790695,1.0,0,,7.000000000000062e-05,0.0,-4112.667428571275
-0.5103461018879522,0.44410691812100545,1.0,0,,0.005000000000000782,-0.0009999999999994458,-102.06922037757448
-0.3424673852620658,0.33773319436962995,1.0,0,,5.000000000000664e-06,-1.0000000000001327e-06,-68493.47705240408
-0.14993929822798163,0.3298962311227228,1.0,0,,0.018000000000000682,-0.015000000000000568,-8.329961012665331
-0.2961739999999867,0.4334128614285132,1.0,0,,0.006999999999999673,0.0,-42.31057142857151
-0.6114223410559758,0.44647446406576474,1.0,0,,0.2699999999999818,-0.9500000000000455,-2.264527189096359
-0.5204633119935358,0.4584269876817326,1.0,0,,0.00017000000000000348,0.0,-3061.5488940795594
-0.28965600000000313,0.3976389649645158,1.0,0,,0.00999999999999801,0.0,-28.965600000006077
-0.5222144056319549,0.41391861933198626,1.0,0,,0.0,-0.2599999999999909,
-0.42908635914552373,0.5223693642235563,1.0,0,,3.0000000000002247e-05,0.0,-14302.878638183052
-0.4688554251519871,0.4448342114586602,1.0,0,,0.7999999999999545,-0.22000000000002728,-0.5860692814400171
-0.07429337898402688,0.4407383097561531,1.0,0,,0.00039999999999995595,0.0,-185.73344746008766
-0.4926553103847462,0.4990452550604888,1.0,0,,18.90000000000873,-17.39999999999418,-0.026066418538863417
-0.3282911320319576,0.4306937345592655,1.0,0,,0.0004999999999999449,-0.00029999999999996696,-656.5822640639875
-0.45446444294397714,0.510859714317367,1.0,0,,0.012000000000000455,-0.045000000000001705,-37.87203691199666
-0.2905732348519608,0.3213056772936578,1.0,0,,1.0000000000000751e-09,-4.0000000000003005e-10,-290573234.85193896
-0.3543642783999435,0.44997892579765564,1.0,0,,0.0019999999999997797,0.0,-177.18213919999127
-0.45219632687999767,0.4985998710816147,1.0,0,,0.04999999999999716,-0.009999999999990905,-9.043926537600468
-0.3825807364079504,0.455056948837558,1.0,0,,0.004000000000001336,0.0,-95.64518410195565
-0.40692365971203776,0.41453173135889104,1.0,0,,0.2099999999999227,0.0,-1.9377317129151788
-0.5902843982399821,0.44023826830647894,1.0,0,,0.004000000000001336,0.0,-147.57109955994625
-0.579553071759987,0.3985146097644403,1.0,0,,0.0,-0.00039999999999995595,
-0.3095846225103741,0.4417250219056862,1.0,0,,0.0,-2.0000000000020002e-05,
-0.35524138708798614,0.5350084651057263,1.0,0,,9.999999999998899e-05,0.0,-3552.4138708802525
-0.0902860678127389,0.5302277973673464,1.0,0,,7.000000000000062e-05,0.0,-1289.8009687534015
-0.3757631942399518,0.5116280473906478,1.0,0,,0.03700000000000614,-0.012000000000000455,-10.1557620064835
-0.2202676471247887,0.3015484351633188,1.0,0,,3.0000000000002247e-05,-4.999999999999449e-05,-7342.254904159073
-0.5277260922960023,0.5050376355040526,1.0,0,,20.0,-6.80000000000291,-0.026386304614800116
-0.389850321599914,0.42544275363296896,1.0,0,,0.000500000000000167,-9.999999999998899e-05,-779.7006431995676
-0.22684760317964753,0.35102213613951144,1.0,0,,3.000000000000398e-06,-1.0000000000001327e-06,-75615.86772653915
-0.4772389850799743,0.3985146097644403,1.0,0,,0.0036000000000000476,0.0,-132.56638474443557
-0.6298525435679938,0.455056948837558,1.0,0,,0.0039999999999995595,-0.0009999999999994458,-157.4631358920158
-0.08357336601597842,0.3355316966218467,1.0,0,,0.0005000000000000004,0.0,-167.1467320319567
-0.0668175756047937,0.3336913373136139,1.0,0,,0.05900000000000105,-0.00999999999999801,-1.1325012814371613
-0.7027126397440142,0.5428137060004239,1.0,0,,0.00019999999999997797,0.0,-3513.563198720458
-0.3208791526944079,0.3015484351633188,1.0,0,,9.000000000000674e-05,0.0,-3565.3239188264874
-0.49235815224000035,0.40629894852040555,1.0,0,,0.010000000000005116,0.0,-49.235815223974846
-0.4159155009599484,0.5002501817549647,1.0,0,,0.05000000000001137,-0.030000000000001137,-8.318310019197076
-0.37721601868799376,0.4448342114586602,1.0,0,,0.6899999999998272,-1.1900000000000546,-0.5466898821566496
-0.3972099851173992,0.35102213613951144,1.0,0,,3.9999999999996635e-06,-2.0000000000002655e-06,-99302.49627935815
-0.5070165868799854,0.41453173135889104,1.0,0,,0.25,0.0,-2.0280663475199416
-0.7161772266959185,0.5050376355040526,1.0,0,,37.0,-0.09999999999126885,-0.019356141262051853
-0.28100195583996646,0.4564457860318497,1.0,0,,0.002000000000000224,-0.0009999999999998899,-140.5009779199675
-0.4605891796799883,0.44023826830647894,1.0,0,,0.004999999999999005,-0.002000000000000668,-92.117835936016
-0.6594166081719899,0.5600487480361601,1.0,0,,4.999999999999449e-05,0.0,-13188.33216344125
-0.4974442312319588,0.42544275363296896,1.0,0,,0.0013000000000000789,0.0,-382.6494086399451
-0.679351630848018,0.5116280473906478,1.0,0,,0.04999999999999716,-0.043000000000006366,-13.587032616961132
-0.27614210039999276,0.40629894852040555,1.0,0,,0.03999999999999915,0.0,-6.903552509999966
-0.175631719259913,0.5302277973673464,1.0,0,,6.0000000000004494e-05,0.0,-2927.1953209983308
-0.2639098458336256,0.4584269876817326,1.0,0,,0.00021000000000001573,-0.00028000000000000247,-1256.713551588599
-0.05864426594399879,0.3336913373136139,1.0,0,,0.02400000000000091,-0.019999999999999574,-2.443511080999857
-0.7025276666879392,0.5428137060004239,1.0,0,,0.00019999999999997797,0.0,-3512.638333440083
-0.3205161430719584,0.3015484351633188,1.0,0,,6.999999999998674e-05,-4.000000000001225e-05,-4578.802043885988
-0.5019150727039496,0.4448342114586602,1.0,0,,1.0799999999999272,-0.2899999999999636,-0.4647361784296143
-0.008770872759951143,0.3985146097644403,1.0,0,,0.0036000000000000476,0.0,-2.436353544430841
-0.3795122663999933,0.5002501817549647,1.0,0,,0.06999999999999318,-0.030000000000001137,-5.421603805714718
-0.3506604709566801,0.35102213613951144,1.0,0,,3.9999999999996635e-06,0.0,-87665.11773917741
-0.659517105077565,0.5600487480361601,1.0,0,,4.0000000000040004e-05,0.0,-16487.927626922636
-0.4757221380160025,0.39966047140568883,1.0,0,,0.0006000000000000449,0.0,-792.8702300266115
-0.5607663600800289,0.3355316966218467,1.0,0,,0.0,-0.0005000000000000004,
-0.5271086050399585,0.4564457860318497,1.0,0,,0.0,-0.0030000000000001137,
-0.6557566728239748,0.455056948837558,1.0,0,,0.0009999999999994458,-0.0039999999999995595,-655.7566728243382
-0.5166425103359478,0.41453173135889104,1.0,0,,0.10999999999989996,-0.04000000000007731,-4.696750093967434
-0.6048556228800397,0.44023826830647894,1.0,0,,0.0009999999999994458,-0.005000000000000782,-604.8556228803749
-0.1894064251631281,0.4584269876817326,1.0,0,,0.00028000000000000247,-6.0000000000004494e-05,-676.4515184397372
-0.42421920460796314,0.5241811938570481,1.0,0,,7.0,-13.0,-0.06060274351542331
-0.4926263236439795,0.34887538398264,1.0,0,,0.0070000000000014495,-0.022999999999999687,-70.3751890919825
-0.28590081279993046,0.5211254882811539,1.0,0,,0.12000000000000455,0.0,-2.3825067733326635
-0.18978424273438277,0.32233788927594015,1.0,0,,4.999999999999449e-05,-4.999999999999449e-05,-3795.6848546880733
-0.3887007753599979,0.46702328288803624,1.0,0,,0.004999999999999005,0.0,-77.74015507201506
-0.9358903629999467,0.5344761117443482,1.0,0,,0.0020000000000095497,-0.12599999999999056,-467.945181497739
-0.3279080067199811,0.4223281852628614,1.0,0,,0.00999999999999801,-0.030000000000001137,-32.790800672004636
-0.4212482399999693,0.5577472402776482,,0,,0.0,0.0,
-0.3192540093599632,0.3977069271666506,1.0,0,,0.00019999999999997797,-0.00039999999999995595,-1596.2700467999916
-0.35222406112000715,0.35321770123025376,,0,,0.0,0.0,
-0.505040679999935,0.5792982391267578,1.0,0,,0.0,-7.00000000000145e-05,
-0.5384478269279638,0.5661280845890269,1.0,0,,0.0,-0.00029999999999996696,
-0.44268578060795494,0.4624063664693957,1.0,0,,0.5,-0.8099999999999454,-0.8853715612159099
-0.7491740032492846,0.5272672565109376,1.0,0,,0.0,-4.999999999999796e-06,
-0.6240489326399307,0.47180187714870525,1.0,0,,0.001000000000000334,0.0,-624.0489326397222
-0.38220161132001934,0.39966047140568883,1.0,0,,0.00029999999999996696,0.0,-1274.0053710668715
-0.8132011361919529,0.4767421455879935,1.0,0,,0.0019999999999988916,-0.0030000000000001137,-406.6005680962018
-0.27595725900001106,0.3517179637581221,1.0,0,,0.00030000000000002247,0.0,-919.8575299999679
-1.3882924271199557,0.5211254882811539,1.0,0,,0.0,-0.1700000000000017,
-0.595447444353595,0.32233788927594015,1.0,0,,0.0,-0.00020000000000000573,
-0.4097595545567976,0.5779864857719721,1.0,0,,3.999999999998449e-05,0.0,-10243.98886392391
-0.6961273189315595,0.31401481721495567,1.0,0,,1.5999999999996967e-09,-6.3000000000002616e-09,-435079574.3323072
-0.4936400456960226,0.4478378115197111,1.0,0,,0.00039999999999995595,-0.0014000000000000679,-1234.1001142401924
-1.1417839607999856,0.5344761117443482,1.0,0,,0.009999999999990905,-0.11899999999999977,-114.1783960801024
-0.8597316237959673,0.4752453976247718,1.0,0,,0.00010999999999999899,-0.00041000000000002146,-7815.742034508866
-0.6272590243199372,0.4314834376652328,1.0,0,,0.0,-0.25,
-0.5534788522079769,0.5241811938570481,1.0,0,,22.5,-44.90000000000873,-0.024599060098132307
-0.3995545917599967,0.4609337435116794,1.0,0,,0.0005999999999999339,-0.00029999999999996696,-665.9243196000679
-0.32933603512863985,0.3162432928347831,1.0,0,,2.299999999999961e-09,0.0,-143189580.4907154
-0.3791274714935768,0.34887538398264,1.0,0,,0.0,-0.07900000000000063,
-0.41553499999998234,0.5391380818856151,1.0,0,,0.0759999999999934,-0.0020000000000095497,-5.467565789473926
-0.6220392191999404,0.4223281852628614,1.0,0,,0.0,-0.01999999999999602,
-1.0726888032671726,0.5577472402776482,1.0,0,,0.0,-4.000000000000531e-05,
-0.718539396847973,0.5462107907015231,1.0,0,,0.22000000000002728,0.0,-3.266088167490381
-0.6140905662720064,0.48605741031279204,1.0,0,,0.0,-0.3100000000000023,
-3.287724431417562,0.4788949686987113,1.0,0,,0.00014000000000000123,-0.0009399999999999964,-23483.745938696666
-0.9545650909439575,0.5713415421450925,1.0,0,,0.0,-0.00030000000000002247,
-0.35453816245680525,0.3570469768088579,1.0,0,,0.054999999999999716,0.0,-6.446148408305583
-0.5358560624639566,0.46555115954677884,1.0,0,,0.0,-1.5299999999999727,
-0.6410140401600299,0.46609487430988494,1.0,0,,0.0,-0.006000000000000227,
-0.6281029412435266,0.5274196369631556,1.0,0,,0.0,-8.000000000000194e-06,
-0.6927082398879795,0.48344147557889705,1.0,0,,0.0019999999999988916,-0.0030000000000001137,-346.3541199441817
-0.2272907260151558,0.4014442329069867,1.0,0,,0.0,-0.0010999999999999899,
-0.3720824923199779,0.47286057830349804,1.0,0,,0.0009999999999998899,-0.0009999999999998899,-372.0824923200189
-0.46345242735993913,0.3977069271666506,1.0,0,,0.00039999999999995595,-0.00039999999999995595,-1158.6310683999754
-0.8569231815199193,0.5309232207529115,1.0,0,,0.020000000000010232,-0.03999999999999204,-42.84615907597404
-0.78175752601593,0.48979691078902227,1.0,0,,3.0000000000002247e-05,-1.9999999999992246e-05,-26058.584200529047
-0.6431215296096027,0.4788949686987113,1.0,0,,0.00021999999999999797,0.0,-2923.2796800436754
-0.5775383191679362,0.3517179637581221,1.0,0,,9.999999999998899e-05,-0.00019999999999997797,-5775.383191679998
-0.7351339125312311,0.5779864857719721,,0,,0.0,0.0,
-0.45682561915117226,0.5290130725572946,1.0,0,,0.0,-53.90000000000873,
-0.2652806238767822,0.3570469768088579,1.0,0,,0.021999999999998465,-0.006000000000000227,-12.058210176218214
-0.6782856460799251,0.42832184611698154,1.0,0,,0.00999999999999801,0.0,-67.828564608006
-0.7215907722239605,0.5634283309622549,1.0,0,,0.0,-1.9999999999999185e-05,
-0.6133973105231911,0.48605741031279204,1.0,0,,0.009999999999990905,-0.01999999999998181,-61.3397310523749
-0.7291229838719974,0.5713415421450925,,0,,0.0,0.0,
-0.581580851599997,0.5391380818856151,1.0,0,,0.03900000000000148,0.0,-14.912329528204484
-0.45729875807998255,0.46555115954677884,1.0,0,,0.7699999999999818,0.0,-0.5938944910129784
-0.5056577016428825,0.5274196369631556,1.0,0,,4.999999999999796e-06,0.0,-101131.54032858062
-0.4566503681759688,0.4609337435116794,1.0,0,,0.00029999999999996696,-0.00019999999999997797,-1522.1678939200638
-0.36538512514112365,0.3162432928347831,1.0,0,,0.0,-2.099999999999946e-09,
-0.6472690403544092,0.4832463562258264,1.0,0,,0.00019000000000002348,0.0,-3406.6791597596275
-0.6534170120176287,0.5294088745706544,1.0,0,,20.80000000000291,-4.0,-0.03141427942392006
-0.2725329712559179,0.5618498794466951,1.0,0,,5.000000000000143e-05,0.0,-5450.659425118202
-0.38900679696001805,0.46609487430988494,1.0,0,,0.0030000000000001137,-0.0009999999999994458,-129.6689323200011
-0.5348944825760059,0.5462107907015231,1.0,0,,0.2699999999999818,0.0,-1.9810906762075629
-0.5564113353999608,0.5331413441573749,1.0,0,,0.03300000000000125,-0.007000000000005002,-16.86094955757393
-0.4007254903199474,0.5309232207529115,1.0,0,,0.0799999999999983,-0.020000000000010232,-5.00906862899945
-0.47820312798400605,0.48344147557889705,1.0,0,,0.005000000000000782,0.0,-95.64062559678626
-0.2893949492591501,0.4014442329069867,1.0,0,,0.0006000000000000449,-0.00029999999999996696,-482.3249154318807
-0.27963668912001116,0.35856349832811557,1.0,0,,0.00019999999999997797,0.0,-1398.1834456002098
-0.3899444958079966,0.4634256380293075,1.0,0,,0.8599999999999,-0.049999999999954525,-0.45342383233493255
-0.3790338543203864,0.5172683979870669,1.0,0,,4.999999999999796e-06,0.0,-75806.77086408036
-0.38553930492804284,0.5613405917729186,1.0,0,,0.00029999999999996696,0.0,-1285.131016426951
-0.4765538367199708,0.3994713449155052,1.0,0,,0.0,-0.000500000000000167,
-0.3521694192631951,0.35345360653504665,1.0,0,,0.023999999999997357,0.0,-14.673725802634745
-0.5156776782080541,0.4508614041746304,1.0,0,,0.0004999999999999449,0.0,-1031.3553564162219
-0.5399649124799202,0.47286057830349804,1.0,0,,0.001000000000000334,0.0,-539.9649124797398
-0.6539776798720269,0.48979691078902227,1.0,0,,0.0,-3.0000000000002247e-05,
-0.2958404158079775,0.300916869018074,1.0,0,,0.060000000000002274,-0.0999999999999659,-4.930673596799438
-0.5071553166719298,0.4362383572719261,1.0,0,,0.13999999999998636,-0.08000000000004093,-3.622537976228423
-0.8654354261280365,0.5851920637652079,,0,,0.0,0.0,
-0.5103080191999417,0.4332287752177975,1.0,0,,0.00999999999999801,0.0,-51.03080192000433
-0.6474895119159148,0.4832463562258264,1.0,0,,0.00017999999999998573,-1.0000000000010001e-05,-3597.1639550887007
-0.4555318993981248,0.30362739208451517,1.0,0,,1.0000000000000751e-09,-3.999999999999877e-09,-455531899.39809054
-0.2363801322607783,0.35345360653504665,1.0,0,,0.020999999999997243,0.0,-11.256196774324254
-0.5157538435840353,0.4508614041746304,1.0,0,,0.00039999999999995595,0.0,-1289.3846089602303
-0.6364573521999612,0.5331413441573749,1.0,0,,0.030000000000001137,0.0,-21.21524507333124
-0.35272597103999437,0.4636856245537736,1.0,0,,0.005000000000000782,-0.0030000000000001137,-70.54519420798785
-0.8948319815199999,0.5192933868286123,1.0,0,,0.0,-0.07000000000000739,
-0.5611813292638832,0.4788815499303668,1.0,0,,0.0009999999999994458,-0.0039999999999995595,-561.1813292641942
-0.5097882777448057,0.4024487502840379,1.0,0,,0.0,-0.0009000000000000119,
-0.43153030735998427,0.35856349832811557,1.0,0,,9.999999999998899e-05,-9.999999999998899e-05,-4315.3030736003175
-0.4189120325119948,0.4634256380293075,1.0,0,,0.7799999999999727,-0.0500000000001819,-0.53706670834873
-0.2647247919359761,0.4362383572719261,1.0,0,,0.13999999999998636,0.0,-1.890891370971442
-0.23473222545919098,0.30362739208451517,1.0,0,,1.499999999999901e-09,0.0,-156488150.30613765
-0.4430752689967883,0.5294088745706544,1.0,0,,0.0,-40.90000000000873,
-0.46922223923197126,0.38708230384177456,,0,,0.0,0.0,
-0.20391445199995717,0.47287565172048907,1.0,0,,0.002000000000000224,-0.0019999999999997797,-101.95722599996718
-0.17621268312479876,0.32062090339089044,1.0,0,,0.00012000000000000899,0.0,-1468.4390260398798
4.475436690858413,0.5618498794466951,1.0,0,,0.0003799999999999984,0.0,11777.464975943243
-0.19896810536048937,0.5172683979870669,1.0,0,,7.999999999999327e-06,-1.0000000000001327e-06,-24871.013170063263
-0.2300279519999221,0.4332287752177975,1.0,0,,0.05000000000000426,0.0,-4.60055903999805
-0.3816786800000024,0.4849716141101713,1.0,0,,0.21000000000000796,0.0,-1.8175175238094663
-0.6472571735167932,0.4835132209015174,1.0,0,,0.00021999999999999797,0.0,-2942.0780614399964
-0.7041250994399525,0.5267341675258977,1.0,0,,0.13000000000000966,0.0,-5.416346918768463
-0.6520249220400194,0.486867194827777,1.0,0,,0.006000000000000227,0.0,-108.67082033999911
-0.28738917076799675,0.300916869018074,1.0,0,,0.07999999999998408,0.0,-3.592364634600674
-0.46702541082398696,0.4093957321709652,1.0,0,,0.0009000000000000119,0.0,-518.9171231377564
-0.7304212295063858,0.5737539453710047,1.0,0,,5.000000000000143e-05,-5.9999999999997555e-05,-14608.424590127297
-0.5872180790798844,0.5337065495289715,1.0,0,,18.29999999998836,-6.900000000008731,-0.03208841962187202
-0.7943066090400491,0.5851920637652079,1.0,0,,3.999999999998449e-05,0.0,-19857.66522600893
-0.16194827135200768,0.5613405917729186,1.0,0,,0.0008000000000000229,0.0,-202.4353391900038
-0.22898332339519242,0.48429173023300737,1.0,0,,0.00010999999999999899,0.0,-2081.6665763199503
-0.1576769335200039,0.47417073061609416,1.0,0,,0.019000000000000128,0.0,-8.29878597473699
-0.37525204006396234,0.47275592252984855,1.0,0,,6.849999999999909,-0.5299999999999727,-0.054781319717367494
-0.6419653119999823,0.474917098981381,1.0,0,,0.008999999999999897,-0.0009999999999998899,-71.32947911110996
-0.6223911162868074,0.5233540996483907,1.0,0,,2.2000000000000318e-05,0.0,-28290.505285763564
-0.8219857447999497,0.5404831545014903,1.0,0,,0.2890000000000015,0.0,-2.8442413314877006
-0.35842949911996,0.3650249059335017,1.0,0,,0.0009000000000000119,0.0,-398.2549990221725
-0.6037969589280164,0.4576279084479091,1.0,0,,0.0030999999999998806,-9.999999999998899e-05,-194.77321255743215
-0.6210871519999575,0.4310432153505529,1.0,0,,0.10999999999999943,0.0,-5.646246836363279
-0.6123177341999361,0.44073269459817394,1.0,0,,1.3400000000000318,0.0,-0.45695353298501606
-0.959403719807931,0.575047073341798,1.0,0,,0.0005999999999999894,0.0,-1599.0061996799132
-0.6387360010239379,0.47275592252984855,1.0,0,,0.0,-2.4600000000000364,
-0.6506563254399329,0.47417073061609416,,0,,,,
-1.0481098858207634,0.5337065495289715,1.0,0,,0.0,-81.80000000000291,
-0.8759480280095825,0.5958960002284333,1.0,0,,0.0,-9.999999999998899e-05,
-2.0888816008368227,0.4849716141101713,1.0,0,,0.030000000000001137,-0.4200000000000159,-69.62938669455812
-0.5244210553440184,0.4576279084479091,1.0,0,,0.0006999999999999229,-0.0005999999999999339,-749.172936205823
-0.26133054107756953,0.4849716141101713,1.0,0,,0.19000000000002615,0.0,-1.3754239004080715
-0.5050104751439941,0.575047073341798,1.0,0,,0.00019999999999997797,0.0,-2525.0523757202486
-0.34331360691197754,0.47275592252984855,1.0,0,,0.7599999999999909,0.0,-0.45172843014734426
-0.6309279406463868,0.5337065495289715,1.0,0,,18.5,-0.10000000000582077,-0.0341042130079128
-0.5925375425999965,0.5404831545014903,1.0,0,,0.0,-0.10999999999999943,
-1.0072662903199405,0.5267341675258977,1.0,0,,0.0,-0.14000000000000057,
-0.9960765839599814,0.486867194827777,1.0,0,,0.0,-0.010999999999999233,
-0.42033204427435,0.4093957321709652,1.0,0,,0.0,-0.0013000000000000789,
-0.642305335999987,0.474917098981381,1.0,0,,0.0,-0.005999999999999783,
-0.6494922532759693,0.48429173023300737,1.0,0,,0.0,-0.00014999999999998348,
-0.8062894251879742,0.5233540996483907,1.0,0,,0.0,-7.000000000000062e-06,
-0.3608572704799898,0.36665523488091056,1.0,0,,0.03500000000000014,0.0,-10.310207727999666
-0.05064497481595098,0.3650249059335017,1.0,0,,0.00019999999999997797,-0.00030000000000002247,-253.2248740797828
-0.5092607452799525,0.4310432153505529,1.0,0,,0.0,-0.04000000000000625,
-0.2961463313600019,0.3215139357375396,1.0,0,,0.08999999999997499,0.0,-3.2905147928898244
-0.46772523839995583,0.44073269459817394,1.0,0,,0.06000000000005912,-0.34999999999990905,-7.795420639991583
-0.38740669703998026,0.4576279084479091,1.0,0,,0.00039999999999995595,-0.00039999999999995595,-968.5167426000573
-0.6979997951999874,0.5424435550955876,1.0,0,,0.06100000000000705,-0.015999999999991132,-11.442619593441094
-0.4910287944096051,0.4195799690948433,1.0,0,,0.00039999999999995595,0.0,-1227.571986024148
-1.3756955326863218,0.5737539453710047,1.0,0,,0.0,-7.000000000000062e-05,
-0.6419653119999823,0.47582520294981423,1.0,0,,0.002000000000000224,0.0,-320.9826559999552
-0.6873375807223141,0.52668357652551,1.0,0,,3.000000000000398e-06,0.0,-229112.52690740762
-0.48691912851194513,0.49811402564677276,1.0,0,,0.0030000000000001137,-0.002000000000000668,-162.30637617064224
-0.5338655699519913,0.5519711388245356,1.0,0,,0.2699999999999818,0.0,-1.9772798887112122
-1.003073973686335,0.5958960002284333,1.0,0,,0.0,-7.00000000000145e-05,
-0.2561979514420772,0.324790299154385,1.0,0,,2.299999999999961e-09,-4.999999999998258e-10,-111390413.67047022
-0.27455172416000395,0.5645703065793339,1.0,0,,0.00019999999999997797,-0.00019999999999997797,-1372.758620800171
-0.5511978082399773,0.543577126779461,1.0,0,,0.060000000000002274,0.0,-9.186630137332607
-0.3533731942399203,0.45020617913425665,1.0,0,,0.020000000000003126,-0.00999999999999801,-17.668659711993254
-0.5624186937599982,0.47417073061609416,1.0,0,,0.0009999999999994458,-0.004999999999999005,-562.4186937603099
-0.6633820839095349,0.5352459307980766,1.0,0,,114.90000000000873,0.0,-0.0057735603473410314
-0.6275801131999077,0.48305902923847294,1.0,0,,3.269999999999982,0.0,-0.19192052391434594
-0.3444600934719939,0.3215139357375396,1.0,0,,0.160000000000025,0.0,-2.1528755841996254
-0.5058027207199722,0.4676597040528773,1.0,0,,0.00039999999999995595,-0.001000000000000112,-1264.5068018000698
-0.2202428014367833,0.4835132209015174,1.0,0,,0.00015000000000001124,-0.00014000000000000123,-1468.2853429117786
-0.5761868769279794,0.4886414109084688,1.0,0,,3.0000000000002247e-05,0.0,-19206.22923093121
-0.4750307243999755,0.5424435550955876,1.0,0,,0.042999999999992156,-0.02400000000000091,-11.047226148838655
-0.3713546991358994,0.48701811878219126,1.0,0,,0.00020000000000003348,0.0,-1856.7734956791862
-0.15336760370915706,0.324790299154385,1.0,0,,2.2000000000001653e-09,-1.899999999999931e-09,-69712547.14052069
-0.386473337599953,0.5645703065793339,1.0,0,,0.00029999999999996696,0.0,-1288.2444586666518
-0.627403035600002,0.543577126779461,1.0,0,,0.04999999999999716,0.0,-12.548060712000753
-0.6611229442080198,0.49811402564677276,1.0,0,,0.0030000000000001137,0.0,-220.37431473599824
-0.5079003867711605,0.4948157336255747,1.0,0,,0.11000000000001364,0.0,-4.617276243373613
-0.2800419105599771,0.47158711354916394,1.0,0,,0.004000000000001336,-0.004999999999999005,-70.0104776399709
-0.2973712342846979,0.4195799690948433,1.0,0,,0.0009000000000000119,-0.00019999999999997797,-330.4124825385489
-0.34183525199990317,0.47582520294981423,1.0,0,,0.0030000000000001137,0.0,-113.9450839999634
-0.6832038409494834,0.52668357652551,1.0,0,,4.700000000000017e-05,0.0,-14536.251935095339
-0.5271528081599725,0.45020617913425665,1.0,0,,0.030000000000001137,0.0,-17.571760271998414
-0.4216883999999429,0.5519711388245356,1.0,0,,0.5399999999999636,0.0,-0.7809044444443913
-0.7185548570903119,0.5352459307980766,1.0,0,,58.89999999999418,-5.7000000000116415,-0.012199573125473394
-0.5590666654398853,0.48305902923847294,1.0,0,,2.400000000000091,-0.009999999999990905,-0.2329444439332767
-0.8661256579663883,0.5869383073582246,1.0,0,,2.9999999999995308e-05,0.0,-28870.855265550792
-0.3133674675999639,0.3215139357375396,1.0,0,,0.3199999999999932,0.0,-0.9792733362499081
-0.48250599587994525,0.4676597040528773,1.0,0,,0.000600000000000156,0.0,-804.1766597996997
-0.1505758150400002,0.36665523488091056,1.0,0,,0.03200000000000003,-0.0259999999999998,-4.705494220000002
-0.19167221555199282,0.4886414109084688,1.0,0,,0.00017999999999998573,0.0,-1064.8456419556
-0.6570751625023984,0.4948157336255747,1.0,0,,0.39999999999997726,0.0,-1.6426879062560893
-0.19672920839998786,0.324790299154385,1.0,0,,4.500000000000126e-09,-5.000000000002493e-10,-43717601.86666274
-0.998414752339131,0.6187298205567286,1.0,0,,0.0,-7.999999999999674e-05,
-0.37906280000001447,0.4800576051632624,1.0,0,,0.0005000000000000004,0.0,-758.1256000000283
-0.8472598696239149,0.5846782232704217,1.0,0,,1.0000000000010001e-05,0.0,-84725.98696230675
-0.7472302834878954,0.5462041932247357,1.0,0,,0.21300000000000807,0.0,-3.508123396656653
-0.7256710602239759,0.5690232422710773,1.0,0,,0.0005999999999999894,0.0,-1209.4517670399812
-0.6493846356799744,0.47782873024675987,1.0,0,,0.0129999999999999,0.0,-49.952664283075336
-0.7021223580799558,0.5365549865272075,1.0,0,,0.18000000000000682,0.0,-3.900679767110718
-0.38295799999999375,0.48694807838602766,1.0,0,,0.009000000000000341,0.0,-42.55088888888658
-0.4013537020000056,0.5262141375692848,1.0,0,,5.500000000000036e-05,0.0,-7297.34003636369
-0.49300276973918644,0.42278850420835523,1.0,0,,0.0015000000000000568,0.0,-328.6685131594452
-0.653937557039925,0.48094060950223594,1.0,0,,0.008999999999999897,0.0,-72.65972855999249
-0.631535661820755,0.49302561593437677,1.0,0,,0.00010999999999999899,-0.00012999999999999123,-5741.233289279644
-0.2656807999999823,0.36936332084235646,1.0,0,,0.1180000000000021,0.0,-2.2515322033896403
-0.716527814863889,0.5476251531733385,1.0,0,,0.31999999999993634,-0.020000000000095497,-2.2391494214500987
-0.7100765305414991,0.5422884294004007,1.0,0,,78.19999999999709,-9.900000000008731,-0.009080262538894188
-0.6243859581599686,0.48885175123233915,1.0,0,,2.550000000000182,-0.12999999999988177,-0.24485723849408786
-0.3504311145680028,0.3301628453098511,1.0,0,,0.3100000000000023,0.0,-1.1304229502193557
-0.5279654655199737,0.46741202589659386,1.0,0,,0.0004999999999999449,0.0,-1055.9309310400638
-0.21758795895998448,0.49817846795468995,1.0,0,,0.14999999999997726,-0.030000000000001137,-1.450586393066783
-0.6918485397359275,0.4165479807537764,1.0,0,,0.000300000000000189,-0.0018999999999995687,-2306.1617991183057
-0.6563213972992343,0.493939131727155,1.0,0,,0.00030999999999997696,0.0,-2117.165797739623
-0.3203540536311711,0.30087026330930244,,0,,0.0,0.0,
-0.35258433855995086,0.4504019238854664,1.0,0,,0.030000000000001137,-0.00999999999999801,-11.75281128533125
-0.2861606971391125,0.31342217575129694,1.0,0,,1.899999999999931e-09,-2.0000000000001503e-10,-150610893.2311173
-0.6491602198399908,0.47782873024675987,1.0,0,,0.0039999999999995595,-0.0030000000000001137,-162.2900549600156
-0.9674109957343935,0.5708010356628901,1.0,0,,0.0,-0.00018000000000001348,
-0.38465279999997354,0.48694807838602766,1.0,0,,0.006999999999999673,-0.0030000000000001137,-54.95039999999879
-0.40378901199998096,0.5262141375692848,1.0,0,,1.1999999999999858e-05,-1.700000000000052e-05,-33649.084333332146
-0.38464199999996246,0.48094060950223594,1.0,0,,0.0019999999999997797,0.0,-192.3210000000024
-0.2929439999999873,0.42249054270457576,1.0,0,,0.0021999999999997577,-0.0036000000000000476,-133.15636363637253
-1.2001652957711237,0.4934876448315564,1.0,0,,3.0000000000002247e-05,-0.00017999999999998573,-40005.509859034464
-0.7171289772959477,0.5476251531733385,1.0,0,,0.17999999999994998,-0.2899999999999636,-3.9840498738674834
-0.5271528081599725,0.4504019238854664,1.0,0,,0.0,-0.07000000000000028,
-0.04915296547201797,0.5690232422710773,1.0,0,,0.0007000000000000339,-0.00029999999999996696,-70.21852210287942
-0.43602985447996445,0.46741202589659386,1.0,0,,0.00039999999999995595,-0.00039999999999995595,-1090.0746362000311
-0.6969588896255836,0.5368354094351933,,0,,0.0,0.0,
-0.661324578439932,0.49817846795468995,1.0,0,,0.09000000000000341,-0.12999999999999545,-7.348050871554522
-0.3276071518184304,0.31342217575129694,1.0,0,,2.299999999999961e-09,-1.2000000000000902e-09,-142437892.09497216
-0.19109110166399185,0.3301628453098511,1.0,0,,0.2699999999999818,-0.17000000000001592,-0.7077448209777952
-0.23028067560961984,0.493939131727155,1.0,0,,0.00026999999999999247,0.0,-852.8913911467639
-0.1435939184783152,0.5422884294004007,1.0,0,,29.5,-67.80000000000291,-0.004867590456892041
-0.16978770943996027,0.48885175123233915,1.0,0,,0.6600000000000819,-1.9700000000000273,-0.2572541052120291
-0.6566036512215432,0.4934876448315564,1.0,0,,0.00015999999999999348,0.0,-4103.772820134812
-0.6490106092799497,0.47782873024675987,1.0,0,,0.009999999999999787,0.0,-64.90106092799635
-0.664148953520006,0.5365549865272075,1.0,0,,0.01999999999999602,-0.10000000000000853,-33.20744767600691
-0.7793994291599925,0.48694807838602766,1.0,0,,0.0129999999999999,0.0,-59.95380224307681
-0.7473076543427289,0.5262141375692848,1.0,0,,2.1000000000000185e-05,-7.000000000000062e-06,-35586.07877822487
0.11574188458802342,0.36936332084235646,1.0,0,,0.09100000000000108,-0.05000000000000071,1.2718888416266159
-0.3640024726463547,0.42278850420835523,1.0,0,,0.0,-0.0012999999999999678,
-0.44950381665598027,0.4800576051632624,1.0,0,,0.0,-0.00029999999999996696,
-0.7171058556639752,0.5476251531733385,1.0,0,,0.4399999999999409,0.0,-1.6297860356001626
-0.18843025999998556,0.30087026330930244,,0,,0.0,0.0,
-1.2365987664159268,0.5462041932247357,1.0,0,,0.03300000000000125,-0.117999999999995,-37.4726898913903
-0.8915111587839984,0.46445913222940904,1.0,0,,0.0,-0.0005000000000000004,
-0.2668630357439858,0.42249054270457576,1.0,0,,0.0005999999999999339,-0.001100000000000101,-444.7717262400253
-0.5374473062927191,0.5818912327212493,1.0,0,,0.0,-100.79999999998836,
-0.42857999999994356,0.5708010356628901,,0,,0.0,0.0,
-1.1644476794399425,0.48094060950223594,1.0,0,,0.0009999999999998899,-0.004999999999999893,-1164.4476794400707
-0.8753036777599923,0.4504019238854664,1.0,0,,0.0,-0.10000000000000142,
-1.232129540487956,0.521038735365327,1.0,0,,0.0,-5.779999999999973,
-1.0201722912000382,0.5678055384120214,1.0,0,,0.0,-0.18999999999999773,
-0.9822728177063789,0.4695656900820304,1.0,0,,0.0,-0.0002799999999999886,
-0.45493554489517685,0.39768199686638883,1.0,0,,0.08100000000000307,0.0,-5.616488208582218
-0.365659089407958,0.36366357224059637,1.0,0,,0.0,-0.3299999999999841,
-0.7590891454343669,0.5177734649289625,1.0,0,,0.09999999999999432,-0.47999999999998977,-7.5908914543441
-2.9312062829950856,0.6141794093632277,1.0,0,,0.0,-0.0001799999999999996,
-0.5110528751328112,0.4454984859906156,1.0,0,,6.0000000000004494e-05,0.0,-8517.547918879549
-0.6189591673999464,0.578449518999887,1.0,0,,0.25,-0.15999999999996817,-2.4758366695997855
-0.3682836335999762,0.52275499024459,1.0,0,,0.0030000000000001137,-0.007999999999999119,-122.76121119998741
-1.262588429805987,0.5895830937829538,1.0,0,,0.0,-1.700000000000052e-05,
-0.27665639999999553,0.39380134140295625,1.0,0,,0.0,-0.0007999999999999952,
-0.49489922457600133,0.5033839331946484,1.0,0,,9.999999999996123e-06,-0.00016000000000000736,-49489.92245761932
-0.389890790015997,0.5669271702618355,1.0,0,,0.003999999999990678,-0.15500000000000114,-97.47269750422642
-0.6669366745599721,0.5032086546635837,1.0,0,,0.006000000000000227,0.0,-111.1561124266578
-0.654886223999998,0.4841771878915899,1.0,0,,0.07000000000000028,0.0,-9.355517485714218
-0.7009789608799972,0.42022702185540783,1.0,0,,0.00010000000000010001,-0.0006999999999999229,-7009.789608792962
-0.5254390871999781,0.46445913222940904,1.0,0,,0.00029999999999996696,0.0,-1751.46362400012
-0.3773249675999875,0.5870325720972502,1.0,0,,0.0,-0.0016999999999999793,
-0.5290979834567788,0.4695656900820304,1.0,0,,7.999999999999674e-05,0.0,-6613.7247932100045
-0.7401642431999114,0.5678055384120214,1.0,0,,0.04999999999999716,-0.04000000000000625,-14.80328486399907
-0.8688047070622683,0.5818912327212493,1.0,0,,68.60000000000582,-24.30000000000291,-0.012664791648136947
-0.48410561267196855,0.521038735365327,1.0,0,,0.9300000000000637,-1.3199999999999363,-0.5205436695397155
-0.44670327129677523,0.4479399426244436,1.0,0,,0.0,-0.0025000000000000577,
-0.7429460822399909,0.42328290221196196,1.0,0,,0.0,-0.0017999999999998018,
-0.4739382020999164,0.39768199686638883,1.0,0,,0.08799999999999741,0.0,-5.3856613874992085
-0.6288088172080016,0.49107750700647784,1.0,0,,9.999999999998899e-05,-0.0017000000000000348,-6288.088172080709
-0.6577832284800402,0.49254288016639625,1.0,0,,0.0,-0.0005000000000000004,
-0.32978006294958023,0.3182648957740942,1.0,0,,7.000000000000062e-05,0.0,-4711.143756422533
-0.36543059327995664,0.36366357224059637,1.0,0,,0.09000000000003183,-0.339999999999975,-4.060339925331416
-0.1428499898752123,0.35601525166222625,1.0,0,,0.0,-8.699999999999595e-09,
-0.495375755155112,0.5200363496210565,1.0,0,,0.0,-0.00029000000000001247,
-0.13059841235030445,0.4951448868159158,1.0,0,,0.00016000000000002124,-0.00030999999999997696,-816.2400771892944
-0.8910653872799138,0.5005431272837932,1.0,0,,0.0009999999999994458,-0.009000000000000341,-891.0653872804077
-1.462767669432747,0.5177734649289625,1.0,0,,0.0,-0.5200000000000102,
-0.6685279868799474,0.5032086546635837,1.0,0,,0.0,-0.006000000000000227,
-0.6576659201999604,0.4951448868159158,1.0,0,,0.00023999999999999022,-7.00000000000145e-05,-2740.2746674999466
-1.7315191540571273,0.5895830937829538,1.0,0,,2.0000000000002655e-06,-8.99999999999946e-06,-865759.5770284487
-1.2210922915839755,0.49254288016639625,1.0,0,,0.0,-0.0006000000000000449,
-0.4057046497200007,0.35601525166222625,1.0,0,,0.0,-5.599999999999997e-09,
-1.0036255014480129,0.5870325720972502,1.0,0,,0.0,-0.0005000000000000004,
-0.9116915190431489,0.5033839331946484,1.0,0,,0.0,-5.9999999999990616e-05,
-0.3653326663679638,0.36366357224059637,1.0,0,,0.21999999999997044,-0.07000000000005002,-1.6606030289455131
-0.44856340130156747,0.5233267562346243,1.0,0,,0.20000000000001705,0.0,-2.242817006507646
-0.5338959808159804,0.42022702185540783,1.0,0,,9.999999999998899e-05,0.0,-5338.959808160393
-0.9110724729279207,0.52275499024459,1.0,0,,0.0,-0.009999999999999787,
-0.790427843295977,0.5669271702618355,1.0,0,,0.0,-0.10599999999999454,
-0.7978166846720214,0.42328290221196196,1.0,0,,0.0,-0.001100000000000101,
-0.655151442720032,0.48567787147744823,1.0,0,,0.0030000000000001137,0.0,-218.38381424000238
-0.4602979071591877,0.4636019833250952,1.0,0,,1.9999999999992246e-05,0.0,-23014.895357968308
-0.3590299458784507,0.35422889639280664,1.0,0,,1.499999999999901e-09,0.0,-239353297.2523163
-0.5746278981967372,0.4454984859906156,1.0,0,,0.0,-0.00010999999999999899,
-0.7151362238592152,0.4479399426244436,1.0,0,,9.999999999998899e-05,-0.0012999999999999678,-7151.362238592939
-0.5014477910159941,0.5697122627611768,1.0,0,,0.00030000000000002247,0.0,-1671.4926367198552
-1.6512691265615125,0.5889429148878234,1.0,0,,0.0,-7.000000000000062e-06,
-0.6718975977999517,0.49107750700647784,1.0,0,,9.999999999998899e-05,-0.0012999999999998568,-6718.975978000257
-0.7876270429999055,0.578449518999887,1.0,0,,0.0,-0.3300000000000409,
-0.3635129045231465,0.5818912327212493,1.0,0,,19.10000000000582,-28.39999999999418,-0.019032089242043755
-0.49149041099202123,0.4115783161688362,1.0,0,,0.00039999999999995595,0.0,-1228.7260274801883
-0.11142055973759099,0.39768199686638883,1.0,0,,0.03599999999999781,-0.006000000000000227,-3.0950155482666046
-0.583181432640007,0.4841771878915899,1.0,0,,0.0,-0.030000000000001137,
-0.5751480256512562,0.5200363496210565,1.0,0,,0.0,-0.00012999999999999123,
-0.4824277513199093,0.40608869050361207,1.0,0,,0.00039999999999995595,0.0,-1206.069378299906
-0.4044247798399022,0.5005431272837932,1.0,0,,0.0,-0.009000000000000341,
-0.1275629563679453,0.46445913222940904,1.0,0,,0.0,-0.00030000000000002247,
-0.2595513975224124,0.4695656900820304,1.0,0,,0.0,-9.000000000000674e-05,
-0.25585995679998386,0.5678055384120214,1.0,0,,0.0,-0.13000000000000966,
-0.3096268706959523,0.521038735365327,1.0,0,,0.35999999999989996,-1.7899999999999636,-0.8600746408223288
-0.657647558903898,0.4915309620818007,1.0,0,,0.0039999999999995595,0.0,-164.4118897259926
-0.7046402357999089,0.5409009787418686,1.0,0,,0.06699999999999307,-0.0010000000000047748,-10.517018444775848
-0.365169454847994,0.3609286107126575,1.0,0,,0.1099999999999568,0.0,-3.3197223168012493
-0.48233007803198463,0.4208925764679152,1.0,0,,0.06500000000000128,-0.013999999999999346,-7.420462738953463
-0.5095932887519878,0.44375929861470265,1.0,0,,3.0000000000002247e-05,0.0,-16986.442958398322
-0.5275472359999572,0.4494002325862191,1.0,0,,0.020000000000003126,0.0,-26.37736179999374
-0.6402872935599028,0.4751634674837265,1.0,0,,0.0001000000000000445,0.0,-6402.872935596179
-0.5119738199999463,0.5889429148878234,1.0,0,,2.999999999999531e-06,-1.2000000000000725e-05,-170657.9400000088
-0.7351798653864086,0.5785237396687732,,0,,0.0,0.0,
-1.5425069344127407,0.49755189595571736,1.0,0,,0.00010999999999999899,-0.00046000000000001595,-14022.790312843226
-0.6572786328640279,0.4915309620818007,1.0,0,,0.006000000000000227,0.0,-109.54643881066715
-0.47447254545594963,0.3977920139729869,,0,,0.0,0.0,
-0.20146187646718078,0.42083184314623967,1.0,0,,0.0008000000000000229,-0.00019999999999997797,-251.82734558396876
-0.4793417919999462,0.5551422563314161,1.0,0,,0.32999999999992724,-0.08000000000004093,-1.4525508848486421
-0.37977344732151774,0.5518445464599042,1.0,0,,47.90000000000873,-32.89999999999418,-0.007928464453474917
-0.3232927763199231,0.5428080614046853,1.0,0,,0.10000000000000853,0.0,-3.2329277631989553
-0.30878940351989714,0.49587297308221345,1.0,0,,1.0599999999999454,-1.6200000000001182,-0.2913107580376538
-0.34242305680001317,0.4805639479595465,1.0,0,,0.006000000000000227,-0.0019999999999988916,-57.0705094666667
-0.25234701287275957,0.5233267562346243,1.0,0,,0.09999999999999432,-0.12000000000000455,-2.5234701287277392
-0.12294567999886419,0.35422889639280664,1.0,0,,2.799999999999787e-09,-1.0000000000021927e-10,-43909171.428169124
-0.26702650620787594,0.4636019833250952,1.0,0,,7.000000000000062e-05,0.0,-3814.664374398194
-0.38904208790393746,0.5697122627611768,1.0,0,,0.00030000000000002247,0.0,-1296.8069596796945
-0.7777201954800211,0.47400105769769874,1.0,0,,0.00019999999999997797,-0.0008999999999999009,-3888.600977400534
-1.3529852416079475,0.5247716255028589,1.0,0,,0.0,-0.0003000000000000086,
-0.39766493330391534,0.4115783161688362,1.0,0,,0.0005999999999999339,-0.00010000000000021103,-662.7748888399319
-0.36501440390396,0.3609286107126575,1.0,0,,0.2699999999999818,-0.10000000000002274,-1.3519051996443874
-0.7340809418208245,0.5785237396687732,1.0,0,,7.999999999999674e-05,-2.0000000000006124e-05,-9176.01177276068
-0.42542380854398504,0.4935078814111296,1.0,0,,9.000000000000674e-05,-6.999999999998674e-05,-4726.931206043924
-0.4929703654519549,0.4208925764679152,1.0,0,,0.021000000000000796,-0.010999999999999233,-23.474779307235057
-0.5095932887519878,0.44375929861470265,1.0,0,,7.000000000000062e-05,0.0,-7279.9041250283335
-0.5854080359999567,0.4494002325862191,1.0,0,,0.020000000000003126,0.0,-29.27040179999326
-0.8680390206177742,0.5889429148878234,1.0,0,,5.999999999999929e-06,0.0,-144673.17010296407
-0.7284817016566816,0.3977920139729869,1.0,0,,0.0,-0.00014999999999998348,
-0.9149424140000025,0.5551422563314161,1.0,0,,0.0,-0.6100000000000136,
-0.5233990562400044,0.40608869050361207,1.0,0,,9.999999999998899e-05,-0.000200000000000089,-5233.990562400621
-0.9999523077999477,0.5409009787418686,1.0,0,,0.0010000000000047748,-0.08799999999999386,-999.952307795173
-0.6852607039295471,0.5233267562346243,1.0,0,,0.0800000000000125,-0.1699999999999875,-8.565758799117999
-0.003656752286372078,0.3818173378204511,1.0,0,,9.999999999996123e-06,-0.00015999999999999348,-365.67522863734956
-0.5057776074287834,0.43914097945295205,1.0,0,,0.019999999999999574,-0.0259999999999998,-25.28888037143971
-1.3259724579599113,0.4751634674837265,1.0,0,,0.0,-0.0005000000000000004,
-0.4843136730119859,0.49755189595571736,1.0,0,,9.999999999982245e-06,-0.0002500000000000002,-48431.36730128458
-0.7822297175805926,0.5601584005104663,1.0,0,,4.000000000000531e-06,-1.0000000000001327e-06,-195557.4293951222
-0.7176492140159482,0.5494558548104072,1.0,0,,0.12999999999999545,-0.01999999999998181,-5.520378569353641
-0.5749862382000193,0.5431036111592515,1.0,0,,0.04599999999999227,-0.017000000000010118,-12.499700830437302
-0.40767534827194557,0.4406220508564834,1.0,0,,3.0000000000002247e-05,-9.999999999996123e-06,-13589.1782757305
-0.38206398873601494,0.5518445464599042,1.0,0,,19.19999999999709,-57.5,-0.019899166080003795
-0.11269579378957997,0.5153548684042816,1.0,0,,0.1599999999999966,-0.12999999999999545,-0.7043487111848898
-0.779490467520003,0.5428080614046853,1.0,0,,0.0,-0.09999999999999432,
-0.5850212666399202,0.49587297308221345,1.0,0,,0.13999999999987267,-2.3600000000001273,-4.178723333146087
-0.3863922620799395,0.4805639479595465,1.0,0,,0.0,-0.006000000000000227,
-0.3955256305880039,0.42083184314623967,1.0,0,,0.0,-0.0009000000000000119,
-0.44515092273595613,0.47400105769769874,1.0,0,,0.0,-0.0014000000000000679,
-0.41580031763198344,0.3793579845167024,1.0,0,,0.08999999999997499,-0.18999999999999773,-4.620003529245544
-0.046592038795635976,0.35422889639280664,1.0,0,,4.999999999998258e-10,-4.300000000000111e-09,-93184077.59130442
-0.41152981511993914,0.45086550583574414,1.0,0,,0.01999999999999602,0.0,-20.57649075600105
-0.6506860775399262,0.48613815830135154,1.0,0,,0.0,-4.999999999999449e-05,
-0.7198484892480017,0.5614093204635582,1.0,0,,0.0,-0.00030000000000002247,
-0.360876867401657,0.5048377291077821,1.0,0,,0.00020999999999998797,0.0,-1718.461273341322
-0.3663155456399477,0.42008142982748475,1.0,0,,0.000300000000000078,0.0,-1221.0518187995083
-0.6753578704111565,0.5480765785419741,1.0,0,,19.5,-46.89999999999418,-0.03463373694416187
-0.4424601404959287,0.49662006197507336,1.0,0,,0.0,-0.006999999999999673,
-0.3400940449439954,0.33496990211222366,1.0,0,,6.0000000000001025e-05,0.0,-5668.234082399827
-0.6499830779199824,0.47478091423566093,1.0,0,,0.0030000000000001137,-0.0009999999999994458,-216.66102597331928
-0.4867947475567658,0.41438492718262765,1.0,0,,0.0007999999999999119,0.0,-608.4934344460243
-0.5867512479199212,0.4899986391664199,1.0,0,,0.7999999999999545,-0.4800000000000182,-0.7334390598999432
-0.5243822926079268,0.4590976572857591,1.0,0,,0.0007999999999999119,0.0,-655.4778657599807
-0.3406255473391302,0.33464443794590404,1.0,0,,3.500000000000051e-09,0.0,-97321584.95403577
-0.4635230744144192,0.38333900029409734,1.0,0,,2.999999999997449e-05,0.0,-15450.769147160445
-0.7143468515423528,0.43914097945295205,1.0,0,,0.019999999999999574,-0.0019999999999988916,-35.7173425771184
-0.6502525469400336,0.48613815830135154,1.0,0,,9.999999999998899e-05,0.0,-6502.525469401053
-0.7093987195999506,0.5431036111592515,1.0,0,,0.04899999999999238,0.0,-14.477524889797161
-0.5271528081599725,0.45086550583574414,1.0,0,,0.01999999999999602,0.0,-26.357640408003867
-0.7532456793919432,0.5823158807690949,1.0,0,,1.0000000000003062e-05,0.0,-75324.56793917126
-0.9552856310110825,0.5153548684042816,1.0,0,,0.25,0.0,-3.82114252404433
-0.4643722729055546,0.38454488552937266,,0,,0.0,0.0,
-0.6640062141759805,0.3793579845167024,1.0,0,,0.0,-0.36000000000001364,
-0.4351573488240197,0.5048377291077821,1.0,0,,0.0005899999999999794,0.0,-737.5548285153133
-0.45185800911997875,0.5310981147234308,1.0,0,,0.030000000000001137,-0.01999999999999602,-15.061933637332054
-0.4857331248000065,0.49662006197507336,1.0,0,,0.0039999999999995595,-0.002000000000000668,-121.433281200015
-0.19704398390064104,0.5601584005104663,1.0,0,,4.999999999999796e-06,-5.999999999999929e-06,-39408.796780129815
-0.3115871732159672,0.5614093204635582,1.0,0,,0.00030000000000002247,0.0,-1038.6239107198128
-0.2096925828799302,0.47478091423566093,1.0,0,,0.006999999999999673,-0.002000000000000668,-29.956083268562857
-0.3582798885599849,0.3630474568728933,1.0,0,,2.0000000000006124e-05,0.0,-17913.99442799376
-0.6016330050559859,0.5494558548104072,1.0,0,,0.2400000000000091,0.0,-2.50680418773318
-0.37272080951993186,0.4899986391664199,1.0,0,,1.0,-0.6599999999998545,-0.37272080951993186
-0.18652152199292293,0.33464443794590404,1.0,0,,1.4000000000001052e-09,-1.1000000000002944e-09,-133229658.56636351
-0.27667167079196237,0.43914097945295205,1.0,0,,0.027000000000001023,0.0,-10.24709891822044
-0.17078075575680224,0.429159783960282,1.0,0,,0.0010000000000000009,0.0,-170.78075575680208
-0.21471410495353582,0.5981784861494994,1.0,0,,5.9999999999997555e-05,0.0,-3578.5684158924096
-0.3410191339807911,0.4406220508564834,1.0,0,,3.0000000000002247e-05,-5.9999999999990616e-05,-11367.304466025518
-0.3585491875680091,0.3570653750804578,1.0,0,,0.0012999999999998568,0.0,-275.80706736003737
-0.49162778068800667,0.42008142982748475,1.0,0,,9.999999999998899e-05,0.0,-4916.277806880608
-0.4555560925192875,0.5480765785419741,1.0,0,,21.80000000000291,-27.30000000000291,-0.020897068464184713
-0.6800665828319585,0.5539093903590848,1.0,0,,0.1039999999999992,-0.012000000000000455,-6.539101757999651
-0.6658424175839767,0.39174556426600593,1.0,0,,0.30000000000001137,-0.16999999999995907,-2.219474725279838
-0.1669530154431335,0.49329396656875135,1.0,0,,0.00020000000000000573,-4.000000000001225e-05,-834.7650772156436
-0.5262653455199553,0.4580070267662221,1.0,0,,0.10000000000000142,0.0,-5.262653455199478
-0.702186962639987,0.5391390458707364,1.0,0,,0.23000000000000398,0.0,-3.052986794086847
-0.030193406639969,0.48567787147744823,1.0,0,,0.006000000000000227,0.0,-5.032234439994642
-0.4130339399999836,0.5435768955404254,1.0,0,,0.46999999999999886,0.0,-0.8787956170212439
-0.7636799020959462,0.5127702150473921,1.0,0,,0.009999999999999787,0.0,-76.36799020959624
0.2864649332571182,0.3540714600007487,1.0,0,,0.0009000000000000119,0.0,318.29437028568265
-0.23297506857501468,0.5768375932624215,1.0,0,,1.5000000000000256e-05,0.0,-15531.671238334047
-0.7267655974800233,0.5702059325848816,1.0,0,,0.0006999999999999784,0.0,-1038.2365678286367
-0.737495054800013,0.5629916129538736,1.0,0,,0.6299999999999955,0.0,-1.1706270711111402
-0.5101331108543713,0.44469777886354844,1.0,0,,3.999999999999837e-05,0.0,-12753.327771359802
-0.8057309902719121,0.5143195038792368,1.0,0,,0.0003499999999999892,-1.9999999999992246e-05,-2302.0885436341055
-0.49583013730394376,0.424348254676871,1.0,0,,0.0006999999999999229,0.0,-708.3287675771405
-0.743121483699138,0.5657589711739485,1.0,0,,40.89999999999418,-3.3000000000029104,-0.018169229430299357
-0.7458368104799356,0.49738494151037294,1.0,0,,1.7000000000000455,-0.30999999999994543,-0.43872753557642097
-0.6778072418399993,0.49019028108675156,1.0,0,,0.010000000000001563,-0.0030000000000001137,-67.78072418398934
-0.444012832659605,0.3703006449749621,1.0,0,,1.0299999999999715e-08,0.0,-43108042.00578809
-0.5032390648383388,0.4479426886583473,1.0,0,,0.0259999999999998,0.0,-19.355348647628563
-0.35758236332635196,0.3630474568728933,1.0,0,,0.00020000000000000573,-9.999999999996123e-06,-1787.9118166317087
-0.5324509123199713,0.3771088743433174,1.0,0,,0.009999999999999787,0.0,-53.245091231998266
-0.259546392127976,0.429159783960282,1.0,0,,0.0031999999999999806,0.0,-81.10824753999299
-0.273571319999976,0.3875765182186023,1.0,0,,0.0002999999999999947,0.0,-911.9043999999361
-0.4705704343920032,0.39174556426600593,1.0,0,,0.9599999999999795,0.0,-0.4901775358250138
-0.4674184759199736,0.4580070267662221,1.0,0,,0.09000000000000341,0.0,-5.193538621332843
-0.9471742762559183,0.5539093903590848,1.0,0,,0.3059999999999974,-0.01300000000000523,-3.095340772078191
-0.5781095831120129,0.49329396656875135,1.0,0,,0.00041000000000002146,0.0,-1410.02337344386
-0.37315696017597655,0.3570653750804578,1.0,0,,0.0028999999999999027,0.0,-128.67481385378935
-0.7005072440799305,0.5391390458707364,1.0,0,,0.18999999999999773,0.0,-3.686880231999678
-1.257351227801545,0.5435768955404254,1.0,0,,0.5,-0.25,-2.51470245560309
-0.6986947788799918,0.5127702150473921,1.0,0,,0.011000000000001009,0.0,-63.51770717090252
-0.7333708186979426,0.5768375932624215,1.0,0,,1.000000000000046e-05,-4.999999999999796e-06,-73337.08186979088
-1.0285009198078785,0.5702059325848816,1.0,0,,0.0005999999999999894,-0.0001000000000000445,-1714.1681996798277
-1.0398055701598699,0.5629916129538736,1.0,0,,0.4900000000000091,-0.2599999999999909,-2.122052183999695
-0.7205364464399318,0.44469777886354844,1.0,0,,0.0001300000000000051,-1.9999999999992246e-05,-5542.588049537719
-0.7000160746079156,0.424348254676871,1.0,0,,0.00029999999999996696,-0.0008000000000000229,-2333.386915359976
-1.1536345384446824,0.5657589711739485,1.0,0,,118.30000000000291,0.0,-0.00975177124636225
-0.7307755331999335,0.49738494151037294,1.0,0,,2.3299999999999272,-2.410000000000082,-0.31363756789697694
-0.7232276087199352,0.49019028108675156,1.0,0,,0.0030000000000001137,-0.0129999999999999,-241.07586957330258
-0.35879441287679625,0.3630474568728933,1.0,0,,0.0,-0.00010000000000000286,
-0.4607461209599994,0.3771088743433174,1.0,0,,0.0,-0.005999999999999783,
-1.0313503992479984,0.5539093903590848,1.0,0,,0.003999999999990678,-0.15000000000000568,-257.8375998126005
-1.3367846289503682,0.3832315217943526,1.0,0,,0.0,-0.0006600000000000078,
-0.7033785457606601,0.5143195038792368,1.0,0,,0.0,-0.0003499999999999892,
-0.7008302668799788,0.5391390458707364,1.0,0,,0.0799999999999983,-0.010000000000005116,-8.760378335999922
-0.7033188345311352,0.5435768955404254,1.0,0,,0.3900000000000148,0.0,-1.8033816270028424
-0.7327085539531788,0.5768375932624215,1.0,0,,8.000000000000194e-06,0.0,-91588.56924414512
-0.6767293657599454,0.5127702150473921,1.0,0,,0.008000000000000895,0.0,-84.59117071998371
-0.7276030765919496,0.5702059325848816,1.0,0,,0.00019999999999997797,0.0,-3638.0153829601486
-0.7296073909599585,0.5629916129538736,1.0,0,,0.40999999999996817,-0.05999999999994543,-1.7795302218536955
-0.5101741177488193,0.44469777886354844,1.0,0,,5.000000000000837e-05,-9.999999999996123e-06,-10203.482354974678
-0.35323726463519745,0.3553602551164555,1.0,0,,2.0000000000002655e-05,0.0,-17661.86323175753
-0.5091917204079321,0.44429776260137543,1.0,0,,0.0013999999999999568,0.0,-363.70837171996277
-0.35120384111998365,0.4580070267662221,1.0,0,,0.020000000000003126,-0.03999999999999915,-17.56019205599644
-0.25627862894398956,0.3570653750804578,1.0,0,,0.0006999999999999229,-0.0006999999999999229,-366.11232706288257
-0.84770975009763,0.5876463277649946,1.0,0,,74.30000000000291,-27.59999999999127,-0.011409283312215301
-0.5840266836479322,0.35721824669630264,1.0,0,,0.0005999999999999894,0.0,-973.3778060799042
-1.040049527492768,0.4479426886583473,1.0,0,,0.0,-0.08000000000000185,
-0.6646843228960035,0.5269872739324142,1.0,0,,1.099999999999909,-1.4500000000000455,-0.6042584753600532
-0.6765559535199823,0.5067604401593234,1.0,0,,0.006999999999999673,0.0,-96.65085050285913
-0.11292517019837367,0.5258716102623816,1.0,0,,0.0002799999999999747,-0.00010000000000001674,-403.3041792799424
-0.6648149247999433,0.5015169255506584,1.0,0,,0.0030000000000001137,0.0,-221.60497493330604
-0.21506012202170052,0.3703006449749621,1.0,0,,0.0,-9.100000000000048e-09,
-0.757339195463967,0.5787001123081124,1.0,0,,0.05299999999999727,-0.016999999999995907,-14.289418782339736
-0.30127743483596126,0.429159783960282,1.0,0,,0.0,-0.0013999999999999568,
-0.2040094519840108,0.39174556426600593,1.0,0,,0.0,-0.6200000000000045,
-0.42448135739510967,0.49329396656875135,1.0,0,,0.0,-0.00016000000000002124,
-0.12785845572000798,0.47123264722262176,1.0,0,,0.00019999999999997797,-9.999999999998899e-05,-639.2922786001103
-0.6024187365119844,0.4949667465383583,1.0,0,,0.0004999999999999449,-0.0005999999999999339,-1204.8374730241014
3.0865913794080533,0.5720627808813719,1.0,0,,0.8100000000000023,-0.18999999999999773,3.8106066412444997
-0.6212892440927851,0.49903416073395623,1.0,0,,5.9999999999990616e-05,0.0,-10354.82073488137
-0.4359771820799285,0.48393790038584106,1.0,0,,0.020000000000003126,-0.03999999999999915,-21.798859103993017
-0.44043194879984826,0.5598225158390473,1.0,0,,0.0800000000000125,-0.04999999999999716,-5.505399359997242
-0.3275147420158722,0.5353023880815779,1.0,0,,0.0070000000000014495,-0.0019999999999988916,-46.78782028797206
-0.8953893699198973,0.5790812693508351,1.0,0,,0.35000000000002274,0.0,-2.5582553426281116
-0.43647856227355186,0.4732781587539623,1.0,0,,5.9999999999990616e-05,-6.0000000000004494e-05,-7274.642704560335
-0.20260396990398882,0.44429776260137543,1.0,0,,0.0006000000000000449,-0.0007999999999999119,-337.6732831732894
-0.8884097768520043,0.5876463277649946,1.0,0,,91.20000000001164,-38.89999999999418,-0.009741335272498803
-0.2870350429159005,0.5981784861494994,1.0,0,,0.00023999999999999716,-3.999999999999837e-05,-1195.9793454829328
-1.7359536628895804,0.46390650306658643,1.0,0,,0.011000000000002785,-0.08699999999999974,-157.81396935355826
-0.5363158497279918,0.4090829459970055,1.0,0,,0.8700000000000045,0.0,-0.6164549996873437
-0.8762116368675061,0.5958439585990014,1.0,0,,1.1999999999999858e-05,-3.9999999999996635e-06,-73017.63640562637
-0.4291335982453681,0.4206781056722143,1.0,0,,8.800000000000238e-09,-1.299999999999886e-09,-48765181.618790515
-0.40761023135988766,0.47123264722262176,1.0,0,,0.0005000000000000004,-9.999999999998899e-05,-815.2204627197746
-0.9493062051200066,0.6650983435298274,1.0,0,,4.999999999999449e-05,0.0,-18986.124102402224
-0.4535328336448394,0.46228781371359184,1.0,0,,0.0039000000000000146,0.0,-116.290470165343
-1.1212791003919738,0.5269872739324142,1.0,0,,5.539999999999964,-0.8700000000001182,-0.20239694952923848
-0.9655985021950675,0.5226885677006226,1.0,0,,0.0002999999999999947,-3.0000000000002247e-05,-3218.661673983615
-0.8708653885119032,0.5906672051015545,1.0,0,,0.0009000000000000119,0.0,-967.6282094576575
-0.8143811645599747,0.5067604401593234,1.0,0,,0.013999999999999346,0.0,-58.17008318285805
-0.664991737279992,0.5015169255506584,1.0,0,,0.006999999999999673,-0.0040000000000000036,-94.99881961143186
-0.6626676052352072,0.49903416073395623,1.0,0,,0.00012999999999999123,-3.0000000000002247e-05,-5097.443117194245
-0.5091393893119771,0.35721824669630264,1.0,0,,0.0,-0.0005999999999999894,
-0.6523156425600336,0.48393790038584106,1.0,0,,0.0,-0.07000000000000028,
-0.9466599386878852,0.4949667465383583,1.0,0,,0.000700000000000145,-0.00039999999999995595,-1352.3713409824131
-0.5541314121503378,0.5258716102623816,1.0,0,,0.00015999999999999348,-0.00021999999999999797,-3463.321325939752
-0.5154470471919909,0.46390650306658643,1.0,0,,0.03300000000000125,-0.08599999999999852,-15.619607490665798
-0.9699772070975949,0.5876463277649946,1.0,0,,0.0,-95.30000000000291,
-0.4856848412159718,0.4090829459970055,1.0,0,,0.0,-0.38999999999998636,
-0.4916968089601788,0.4206781056722143,1.0,0,,2.3999999999997568e-09,-6.000000000000451e-10,-204873670.40009525
-0.6553383809279782,0.47123264722262176,1.0,0,,0.0,-0.0005000000000000004,
-0.7083081861888203,0.4732781587539623,1.0,0,,0.0,-0.00010999999999999899,
-0.5594910421536327,0.46228781371359184,1.0,0,,0.0,-0.0016000000000000458,
-0.724581079289606,0.5656399825454997,1.0,0,,0.0,-0.0001300000000000051,
-0.5384961259199255,0.5067604401593234,1.0,0,,0.004000000000001336,-0.0039999999999995595,-134.6240314799364
-0.6866104631999936,0.5258716102623816,1.0,0,,0.00037999999999999146,0.0,-1806.869640000024
-0.47749500777595655,0.5787001123081124,1.0,0,,0.025000000000005684,-0.11699999999999022,-19.09980031103392
-0.5770119935999078,0.5598225158390473,1.0,0,,0.01999999999999602,-0.030000000000001137,-28.85059968000113
-1.1393352094407945,0.5720627808813719,1.0,0,,0.05000000000001137,-0.9399999999999977,-22.78670418881071
-2.1005928748559826,0.607818724088305,1.0,0,,0.0,-7.000000000000062e-05,
-0.7432593685438966,0.5353023880815779,1.0,0,,0.0009999999999994458,-0.008000000000000895,-743.2593685443086
-0.79806198896,0.5790812693508351,1.0,0,,0.0,-1.2300000000000182,
-0.8894388254856304,0.5924087743280675,1.0,0,,31.40000000000873,0.0,-0.02832607724475742
-1.2246221760303817,0.4403676649540931,1.0,0,,0.0,-0.10099999999999909,
-0.4672274884800627,0.44429776260137543,1.0,0,,0.0,-0.0009000000000000119,
-0.7981792944847671,0.5958439585990014,1.0,0,,1.999999999999398e-06,-8.000000000000194e-06,-399089.64724250365
-0.6430326037519558,0.5269872739324142,1.0,0,,0.0,-2.0,
-0.8457305296159701,0.5226885677006226,1.0,0,,3.0000000000002247e-05,-0.00010999999999999899,-28191.017653863557
-2.1491648812798707,0.47641019554056463,1.0,0,,0.0,-0.0007000000000000339,
-0.36205653448797925,0.41912887327276394,1.0,0,,0.20999999999997954,0.0,-1.724078735657212
-1.2802890203599,0.5906672051015545,1.0,0,,0.0,-0.0005000000000000004,
-1.2697928370767573,0.5743877592408073,1.0,0,,0.0,-0.4900000000000091,
-0.7694493871999172,0.5019951384361951,1.0,0,,0.0009999999999998899,-0.0030000000000001137,-769.4493872000019
-1.4814977174639872,0.5739472910546977,1.0,0,,0.015000000000000568,-0.12899999999999068,-98.7665144975954
-1.2236846221655886,0.4165530215086527,1.0,0,,0.0,-4.999999999999952e-09,
-0.7443837303999368,0.49822023351623834,1.0,0,,0.00999999999999801,-0.03999999999999915,-74.43837304000849
-0.9135389360240413,0.4921255559252781,1.0,0,,0.00019999999999997797,-0.0015000000000000568,-4567.69468012071
-0.9539033296000066,0.6682533563139417,,0,,0.0,0.0,
-0.951874489881539,0.4710351822688288,1.0,0,,0.0,-0.0011999999999999789,
-0.5576494152240448,0.4403676649540931,1.0,0,,0.05100000000000193,-0.0329999999999977,-10.934302259294581
-0.8701418174398984,0.5904786823006913,1.0,0,,0.00019999999999997797,0.0,-4350.709087199971
-0.8635358600783591,0.47195631943295896,1.0,0,,3.0000000000002247e-05,-0.0001300000000000051,-28784.528669276482
-1.6578882383999531,0.567178923124622,1.0,0,,0.0,-0.25,
-1.1114755698239702,0.49903416073395623,1.0,0,,2.0000000000006124e-05,-4.999999999999449e-05,-55573.778491181496
-1.2402768761200158,0.47789467502804617,1.0,0,,0.0,-0.00040000000000001146,
-4.829501367907338,0.6129567027839715,1.0,0,,0.0,-0.0002699999999999994,
-1.8922147801198852,0.5768807591940653,1.0,0,,0.13999999999998636,-0.6599999999999682,-13.515819858000498
-1.3310036083200214,0.5187144273557707,1.0,0,,0.0030000000000001137,-0.015000000000000568,-443.66786943999034
-2.0208209907765595,0.5954769832608461,1.0,0,,0.0,-2.199999999999945e-05,
-1.8087245206799045,0.5339777203330116,1.0,0,,0.0,-3.1700000000000728,
-0.8669863543679742,0.5176119100934198,1.0,0,,3.0000000000002247e-05,-0.00020000000000000573,-28899.545145596978
-4.131323517600084,0.627142406018977,,0,,0.0,0.0,
-1.2630276635999498,0.49822023351623834,,0,,0.0,0.0,
-1.8161984734560046,0.5739472910546977,1.0,0,,0.0,-0.15099999999999625,
-1.3218082804079025,0.5355169206214463,1.0,0,,0.0,-0.021000000000000796,
-0.7943814627840187,0.46158726762903246,1.0,0,,0.0,-0.0011999999999999789,
-0.5014010905199688,0.41912887327276394,1.0,0,,0.10000000000002274,-0.589999999999975,-5.014010905198548
-0.9280369544160249,0.4921255559252781,1.0,0,,0.0,-0.0021999999999999797,
-1.0358719608383726,0.5743877592408073,1.0,0,,0.12999999999999545,-0.9000000000000057,-7.968245852603145
-0.7155737075199586,0.5567893039984956,1.0,0,,0.0,-2.0000000000006124e-05,
-0.6470589702527919,0.5248589755830855,1.0,0,,0.0,-0.0003599999999999992,
-0.9783646870399986,0.5019951384361951,1.0,0,,0.0,-0.006000000000000227,
-0.9180276513198955,0.47641019554056463,1.0,0,,0.0,-0.00040000000000001146,
-0.7381138984799144,0.5768807591940653,1.0,0,,0.4499999999999318,-0.05000000000006821,-1.6402531077333917
-0.7078483622399003,0.5187144273557707,1.0,0,,0.006999999999999673,0.0,-101.12119460570477
-0.8751587661525315,0.5954769832608461,1.0,0,,8.000000000000194e-06,0.0,-109394.84576906379
-0.6978771584399437,0.5355169206214463,1.0,0,,0.006000000000000227,0.0,-116.31285973998621
-0.8533634869195892,0.4165530215086527,1.0,0,,0.0,-7.200000000000117e-09,
-0.7591403836719444,0.5339777203330116,1.0,0,,1.0599999999999454,-1.1699999999998454,-0.7161701732754561
-0.5465321852639938,0.4403676649540931,1.0,0,,0.027000000000001023,-0.015000000000000568,-20.24193278755456
-0.7063095311999653,0.4710351822688288,1.0,0,,0.00019999999999997797,-0.0017000000000000348,-3531.5476560002153
-0.8196322191999164,0.567178923124622,1.0,0,,0.0,-0.1799999999999926,
-0.870832406184028,0.590393462319611,1.0,0,,0.00020000000000003348,0.0,-4354.162030919411
-0.9598266644399905,0.47195631943295896,1.0,0,,0.0,-0.00014000000000000123,
-1.804857334603126,0.5248589755830855,1.0,0,,0.0,-0.0005899999999999794,
-1.4556781794671694,0.5924087743280675,1.0,0,,19.39999999999418,-82.70000000001164,-0.07503495770451578
-0.20568329717357578,0.5427409111133549,1.0,0,,9.999999999999593e-06,-1.9999999999999185e-05,-20568.329717358418
-0.7421655732223547,0.4973028468728275,1.0,0,,0.0,-6.999999999998674e-05,
-0.7922171937680307,0.47789467502804617,1.0,0,,0.0,-0.00030000000000002247,
-0.894635786303916,0.6129567027839715,,0,,0.0,0.0,
-0.5232707541519304,0.46158726762903246,1.0,0,,0.00019999999999997797,0.0,-2616.35377075994
-0.7653621924959721,0.42754017798248156,1.0,0,,0.029999999999972715,-0.4500000000000455,-25.512073083222276
-0.8939550023440097,0.36141356823636495,1.0,0,,0.0,-0.0007000000000000339,
-0.11507387659586035,0.40788634124332573,1.0,0,,1.5000000000003245e-09,-2.1999999999997418e-09,-76715917.73055698
-0.9200678136046636,0.5176119100934198,1.0,0,,0.0,-8.999999999997899e-05,
-0.3228930297600371,0.5169085130061418,1.0,0,,0.008999999999998565,-0.0030000000000001137,-35.87700330667651
-0.641306957531179,0.4765822409976255,1.0,0,,0.000500000000000056,-9.999999999998899e-05,-1282.6139150622143
-0.8872178227199656,0.5835782670782621,1.0,0,,0.0799999999999983,0.0,-11.090222783999806
-0.7448859244639257,0.5275628869770259,1.0,0,,1.5900000000001455,-0.25,-0.4684817134992814
-0.6461541356607352,0.48194617708794013,1.0,0,,6.0000000000004494e-05,0.0,-10769.23559434478
-2.3016093784319036,0.5902721958349816,1.0,0,,0.0,-0.4000000000000057,
-1.4290056197279735,0.5747121632153425,1.0,0,,0.0,-0.14499999999999602,
-0.988551709286341,0.54062848495289,1.0,0,,0.00015999999999999348,-1.9999999999992246e-05,-6178.448183039883
-0.8197158369599301,0.49788813722643266,1.0,0,,0.00999999999999801,-0.030000000000001137,-81.97158369600932
-0.573476141680003,0.5122764216058766,1.0,0,,0.0009999999999998899,-0.0019999999999997797,-573.4761416800662
-0.6573401772080165,0.4925840870807387,1.0,0,,0.0,-0.0009000000000001229,
-0.5166967133399432,0.4160417120757543,1.0,0,,0.03399999999999892,-0.0019999999999988916,-15.196962157057634
-0.5401605404159879,0.46391855775686935,1.0,0,,0.00040000000000006697,0.0,-1350.4013510397438
-1.5996344809199576,0.5707596191529561,1.0,0,,0.0,-0.4599999999999227,
-0.5048405590079801,0.36141356823636495,1.0,0,,0.00020000000000003348,0.0,-2524.2027950394777
-1.6130679738574687,0.5902721958349816,1.0,0,,0.0,-0.45999999999997954,
-2.880979547801144,0.5937344844913355,1.0,0,,1.999999999999398e-06,-1.1999999999999858e-05,-1440489.7739010055
-0.44458951357747306,0.6123581920982886,1.0,0,,4.000000000000531e-05,0.0,-11114.73783943535
-0.9493792726079529,0.5521744281553057,1.0,0,,0.0,-0.006000000000000227,
-0.4822797103108188,0.40788634124332573,1.0,0,,1.9000000000003545e-09,-1.7999999999997117e-09,-253831426.47933096
-1.0341445652735757,0.5026172250487656,1.0,0,,0.0,-5.000000000000837e-05,
-0.6551862160703716,0.38431318791345087,,0,,0.0,0.0,
-2.190322350719897,0.5835782670782621,1.0,0,,0.0,-0.18000000000000682,
-0.6991524524543224,0.54062848495289,1.0,0,,0.0003100000000000047,-9.999999999998899e-05,-2255.330491788103
-1.8596382534286564,0.5906569770835688,1.0,0,,12.69999999999709,-76.60000000000582,-0.14642820893142383
-0.7388993539199362,0.5707596191529561,1.0,0,,0.2299999999999045,-0.19000000000005457,-3.212605886609752
-1.1081006194966923,0.5937344844913355,1.0,0,,5.999999999999929e-06,-4.000000000000531e-06,-184683.43658278423
-0.8195924940783048,0.5902721958349816,1.0,0,,0.1699999999999875,-0.2600000000000193,-4.82113231810803
-0.6650541656863171,0.5026172250487656,1.0,0,,6.0000000000004494e-05,0.0,-11084.236094771122
-1.1101954115118984,0.5275628869770259,1.0,0,,0.0,-3.0299999999999727,
-1.0061376424320416,0.590393462319611,1.0,0,,0.0001000000000000445,0.0,-10061.376424315938
-0.3571952119999985,0.36141356823636495,1.0,0,,0.00039999999999995595,0.0,-892.9880300000946
-0.4471312159777264,0.40788634124332573,1.0,0,,2.599999999999772e-09,-2.0000000000001503e-10,-171973544.60683295
-0.8008150291753187,0.5906569770835688,1.0,0,,26.80000000000291,-7.5,-0.02988115780504596
-2.4390678133439616,0.4953636875751476,1.0,0,,0.0,-0.00025999999999999635,
-0.8199674547199467,0.49788813722643266,1.0,0,,0.0,-0.03999999999999915,
-0.8518291852800226,0.5169085130061418,1.0,0,,0.0,-0.007999999999999119,
-0.8955516608128256,0.4765822409976255,1.0,0,,0.0,-0.0011999999999999789,
-0.786048617999987,0.5122764216058766,1.0,0,,0.0,-0.004999999999999893,
-0.6330420762399513,0.48647423086005404,1.0,0,,1.290000000000191,-0.009999999999990905,-0.49073029165880433
-0.5945451068879413,0.5747121632153425,1.0,0,,0.043000000000006366,-0.09000000000000341,-13.826630392740773
-0.2858490160240307,0.4925840870807387,1.0,0,,0.0,-0.0013999999999998458,
-0.7319355801159465,0.48194617708794013,1.0,0,,0.0,-0.00010999999999999899,
-0.07026694265994993,0.4160417120757543,1.0,0,,0.027999999999998693,-0.03900000000000148,-2.5095336664269
-0.7023571446519905,0.5427409111133549,,0,,0.0,0.0,
-0.48416282768797797,0.5048985519626145,1.0,0,,9.999999999998899e-05,-2.0000000000020002e-05,-4841.628276880313
-1.0182422638079673,0.5838768610190697,1.0,0,,0.00020000000000003348,0.0,-5091.211319038985
-0.8194569167998688,0.5050634891126528,1.0,0,,0.004000000000001336,0.0,-204.86422919989877
-0.42480243359996184,0.4663673008587914,1.0,0,,0.020000000000003126,0.0,-21.240121679994772
-0.572204038623959,0.5521744281553057,1.0,0,,0.0,-0.006999999999999673,
-0.4809247797760061,0.46391855775686935,1.0,0,,0.0,-0.0006000000000000449,
-0.29670864933592805,0.42754017798248156,1.0,0,,0.34000000000003183,-0.21999999999997044,-0.8726724980467655
-0.46407658803518104,0.38431318791345087,,0,,0.0,0.0,
-0.552182357039917,0.48986123289927613,1.0,0,,0.002000000000000224,0.0,-276.0911785199276
-0.5469899350150844,0.448528941167591,1.0,0,,4.999999999999449e-05,0.0,-10939.798700302894
-0.6427946985407532,0.47801941788132496,1.0,0,,2.999999999998837e-05,0.0,-21426.489951366748
-1.3139752922000114,0.5434470945823326,1.0,0,,0.0,-0.14499999999999602,
-1.2358819724000145,0.5357545617969985,1.0,0,,0.0,-0.21000000000000796,
-1.2353813759039078,0.4769269594687669,1.0,0,,0.0001000000000000445,-0.00039999999999995595,-12353.813759033581
-0.6561663300719183,0.3848543645379393,1.0,0,,0.0,-9.000000000000674e-05,
-0.6564636314790648,0.3851404620958103,1.0,0,,2.099999999999946e-09,-3.300000000000036e-09,-312601729.2757532
-0.9277618869119533,0.4922271121748235,,0,,,,
-0.8386946159615496,0.5549154687012245,1.0,0,,0.0,-106.39999999999418,
-0.6936258383680295,0.5302050381418906,1.0,0,,0.0,-0.018000000000000682,
-2.7049191894143494,0.5221030618530793,1.0,0,,0.0,-0.0005399999999999849,
-0.834279428735921,0.3588776004888551,1.0,0,,0.00020000000000020002,-0.0016999999999998128,-4171.397143675433
-1.4379583436511336,0.5529724086675203,1.0,0,,0.03999999999999204,-0.44999999999998863,-35.94895859128549
-1.0308254854399324,0.48647423086005404,1.0,0,,0.0500000000001819,-3.709999999999809,-20.616509708723644
-0.8211643683839357,0.4026744615898227,1.0,0,,0.0,-0.4800000000000182,
-1.8355299711597688,0.5697122160043606,1.0,0,,1.0000000000001327e-06,-1.7999999999999787e-05,-1835529.9711595252
-1.399978229094395,0.4480827662951967,1.0,0,,0.000200000000000089,-0.0011999999999999789,-6999.89114546886
-0.5100319197119292,0.4436439050289289,1.0,0,,0.00019999999999997797,0.0,-2550.159598559927
-0.9945034403999589,0.5434470945823326,1.0,0,,0.060000000000002274,0.0,-16.575057339998686
-0.5652502698239376,0.339711912727998,1.0,0,,0.0,-0.00039999999999995595,
-0.7044780443519904,0.5450629535866225,,0,,0.0,0.0,
-0.46457546104723046,0.3851404620958103,1.0,0,,1.699999999999916e-09,0.0,-273279682.9689726
-0.631753723583969,0.42244069810361373,1.0,0,,0.13999999999998636,-0.5299999999999727,-4.512526597028789
-0.5309510462519501,0.4716340267345156,,0,,0.0,0.0,
-0.6634608132223917,0.500300230464022,,0,,0.0,0.0,
-0.6932365108880039,0.5302050381418906,1.0,0,,0.006000000000000227,0.0,-115.5394184813296
0.20567755273598282,0.30414620338646736,1.0,0,,0.0010000000000000009,-9.999999999998899e-05,205.67755273598263
-0.46254793075195394,0.4495601844320736,1.0,0,,0.00040000000000006697,-0.00019999999999997797,-1156.3698268796913
-0.4680499724895808,0.3894916733524244,,0,,0.0,0.0,
-0.999620772863964,0.5838768610190697,1.0,0,,0.0,-0.0005999999999999894,
-0.3116862752639586,0.448528941167591,1.0,0,,5.000000000000837e-05,-3.999999999999837e-05,-6233.725505278128
-0.45094739376000675,0.48986123289927613,1.0,0,,0.0030000000000001137,0.0,-150.31579791999656
-0.5831564481279725,0.5549154687012245,1.0,0,,27.19999999999709,0.0,-0.021439575298824814
-0.6315331105599605,0.48647423086005404,1.0,0,,0.9800000000000182,0.0,-0.6444215413877029
-1.9446575621975932,0.5221030618530793,1.0,0,,0.00010999999999999899,-0.0007800000000000029,-17678.705110887375
-0.5067472878719781,0.42244069810361373,1.0,0,,0.36000000000001364,0.0,-1.4076313551998858
-0.5903986994399267,0.5357545617969985,1.0,0,,0.0,-0.0799999999999983,
-0.20702712293910008,0.5697122160043606,1.0,0,,6.999999999999194e-06,-1.0000000000001327e-06,-29575.3032770177
-0.34189005171200687,0.33603651079209446,1.0,0,,0.00020000000000003348,0.0,-1709.4502585597481
-0.3376701498575865,0.3294004164740024,1.0,0,,3.999999999999837e-05,-1.0000000000010001e-05,-8441.753746440007
-0.48527047680000146,0.4663673008587914,1.0,0,,0.0,-0.03999999999999915,
-0.5645320091999918,0.47801941788132496,1.0,0,,0.0,-7.999999999999674e-05,
-0.5870447135999854,0.5050634891126528,1.0,0,,0.004999999999999005,-0.0030000000000001137,-117.40894272002045
-0.21840658195199014,0.3588776004888551,1.0,0,,0.0008999999999999009,-9.999999999998899e-05,-242.67397994668244
-0.34420271872318703,0.4480827662951967,1.0,0,,0.0007000000000000339,-0.00039999999999995595,-491.71816960452907
-0.7349004316159755,0.589396141094208,1.0,0,,0.00019999999999997797,0.0,-3674.5021580802822
-0.35917231589038107,0.3651054000103089,1.0,0,,2.900000000000006e-09,-5.000000000002493e-10,-123852522.7208208
-0.04896095134400963,0.32972654687514236,1.0,0,,0.00039999999999995595,-0.00030000000000002247,-122.40237836003756
-0.5328182409480309,0.5320327760811241,1.0,0,,0.00030999999999997696,-0.00010000000000001674,-1718.768519187324
-0.6563872939503039,0.4922271121748235,,0,,0.0,0.0,
-0.15970913587196098,0.4026744615898227,1.0,0,,0.4900000000000091,-0.029999999999972715,-0.32593701198358777
-0.7044780443519904,0.5450629535866225,,0,,0.0,0.0,
-0.6991632184575198,0.5562083007141974,1.0,0,,26.10000000000582,-11.799999999988358,-0.02678786277614421
-0.3605974921439755,0.36678611633891517,1.0,0,,3.0000000000002247e-05,0.0,-12019.916404798283
-0.3837251791999685,0.449509763739001,1.0,0,,0.0005999999999999339,0.0,-639.5419653333513
-0.38435950799998825,0.4240981990369278,1.0,0,,0.05999999999998806,-0.05100000000000193,-6.405991800001079
-0.351595570559974,0.40677554066865385,1.0,0,,0.06999999999999318,0.0,-5.022793865142975
-0.41101052219997253,0.5186942756750649,1.0,0,,0.0039999999999995595,-0.0009999999999994458,-102.75263055000445
-0.7324472417975229,0.47299439916212715,1.0,0,,0.0,-2.9999999999995308e-05,
-0.4487302943760245,0.37224432735443086,1.0,0,,0.8700000000001182,-0.4399999999998272,-0.5157819475585788
-0.4363419974399543,0.3767288607455136,1.0,0,,0.0019999999999997797,-0.0030000000000001137,-218.17099872000117
-0.5697851467199642,0.46312102345011075,1.0,0,,0.030000000000001137,0.0,-18.992838223998085
-0.6854010132479987,0.40272259103946,1.0,0,,0.25,0.0,-2.741604052991995
-0.33770775651197715,0.3294004164740024,1.0,0,,3.999999999999837e-05,0.0,-8442.693912799772
-1.0510347366574742,0.3943647792375603,1.0,0,,0.0,-1.9999999999999185e-05,
-0.2627432938880111,0.33603651079209446,1.0,0,,0.00019999999999997797,0.0,-1313.7164694402002
-0.7274455372799651,0.449509763739001,1.0,0,,0.000500000000000056,0.0,-1454.8910745597673
-0.4021446792839326,0.37310913758763453,1.0,0,,9.000000000000674e-05,0.0,-4468.274214265583
-0.7151870315520372,0.4240981990369278,1.0,0,,0.047000000000011255,-0.02599999999999625,-15.216745352167361
-0.5253992460959791,0.5597023972116462,1.0,0,,3.000000000000398e-06,-2.999999999999531e-06,-175133.0820319698
-0.7251045411999606,0.4953634073794838,1.0,0,,0.002000000000000668,-0.006000000000000227,-362.55227059985924
-1.2299021779198944,0.589396141094208,1.0,0,,0.0,-0.0006999999999999784,
-0.33824771462397907,0.32972654687514236,1.0,0,,9.999999999998899e-05,0.0,-3382.477146240163
-0.3610739337727996,0.36678611633891517,1.0,0,,0.0,-9.999999999998899e-05,
-0.6868449976319222,0.40272259103946,1.0,0,,0.13999999999998636,0.0,-4.906035697371351
-0.7026116526159903,0.5430794506531058,,0,,0.0,0.0,
0.3128763216984283,0.5320327760811241,1.0,0,,0.00030999999999997696,-1.0000000000010001e-05,1009.2784570917792
-1.2105429924599957,0.5529724086675203,1.0,0,,0.13999999999998636,-0.5200000000000102,-8.646735660429384
-0.5319286492543583,0.47299439916212715,1.0,0,,9.999999999996123e-06,0.0,-53192.86492545646
-0.4036917861599325,0.40677554066865385,1.0,0,,0.0,-0.05999999999998806,
-0.5914965869999189,0.5186942756750649,1.0,0,,0.0,-0.009000000000000341,
-0.750507579852767,0.5562083007141974,1.0,0,,0.0,-85.39999999999418,
-0.2627432938880111,0.33603651079209446,1.0,0,,0.00019999999999997797,0.0,-1313.7164694402002
-0.4622150246399553,0.3767288607455136,1.0,0,,0.0,-0.004999999999999893,
-0.5852108220799437,0.46312102345011075,1.0,0,,0.0,-0.04999999999999716,
-0.46379012226400007,0.37224432735443086,1.0,0,,0.0,-2.2200000000000273,
0.040318265736036446,0.3943647792375603,1.0,0,,0.0,-4.000000000000184e-05,
-0.28122076895385467,0.3651054000103089,1.0,0,,1.6000000000001202e-09,-2.099999999999946e-09,-175762980.59614596
-0.2492144685855808,0.3294004164740024,1.0,0,,4.999999999999449e-05,-2.0000000000006124e-05,-4984.289371712165
-0.20710030527998957,0.449509763739001,1.0,0,,0.00039999999999995595,-0.00029999999999996696,-517.750763200031
-0.32505310454398706,0.4240981990369278,1.0,0,,0.045000000000001705,0.0,-7.223402323199439
-0.2720994735167912,0.36678611633891517,1.0,0,,3.999999999999837e-05,0.0,-6802.486837920057
-0.26983682699999484,0.3390851675387441,1.0,0,,0.0004999999999999449,-0.0007999999999999119,-539.6736540000492
-0.44424407001598254,0.41361654549944954,1.0,0,,0.19000000000005457,-0.39999999999997726,-2.3381266842939734
-0.2235357385680098,0.37310913758763453,1.0,0,,0.00010999999999999899,-1.9999999999992246e-05,-2032.143077891017
-0.2506741005599667,0.39476711528816744,1.0,0,,0.0899999999999892,-0.020000000000010232,-2.785267783999964
-0.38594198822393205,0.39418994991751155,1.0,0,,0.006000000000000227,0.0,-64.32366470398624
-0.3905232211687991,0.4404453872888633,1.0,0,,25.60000000000582,-4.399999999994179,-0.015254813326902747
-0.4599545450879701,0.37937556709546183,1.0,0,,7.999999999999674e-05,0.0,-5749.431813599861
-0.43556984596797454,0.5597023972116462,1.0,0,,3.000000000000398e-06,-6.999999999999194e-06,-145189.94865597226
-0.011867504399946993,0.589396141094208,1.0,0,,0.0005999999999999894,0.0,-19.779173999912004
-0.17101599360549768,0.5358575621209696,1.0,0,,0.2400000000000091,-0.020000000000010232,-0.7125666400228801
-0.07922050751998039,0.35909702667644383,1.0,0,,0.004999999999999893,0.0,-15.844101503996415
-0.3630776271999781,0.35134425923156515,1.0,0,,0.0799999999999983,0.0,-4.538470339999823
-0.6792149411998958,0.4953634073794838,1.0,0,,0.0019999999999988916,-0.002000000000000668,-339.6074706001361
-0.4722491401919835,0.32427020251770056,1.0,0,,0.0005000000000000004,-0.0001000000000000445,-944.4982803839662
-0.4863268065279731,0.4087712934158996,1.0,0,,0.27000000000003865,-0.08999999999997499,-1.8012103945477906
-0.40004367638398053,0.3630017867504789,1.0,0,,3.0599999999999454,0.0,-0.13073322757646655
-0.337862535436753,0.32960627468704506,1.0,0,,7.000000000000062e-05,0.0,-4826.607649096429
-0.34194659770318675,0.3369777628063887,1.0,0,,3.999999999999877e-09,0.0,-85486649.42579931
-0.5280817537279795,0.46596510037442274,1.0,0,,0.0010999999999999899,0.0,-480.0743215708949
-0.7311958547038228,0.43257373228399837,1.0,0,,0.05100000000000193,-0.000999999999990564,-14.337173621643041
-0.6405650100959546,0.3712155950715742,1.0,0,,9.999999999998899e-05,0.0,-6405.650100960251
-0.6850452976799088,0.40997174947077264,1.0,0,,0.42999999999995,0.0,-1.5931285992557873
-0.4997491699200037,0.3548028469552604,1.0,0,,0.0008000000000001339,0.0,-624.6864623999
-0.2734640252815409,0.47580789786773325,1.0,0,,9.999999999999593e-05,0.0,-2734.6402528155204
-0.7026116526159903,0.5430794506531058,,0,,0.0,0.0,
-0.6774155107775172,0.40572981910160644,1.0,0,,2.9999999999998778e-05,0.0,-22580.517025918158
-0.7270416248928333,0.45025737509600183,1.0,0,,4.999999999999796e-06,-5.999999999999929e-06,-145408.32497857258
-0.4967216031935833,0.35267636873816166,1.0,0,,8.000000000001062e-05,0.0,-6209.020039918967
-0.6665370470399901,0.37674527871971164,1.0,0,,0.016000000000000014,0.0,-41.65856543999934
-0.6491413076399055,0.37937556709546183,1.0,0,,0.00010999999999999899,0.0,-5901.284614908286
-0.07305360403195882,0.39721346745124436,1.0,0,,0.00023000000000000798,-0.00010999999999999899,-317.6243653563317
-0.3589293344000073,0.35909702667644383,1.0,0,,0.0030000000000001137,0.0,-119.64311146666456
-0.47993128575997246,0.4087712934158996,1.0,0,,0.18000000000000682,0.0,-2.666284920888635
-0.4005414715199894,0.3630017867504789,1.0,0,,1.5700000000001637,-0.13999999999987267,-0.25512195638213225
-0.337862535436753,0.32960627468704506,1.0,0,,6.0000000000004494e-05,0.0,-5631.042257278795
-0.3424858465250936,0.3369777628063887,1.0,0,,2.499999999999976e-09,-2.099999999999946e-09,-136994338.61003876
-0.7450066532159615,0.46596510037442274,1.0,0,,0.0009000000000000119,0.0,-827.7851702399463
-0.5069186599679655,0.43257373228399837,1.0,0,,0.05900000000001171,-0.027999999999991587,-8.591841694370592
-0.4854060215359346,0.40997174947077264,1.0,0,,0.2400000000000091,0.0,-2.022525089732984
-0.3520124301823653,0.35267636873816166,1.0,0,,6.0000000000004494e-05,0.0,-5866.873836372315
-0.34751132847998134,0.34481653684742003,1.0,0,,0.00029999999999996696,-9.999999999998899e-05,-1158.3710949333988
-0.324379835784004,0.30776954557124936,1.0,0,,0.21999999999999886,-0.2599999999999909,-1.4744537990182076
-0.33459578885920477,0.3238493103513332,,0,,0.0,0.0,
-0.48106255495999484,0.39476711528816744,1.0,0,,0.0,-0.04999999999999716,
-0.5034266165760058,0.39418994991751155,1.0,0,,0.0,-0.006999999999999673,
-0.4915984315039228,0.4404453872888633,1.0,0,,6.30000000000291,-43.39999999999418,-0.07803149706407868
-0.2831336175999985,0.35134425923156515,1.0,0,,0.0,-0.03999999999999915,
-1.0024914391199855,0.5511929477218077,,0,,0.0,0.0,
-1.05700268215198,0.4770541888970572,1.0,0,,0.0,-0.00020000000000003348,
-0.19730422353598764,0.39721346745124436,1.0,0,,0.00028000000000000247,-0.00015999999999999348,-704.6579411999496
-0.9383485502744138,0.5344128466561975,1.0,0,,0.060000000000002274,-0.4399999999999977,-15.63914250457297
-0.5712532623359466,0.40483708560544096,1.0,0,,0.13999999999998636,-0.10000000000002274,-4.080380445257159
-0.4544117798616235,0.3712155950715742,,0,,0.0,0.0,
-0.5464019816639845,0.3548028469552604,1.0,0,,0.00019999999999997797,-0.0009999999999998899,-2732.009908320223
-0.9304867267800963,0.6464202877457922,,0,,0.0,0.0,
-0.8109115046399684,0.37674527871971164,1.0,0,,0.0009999999999994458,-0.011000000000001009,-810.9115046404179
-0.29699717745599236,0.3027033159084156,1.0,0,,0.0019999999999988916,-0.037000000000002586,-148.4985887280785
-0.16143258503999092,0.3323005397705283,1.0,0,,0.0010000000000000009,-9.999999999998899e-05,-161.43258503999078
-0.5543570565791592,0.30776954557124936,1.0,0,,0.21000000000000796,-0.21999999999999886,-2.6397955075197057
-0.6730544667166503,0.40089483945718063,,0,,0.0,0.0,
-0.9060014070814943,0.47673081545354334,,0,,0.0,0.0,
-0.6163878783599888,0.5329765887533437,1.0,0,,0.2599999999999909,0.0,-2.370722609076963
-1.3087964160239516,0.43626757059348753,1.0,0,,0.00039999999999995595,-0.0016000000000000458,-3271.9910400602394
-0.6518667801599709,0.3775326034241208,,0,,0.0,0.0,
-0.7437683819999794,0.372359853990079,1.0,0,,0.6000000000001364,-0.4600000000000364,-1.2396139699996838
-0.3674483637560287,0.34071977486771643,1.0,0,,9.999999999996123e-06,-2.0000000000006124e-05,-36744.83637561712
-0.4236712211765141,0.3636297115259164,1.0,0,,9.999999999979575e-11,-1.3000000000003094e-09,-4236712211.7737947
-1.0917227865599433,0.4879169960626807,1.0,0,,0.0,-0.0006000000000000449,
-0.5207291807999731,0.419663770088218,1.0,0,,0.15999999999996817,0.0,-3.2545573800004792
-0.6383399237279874,0.44000919580585895,1.0,0,,0.027000000000001023,-0.019000000000005457,-23.64221939733197
-0.8641521664000114,0.40483708560544096,1.0,0,,0.0,-0.5900000000000318,
-0.6792295161599136,0.40375009639865067,1.0,0,,0.0,-0.0799999999999983,
-0.7652913956158901,0.39828114335258546,1.0,0,,0.0,-0.0019999999999988916,
-0.8403990281951441,0.446482412238411,1.0,0,,0.0,-40.60000000000582,
-0.63271528319995,0.35871418974070135,1.0,0,,0.0,-0.01999999999999602,
-0.5003976187583832,0.3562692454144312,1.0,0,,0.0,-3.999999999999837e-05,
-0.07163352703999148,0.3323005397705283,1.0,0,,0.0005999999999999894,-0.0001000000000000445,-119.38921173332125
-0.6504389228159959,0.4084459479775884,1.0,0,,0.0,-0.00015000000000001124,
-0.35836612816704494,0.3636297115259164,1.0,0,,1.899999999999931e-09,0.0,-188613751.66687262
-0.5690001898392091,0.37959932556423626,1.0,0,,0.0,-5.999999999997674e-05,
-0.43707807811201094,0.3585405374854953,1.0,0,,9.999999999998899e-05,-0.0008000000000001339,-4370.78078112059
-0.3478918153359699,0.34481653684742003,1.0,0,,0.0,-0.00019999999999997797,
-0.5365613657599069,0.37676413338738945,1.0,0,,0.0,-0.004000000000001336,
-1.6955199854039904,0.30776954557124936,1.0,0,,0.07999999999998408,-0.6400000000000148,-21.193999817554097
-0.2346832351934067,0.4879169960626807,1.0,0,,0.0015000000000000568,-9.999999999998899e-05,-156.45549012893187
-0.3599209527479787,0.3027033159084156,1.0,0,,0.014999999999997016,-0.02300000000000324,-23.99473018320335
-0.4464206837599946,0.4676085257689532,1.0,0,,9.999999999998899e-05,0.0,-4464.206837600438
-1.0535155580879418,0.32427020251770056,1.0,0,,9.999999999998899e-05,-0.00040000000000001146,-10535.155580880579
-1.0452353202847684,0.47673081545354334,1.0,0,,0.0,-5.000000000000143e-05,
-0.46990022860798364,0.419663770088218,1.0,0,,0.2599999999999909,-0.1999999999999318,-1.807308571569231
-0.32493434692316525,0.309263974113847,1.0,0,,0.04499999999999815,0.0,-7.220763264959524
-0.18748869111355826,0.41744041942669263,1.0,0,,0.00021999999999999797,0.0,-852.2213232434544
-0.3832702724543866,0.33099490780339336,1.0,0,,0.000300000000000078,-0.0005999999999999339,-1277.5675748476233
-0.6058694246399985,0.3775326034241208,1.0,0,,0.0,-0.002000000000000224,
-0.23764486076799632,0.372359853990079,1.0,0,,1.1399999999998727,-1.0499999999999545,-0.2084604041824762
-0.24687270191994812,0.40375009639865067,1.0,0,,0.09000000000000341,-0.030000000000001137,-2.743030021332653
-0.2887671227391675,0.3562692454144312,1.0,0,,3.0000000000002247e-05,0.0,-9625.570757971529
-0.2852343575999619,0.33806143773913544,1.0,0,,0.000600000000000156,-9.999999999998899e-05,-475.39059599981294
-1.3587064739407881,0.5329765887533437,1.0,0,,0.0,-0.6500000000000057,
-1.0479593718591642,0.5531788530943766,1.0,0,,0.0,-1.9999999999999185e-05,
-0.3672379643136002,0.34071977486771643,1.0,0,,0.0,-7.999999999999674e-05,
-0.157822288128026,0.44000919580585895,1.0,0,,0.04399999999999693,-0.0519999999999925,-3.586870184728114
-0.3322449932791633,0.446482412238411,1.0,0,,30.5,-27.69999999999709,-0.010893278468169289
-0.21645890431995563,0.3742269722489331,1.0,0,,0.006000000000000227,-0.002000000000000668,-36.07648405332457
-0.2652831449857488,0.3103581238712669,1.0,0,,2.699999999999991e-09,0.0,-98253016.66138877
-0.9289332040319422,0.4936208329746222,1.0,0,,0.00039999999999995595,0.0,-2322.3330100801113
-0.48521427657591465,0.33974598309728565,1.0,0,,0.00020000000000003348,0.0,-2426.0713828791672
-1.1253608453695267,0.40089483945718063,1.0,0,,9.999999999999593e-06,-3.999999999999837e-05,-112536.08453695726
-0.3185457189680309,0.39828114335258546,1.0,0,,0.0,-0.0070000000000014495,
-0.6453937059871292,0.4815175004410952,1.0,0,,5.000000000000143e-05,0.0,-12907.874119742215
-0.32330963679998753,0.35871418974070135,1.0,0,,0.0,-0.020000000000003126,
-0.40069247486400117,0.3036280800760486,1.0,0,,0.0,-0.2400000000000091,
-0.4025425050399677,0.4021900593460142,1.0,0,,0.04999999999999716,0.0,-8.050850100799812
-0.35844418815678314,0.3631033846153113,1.0,0,,3.0000000000002247e-05,0.0,-11948.13960522521
-0.3297274612367984,0.3164901895709599,1.0,0,,0.0006000000000000449,0.0,-549.5457687279562
-0.5128525666791754,0.3768728265756582,1.0,0,,0.0,-9.000000000000674e-05,
-0.4051854570240291,0.4231208933189178,1.0,0,,0.2599999999999909,-0.09999999999990905,-1.5584056039386278
-0.3518789367599898,0.35102793781312325,1.0,0,,0.0,-0.00020000000000003348,
-0.47617815841595723,0.3347612652501979,1.0,0,,0.00020000000000003348,-0.0005999999999999894,-2380.8907920793877
-0.49091189415841696,0.4202711371722234,1.0,0,,0.28999999999999204,-0.06999999999999318,-1.6927996350290704
-0.516356026087926,0.4518297681936333,1.0,0,,0.00020000000000003348,0.0,-2581.780130439198
-0.37509486299998984,0.33806143773913544,1.0,0,,0.0005999999999999339,0.0,-625.1581050000519
-0.47238854272001124,0.3742269722489331,1.0,0,,0.005000000000000782,0.0,-94.47770854398748
-0.3356399333759937,0.3573797544835128,1.0,0,,0.4900000000000091,-0.9900000000000091,-0.6849794558693622
-0.5856269227048654,0.4405979874593503,1.0,0,,0.0,-31.5,
-0.5463877935871653,0.41744041942669263,1.0,0,,9.999999999998899e-05,-0.00024000000000001798,-5463.877935872254
-0.42453633310316985,0.32739727914990624,1.0,0,,2.0000000000006124e-05,-3.999999999999837e-05,-21226.816655151993
-0.6149716019999669,0.42814555538792537,1.0,0,,0.013999999999995794,-0.04099999999999682,-43.92654300001084
-0.4617253900799806,0.37439805402489773,1.0,0,,0.0,-0.0009999999999998899,
-0.32114490423835446,0.4815175004410952,1.0,0,,3.999999999999837e-05,0.0,-8028.622605959188
-0.35056202380800133,0.35102793781312325,1.0,0,,0.00030000000000002247,0.0,-1168.540079359917
-0.5300834118479105,0.3954717190360637,1.0,0,,0.0,-0.0039999999999995595,
-0.483067064444751,0.4091917930015522,,0,,0.0,0.0,
0.723554005176051,0.32562946325582615,1.0,0,,0.799999999999983,0.0,0.904442506470083
-0.5128832831999447,0.3605499185295942,,0,,0.0,0.0,
-0.4228790517599885,0.3036280800760486,1.0,0,,0.0,-0.2799999999999727,
-0.7132784435127653,0.5546747205154184,,0,,0.0,0.0,
-0.28747516237437803,0.309263974113847,1.0,0,,0.018000000000000682,-0.03500000000000014,-15.970842354131507
-0.5313221650513688,0.3103581238712669,1.0,0,,1.999999999995915e-10,-2.1000000000003695e-09,-2656610825.26227
-1.053936990911958,0.4936208329746222,1.0,0,,0.0,-0.0008000000000000229,
-0.6022635206559739,0.3768728265756582,1.0,0,,0.0,-7.999999999999674e-05,
-1.3385618530463566,0.4202711371722234,1.0,0,,0.0,-0.7300000000000182,
-0.9645141934079602,0.33974598309728565,1.0,0,,0.0,-0.00040000000000001146,
-0.6405309471360118,0.4231208933189178,1.0,0,,0.0,-0.4899999999998954,
-0.8737380943199624,0.4021900593460142,1.0,0,,0.0,-0.12000000000000455,
-0.4466548986703703,0.3631033846153113,1.0,0,,0.0,-3.999999999999837e-05,
-0.07217577797596303,0.3347612652501979,1.0,0,,0.0,-0.0005999999999999894,
-0.11111280764634202,0.3419127371373819,1.0,0,,0.19999999999998863,-0.2600000000000193,-0.5555640382317416
-0.2865114292367758,0.3164901895709599,1.0,0,,0.0,-0.0007000000000000339,
-0.4906399429631487,0.41912758697823804,1.0,0,,0.3100000000000023,-0.030000000000001137,-1.5827094934295003
-0.516356026087926,0.4518297681936333,,0,,0.0,0.0,
-1.1945464376159014,0.5175148084581468,1.0,0,,0.0,-0.0008000000000000229,
-0.27778369287357685,0.37413030080853554,1.0,0,,6.0000000000004494e-05,-4.000000000001225e-05,-4629.728214559267
-0.5271647090000094,0.44391514091718065,1.0,0,,0.18000000000006366,0.0,-2.9286928277767945
-0.7308058732799196,0.4246758473488571,1.0,0,,0.04999999999999716,0.0,-14.616117465599224
-0.5046381657600324,0.38629326087127824,1.0,0,,0.0,-0.005000000000000782,
-0.5288624113359854,0.3695691573972817,1.0,0,,0.08999999999991815,-1.900000000000091,-5.876249014849627
-0.6649206903727685,0.44721216874890923,1.0,0,,14.30000000000291,-30.89999999999418,-0.04649795037570861
-0.3769106535359925,0.32195452050418233,1.0,0,,0.0,-7.999999999999674e-05,
-0.44242979264636223,0.43041561663008243,1.0,0,,4.000000000001225e-05,-0.0002999999999999947,-11060.74481615567
-0.5864426962559626,0.43968829413509314,1.0,0,,0.01300000000000523,-0.05100000000000193,-45.1109766350559
-0.25295808647996126,0.3820687218797719,1.0,0,,0.0,-0.0050000000000003375,
-0.31859910273593395,0.3992202121019097,1.0,0,,0.0,-0.005000000000000782,
-0.48556916505116055,0.41272488250203077,1.0,0,,9.999999999999593e-06,0.0,-48556.91650511803
-0.5729432975999573,0.3637704952860842,1.0,0,,0.0,-0.030000000000001137,
-0.662180214833552,0.49895679763428774,,0,,0.0,0.0,
-0.5190272850175666,0.324348858139661,1.0,0,,0.0,-0.04999999999999716,
-0.5139238684184171,0.4495006066164071,,0,,0.0,0.0,
-0.5955613787199997,0.3729316818816281,1.0,0,,0.0,-4.999999999999449e-05,
-0.34329027054400696,0.33609021546392015,1.0,0,,0.0,-0.0006000000000000449,
-0.7620798924287884,0.3186597062330286,1.0,0,,0.0,-0.0014000000000000679,
-0.83897127904801,0.4740619276674293,1.0,0,,0.0,-0.00020000000000003348,
-0.9698892379199717,0.5175148084581468,1.0,0,,0.0,-0.0009000000000000119,
-1.1138196597307037,0.45025737509600183,1.0,0,,4.000000000000531e-06,-1.7999999999999787e-05,-278454.914932639
-0.5105104151999771,0.33806143773913544,1.0,0,,0.00039999999999995595,-0.0019000000000000128,-1276.2760380000832
-0.7544220823679688,0.3493979019143746,1.0,0,,0.0001000000000000445,-0.0005000000000000004,-7544.220823676331
0.008295127584848988,0.3419127371373819,1.0,0,,0.14999999999997726,-0.4800000000000182,0.0553008505656683
-0.9831998967840115,0.43968829413509314,1.0,0,,0.021000000000000796,-0.18999999999999773,-46.819042703998775
-1.115484003839991,0.3820687218797719,1.0,0,,0.0,-0.005999999999999783,
-0.9850916582688032,0.37413030080853554,1.0,0,,0.0,-0.00011999999999998123,
-0.9211086694399991,0.38629326087127824,1.0,0,,0.0010000000000012221,-0.013999999999999346,-921.1086694388734
-1.4184351130320152,0.3695691573972817,1.0,0,,0.5,-3.3400000000001455,-2.8368702260640304
-1.000604407635132,0.44721216874890923,1.0,0,,8.69999999999709,-102.89999999999418,-0.11501200087763984
-0.48380969919998695,0.3637704952860842,1.0,0,,0.0,-0.0799999999999983,
-0.5733810258559778,0.32195452050418233,1.0,0,,1.0000000000010001e-05,-0.00013999999999998736,-57338.10258554044
-0.5000097803167431,0.43041561663008243,1.0,0,,1.9999999999992246e-05,-0.0002500000000000002,-25000.48901584685
-0.7187109309279736,0.41912758697823804,1.0,0,,0.010000000000019327,-0.5099999999999909,-71.87109309265846
-1.0957733799598746,0.3992202121019097,1.0,0,,0.0009999999999994458,-0.010999999999999233,-1095.7733799604819
-0.617617784476783,0.41272488250203077,1.0,0,,9.999999999999593e-06,0.0,-61761.77844768081
-0.7022887473999615,0.44391514091718065,1.0,0,,0.06999999999993634,-0.37999999999999545,-10.032696391437145
-0.662180214833552,0.49895679763428774,,0,,0.0,0.0,
-1.235713234559995,0.4246758473488571,1.0,0,,0.0,-0.1700000000000017,
-0.34248917399998574,0.3373754783649012,1.0,0,,0.00040000000000001146,0.0,-856.2229349999399
-0.5264007434671919,0.4433102555419166,1.0,0,,28.0,-7.900000000008731,-0.01880002655239971
-0.66406043180156,0.32538935178637096,1.0,0,,0.009000000000000341,-0.06199999999999761,-73.78449242239276
-0.5079774947039559,0.4335756296354675,1.0,0,,0.06499999999999773,-0.01300000000000523,-7.815038380061134
-0.34565139719998744,0.33532698176757353,1.0,0,,0.0005999999999999339,0.0,-576.0856620000425
-0.34106157736559856,0.3339642413948596,,0,,0.0,0.0,
-0.6260075838759745,0.3752300225271878,1.0,0,,9.999999999996123e-06,-7.000000000000062e-05,-62600.758387621725
-0.6778235439359545,0.33450356301616796,1.0,0,,0.00020000000000003348,-0.0010000000000000009,-3389.117719679205
-0.514688004353575,0.4505018470629671,,0,,0.0,0.0,
-1.1454290722559868,0.3699365176887286,1.0,0,,0.0,-5.000000000000143e-05,
-0.6884395048943759,0.31288582398657827,1.0,0,,0.0,-0.0012999999999999678,
-0.21078035918879195,0.32538935178637096,1.0,0,,0.027999999999998693,0.0,-7.527869971028635
-0.9062912600640252,0.47622892823328056,1.0,0,,0.0,-0.00029999999999996696,
-0.6405032087999376,0.4740331779026047,1.0,0,,0.0,-0.0007000000000000339,
-0.07805718230402223,0.3504964093106653,1.0,0,,0.07999999999998408,-0.5300000000000011,-0.975714778800472
-0.46294947647999724,0.3744416806024834,1.0,0,,0.0,-0.0019999999999997797,
-0.38943391902556335,0.36724004262213683,1.0,0,,3.0000000000002247e-05,-3.0000000000002247e-05,-12981.130634184472
-0.6697542942144394,0.46273394324650674,1.0,0,,2.999999999999531e-06,-2.0000000000002655e-06,-223251.43140484806
-0.32385367519999486,0.3632752754519901,1.0,0,,0.00999999999999801,0.0,-32.38536752000593
-0.46008224769597766,0.36519990814364156,1.0,0,,0.37000000000011823,-1.25,-1.2434655343130558
-0.34209790691997954,0.39724529668725994,1.0,0,,0.004999999999999005,0.0,-68.41958138400952
-0.18459975504001372,0.3373754783649012,1.0,0,,0.00019999999999997797,0.0,-922.9987752001703
-0.4359238387199904,0.4335756296354675,1.0,0,,0.043000000000006366,-0.01099999999999568,-10.137763691161066
-0.25551037199999566,0.33532698176757353,1.0,0,,0.0006999999999999229,0.0,-365.01481714289116
-0.30149269111440485,0.31288582398657827,1.0,0,,0.000500000000000056,0.0,-602.9853822287422
-0.24450014500559367,0.3183081157702569,1.0,0,,9.999999999996123e-06,-3.999999999999837e-05,-24450.014500568846
-0.28133897727993196,0.3822043637494203,1.0,0,,0.0039999999999995595,-0.0030000000000001137,-70.33474431999073
-0.536071200271918,0.40542108554562245,1.0,0,,0.1699999999999875,-0.06999999999999318,-3.15336000159975
-0.6218398945991492,0.39681080608801056,1.0,0,,0.0,-3.999999999999837e-05,
-0.27196546615839384,0.4505018470629671,1.0,0,,1.9999999999999185e-05,0.0,-13598.273307920246
0.7636551589680142,0.43084388427979636,1.0,0,,0.0005100000000000104,0.0,1497.3630567999971
-0.4924867257999367,0.4412756192502544,1.0,0,,0.0,-0.16999999999995907,
-0.3686751170879503,0.3504964093106653,1.0,0,,0.25,-0.25,-1.4747004683518012
-0.6650433529231519,0.502048250998548,,0,,0.0,0.0,
-0.7318139740799603,0.41894581224382405,1.0,0,,0.04000000000000625,0.0,-18.295349351996148
-0.31880544191997945,0.3744416806024834,1.0,0,,0.002000000000000224,0.0,-159.40272095997187
-0.49504096853753393,0.4433102555419166,1.0,0,,14.30000000000291,-21.80000000000291,-0.03461824954807225
-0.44253818222402536,0.47622892823328056,1.0,0,,0.00019999999999997797,-0.00020000000000003348,-2212.6909111203704
-0.290543066692791,0.36724004262213683,1.0,0,,4.999999999999449e-05,0.0,-5810.86133385646
-0.500623402608001,0.4099529768462677,1.0,0,,0.04400000000001114,-0.018000000000000682,-11.377804604724414
-0.34106157736559856,0.3339642413948596,,0,,0.0,0.0,
-0.45715220328953826,0.3752300225271878,1.0,0,,9.999999999996123e-06,0.0,-45715.22032897155
-0.4085633199999726,0.33450356301616796,1.0,0,,0.00030000000000002247,-0.00019999999999997797,-1361.87773333314
-0.5858485956959552,0.4740331779026047,1.0,0,,9.999999999998899e-05,0.0,-5858.485956960197
-0.2586101976640005,0.32631934589165745,1.0,0,,0.00019999999999997797,0.0,-1293.050988320145
-0.3841519127391839,0.3500087164067841,1.0,0,,0.6599999999999966,0.0,-0.5820483526351301
-0.11858293784478022,0.40125773618607197,1.0,0,,0.21999999999999886,-0.09000000000000341,-0.5390133538399129
-0.4770008642610548,0.46273394324650674,1.0,0,,3.9999999999996635e-06,0.0,-119250.21606527374
-0.3638256799999989,0.3632752754519901,1.0,0,,0.0,-0.00999999999999801,
-0.33426127324797905,0.3245086788574921,1.0,0,,0.0014000000000000123,0.0,-238.75805231998294
-0.31042413023997334,0.36519990814364156,1.0,0,,0.7200000000000273,-0.9200000000000728,-0.43114462533327996
-0.42909894871998966,0.4008127188868233,1.0,0,,0.060000000000002274,0.0,-7.15164914533289
-0.3931772976000151,0.35592068696517415,1.0,0,,0.0,-0.0039999999999995595,
-0.4619760169823601,0.31229846128893435,,0,,0.0,0.0,
-0.3655143031039829,0.32041917658555513,1.0,0,,0.00019999999999997797,-0.00029999999999996696,-1827.5715155201158
-0.9032093821439151,0.42678895411212214,1.0,0,,7.999999999999674e-05,-0.00017000000000000348,-11290.1172767994
-0.6689481205343228,0.5041022030759806,1.0,0,,0.0,-0.00014000000000000123,
-0.18784023090000648,0.33697431433821273,1.0,0,,0.00021999999999999797,0.0,-853.8192313636737
-0.10837340811358981,0.3031353532195967,1.0,0,,0.029999999999997584,-0.013000000000001677,-3.6124469371199512
-0.5144454312319509,0.45014966082970653,,0,,0.0,0.0,
-0.48993698879999314,0.34266091158481915,,0,,0.0,0.0,
-0.4966562539439419,0.32041917658555513,1.0,0,,0.0005999999999999339,0.0,-827.7604232399943
-0.8270879226960031,0.4043211352914101,1.0,0,,15.5,-14.80000000000291,-0.05336051114167762
-0.5006067276671282,0.35699239603340166,,0,,0.0,0.0,
-0.7457497675200561,0.4680052581112603,,0,,0.0,0.0,
-0.4272810328800034,0.33033298344278417,1.0,0,,0.0,-0.0008000000000000229,
-0.3689306885375734,0.4043211352914101,1.0,0,,26.69999999999709,0.0,-0.013817628784180285
-0.3362878162880187,0.32631934589165745,1.0,0,,0.0,-0.00029999999999996696,
-0.46472869188712185,0.44447011197022257,1.0,0,,0.0,-7.000000000000062e-06,
-0.3924847745279888,0.4099529768462677,1.0,0,,0.026999999999986812,-0.030000000000001137,-14.536473130673352
-0.4836003551999499,0.3349871838257267,1.0,0,,0.000300000000000078,0.0,-1612.001183999414
-0.24731473311994023,0.4008127188868233,1.0,0,,0.0,-0.10999999999999943,
-0.345634395999999,0.3352358154245793,1.0,0,,0.0,-0.00999999999999801,
-0.3550258588799544,0.35592068696517415,1.0,0,,0.0,-0.002000000000000668,
-0.3272233884911734,0.31229846128893435,,0,,0.0,0.0,
-0.7090758174719538,0.42678895411212214,1.0,0,,8.999999999997899e-05,-0.00030000000000002247,-7878.62019413466
-0.6668741101439231,0.5041022030759806,,0,,0.0,0.0,
-0.4167033325151813,0.3031353532195967,1.0,0,,0.006000000000000227,-0.03200000000000003,-69.45055541919426
-0.342176868633563,0.33697431433821273,1.0,0,,0.0,-9.999999999998899e-05,
-0.5144454312319509,0.45014966082970653,,0,,0.0,0.0,
-1.1914118217119944,0.3245086788574921,1.0,0,,0.0,-0.0016999999999999793,
-0.026349770271953732,0.3500087164067841,1.0,0,,0.21999999999999886,-0.6900000000000261,-0.11977168305433576
-0.3513427189119651,0.3520228112857322,1.0,0,,3.0000000000002247e-05,0.0,-11711.423963731293
-0.507480889651954,0.44150165889972104,1.0,0,,0.00017000000000000348,0.0,-2985.1817038349627
-0.2929744814399887,0.34266091158481915,1.0,0,,0.0009999999999998899,0.0,-292.974481440021
-0.49486623104397837,0.31618170502152126,1.0,0,,0.0,-9.999999999998899e-05,
-0.20163931709598226,0.47283143009829015,1.0,0,,0.00040000000000001146,0.0,-504.0982927399412
-0.4199543309015827,0.35699239603340166,1.0,0,,9.999999999996123e-06,-3.999999999999837e-05,-41995.43309017455
-0.46987597785122837,0.45219617408692014,1.0,0,,4.999999999999796e-06,-4.000000000000531e-06,-93975.1955702495
-0.38671584432000883,0.35939959217424333,1.0,0,,0.006000000000000227,0.0,-64.45264071999902
-0.7116658015630781,0.4090226528395092,1.0,0,,34.89999999999418,-18.80000000000291,-0.020391570245363807
-0.42728116305598685,0.33558616608423736,1.0,0,,0.9699999999997999,-1.3400000000001455,-0.4404960443877062
-0.37385476463997425,0.3410172705696885,1.0,0,,0.020000000000003126,0.0,-18.69273823199579
-0.3454482299039868,0.41545831042925085,1.0,0,,0.04400000000001114,-0.06299999999998818,-7.851096134179531
-0.5027595989327226,0.361063773872917,1.0,0,,0.7400000000000091,0.0,-0.6794048634225898
-0.25573628766389833,0.39724529668725994,1.0,0,,0.004999999999999005,-0.005000000000000782,-51.147257532789844
-0.4822091658239255,0.42664523047839287,1.0,0,,0.21000000000003638,-0.12999999999999545,-2.296234122970676
-0.26605332319999647,0.4117016143526904,1.0,0,,0.0899999999999892,-0.0799999999999983,-2.956148035555871
-0.14133707516158464,0.30885458522559905,1.0,0,,0.0259999999999998,-0.007999999999999119,-5.436041352368681
-0.24274984309114245,0.4874445362929107,1.0,0,,5.000000000000143e-05,0.0,-4854.996861822709
-0.342341603583951,0.3349871838257267,1.0,0,,0.000500000000000056,0.0,-684.6832071678253
-0.32952643904797024,0.31618170502152126,1.0,0,,9.999999999998899e-05,0.0,-3295.2643904800652
-0.7280207403945267,0.45219617408692014,1.0,0,,9.000000000000327e-06,0.0,-80891.1933771667
-0.504533136268783,0.3619524186835097,1.0,0,,0.00010000000000000286,0.0,-5045.331362687686
-0.40094746017599825,0.3456064455295985,1.0,0,,1.150000000000091,-1.7399999999997817,-0.3486499653704057
-0.373672346400002,0.3410172705696885,1.0,0,,0.01999999999999602,0.0,-18.68361732000382
-0.12494022167988833,0.3278928922094742,1.0,0,,0.0014000000000000123,-9.999999999998899e-05,-89.24301548563373
-0.5216564902119929,0.45954130950834526,,0,,0.0,0.0,
-0.46956643994875946,0.32108892993418137,,0,,0.0,0.0,
-0.4981546115567428,0.3543879676681463,,0,,0.0,0.0,
-0.32421365983435213,0.4874445362929107,1.0,0,,4.000000000000531e-05,0.0,-8105.341495857728
-1.6230656617127717,0.44150165889972104,1.0,0,,0.0,-0.0006700000000000039,
-0.40211193787198496,0.3456064455295985,1.0,0,,1.0199999999999818,0.0,-0.3942273900705805
-0.39406918495196563,0.40125773618607197,1.0,0,,0.18999999999999773,-0.5300000000000011,-2.0740483418524756
-0.4494063167440182,0.47283143009829015,1.0,0,,0.0,-0.00020000000000003348,
-0.23013300225597258,0.41545831042925085,1.0,0,,0.04999999999999716,-0.06399999999999295,-4.6026600451197135
-0.2494354679519764,0.30885458522559905,1.0,0,,0.023999999999997357,-0.006000000000000227,-10.393144498000161
-0.1929460755393183,0.45219617408692014,1.0,0,,1.000000000000046e-05,0.0,-19294.607553930942
-0.19142774111997066,0.36398864479019355,1.0,0,,0.0019999999999997797,-0.001000000000000334,-95.71387055999587
-0.3510484403608118,0.35017866603746944,1.0,0,,9.999999999998899e-05,0.0,-3510.4844036085046
-0.4985440728624181,0.42842106101535254,1.0,0,,0.00015000000000001124,-0.00014999999999998348,-3323.6271524158715
-0.33220570968000873,0.35939959217424333,1.0,0,,0.002000000000000668,-0.002000000000000668,-166.1028548399489
-0.4413355078079615,0.39439819783104757,1.0,0,,0.0,-0.004000000000001336,
-0.4151786063999916,0.4355265140756641,1.0,0,,0.0,-0.34000000000003183,
-0.7143586206399827,0.4117016143526904,1.0,0,,0.0,-0.09000000000000341,
-0.7785825765696115,0.4090226528395092,1.0,0,,6.80000000000291,-37.80000000000291,-0.11449743773077621
-0.313459901104004,0.3349871838257267,1.0,0,,0.0,-0.000500000000000056,
-0.46570709405278776,0.31618170502152126,,0,,0.0,0.0,
-0.283473641599964,0.3461087807561612,1.0,0,,0.020000000000003126,0.0,-14.173682079995986
-0.4203948917999789,0.3355152641564396,1.0,0,,9.999999999998899e-05,-0.0005999999999999339,-4203.948918000252
-0.5222503421280356,0.4603775466782221,,0,,0.0,0.0,
-0.07133609274879307,0.3112358967795639,1.0,0,,0.03200000000000003,-0.030000000000001137,-2.2292528983997815
-2.7690303931414983,0.4887863898030413,1.0,0,,0.0,-0.00014999999999999736,
-0.9757696060799943,0.42045365718725136,1.0,0,,0.0,-0.08399999999998897,
-0.9318820053311299,0.42842106101535254,1.0,0,,0.00032999999999999696,0.0,-2823.8848646398133
-1.0330402848191877,0.3619524186835097,1.0,0,,2.0000000000006124e-05,-0.00016000000000000736,-51652.01424094357
-0.9078524121599285,0.3684812778260049,1.0,0,,0.0,-0.005999999999998451,
-0.6246397749599977,0.3899829628775795,1.0,0,,0.0,-0.006999999999999673,
-0.5928011980799441,0.43779407299466394,1.0,0,,0.0,-0.2199999999999136,
-0.7156944391999969,0.40487083535615437,1.0,0,,0.0,-0.09000000000000341,
-1.0856717016050017,0.45908414484144516,1.0,0,,1.0000000000001327e-06,-7.000000000000062e-06,-1085671.7016048576
-0.9448803541887871,0.3566985298420058,1.0,0,,0.0,-0.00012000000000000205,
-0.6030434937999611,0.4207255237934392,1.0,0,,5.19999999999709,-52.89999999999418,-0.11596990265390358
-0.4454122722719706,0.35046432837743247,1.0,0,,0.12999999999988177,-1.2300000000000182,-3.4262482482490437
-0.359405367999964,0.36398864479019355,,0,,0.0,0.0,
-0.33414641314077287,0.32367604749066703,,0,,0.0,0.0,
-0.6939369242879281,0.4692214912761244,1.0,0,,0.0,-0.00030000000000002247,
-0.4954792631183248,0.35017866603746944,,0,,0.0,0.0,
-0.34283803862395773,0.33550512897330637,1.0,0,,0.0,-0.0004999999999999449,
-0.3251879589887458,0.42842106101535254,1.0,0,,0.00014999999999998348,0.0,-2167.9197265918774
-0.14346118390637652,0.361063773872917,1.0,0,,0.21000000000000796,-0.4900000000000091,-0.6831484947922433
-0.31498387321436006,0.40912117388523517,1.0,0,,0.25,-0.13999999999998636,-1.2599354928574402
-0.44363367999996955,0.3461087807561612,1.0,0,,0.0,-0.03999999999999915,
-0.3454983863999587,0.3355152641564396,1.0,0,,0.0,-0.0005999999999999339,
-0.4299808990719788,0.3112358967795639,1.0,0,,0.0,-0.028999999999999915,
-0.6791494441535685,0.3975144857754469,1.0,0,,32.80000000000291,-2.8999999999941792,-0.020705775736387447
-0.5222503421280356,0.4603775466782221,,0,,0.0,0.0,
-0.37204406007996,0.3653622932033929,1.0,0,,0.0019999999999997797,0.0,-186.0220300400005
-0.33325208201600676,0.3219525773804942,1.0,0,,0.0006000000000000449,0.0,-555.420136693303
-1.044518963846381,0.4887863898030413,1.0,0,,0.0,-1.0000000000003062e-05,
-0.7418626862399929,0.42045365718725136,1.0,0,,0.006000000000000227,-0.08800000000000807,-123.64378103999412
-0.24762415495994214,0.40487083535615437,1.0,0,,0.09000000000000341,0.0,-2.751379499554808
-0.3365945070399452,0.36342557998791303,1.0,0,,1.0000000000010001e-05,-1.9999999999992246e-05,-33659.45070396086
-0.5051822041600113,0.3684812778260049,1.0,0,,0.0,-0.004000000000001336,
-0.663267920159995,0.3899829628775795,1.0,0,,0.0,-0.0019999999999988916,
-0.7151870315519451,0.43779407299466394,1.0,0,,0.03999999999996362,-0.16999999999995907,-17.87967578881489
-0.4341423235967661,0.35539648369656,1.0,0,,6.0000000000004494e-05,0.0,-7235.705393278893
-0.4992367186799858,0.35519535144115916,1.0,0,,3.999999999999837e-05,0.0,-12480.917967000154
-0.10951606043517807,0.3566985298420058,1.0,0,,0.0,-5.9999999999997555e-05,
-0.4637886302255233,0.3139938645488138,,0,,0.0,0.0,
-0.47441941842240537,0.4590586167836568,1.0,0,,4.000000000000531e-06,0.0,-118604.8546055856
-0.5535339259679943,0.3454881347633308,1.0,0,,0.7400000000000091,-0.15000000000009095,-0.7480188188756588
-0.4739335326143591,0.3261437865111959,,0,,0.0,0.0,
-0.7459465872000043,0.4668726075789237,,0,,0.0,0.0,
-0.6439697375999924,0.3530101635996728,1.0,0,,0.0,-0.0800000000000054,
-2.6473237193039045,0.49724578476848347,1.0,0,,0.0,-7.000000000000062e-05,
-1.1925764599000397,0.4100350362195254,1.0,0,,0.0,-0.0005900000000000072,
-0.627201900288005,0.43026588885969563,1.0,0,,0.029999999999972715,-0.6200000000000045,-20.90673000961918
-0.6819426518687738,0.3717082801644388,1.0,0,,0.09999999999999432,-0.4099999999999966,-6.819426518688125
-0.9233543751167128,0.4130038528082639,1.0,0,,0.05000000000001137,-0.5,-18.467087502330056
-0.6570034189920053,0.33505754390257225,1.0,0,,9.999999999998899e-05,-0.00040000000000001146,-6570.034189920777
-0.6872288270400126,0.38832202617306033,1.0,0,,0.0,-0.009999999999999787,
-0.38500917520001376,0.3651451965514385,1.0,0,,0.0,-0.013000000000001677,
-0.6726728231711598,0.3182524460749001,1.0,0,,0.0030000000000001137,-0.045999999999999375,-224.22427439037813
-0.7380349161119893,0.46102321813641667,,0,,0.0,0.0,
-0.3540028657984027,0.35539648369656,1.0,0,,0.00012999999999996348,0.0,-2723.098967680786
-0.4573985535360007,0.41639305608845684,1.0,0,,0.042999999999992156,-0.10999999999999943,-10.637175663629863
-0.4844713130399581,0.4011714796297349,1.0,0,,0.04999999999999716,-0.06999999999999318,-9.689426260799713
-0.18267698836794133,0.3454881347633308,1.0,0,,1.2999999999999545,-2.259999999999991,-0.1405207602830367
-0.464035003639064,0.3975144857754469,1.0,0,,22.80000000000291,-62.89999999999418,-0.02035241244030723
-0.3758553565680025,0.4668726075789237,1.0,0,,0.00029999999999996696,0.0,-1252.8511885601463
-0.5139393887999759,0.3530101635996728,1.0,0,,0.01999999999999602,-0.010000000000005116,-25.696969440003908
-0.5460208879199788,0.3653622932033929,1.0,0,,0.0,-0.004999999999999893,
-0.7770044230559998,0.3717082801644388,1.0,0,,0.27000000000001023,-0.28000000000000114,-2.877794159466557
-0.6853416793151998,0.4130038528082639,1.0,0,,0.44999999999998863,0.0,-1.5229815095893715
-0.4821150866880285,0.3353690871833993,1.0,0,,0.00040000000000001146,0.0,-1205.2877167200368
-0.3426277001759386,0.3219525773804942,1.0,0,,0.000300000000000078,-0.0008000000000000229,-1142.0923339194983
-0.4655386452095797,0.3182524460749001,1.0,0,,0.10899999999999821,0.0,-4.270996745042086
-0.276032818900812,0.46102321813641667,1.0,0,,1.9999999999999185e-05,0.0,-13801.640945041163
-0.6815154567310873,0.4100350362195254,1.0,0,,0.0003800000000000192,0.0,-1793.4617282396127
-0.49897629263996396,0.35519535144115916,1.0,0,,0.00010000000000000286,0.0,-4989.762926399497
-0.6590626996799345,0.38832202617306033,1.0,0,,0.009000000000000341,0.0,-73.22918885332328
-0.7054044917759571,0.41639305608845684,1.0,0,,0.11400000000000432,0.0,-6.187758699788863
-0.480753133119993,0.4011714796297349,1.0,0,,0.09999999999999432,0.0,-4.807531331200203
-0.47524636788479313,0.3261437865111959,1.0,0,,0.0,-6.0000000000001025e-05,
-0.4637886302255233,0.3139938645488138,,0,,0.0,0.0,
-0.3606762417023845,0.3667729162177108,,0,,0.0,0.0,
-0.37184684615995733,0.3653622932033929,1.0,0,,0.0030000000000001137,0.0,-123.94894871998108
-0.2542603003200009,0.3651451965514385,1.0,0,,0.0039999999999995595,-0.0019999999999988916,-63.565075080007226
-0.3295567011840027,0.31623846173107434,1.0,0,,0.00030000000000002247,0.0,-1098.5223372799267
-0.10258074043593945,0.4590586167836568,1.0,0,,5.999999999999929e-06,-1.000000000000046e-05,-17096.79007265678
-0.48755225302398897,0.414971667770033,1.0,0,,0.00017000000000000348,0.0,-2867.9544295528176
-0.6613009880732593,0.4598437852061168,1.0,0,,5.999999999999929e-06,0.0,-110216.83134554453
-0.7590523841279773,0.43026588885969563,1.0,0,,0.11000000000001364,-0.18999999999994088,-6.900476219344392
-0.37318520404799294,0.3454881347633308,1.0,0,,0.10999999999989996,-1.6600000000000819,-3.3925927640757485
-0.35401524092479963,0.35539648369656,1.0,0,,4.0000000000040004e-05,0.0,-8850.38102311114
-0.6151317867360051,0.3359541130465016,1.0,0,,0.0,-0.000300000000000078,
-0.6020828193600227,0.32606922791282267,1.0,0,,0.0,-0.030000000000001137,
-0.8139838576351339,0.41528563869639845,1.0,0,,0.0,-0.46000000000000796,
-1.128807439200033,0.39155297208061113,1.0,0,,0.0,-0.010000000000001563,
-0.6395525060639894,0.31623846173107434,,0,,0.0,0.0,
-1.124188357336805,0.3975144857754469,1.0,0,,19.09999999999127,-77.19999999999709,-0.05885802917996434
-1.4458560782399157,0.4109950296091027,1.0,0,,0.0,-0.19999999999998863,
-0.3315647469183701,0.31944559860291766,,0,,0.0,0.0,
-0.5242484823264072,0.3154945419091487,1.0,0,,0.007999999999999119,-0.027000000000001023,-65.53106029080811
-0.5328574588127741,0.4736123814912373,1.0,0,,0.0,-1.9999999999999185e-05,
-0.2053021476000193,0.414971667770033,1.0,0,,0.00018999999999999573,0.0,-1080.5376189474944
-0.6621369157599674,0.36567541576245477,1.0,0,,0.0,-0.004999999999999893,
-0.5039736440991103,0.4146247961598415,1.0,0,,23.80000000000291,-26.69999999999709,-0.02117536319743902
-0.45684679540988726,0.4598437852061168,1.0,0,,5.999999999999929e-06,-3.000000000000398e-06,-76141.13256831544
-0.46600755609598055,0.31623846173107434,1.0,0,,0.00020000000000003348,0.0,-2330.0377804795125
-0.531793251697515,0.4736123814912373,1.0,0,,2.9999999999998778e-05,0.0,-17726.441723251224
-0.3792843554111094,0.37732687726751757,1.0,0,,0.00010999999999999899,0.0,-3448.0395946464805
-0.8853230513279811,0.34974815082787286,1.0,0,,0.0,-2.2899999999999636,
-0.37191831511998524,0.3359541130465016,1.0,0,,0.0,-0.00019999999999997797,
-0.49791564159998575,0.32606922791282267,1.0,0,,0.0,-0.03999999999999915,
-0.34208808168959537,0.33667301936653793,,0,,0.0,0.0,
-2.6861080957247148,0.38734068835037283,1.0,0,,0.1599999999999966,-0.700000000000017,-16.788175598279825
-0.2462968981960194,0.42438824891063015,1.0,0,,0.00015999999999999348,0.0,-1539.355613725184
-0.8584104513599005,0.4109950296091027,1.0,0,,0.01999999999999602,-0.05000000000001137,-42.92052256800356
-0.3936173721423917,0.3154945419091487,1.0,0,,0.006999999999997897,-0.018000000000000682,-56.231053163215705
-0.3315647469183701,0.31944559860291766,,0,,0.0,0.0,
-1.0462732461152018,0.31727691328191143,,0,,0.0,0.0,
-0.7338389125535014,0.4571623347901265,1.0,0,,9.999999999999593e-06,0.0,-73383.89125535313
-0.8030787411840061,0.3949527176895109,1.0,0,,0.0,-1.1200000000000045,
-0.7295150656000546,0.36842201002028374,1.0,0,,0.0,-0.009000000000000341,
-1.079128936367966,0.421151180326661,1.0,0,,0.009000000000000341,-0.11199999999999477,-119.90321515199167
-0.6515521182719595,0.38040442688015486,1.0,0,,2.0000000000020002e-05,0.0,-32577.605913565392
-1.0849901529599384,0.3726031597345853,1.0,0,,0.0,-0.0040000000000000036,
-1.3635906214442475,0.4584526575928822,1.0,0,,0.0,-1.0999999999999725e-05,
-0.9794644816318527,0.4010315510103798,1.0,0,,2.3000000000029104,-48.89999999999418,-0.42585412244809273
-0.8437159647359357,0.3464653175509873,1.0,0,,0.2899999999999636,-1.7999999999999545,-2.9093653956415224
-0.1531141039023535,0.3949527176895109,1.0,0,,0.21000000000000796,-0.04999999999998295,-0.72911478048737
-0.25330420503997814,0.33103761514690666,1.0,0,,0.00029999999999996696,-0.00019999999999997797,-844.3473501333534
-0.46013605071996766,0.33637378312868405,1.0,0,,0.0,-0.04999999999999716,
-0.5304005459999771,0.3035285352854019,1.0,0,,0.0,-0.00019999999999997797,
-0.1723002798000029,0.32840130207541984,1.0,0,,0.022999999999999687,-0.0019999999999988916,-7.4913165130437065
-0.5067353368800116,0.421151180326661,1.0,0,,0.03900000000000148,-0.045000000000001705,-12.993213766153652
-0.4565217538511349,0.4584526575928822,1.0,0,,3.9999999999996635e-06,-2.0000000000002655e-06,-114130.43846279333
-0.41226438385434766,0.4010315510103798,1.0,0,,26.19999999999709,0.0,-0.015735281826503567
-0.32320421392002074,0.4140454657942879,1.0,0,,0.0,-0.12000000000000455,
-0.34556620415995626,0.36842201002028374,1.0,0,,0.004000000000001336,-0.0009999999999994458,-86.39155103996022
-0.0742376668192058,0.42438824891063015,1.0,0,,0.00014999999999998348,-0.000130000000000019,-494.9177787947598
-0.33292361883196997,0.32158890945566004,,0,,0.0,0.0,
-0.47565940118395333,0.32840130207541984,1.0,0,,0.04400000000000048,0.0,-10.810440935998821
-0.16913483534635132,0.42438824891063015,1.0,0,,0.0002500000000000002,0.0,-676.5393413854047
-0.2830354473599786,0.34851893199129563,1.0,0,,0.0030000000000001137,-0.002000000000000668,-94.34514911998929
-0.3690892077263837,0.393610351130525,1.0,0,,22.0,-6.399999999994179,-0.01677678216938108
-0.4558666811663019,0.41528563869639845,1.0,0,,0.20999999999997954,-0.21000000000000796,-2.1707937198397445
-0.12231271599998161,0.3035285352854019,1.0,0,,0.0005000000000000004,0.0,-244.625431999963
-0.2842473600799547,0.39155297208061113,1.0,0,,0.005000000000000782,-0.004999999999999005,-56.84947201598206
-0.461529659135973,0.38040442688015486,,0,,0.0,0.0,
-0.46270465919999393,0.3726031597345853,,0,,0.0,0.0,
-0.5239011413999665,0.33103761514690666,1.0,0,,0.0,-9.999999999998899e-05,
-0.43164145127999687,0.33637378312868405,1.0,0,,0.020000000000003126,-0.01999999999999602,-21.58207256399647
-0.2378497556880039,0.4474258941136834,1.0,0,,5.999999999999929e-06,0.0,-39641.62594800112
-0.34551172086076426,0.3298815125638317,1.0,0,,0.027000000000001023,0.0,-12.796730402250043
-0.37534949172795884,0.3595327271380708,1.0,0,,0.005000000000000782,0.0,-75.06989834558003
-0.47345742100800525,0.3258232054051482,1.0,0,,0.0006000000000000449,0.0,-789.0957016799497
-0.7328220748799412,0.4140454657942879,1.0,0,,0.020000000000010232,0.0,-36.64110374397831
-0.18144148633913076,0.4275159276021615,1.0,0,,0.00018000000000001348,-9.999999999982245e-06,-1008.0082574395399
-0.12033250779353247,0.41538527341642173,1.0,0,,0.14000000000001478,-0.03999999999999204,-0.8595179128108554
-0.4771128989039738,0.31039956108172934,1.0,0,,0.00039999999999995595,-0.00039999999999995595,-1192.7822472600658
-0.5009819826119454,0.3228517559967724,,0,,0.0,0.0,
-1.635533569199993,0.4729057971997338,1.0,0,,0.000200000000000089,-0.0005999999999999339,-8177.667845996326
0.47996847044655067,0.5833464508925259,1.0,0,,3.0000000000002247e-05,0.0,15998.949014883823
-1.1833131152447063,0.5549456839401601,1.0,0,,0.0,-7.999999999996898e-05,
-0.44154054322075187,0.3228517559967724,1.0,0,,9.999999999998899e-05,0.0,-4415.405432208005
-0.6724659115295374,0.4275159276021615,1.0,0,,0.00014000000000000123,0.0,-4803.327939496653
-0.3999435595199913,0.31261516239079795,1.0,0,,0.00999999999999801,-0.020000000000003126,-39.99435595200708
-0.6091629263999425,0.34851893199129563,1.0,0,,0.0,-0.0030000000000001137,
0.1848558017600166,0.34279372450591356,1.0,0,,0.08799999999999919,-0.009000000000000341,2.100634110909299
-0.9499619662344889,0.393610351130525,1.0,0,,6.19999999999709,-53.80000000000291,-0.15321967197337658
-0.6038138531647158,0.4474258941136834,1.0,0,,0.0,-4.999999999999796e-06,
-0.7298384516719834,0.31039956108172934,1.0,0,,0.00029999999999996696,-0.0036000000000000476,-2432.7948389068792
-0.5072224926455171,0.3298815125638317,1.0,0,,0.0019999999999988916,-0.030000000000001137,-253.61124632289912
-0.7319908541375566,0.41538527341642173,1.0,0,,0.030000000000001137,-0.4000000000000057,-24.39969513791763
-0.4996372954239763,0.3595327271380708,1.0,0,,0.0,-0.008000000000000895,
-0.21475015637033032,0.44248220919456627,1.0,0,,0.00017000000000000348,-9.999999999998899e-05,-1263.2362139430936
-0.36451927511998883,0.3258232054051482,1.0,0,,0.0,-0.0010000000000000009,
-0.386963527103951,0.3464653175509873,1.0,0,,0.900000000000091,-2.349999999999909,-0.4299594745599021
-0.3258347830399304,0.39231198083280205,1.0,0,,0.060000000000002274,-0.05999999999998806,-5.430579717331968
-0.06400118259016246,0.45027651421624776,1.0,0,,1.2000000000000725e-05,0.0,-5333.431882513216
-0.1868683268135774,0.3435581521961087,1.0,0,,0.01899999999999835,0.0,-9.835175095452296
-0.2388734384799739,0.4308186378594093,1.0,0,,0.1699999999999875,0.0,-1.4051378734117144
-0.22761856672799063,0.3392667068788734,1.0,0,,0.00039999999999995595,0.0,-569.0464168200392
-0.2970766516607524,0.5966541947161574,1.0,0,,2.9999999999998778e-05,0.0,-9902.555055358818
-0.7136160155487831,0.5549456839401601,,0,,0.0,0.0,
-0.384449159687995,0.31035588239411444,1.0,0,,9.999999999998899e-05,-9.999999999998899e-05,-3844.491596880373
-0.07897413047994789,0.34279372450591356,1.0,0,,0.057000000000000384,-0.013999999999999346,-1.385511061051708
-0.20436719184000535,0.3435581521961087,1.0,0,,0.01899999999999835,0.0,-10.756167991580162
-0.4008707873999501,0.4308186378594093,1.0,0,,0.13999999999998636,-0.040000000000020464,-2.8633627671427795
-0.9753222953375204,0.5643895495166595,1.0,0,,2.0000000000020002e-05,0.0,-48766.114766827246
-0.4685626090098135,0.45027651421624776,1.0,0,,2.0000000000002655e-06,-2.0000000000002655e-06,-234281.30450487565
-1.1049888471336164,0.44248220919456627,1.0,0,,0.0,-0.00040000000000001146,
-0.2753882007359899,0.31035588239411444,1.0,0,,9.999999999998899e-05,0.0,-2753.8820073602024
0.16871533208327172,0.5966541947161574,1.0,0,,5.000000000000143e-05,0.0,3374.306641665338
-0.31565687025599165,0.3392667068788734,1.0,0,,9.999999999998899e-05,0.0,-3156.5687025602642
-0.6572577559103414,0.5840703477581711,1.0,0,,9.999999999999593e-06,0.0,-65725.77559103681
5.5343310911919845,0.34279372450591356,1.0,0,,0.5109999999999992,-0.009999999999999787,10.83039352483756
-1.8940796663999528,0.43456998280609327,1.0,0,,0.0,-0.5,
-0.7154299430399229,0.37216761187053726,1.0,0,,0.0,-0.0009999999999994458,
-0.4729013334047547,0.3246136053467782,,0,,0.0,0.0,
-0.25690870547996836,0.5564162339860614,1.0,0,,0.00017999999999998573,-0.00010000000000001674,-1427.2705859999373
-0.33869140206718046,0.43456998280609327,1.0,0,,0.13999999999998636,-0.0700000000000216,-2.419224300480096
-1.0664575767456022,0.4506002739595064,1.0,0,,0.0,-1.1999999999999858e-05,
-0.9300472581456065,0.3379553943832384,1.0,0,,0.007999999999999119,-0.06800000000000139,-116.25590726821362
-0.6483026476415629,0.5644181994085175,1.0,0,,4.999999999999449e-05,0.0,-12966.052952832686
-0.8401832168399652,0.30909696465659464,1.0,0,,0.0,-0.0005000000000000004,
-0.3929047648239764,0.3230387579812643,1.0,0,,0.0,-0.0006999999999999229,
-0.30895905004797575,0.30995406681408144,1.0,0,,0.00019999999999997797,0.0,-1544.795250240049
-0.9557468083199109,0.37216761187053726,1.0,0,,0.0,-0.006000000000000227,
-2.2405595928799547,0.3453318663156921,1.0,0,,0.02200000000000024,-0.12399999999999878,-101.84361785817863
-0.4729013334047547,0.3246136053467782,,0,,0.0,0.0,
-0.6465768432191377,0.37618162959673207,,0,,0.0,0.0,
-2.8935184831727563,0.5564162339860614,1.0,0,,0.0,-0.0005200000000000204,
-1.0709490705724596,0.4506002739595064,1.0,0,,0.0,-7.000000000000062e-06,
-0.2650095259239823,0.4228385869530813,1.0,0,,0.1599999999999966,-0.12999999999999545,-1.6563095370249248
-0.23602265667677763,0.3379553943832384,1.0,0,,0.012000000000000455,-0.012000000000000455,-19.66855472306406
-0.29521521276697016,0.6032551173284071,1.0,0,,3.0000000000002247e-05,0.0,-9840.5070922316
-1.0203319725982336,0.5644181994085175,,0,,0.0,0.0,
-0.7149780954604645,0.4400139471852872,1.0,0,,3.000000000000398e-06,0.0,-238326.0318201232
-0.6801152299199604,0.3553905956372036,1.0,0,,0.06799999999999962,-0.05000000000000071,-10.001694557646534
-0.37699976959992365,0.37036926489143285,1.0,0,,0.0030000000000001137,0.0,-125.66658986663646
0.028522644422415533,0.3582112071342083,1.0,0,,7.999999999999674e-05,-1.9999999999999185e-05,356.5330552802087
-0.19187762286957794,0.3392136458348571,1.0,0,,0.028999999999999915,0.0,-6.616469754123396
-0.2418621091199351,0.5552833677427249,1.0,0,,0.00017000000000000348,-0.00014000000000000123,-1422.7182889407657
-0.22277743603197542,0.3293992337402756,1.0,0,,0.00039999999999995595,-9.999999999998899e-05,-556.9435900799999
-0.1789846965024402,0.4228385869530813,1.0,0,,0.13999999999998636,-0.18999999999999773,-1.2784621178746973
-0.12369444251997466,0.30995406681408144,1.0,0,,0.0005000000000000004,0.0,-247.38888503994912
-0.30427935897593333,0.3293992337402756,1.0,0,,0.00040000000000006697,0.0,-760.698397439706
-0.2804141119999621,0.37036926489143285,1.0,0,,0.006000000000000227,0.0,-46.73568533332524
-0.7149674287938741,0.4400139471852872,1.0,0,,3.000000000000398e-06,0.0,-238322.47626459308
3.9558214827198888,0.6773974031292216,1.0,0,,0.0005599999999999911,0.0,7063.966933428485
-0.1103047671023453,0.3392136458348571,1.0,0,,0.054999999999999716,0.0,-2.005541220042652
-0.34400083307024737,0.5552833677427249,1.0,0,,0.0002999999999999947,0.0,-1146.6694435675115
-0.47434018127515454,0.3262196275282187,,0,,0.0,0.0,
-0.6496811216159983,0.379158983867005,,0,,0.0,0.0,
-1.0600335627999649,0.3553905956372036,1.0,0,,0.15399999999999991,-0.0730000000000004,-6.883334823376399
-1.026920705659108,0.5700273262020701,1.0,0,,0.0,-7.999999999996898e-05,
-0.24731162623995384,0.43538700725097257,1.0,0,,0.00040000000000001146,0.0,-618.2790655998668
-0.32320539288798156,0.30548737703470347,1.0,0,,0.00020000000000003348,0.0,-1616.0269644396371
-0.3000976761887489,0.4397723506514041,1.0,0,,0.14000000000001478,-0.07999999999998408,-2.1435548299194087
-0.4644154769039969,0.31500623776758513,,0,,0.0,0.0,
-0.4259584005599743,0.3636777443464414,1.0,0,,0.0021999999999999797,0.0,-193.6174547999901
-0.34408457449279983,0.4397723506514041,1.0,0,,0.11999999999997613,0.0,-2.8673714541072357
-0.5086266720719446,0.3313700528843847,,0,,0.0,0.0,
-0.1964934295679889,0.33501694697681395,1.0,0,,0.00040000000000006697,-0.0004999999999999449,-491.23357391989003
-0.6652025135999359,0.3935598955765767,,0,,0.0,0.0,
-0.218175726215857,0.5586090115374578,1.0,0,,0.00018999999999999573,-0.00021999999999999797,-1148.2932958729575
-0.8734925513495262,0.5931939402239546,,0,,0.0,0.0,
-1.2401543246400013,0.3636777443464414,1.0,0,,0.0,-0.008000000000000007,
-0.25460433905599145,0.33501694697681395,1.0,0,,0.00039999999999995595,0.0,-636.5108476400487
-0.2229924372479945,0.30548737703470347,1.0,0,,0.00019999999999997797,-9.999999999998899e-05,-1114.9621862400952
-0.34988743799993693,0.3935598955765767,1.0,0,,7.000000000000062e-05,0.0,-4998.391971427626
-0.41805344839995656,0.36689484168934305,1.0,0,,0.1349999999999998,-0.022999999999999687,-3.0966922103700534
-2.421136148479959,0.43538700725097257,1.0,0,,0.0,-0.0008999999999999841,
-0.9568313993878164,0.6276195523463224,1.0,0,,1.0000000000003062e-05,0.0,-95683.13993875234
-0.05588681033028958,0.36020173873947403,1.0,0,,0.06800000000000139,-0.0329999999999977,-0.8218648577983594
-0.38368240431820333,0.5586090115374578,1.0,0,,0.0002500000000000002,0.0,-1534.729617272812
-0.2687253796416053,0.4397723506514041,1.0,0,,0.1599999999999966,-0.04999999999998295,-1.679533622760069
-0.5402166473599079,0.4940443234413702,1.0,0,,0.0030000000000001137,0.0,-180.07221578662916
-0.3313715217119695,0.33137463537002665,1.0,0,,0.0029999999999998916,0.0,-110.45717390399382
-0.4787046336767083,0.3313700528843847,,0,,0.0,0.0,
-1.859083775999973,0.3636777443464414,1.0,0,,0.0,-0.008599999999999941,
-0.3436660700928452,0.5628477294836101,1.0,0,,0.00015999999999999348,-1.0000000000010001e-05,-2147.91293808037
-0.945180808572013,0.5931939402239546,1.0,0,,0.0,-4.0000000000040004e-05,
-0.44105669955356785,0.36020173873947403,1.0,0,,0.0,-0.03500000000000014,
1.4170423988000198,0.36689484168934305,1.0,0,,0.1739999999999995,-0.015000000000000568,8.143921832184045
-0.5435120836799314,0.4940443234413702,1.0,0,,0.006000000000000227,0.0,-90.58534727998514
-0.31291382256000955,0.33501694697681395,1.0,0,,9.999999999998899e-05,0.0,-3129.13822560044
-0.6276975868799571,0.32173724926443137,1.0,0,,0.0001000000000000445,-0.00019999999999997797,-6276.975868796778
-0.44556201588957783,0.5638237821885956,1.0,0,,0.12999999999999545,-0.1699999999999875,-3.427400122227642
-0.27165755747754744,0.5628477294836101,1.0,0,,0.00015999999999999348,-4.999999999999449e-05,-1697.8597342347407
-0.5407341263279201,0.5638237821885956,1.0,0,,0.12999999999999545,-0.14000000000001478,-4.159493279445685
-1.2924615670270498,0.5968175254943953,1.0,0,,0.0,-1.999999999996449e-05,
-0.7507191333599263,0.4940443234413702,1.0,0,,0.0030000000000001137,0.0,-250.23971111996596
-0.25413992710397093,0.33137463537002665,1.0,0,,0.0008000000000001339,-0.00029999999999996696,-317.6749088799105
-0.8210135536559373,0.4781820136221279,1.0,0,,0.0070000000000014495,-0.027999999999998693,-117.28765052225248
-2.9849644361599803,0.36164158913515887,1.0,0,,0.03200000000000003,-0.12599999999999945,-93.2801386299993
-0.3713225930720031,0.3358374608040626,1.0,0,,0.0,-9.999999999998899e-05,
-0.36764074927997586,0.358827100160796,1.0,0,,0.10400000000000098,-0.005999999999998451,-3.5350072046151193
-0.2584937062656225,0.5769855413259057,1.0,0,,0.23999999999998067,-0.040000000000020464,-1.0770571094401806
-0.334175587199961,0.32173724926443137,1.0,0,,9.999999999998899e-05,0.0,-3341.755871999978
-1.238369126702357,0.5968175254943953,1.0,0,,0.0,-1.0000000000010001e-05,
-0.40985808008073116,0.5769855413259057,1.0,0,,0.14000000000001478,0.0,-2.9275577148620564
-0.5484962558399833,0.31460608317386735,1.0,0,,0.0,-0.0009999999999998899,
-0.9508298767679481,0.5668411487442271,1.0,0,,1.9999999999992246e-05,-0.0002500000000000002,-47541.49383841584
-0.4221556366720045,0.33222412902859794,1.0,0,,0.0,-0.000700000000000145,
-1.064405082787112,0.5873654013892371,1.0,0,,6.0000000000004494e-05,0.0,-17740.084713117205
-0.09582082291196958,0.30166767842588216,1.0,0,,0.22999999999998977,-0.18000000000000682,-0.41661227353032104
-1.1057543089039386,0.47369858496229744,1.0,0,,0.0,-0.0470000000000006,
-0.6713810942615464,0.5088706002037897,,0,,0.0,0.0,
-0.31438701215995624,0.31460608317386735,1.0,0,,0.002000000000000224,0.0,-157.1935060799605
-0.45122861160001476,0.3508383918107405,1.0,0,,9.999999999998899e-05,0.0,-4512.286116000644
-0.8890779885598239,0.4919007931467215,1.0,0,,0.0010000000000012221,-0.0019999999999988916,-889.0779885587373
-0.46981076155198737,0.42664260228238016,1.0,0,,0.00019999999999997797,0.0,-2349.0538077601955
-0.09874423637761426,0.30166767842588216,1.0,0,,0.21999999999999886,-0.040000000000020464,-0.44883743808006715
-0.49591358639999517,0.3508383918107405,1.0,0,,0.00040000000000006697,0.0,-1239.7839659997803
-0.1492929971071321,0.47369858496229744,1.0,0,,0.038000000000000256,-0.0070000000000014495,-3.9287630817666077
-0.4483592418400019,0.4919007931467215,1.0,0,,0.004999999999999005,0.0,-89.67184836801822
-0.36940207359996774,0.35576458448260423,1.0,0,,0.060000000000002274,0.0,-6.156701226665896
-2.014666000780695,0.5769855413259057,1.0,0,,0.0,-0.549999999999983,
-1.0070367571407761,0.5668411487442271,1.0,0,,8.999999999997899e-05,-0.000130000000000019,-11189.297301566792
0.7397812617888544,0.6273845049199478,1.0,0,,8.99999999999998e-05,0.0,8219.791797653956
-0.9711406261319454,0.5088706002037897,1.0,0,,0.0,-7.000000000000062e-05,
-0.7880962871039352,0.33222412902859794,1.0,0,,0.000600000000000156,-0.0019000000000000128,-1313.4938118395505
-0.3315984886992369,0.3147994198205383,1.0,0,,0.18999999999999773,-0.060000000000002274,-1.7452552036802151
-0.4502624987999803,0.358827100160796,1.0,0,,0.1899999999999995,-0.10400000000000098,-2.3698026252630604
-1.1250526862743775,0.4694141582448664,1.0,0,,0.0030000000000001137,-0.11899999999999977,-375.017562091445
-0.5184496150511617,0.5726335755459127,1.0,0,,0.00017000000000000348,0.0,-3049.703617947948
-0.7368656014719681,0.37369953381659365,1.0,0,,0.0,-0.6200000000000045,
-0.5112751375031153,0.5897545593756333,1.0,0,,0.18999999999999773,-0.1699999999999875,-2.690921776332218
-0.8142735308398545,0.5873654013892371,1.0,0,,3.0000000000030003e-05,0.0,-27142.451027968007
-0.6259502121599494,0.31460608317386735,1.0,0,,0.0,-0.0040000000000000036,
-0.7290502286398911,0.42664260228238016,1.0,0,,0.0,-0.00029999999999996696,
-0.6745265819136392,0.4022705687883276,,0,,0.0,0.0,
-0.6551445479039093,0.37369953381659365,1.0,0,,0.2799999999999727,0.0,-2.339801956799904
-0.46979417471993,0.32046906174831474,1.0,0,,0.002000000000000224,0.0,-234.89708735993872
0.10141083456005145,0.3392142254674564,1.0,0,,0.10599999999999987,-0.0990000000000002,0.9567059864155809
-0.9206398006271854,0.5897545593756333,1.0,0,,0.11999999999997613,0.0,-7.671998338561405
-0.5050112928479853,0.3550219269629861,1.0,0,,9.999999999998899e-05,-0.00039999999999995595,-5050.112928480409
-1.4205954033407788,0.4131699650889352,1.0,0,,0.0,-8.000000000000368e-05,
-0.6080684169599427,0.3323889104267706,1.0,0,,0.0,-0.008000000000000895,
-3.132105155982448,0.633002873866523,1.0,0,,0.0,-9.99999999999994e-05,
-0.5299701407999717,0.35576458448260423,1.0,0,,0.0,-0.10999999999999943,
-0.34286695878961587,0.4694141582448664,1.0,0,,0.021000000000000796,-0.021999999999998465,-16.326998037600138
-0.5583226967615966,0.3147994198205383,1.0,0,,0.060000000000002274,-0.46000000000000796,-9.30537827935959
-0.3228734695031692,0.3234271056706265,1.0,0,,0.22999999999998977,0.0,-1.4037976934921024
-0.40689458761597486,0.37369953381659365,1.0,0,,0.12999999999999545,0.0,-3.1299583662768393
-1.3512978649726237,0.5992979964200058,1.0,0,,0.0,-3.999999999998449e-05,
-1.3005766511999304,0.5726335755459127,1.0,0,,0.0,-0.0005099999999999827,
-0.42453635151998736,0.43423264914117654,1.0,0,,9.999999999998899e-05,0.0,-4245.363515200341
-0.6139418006399806,0.3392142254674564,1.0,0,,0.01699999999999946,-0.08699999999999974,-36.11422356705883
-0.3796014335039559,0.36639012451090724,1.0,0,,0.15000000000009095,0.0,-2.5306762233581717
-0.4999445494560055,0.3550219269629861,,0,,0.0,0.0,
-0.33022659839994095,0.3323889104267706,1.0,0,,0.0010000000000012221,-0.0009999999999994458,-330.22659839953735
2.3626664120160346,0.638369544483249,1.0,0,,0.00010999999999999899,0.0,21478.78556378233
-0.15224501510397753,0.3234271056706265,1.0,0,,0.2300000000000182,0.0,-0.6619348482781109
-0.3848130998399829,0.32046906174831474,1.0,0,,0.0,-0.001000000000000334,
-0.3901021263999457,0.35576458448260423,1.0,0,,0.0,-0.060000000000002274,
-0.5428631382743916,0.34202022021766765,1.0,0,,0.013999999999999346,-0.04400000000000048,-38.77593844817264
-0.6846439892320868,0.6029596055869303,1.0,0,,0.00010999999999999899,0.0,-6224.036265746301
-1.1149696115207146,0.5907531545220566,1.0,0,,0.0,-0.5699999999999932,
-0.7792534189440817,0.5776088793454546,1.0,0,,5.999999999997674e-05,-0.00014000000000000123,-12987.556982406397
-0.6951685499039929,0.4205131056455981,,0,,0.0,0.0,
-0.06451719687598367,0.3234271056706265,1.0,0,,0.2400000000000091,0.0,-0.2688216536499218
-0.7032354403199902,0.33929455951606613,1.0,0,,0.0007999999999999119,-0.0017000000000000348,-879.0443004000846
-0.5705890646399829,0.329175806079195,1.0,0,,0.0,-0.010000000000001563,
-0.9599167783519753,0.4259176522938862,,0,,0.0,0.0,
-0.8512804531679901,0.3449814247981726,1.0,0,,0.0,-0.0008000000000000229,
-0.8880213467999233,0.35090275809622873,1.0,0,,0.0470000000000006,-0.04899999999999949,-18.894071208508766
-4.648831220203206,0.638369544483249,1.0,0,,0.0,-4.999999999999796e-05,
-0.922177851955171,0.6029596055869303,1.0,0,,0.00012000000000000899,0.0,-7684.8154329591825
-0.8549460338399282,0.36639012451090724,1.0,0,,0.0,-0.4699999999999136,
-0.28266822144000564,0.3235832820437454,1.0,0,,0.0030000000000001137,-0.0019999999999988916,-94.22274047999831
-1.7206181615998908,0.49130703483904004,1.0,0,,0.0,-0.004999999999999893,
-0.3317679892591604,0.34202022021766765,1.0,0,,0.015000000000000568,-0.006999999999997897,-22.117865950609854
-0.46626695150396946,0.36667627944486925,1.0,0,,0.12999999999999545,0.0,-3.5866688577229673
-3.346877016251948,0.5907531545220566,1.0,0,,0.0,-0.6599999999999966,
-0.13404206995196988,0.3336150259486028,1.0,0,,0.0020999999999999908,0.0,-63.829557119985935
-0.4855899745199952,0.412434531918042,,0,,0.0,0.0,
-1.2790025125127769,0.5776088793454546,1.0,0,,0.0,-0.00042999999999998595,
-0.29434159551997063,0.3427933091541551,1.0,0,,0.10099999999999909,-0.02200000000000024,-2.9142732229700323
-1.1243992618767495,0.6059067207979763,1.0,0,,0.0,-0.000150000000000039,
-0.7558661692799352,0.489459985700962,1.0,0,,0.0,-0.0019999999999997797,
-0.2935343381880455,0.6220376918829132,1.0,0,,2.9999999999998778e-05,0.0,-9784.477939601915
-0.583507102007975,0.3367077513297306,1.0,0,,0.012999999999998124,-0.02500000000000213,-44.885161692927625
-0.13284003311036502,0.3260912360609953,1.0,0,,0.05000000000001137,-0.29999999999998295,-2.656800662206696
-0.3927740572799613,0.3235832820437454,1.0,0,,0.0030000000000001137,0.0,-130.92468575998214
-0.35724702115199714,0.34295020864736614,1.0,0,,0.00029999999999996696,-0.00019999999999997797,-1190.8234038401215
-1.2900537789567261,0.5813849732410398,1.0,0,,0.060000000000002274,-0.4199999999999875,-21.50089631594462
-0.7015402270079419,0.4259176522938862,,0,,0.0,0.0,
-0.48663041817596797,0.3336150259486028,,0,,0.0,0.0,
-0.22175528411997758,0.3367077513297306,1.0,0,,0.018000000000000682,-0.0030000000000001137,-12.319738006664954
1.654709943539903,0.46348944153879257,1.0,0,,0.0005600000000000049,0.0,2954.839184892658
-0.471603225887985,0.36667627944486925,1.0,0,,0.13999999999998636,0.0,-3.3685944706287922
-2.9949446340799466,0.3427933091541551,1.0,0,,0.02999999999999936,-0.266,-99.83148780266701
-0.359521684642332,0.6059067207979763,1.0,0,,0.00012000000000000899,0.0,-2996.014038685875
-0.7700800773599366,0.489459985700962,1.0,0,,0.0009999999999998899,0.0,-770.0800773600214
-1.8327761052119387,0.3461742326805691,1.0,0,,0.06999999999999318,-0.6800000000000068,-26.18251578874453
-0.30887914380959447,0.4671331691248382,1.0,0,,0.0002600000000000102,0.0,-1187.996706959932
-0.39260123999997476,0.3235832820437454,1.0,0,,0.0030000000000001137,-0.002000000000000668,-130.86707999998663
-0.31770354879998364,0.34295020864736614,1.0,0,,9.999999999998899e-05,0.0,-3177.0354880001864
-1.7405399937199348,0.3461742326805691,1.0,0,,0.11000000000001364,-0.7099999999999795,-15.823090851997446
0.13734224121593558,0.4166518419431647,1.0,0,,0.0007999999999999952,0.0,171.6778015199205
-0.27721835807999073,0.3133191159313935,1.0,0,,9.999999999998899e-05,0.0,-2772.1835808002124
-2.8947333272591287,0.564753947650961,1.0,0,,0.0,-0.5900000000000034,
-0.5891436665999775,0.34872893273315586,1.0,0,,0.0,-0.045000000000001705,
-0.2206634408159563,0.4166518419431647,1.0,0,,0.0006999999999999784,0.0,-315.2334868799473
-1.5560292426623774,0.6073333857354342,1.0,0,,0.0,-0.00010999999999999899,
-0.31017729168000047,0.3133191159313935,1.0,0,,0.00019999999999997797,0.0,-1550.886458400173
-0.6508028980799585,0.32342032714253577,1.0,0,,0.0,-0.0040000000000000036,
0.05808687193599901,0.3461742326805691,1.0,0,,0.27000000000001023,-0.12999999999999545,0.2151365627259141
0.3266223981456088,0.4079159568941386,1.0,0,,0.00012000000000000205,0.0,2721.8533178800267
-0.19890958478157325,0.4671331691248382,1.0,0,,0.0006099999999999994,0.0,-326.0812865271696
1.9753981780097314,0.6432561025147718,1.0,0,,0.00010999999999999899,0.0,17958.16525463409
-0.1653584369471627,0.34872893273315586,1.0,0,,0.03200000000000003,-0.03300000000000125,-5.16745115459883
-2.0974718176079246,0.564753947650961,1.0,0,,0.0,-0.3599999999999852,
-0.4529113470839834,0.33582800912857425,1.0,0,,0.018000000000000682,0.0,-25.16174150466479
-0.1756289720319814,0.31476913940682677,1.0,0,,0.00030000000000002247,0.0,-585.4299067732276
-0.3499404477479243,0.5507577022925905,1.0,0,,0.21000000000000796,0.0,-1.6663830845138623
-0.2381860166399961,0.32691762321489026,1.0,0,,0.0019999999999997797,0.0,-119.09300832001117
-0.8889056012927279,0.6073333857354342,,0,,0.0,0.0,
-1.3799999530799418,0.4278509280828421,1.0,0,,0.00020000000000000573,-0.0008999999999999841,-6899.9997653995115
-1.3793042816111174,0.5882757766257978,1.0,0,,0.0,-0.00012000000000000899,
-0.4536904365071726,0.30259658219741103,,0,,0.0,0.0,
-0.3264788203199545,0.32691762321489026,1.0,0,,0.002000000000000224,0.0,-163.239410159959
-0.31624576266233584,0.5507577022925905,1.0,0,,0.21999999999999886,0.0,-1.4374807393742612
-0.31090210406400187,0.31476913940682677,1.0,0,,0.00019999999999997797,0.0,-1554.5105203201806
-0.4533996714335651,0.30259658219741103,1.0,0,,2.9999999999995308e-05,0.0,-15113.3223811212
-0.13327739546396516,0.4278509280828421,1.0,0,,0.00030000000000002247,-0.0003999999999999837,-444.2579848798506
-1.5973006173695643,0.6392205715177222,1.0,0,,9.999999999999593e-06,-2.9999999999998778e-05,-159730.06173696293
-0.6688790572175651,0.39688026078541805,,0,,0.0,0.0,
-0.9993568131118324,0.6235547737207133,1.0,0,,2.0000000000020002e-05,-6.0000000000004494e-05,-49967.84065554165
-0.3229884337499827,0.301099747315758,1.0,0,,2.999999999999531e-06,-3.9999999999996635e-06,-107662.81125001107
-0.23353371647998533,0.31476913940682677,1.0,0,,0.00029999999999996696,-0.0001000000000000445,-778.4457216000368
-0.3432475568983458,0.5699803373026116,1.0,0,,0.18000000000000682,-0.060000000000002274,-1.9069308716574043
-0.16366871663999716,0.32691762321489026,1.0,0,,0.0040000000000000036,-0.0029999999999996696,-40.91717915999925
-0.5294712630238865,0.3690317645962685,1.0,0,,0.19000000000005457,-0.17999999999994998,-2.7866908580196545
0.0752892460991805,0.33582800912857425,1.0,0,,0.07400000000000162,-0.0010000000000012221,1.017422244583498
-3.2195479952782873,0.5882757766257978,1.0,0,,9.999999999982245e-06,-0.00039000000000000146,-321954.79952840036
-4.331853095500736,0.5879045698050785,1.0,0,,0.0,-0.0006099999999999994,
-1.0901013022174788,0.5699803373026116,1.0,0,,0.2400000000000091,0.0,-4.542088759239323
-0.276188169062366,0.3353313096672056,1.0,0,,0.060000000000002274,-0.2599999999999909,-4.6031361510392586
-0.7327544565599652,0.4039331242566838,1.0,0,,0.0,-0.0001300000000000051,
-0.9955211141119258,0.42372534104979004,1.0,0,,0.0,-0.0010000000000000009,
-0.352430528750395,0.3353313096672056,1.0,0,,0.20000000000001705,-0.030000000000001137,-1.7621526437518247
-1.1043596640383226,0.6181340804531201,1.0,0,,0.0,-0.00014999999999998348,
-0.1323433792799924,0.42372534104979004,1.0,0,,0.0005000000000000004,0.0,-264.6867585599846
-0.7978540974624,0.34474233569568524,1.0,0,,0.0,-0.038000000000000256,
-0.4065229360799856,0.32773830252601044,1.0,0,,0.0009999999999998899,0.0,-406.5229360800303
-1.1789409275039444,0.329196082239237,1.0,0,,0.00029999999999996696,-0.0007000000000000339,-3929.8030916802477
-0.753805106061815,0.301099747315758,1.0,0,,0.0,-4.000000000000531e-06,
-2.2775666216423307,0.3321116401365116,1.0,0,,0.0,-0.0004099999999999937,
-0.8217552148079263,0.4297021044865844,1.0,0,,9.999999999998899e-05,-9.999999999998899e-05,-8217.552148080169
-0.6913785709440015,0.4178521685610653,,0,,0.0,0.0,
-0.4511630460286756,0.4039331242566838,1.0,0,,4.000000000001225e-05,0.0,-11279.076150713436
-0.33044602187521355,0.4210418892378742,1.0,0,,0.0004999999999999449,0.0,-660.8920437504999
-0.30108854451202754,0.4623382598046943,1.0,0,,0.0004999999999999449,-9.999999999998899e-05,-602.1770890241214
-0.34424624102395796,0.3281246343999443,1.0,0,,0.0039999999999995595,0.0,-86.06156025599897
-0.686159521144806,0.3476655833007316,1.0,0,,0.710000000000008,0.0,-0.9664218607673216
-0.10859995161596381,0.5879045698050785,1.0,0,,0.00021999999999999797,-3.999999999998449e-05,-493.63614370893094
-1.270779469344054,0.6181340804531201,,0,,0.0,0.0,
-1.2429897265438847,0.6007996354541222,1.0,0,,0.0009000000000000119,0.0,-1381.0996961598537
-0.4018086075647853,0.3490112544956356,1.0,0,,24.0,-14.89999999999418,-0.016742025315199388
-0.9052410110495644,0.47574654675158434,1.0,0,,0.00014000000000000123,0.0,-6466.007221782546
-0.20554632789920285,0.301099747315758,1.0,0,,3.9999999999996635e-06,0.0,-51386.581974805034
-0.48440467027683876,0.4968240404113714,1.0,0,,0.00012999999999996348,0.0,-3726.189771361345
-0.3789638515743583,0.4210418892378742,1.0,0,,0.00040000000000006697,0.0,-947.4096289357371
-0.6549819321935892,0.34474233569568524,1.0,0,,0.0,-0.05900000000000105,
18.883969783670434,0.5808886919431306,1.0,0,,3.4799999999999898,-0.4000000000000057,5.4264280987558875
-0.24936054975995103,0.3281246343999443,1.0,0,,0.004000000000001336,0.0,-62.34013743996694
-0.6062314476799349,0.6007996354541222,1.0,0,,0.00020000000000003348,-9.999999999998899e-05,-3031.157238399167
-0.35483837518244854,0.4121428571566945,1.0,0,,3.000000000000398e-06,-1.0000000000001327e-06,-118279.45839413382
-0.39173715359991446,0.33897833800457566,1.0,0,,0.0030000000000001137,-0.0039999999999995595,-130.57905119996653
-0.047089183666319756,0.3476655833007316,1.0,0,,0.5600000000000023,0.0,-0.08408782797557066
-0.38910493124801304,0.3690317645962685,1.0,0,,0.16999999999995907,-0.3300000000000409,-2.288852536753569
-0.6385760035199484,0.5062046988481603,1.0,0,,0.002000000000000224,-0.0009999999999998899,-319.2880017599384
-0.5523684064447657,0.47574654675158434,1.0,0,,7.999999999999674e-05,0.0,-6904.6050805598525
-0.49559108614395697,0.31439526993571715,1.0,0,,0.0,-0.00040000000000001146,
-0.4983064336607589,0.35419754726084696,1.0,0,,0.01799999999999713,-0.008000000000002672,-27.683690758935462
-0.27413494234873187,0.3490112544956356,1.0,0,,20.10000000000582,-32.69999999999709,-0.013638554345704103
-0.6727648498030161,0.5808886919431306,1.0,0,,0.7299999999999898,-1.1899999999999977,-0.9215956846616788
-0.4630602959999925,0.33897833800457566,1.0,0,,0.009999999999999787,0.0,-46.30602960000024
-0.6545425677119188,0.37603902896219604,1.0,0,,0.3000000000000682,0.0,-2.1818085590392333
-0.6380671526400117,0.5062046988481603,1.0,0,,0.0019999999999997797,0.0,-319.033576320041
-0.9321947392030823,0.4968240404113714,1.0,0,,0.0,-0.00020999999999998797,
-0.4777053657599591,0.3281246343999443,1.0,0,,0.009999999999999787,0.0,-47.77053657599693
-0.7917074954207521,0.4210418892378742,1.0,0,,0.0010999999999999899,0.0,-719.734086746145
-0.4219098921695613,0.3476655833007316,1.0,0,,0.19999999999998863,0.0,-2.1095494608479264
-0.5973656147071988,0.3490112544956356,1.0,0,,23.20000000001164,0.0,-0.025748517875297375
-0.40487339289593066,0.4623382598046943,1.0,0,,0.000500000000000056,-0.0004999999999999449,-809.7467857917707
-0.6400747785599599,0.47574654675158434,1.0,0,,0.00017999999999998573,0.0,-3555.970992000059
-0.4978081438367979,0.35419754726084696,1.0,0,,0.028000000000002245,0.0,-17.778862279884212
-0.05291862224874716,0.4605744118988876,1.0,0,,0.0004900000000000182,-0.00025999999999998247,-107.9971882627453
-1.2449195195040148,0.6007996354541222,1.0,0,,0.00020000000000003348,-9.999999999998899e-05,-6224.597597519032
-0.33876531122398656,0.31439526993571715,1.0,0,,0.00019999999999997797,-0.00030000000000002247,-1693.8265561201194
-0.6817994051231591,0.40890593260355906,1.0,0,,3.999999999999837e-05,0.0,-17044.985128079672
-0.4986930643199592,0.33736130276817733,1.0,0,,0.0030000000000001137,0.0,-166.2310214399801
-0.4717623715199457,0.324430842509549,1.0,0,,0.0009000000000000119,0.0,-524.1804127999327
-0.5983727697920317,0.4616210224722767,1.0,0,,4.999999999999449e-05,-0.0005799999999999972,-11967.455395841951
-0.07828259913600874,0.31757614200547946,1.0,0,,0.0002999999999999947,0.0,-260.9419971200337
-1.0087250344856926,0.4121428571566945,1.0,0,,2.0000000000002655e-06,-7.999999999999327e-06,-504362.5172427794
-1.346291826431938,0.4623382598046943,1.0,0,,0.0,-0.0010999999999999899,
-0.6975758949119595,0.36831048243108966,1.0,0,,0.0,-0.4599999999999227,
-0.410368052102374,0.4330732561798989,1.0,0,,0.000500000000000056,-0.00019999999999997797,-820.7361042046562
1.3248184206877218,0.5808886919431306,1.0,0,,1.0700000000000216,-0.5300000000000011,1.238148056717472
-0.42908806159998436,0.3397763991422851,1.0,0,,0.0,-0.09000000000000341,
-0.3689600423999813,0.3397763991422851,1.0,0,,0.04999999999999716,0.0,-7.379200848000046
-0.9556219526398988,0.5123950263853414,1.0,0,,0.0,-0.0030000000000001137,
-1.2622632970462173,0.6125960084976908,,0,,0.0,0.0,
-0.08923681871997449,0.31757614200547946,1.0,0,,0.0002999999999999947,0.0,-297.4560623999202
-0.198857755713569,0.5892984227583313,1.0,0,,0.17000000000001592,-0.10999999999998522,-1.1697515041973552
-0.4268503037031007,0.4169584051131408,1.0,0,,3.9999999999996635e-06,-2.0000000000002655e-06,-106712.57592578414
-0.685519795631998,0.330627748098696,1.0,0,,0.0,-0.007999999999999119,
-0.5053169729408031,0.3435513561655593,1.0,0,,4.30000000000291,-24.89999999999418,-0.11751557510243282
-0.23722293857759072,0.3483881711955848,1.0,0,,0.3499999999999943,-0.13999999999998636,-0.677779824507413
-1.3641805767742776,0.47808618021031557,1.0,0,,0.0,-0.00012999999999999123,
-0.4514153628671764,0.34706327047304136,1.0,0,,0.0,-0.022000000000002018,
-1.0664451678318039,0.6092921372911695,1.0,0,,0.00020000000000003348,0.0,-5332.225839158126
-0.6072043305600102,0.33736130276817733,1.0,0,,0.0009999999999994458,-0.007999999999999119,-607.2043305603468
-0.4924298715840261,0.36831048243108966,1.0,0,,0.07999999999992724,0.0,-6.155373394805925
-0.4932392389919385,0.33101013148256464,1.0,0,,0.5099999999999909,0.0,-0.9671357627293085
-0.5113552227887174,0.40890593260355906,1.0,0,,0.0,-0.00011000000000001287,
-0.23781595902765357,0.3269608888750668,1.0,0,,1.699999999999916e-09,0.0,-139891740.60450903
-0.2512060776000189,0.3509935482794904,1.0,0,,0.0899999999999892,0.0,-2.791178640000545
-0.3692097795551804,0.4330732561798989,1.0,0,,0.00039999999999995595,-9.999999999998899e-05,-923.0244488880527
-0.5026752197279535,0.3740679061974772,1.0,0,,0.2300000000000182,0.0,-2.185544433599625
-0.8890910271999586,0.5123950263853414,1.0,0,,0.0,-0.0040000000000000036,
-0.04226268600798269,0.3483881711955848,1.0,0,,0.30000000000001137,-0.01999999999998181,-0.14087562002660364
-1.9500749622862865,0.6125960084976908,,0,,0.0,0.0,
-0.30094367166719294,0.3435513561655593,1.0,0,,19.5,-10.0,-0.015433008803445792
-0.3190890787200252,0.33815735072682757,1.0,0,,0.004999999999999005,-0.0039999999999995595,-63.81781574401773
-4.1765575321280135,0.6040456886709573,1.0,0,,0.14000000000001478,-0.5599999999999739,-29.83255380091123
-0.35694841540656175,0.4169584051131408,1.0,0,,2.999999999999531e-06,0.0,-118982.8051355392
-0.5117153314560283,0.330627748098696,1.0,0,,0.0,-0.0030000000000001137,
-0.3761448010320656,0.47808618021031557,,0,,0.0,0.0,
-0.92378176557117,0.34706327047304136,1.0,0,,0.004000000000001336,-0.04200000000000159,-230.94544139271537
-1.4924898670798867,0.5014813411290062,1.0,0,,0.0,-0.00010000000000000286,
-0.40358201071198263,0.33101013148256464,1.0,0,,0.12999999999999545,0.0,-3.104477005476898
-0.5577124911310809,0.3269608888750668,1.0,0,,0.0,-5.399999999999982e-09,
-0.7506033405501217,0.41423884399761735,1.0,0,,0.0,-1.299999999999999e-05,
-0.2464146027840053,0.4316912398324697,1.0,0,,0.0002999999999999947,-0.00020000000000000573,-821.3820092800321
-0.43338302645119675,0.4807365223355449,1.0,0,,0.00015999999999999348,0.0,-2708.64391532009
-0.49471826687997394,0.34053415115946983,1.0,0,,0.0,-0.0022999999999999687,
-0.9197064894526932,0.4860622143722979,1.0,0,,0.0,-0.00017999999999998573,
-1.454417148263885,0.6014402541097861,1.0,0,,9.999999999998899e-05,-0.00029999999999996696,-14544.171482640451
-0.6505240712039416,0.6040456886709573,1.0,0,,0.6099999999999852,-0.11000000000001364,-1.0664329036130449
-0.9705566377102883,0.4427330890188025,1.0,0,,0.0,-0.0010000000000000009,
-0.6356817214103695,0.35379634721784226,1.0,0,,0.04999999999998295,-0.36000000000001364,-12.713634428211726
-0.4765864773239701,0.35254970192777896,1.0,0,,0.021000000000000796,-0.0019999999999988916,-22.69459415828343
-0.38931552213599224,0.33101013148256464,1.0,0,,0.14999999999997726,0.0,-2.5954368142403417
-0.2795307026759586,0.35254970192777896,1.0,0,,0.021000000000000796,0.0,-13.31098584171181
-0.46191505973756797,0.3495492732951857,1.0,0,,2.1000000000058208,-35.69999999999709,-0.21995955225537506
-0.38904805199997583,0.3509935482794904,1.0,0,,0.030000000000001137,-0.03999999999999204,-12.968268399998703
-0.571110716159909,0.33815735072682757,1.0,0,,0.0,-0.005999999999998451,
-0.41853355891202165,0.33719438642211697,1.0,0,,0.0,-0.007999999999999119,
-0.35757095422400714,0.3740679061974772,1.0,0,,0.13999999999998636,-0.2099999999999227,-2.554078244457443
-0.6247194624239484,0.6014402541097861,1.0,0,,0.00030000000000002247,0.0,-2082.398208079672
-0.2627142815526658,0.3269608888750668,1.0,0,,1.4000000000001052e-09,-2.1999999999997418e-09,-187653058.25189003
-0.3366492730304183,0.41423884399761735,1.0,0,,7.000000000000062e-06,0.0,-48092.753290059336
-0.34105383109197673,0.4427330890188025,1.0,0,,0.0004999999999999449,0.0,-682.1076621840286
-0.49577839857827966,0.4860622143722979,1.0,0,,0.00010999999999999899,0.0,-4507.076350711674
-0.9386021388287331,0.5014813411290062,1.0,0,,0.0,-6.0000000000004494e-05,
-0.410490608378279,0.6040456886709573,1.0,0,,0.22999999999998977,-0.21000000000000796,-1.784741775557814
-0.7681728095999645,0.4675638508075197,1.0,0,,0.01999999999999602,0.0,-38.408640480005865
-0.3849490190079885,0.36418806116624375,1.0,0,,37.5,-0.10000000000582077,-0.01026530717354636
-0.7003134303999448,0.5264485161412051,1.0,0,,0.18000000000000682,0.0,-3.8906301688884346
-0.3591015381599476,0.5134886909007205,1.0,0,,0.002000000000000224,-0.0030000000000001137,-179.5507690799537
0.26252539353606164,0.4316912398324697,1.0,0,,0.00010000000000001674,-0.0005999999999999894,2625.253935360177
-0.9556075511998572,0.5075066990313531,1.0,0,,0.009999999999999787,0.0,-95.56075511998776
-0.29845119652794216,0.33904397925412594,1.0,0,,0.02400000000000091,0.0,-12.43546652199712
0.3014941412736577,0.35379634721784226,1.0,0,,1.1800000000000068,-0.10999999999998522,0.25550350955394574
-0.4836385767839426,0.39339101671354115,1.0,0,,0.8900000000001,0.0,-0.543414131217852
-0.6570000512007154,0.49496567747173004,1.0,0,,0.00032000000000000084,0.0,-2053.12516000223
-0.3639453684479749,0.35702611274753115,1.0,0,,0.36000000000001364,-0.049999999999954525,-1.010959356799892
-0.5163764897511416,0.4293132117080578,1.0,0,,5.099999999999748e-09,-6.000000000000451e-10,-101250292.10807198
-1.459680013399534,0.5879866212681648,1.0,0,,7.999999999999327e-06,0.0,-182460.0016749571
-0.9728748777600296,0.519483547509321,1.0,0,,0.0040000000000000036,0.0,-243.21871944000716
-0.991749499084659,0.4807365223355449,1.0,0,,0.0,-3.999999999998449e-05,
-1.1766743531279251,0.6131475755528308,1.0,0,,0.0005000000000000004,0.0,-2353.3487062558484
-0.18633400719351384,0.4456931791459411,1.0,0,,0.00023000000000000798,-0.00023000000000000798,-810.1478573630756
-0.48895883896313697,0.36418806116624375,1.0,0,,22.60000000000582,-17.89999999999418,-0.0216353468567704
-0.2660139402958649,0.44656447890887074,1.0,0,,0.00039999999999995595,-0.0006000000000000449,-665.0348507397355
-0.6764777480000426,0.5075066990313531,1.0,0,,0.004999999999999005,-0.002000000000000668,-135.29554960003543
-0.6830578989599072,0.39339101671354115,1.0,0,,0.2799999999999727,0.0,-2.4394924962856206
-0.10578717327348253,0.49587564657208527,1.0,0,,0.00024000000000001798,0.0,-440.7798886394775
-0.13248681911991272,0.5264485161412051,1.0,0,,0.1599999999999966,-0.0799999999999983,-0.8280426194994722
-0.20747007652797556,0.33904397925412594,1.0,0,,0.006000000000000227,0.0,-34.57834608799462
-0.929061376847909,0.49496567747173004,1.0,0,,0.00012999999999999123,-1.0000000000010001e-05,-7146.625975753628
-0.5134747023359895,0.35702611274753115,1.0,0,,0.410000000000025,0.0,-1.2523773227706296
-0.861809803911322,0.4293132117080578,1.0,0,,1.650000000000018e-08,0.0,-52230897.20674621
-1.2231075593259577,0.5879866212681648,1.0,0,,1.8000000000000654e-05,0.0,-67950.41996255073
-0.894236938152018,0.6131475755528308,1.0,0,,0.0011999999999999789,0.0,-745.1974484600281
-0.8933796186000009,0.44089085200320355,1.0,0,,0.0,-0.0010999999999999899,
-0.8380043747904418,0.49587564657208527,1.0,0,,6.999999999998674e-05,-5.000000000002225e-05,-11971.49106843715
-1.7602183539863612,0.6032171528887157,1.0,0,,0.7700000000000102,-0.29999999999998295,-2.285997862319919
-1.4852025086663716,0.44656447890887074,1.0,0,,0.00019999999999997797,-0.0014999999999999458,-7426.012543332676
-1.998345768479966,0.519483547509321,1.0,0,,0.0,-0.0040000000000000036,
-0.5925462521471848,0.36418806116624375,1.0,0,,0.0,-86.69999999999709,
-1.1823582252800762,0.5075066990313531,1.0,0,,0.0,-0.011000000000001009,
-0.677938773600063,0.4675638508075197,1.0,0,,0.00999999999999801,-0.10000000000000142,-67.79387736001979
-0.7176323895840508,0.44089085200320355,1.0,0,,0.0002999999999999947,-0.00020000000000000573,-2392.107965280212
-0.9293543021376013,0.49496567747173004,1.0,0,,7.000000000000062e-05,0.0,-13276.490030537045
-0.6404369041199218,0.47546446408046567,1.0,0,,0.00029999999999996696,0.0,-2134.7896803999747
-0.5195638125039393,0.45660611239428456,1.0,0,,3.999999999999837e-05,-2.0000000000006124e-05,-12989.095312599013
-0.6538407280080257,0.3522411051175567,1.0,0,,0.03900000000000148,-0.07099999999999795,-16.765146872000024
-0.6996812060399591,0.4535391407319286,1.0,0,,0.000600000000000156,-0.0006999999999999229,-1166.1353433996287
-0.6640864020000257,0.3741120022928627,1.0,0,,0.11000000000001364,0.0,-6.037149109090394
-1.2473651720448862,0.6030360401370651,1.0,0,,4.999999999999796e-06,0.0,-249473.0344089874
-1.1020000060799247,0.5264485161412051,1.0,0,,0.0,-0.1700000000000017,
-0.672654018055991,0.39339101671354115,1.0,0,,0.030000000000086402,-0.34999999999990905,-22.42180060180179
-1.1444005271999556,0.4650171356485199,1.0,0,,0.00999999999999801,-0.030000000000001137,-114.44005272001833
-1.5366973991199577,0.527121319865528,,0,,0.0,0.0,
1.6052499908495421,0.37187744547141344,1.0,0,,0.8499999999999943,0.0,1.888529400999474
-0.34436814662400206,0.33904397925412594,1.0,0,,0.0,-0.007999999999999119,
-1.2850500878879534,0.6032171528887157,1.0,0,,0.09000000000000341,-0.4300000000000068,-14.278334309865608
-1.0677114704159216,0.45478679056281246,1.0,0,,0.0,-0.0010000000000000009,
-1.2203357687807952,0.5208504961240639,,0,,0.0,0.0,
-0.34365417139203713,0.47546446408046567,1.0,0,,9.999999999998899e-05,-0.00019999999999997797,-3436.5417139207498
-1.1872676025599664,0.5196002793931918,1.0,0,,0.0,-0.011999999999998678,
-0.6248417844023798,0.3651125263733479,1.0,0,,0.009000000000000341,-0.004999999999999005,-69.42686493359513
-1.1744530540679676,0.5008634729220448,1.0,0,,0.0,-4.4000000000003306e-09,
-1.2498404915518937,0.6030360401370651,,0,,,,
-1.5036000171839505,0.629356620738377,1.0,0,,0.0,-0.00040000000000001146,
-1.648379547115163,0.5156737928337882,1.0,0,,9.999999999996123e-06,-0.00010000000000000286,-164837.9547115802
-1.1723590073520544,0.47227894102364,1.0,0,,0.0,-0.0014000000000000679,
-2.0377284091999996,0.532459154961963,1.0,0,,0.0,-0.009000000000000341,
-0.870110182656006,0.4535391407319286,1.0,0,,0.00019999999999997797,-0.0016000000000000458,-4350.550913280509
-1.007874031679958,0.37099171094458827,1.0,0,,10.599999999991269,-60.70000000001164,-0.09508245581894227
-0.9625495699679566,0.3741120022928627,1.0,0,,0.009999999999990905,-0.5600000000000023,-96.25495699688321
-0.611465714496001,0.3522411051175567,1.0,0,,0.0,-0.12300000000000466,
-0.7434023327999004,0.4650171356485199,1.0,0,,0.03999999999999915,0.0,-18.585058319997906
-0.6821014389383911,0.5208504961240639,1.0,0,,0.00010999999999999899,0.0,-6200.922172167249
-0.6409421797839617,0.47546446408046567,1.0,0,,0.00030000000000002247,0.0,-2136.4739326130457
0.3840182001040662,0.3158884888074258,1.0,0,,0.0006000000000000172,0.0,640.0303335067587
-0.6851178809375948,0.41200526482588906,,0,,0.0,0.0,
-0.7337476074240206,0.45660611239428456,1.0,0,,9.999999999996123e-06,-8.000000000001062e-05,-73374.7607424305
-0.5202819431920045,0.4535391407319286,1.0,0,,0.001000000000000112,0.0,-520.2819431919463
-0.7861870413600247,0.5575417946611912,1.0,0,,0.0,-0.4499999999999318,
-0.7319191045919522,0.45478679056281246,1.0,0,,0.0,-0.00029999999999996696,
-0.8842856396879117,0.5096266281161488,1.0,0,,0.0,-0.004999999999999005,
-1.2141491237831907,0.60545587344461,1.0,0,,0.0,-0.28999999999999204,
-0.3227824927966717,0.48915121937663214,1.0,0,,0.12000000000000455,-0.44999999999998863,-2.689854106638829
-0.3694840763120043,0.3522411051175567,1.0,0,,0.043000000000006366,-0.006999999999990791,-8.5926529374872
-0.7431239049600046,0.4650171356485199,1.0,0,,0.01999999999999602,0.0,-37.15619524800762
-0.6629372375998037,0.532459154961963,1.0,0,,0.002000000000000224,-0.0009999999999998899,-331.46861879986477
-0.6255365578727756,0.3651125263733479,1.0,0,,0.0,-0.045999999999999375,
-1.96488629889457,0.6030360401370651,1.0,0,,0.0,-1.000000000000046e-05,
-0.889832971387029,0.490544240715722,1.0,0,,0.19999999999998863,-0.030000000000001137,-4.449164856935398
-1.2156759878400067,0.5196002793931918,1.0,0,,0.0009999999999994458,-0.010000000000001563,-1215.6759878406806
-1.0287891660964514,0.5008634729220448,1.0,0,,9.999999999979575e-11,-2.900000000000006e-09,-10287891660.985527
-0.5631226142719488,0.37099171094458827,1.0,0,,20.0,-27.5,-0.02815613071359744
-0.7623507388559696,0.32792150452516594,1.0,0,,0.0,-0.0012000000000000066,
-1.217989489170157,0.5836051757992252,1.0,0,,3.000000000000398e-06,0.0,-405996.4963899985
-0.9566026907040326,0.5156737928337882,1.0,0,,0.0,-1.0000000000010001e-05,
-0.5192078855039799,0.44428337162377723,1.0,0,,3.0000000000002247e-05,-3.0000000000002247e-05,-17306.929516798034
-0.6128019223199125,0.49410251563364693,1.0,0,,0.005000000000000782,0.0,-122.56038446396335
-0.6258525261599539,0.527121319865528,1.0,0,,0.030000000000001137,0.0,-20.86175087199767
-0.8981582917199505,0.3741120022928627,1.0,0,,0.08000000000004093,-0.5099999999999909,-11.226978646493638
-0.5667402905999586,0.4734681498100609,1.0,0,,9.999999999998899e-05,0.0,-5667.402906000209
-1.2896163087359866,0.629356620738377,1.0,0,,0.0,-0.00019999999999997797,
-0.34910356679996396,0.32792150452516594,1.0,0,,0.0008999999999999841,-0.00010000000000001674,-387.8928519999668
-1.903733847247199,0.4948021782580248,1.0,0,,0.0,-0.00017999999999998573,
-1.0142733116279703,0.47227894102364,1.0,0,,0.000300000000000078,-0.0010999999999999899,-3380.911038759022
-1.1647989702639865,0.510315927791203,1.0,0,,0.0,-0.011000000000001009,
-0.670337114022298,0.36252102439191997,1.0,0,,15.700000000011642,-77.29999999998836,-0.04269663146635675
-0.8913690590399989,0.3836177308117416,1.0,0,,0.009999999999990905,-0.4700000000000273,-89.13690590408096
-1.395684870359978,0.5153126767786678,1.0,0,,0.0,-9.000000000000674e-05,
0.11705254257200487,0.490544240715722,1.0,0,,0.5799999999999841,-0.6899999999999977,0.20181472857242772
1.7662508070313048,0.5915386220948435,1.0,0,,0.5900000000000034,0.0,2.993645435646262
-0.733658510515267,0.456874916658918,1.0,0,,0.00040000000000006697,0.0,-1834.1462762878605
-0.5167643752703386,0.36252102439191997,1.0,0,,53.59999999999127,-0.10000000000582077,-0.009641126404298933
-0.6975960655679766,0.3266329999260083,1.0,0,,0.017000000000010118,-0.11199999999999477,-41.03506268044479
-1.3082319409599152,0.44906205761518425,1.0,0,,0.0,-0.02999999999999403,
-0.5920440386399022,0.5137640573815143,1.0,0,,0.01999999999999602,-0.07000000000000739,-29.602201932000998
-0.6702397217470539,0.44428337162377723,1.0,0,,9.999999999996123e-06,-7.000000000000062e-05,-67023.97217473137
-0.5153411289600073,0.3646140257896097,1.0,0,,0.0999999999999659,0.0,-5.153411289601831
-0.6559352660447206,0.490544240715722,1.0,0,,0.28999999999999204,-0.28999999999999204,-2.261845744981857
-1.0947458870400038,0.4978267629304945,1.0,0,,0.0009999999999998899,-0.0040000000000000036,-1094.7458870401242
-1.6842929355359082,0.612100124357658,1.0,0,,0.0,-0.0005000000000000004,
-1.4840602599052284,0.5836051757992252,1.0,0,,0.0,-9.999999999999593e-06,
-0.9295990306079605,0.4948021782580248,1.0,0,,9.999999999982245e-06,0.0,-92959.90306096109
-0.5670364802159834,0.4734681498100609,1.0,0,,0.0,-9.999999999998899e-05,
-0.6104245793600237,0.5070996197629527,1.0,0,,0.04999999999999716,-0.020000000000010232,-12.208491587201168
-0.366680593907133,0.34551294554588197,1.0,0,,18.79999999998836,-2.6000000000058208,-0.01950428690996596
-0.6390718193433622,0.5748738244122575,1.0,0,,3.9999999999996635e-06,0.0,-159767.954835854
-0.6843483478559602,0.510315927791203,1.0,0,,0.0010000000000012221,0.0,-684.3483478551238
-0.9581470051199857,0.49410251563364693,1.0,0,,0.0019999999999988916,-0.0030000000000001137,-479.07350256025836
-0.3066203780991734,0.44100015275802795,1.0,0,,0.0004999999999999449,-0.000200000000000089,-613.2407561984144
-0.8935150672000287,0.6117135032736627,1.0,0,,0.00019999999999997797,0.0,-4467.575336000636
-0.4473057367200028,0.48041620727623857,1.0,0,,0.002000000000000224,0.0,-223.65286835997637
-0.6469384350192364,0.48326129345698,1.0,0,,0.00018999999999999573,0.0,-3404.9391316802685
-0.3582292406879754,0.3836177308117416,1.0,0,,0.049999999999954525,-0.42999999999995,-7.164584813766024
-0.6771290299695265,0.5153126767786678,1.0,0,,9.999999999996123e-06,-4.999999999999449e-05,-67712.9029969789
-1.3185606020255984,0.5915386220948435,1.0,0,,0.1599999999999966,-0.3199999999999932,-8.241003762660165
-0.7514330557919523,0.47357419107190474,1.0,0,,0.00020000000000003348,0.0,-3757.1652789591326
-0.48903654038401484,0.3266329999260083,1.0,0,,0.0040000000000048885,-0.09300000000000352,-122.25913509585429
-0.5693675049599968,0.44906205761518425,1.0,0,,0.01999999999999602,-0.020000000000003126,-28.468375248005504
-0.27498066805433524,0.3376455021797875,1.0,0,,0.22999999999998977,-0.05000000000001137,-1.1955681219754237
-0.221365282463967,0.3324413657872058,1.0,0,,0.00019999999999997797,-0.00010000000000001674,-1106.826412319957
-0.544169935871952,0.3498380596299664,1.0,0,,0.0,-0.03999999999996362,
-0.7126984814399868,0.6057119115202616,1.0,0,,0.3199999999999932,-0.01999999999998181,-2.2271827545000065
-1.0325299626720104,0.5748738244122575,1.0,0,,3.9999999999996635e-06,0.0,-258132.49066802431
-0.8806399452000055,0.5069086453856652,1.0,0,,0.0009999999999994458,0.0,-880.6399452004936
-0.09139939719115281,0.41130118088765577,1.0,0,,2.9999999999998778e-05,0.0,-3046.646573038551
-0.5155028150159779,0.44100015275802795,1.0,0,,0.00039999999999995595,-9.999999999998899e-05,-1288.7570375400867
-0.48320791595999424,0.3376455021797875,1.0,0,,0.44999999999998863,0.0,-1.0737953688000144
-1.2492363511439069,0.6057119115202616,1.0,0,,0.5199999999999818,0.0,-2.402377598353751
-0.427715556479918,0.3164244906540695,1.0,0,,0.004000000000001336,-0.0019999999999988916,-106.92888911994379
-0.49036789210877874,0.34551294554588197,1.0,0,,23.0,-18.19999999999709,-0.02132034313516429
-0.566444100983831,0.47357419107190474,1.0,0,,0.0001000000000000445,0.0,-5664.441009835789
-0.5754534477119809,0.37159751833481797,1.0,0,,0.12000000000000455,0.0,-4.795445397599659
-0.5504618254847438,0.5134645314715738,1.0,0,,3.0000000000002247e-05,-9.999999999996123e-06,-18348.727516156752
-0.9467737079040062,0.5069086453856652,1.0,0,,0.0039999999999995595,0.0,-236.6934269760276
-2.005173771713204,0.46315100394674885,1.0,0,,1.8000000000001352e-09,-7.099999999999898e-09,-1113985428.729474
-0.9898013702399937,0.5070996197629527,1.0,0,,0.009999999999990905,-0.020000000000010232,-98.98013702408939
-0.6524348905841277,0.41980159798936967,1.0,0,,3.599999999999847e-09,-7.000000000002643e-10,-181231914.0511543
-0.7432631188799524,0.44233366299253707,1.0,0,,0.00999999999999801,0.0,-74.32631188801003
-0.8413860671999729,0.6117135032736627,1.0,0,,0.00019999999999997797,0.0,-4206.930336000328
-1.1828044837799476,0.48326129345698,1.0,0,,0.0,-7.999999999999674e-05,
-0.5370088187519895,0.3498380596299664,1.0,0,,0.0,-0.03000000000002956,
-0.3002638607487621,0.3556889608861842,1.0,0,,19.19999999999709,-18.0,-0.01563874274733373
-0.3063610286927798,0.44100015275802795,1.0,0,,0.0006000000000000449,0.0,-510.6017144879281
-0.16582163174397566,0.32524891104928794,1.0,0,,0.036000000000001364,-0.03700000000000614,-4.606156437332483
-0.3833094287519945,0.35471437655631133,1.0,0,,0.2400000000000091,0.0,-1.5971226197999164
-0.47695106339194815,0.49705439680295055,1.0,0,,3.999999999999837e-05,0.0,-11923.77658479919
-0.3331692476028947,0.5655675844845214,1.0,0,,5.999999999999929e-06,0.0,-55528.20793381644
-0.6370494508799971,0.507045282800323,1.0,0,,0.0019999999999997797,0.0,-318.52472544003365
-0.9053897299198828,0.4764178933176791,1.0,0,,0.00019999999999997797,0.0,-4526.948649599913
-1.6430707610639999,0.3324413657872058,1.0,0,,0.00020000000000000573,-0.0007000000000000062,-8215.353805319764
-0.20982094944000756,0.3164244906540695,1.0,0,,0.004999999999999005,-0.002000000000000668,-41.96418988800986
-0.43482262128002036,0.5139137156821939,1.0,0,,0.06999999999999318,0.0,-6.211751732572325
-0.5151452693760089,0.3547046654891082,1.0,0,,0.2400000000000091,0.0,-2.146438622399956
-0.7326891015839213,0.4560263887558076,1.0,0,,0.00040000000000006697,-0.00029999999999996696,-1831.7227539594967
-1.0505880167999375,0.6107328354895291,1.0,0,,0.00020000000000003348,-0.00019999999999997797,-5252.940083998808
-0.5230863204095957,0.3556889608861842,1.0,0,,31.5,-0.10000000000582077,-0.016605914933637958
-0.03545317070148146,0.5015481758734152,1.0,0,,0.00023000000000000798,0.0,-154.1442204412184
-0.3351446496959726,0.32524891104928794,1.0,0,,0.031999999999996476,-0.029000000000010573,-10.473270303000296
-0.6603300762447252,0.49705439680295055,1.0,0,,3.999999999999837e-05,0.0,-16508.251906118803
-0.4040206753439525,0.5052747611002342,1.0,0,,0.0039999999999995595,-0.002000000000000668,-101.00516883599924
-0.32714515447199644,0.35471437655631133,1.0,0,,0.2699999999999818,-0.08000000000004093,-1.2116487202667352
-0.8266361973734284,0.41980159798936967,1.0,0,,7.500000000000352e-09,0.0,-110218159.64978528
-1.0200003450354962,0.5655675844845214,1.0,0,,7.000000000000062e-06,0.0,-145714.3350050696
-0.7002488258399135,0.5139137156821939,1.0,0,,0.0799999999999983,0.0,-8.753110322999106
-0.7432631188799524,0.44818406681767675,,0,,0.0,0.0,
-0.19192131851037847,0.3568947036762464,1.0,0,,0.12999999999999545,-0.3400000000000034,-1.4763178346952706
-0.9050325742079767,0.4764178933176791,1.0,0,,0.00019999999999997797,0.0,-4525.162871040382
-1.2597899663999026,0.6107328354895291,1.0,0,,0.00019999999999997797,0.0,-6298.949832000207
-0.514718986751974,0.3547046654891082,1.0,0,,0.29000000000002046,0.0,-1.7748930577653024
-0.6796809613438488,0.5052747611002342,1.0,0,,0.004000000000001336,0.0,-169.92024033590545
-0.13365397271994678,0.44818406681767675,1.0,0,,0.07000000000000028,0.0,-1.9093424674278034
-0.3191488479359401,0.32524891104928794,1.0,0,,0.04200000000000159,-0.0020000000000095497,-7.598782093712572
-0.505440138960022,0.35471437655631133,1.0,0,,0.16999999999995907,0.0,-2.9731772880008456
-0.3722110283639677,0.4560263887558076,1.0,0,,0.0007000000000000339,0.0,-531.730040519928
1.5525656762098077,0.41491633656997745,1.0,0,,0.00015000000000000083,0.0,10350.437841398661
-1.1063758695838983,0.442964963176122,1.0,0,,0.0,-0.0005999999999999894,
-0.40761747740155657,0.3556889608861842,1.0,0,,22.60000000000582,-0.09999999999126885,-0.018036171566435912
2.62273783235046,0.6137181765101501,1.0,0,,0.8100000000000023,0.0,3.2379479411733985
-0.5001766697799717,0.41980159798936967,1.0,0,,3.100000000000021e-09,-1.899999999999931e-09,-161347312.83224782
-1.020163086108022,0.5655675844845214,1.0,0,,5.999999999999929e-06,0.0,-170027.18101800568
-0.9872475148799773,0.5139137156821939,1.0,0,,0.060000000000002274,0.0,-16.454125247999
-0.4562034817103632,0.49705439680295055,1.0,0,,7.000000000000062e-05,0.0,-6517.192595862273
-0.6774944197599133,0.4919189678047101,1.0,0,,0.006999999999999673,0.0,-96.78491710856356
-0.6468218747920476,0.48119619517003653,1.0,0,,0.00019999999999997797,-0.0001000000000000445,-3234.109373960594
-0.016630365175189427,0.3568947036762464,1.0,0,,0.21000000000000796,-0.3300000000000125,-0.07919221511994665
-0.40382432954876984,0.3582475906839735,1.0,0,,23.30000000000291,-3.2999999999883585,-0.01733151628964461
-0.07516032940797851,0.3624074673042197,1.0,0,,0.46999999999997044,-0.36000000000001364,-0.15991559448507073
-1.1105183016639995,0.5015481758734152,1.0,0,,4.999999999999449e-05,-0.00021000000000001573,-22210.366033282437
-2.630472633575866,0.6221288472563119,1.0,0,,0.0,-0.0006999999999999784,
-1.6710103387008282,0.6188190526134143,1.0,0,,0.10999999999998522,-0.9900000000000091,-15.19100307910048
-0.8849733349256075,0.5137048230272081,1.0,0,,0.0,-0.00010999999999999899,
-2.336726059200062,0.5147558016032012,1.0,0,,0.0,-0.004999999999999893,
-0.37138381183675795,0.3620050315002742,1.0,0,,0.03999999999999204,-0.8900000000000148,-9.284595295920797
-0.6789680837759836,0.5184840074621939,1.0,0,,3.999999999999837e-05,0.0,-16974.202094400283
-0.4959753275520198,0.4241776288158826,1.0,0,,0.0,-6.0000000000001025e-05,
-1.2771052977599622,0.6221288472563119,1.0,0,,0.00040000000000001146,0.0,-3192.763244399814
-1.5016331043839015,0.5112244509664527,1.0,0,,0.0,-0.010999999999999233,
-0.6721430383039806,0.47234555124933475,1.0,0,,0.0,-0.0013999999999999568,
-1.0906367049599581,0.4500924399656453,1.0,0,,0.0,-0.07000000000000028,
-0.3964453724400116,0.3315575063162179,1.0,0,,0.009000000000000341,-0.10300000000000864,-44.049485826666285
-0.6534472703760217,0.3587737367961381,1.0,0,,0.0,-0.5,
-0.3164168885760129,0.3582475906839735,1.0,0,,26.0,-14.099999999991269,-0.012169880329846651
-1.4175271613892975,0.4565813198838667,1.0,0,,6.000000000000451e-10,-5.3000000000001864e-09,-2362545268.981985
0.2887340185599978,0.5795354708784215,1.0,0,,0.0,-1.599999999999952e-05,
-0.0985040407439452,0.315908783674103,1.0,0,,0.0002999999999999947,-0.0005000000000000004,-328.3468024798231
-1.1379163139999346,0.48119619517003653,1.0,0,,0.0,-0.00029999999999996696,
-1.0258910891998834,0.4919189678047101,1.0,0,,0.0,-0.0070000000000014495,
0.06470347287045153,0.3620050315002742,1.0,0,,0.28000000000000114,-0.020000000000010232,0.2310838316801831
-0.512246940592009,0.3587737367961381,1.0,0,,0.2400000000000091,0.0,-2.1343622524666235
-1.6425084695711571,0.5137048230272081,1.0,0,,0.0,-0.00010999999999999899,
-2.7635849585024417,0.5099139009519067,1.0,0,,0.0,-7.999999999999674e-05,
-1.4355353268359416,0.47234555124933475,1.0,0,,9.999999999998899e-05,-0.0016000000000000458,-14355.353268360997
-2.0726989115998977,0.5196604970900867,1.0,0,,0.04000000000000625,-0.18999999999999773,-51.817472789989345
-0.6666117171839416,0.3624074673042197,1.0,0,,0.0,-0.37000000000000455,
-3.6039225962855848,0.6188190526134143,1.0,0,,0.06999999999999318,-0.9099999999999966,-51.484608518370514
-0.5766426372719404,0.3315575063162179,1.0,0,,0.0,-0.15200000000000102,
-1.5627260278614359,0.5795354708784215,1.0,0,,0.0,-1.4000000000000123e-05,
-3.3192710724111523,0.4304763997978856,,0,,0.0,0.0,
-0.8999752511808075,0.6188190526134143,1.0,0,,0.2300000000000182,0.0,-3.9129358746988534
-0.7009594759999332,0.5350323058933624,1.0,0,,0.0799999999999983,0.0,-8.761993449999352
-0.5954844343679924,0.36585837011575517,1.0,0,,0.0,-0.7200000000000273,
-0.730173458044769,0.4541202387812383,1.0,0,,6.0000000000004494e-05,0.0,-12169.557634078572
-1.29110162764804,0.5112244509664527,1.0,0,,0.0,-0.008999999999998565,
-0.6293945813791857,0.4241776288158826,1.0,0,,9.999999999999593e-06,-9.999999999999593e-06,-62939.45813792113
-1.0041065397599787,0.4500924399656453,1.0,0,,0.0,-0.030000000000001137,
-0.7189800197016455,0.4565813198838667,1.0,0,,8.999999999998559e-10,-7.999999999999754e-09,-798866688.5575118
0.005520609920047048,0.315908783674103,1.0,0,,0.0,-0.0007000000000000062,
-2.557065272639964,0.6221288472563119,1.0,0,,0.0,-0.0006999999999999784,
-0.5928055259135864,0.3582475906839735,1.0,0,,0.0,-85.0,
-0.9129125621280024,0.48119619517003653,1.0,0,,0.0,-0.00030000000000002247,
-0.8895196327198303,0.4919189678047101,1.0,0,,0.0,-0.016000000000000014,
-0.7673165978831467,0.5137048230272081,1.0,0,,9.999999999996123e-06,-6.0000000000004494e-05,-76731.65978834442
-1.3853616446951738,0.5099139009519067,1.0,0,,0.0,-0.00010999999999999899,
-2.2957006925551737,0.37581698396791097,1.0,0,,0.15000000000000568,-0.9000000000000057,-15.304671283700578
-0.609386080319954,0.36585837011575517,1.0,0,,0.1400000000000432,0.0,-4.352757716569757
-1.9351114031760086,0.47721228817602573,1.0,0,,0.0,-0.0011999999999999789,
-0.9731341036799612,0.5280449834991383,1.0,0,,0.0009999999999998899,0.0,-973.1341036800684
-0.7605967079039515,0.37221226158905063,1.0,0,,0.09000000000003183,-0.13999999999998636,-8.451074532263139
-2.857930741156516,0.5953572176668718,1.0,0,,0.0,-9.000000000000327e-06,
-1.8947438801279615,0.5276530174127907,1.0,0,,0.002000000000000668,-0.007999999999999119,-947.3719400636644
-0.46817253806395925,0.3200808672833213,1.0,0,,0.0006999999999999784,-0.00030000000000002247,-668.8179115199624
-0.17923650427663934,0.37581698396791097,1.0,0,,0.45999999999997954,-0.13000000000002387,-0.38964457451445067
-0.8428462016758915,0.47721228817602573,1.0,0,,0.0006000000000000449,0.0,-1404.743669459714
-0.7434023327999004,0.46461789279085536,1.0,0,,0.0,-0.00999999999999801,
-0.7017659351999487,0.4958152061350474,1.0,0,,9.999999999998899e-05,-0.00019999999999997797,-7017.65935200026
-1.015976825054284,0.4556020605660185,1.0,0,,0.0,-3.4999999999996277e-09,
-0.3141108606944011,0.4541202387812383,1.0,0,,3.999999999999837e-05,-4.999999999999449e-05,-7852.771517360347
-0.47744831974394264,0.36871014455808565,1.0,0,,15.39999999999418,-29.10000000000582,-0.031003137645722278
-0.8170401522399697,0.5022292426408803,1.0,0,,0.0,-0.0030000000000001137,
-0.777164703360012,0.5350323058933624,1.0,0,,0.0,-0.020000000000010232,
-1.522872602956736,0.6309766911427945,1.0,0,,0.0,-0.7699999999999818,
-0.5757385962239212,0.37221226158905063,1.0,0,,0.15999999999996817,0.0,-3.5983662264002234
-0.37933750943999234,0.36585837011575517,1.0,0,,0.16999999999995907,-0.05000000000001137,-2.2313971143534332
-0.7006867016639695,0.42584696360207797,1.0,0,,0.0,-1.9999999999999185e-05,
-1.2012024015935376,0.5119102681077019,1.0,0,,0.0,-5.000000000000837e-05,
-1.3944532021560105,0.5147647493218811,1.0,0,,0.0,-0.00012999999999999123,
-0.29094298062717433,0.6001992856225551,1.0,0,,0.23999999999998067,-0.020000000000010232,-1.2122624192799907
-0.4195537936127656,0.4477441742014626,1.0,0,,0.0006000000000000449,-9.999999999998899e-05,-699.2563226878904
-0.09324582602393394,0.33576444866888333,1.0,0,,0.00030000000000002247,0.0,-310.8194200797565
-0.7640130376971653,0.5953572176668718,1.0,0,,4.000000000000531e-06,0.0,-191003.25942426597
-0.6990357755520107,0.5276530174127907,1.0,0,,0.0039999999999995595,-0.002000000000000668,-174.75894388802192
-0.8633663833920011,0.633495366371779,1.0,0,,9.999999999998899e-05,-0.00030000000000002247,-8633.663833920962
-0.3808369044479153,0.47188206279318595,1.0,0,,0.0001000000000000445,-9.999999999998899e-05,-3808.3690444774584
-0.4876848907199162,0.5216668226316246,1.0,0,,0.0030000000000001137,0.0,-162.56163023996592
-0.031545383327916676,0.3613785677749609,1.0,0,,0.2300000000000182,-0.28999999999999204,-0.13715384055614863
-0.7046987200799055,0.5149096001972329,1.0,0,,0.05000000000001137,0.0,-14.093974401594906
-0.36526859876159373,0.3715951554560509,1.0,0,,4.999999999999449e-05,-1.0000000000010001e-05,-7305.371975232679
-0.6563153119199437,0.45452354869573,1.0,0,,0.00999999999999801,0.0,-65.63153119200743
-0.5690890771199155,0.45452354869573,1.0,0,,0.020000000000003126,0.0,-28.45445385599133
-0.7800435663966604,0.3773240758578067,1.0,0,,9.999999999996123e-06,0.0,-78004.35663969629
-0.31684933895753853,0.4653898806655019,1.0,0,,5.999999999999929e-06,-3.000000000000398e-06,-52808.22315959038
-0.5635338180959848,0.33717688918792305,1.0,0,,0.08999999999997499,-0.20000000000004547,-6.261486867734904
-0.9554107315199182,0.5132525647375201,1.0,0,,0.002000000000000668,-0.002000000000000668,-477.7053657597996
-1.9571001730359803,0.3613785677749609,1.0,0,,0.0,-0.8900000000000148,
-1.68395642188788,0.6124878267994678,1.0,0,,9.999999999998899e-05,-9.999999999998899e-05,-16839.564218880656
-0.9352000183679957,0.47188206279318595,1.0,0,,0.0,-0.00020000000000003348,
-0.49279324695039645,0.42189056260726543,,0,,0.0,0.0,
-0.9291229261600045,0.5149096001972329,1.0,0,,0.0,-0.060000000000002274,
-0.4454050169279959,0.4477441742014626,1.0,0,,9.999999999998899e-05,-0.0005999999999999339,-4454.050169280449
-0.6857921287437954,0.47986721895590256,1.0,0,,0.0001000000000000445,0.0,-6857.921287434902
-0.48081286039675153,0.3715951554560509,1.0,0,,6.0000000000004494e-05,0.0,-8013.547673278592
-0.4355848063583558,0.3773240758578067,1.0,0,,4.999999999999449e-05,0.0,-8711.696127168076
-0.08372406329983967,0.3694295724317728,1.0,0,,0.2600000000000193,-0.12000000000000455,-0.3220156280762825
-0.5843649341039626,0.33717688918792305,1.0,0,,0.0,-0.2300000000000182,
-0.11028047767189264,0.3694295724317728,1.0,0,,0.2300000000000182,-0.009999999999990905,-0.47948033770384313
-1.2491337505041,0.47070240763916316,1.0,0,,0.0,-7.000000000000062e-06,
-1.0318090007518355,0.5209240447986635,1.0,0,,0.0,-0.0009999999999994458,
-4.384071591525484,0.5484828363371519,1.0,0,,0.0,-0.00012999999999999817,
-2.2978217903040328,0.45255523950726034,1.0,0,,0.0,-0.0008000000000000229,
-0.742845477119985,0.45975105399520466,,0,,0.0,0.0,
-0.31510618055994755,0.3480431613832783,1.0,0,,0.26000000000004775,0.0,-1.211946848307268
-0.39120095545724987,0.47070240763916316,1.0,0,,4.999999999999796e-06,0.0,-78240.19109145316
-0.761846942880005,0.5165950681399996,1.0,0,,0.03999999999999204,0.0,-19.046173572003912
-0.7303313458319256,0.4536376126760261,1.0,0,,0.0,-0.00029999999999996696,
-1.2618061679999548,0.6112217605798416,1.0,0,,0.0,-0.00019999999999997797,
-0.5491808289359725,0.3636825000950188,1.0,0,,0.0,-1.9999999999992246e-05,
-0.16829004422860544,0.6001992856225551,1.0,0,,0.3300000000000125,-0.19999999999998863,-0.5099698309957548
-0.556876273478311,0.3710831501968922,1.0,0,,2.0000000000006124e-05,0.0,-27843.813673907025
-1.8074128976638093,0.47986721895590256,1.0,0,,0.0,-0.00039999999999995595,
-0.678980323243127,0.40636715542241275,,0,,0.0,0.0,
-1.2355209404159826,0.5209240447986635,1.0,0,,0.0,-0.004000000000001336,
-0.12424311955998851,0.45255523950726034,1.0,0,,0.0002999999999999947,-9.999999999998899e-05,-414.1437318666357
-0.742845477119985,0.45975105399520466,,0,,0.0,0.0,
-2.968690148351889,0.3694295724317728,1.0,0,,0.19999999999998863,-1.009999999999991,-14.84345074176029
-0.11691439248318233,0.37091684007014314,1.0,0,,0.39999999999997726,0.0,-0.29228598120797245
-1.7314513389599018,0.5165950681399996,1.0,0,,0.0,-0.12999999999999545,
-1.2423429685919318,0.4536376126760261,1.0,0,,0.0,-0.0011999999999999789,
-0.4296185196959641,0.3636825000950188,1.0,0,,0.0,-4.999999999999449e-05,
-0.3543954633408021,0.34740661258167743,1.0,0,,0.00039999999999995595,0.0,-885.9886583521028
-2.0792241706048333,0.6109821983857948,1.0,0,,0.0,-0.8199999999999932,
-0.9772600945966698,0.3710831501968922,1.0,0,,0.0,-7.999999999999674e-05,
-0.5161240003439912,0.3480431613832783,1.0,0,,0.0,-0.3299999999999841,
-1.3583780913600731,0.47986721895590256,1.0,0,,0.0,-0.00020000000000003348,
-1.5352356351000171,0.47070240763916316,1.0,0,,0.0,-1.1000000000000593e-05,
-1.399090989600054,0.47327850050460396,1.0,0,,0.0,-0.07000000000000028,
0.5717139795069162,0.33548558661014927,1.0,0,,0.0024000000000000132,0.0,238.2141581278804
-1.1732556144719504,0.5228084691585356,1.0,0,,0.0,-0.006999999999999673,
-1.5859961187839384,0.5110705555805094,1.0,0,,0.0,-0.00040000000000001146,
-1.1505539068798423,0.4124121528520378,1.0,0,,0.01999999999999602,-0.09999999999999432,-57.52769534400356
-2.2260893147998586,0.41595009558697527,1.0,0,,0.0,-0.0129999999999999,
-0.9823105998000018,0.3077704535787345,1.0,0,,0.0,-1.1999999999999858e-05,
-0.7203178865999819,0.37008668684320833,1.0,0,,0.0,-3.0000000000002247e-05,
-3.652244387366205,0.6241657670935248,1.0,0,,0.0700000000000216,-0.7599999999999909,-52.17491981950111
-1.0445938459703348,0.38611769246083816,1.0,0,,1.9999999999992246e-05,-9.000000000000674e-05,-52229.69229853699
0.020993625292828832,0.412266165870085,1.0,0,,3.999999999999837e-05,0.0,524.8406323207422
-1.3609161652318844,0.48078654890255174,1.0,0,,0.0,-0.00019999999999997797,
-1.0397390039999843,0.47327850050460396,1.0,0,,0.00999999999999801,-0.030000000000001137,-103.97390040001912
-1.6552394514431195,0.37091684007014314,1.0,0,,0.14000000000001478,-0.45999999999997954,-11.823138938878177
-0.6705370548576025,0.34740661258167743,1.0,0,,0.0,-0.0014000000000000679,
-0.9590826544398658,0.5228084691585356,1.0,0,,0.0,-0.008999999999998565,
-2.3347301594399466,0.4985284981952845,,0,,0.0,0.0,
-0.3601194183999718,0.3649077205727871,1.0,0,,0.000300000000000078,0.0,-1200.3980613329272
-0.9909175286399361,0.4017218825723553,1.0,0,,0.0,-0.0799999999999983,
-0.08113332844794552,0.36653753353177343,1.0,0,,0.0005000000000000004,0.0,-162.2666568958909
-0.6563046481392257,0.36548930666898694,1.0,0,,0.0,-0.00012000000000000899,
-1.2466029429599588,0.5069247756346272,1.0,0,,0.030000000000001137,-0.20000000000001705,-41.55343143199705
-0.4468640486400779,0.3816932952865697,1.0,0,,0.0019999999999997797,0.0,-223.43202432006356
-0.2818388505599835,0.33936726664350825,1.0,0,,0.0006000000000000449,0.0,-469.7314175999373
-0.7376606751359174,0.5704818831356384,1.0,0,,0.0009999999999998899,0.0,-737.6606751359986
-0.6843179322455781,0.37234506485715796,1.0,0,,0.0,-5.9999999999990616e-05,
-0.24988402972799095,0.34504253946527447,1.0,0,,0.00019999999999997797,-9.999999999998899e-05,-1249.4201486400923
-0.19975216257596998,0.3964781566752111,1.0,0,,0.0029999999999983373,-0.0070000000000014495,-66.5840541920269
-0.5618004568799777,0.4017218825723553,1.0,0,,0.05999999999998806,0.0,-9.363340948001492
-0.35169972648795644,0.4985284981952845,1.0,0,,0.00040000000000001146,0.0,-879.2493162198659
-0.3428262505103763,0.37234506485715796,1.0,0,,6.0000000000004494e-05,0.0,-5713.770841839177
-0.45320730720000146,0.3442643119952114,1.0,0,,0.00999999999999801,-0.00999999999999801,-45.320730720009166
-0.7978182174719695,0.3634640875924789,1.0,0,,0.0,-0.5699999999999932,
-0.8704515609599903,0.5389273190263586,1.0,0,,0.0,-9.999999999999593e-06,
-0.43712717685843067,0.36279885830183306,1.0,0,,0.0,-0.00012999999999999817,
-0.06797804584317368,0.3444834497609882,1.0,0,,0.3199999999999932,-0.030000000000001137,-0.2124313932599223
-0.3740034881391989,0.36548930666898694,1.0,0,,2.0000000000020002e-05,0.0,-18700.174406941245
-1.669632470865614,0.5069247756346272,1.0,0,,0.0,-0.4800000000000182,
-0.5250209435951793,0.33936726664350825,1.0,0,,0.0,-0.0008000000000000229,
-0.6116599579679765,0.34504253946527447,1.0,0,,0.0,-9.999999999998899e-05,
-0.4749020001279558,0.3964781566752111,1.0,0,,0.002000000000000668,-0.0019999999999988916,-237.4510000638986
-0.5900162083200096,0.36091815084541257,1.0,0,,0.0,-0.001000000000000334,
-0.740660396880034,0.3383946252956339,1.0,0,,0.0,-0.000500000000000056,
-0.61006093798394,0.46694870814906736,1.0,0,,0.0,-0.00029999999999996696,
-0.9915578658720312,0.5427634585862587,,0,,0.0,0.0,
-0.6197858987792231,0.3329496465636759,,0,,0.0,0.0,
-0.20797165559997377,0.3383946252956339,1.0,0,,0.00040000000000006697,0.0,-519.9291389998474
-0.555833901470329,0.3463829452101254,1.0,0,,0.0,-4.999999999999449e-05,
-0.33211810517751444,0.3108020393277787,1.0,0,,0.00040000000000006697,-9.999999999998899e-05,-830.2952629436471
-0.5887256227775977,0.35468612746413775,1.0,0,,3.0000000000002247e-05,-4.000000000001225e-05,-19624.18742591845
-3.023335778567974,0.48678599658907556,1.0,0,,0.009999999999990905,-0.7199999999999989,-302.3335778570724
-1.7121137561455906,0.3444834497609882,1.0,0,,0.030000000000001137,-0.5999999999999943,-57.07045853818419
-0.21956669531997772,0.3463829452101254,1.0,0,,5.9999999999990616e-05,-3.0000000000002247e-05,-3659.444922000201
-0.33191206857596867,0.3108020393277787,1.0,0,,0.00039999999999995595,0.0,-829.7801714400131
-0.6742346419199846,0.36091815084541257,1.0,0,,0.0,-0.0040000000000000036,
-1.239930934847945,0.46694870814906736,1.0,0,,0.0,-0.00040000000000001146,
-0.08966634346793652,0.3444834497609882,1.0,0,,0.22000000000002728,-0.01999999999998181,-0.40757428849057
1.7030496574368708,0.5427634585862587,1.0,0,,0.00012000000000000205,0.0,14192.080478640348
-0.4798265058528173,0.3329496465636759,,0,,0.0,0.0,
-0.2137800135839738,0.48678599658907556,1.0,0,,0.46999999999999886,-0.5699999999999932,-0.45485109273186025
-0.3438186678400017,0.3383946252956339,,0,,0.0,0.0,
-0.4087147646735607,0.35468612746413775,1.0,0,,0.0,-3.999999999998449e-05,
-1.5087421092959301,0.4772331552172798,1.0,0,,0.0,-0.00040000000000001146,
-1.0336993812791773,0.31991695101898715,1.0,0,,0.0,-8.99999999999998e-05,
-0.6609612326903009,0.3550282838342974,1.0,0,,0.060000000000002274,-0.29999999999998295,-11.016020544837932
-2.1286343154911234,0.47682019308596546,1.0,0,,0.0,-0.2599999999999909,
-1.0213077845664054,0.5657128980617453,,0,,0.0,0.0,
-0.4420193997360193,0.3476348175282127,1.0,0,,9.999999999998899e-05,-0.0006000000000000449,-4420.1939973606795
-0.6308747740943965,0.36114788270566883,1.0,0,,0.0,-7.999999999999674e-05,
-0.3726336398399679,0.3618424738996877,1.0,0,,3.999999999999837e-05,-2.0000000000006124e-05,-9315.840995999577
-0.023446741315204023,0.31991695101898715,1.0,0,,7.999999999999674e-05,0.0,-293.0842664400622
-0.3323425689023118,0.47682019308596546,1.0,0,,0.21999999999999886,-0.15000000000000568,-1.5106480404650613
-0.5022976306080003,0.3508485726507214,1.0,0,,0.00019999999999997797,0.0,-2511.4881530402777
-1.4103244471679444,0.48702653247303995,1.0,0,,0.00010000000000001674,-0.00020000000000000573,-14103.244471677082
-0.09096733409918625,0.3550282838342974,1.0,0,,0.21999999999999886,-0.21999999999999886,-0.41348788226903055
-1.7469383327014456,0.6721612159722592,,0,,0.0,0.0,
-0.24394169684635675,0.4693834854139777,1.0,0,,0.4399999999999977,0.0,-0.5544129473780863
-0.5726954497535965,0.3635597868374761,1.0,0,,0.0,-2.0000000000006124e-05,
-0.2991349442878971,0.46886911708375034,1.0,0,,0.00040000000000001146,-0.0005000000000000004,-747.8373607197213
-0.6071058604295203,0.3214793506981872,,0,,0.0,0.0,
-0.20654527121603,0.4693834854139777,1.0,0,,0.23999999999998067,-0.020000000000010232,-0.8606052967335276
-0.6531656335199465,0.3508485726507214,1.0,0,,0.0,-0.00029999999999996696,
-1.0045732067423725,0.3569869736762026,1.0,0,,0.0,-0.28000000000000114,
-0.14853635495999407,0.46886911708375034,1.0,0,,0.0002999999999999947,-0.00010000000000001674,-495.12118319998893
-1.3524465751342842,0.6721612159722592,,0,,0.0,0.0,
-0.5064951884544083,0.3635597868374761,,0,,0.0,0.0,
-0.283741956399976,0.3533921237361182,1.0,0,,0.00019999999999997797,0.0,-1418.7097820000363
-0.4588597103399431,0.3214793506981872,1.0,0,,0.0,-2.9999999999995308e-05,
-0.8377508249567382,0.35860074663142794,1.0,0,,0.0,-0.00015999999999999348,
-0.15450877679996777,0.3533921237361182,1.0,0,,0.0007000000000000339,0.0,-220.72682399994326
-0.43118234160077584,0.32049195673855313,1.0,0,,0.00039999999999995595,-0.0006000000000000449,-1077.9558540020582
-0.7909126871038454,0.46053610339850387,1.0,0,,9.999999999998899e-05,-0.0001000000000000445,-7909.126871039325
-1.021060511883089,0.47871702477273437,1.0,0,,0.13999999999998636,-0.060000000000002274,-7.293289370594204
-0.5249087433479895,0.3639302119859008,1.0,0,,0.009999999999990905,-0.3900000000000148,-52.490874334846694
-1.356004738915207,0.6744543621950261,,0,,0.0,0.0,
-0.9671542283808101,0.3660041665565295,1.0,0,,0.0,-7.999999999999674e-05,
-5.6132987996447214,0.6744543621950261,1.0,0,,0.0,-0.00011999999999999858,
-0.46470489784314867,0.3153397859135262,,0,,0.0,0.0,
-0.6696386382575555,0.35860074663142794,1.0,0,,0.0,-7.999999999999674e-05,
-0.6332415214103425,0.32049195673855313,1.0,0,,0.00019999999999997797,-0.0004999999999999449,-3166.207607052061
-1.0526559966719795,0.47871702477273437,1.0,0,,0.13999999999998636,-0.30000000000001137,-7.5189714048005865
-3.5598895133119584,0.4591284660987054,1.0,0,,0.0,-0.0009000000000000119,
-1.3970091953399657,0.3639302119859008,1.0,0,,0.0,-0.47999999999998977,
-0.5087026411776027,0.3660041665565295,1.0,0,,2.0000000000006124e-05,0.0,-25435.132058872347
-0.7087158959999533,0.3533921237361182,1.0,0,,0.0,-0.0006999999999999229,
-0.6160640618879356,0.46053610339850387,1.0,0,,9.999999999998899e-05,0.0,-6160.640618880035
-0.018812232119828076,0.49317688659901665,1.0,0,,0.00040000000000001146,0.0,-47.03058029956885
-0.7278754202639328,0.45146305599031533,,0,,0.0,0.0,
-0.5990947162111316,0.3143194194289999,,0,,0.0,0.0,
-0.2911068273151855,0.4803524424978367,1.0,0,,0.22999999999998977,-0.2400000000000091,-1.2656818578921671
-1.1678076894527771,0.35496304285242275,1.0,0,,0.0,-0.3300000000000125,
-0.6602508422399398,0.3567350973088229,1.0,0,,0.0,-0.0007000000000000339,
-0.7122160036992156,0.3143194194289999,1.0,0,,0.0,-4.000000000000531e-05,
-0.9278561651038829,0.49317688659901665,1.0,0,,9.999999999998899e-05,-0.0005000000000000004,-9278.56165103985
-2.2179624979319392,0.4803524424978367,1.0,0,,0.0,-0.3599999999999852,
-0.08333781668954379,0.35496304285242275,1.0,0,,0.21000000000000796,-0.09999999999999432,-0.39684674614066967
-0.04222070269907824,0.38872129006379347,1.0,0,,0.0004899999999999904,-0.0009800000000000364,-86.16469938587564
-0.6567309484288174,0.3457908270849793,1.0,0,,0.0,-22.40000000000873,
-2.501375966399998,0.3816024660425251,1.0,0,,0.0,-0.0009000000000000119,
-3.8738994963358726,0.46792602945985073,1.0,0,,0.0,-0.0007999999999999952,
-0.8237165111999982,0.35955115854023334,1.0,0,,9.999999999998899e-05,-0.0006000000000000449,-8237.16511200089
-0.7844628899999354,0.30077881187718625,1.0,0,,0.0,-0.00019999999999997797,
-0.5109579345840002,0.35955115854023334,1.0,0,,0.00019999999999997797,0.0,-2554.789672920282
-0.9892094371775775,0.38872129006379347,1.0,0,,0.0014100000000000223,0.0,-701.566976721675
-0.4644293502912165,0.31515669683366654,,0,,0.0,0.0,
-0.7760083588222695,0.4691791051400154,1.0,0,,0.09000000000000341,-0.05999999999997385,-8.62231509802489
-0.7287582285360015,0.45230598649109244,,0,,0.0,0.0,
-1.342901515821597,0.34190771402051967,1.0,0,,0.0,-0.47999999999998977,
-0.23509854734382496,0.47436149698222585,1.0,0,,0.21999999999999886,0.0,-1.0686297606537554
-0.516351918028779,0.3457908270849793,1.0,0,,0.0,-23.29999999998836,
-0.1500947295119047,0.46792602945985073,1.0,0,,0.00040000000000001146,-0.0007999999999999952,-375.236823779751
-0.5276402699999541,0.30077881187718625,1.0,0,,0.0,-9.999999999998899e-05,
0.36861222240005287,0.3816024660425251,1.0,0,,0.0008000000000000229,0.0,460.7652780000529
-0.13991632327917125,0.336547401597896,1.0,0,,0.00015999999999999348,-0.00010999999999999899,-874.477020494856
-6.099148882752013,0.4824518576326442,1.0,0,,0.0,-0.0012999999999999956,
-0.43330280166713564,0.3683650018764808,1.0,0,,7.00000000000145e-05,0.0,-6190.040023814941
-0.49951813507197107,0.3492772067030234,1.0,0,,0.00019999999999997797,-0.0006000000000000449,-2497.5906753601303
-4.449204930979088,0.517551093385128,,0,,0.0,0.0,
-0.36519106348798647,0.30768407698675204,1.0,0,,0.0,-7.999999999999674e-05,
-0.556581814876753,0.3683650018764808,1.0,0,,7.00000000000145e-05,0.0,-7951.168783951967
-1.200619557107192,0.3402857209769578,1.0,0,,0.0,-72.0,
-1.129216288415983,0.3492772067030234,1.0,0,,0.0,-0.0007000000000000339,
-0.91864507926392,0.346942616766559,1.0,0,,0.0,-0.3299999999999841,
-1.9390654732607864,0.336547401597896,1.0,0,,0.0,-0.0005100000000000104,
-1.0706297840640067,0.30768407698675204,1.0,0,,0.0,-0.00010000000000000286,
-0.7296410368080014,0.45315310618329996,,0,,0.0,0.0,
-0.14183004512159425,0.346942616766559,1.0,0,,0.19999999999998863,-0.21000000000000796,-0.7091502256080116
-0.8578838442959934,0.3480584670070622,1.0,0,,0.0,-0.0007000000000000339,
-1.4229077301071795,0.47436149698222585,1.0,0,,0.030000000000001137,-0.46000000000000796,-47.43025767023752
-0.8195951166720126,0.3402857209769578,1.0,0,,1.3000000000029104,-61.69999999999709,-0.6304577820539828
-0.4313216430240092,0.3480584670070622,1.0,0,,0.00029999999999996696,0.0,-1437.738810080189
-0.832987102464045,0.38788041688157415,1.0,0,,9.99999999995449e-06,-3.0000000000030003e-05,-83298.7102467836
-0.5937685457600131,0.30771136009470357,1.0,0,,9.999999999998899e-05,0.0,-5937.685457600785
-1.6032003038478642,0.48763787191582275,1.0,0,,0.020000000000010232,-0.18000000000000682,-80.1600151923522
-0.13055706991199595,0.3480584670070622,1.0,0,,0.0006999999999999229,0.0,-186.51009987430047
-0.5860083812736412,0.351146334661768,1.0,0,,1.9000000000087311,-37.09999999999127,-0.3084254638268149
-0.30713192726401645,0.30771136009470357,1.0,0,,0.00019999999999997797,0.0,-1535.6596363202514
-0.8521976636159534,0.38788041688157415,,0,,0.0,0.0,
-0.6909653985279756,0.48763787191582275,1.0,0,,0.12999999999999545,-0.1599999999999966,-5.315118450215382
-2.377782403919946,0.4377279491356488,1.0,0,,0.0,-8.000000000000021e-05,
-0.3280208561279121,0.3310898342321818,1.0,0,,0.000300000000000078,0.0,-1093.4028537594227
-0.8342009484479942,0.3041070045104889,1.0,0,,0.0,-0.0005000000000000004,
-0.6460312304159658,0.3758943588404222,,0,,0.0,0.0,
-0.6787339459439674,0.47129176953586394,1.0,0,,0.12999999999999545,-0.09000000000000341,-5.221030353415316
-0.07553588114395995,0.3415710811443756,1.0,0,,0.0002999999999999947,0.0,-251.78627047987095
-0.488661153119918,0.3041070045104889,1.0,0,,0.0001000000000000445,-0.00019999999999997797,-4886.611531197005
-0.36586343151353723,0.378139338491237,1.0,0,,0.00020000000000003348,0.0,-1829.3171575673798
-0.6007463642880072,0.35020055942282596,1.0,0,,0.0,-0.000500000000000056,
-1.5499062581815857,0.4751178972484453,1.0,0,,0.0,-0.25,
-1.9305918753279703,0.3415710811443756,1.0,0,,0.0,-0.0007000000000000062,
-0.39190457087991426,0.35020055942282596,1.0,0,,0.000200000000000089,0.0,-1959.5228543986993
-0.45988716708480243,0.378139338491237,,0,,0.0,0.0,
-0.23498087659195044,0.35020055942282596,1.0,0,,0.00019999999999997797,0.0,-1174.9043829598816
0.7418419792606107,0.4751178972484453,1.0,0,,0.8300000000000125,0.0,0.8937855171814452
-0.015936612192012145,0.3018290112366585,1.0,0,,0.0005999999999999894,0.0,-26.56102032002071
-0.1983787342847756,0.3131787074379975,1.0,0,,0.18000000000000682,0.0,-1.1021040793598227
-0.20985066211197778,0.33503358926974824,1.0,0,,0.0006000000000000172,0.0,-349.75110351995295
-0.04985747308798655,0.3018290112366585,1.0,0,,0.00040000000000001146,0.0,-124.6436827199628
-0.28863182879999966,0.3546558262646784,1.0,0,,0.00039999999999995595,-9.999999999998899e-05,-721.5795720000787
-0.6350875307711865,0.378139338491237,1.0,0,,1.0000000000010001e-05,0.0,-63508.75307705514
-1.9564789847518869,0.4372717903840492,1.0,0,,9.999999999999593e-06,-6.0000000000001025e-05,-195647.89847519665
-0.18361081200001123,0.3546558262646784,1.0,0,,0.0005999999999999339,-0.00040000000000006697,-306.0180200000524
-0.3453040264319979,0.33503358926974824,1.0,0,,0.0005999999999999894,-0.0002999999999999947,-575.5067107200067
-0.870634428408002,0.39548362455551234,1.0,0,,0.0,-0.000140000000000029,
-0.7235317059358899,0.4475613265713796,,0,,0.0,0.0,
-0.5964359815583462,0.3131787074379975,1.0,0,,0.07999999999998408,-0.5,-7.455449769480811
-0.45407615507518284,0.303141599948031,1.0,0,,0.0,-1.9999999999999185e-05,
-0.29502292582404366,0.35745862423252156,1.0,0,,0.0004999999999999449,-0.00040000000000006697,-590.0458516481523
-0.15609235186158843,0.4906412336328427,1.0,0,,0.3599999999999852,-0.030000000000001137,-0.43358986628220786
-0.3670212457200131,0.35745862423252156,1.0,0,,0.00039999999999995595,0.0,-917.5531143001338
-1.0232119524960064,0.3319245838934052,1.0,0,,9.999999999998899e-05,-0.0010000000000000009,-10232.11952496119
-0.6723116741087212,0.40006082567050044,,0,,0.0,0.0,
-0.708098815274287,0.454360885234139,1.0,0,,5.000000000000143e-05,0.0,-14161.976305485334
-1.2932923983359168,0.3319245838934052,1.0,0,,0.0,-0.0005999999999999894,
-2.2827013687727575,0.4906412336328427,1.0,0,,0.0,-0.46000000000000796,
-0.5664608872079503,0.303004265487021,1.0,0,,0.0,-9.999999999998899e-05,
-0.6463775010671514,0.31108559042696077,1.0,0,,0.0,-3.0000000000002247e-05,
-0.6558132281183231,0.38424735105594315,,0,,0.0,0.0,
-0.48418272808560014,0.49256249117104833,1.0,0,,0.15000000000000568,-0.03999999999999204,-3.2278848539038787
-0.34261609139997495,0.303004265487021,1.0,0,,9.999999999998899e-05,0.0,-3426.160914000127
-1.1978642769599022,0.4383217988639534,1.0,0,,0.0,-9.999999999999593e-06,
-0.6499557499679927,0.3597682552862938,1.0,0,,0.0,-0.000300000000000078,
-0.48401397014391206,0.49256249117104833,1.0,0,,0.15000000000000568,0.0,-3.2267598009592913
-0.4876169168159472,0.34100106769729505,1.0,0,,9.999999999998899e-05,-0.0002999999999999947,-4876.16916816001
-0.5827541202863706,0.4609405933902093,1.0,0,,0.00029999999999996696,0.0,-1942.513734288116
-0.8130658558967547,0.38424735105594315,1.0,0,,0.0,-0.00010999999999999899,
-0.6000013328399817,0.4003411980419423,1.0,0,,4.999999999999449e-05,0.0,-12000.026656800956
0.00508689107764565,0.3597682552862938,1.0,0,,0.0011999999999999789,0.0,4.2390758980381165
-0.45386358982076824,0.30299585043771027,,0,,0.0,0.0,
-0.19328197994635415,0.3821687214890972,1.0,0,,0.0009000000000000119,-9.999999999998899e-05,-214.7577554959462
-0.5063800629096153,0.4383217988639534,1.0,0,,9.999999999999593e-06,0.0,-50638.006290963596
-0.4610444838383414,0.31108559042696077,,0,,0.0,0.0,
-0.7115075290799903,0.4609405933902093,1.0,0,,0.00029999999999996696,0.0,-2371.6917636002286
-0.33750233884802083,0.49055159115854685,1.0,0,,0.0004999999999999449,0.0,-675.004677696116
-0.5659237134959674,0.303004265487021,1.0,0,,0.0,-0.00030000000000002247,
-0.9453467464895478,0.644456523663304,1.0,0,,1.9999999999999185e-05,0.0,-47267.33732447931
1.1162539536824714,0.3029199350952309,1.0,0,,0.0020000000000000018,0.0,558.1269768412352
-0.475613548197543,0.30851320994103937,1.0,0,,0.0,-0.06999999999970896,
-1.455645494879982,0.34282271054313407,1.0,0,,0.0,-0.0007000000000000062,
-0.3756680309504148,0.45015191640769137,1.0,0,,1.9999999999999185e-05,0.0,-18783.401547521506
-0.33340843411197196,0.3437446357720329,1.0,0,,0.09999999999999432,-0.18000000000000682,-3.334084341119909
-1.61001754833598,0.49055159115854685,1.0,0,,0.0,-0.0007000000000000339,
-0.1536591373199718,0.3029199350952309,1.0,0,,0.00030000000000002247,0.0,-512.1971243998677
-0.22588935396952187,0.3437446357720329,1.0,0,,0.21000000000000796,0.0,-1.0756635903310157
-0.47862196955757,0.4609405933902093,1.0,0,,0.000500000000000056,0.0,-957.243939115033
-0.46863567488156727,0.3200123508205546,,0,,0.0,0.0,
-1.1279614224837389,0.644456523663304,1.0,0,,1.0000000000003062e-05,0.0,-112796.14224833935
6.201185631209206,0.3821687214890972,1.0,0,,0.005769999999999997,0.0,1074.7288788924106
-0.4716259418783296,0.30851320994103937,,0,,0.0,0.0,
-0.6294424928399988,0.4003411980419423,1.0,0,,2.999999999997449e-05,0.0,-20981.416428017797
-0.18830896800480018,0.31024628503982565,1.0,0,,0.0014999999999999458,-9.999999999998899e-05,-125.53931200320466
-0.9518193284158732,0.5034681529604401,1.0,0,,0.00019999999999997797,0.0,-4759.09664207989
-0.514460868321568,0.45015191640769137,,0,,0.0,0.0,
-2.0656992470399786,0.3313616360226124,1.0,0,,0.0,-0.007900000000000018,
-0.6913632570119369,0.32585273897966294,1.0,0,,9.999999999996123e-06,-6.0000000000004494e-05,-69136.3257012205
-1.1141408781118873,0.46777088806320666,1.0,0,,0.0,-0.00019999999999997797,
-0.03569411339992895,0.3313616360226124,1.0,0,,0.0027000000000001467,0.0,-13.220041999972967
-0.4694498842943672,0.32102616257482697,,0,,0.0,0.0,
-0.027487676397549288,0.31024628503982565,1.0,0,,0.0009000000000000119,0.0,-30.54186266394325
-0.2867434412479032,0.5034681529604401,1.0,0,,0.000300000000000078,-9.999999999998899e-05,-955.8114708260955
-0.334063719304016,0.3101378911148399,,0,,0.0,0.0,
-0.9222251976543734,0.6387241827133086,,0,,0.0,0.0,
-0.46349322452156894,0.3828367167406442,,0,,0.0,0.0,
-0.971806555499982,0.47809408824628785,1.0,0,,0.0,-0.00039999999999995595,
-0.4902195450527749,0.34489017218418966,1.0,0,,0.06999999999999318,-0.0800000000000125,-7.003136357897466
-0.5615600028480117,0.46777088806320666,1.0,0,,9.999999999998899e-05,0.0,-5615.600028480735
-0.34070864827996516,0.3313616360226124,1.0,0,,0.0020000000000000018,0.0,-170.35432413998242
-0.2873793751487576,0.32585273897966294,1.0,0,,6.0000000000004494e-05,0.0,-4789.656252478935
-0.6804894287519841,0.4738312796086798,1.0,0,,9.999999999998899e-05,0.0,-6804.894287520591
-0.5737652930951967,0.3101378911148399,1.0,0,,0.0,-1.7899999999999636,
-0.41594081309756414,0.3828367167406442,1.0,0,,4.999999999999449e-05,0.0,-8318.816261952199
-1.1559672048575185,0.4543890478970569,1.0,0,,0.0,-1.9999999999999185e-05,
-0.473044859399991,0.47809408824628785,1.0,0,,0.00039999999999995595,0.0,-1182.6121485001079
-0.25505953017116784,0.34489017218418966,1.0,0,,0.1599999999999966,-0.09000000000000341,-1.594122063569833
-0.4740700582656359,0.32662802369379584,1.0,0,,0.0007000000000000339,0.0,-677.2429403794471
-0.935920782719914,0.49871753738356067,1.0,0,,0.0,-0.0013000000000000789,
-0.4681552428431771,0.3193223508147194,1.0,0,,3.999999999999837e-05,0.0,-11703.881071079904
-0.9126358173599738,0.3470731618783649,1.0,0,,0.0,-0.00040000000000001146,
1.3649918967568797,0.6387241827133086,1.0,0,,0.00014999999999999736,0.0,9099.945978379359
-0.5604036958727603,0.3891940298533789,1.0,0,,7.00000000000145e-05,0.0,-8005.767083894918
-2.498019531976813,0.5096552195813437,1.0,0,,0.0,-0.589999999999975,
-0.6832983422231506,0.3193223508147194,1.0,0,,0.0,-7.000000000000062e-05,
-1.3504237030319908,0.3836695284053971,1.0,0,,0.0,-0.0006999999999999784,
-1.7941973131487654,0.47521545087227157,1.0,0,,0.0,-0.0011999999999999789,
-0.6501707085214701,0.47521545087227157,1.0,0,,0.00040000000000006697,0.0,-1625.426771303403
-0.4338214816296016,0.5096552195813437,1.0,0,,0.1699999999999875,-0.009999999999990905,-2.551891068409609
-0.3525838341600054,0.3435570789297702,1.0,0,,0.0039999999999995595,-0.006000000000000227,-88.14595854001105
-0.5229187953095463,0.46118809584171055,,0,,0.0,0.0,
-0.1060161711839267,0.3836695284053971,1.0,0,,0.00040000000000001146,-9.999999999998899e-05,-265.04042795980916
-0.6686952099231607,0.3114772141821385,1.0,0,,0.0,-0.7799999999997453,
-0.6801332331359544,0.4738312796086798,1.0,0,,9.999999999998899e-05,-0.00030000000000002247,-6801.332331360293
-0.2531082461039985,0.3193223508147194,1.0,0,,7.000000000000062e-05,0.0,-3615.8320871999467
-0.49543603467994735,0.3435570789297702,1.0,0,,0.0030000000000001137,0.0,-165.14534489330953
-0.27807447174004557,0.32662802369379584,1.0,0,,0.0009000000000000119,-0.0008999999999999009,-308.97163526671324
-0.3092513277599528,0.46118809584171055,1.0,0,,1.9999999999999185e-05,0.0,-15462.56638799827
0.2752922657703535,0.49871753738356067,1.0,0,,0.0010999999999999899,-0.000500000000000056,250.26569615486912
-2.3226310336319695,0.3508275396721284,1.0,0,,0.0,-0.0012999999999999956,
-0.12258838015181028,0.37310520688568316,1.0,0,,0.0012800000000000034,-1.999999999996449e-05,-95.77217199360153
-0.4565981884799661,0.4738312796086798,1.0,0,,0.00020000000000003348,0.0,-2282.990942399448
-1.1264258658670283,0.643855709110355,1.0,0,,1.0000000000003062e-05,0.0,-112642.58658666835
-0.7101703255679683,0.3231210778950517,1.0,0,,0.0,-0.20000000000004547,
-0.3275816677535778,0.4705347763531821,1.0,0,,0.00039999999999995595,-0.00039999999999995595,-818.9541693840347
-0.7191366038063499,0.3891940298533789,1.0,0,,0.0,-3.999999999998449e-05,
-0.49000419551999674,0.3408919001344837,1.0,0,,0.005000000000000782,0.0,-98.00083910398403
0.047171565304870544,0.3859027094539884,1.0,0,,0.0006900000000000239,-8.999999999997899e-05,68.36458739836074
-0.5238768451079674,0.46291172717320506,1.0,0,,1.9999999999999185e-05,-9.999999999999593e-06,-26193.842255399435
-0.33419809678879464,0.3114772141821385,,0,,0.0,0.0,
-0.7944902319119562,0.3836695284053971,1.0,0,,9.999999999998899e-05,-0.0007000000000000339,-7944.902319120437
-0.8621221619999395,0.3231210778950517,,0,,0.0,0.0,
-0.3061868514216212,0.32662802369379584,1.0,0,,0.00029999999999996696,0.0,-1020.6228380721832
-0.4866966647999825,0.33720496790494936,1.0,0,,0.0,-0.0009999999999998899,
-0.04334576767195619,0.51184872026149,1.0,0,,0.0,-0.0011999999999999789,
-0.41922771695436667,0.34539956751023443,1.0,0,,0.21999999999999886,-0.0800000000000125,-1.9055805316107675
-0.6171481124423531,0.4865987446586287,1.0,0,,4.999999999999449e-05,0.0,-12342.962248848422
-0.5408402712000252,0.3408919001344837,1.0,0,,0.0019999999999988916,0.0,-270.4201356001625
-0.2219418630000055,0.4705347763531821,1.0,0,,0.00039999999999995595,-0.0006000000000000449,-554.8546575000748
-0.321951739132695,0.341201652530487,1.0,0,,0.00040000000000006697,-0.00039999999999995595,-804.8793478316027
-0.777933694487956,0.4865987446586287,1.0,0,,1.9999999999992246e-05,0.0,-38896.68472441288
-0.6294915052703829,0.34156586904268255,1.0,0,,9.999999999996123e-06,0.0,-62949.150527062695
0.9735408034960756,0.33612724995342735,1.0,0,,9.99999999999994e-05,0.0,9735.408034960816
-0.32453462591999854,0.33720496790494936,1.0,0,,0.0019999999999997797,0.0,-162.26731296001714
-0.02739592506944788,0.657334455216988,1.0,0,,5.9999999999997555e-05,-1.0000000000003062e-05,-456.59875115748326
-0.677882141006302,0.40510274013747793,,0,,0.0,0.0,
-0.4078868190479416,0.4717247376842692,1.0,0,,0.0,-0.00030000000000002247,
-0.4727128665599819,0.3231210778950517,1.0,0,,0.12000000000000455,-0.12999999999999545,-3.9392738879997
-0.547895403408065,0.51184872026149,1.0,0,,0.00039999999999995595,-9.999999999998899e-05,-1369.7385085203132
-0.19109913856002336,0.3833712542583767,1.0,0,,0.00040000000000001146,0.0,-477.74784640004475
-0.3639539802959897,0.36468188196278717,1.0,0,,9.999999999998899e-05,0.0,-3639.5398029602975
-0.790881898852787,0.48799426443068694,1.0,0,,0.0005999999999999339,-9.999999999998899e-05,-1318.1364980881235
-0.19066393370873713,0.3859027094539884,1.0,0,,0.0006099999999999994,-0.0017099999999999893,-312.5638257520284
-1.6375038239999422,0.539892000700003,1.0,0,,0.0,-0.1699999999999875,
-0.6638625991008278,0.3899494943777745,1.0,0,,0.0009799999999999809,-0.00043000000000004146,-677.4108154090212
-0.7035516649823697,0.34539956751023443,1.0,0,,0.060000000000002274,-0.5099999999999909,-11.72586108303905
-1.380586913279926,0.49019533521756903,1.0,0,,0.0,-0.00020000000000003348,
-0.8228443247999646,0.33251499433921683,1.0,0,,0.0,-0.009000000000000341,
-2.1855891206399836,0.5167260722497755,1.0,0,,9.999999999998899e-05,-0.0010999999999999899,-21855.891206402244
-0.3544423997279738,0.3505205761694627,1.0,0,,0.0005000000000000004,0.0,-708.884799455947
-1.363764750873534,0.33612724995342735,1.0,0,,9.999999999999593e-06,-6.999999999999715e-05,-136376.47508735897
-0.7977197279999656,0.539892000700003,1.0,0,,0.05000000000001137,-0.030000000000001137,-15.954394559995684
-0.6765071265215021,0.4035720685686178,,0,,0.0,0.0,
-1.1818707142319989,0.44467462289875703,1.0,0,,0.00019999999999997797,-0.0010000000000000009,-5909.3535711606455
-0.31213829537273763,0.4574062630348664,1.0,0,,0.21000000000000796,0.0,-1.4863728351082182
-0.6443788223999276,0.33251499433921683,1.0,0,,0.0030000000000001137,-0.0019999999999988916,-214.79294079996774
-0.42737240671994303,0.3487508927408479,1.0,0,,0.002000000000000224,0.0,-213.6862033599476
-0.2521104861312311,0.4774545402054181,1.0,0,,4.999999999999796e-05,-9.999999999999593e-06,-5042.209722624828
-1.0797636772223576,0.35030507655429743,1.0,0,,0.0,-0.0010000000000000009,
-0.609093139151994,0.35585668162277007,1.0,0,,0.0,-0.0030000000000001137,
-0.9391827088799907,0.501963683323217,1.0,0,,0.0,-3.0000000000002247e-05,
-0.6957158004719534,0.49019533521756903,1.0,0,,9.999999999998899e-05,0.0,-6957.1580047203
-0.0753952857359644,0.3505205761694627,1.0,0,,0.0005999999999999894,-0.00030000000000002247,-125.6588095599429
-0.6346361576447536,0.3899494943777745,1.0,0,,0.0010100000000000109,-0.00015999999999999348,-628.3526313314323
-1.7128637351759397,0.6612941714263231,1.0,0,,0.0,-0.00014000000000000123,
-0.5014048265039839,0.3418283527695084,1.0,0,,0.03000000000002956,-0.37000000000000455,-16.713494216782994
-1.0507392528479111,0.48799426443068694,1.0,0,,0.00019999999999997797,-0.0006000000000000449,-5253.696264240134
-1.0374797375999405,0.539892000700003,1.0,0,,0.04999999999999716,0.0,-20.74959475199999
-2.747846430335947,0.38589360618613544,1.0,0,,0.0,-0.0015000000000000013,
-1.308832199558374,0.501963683323217,1.0,0,,0.0,-1.9999999999992246e-05,
-1.264898232935876,0.5167260722497755,1.0,0,,9.999999999998899e-05,-0.0004999999999999449,-12648.982329360153
-0.7864401186240184,0.35585668162277007,1.0,0,,0.0,-0.008000000000000895,
-1.3798634208480176,0.49019533521756903,1.0,0,,0.0,-0.00030000000000002247,
-0.7797238313183452,0.4035720685686178,1.0,0,,0.0,-7.00000000000145e-05,
-1.9397621494431936,0.4574062630348664,1.0,0,,0.03999999999999204,-0.5099999999999909,-48.49405373608949
-1.1169460425599445,0.44467462289875703,1.0,0,,0.0,-0.0006999999999999229,
-0.756436873919968,0.3487508927408479,1.0,0,,0.0,-0.0030000000000001137,
-0.7579940870087347,0.5056699675589988,1.0,0,,3.0000000000002247e-05,0.0,-25266.46956695593
-1.137349484843977,0.35030507655429743,1.0,0,,9.999999999998899e-05,-0.0010999999999999899,-11373.494848441022
1.0944486362952168,0.44760677415784955,1.0,0,,9.99999999999994e-05,0.0,10944.486362952235
-0.8328698593679809,0.3418283527695084,1.0,0,,0.06999999999999318,-0.4200000000000159,-11.898140848115172
-0.39710379047999256,0.35640659623919346,1.0,0,,0.0030000000000001137,0.0,-132.3679301599925
-0.913411331999942,0.482750185537952,1.0,0,,0.0001000000000000445,0.0,-9134.113319995355
-0.6054037157199349,0.45349130275160315,1.0,0,,0.15000000000000568,-0.060000000000002274,-4.03602477146608
-0.2258583155848594,0.4084461436871049,1.0,0,,2.999999999999531e-06,-4.000000000000531e-06,-75286.1051949649
-0.12910957259998412,0.43274024418298473,1.0,0,,0.0004999999999999449,-0.00040000000000006697,-258.21914519999666
-0.4989810931199793,0.33251499433921683,1.0,0,,0.0,-0.004999999999999005,
-1.172566259699984,0.4774545402054181,1.0,0,,0.0,-1.9999999999999185e-05,
-0.48438446085113906,0.34772291525112475,1.0,0,,3.8000000000029104,-40.0,-0.12746959496072843
-0.22222040498235546,0.4934864954947125,1.0,0,,0.0006000000000000449,-0.0006999999999999229,-370.36734163723133
-0.7541466167039109,0.5145153650073677,1.0,0,,0.00019999999999997797,0.0,-3770.73308351997
-0.9403195823999941,0.5432002746981333,1.0,0,,0.04999999999999716,0.0,-18.80639164800095
-0.30135001343997975,0.35904021689593696,1.0,0,,0.0009999999999998899,-0.0009999999999998899,-301.35001344001296
-0.34526730608954836,0.34194891807726013,1.0,0,,0.00040000000000006697,0.0,-863.1682652237264
-0.4808828614079688,0.3279755074229133,1.0,0,,0.27000000000003865,-0.009999999999990905,-1.781047634844074
-0.8794943067631793,0.4084461436871049,1.0,0,,3.000000000000398e-06,0.0,-293164.76892102085
-1.9180143682559556,0.39096221346701454,1.0,0,,0.00014999999999998348,-0.0019899999999999918,-12786.762455041113
-0.59026008674872,0.40614803548843353,1.0,0,,6.0000000000004494e-05,0.0,-9837.66811247793
-0.4989810931199793,0.32662822298919864,1.0,0,,0.0030000000000001137,0.0,-166.3270310399868
-1.6030782231359666,0.3048226406250619,1.0,0,,0.0016000000000000458,-0.007199999999999873,-1001.9238894599504
-4.672617638639936,0.44143490329788093,1.0,0,,0.0,-0.00020000000000000226,
-0.6664256967600186,0.4934864954947125,1.0,0,,0.00029999999999996696,-9.999999999998899e-05,-2221.418989200307
-0.37336590347518384,0.34772291525112475,1.0,0,,23.19999999999709,-9.400000000008731,-0.016093357908415117
-1.0182750030639536,0.35460470144274836,1.0,0,,0.0,-0.0003999999999999837,
-0.6947874839360249,0.5145153650073677,1.0,0,,0.00029999999999996696,-9.999999999998899e-05,-2315.9582797870044
-0.8611650461215875,0.39096221346701454,1.0,0,,0.0018100000000000338,-0.00037999999999999146,-475.7817934373323
-0.3614417993279692,0.35640659623919346,1.0,0,,0.002000000000000668,-0.0039999999999995595,-180.72089966392426
-0.942623533248022,0.45349130275160315,1.0,0,,0.1599999999999966,-0.04999999999998295,-5.891397082800263
-0.494486883744011,0.3279755074229133,1.0,0,,0.12999999999999545,0.0,-3.8037452595694483
-0.5400052940799646,0.35904021689593696,1.0,0,,0.0009999999999998899,0.0,-540.005294080024
-1.932012150017525,0.34194891807726013,1.0,0,,9.999999999998899e-05,-0.0012999999999999678,-19320.121500177378
-1.053880655198427,0.5056699675589988,1.0,0,,3.0000000000002247e-05,-9.999999999996123e-06,-35129.355173278265
-1.0195315007999484,0.5432002746981333,1.0,0,,0.04999999999999716,0.0,-20.390630016000127
-0.3993612237600079,0.43274024418298473,1.0,0,,0.0007000000000000339,-0.00019999999999997797,-570.5160339428407
-0.688743343655984,0.482750185537952,1.0,0,,9.999999999998899e-05,0.0,-6887.433436560598
-0.47059900562634654,0.4934864954947125,1.0,0,,0.00040000000000006697,-0.00029999999999996696,-1176.4975140656693
-0.9150870835583185,0.4834071205005744,1.0,0,,0.0,-9.999999999999593e-06,
-0.3553267576622494,0.4084461436871049,1.0,0,,2.999999999999531e-06,-2.0000000000002655e-06,-118442.25255410167
-0.6629722401455956,0.39096221346701454,1.0,0,,0.0006400000000000294,-0.00020999999999998797,-1035.8941252274456
-1.5841773721520118,0.3831905461903302,1.0,0,,0.00019999999999997797,-0.00030000000000002247,-7920.886860760931
-0.9422001480862597,0.45349130275160315,1.0,0,,0.13999999999998636,0.0,-6.730001057759654
-0.6792334458623079,0.40614803548843353,,0,,0.0,0.0,
-0.4387482614399374,0.32662822298919864,1.0,0,,0.0030000000000001137,-0.0019999999999988916,-146.2494204799736
-0.5043192268799388,0.35904021689593696,1.0,0,,0.0030000000000001137,0.0,-168.10640895997324
-0.46067423067195457,0.35640659623919346,1.0,0,,0.0039999999999995595,-0.002000000000000668,-115.16855766800133
-0.13583899900794838,0.35460470144274836,1.0,0,,0.0012000000000000066,-0.0003999999999999837,-113.19916583995636
-0.9469558861199905,0.5083467927375183,1.0,0,,3.0000000000002247e-05,0.0,-31565.19620399732
-0.494486883744011,0.32961358416952,1.0,0,,0.12999999999999545,0.0,-3.8037452595694483
-0.6966324220799534,0.4905787334755469,1.0,0,,9.999999999998899e-05,0.0,-6966.324220800301
0.012528936695989895,0.32571145085426306,1.0,0,,0.0,-0.0040000000000000036,
-0.647511784703938,0.3779989922029755,1.0,0,,0.0005000000000000004,0.0,-1295.023569407875
-0.9434721297792127,0.5059720708533331,1.0,0,,0.00039999999999995595,0.0,-2358.6803244482917
-0.5111359084800101,0.3648836165879955,1.0,0,,0.002000000000000668,0.0,-255.56795423991971
-0.4918281859007152,0.34780272817273294,1.0,0,,0.0008000000000000229,0.0,-614.7852323758764
0.2607053704320319,0.5145153650073677,1.0,0,,0.0,-0.0013999999999999568,
-2.1036549699359406,0.39052530745645175,1.0,0,,0.0,-0.0010999999999999899,
-0.4154336185247453,0.3035990004341796,1.0,0,,3.999999999998449e-05,0.0,-10385.840463122659
-0.2824770124799645,0.33597100120629037,1.0,0,,0.006999999999999673,0.0,-40.353858925711094
-0.4979578708079699,0.3545953485749419,1.0,0,,0.2600000000000193,0.0,-1.915222580030511
-0.46989402470397307,0.3156956709918223,1.0,0,,0.0045999999999999375,0.0,-102.1508749356477
-0.45178932838395963,0.34772291525112475,1.0,0,,19.39999999999418,-22.70000000001164,-0.02328810971052037
-0.7169209649279311,0.44143490329788093,,0,,0.0,0.0,
-0.5039159865599703,0.3504791243786621,1.0,0,,0.0029999999999996696,0.0,-167.9719955200086
-1.0369996895998643,0.559897575343294,1.0,0,,0.010000000000005116,-0.0799999999999983,-103.69996895993339
-0.993777287567933,0.45188953613115385,1.0,0,,0.0,-0.00039999999999995595,
-0.4800101920222915,0.5001556615559747,1.0,0,,0.0,-2.9999999999998778e-05,
-0.9776446346879495,0.5309969118707945,1.0,0,,0.00019999999999997797,0.0,-4888.223173440286
-0.2770602130400236,0.39052530745645175,1.0,0,,0.00029999999999996696,0.0,-923.534043466847
-1.5693364831871561,0.5083467927375183,1.0,0,,9.999999999996123e-06,-9.000000000000674e-05,-156933.64831877645
-0.7569191548799062,0.3648836165879955,1.0,0,,0.0,-0.009999999999999787,
-1.35463453395672,0.5059720708533331,1.0,0,,0.0,-0.0015999999999999348,
-0.7150819334399403,0.33597100120629037,1.0,0,,0.0,-0.009999999999999787,
-1.6091798044798833,0.4905787334755469,1.0,0,,0.0,-0.00039999999999995595,
-1.8184519439999063,0.559897575343294,1.0,0,,0.0,-0.19999999999998863,
-1.5208108092863248,0.388311363582321,1.0,0,,4.999999999999449e-05,-0.0020000000000000018,-30416.216185729845
-0.9431815459919022,0.32961358416952,1.0,0,,0.09000000000003183,-0.7999999999999545,-10.479794955461873
-2.578727523047938,0.5001556615559747,1.0,0,,0.0,-6.0000000000001025e-05,
-0.8994358664135805,0.34780272817273294,1.0,0,,0.0,-0.0017000000000000348,
-1.2328473163103952,0.3545953485749419,1.0,0,,0.0,-0.8000000000000114,
-0.8405208940799782,0.3504791243786621,1.0,0,,0.0,-0.0040000000000000036,
-1.224505784159924,0.5083467927375183,1.0,0,,0.0,-7.999999999999674e-05,
-0.7432631188799524,0.46280537640234737,1.0,0,,0.0,-0.060000000000002274,
-0.45517745370232154,0.3035990004341796,,0,,0.0,0.0,
-0.9884025103679002,0.5371658090006352,1.0,0,,0.00019999999999997797,-0.0011999999999999789,-4942.0125518400455
-2.003160734120026,0.45188953613115385,1.0,0,,0.0,-0.0012000000000000899,
-0.49459729478395004,0.34225801109156,1.0,0,,0.3199999999999932,0.0,-1.5456165461998768
-0.6403600295999534,0.37024337578604205,1.0,0,,0.004999999999999005,0.0,-128.07200592001615
-0.9579261830399213,0.5089574992911008,1.0,0,,0.0030000000000001137,0.0,-319.30872767996163
-0.9586210525198735,0.5176215041610435,1.0,0,,0.00040000000000006697,0.0,-2396.5526312992824
-1.7479257395999823,0.3779989922029755,1.0,0,,0.0,-0.0012999999999999678,
-0.4858116121920016,0.3521720191553782,1.0,0,,0.00040000000000006697,0.0,-1214.5290304798007
-1.2368363903999922,0.391731457581016,1.0,0,,0.0,-0.0006999999999999784,
-0.19584580041598065,0.3335876794299928,1.0,0,,0.0022000000000000075,-0.0002999999999999947,-89.02081837089999
-0.3134951719296708,0.3591561376361333,1.0,0,,0.0,-65.40000000000873,
-0.6481809661708029,0.43956761849978826,1.0,0,,0.0,-1.600000000000039e-05,
-0.3464589308640001,0.4164847842497401,1.0,0,,0.0,-0.00039999999999995595,
-0.6617151818927447,0.49736909193330653,1.0,0,,0.0,-0.0003399999999999792,
-0.6566889781919403,0.390966238002962,1.0,0,,0.0,-0.9500000000000455,
-0.08050687860478539,0.46436840782862454,1.0,0,,0.12000000000000455,-0.1599999999999966,-0.6708906550398529
-0.09796525939200235,0.31574302225871975,1.0,0,,0.0,-0.0041999999999999815,
-0.39570839677590797,0.4944382558107104,1.0,0,,0.0,-0.00040000000000001146,
-0.22232772639986753,0.5661633149202536,1.0,0,,0.04999999999999716,-0.13000000000000966,-4.446554527997604
-1.563666516191979,0.4947003420149094,1.0,0,,0.0,-8.000000000000021e-05,
-0.6511739547135253,0.5166727414335662,1.0,0,,7.000000000000062e-05,0.0,-9302.485067335994
-0.5889904256079346,0.4513206836516803,1.0,0,,0.00040000000000006697,0.0,-1472.47606401959
-0.49577938783993347,0.46280537640234737,1.0,0,,0.04999999999999716,0.0,-9.915587756799233
-0.985250515199989,0.5371658090006352,1.0,0,,0.00019999999999997797,-0.0009000000000000119,-4926.252576000487
-0.261765634799953,0.36803694361723344,1.0,0,,0.0019999999999997797,-0.001000000000000334,-130.88281739999093
-0.5160634891647381,0.3591561376361333,1.0,0,,24.80000000000291,0.0,-0.02080901165986603
-0.7139353159929704,0.43956761849978826,1.0,0,,8.000000000000194e-06,0.0,-89241.91449911914
-0.6893191650239731,0.4164847842497401,1.0,0,,0.0005000000000000004,0.0,-1378.638330047945
-0.9319438250638559,0.49736909193330653,1.0,0,,0.00014000000000000123,-3.0000000000002247e-05,-6656.741607598912
-0.6400720008000292,0.37024337578604205,1.0,0,,0.006000000000000227,0.0,-106.67866680000083
-1.2363429586400845,0.5089574992911008,1.0,0,,0.0129999999999999,0.0,-95.10330451077645
-1.043757095635125,0.4107024511255023,1.0,0,,0.0,-8.00000000000245e-05,
-0.8831102628318629,0.390966238002962,1.0,0,,0.5299999999999727,0.0,-1.6662457789281289
-1.3408436927998606,0.5661633149202536,1.0,0,,0.04999999999999716,0.0,-26.816873855998736
-1.1993463627598395,0.4944382558107104,1.0,0,,0.00019999999999997797,0.0,-5996.731813799858
-2.012220484127988,0.4947003420149094,1.0,0,,0.0,-5.000000000000143e-05,
-0.49572291133435264,0.3521720191553782,1.0,0,,0.0007000000000000339,0.0,-708.1755876204694
-0.8923597259304836,0.5176215041610435,1.0,0,,0.0004999999999999449,-0.0006000000000000449,-1784.7194518611639
-0.7423324018176058,0.46436840782862454,1.0,0,,0.25,-0.0800000000000125,-2.9693296072704234
-0.10350558691191392,0.3826746973381445,1.0,0,,0.0005000000000000004,-0.0001000000000000445,-207.01117382382765
-0.8218950796159086,0.3335876794299928,1.0,0,,0.0,-0.0021999999999999797,
-0.457466062031956,0.3071230167572587,,0,,0.0,0.0,
-0.9598838574400061,0.46280537640234737,1.0,0,,0.01999999999999602,-0.020000000000003126,-47.994192872009855
-0.6750475835198693,0.36803694361723344,1.0,0,,0.0009999999999998899,0.0,-675.0475835199436
-0.6456823183583849,0.4801253050548002,1.0,0,,0.0,-0.00014999999999998348,
-0.47554482975998735,0.3968185691040846,1.0,0,,0.0008999999999999564,0.0,-528.3831441777893
-1.2607278197279723,0.4513206836516803,1.0,0,,0.0,-0.0013999999999999568,
-0.8513475711998895,0.5363168544860565,1.0,0,,0.00019999999999997797,-9.999999999998899e-05,-4256.737855999916
-0.6593531567999567,0.31574302225871975,1.0,0,,0.000400000000000178,-0.0035999999999998256,-1648.3828919991581
-0.9580200324239003,0.5166727414335662,1.0,0,,0.0,-2.0000000000006124e-05,
-0.006292964119128885,0.340548650528052,1.0,0,,0.10999999999998522,-0.2600000000000193,-0.05720876471936119
-0.6846377053823323,0.4107024511255023,,0,,0.0,0.0,
-0.6508216668799629,0.3205594355816376,1.0,0,,0.0,-0.006999999999999673,
-0.9884534015999701,0.34204685575090704,1.0,0,,0.0,-0.0030000000000001137,
-3.162401665247924,0.3750893654176657,1.0,0,,0.0002999999999999947,-0.0020000000000000018,-10541.338884159932
-0.736471345991986,0.34225801109156,1.0,0,,0.08999999999997499,-0.4700000000000273,-8.183014955468785
-1.6979681522495518,0.4880768513949901,1.0,0,,0.000200000000000089,-0.0012999999999999678,-8489.84076124398
-0.9840743975998322,0.5363168544860565,1.0,0,,0.0008000000000000229,0.0,-1230.092996999755
-1.0228229030880054,0.40908778727774964,1.0,0,,0.0,-0.00030000000000002247,
-1.329407178719956,0.5159854241483324,1.0,0,,0.0,-0.11999999999999034,
-0.9102539784575975,0.32009906939840826,1.0,0,,0.0,-0.0008000000000000229,
-1.3994214803278673,0.4856898344840259,1.0,0,,0.0,-7.999999999999674e-05,
-0.6309019295232086,0.3430088064648896,1.0,0,,9.999999999999593e-06,-9.999999999999593e-06,-63090.19295232343
-1.9331575597439108,0.42696781076629065,1.0,0,,9.999999999998899e-05,-0.0012999999999999678,-19331.57559744124
-1.8867124482248139,0.4801253050548002,1.0,0,,0.0,-0.00014000000000000123,
-0.3877141746720023,0.3255289645465057,1.0,0,,0.12000000000000455,-0.009999999999990905,-3.2309514555998966
-1.1888308717478582,0.4880768513949901,1.0,0,,0.0006000000000000449,0.0,-1981.384786246282
-0.883171029887979,0.40908778727774964,1.0,0,,0.0,-0.0005000000000000004,
-0.827820284800054,0.30294395815544606,1.0,0,,0.0,-0.0045000000000001705,
-0.3129790343998695,0.42696781076629065,1.0,0,,0.0005999999999999339,-0.00010000000000010001,-521.63172399984
-0.25885952639993737,0.3750893654176657,1.0,0,,0.0022000000000000075,-0.0005000000000000004,-117.66342109088022
-0.25341130079996427,0.34204685575090704,1.0,0,,0.0009999999999998899,-0.002000000000000224,-253.41130079999218
-0.4536755879039551,0.30145085070056465,,0,,0.0,0.0,
-0.9836309557007503,0.340548650528052,1.0,0,,0.0,-0.37999999999999545,
-0.5690660157600127,0.3205594355816376,1.0,0,,0.0,-0.006000000000000227,
-0.9199284156431284,0.4880768513949901,1.0,0,,0.0008000000000000229,0.0,-1149.9105195538775
-0.4582775831759559,0.3080902606875009,,0,,0.0,0.0,
-0.5570779301471,0.4856898344840259,1.0,0,,3.999999999999837e-05,-2.0000000000006124e-05,-13926.948253678069
-0.32919469440001786,0.3255289645465057,1.0,0,,0.15999999999996817,-0.17000000000001592,-2.057466840000521
-0.5051257075199503,0.34204685575090704,1.0,0,,0.0009999999999998899,0.0,-505.12570752000596
-0.45568018953582085,0.40908778727774964,1.0,0,,0.00020000000000003348,0.0,-2278.400947678723
-0.4244854590144056,0.340548650528052,1.0,0,,0.12000000000000455,-0.03999999999999204,-3.5373788251199128
-0.7955096110175915,0.4839361586810506,1.0,0,,1.9999999999992246e-05,0.0,-39775.480550895
-0.7952965263359765,0.35328034154934246,1.0,0,,0.00040000000000001146,0.0,-1988.2413158398842
-0.8739543695999699,0.5159854241483324,1.0,0,,0.0,-0.14000000000000057,
-0.5328773191319274,0.32009906939840826,1.0,0,,0.0,-0.0011999999999999789,
-0.44159276413439047,0.3430088064648896,1.0,0,,9.999999999999593e-06,-9.999999999999593e-06,-44159.27641344085
-1.0111539052798604,0.5569273973076326,1.0,0,,0.000200000000000089,0.0,-5055.769526397052
-0.12438380411992123,0.4052488574586811,1.0,0,,0.0009000000000000119,0.0,-138.20422679991066
-0.4606146488591789,0.313455011368555,1.0,0,,0.00012000000000000205,0.0,-3838.4554071597586
-0.9108818630784152,0.4801253050548002,1.0,0,,9.999999999982245e-06,0.0,-91088.18630800325
-0.026927081999936042,0.30294395815544606,1.0,0,,0.001000000000000112,-0.0028999999999999027,-26.92708199993303
-0.7404116337599085,0.4635194979406968,1.0,0,,0.0005999999999999339,0.0,-1234.0193895999835
-0.4536755879039551,0.30145085070056465,,0,,0.0,0.0,
-1.0192572590087727,0.3347241996758674,1.0,0,,0.0,-0.4200000000000159,
-0.9878859787199814,0.5200358427186309,,0,,0.0,0.0,
-0.6193539566240367,0.3323754007848937,1.0,0,,0.0,-0.00019999999999997797,
-0.4417662814806731,0.3432939290675047,1.0,0,,1.0000000000003062e-05,0.0,-44176.62814805378
-0.5531960459519609,0.32038664416189105,1.0,0,,0.03999999999996362,-0.1500000000000341,-13.8299011488116
-0.34383935733833343,0.30057201062286387,1.0,0,,0.0001100000000000545,0.0,-3125.8123394378463
-0.34851812951996863,0.30829633307637994,1.0,0,,0.18999999999999773,0.0,-1.834305944841962
-0.24593558579989405,0.4260998163998153,1.0,0,,0.00029999999999996696,-0.0009000000000000119,-819.7852859997371
-0.7952354976000018,0.4839361586810506,1.0,0,,1.9999999999992246e-05,0.0,-39761.7748800155
-0.532717227187189,0.4635194979406968,1.0,0,,0.00039999999999995595,-9.999999999998899e-05,-1331.793067968119
-0.7026009103199613,0.5200358427186309,1.0,0,,0.04999999999999716,-0.009999999999990905,-14.052018206400025
-0.4952714343840362,0.4052488574586811,1.0,0,,0.00029999999999996696,-9.999999999998899e-05,-1650.9047812803026
-0.16770484504796834,0.31780931329086254,1.0,0,,0.28999999999999204,0.0,-0.5782925691309412
-1.4520246998399222,0.5569273973076326,1.0,0,,0.0,-9.999999999998899e-05,
-0.5979502493207718,0.313455011368555,,0,,0.0,0.0,
-1.987601523455985,0.35328034154934246,1.0,0,,0.0005000000000000004,-0.0007999999999999952,-3975.2030469119663
-0.2888232287615633,0.31780931329086254,1.0,0,,0.12000000000000455,0.0,-2.406860239679603
-0.5917286458031915,0.3323754007848937,1.0,0,,9.999999999998899e-05,-0.0009000000000000119,-5917.286458032567
-0.7789627654224054,0.3475609885398697,1.0,0,,0.0,-2.0000000000002655e-05,
-0.0955029176640238,0.42777111564834364,1.0,0,,0.00039999999999995595,-0.0008000000000000229,-238.7572941600858
-0.4043992986000142,0.30215467868710466,1.0,0,,4.999999999999449e-05,0.0,-8087.9859720011755
-0.8453783073599148,0.33532979495924714,1.0,0,,0.0,-0.0019999999999997797,
-0.8437175387519544,0.30829633307637994,1.0,0,,0.0,-0.4600000000000364,
-1.2373419236255672,0.49650465031934793,1.0,0,,0.0,-4.999999999999449e-05,
-0.43942042003192716,0.4153222110240292,1.0,0,,0.00040000000000006697,-0.0004999999999999449,-1098.551050079634
-1.0142059456111412,0.3526118157036344,1.0,0,,0.0,-0.0007999999999999119,
-1.2731710471199205,0.5175399524552639,1.0,0,,0.0,-0.04999999999999716,
-0.04117423041592372,0.563878131346063,1.0,0,,0.0009000000000000119,0.0,-45.74914490658131
-0.32518269071997186,0.33532979495924714,1.0,0,,0.0019999999999997797,0.0,-162.59134536000383
-1.420555834631983,0.49650465031934793,1.0,0,,0.0,-7.999999999999674e-05,
-0.38182572489597133,0.30829633307637994,1.0,0,,0.13999999999998636,-0.009999999999990905,-2.727326606400061
-0.287421519907195,0.3526118157036344,1.0,0,,0.0005999999999999339,0.0,-479.03586651204444
-0.27389354771998514,0.31780931329086254,1.0,0,,0.12999999999999545,0.0,-2.1068734439999592
-5.624239634111975,0.37300333154585097,1.0,0,,0.0005999999999999894,-0.002600000000000019,-9373.732723520123
-1.4104660061655183,0.4352966448769531,1.0,0,,0.0,-1.9999999999999185e-05,
-0.3492258466343041,0.3475609885398697,1.0,0,,1.0000000000003062e-05,-1.9999999999999185e-05,-34922.584663419715
-0.45392900255999835,0.30215467868710466,,0,,0.0,0.0,
-0.0759315364079253,0.3786496805993166,1.0,0,,0.0010000000000000009,-0.0002999999999999947,-75.93153640792524
-0.8783581052400313,0.4153222110240292,1.0,0,,0.0,-0.0007000000000000339,
-0.40445688427202847,0.4345824441695446,1.0,0,,0.0005000000000000004,0.0,-808.9137685440562
-0.8997536153839715,0.42152073772525833,1.0,0,,0.00040000000000006697,0.0,-2249.384038459552
-0.896248945279937,0.5175399524552639,1.0,0,,0.04999999999999716,-0.030000000000001137,-17.924978905599758
-2.3359712286240257,0.563878131346063,1.0,0,,0.0,-0.0007000000000000339,
-0.2528436665879274,0.30402036655613657,1.0,0,,3.0000000000002247e-05,0.0,-8428.12221959695
-0.622580731379998,0.49205311445979394,1.0,0,,4.999999999999449e-05,0.0,-12451.614627601331
-0.36109478471996287,0.3589279543700316,1.0,0,,0.00039999999999995595,-0.0007000000000000339,-902.7369618000066
-0.011313663087950926,0.316915373048305,1.0,0,,0.25,-0.04999999999998295,-0.045254652351803704
-0.07163970091194394,0.3786496805993166,1.0,0,,0.0008999999999999841,0.0,-79.59966767993912
-0.41731584191994137,0.5175917537515498,1.0,0,,0.10000000000000853,0.0,-4.173158419199058
-0.5615721149807276,0.49205311445979394,1.0,0,,6.0000000000004494e-05,0.0,-9359.535249678092
-0.7133750903759398,0.4381500813412856,,0,,0.0,0.0,
-0.20569750679515064,0.3471523712360395,1.0,0,,1.9999999999999185e-05,-2.0000000000002655e-05,-10284.875339757951
-0.21921469287355808,0.3589279543700316,1.0,0,,0.0006000000000000449,0.0,-365.35782145590275
-0.16830958463995183,0.316915373048305,1.0,0,,0.160000000000025,0.0,-1.0519349039995345
-0.7551883427040709,0.42040115162859043,1.0,0,,0.0,-4.0000000000040004e-05,
-0.5886080024039787,0.42040115162859043,1.0,0,,7.00000000000145e-05,0.0,-8408.685748626525
1.2869746723246562,0.6196465049354654,1.0,0,,0.0001500000000000043,0.0,8579.831148830795
-0.5673770683199746,0.5424688766606298,1.0,0,,0.00039999999999995595,0.0,-1418.4426708000926
-1.1150953038687137,0.49205311445979394,1.0,0,,1.9999999999992246e-05,0.0,-55754.7651934573
-0.988514841599996,0.5306087540775944,1.0,0,,0.0019999999999997797,0.0,-494.25742080005244
-0.7008679370398808,0.5175917537515498,1.0,0,,0.05000000000001137,0.0,-14.01735874079443
-0.7133750903759398,0.4381500813412856,,0,,0.0,0.0,
-0.6439554372383567,0.35522870045223426,1.0,0,,0.27000000000001023,0.0,-2.3850201379197493
-0.826660599654351,0.3471523712360395,1.0,0,,9.999999999999593e-06,-9.999999999999593e-06,-82666.05996543847
0.16617220275360273,0.30402036655613657,1.0,0,,9.999999999999593e-05,0.0,1661.722027536095
-1.6475908415999814,0.5306087540775944,1.0,0,,0.0,-0.0040000000000000036,
-3.92528696639999,0.4037883308944761,1.0,0,,0.022999999999999687,-0.13400000000000034,-170.66465071304538
-0.8390721293198606,0.3786496805993166,1.0,0,,0.00020000000000000573,-0.0015999999999999903,-4195.360646599183
-1.1197372275934894,0.49139275341194766,1.0,0,,0.0,-7.999999999999674e-05,
-1.471319732966272,0.49870210164249196,1.0,0,,9.999999999998899e-05,-0.0007000000000000339,-14713.19732966434
-0.14046970687678723,0.35522870045223426,1.0,0,,0.19999999999998863,-0.0800000000000125,-0.702348534383976
0.1313292220576395,0.3552124651976983,1.0,0,,2.9999999999998778e-05,-1.9999999999999185e-05,4377.6407352548285
-0.32080149539194536,0.4611329951762028,1.0,0,,0.0005000000000000004,-0.0007000000000000339,-641.6029907838902
-0.10602650559991733,0.4037883308944761,1.0,0,,0.04299999999999926,-0.06700000000000017,-2.465732688370213
-0.7016979831839524,0.4272151928440021,,0,,0.0,0.0,
-0.6573926831998705,0.5306087540775944,1.0,0,,0.002000000000000224,-0.0019999999999997797,-328.69634159989846
-0.7244228321200119,0.5661348137547288,,0,,0.0,0.0,
-1.260853931491117,0.5098878849317122,1.0,0,,1.0000000000010001e-05,-5.9999999999990616e-05,-126085.39314898559
-1.519484986727998,0.42152073772525833,1.0,0,,0.00029999999999996696,-0.0013000000000000789,-5064.949955760551
-2.436922381713395,0.6485453028272523,,0,,0.0,0.0,
-0.8525537736143606,0.35522870045223426,1.0,0,,0.0,-0.4399999999999977,
-0.6745385434320077,0.35445066387394875,1.0,0,,0.0,-0.009000000000000341,
-1.2712023541614796,0.5277223711403234,1.0,0,,13.599999999991269,-70.19999999999709,-0.09347076133546292
-0.743541546719972,0.4446184122117599,1.0,0,,0.020000000000003126,-0.01999999999999602,-37.177077335992784
-1.7844951513599978,0.5354847983755566,1.0,0,,0.03999999999999204,-0.15000000000000568,-44.61237878400882
-1.4627011745039142,0.49870210164249196,1.0,0,,0.00019999999999997797,-0.0010999999999999899,-7313.505872520376
-0.8092784113223281,0.49139275341194766,1.0,0,,1.9999999999992246e-05,-0.00014000000000000123,-40463.920566132096
-0.10172183865597201,0.3723850717487326,1.0,0,,0.0018000000000000238,-0.0005000000000000004,-56.51213258665037
-0.4934072759975807,0.3544321615450082,1.0,0,,0.12000000000000455,0.0,-4.111727299979684
-0.8853629664000322,0.32042163009117375,1.0,0,,0.0019999999999988916,-0.008000000000000895,-442.6814832002614
-1.1050208378639979,0.4496664448183853,1.0,0,,0.0,-1.9999999999999185e-05,
-1.0754964639999616,0.5440853376268184,1.0,0,,0.0009999999999998899,0.0,-1075.49646400008
-0.9221727308832606,0.4401201881244967,1.0,0,,2.0000000000002655e-06,-1.1999999999999858e-05,-461086.36544156907
-0.7016979831839524,0.4272151928440021,,0,,0.0,0.0,
-1.148536866263934,0.4884241834555435,1.0,0,,0.0,-0.00019999999999997797,
-1.2032582828638563,0.5498042818768925,1.0,0,,0.0,-0.39999999999997726,
-0.8225217875679464,0.3685405247684189,1.0,0,,0.0012999999999999956,0.0,-632.7090673599608
-0.26675934983999544,0.46536893852820993,1.0,0,,0.0005000000000000004,0.0,-533.5186996799904
-0.3916219420800087,0.32042163009117375,1.0,0,,0.0030000000000001137,0.0,-130.54064735999796
-0.6771386526487688,0.515017235580103,1.0,0,,0.0,-3.999999999999837e-05,
-0.8018312214431722,0.3632225294605847,1.0,0,,0.0,-1.9999999999999185e-05,
-0.7325609767728418,0.45679602460928914,1.0,0,,2.9999999999998778e-05,0.0,-24418.69922576239
-1.274231865816072,0.44037189861568843,1.0,0,,0.0,-0.0009000000000000119,
-0.8682376382327457,0.4980781937854455,1.0,0,,9.999999999998899e-05,-0.000300000000000078,-8682.376382328413
-1.341959822399998,0.5458408109850303,,0,,0.0,0.0,
-1.035547064351844,0.5754615443560424,1.0,0,,0.0,-0.00019999999999997797,
-1.1925482653950055,0.48981774208140133,,0,,0.0,0.0,
-0.5343912690480428,0.35445066387394875,1.0,0,,0.0,-0.004000000000001336,
-1.0761869663271961,0.5277223711403234,1.0,0,,12.0,-5.0,-0.08968224719393302
-0.6564545258399535,0.4446184122117599,1.0,0,,0.00999999999999801,0.0,-65.64545258400841
-0.7838804698669417,0.4401201881244967,1.0,0,,0.0,-1.0000000000001327e-06,
-0.7012182718151324,0.4414313731787368,1.0,0,,1.0000000000010001e-05,0.0,-70121.8271814431
-0.9219365044319415,0.4884241834555435,1.0,0,,0.0,-9.999999999998899e-05,
-1.0912072020479742,0.5498042818768925,1.0,0,,0.029999999999972715,-0.05000000000006821,-36.37357340163222
-1.4578500456239143,0.515017235580103,1.0,0,,0.0,-7.999999999999674e-05,
-1.062275025279949,0.5440853376268184,,0,,0.0,0.0,
-0.9494906330232158,0.3632225294605847,1.0,0,,0.0,-3.0000000000002247e-05,
-1.5255944958407537,0.4980781937854455,1.0,0,,0.0,-0.0010000000000000009,
-1.1861685519263896,0.3544321615450082,1.0,0,,0.0,-0.4300000000000068,
-2.9024795180159124,0.3685405247684189,1.0,0,,0.00010000000000001674,-0.0022999999999999965,-29024.795180154266
-1.759544044799846,0.5458408109850303,1.0,0,,0.009999999999990905,-0.10999999999999943,-175.95440448014463
-0.8960684572799582,0.32042163009117375,1.0,0,,0.0,-0.011000000000001009,
-1.1234581712423597,0.5016533406927568,1.0,0,,0.0,-7.000000000000062e-05,
-1.3376031965277924,0.5754615443560424,,0,,0.0,0.0,
-3.203838027622219,0.48981774208140133,1.0,0,,0.0,-0.00039000000000000146,
1.032863868890987,0.4799530249452735,1.0,0,,0.0021999999999999797,-0.00020000000000003348,469.4835767686348
-0.5871955941600073,0.44037189861568843,1.0,0,,0.000500000000000056,-0.0004999999999999449,-1174.3911883198832
-0.7803931936319493,0.35445066387394875,1.0,0,,0.0,-0.007999999999999119,
-1.649986009463915,0.5277223711403234,1.0,0,,5.80000000000291,-71.59999999999127,-0.28448034645915293
-0.7434023327999004,0.4446184122117599,,0,,0.0,0.0,
-0.4674679833455818,0.35466658246519467,1.0,0,,0.17000000000001592,0.0,-2.7498116667384593
-2.645646290015859,0.5685682672175701,1.0,0,,0.0,-0.0009000000000000119,
0.08823761440012878,0.40475677039599833,1.0,0,,0.02099999999999902,-0.05799999999999983,4.201791161911091
-0.34058611968003566,0.3030882045678931,1.0,0,,0.00039999999999995595,0.0,-851.4652992001829
-0.9275949910751982,0.45828779384113594,1.0,0,,0.0,-1.0000000000003062e-05,
-0.7523939977918952,0.4452083922768152,1.0,0,,0.0,-3.999999999998449e-05,
-1.5907012228607853,0.30937635007751574,1.0,0,,0.0,-0.00010999999999999899,
-0.5088478076927918,0.36662750631987984,,0,,0.0,0.0,
-1.4842739867999875,0.5355373779572739,1.0,0,,0.0,-0.0030000000000001137,
-1.447327525228759,0.4828971235669218,1.0,0,,0.0,-0.0006000000000000449,
-1.8086899094398805,0.529147165636191,1.0,0,,0.0,-0.07000000000000739,
-1.0959128654237351,0.49385890592595805,1.0,0,,2.0000000000020002e-05,0.0,-54795.64327113196
-1.6502311055998726,0.5355373779572739,1.0,0,,0.0,-0.0039999999999995595,
-1.3507302169998994,0.3796977515177228,1.0,0,,0.00020000000000000573,-0.0007999999999999952,-6753.651084999304
-1.1842260676079048,0.5016533406927568,1.0,0,,1.0000000000010001e-05,-3.999999999999837e-05,-118422.60676067205
-0.6585133026383558,0.35466658246519467,1.0,0,,0.03999999999999204,-0.3499999999999943,-16.46283256596217
-0.8101943870400741,0.5259003186711158,1.0,0,,0.0009999999999998899,0.0,-810.1943870401633
-1.0987052171584302,0.4452083922768152,1.0,0,,0.0,-8.00000000000245e-05,
-1.3547271584399336,0.5685682672175701,1.0,0,,0.0,-0.00029999999999996696,
-1.1027212300799456,0.36662750631987984,1.0,0,,0.0,-3.999999999999837e-05,
-0.7351210247518989,0.45828779384113594,,0,,0.0,0.0,
-1.2352484696184152,0.4828971235669218,1.0,0,,0.0,-0.0008000000000000229,
-0.5800347563040033,0.3030882045678931,1.0,0,,0.0,-0.000300000000000078,
-1.1256551367999084,0.529147165636191,1.0,0,,0.01999999999999602,-0.09000000000000341,-56.28275684000661
-1.200097269951908,0.49385890592595805,1.0,0,,0.0,-0.00010999999999999899,
-0.2617332078591612,0.36580568645450073,1.0,0,,1.9999999999999185e-05,0.0,-13086.660392958594
-1.2487677595847968,0.35462505678190037,1.0,0,,0.0,-0.46999999999999886,
-0.3391947984238323,0.49531466696199733,1.0,0,,0.00030000000000002247,0.0,-1130.6493280793563
-0.3934508457599263,0.40475677039599833,1.0,0,,0.11899999999999977,-0.03700000000000081,-3.306309628234681
2.825146574600107,0.3721847349556257,1.0,0,,0.0015000000000000013,0.0,1883.4310497334031
-0.339763039104001,0.35462505678190037,1.0,0,,0.09999999999999432,-0.030000000000001137,-3.3976303910402033
-0.6390350971199649,0.3721847349556257,1.0,0,,0.001600000000000018,0.0,-399.39693569997354
0.05148398639999485,0.40799345431316536,1.0,0,,0.04400000000000048,0.0,1.17009059999987
-0.7248602747232107,0.4478081529890452,,0,,0.0,0.0,
-1.214836351488026,0.5802018673663348,,0,,0.0,0.0,
-0.5497395692398789,0.46721599876293896,1.0,0,,1.0000000000003062e-05,0.0,-54973.956923971054
-0.37572953668792486,0.308814293677709,1.0,0,,0.000200000000000089,-9.999999999998899e-05,-1878.6476834387884
-0.28891468510077895,0.35516328902688055,1.0,0,,0.0005999999999999339,-0.000200000000000089,-481.52447516801794
-0.6488100259199212,0.5259003186711158,1.0,0,,0.002000000000000224,0.0,-324.4050129599243
-0.40549547716798395,0.37868573068981043,1.0,0,,0.0015999999999999903,0.0,-253.43467322999152
-0.49704309071997743,0.34943276634402837,,0,,0.0,0.0,
-0.20590274879984372,0.4128009257157993,1.0,0,,0.09399999999999942,0.0,-2.190454774466436
-0.8373373695280717,0.37716084436928876,1.0,0,,8.000000000000368e-05,0.0,-10466.717119100414
-0.7083549174240105,0.4329747695440107,,0,,0.0,0.0,
-1.0179878686080217,0.5630383353419423,,0,,0.0,0.0,
-1.8876568771199844,0.5630383353419423,,0,,0.0,0.0,
-1.0520077681847897,0.33469877159964306,1.0,0,,0.04999999999998295,-0.2400000000000091,-21.04015536370297
-0.940257926975989,0.31492036126696704,1.0,0,,0.0,-0.0006000000000000449,
-0.5343808179071925,0.33621289492522555,1.0,0,,1.9999999999992246e-05,0.0,-26719.040895369984
-0.9664737346270821,0.4704793223814904,1.0,0,,1.9999999999999185e-05,0.0,-48323.68673135607
-1.220038539363159,0.35266800852911007,1.0,0,,0.0,-3.0000000000002247e-05,
-0.4271987865599902,0.344159489444541,1.0,0,,0.0019999999999997797,-0.001000000000000334,-213.59939328001863
-0.6740907993959854,0.3540604282871512,1.0,0,,0.0,-0.1000000000003638,
-0.25679706589675766,0.35266800852911007,1.0,0,,1.9999999999999185e-05,-1.9999999999999185e-05,-12839.853294838405
-0.5077057192199389,0.4329747695440107,1.0,0,,0.000130000000000019,0.0,-3905.428609383575
-0.3358823596800261,0.344159489444541,1.0,0,,0.0019999999999997797,0.0,-167.94117984003154
-0.44247165601910765,0.33574663067458876,1.0,0,,0.00040000000000006697,-0.00039999999999995595,-1106.179140047584
-0.06275559220796553,0.33469877159964306,1.0,0,,0.18000000000000682,-0.04999999999998295,-0.34864217893312865
-0.3522376716191875,0.34470918748428037,1.0,0,,0.00039999999999995595,0.0,-880.5941790480657
-0.34489192680000647,0.45913288014364895,1.0,0,,0.0004999999999999449,0.0,-689.783853600089
-0.4919291519998914,0.4128009257157993,1.0,0,,0.02400000000000091,-0.054999999999999716,-20.4970479999947
-0.23180256579835926,0.3245478128482288,1.0,0,,0.1599999999999966,0.0,-1.4487660362397763
-0.649666240127942,0.37868573068981043,1.0,0,,0.0,-0.0013000000000000234,
-0.33906415399200696,0.31492036126696704,1.0,0,,0.00029999999999996696,0.0,-1130.2138466401477
-0.8225440185599613,0.5138587431925739,1.0,0,,0.002000000000000224,0.0,-411.2720092799346
-0.13641412053359675,0.3360618817323604,1.0,0,,4.000000000000184e-05,0.0,-3410.353013339762
-0.7482256630847115,0.4704793223814904,,0,,0.0,0.0,
-0.7110138482663128,0.3540604282871512,1.0,0,,0.0,-0.4399999999995998,
-0.1869058261919606,0.45913288014364895,1.0,0,,0.0008000000000000229,0.0,-233.63228273994406
-0.35768961167995483,0.34470918748428037,1.0,0,,0.0006000000000000449,0.0,-596.14935279988
-1.299380186687936,0.312542651324089,1.0,0,,0.0,-0.0032999999999998586,
-0.6288050301263504,0.328660664246344,1.0,0,,0.0,-3.0000000000030003e-05,
-0.5488206657599503,0.4176627769166754,1.0,0,,0.0730000000000004,-0.0009999999999994458,-7.5180913117801
-0.22015912596478587,0.4743627381500363,1.0,0,,2.9999999999998778e-05,0.0,-7338.637532159828
3.461421931992141,0.39039449241142676,1.0,0,,0.001899999999999985,0.0,1821.8010168379833
-0.31949966853592887,0.31411651494968845,1.0,0,,0.000500000000000056,0.0,-638.9993370717863
-0.5273466135199226,0.312542651324089,1.0,0,,0.004999999999999893,0.0,-105.46932270398678
-0.9569123179199177,0.4176627769166754,1.0,0,,0.0810000000000013,-0.007999999999999119,-11.813732319998795
-1.1135683187663559,0.3245478128482288,1.0,0,,0.03999999999999204,-0.28000000000000114,-27.839207969164434
-0.41388600991673685,0.328660664246344,1.0,0,,6.0000000000004494e-05,0.0,-6898.100165278431
-0.0398238240959265,0.45913288014364895,1.0,0,,0.0010000000000000009,0.0,-39.82382409592646
-0.31961631704635446,0.34161924844533303,1.0,0,,0.12000000000000455,0.0,-2.6634693087195194
-0.4358556626239812,0.3360618817323604,1.0,0,,9.999999999999593e-06,-1.9999999999999185e-05,-43585.566262399894
0.019601443416020214,0.312542651324089,1.0,0,,0.0032999999999998586,0.0,5.939831338188198
-0.6747030852767897,0.4618665592725554,1.0,0,,3.999999999998449e-05,0.0,-16867.577131926282
-0.7710502618272015,0.34470918748428037,1.0,0,,0.00019999999999997797,-0.000300000000000078,-3855.251309136432
-0.7707138260640282,0.31411651494968845,1.0,0,,9.999999999998899e-05,-0.000300000000000078,-7707.138260641131
-0.6467362185600354,0.5138587431925739,1.0,0,,0.0019999999999997797,-0.002000000000000224,-323.3681092800533
-0.015717096192025326,0.46623875359281114,1.0,0,,0.0010000000000000009,0.0,-15.717096192025313
-0.3254238857447689,0.35796243824152985,1.0,0,,0.000500000000000056,0.0,-650.8477714894649
-1.1663608266262306,0.4743627381500363,,0,,0.0,0.0,
-0.6740335180487071,0.3562369961530738,,0,,0.0,0.0,
-0.6581847623999553,0.5348460236103421,1.0,0,,0.002000000000000224,0.0,-329.0923811999408
-0.3005874299999683,0.3230390455951673,1.0,0,,0.00040000000000006697,0.0,-751.4685749997949
-1.1643772201599831,0.4186038219035418,1.0,0,,0.0,-0.12000000000000455,
0.80618461094216,0.522063915377391,1.0,0,,0.0024000000000000132,0.0,335.9102545592315
-0.733022089343994,0.32060034830461526,1.0,0,,0.0,-0.0016000000000000458,
-0.2579958064079906,0.3581717302617312,1.0,0,,1.9999999999999185e-05,0.0,-12899.790320400054
-0.8017444882831761,0.34161924844533303,1.0,0,,0.04999999999998295,-0.37000000000000455,-16.034889765668993
-0.3755111952383722,0.3368801637729251,1.0,0,,0.10999999999998522,0.0,-3.413738138531115
-0.5218408186991303,0.3585661117338875,,0,,0.0,0.0,
-1.0836453431135356,0.4618665592725554,1.0,0,,0.0,-7.999999999996898e-05,
-4.1397519940606635,0.5398726622012802,1.0,0,,0.0,-0.0006799999999999862,
-0.0367038436319613,0.3167368684589721,1.0,0,,0.0027000000000001467,0.0,-13.594016159984928
-0.7281176044799705,0.4186038219035418,1.0,0,,0.0,-0.06999999999999318,
-0.36058713395997904,0.35796243824152985,1.0,0,,0.00039999999999995595,-0.000500000000000056,-901.4678349000469
-0.49328374919993867,0.5348460236103421,1.0,0,,0.0030000000000001137,-0.0019999999999997797,-164.42791639997333
-1.100443003655903,0.582107235804743,1.0,0,,0.0010999999999999899,-0.000500000000000056,-1000.4027305962846
-0.32728953806637123,0.36174675174366433,1.0,0,,0.0006000000000000449,0.0,-545.4825634439112
-0.6099629661839325,0.3230390455951673,,0,,0.0,0.0,
-0.06253164976074993,0.3581717302617312,1.0,0,,3.0000000000002247e-05,0.0,-2084.388325358175
-0.08633513433602574,0.32503058128644624,1.0,0,,0.0008999999999999009,0.0,-95.92792704003917
-0.2870145994895555,0.5398726622012802,1.0,0,,0.00017000000000000348,-0.00014000000000000123,-1688.321173467939
-0.6740335180487071,0.36218495473835943,,0,,0.0,0.0,
3.6254665646400275,0.39039449241142676,1.0,0,,0.0030999999999999917,0.0,1169.5053434322701
-0.7487650520062736,0.4701953821536641,,0,,0.0,0.0,
-0.8509251699200283,0.5467026494993615,1.0,0,,0.0019999999999997797,0.0,-425.462584960061
-0.4151382956447163,0.36174675174366433,1.0,0,,0.00040000000000006697,-9.999999999998899e-05,-1037.8457391116171
1.2052095581632265,0.412044454257959,1.0,0,,0.00025999999999999635,0.0,4635.421377550936
-0.5174371070399528,0.41896462323066225,1.0,0,,0.04999999999999716,0.0,-10.348742140799645
-0.7851061866239383,0.3167368684589721,1.0,0,,0.0,-0.0007999999999999119,
-0.6224890214927774,0.3368801637729251,1.0,0,,0.05000000000001137,-0.37999999999999545,-12.449780429852717
-0.0036185631598643075,0.582107235804743,1.0,0,,0.0009000000000000119,0.0,-4.020625733182511
-0.6690764505599389,0.5514265474555186,1.0,0,,0.002000000000000224,0.0,-334.538225279932
-1.1038740105600668,0.4176627769166754,1.0,0,,0.08900000000000041,-0.05600000000000094,-12.403078770337773
-0.9444092590078389,0.4701953821536641,1.0,0,,1.0000000000010001e-05,-0.00011999999999995348,-94440.92590068944
-0.729288921599933,0.436516849498345,1.0,0,,0.057000000000000384,0.0,-12.794542484209265
-0.5015579907839736,0.3581717302617312,,0,,0.0,0.0,
-0.3812651889478692,0.5398726622012802,1.0,0,,0.00032999999999999696,-7.00000000000145e-05,-1155.349057417796
-0.5218408186991303,0.36218495473835943,,0,,0.0,0.0,
0.8738016162241079,0.42633661592755157,1.0,0,,0.0003999999999999837,-0.0010000000000000009,2184.5040405603586
-1.0816992819599958,0.3292968923375029,1.0,0,,0.0,-0.0008000000000000229,
-1.9632587666439112,0.5059569042533266,1.0,0,,9.999999999996123e-06,-7.000000000000062e-05,-196325.87666446724
-0.2453782481279569,0.3227244432874269,1.0,0,,0.0017000000000000348,0.0,-144.34014595761874
-1.039305618181421,0.46322842849177015,1.0,0,,5.0000000000050004e-05,-9.99999999995449e-06,-20786.112363607634
-0.9682543528680125,0.34015007491314836,1.0,0,,0.04999999999998295,-0.45000000000001705,-19.365087057366857
-1.8444725029960094,0.36588275325918873,1.0,0,,0.0,-6.0000000000001025e-05,
1.8732996120300185,0.303755756687369,1.0,0,,0.0041999999999999815,-0.0007999999999999674,446.02371715000635
-1.5440268885385091,0.36864018933526044,1.0,0,,0.0,-0.0013000000000000789,
-1.4552695846847856,0.34015007491314836,1.0,0,,0.0,-0.4000000000000057,
4.222783514104092,0.50119298724915,1.0,0,,0.0014000000000000123,0.0,3016.273938645754
-1.054391503795227,0.5059569042533266,1.0,0,,1.9999999999992246e-05,0.0,-52719.57518978178
-0.38572239843989486,0.3292968923375029,1.0,0,,0.00040000000000006697,0.0,-964.3059960995757
-1.7242428739198927,0.41896462323066225,1.0,0,,0.0,-0.14000000000000057,
-1.6778158655999102,0.5514265474555186,1.0,0,,0.0,-0.0040000000000000036,
-1.823035818206207,0.5843098487915714,1.0,0,,0.0015000000000000568,-0.0006000000000000449,-1215.3572121374252
-0.5781225759118928,0.6039288981484205,1.0,0,,0.000500000000000056,0.0,-1156.2451518236562
-5.207024320799959,0.436516849498345,1.0,0,,0.01699999999999946,-0.1490000000000009,-306.29554828236024
-0.5853194398999805,0.36864018933526044,1.0,0,,0.00040000000000006697,-0.00029999999999996696,-1463.2985997497062
-1.7037370655039643,0.4513281700704589,1.0,0,,0.0,-2.9999999999998778e-05,
0.47384367973594604,0.3227244432874269,1.0,0,,0.005399999999999849,0.0,87.7488295807332
-1.1721926508542595,0.46322842849177015,,0,,0.0,0.0,
-0.5180419675199652,0.41896462323066225,1.0,0,,0.04999999999999716,-0.010000000000005116,-10.360839350399894
-0.6961246723583747,0.5059569042533266,1.0,0,,2.0000000000006124e-05,-1.9999999999992246e-05,-34806.23361790808
-0.32657284747198084,0.3602792471514245,1.0,0,,0.0004999999999999449,0.0,-653.1456949440336
-0.3534306012480099,0.46506825494430526,1.0,0,,1.9999999999999185e-05,0.0,-17671.530062401216
-0.44360059147992514,0.3292968923375029,1.0,0,,0.000300000000000078,-0.0005999999999999339,-1478.6686382660328
-0.06759475117674815,0.32364556590562743,1.0,0,,0.27000000000001023,-0.2699999999999818,-0.25035093028424293
-5.214417059999931,0.42169133444767415,1.0,0,,0.022999999999999687,-0.1590000000000007,-226.7137852173914
-0.7514694487991563,0.49958543043884474,1.0,0,,3.0000000000002247e-05,0.0,-25048.98162663667
-0.9273116116927043,0.4415512561966079,1.0,0,,8.000000000000368e-05,0.0,-11591.395146158271
1.3279363881040371,0.42714057541729955,1.0,0,,0.002600000000000019,0.0,510.74476465539516
-1.0062190118399172,0.5514265474555186,1.0,0,,0.0009999999999998899,-0.0040000000000000036,-1006.2190118400281
-0.3431187695486789,0.4410850633718403,1.0,0,,0.00028000000000000247,0.0,-1225.4241769595567
-0.6136506090719863,0.3208538387278015,,0,,0.0,0.0,
-0.9362590595567122,0.4410850633718403,1.0,0,,0.0,-0.00013999999999997348,
-0.7990623848640043,0.3409345352535403,1.0,0,,0.0,-0.0006000000000000449,
-0.32214518879992216,0.32364556590562743,1.0,0,,0.10000000000002274,-0.21999999999999886,-3.221451887998489
-0.9819607462558622,0.5372608682930093,1.0,0,,0.00040000000000001146,0.0,-2454.901865639585
-0.7290546581759699,0.4520724226157834,1.0,0,,0.00029999999999996696,0.0,-2430.1821939201673
-0.6900962898863672,0.49958543043884474,1.0,0,,3.999999999999837e-05,0.0,-17252.40724715988
-1.7888047430398701,0.6039288981484205,1.0,0,,0.0,-0.00039999999999995595,
-0.6807669714599826,0.3602792471514245,1.0,0,,0.0,-0.0004999999999999449,
-3.1698138431999983,0.42169133444767415,1.0,0,,0.032999999999999474,-0.125,-96.05496494545602
-1.0062190118399172,0.5471467283747394,,0,,0.0,0.0,
-0.5258828865248056,0.46506825494430526,,0,,0.0,0.0,
-2.5964535074400334,0.42714057541729955,1.0,0,,0.00020000000000000573,-0.0008999999999999841,-12982.267537199796
-0.6207462410399684,0.3208538387278015,1.0,0,,0.0,-0.0008999999999999009,
-0.9401531663999356,0.4241186427215621,,0,,0.0,0.0,
-0.7687889079239475,0.5163694472003573,1.0,0,,3.0000000000002247e-05,0.0,-25626.296930796332
-0.16948178413585113,0.5264712911216063,1.0,0,,0.00040000000000001146,-0.0007999999999999674,-423.7044603396157
-0.6688187027424004,0.31462413679054174,1.0,0,,0.009999999999990905,-0.21000000000000796,-66.88187027430087
-0.0059457483358977825,0.5613565437141923,1.0,0,,0.0009000000000000119,0.0,-6.606387039886338
-0.5985884894304122,0.31462413679054174,1.0,0,,0.4099999999999966,0.0,-1.4599719254400418
-1.3109016560638511,0.5613565437141923,1.0,0,,0.0004999999999999449,0.0,-2621.803312127991
-0.5284392231040296,0.3726592202701958,1.0,0,,0.000500000000000056,0.0,-1056.878446207941
-0.8512724102399339,0.5458983821046575,1.0,0,,0.0019999999999997797,0.0,-425.63620512001387
-0.814006807300766,0.4440243353858866,1.0,0,,0.0,-6.0000000000004494e-05,
0.5707847306471223,0.5372608682930093,1.0,0,,0.0003599999999999992,0.0,1585.5131406864543
-0.181302646559985,0.4241186427215621,1.0,0,,0.12999999999999545,0.0,-1.394635742769164
-0.7059111223295771,0.5163694472003573,1.0,0,,3.999999999999837e-05,0.0,-17647.778058240146
-0.4679014281816421,0.3726592202701958,1.0,0,,0.0005999999999999339,0.0,-779.835713636156
-0.8532223660479883,0.4520724226157834,1.0,0,,9.999999999998899e-05,0.0,-8532.223660480822
-0.3477127413759664,0.43043670563172676,1.0,0,,0.0005000000000000004,-0.00019999999999997797,-695.4254827519322
-0.8670427385920119,0.4440243353858866,1.0,0,,2.999999999997449e-05,0.0,-28901.4246197583
-1.7239530766479958,0.45969141014744225,1.0,0,,0.0,-3.0000000000002247e-05,
-1.082414753760006,0.30290924826306953,1.0,0,,0.00019999999999997797,-0.00020000000000003348,-5412.073768800626
-0.5849611521599146,0.4474964102045317,1.0,0,,0.00040000000000006697,0.0,-1462.4028803995418
-0.8280207110015736,0.5133010524547602,1.0,0,,1.9999999999992246e-05,0.0,-41401.03555009473
-0.29271010487038684,0.3267078695760907,1.0,0,,0.12000000000000455,0.0,-2.439250873919798
-0.837353671480739,0.4833889452401713,1.0,0,,0.00039999999999995595,0.0,-2093.3841787020783
-0.3330091967999014,0.5458983821046575,1.0,0,,0.0040000000000000036,0.0,-83.25229919997527
-0.034669849199960745,0.45210728988749527,1.0,0,,0.0010000000000000009,0.0,-34.669849199960716
-0.9389082610159671,0.5133010524547602,1.0,0,,1.9999999999992246e-05,-1.0000000000010001e-05,-46945.413050816554
-0.849188968319704,0.5486258495501912,1.0,0,,0.002000000000000224,0.0,-424.5944841598045
-0.6726399257599975,0.4474964102045317,1.0,0,,0.00029999999999996696,0.0,-2242.1330858669053
-0.2305695599999794,0.319683371816988,1.0,0,,0.0005000000000000004,-9.999999999998899e-05,-461.13911999995844
-0.22672672829196377,0.3267078695760907,1.0,0,,0.13999999999998636,-0.11000000000001364,-1.6194766306570418
-0.7203808217759408,0.4833889452401713,1.0,0,,0.00040000000000006697,-9.999999999998899e-05,-1800.9520544395505
-1.5759253914879663,0.343258708774135,1.0,0,,0.0008999999999999009,-0.0041999999999999815,-1751.0282127645999
-2.415632181759851,0.5486258495501912,1.0,0,,0.0,-0.004999999999999893,
-1.1179956136608755,0.4315346716321533,,0,,0.0,0.0,
-2.557133663739128,0.5133010524547602,1.0,0,,0.0,-0.00010000000000000286,
-0.5993940804047004,0.4315346716321533,1.0,0,,7.00000000000145e-05,0.0,-8562.772577208234
-0.6913387829038664,0.48581881065292803,1.0,0,,0.0001000000000000445,0.0,-6913.387829035588
-0.6980952943999706,0.5495777025120958,1.0,0,,0.0799999999999983,0.0,-8.72619117999982
-1.4262084808880622,0.5194458778323142,1.0,0,,0.0030000000000001137,-0.0009999999999994458,-475.4028269626694
-1.7558079922471759,0.5564983504604235,1.0,0,,0.00031999999999998696,-3.0000000000002247e-05,-5486.899975772648
-0.9120527961598639,0.48023653501948393,1.0,0,,0.004999999999999005,0.0,-182.41055923200906
-1.450475341919899,0.4474964102045317,1.0,0,,0.0,-0.0010999999999999899,
-0.42134951370395235,0.319683371816988,1.0,0,,0.0002999999999999947,-0.0006000000000000172,-1404.4983790131992
-1.2748255570679952,0.5383995146205423,1.0,0,,0.0,-7.000000000000062e-05,
-0.4913172633599771,0.34290286258909985,,0,,0.0,0.0,
-1.8992532083199065,0.5809893266280994,1.0,0,,0.0,-0.0019999999999997797,
-1.02837517753687,0.3756258493815099,1.0,0,,0.0,-0.0007000000000000339,
-1.2133870378320064,0.5008066444704323,1.0,0,,9.999999999982245e-06,-0.00015000000000001124,-121338.70378341607
-1.1889300621263779,0.3267078695760907,1.0,0,,0.06999999999999318,-0.46999999999999886,-16.984715173235625
-1.533103759903969,0.547048618945629,1.0,0,,0.10000000000002274,-0.11000000000001364,-15.331037599036204
-1.9432113019871204,0.5131041582948056,1.0,0,,0.0,-0.0017999999999999128,
-3.4007678853115584,0.6031747084769407,1.0,0,,0.00019999999999997797,-0.0013999999999999568,-17003.839426559665
-0.2638111372415842,0.3756258493815099,1.0,0,,0.000500000000000056,0.0,-527.6222744831094
-0.9530293574063251,0.5131041582948056,1.0,0,,0.00039999999999995595,-0.00010000000000010001,-2382.573393516075
-0.7776088398687151,0.34702679117095714,1.0,0,,0.3199999999999932,0.0,-2.4300276245897865
-1.559815424431994,0.5383995146205423,1.0,0,,0.00010999999999999899,0.0,-14180.140222109167
-0.7445726898239251,0.4643501836392348,1.0,0,,0.00019999999999997797,0.0,-3722.8634491200355
3.9184854884866365,0.5670868355283984,1.0,0,,0.0029000000000000137,0.0,1351.2018925815923
-0.6911513542079275,0.48581881065292803,1.0,0,,9.999999999998899e-05,-0.00030000000000002247,-6911.513542080036
-0.38447516448007624,0.48023653501948393,1.0,0,,0.0039999999999995595,-0.006999999999999673,-96.11879112002964
-1.097805774623901,0.547048618945629,1.0,0,,0.16000000000008185,-0.06999999999993634,-6.861286091395871
-0.729419050799897,0.45228509186205945,,0,,0.0,0.0,
-3.7551166421759428,0.3402868175651744,1.0,0,,0.00020000000000000573,-0.0020999999999999908,-18775.583210879176
-1.337991361599939,0.5495777025120958,1.0,0,,0.0,-0.12999999999999545,
-1.0637712444718725,0.5194458778323142,1.0,0,,0.0010000000000012221,-0.007999999999999119,-1063.7712444705726
-1.0315796819200094,0.5809893266280994,1.0,0,,0.0019999999999997797,-0.002000000000000224,-515.7898409600615
-0.8681735407104353,0.3892725584131634,1.0,0,,0.0008500000000000174,0.0,-1021.380636129903
-0.0787618758239168,0.5564983504604235,1.0,0,,0.00031999999999998696,-9.000000000000674e-05,-246.13086194975006
-0.4822922639359982,0.33992090047388346,1.0,0,,0.0,-0.0012000000000000899,
-0.9162388147200458,0.48448071255152975,1.0,0,,9.999999999998899e-05,-9.999999999998899e-05,-9162.388147201467
-0.9118415750400368,0.47789674032355356,1.0,0,,0.0030000000000001137,0.0,-303.94719168000074
-0.5072564311359693,0.44001545659385344,1.0,0,,0.00018000000000001348,0.0,-2818.091284088507
-0.07374845052957546,0.5008066444704323,1.0,0,,9.000000000000674e-05,-0.00012999999999999123,-819.4272281063327
-0.17916259449595695,0.5708495152678978,1.0,0,,0.0005000000000000004,-0.0005000000000000004,-358.3251889919136
-0.5392690534078662,0.6031747084769407,1.0,0,,0.0005999999999999339,0.0,-898.781755679876
-0.9428037219287351,0.3430795850282128,1.0,0,,0.01999999999998181,-0.4200000000000159,-47.140186096479624
-1.2774317663999286,0.5511231670120058,1.0,0,,0.0,-0.1799999999999926,
-1.0077954894719952,0.5459573899725088,1.0,0,,0.16999999999995907,-0.030000000000086402,-5.9282087616013985
-1.5045576286398648,0.4662075014020095,1.0,0,,0.0,-0.0006999999999999229,
-1.176514443619233,0.480493823053479,,0,,0.0,0.0,
-2.5638577436735224,0.5083182927778196,1.0,0,,0.0,-0.0011999999999999789,
-0.6313647512639198,0.3430795850282128,1.0,0,,0.21000000000000796,0.0,-3.0064988155423613
2.2123618722573037,0.48750222593041337,1.0,0,,0.00015999999999999695,0.0,13827.261701608411
-1.3309767014398322,0.5173418721761975,1.0,0,,0.0009999999999994458,-0.008000000000000895,-1330.9767014405697
-2.1202684534559433,0.3247702029858059,1.0,0,,0.00020000000000000573,-0.0010000000000000009,-10601.342267279413
-0.1525568932799911,0.3321562609206996,1.0,0,,0.0020000000000000018,0.0,-76.2784466399955
-3.8366979537439816,0.3892725584131634,1.0,0,,7.999999999996898e-05,-0.0020700000000000163,-47958.72442181836
-0.49687593955191023,0.3791488989363645,1.0,0,,0.0,-0.0009000000000000119,
-1.8895789494768644,0.5515010989078564,1.0,0,,0.0,-0.0006400000000000017,
-1.215032069015917,0.51954112533707,1.0,0,,0.0,-5.000000000000837e-05,
-0.7133786669596667,0.5979969034723536,1.0,0,,0.000500000000000056,0.0,-1426.7573339191738
-0.9801362841597872,0.48512007515361677,1.0,0,,0.0,-9.000000000000674e-05,
0.22509963780484143,0.3892725584131634,1.0,0,,0.0007400000000000184,0.0,304.18869973626465
-0.917326123440011,0.48448071255152975,1.0,0,,0.0,-9.999999999998899e-05,
-1.1768449123199334,0.47789674032355356,1.0,0,,0.0,-0.0070000000000014495,
-0.7162554072959145,0.44001545659385344,1.0,0,,0.0,-1.0000000000010001e-05,
-1.6605436976000545,0.5511231670120058,1.0,0,,0.029999999999986926,-0.04000000000000625,-55.351456586692606
-1.6286098072318205,0.5459573899725088,1.0,0,,0.0,-0.2400000000000091,
-2.7339822273599474,0.5598592969779301,1.0,0,,0.0009999999999998899,-0.0019999999999997797,-2733.9822273602485
-2.485834553174416,0.5083182927778196,1.0,0,,0.00019999999999997797,-0.0021999999999999797,-12429.172765873449
-1.8670798605119978,0.4662075014020095,1.0,0,,9.999999999998899e-05,-0.0009000000000000119,-18670.798605122036
-2.1820901702399578,0.5173418721761975,1.0,0,,0.0019999999999988916,-0.002000000000000668,-1091.0450851205835
-1.9565145477119334,0.3791488989363645,1.0,0,,0.00019999999999997797,-0.0017000000000000348,-9782.572738560744
-2.772875828855926,0.480493823053479,,0,,0.0,0.0,
-1.9744997899967418,0.51954112533707,1.0,0,,1.0000000000010001e-05,-9.999999999996123e-06,-197449.9789994767
-0.848773282655985,0.3430795850282128,1.0,0,,0.029999999999972715,-0.4000000000000057,-28.29244275522523
-1.6475978127359627,0.48512007515361677,,0,,0.0,0.0,
-0.8189048615999528,0.4827242198628916,1.0,0,,0.0030000000000001137,-0.02099999999999902,-272.96828719997393
0.09446622084013279,0.3321562609206996,1.0,0,,0.005900000000000016,0.0,16.0112238712089
-3.6463300569599357,0.5979969034723536,,0,,0.0,0.0,
-0.8856618365759585,0.32181307708514095,1.0,0,,0.0,-1.160000000000025,
-1.2345445227839384,0.5194299146001919,1.0,0,,0.0,-0.007999999999999119,
-2.009734623119801,0.5574076280890294,1.0,0,,0.0,-0.005999999999999783,
-0.8434549842376227,0.38276886496043283,1.0,0,,0.00039999999999995595,0.0,-2108.6374605942888
-1.459359839111977,0.3247702029858059,1.0,0,,0.00040000000000001146,-0.0010000000000000009,-3648.399597779838
-4.694490539270474,0.5515010989078564,1.0,0,,0.00015000000000001124,-0.0007899999999999852,-31296.603595134147
-1.811892465936028,0.47983005887403174,1.0,0,,0.0,-0.0009000000000000119,
-0.4824266378399357,0.33497970858939213,1.0,0,,0.10999999999998522,-0.4200000000000159,-4.385696707636368
-1.6020111138238997,0.5501399629834929,1.0,0,,0.0,-1.5199999999999818,
-1.1079626904575837,0.5327238005518296,1.0,0,,0.0,-9.000000000000674e-05,
-1.2409961428295682,0.6166675495816557,1.0,0,,9.99999999995449e-06,-1.0000000000010001e-05,-124099.6142835216
-0.21382551033590058,0.508784835269362,1.0,0,,0.00040000000000006697,-0.0010999999999999899,-534.563775839662
-0.43436170588800727,0.32181307708514095,1.0,0,,0.6500000000000341,-0.12999999999999545,-0.6682487782892069
-0.386798596800051,0.4827242198628916,1.0,0,,0.010999999999999233,-0.0030000000000001137,-35.163508800007094
-0.5068794608639762,0.46089309907428483,1.0,0,,0.00029999999999996696,-0.00029999999999996696,-1689.5982028801066
-0.42306031634400937,0.49186665879080793,1.0,0,,4.999999999999449e-05,-0.00017000000000000348,-8461.20632688112
0.22118830560006053,0.5420007248635762,1.0,0,,0.0,-0.3100000000000023,
-0.04925440072796056,0.38611300259734194,1.0,0,,0.0009199999999999764,-0.0005600000000000049,-53.53739209561068
-1.1732698548720948,0.47983005887403174,1.0,0,,0.0006999999999999784,0.0,-1676.0997926744728
-1.1824298371679467,0.5501399629834929,1.0,0,,0.8899999999999864,0.0,-1.3285728507505223
-0.9620968400639813,0.5194299146001919,1.0,0,,0.010999999999999233,0.0,-87.46334909673168
-0.5343599194944388,0.38276886496043283,1.0,0,,0.0010999999999999899,0.0,-485.7817449949489
-1.263909623558236,0.5327238005518296,1.0,0,,4.000000000001225e-05,0.0,-31597.740588946228
-0.46068754830555075,0.3673600759153982,1.0,0,,0.0,-9.999999999999593e-06,
-0.12427013922474944,0.5412290296694068,1.0,0,,0.0002500000000000002,-6.999999999998674e-05,-497.0805568989973
-1.2232015247150363,0.508784835269362,1.0,0,,0.0004999999999999449,-9.999999999998899e-05,-2446.403049430342
-1.4823953874399585,0.334986751631306,1.0,0,,0.0,-0.0040000000000000036,
-1.1950857860406703,0.49186665879080793,1.0,0,,9.999999999998899e-05,0.0,-11950.85786040802
-0.5957357055998752,0.46089309907428483,1.0,0,,0.000500000000000056,0.0,-1191.471411199617
-1.1003556063999622,0.5420007248635762,1.0,0,,0.05000000000001137,0.0,-22.00711212799424
-0.3078397808416035,0.33497970858939213,1.0,0,,0.14999999999997726,-0.09000000000000341,-2.0522652056110013
-1.3350875843998051,0.5574076280890294,1.0,0,,0.0019999999999997797,-0.002000000000000224,-667.5437921999761
-0.4199339812799524,0.32181307708514095,1.0,0,,0.35000000000002274,-0.06999999999999318,-1.1998113750855004
-0.9560736287198686,0.4827242198628916,1.0,0,,0.005000000000000782,-0.0039999999999995595,-191.21472574394383
3.2188187085305753,0.5895682957341404,1.0,0,,0.0024999999999999467,0.0,1287.5274834122577
-1.4404573747871585,0.5412290296694068,1.0,0,,0.0003700000000000092,0.0,-3893.1280399651964
-1.17316010212798,0.47983005887403174,1.0,0,,0.0005999999999999894,0.0,-1955.2668368800012
-1.30112436076789,0.5501399629834929,1.0,0,,0.7599999999999909,0.0,-1.7120057378525073
-1.3311168377118747,0.5194299146001919,1.0,0,,0.009999999999999787,0.0,-133.11168377119031
-0.8435370197630885,0.38276886496043283,1.0,0,,0.0005999999999999339,0.0,-1405.8950329386357
2.3419921353120317,0.32262822967291593,1.0,0,,0.0020000000000000018,0.0,1170.9960676560147
-0.9772316013887754,0.5327238005518296,1.0,0,,0.00014000000000000123,0.0,-6980.2257242054775
-0.9524107496958291,0.46089309907428483,1.0,0,,0.0006000000000000449,0.0,-1587.3512494929296
-1.0117510212263658,0.4855717687856185,1.0,0,,0.0006000000000000449,0.0,-1686.2517020438167
-0.7465931158463956,0.4691839895209782,1.0,0,,7.999999999999674e-05,0.0,-9332.413948080326
-1.2686427230398367,0.6166675495816557,,0,,0.0,0.0,
3.184876864245571,0.38611300259734194,1.0,0,,0.00273000000000001,0.0,1166.6215619947104
-0.5878649642623819,0.3040126269505487,1.0,0,,0.3200000000000216,0.0,-1.8370780133198195
-0.34734917879997346,0.41182523392104464,1.0,0,,0.0019999999999997797,-0.0030000000000001137,-173.67458940000586
-0.7985508551999904,0.4641428825365873,1.0,0,,0.017000000000001236,0.0,-46.97357971764308
-1.281881143065576,0.6257854046190259,1.0,0,,0.0,-0.00011999999999995348,
-0.33762973463997165,0.334986751631306,1.0,0,,0.0,-0.0040999999999999925,
-0.1745872606799422,0.33595164388042076,1.0,0,,0.0006000000000000449,0.0,-290.9787677998819
-0.33503628048000256,0.31611209134456253,1.0,0,,0.0030000000000001137,-0.0019999999999988916,-111.67876015999661
-0.6849062269679635,0.4955532225124421,1.0,0,,3.0000000000002247e-05,-3.0000000000002247e-05,-22830.207565597077
-2.7042131293199354,0.3065120663604997,1.0,0,,0.0,-0.01399999999999979,
-1.4022747032975102,0.4855717687856185,1.0,0,,0.0008000000000000229,-0.00029999999999996696,-1752.8433791218376
-1.173849789947871,0.4691839895209782,1.0,0,,9.000000000000674e-05,0.0,-13042.775443864257
-0.4561473701759514,0.3040126269505487,1.0,0,,0.11999999999997613,-0.28000000000000114,-3.8012280848003512
-1.6750524799277453,0.45435611667668563,1.0,0,,0.0010999999999999899,-0.00039999999999995595,-1522.7749817525098
-0.5802727039199835,0.41182523392104464,1.0,0,,0.0029999999999996696,-0.0040000000000000036,-193.4242346400158
-0.9609875856000003,0.4641428825365873,1.0,0,,0.013999999999999346,0.0,-68.64197040000323
1.2201106526400223,0.32347426443179095,1.0,0,,0.0005000000000000004,-0.0007999999999999952,2440.2213052800425
-0.4113900008160257,0.3689519220250609,1.0,0,,0.00029999999999996696,-0.0006000000000000449,-1371.3000027202368
-1.322823408255973,0.33873683730542214,1.0,0,,0.0,-0.0043999999999999595,
-1.6556082334880724,0.6257854046190259,1.0,0,,0.0,-0.00018000000000001348,
-0.6460471124799312,0.31611209134456253,1.0,0,,0.0,-0.012000000000000455,
-0.8520867953638982,0.4855717687856185,1.0,0,,0.0009000000000000119,-0.0005999999999999339,-946.7631059598743
-0.9859210302142809,0.4691839895209782,1.0,0,,0.00014000000000000123,0.0,-7042.293072959087
-0.5875648494143326,0.3040126269505487,1.0,0,,0.28999999999999204,-0.060000000000002274,-2.0260856876356854
-0.4560983855999903,0.3065120663604997,1.0,0,,0.0,-0.008000000000000007,
-0.4913785825999607,0.3248875385337675,1.0,0,,0.28000000000002956,-0.20999999999997954,-1.7549235092853888
-1.5099910559999543,0.5385821095563553,1.0,0,,0.009999999999990905,-0.18000000000000682,-150.99910560013276
-1.3620873628799437,0.4785183047500262,1.0,0,,0.0,-0.0005000000000000004,
-0.713466539520021,0.4336360199937792,1.0,0,,0.030000000000001137,-0.00999999999999801,-23.7822179839998
-1.0361679584351722,0.5758405991151749,1.0,0,,0.0,-1.1999999999999858e-05,
-0.7552110159359777,0.32347426443179095,1.0,0,,0.0002999999999999947,-0.0012000000000000066,-2517.37005311997
-0.9286301203199665,0.33595164388042076,1.0,0,,0.0,-0.0009000000000000119,
-1.362576558599955,0.4955532225124421,1.0,0,,9.999999999996123e-06,-0.0001900000000000096,-136257.6558600483
-1.536324661583941,0.47017892299410574,1.0,0,,0.0,-5.2999999999999545,
-1.4028436183679698,0.4993389300308393,1.0,0,,0.0,-0.12100000000000932,
-1.532271138599959,0.5637741301516361,1.0,0,,0.0,-0.0005999999999999894,
-0.24689204351996008,0.4100629847085394,1.0,0,,0.0005000000000000004,-0.003500000000000003,-493.7840870399197
-0.9493141219198588,0.4896980405942871,1.0,0,,0.0039999999999995595,0.0,-237.32853047999083
-0.45666415301760255,0.3056219110573762,1.0,0,,3.999999999998449e-05,-2.0000000000020002e-05,-11416.60382544449
-0.6486778212960583,0.3804195341670669,1.0,0,,0.0012000000000000066,0.0,-540.5648510800456
-1.231848578687912,0.3689519220250609,1.0,0,,0.0,-0.0017000000000000348,
0.0581435473920332,0.33873683730542214,1.0,0,,0.0021999999999999797,-0.001000000000000112,26.428885178197152
-1.3826187646559849,0.5334341490595083,1.0,0,,0.10000000000002274,-0.37999999999999545,-13.826187646556704
-1.1876124332519578,0.4503037969789171,1.0,0,,0.0,-0.00026999999999999247,
-1.5405546362398599,0.5546056339669321,1.0,0,,0.0,-0.0040000000000000036,
-0.5561631900719166,0.3248875385337675,1.0,0,,0.0,-0.589999999999975,
-2.0596516103798903,0.5175965375566454,1.0,0,,0.0,-0.0015000000000000568,
-2.0176634649599743,0.5874709154356579,1.0,0,,0.0,-0.0006000000000000449,
-0.7982226268800261,0.4336360199937792,1.0,0,,0.0,-0.07000000000000028,
-0.8402548970879753,0.47017892299410574,1.0,0,,2.009999999999991,-0.4600000000000364,-0.41803726223282545
-0.8635592943358507,0.4993389300308393,1.0,0,,0.06100000000000705,-0.06299999999998818,-14.156709743209031
-1.0196589156960285,0.5637741301516361,1.0,0,,0.0005000000000000004,0.0,-2039.3178313920553
-0.7991503772159381,0.452692014177529,1.0,0,,0.0,-0.0016000000000000458,
-0.9721517334527975,0.5279266047422276,1.0,0,,2.0000000000006124e-05,-1.9999999999992246e-05,-48607.58667262499
-0.6767665742591833,0.4503037969789171,1.0,0,,0.0,-0.0001300000000000051,
-0.3152084808399433,0.3310107310567595,1.0,0,,0.0013000000000000789,-9.999999999998899e-05,-242.46806218455706
-1.5779961840558205,0.5067749308202141,1.0,0,,0.0,-0.006999999999999673,
-0.26475511500623905,0.4982951153490469,1.0,0,,9.000000000000674e-05,-1.9999999999992246e-05,-2941.7235000691026
-0.31000948952319507,0.4307956472254769,1.0,0,,0.19999999999998863,-0.2300000000000182,-1.5500474476160635
-0.6697269119999016,0.5385821095563553,1.0,0,,0.060000000000002274,-0.12999999999999545,-11.162115199997938
-0.45805885363207355,0.4785183047500262,1.0,0,,0.00020000000000003348,-0.00029999999999996696,-2290.2942681599843
0.023407546129136425,0.5758405991151749,1.0,0,,3.9999999999996635e-06,-6.000000000000796e-06,5851.886532284599
-0.5360728836671679,0.3838013131212904,1.0,0,,0.00029999999999996696,-0.00029999999999996696,-1786.9096122240896
-0.19043822807993094,0.4896980405942871,1.0,0,,0.0030000000000001137,-0.009999999999999787,-63.479409359974575
-0.5232304719518576,0.5334341490595083,1.0,0,,0.2799999999999727,-0.2400000000000091,-1.868680256971102
-0.627995858399854,0.5546056339669321,1.0,0,,0.0030000000000001137,-0.0009999999999998899,-209.3319527999434
-0.9735404642239484,0.5175965375566454,1.0,0,,0.00039999999999995595,-0.00040000000000006697,-2433.851160560139
4.965549436292859,0.39988472127216956,1.0,0,,0.002569999999999961,0.0,1932.1204032268224
-1.3412560321920841,0.664750269056134,,0,,0.0,0.0,
-0.4804954047359664,0.3329492226782437,1.0,0,,0.0,-0.0007999999999999952,
-0.7850155519007582,0.3056219110573762,1.0,0,,0.0,-0.00032999999999999696,
-0.4934379788640014,0.3248875385337675,1.0,0,,0.7099999999999795,-0.12999999999999545,-0.6949830688225572
-0.15563266271994702,0.4336360199937792,1.0,0,,0.0799999999999983,-0.030000000000001137,-1.9454082839993794
-0.8078018868319743,0.452692014177529,1.0,0,,0.0021999999999999797,0.0,-367.182675832719
-0.7276408010639964,0.47017892299410574,1.0,0,,6.529999999999973,-0.8099999999999454,-0.11143044426707496
-0.7976230116479359,0.4993389300308393,1.0,0,,0.20199999999999818,-0.009000000000000341,-3.9486287705343717
-2.4510962030399477,0.36336703184687824,1.0,0,,0.0,-0.0007000000000000062,
-1.0158348533278976,0.5637741301516361,1.0,0,,0.0014000000000000123,0.0,-725.5963238056347
-0.9709635186430956,0.5279266047422276,1.0,0,,0.00019999999999999185,-9.999999999996123e-06,-4854.8175932156755
-0.9440801585759953,0.5067749308202141,1.0,0,,0.01699999999999946,0.0,-55.53412697506031
-1.0286468544000054,0.5385821095563553,1.0,0,,0.14000000000000057,0.0,-7.34747753142858
-1.1731960663039107,0.4785183047500262,1.0,0,,0.00029999999999996696,0.0,-3910.6535543468
-0.6539347309342838,0.3838013131212904,1.0,0,,0.0007000000000000339,0.0,-934.1924727632172
-1.0337667631395626,0.5758405991151749,1.0,0,,9.999999999999593e-06,0.0,-103376.67631396047
-1.2066052976350525,0.4982951153490469,1.0,0,,7.00000000000145e-05,-3.0000000000002247e-05,-17237.218537640038
0.1200285145669906,0.4700860345105779,1.0,0,,0.0016999999999999238,-0.0007000000000000339,70.60500856882116
-0.8386083004319987,0.3804195341670669,1.0,0,,0.0,-0.0005000000000000004,
-1.227405928320001,0.5874709154356579,1.0,0,,0.0,-0.0010000000000000009,
-0.7062882377615032,0.4307956472254769,1.0,0,,0.2599999999999909,-0.18000000000000682,-2.7164932221597224
-0.9483204225599364,0.4896980405942871,1.0,0,,0.009999999999999787,0.0,-94.83204225599566
-1.004824952448034,0.5334341490595083,1.0,0,,0.30999999999994543,0.0,-3.241370814349067
-0.3190542651503722,0.4503037969789171,1.0,0,,0.00010999999999999899,-5.000000000000837e-05,-2900.493319548865
-0.48154064111994843,0.3310107310567595,1.0,0,,0.0,-0.005400000000000071,
-0.9313397326607264,0.4892243692450484,1.0,0,,30.69999999999709,-69.0,-0.030336799109472793
-0.7810425283679128,0.3713877879926262,1.0,0,,0.0015999999999999903,-0.0006999999999999784,-488.1515802299484
-0.9406336539599869,0.503770767240494,1.0,0,,0.0008000000000000229,-0.0007000000000000339,-1175.7920674499499
-0.4714666619519793,0.3191520329926426,1.0,0,,0.5500000000000114,-0.029999999999972715,-0.8572121126399446
-0.9212285689599233,0.4303710397496685,1.0,0,,0.030000000000001137,-0.00999999999999801,-30.707618965329615
-0.8228507402399612,0.42871819124437577,1.0,0,,0.0005999999999999339,-0.0005999999999999339,-1371.4179004000864
-0.9620799903791074,0.5205095806367478,1.0,0,,7.000000000000062e-05,-1.9999999999992246e-05,-13743.999862558556
-1.0709897466239688,0.49323147406621837,1.0,0,,0.06300000000000239,-0.07099999999999795,-16.99983724799886
-1.0027981897918536,0.5521299467277658,1.0,0,,0.0005000000000000004,-0.0001000000000000445,-2005.5963795837056
-1.5275761192799855,0.5525942376632428,1.0,0,,0.0,-0.004999999999999893,
-0.9067449054239717,0.47708078307321533,1.0,0,,0.0004999999999999449,-0.000500000000000056,-1813.4898108481432
-0.9484212326399073,0.5088572894735368,1.0,0,,0.007999999999999119,-0.0009999999999994458,-118.55265408000147
-1.1406542434558937,0.40925755112818063,1.0,0,,0.00040000000000001146,0.0,-2851.6356086396527
-0.4286564048879891,0.3317533521486362,1.0,0,,9.999999999998899e-05,-0.0005000000000000004,-4286.564048880363
0.44493388588006844,0.42524680464971765,1.0,0,,0.0,-0.0029200000000000337,
-0.8934896480399531,0.41780136547761715,1.0,0,,0.12000000000000455,-0.1699999999999875,-7.445747066999327
-0.8540418532240015,0.43792872050958953,1.0,0,,6.0000000000004494e-05,-6.0000000000004494e-05,-14234.030887065626
-1.8764923435198906,0.4753322211704751,1.0,0,,0.4900000000000091,-3.099999999999909,-3.8295762112650116
-1.3022622281535163,0.3672708455876841,1.0,0,,0.0,-0.0007000000000000339,
-0.9412534764584242,0.4892243692450484,1.0,0,,80.10000000000582,-0.8999999999941792,-0.011750979731065614
-1.0140629961599983,0.5525942376632428,1.0,0,,0.0030000000000001137,0.0,-338.0209987199866
-0.4714666619519793,0.3191520329926426,1.0,0,,0.4200000000000159,-0.3299999999999841,-1.1225396713141937
-0.693909972423971,0.42871819124437577,1.0,0,,0.0004999999999999449,-9.999999999998899e-05,-1387.8199448480948
-2.134653606399934,0.6692923003217661,,0,,0.0,0.0,
-2.050278555199995,0.5482445946971044,1.0,0,,0.0,-0.1599999999999966,
-1.4786854752800216,0.47930798951961934,1.0,0,,0.0,-0.00040000000000001146,
-2.5203552828807867,0.5704710989699794,1.0,0,,1.0000000000001327e-06,-1.0999999999999725e-05,-2520355.282880452
-0.9743550291902833,0.48144842171097557,1.0,0,,0.0,-9.000000000000674e-05,
-2.076597516879855,0.4914389359348192,1.0,0,,0.0,-0.0129999999999999,
-1.515610986207947,0.5361357649924149,1.0,0,,0.0,-0.5399999999999636,
-0.8189944168590695,0.5205095806367478,1.0,0,,6.0000000000004494e-05,0.0,-13649.906947650135
-0.4667643592319325,0.49323147406621837,1.0,0,,0.03900000000000148,-0.0589999999999975,-11.968316903382432
-0.4627020661759216,0.5088572894735368,1.0,0,,0.006999999999999673,-0.0009999999999994458,-66.10029516799189
-0.6223182056159525,0.5521299467277658,1.0,0,,0.0005000000000000004,0.0,-1244.636411231904
-0.7260557274144065,0.41780136547761715,1.0,0,,0.1599999999999966,-0.13999999999998636,-4.537848296340138
-0.9157455653998972,0.4842701974588644,,0,,0.0,0.0,
-1.155949091308847,0.503770767240494,1.0,0,,0.00029999999999996696,-0.0007000000000000339,-3853.163637696581
-0.7937746521600745,0.4303710397496685,1.0,0,,0.00999999999999801,-0.04999999999999716,-79.37746521602324
-0.987041949230249,0.43792872050958953,1.0,0,,8.999999999999286e-05,-2.0000000000006124e-05,-10967.132769225858
-1.208386707732704,0.4892243692450484,1.0,0,,23.0,-17.29999999998836,-0.05253855251011756
-0.6411582777599145,0.3713877879926262,1.0,0,,0.0007999999999999674,-0.0015000000000000013,-801.4478471999258
-1.6284296703998444,0.5482445946971044,1.0,0,,0.1799999999999926,0.0,-9.04683150222173
-1.5159860269677892,0.47930798951961934,1.0,0,,0.00020000000000003348,0.0,-7579.930134837677
-2.4525360948130848,0.5704710989699794,1.0,0,,5.999999999999929e-06,0.0,-408756.01580218563
-1.443151405785662,0.48144842171097557,1.0,0,,0.00015999999999999348,0.0,-9019.696286160755
-2.0588611907598304,0.47708078307321533,1.0,0,,0.0,-0.0010999999999999899,
-1.704941292719943,0.4753322211704751,1.0,0,,0.2799999999999727,-1.8700000000001182,-6.089076045428961
-1.8839849645344167,0.42524680464971765,1.0,0,,0.0006099999999999994,-0.0009000000000000119,-3088.499941859702
-1.3112662584000185,0.5525942376632428,1.0,0,,0.0019999999999997797,-0.0030000000000001137,-655.6331292000815
-0.8230535037840031,0.42871819124437577,1.0,0,,0.0009000000000001229,-0.0009999999999998899,-914.5038930932119
-1.2992058579999162,0.5361357649924149,1.0,0,,0.12000000000000455,-0.6399999999999864,-10.826715483332224
-2.902275038199979,0.3317533521486362,1.0,0,,0.0,-0.0015999999999999903,
-0.6580938229247408,0.3672708455876841,,0,,0.0,0.0,
-1.567269184319764,0.5801496824707921,1.0,0,,0.00030000000000002247,-0.00040000000000001146,-5224.230614398822
-0.9143804937918641,0.4338076401052098,1.0,0,,0.3100000000000023,-0.09999999999999432,-2.949614496102766
-0.746459998536014,0.4689805957658334,1.0,0,,3.999999999999837e-05,-0.00010000000000000286,-18661.49996340111
-0.14606305845598525,0.40925755112818063,1.0,0,,0.0005000000000000004,-0.0007000000000000062,-292.12611691197026
-1.7414102047999473,0.6692923003217661,,0,,0.0,0.0,
-0.7339805066349918,0.5205095806367478,1.0,0,,3.0000000000002247e-05,-7.999999999999674e-05,-24466.01688783123
-1.0239336526319496,0.5065497478119716,1.0,0,,1.5,-0.4600000000000364,-0.6826224350879664
-0.9644292434160873,0.5199038802188662,1.0,0,,27.19999999999709,-28.30000000000291,-0.035456957478536416
-0.946858676399944,0.5069194914975728,1.0,0,,0.00039999999999995595,0.0,-2367.146691000121
-0.10778676022398803,0.3191520329926426,1.0,0,,0.0,-0.8899999999999864,
-0.7783512773759675,0.49323147406621837,1.0,0,,0.0,-0.15900000000000603,
-0.4262645735999773,0.4709019671697095,1.0,0,,0.0006000000000000449,0.0,-710.440955999909
-1.6435142295553038,0.6189047689174851,1.0,0,,0.0,-1.0000000000003062e-05,
-0.10708165470510694,0.4545312831355791,1.0,0,,2.0000000000001503e-09,-7.4000000000001324e-09,-53540827.35254945
-0.7224369962399104,0.45331181036060686,1.0,0,,0.030000000000001137,-0.04999999999999716,-24.081233207996103
-0.5777317798656477,0.4985547090434237,1.0,0,,0.00010000000000001674,0.0,-5777.31779865551
-0.583653445336666,0.41001819523787486,1.0,0,,0.00047999999999998044,-0.00042999999999998595,-1215.9446777847702
-0.8443272395200424,0.3837478913980991,1.0,0,,0.0007999999999999119,-0.000200000000000089,-1055.4090494001694
-1.9426229529599803,0.5834187649421945,1.0,0,,0.0040000000000000036,0.0,-485.65573823999466
-0.729546707375965,0.45100320001851113,1.0,0,,0.0008999999999999009,-0.000600000000000156,-810.6074526400505
-0.3969611344798665,0.4914389359348192,1.0,0,,0.004999999999999005,-0.012000000000000455,-79.39222689598908
-1.3782972385199501,0.5414421892593724,1.0,0,,0.0,-0.006999999999999673,
-1.1669192777429744,0.5296111324934974,1.0,0,,9.999999999998899e-05,-0.0013999999999999568,-11669.19277743103
-1.2126972575999946,0.5801496824707921,1.0,0,,0.00040000000000001146,0.0,-3031.7431439998995
-0.8229417100631744,0.4338076401052098,1.0,0,,0.3400000000000034,-0.07999999999998408,-2.42041679430343
-0.9461528425811653,0.4545312831355791,1.0,0,,3.4999999999996277e-09,-7.000000000002643e-10,-270329383.5946474
-1.2256660008790958,0.5070650593248678,1.0,0,,0.0,-7.999999999999674e-05,
1.7836007404160206,0.33942177253518135,1.0,0,,0.0023999999999999855,0.0,743.1669751733464
-1.3956456561598065,0.5725285695024669,1.0,0,,0.020000000000010232,-0.09999999999999432,-69.78228280795463
-0.9071793534319598,0.5050115436294818,1.0,0,,0.0,-0.00040000000000001146,
-1.2913391632589193,0.60342808020175,1.0,0,,2.0000000000002655e-06,-5.999999999999929e-06,-645669.581629374
-1.1926242241199454,0.5580237337812739,1.0,0,,0.05000000000006821,-0.25,-23.852484482366368
-0.7045165246079064,0.42928572288205713,1.0,0,,0.0002999999999999947,-9.999999999998899e-05,-2348.388415359729
-1.6778550968927584,0.5561139820347789,1.0,0,,9.999999999996123e-06,-0.00012000000000000899,-167785.5096893409
-1.1449790338560004,0.3563415556588143,1.0,0,,0.03000000000002956,-1.2299999999999613,-38.16596779516241
-1.7604765461759193,0.5199038802188662,1.0,0,,10.400000000008731,-78.59999999999127,-0.16927659097831166
-1.573843128575954,0.6884277523039665,,0,,0.0,0.0,
-1.1741041639199092,0.45331181036060686,1.0,0,,0.00999999999999801,-0.03999999999999915,-117.41041639201428
-0.5113447004159123,0.3651319331685887,1.0,0,,0.0015000000000000013,0.0,-340.8964669439412
-1.5545044559280015,0.5069194914975728,1.0,0,,9.999999999998899e-05,-0.0008000000000000229,-15545.044559281727
-1.9626253464000238,0.6189047689174851,1.0,0,,0.0,-3.999999999999837e-05,
-1.123625871599999,0.5141895142562747,1.0,0,,0.0,-0.1280000000000001,
-1.4795401485600244,0.4709019671697095,1.0,0,,0.0,-0.0009000000000000119,
-1.2801894899038357,0.5414421892593724,1.0,0,,0.0,-0.009000000000000341,
-0.7503533295839986,0.5474605672790193,1.0,0,,0.2699999999999818,0.0,-2.7790864058668485
-0.8220185123039783,0.5130593593100127,1.0,0,,32.39999999999418,-29.20000000001164,-0.025370941737781667
-0.6149797810126987,0.4689805957658334,1.0,0,,4.000000000001225e-05,-5.9999999999990616e-05,-15374.494525312759
-0.3419994796799881,0.5179273350211935,1.0,0,,0.0,-0.010999999999999233,
-0.5198268010320563,0.5296111324934974,1.0,0,,9.999999999998899e-05,-0.0010999999999999899,-5198.268010321135
-1.0339144809599417,0.5834187649421945,1.0,0,,0.0009999999999998899,-0.0030000000000001137,-1033.9144809600555
-0.3546490969920085,0.45100320001851113,1.0,0,,0.0005999999999999339,-0.0009000000000001229,-591.0818283200792
-0.43467355372788247,0.3837478913980991,1.0,0,,0.0,-0.0015000000000000568,
-0.027679620067209032,0.41001819523787486,1.0,0,,0.0008099999999999774,-0.0010700000000000154,-34.17237045334544
-0.04774978137597469,0.33058155545062307,1.0,0,,0.0007000000000000062,-9.999999999998899e-05,-68.21397339424895
-0.46420518640635533,0.48052788490234777,1.0,0,,1.9999999999999185e-05,0.0,-23210.259320318713
-0.4634413566720119,0.3669330125782962,1.0,0,,0.20999999999997954,0.0,-2.2068636032002718
-0.49975524165835494,0.4479737055813956,1.0,0,,0.19999999999998863,-0.009999999999990905,-2.498776208291917
-1.0218674245246562,0.5669778149095746,1.0,0,,0.00012000000000000899,0.0,-8515.561871038164
-0.6497304397758658,0.5065497478119716,1.0,0,,0.8099999999999454,-1.8900000000001,-0.8021363454023575
-0.6827547136872513,0.4985547090434237,1.0,0,,9.000000000000674e-05,-3.0000000000002247e-05,-7586.1634854133345
-0.28103288131981374,0.5039531388490527,1.0,0,,0.00020000000000003348,-9.999999999998899e-05,-1405.1644065988335
-0.38169489316492194,0.5004180129915647,1.0,0,,3.7000000000000662e-09,-2.699999999999991e-09,-103160781.93646355
-1.0325998371357066,0.5876808303260334,1.0,0,,0.00030000000000002247,-0.00040000000000001146,-3441.999457118764
-0.9544892310399467,0.45890402032667427,1.0,0,,0.030000000000001137,0.0,-31.81630770133035
-1.2024138589440354,0.4957822884990759,1.0,0,,0.000500000000000056,0.0,-2404.8277178878016
-0.9281427959999906,0.518281649714512,1.0,0,,0.1039999999999992,0.0,-8.92444996153844
-0.7833967501199406,0.5447363709408294,1.0,0,,0.005000000000000782,0.0,-156.67935002396362
-0.7394698266480089,0.4013078380912186,1.0,0,,0.0007500000000000284,-0.004720000000000002,-985.9597688639744
-0.5338415180159469,0.47677234067633567,1.0,0,,7.000000000000062e-05,-5.000000000000837e-05,-7626.307400227746
-0.8738961569599322,0.46505841207289467,1.0,0,,0.0005999999999999339,-0.0006999999999999229,-1456.4935949333808
-2.3750984548778273,0.6014833107535911,1.0,0,,0.0,-8.000000000000194e-06,
-0.37795634284792334,0.43972346853122196,1.0,0,,0.0,-0.0009000000000000119,
-1.5847552147199844,0.581708870120498,1.0,0,,0.0030000000000001137,-0.0009999999999998899,-528.2517382399748
-1.2975403446079214,0.5474605672790193,1.0,0,,0.2599999999999909,0.0,-4.990539786953718
-0.9968401717999136,0.33058155545062307,1.0,0,,0.0007000000000000062,0.0,-1424.0573882855783
-0.6653025319679293,0.3669330125782962,1.0,0,,0.2400000000000091,-0.12000000000000455,-2.7720938831996005
-1.2441520245841908,0.5130593593100127,1.0,0,,63.19999999999709,-27.59999999999127,-0.019685949756079877
-0.7496556886496333,0.4479737055813956,1.0,0,,0.1599999999999966,-0.06999999999999318,-4.685348054060308
-1.0240942711872039,0.5669778149095746,1.0,0,,4.999999999999449e-05,-9.000000000000674e-05,-20481.885423746335
-1.216395242400039,0.5039531388490527,1.0,0,,0.00019999999999997797,0.0,-6081.976212000865
-0.9279555687288645,0.5971232967246085,1.0,0,,3.999999999999837e-05,-9.999999999996123e-06,-23198.889218222557
0.7550178017761868,0.6004957237349786,1.0,0,,0.0017000000000000348,0.0,444.1281186918655
-1.2224867677208027,0.5077392287860846,1.0,0,,0.00012999999999999123,0.0,-9403.744367083731
-1.1988059411199012,0.47887151560097396,1.0,0,,1.0499999999999545,-1.2800000000002,-1.1417199439237649
-0.3435968539423502,0.6911393937179809,1.0,0,,8.000000000000021e-05,0.0,-4294.960674279366
-1.8187831583432308,0.5313002752427642,1.0,0,,0.00039999999999995595,-0.0010000000000000009,-4546.957895858578
-0.6423782597439901,0.38660417164141025,1.0,0,,0.00019999999999997797,0.0,-3211.8912987203043
-0.9203604681599129,0.43972346853122196,1.0,0,,0.0007999999999999952,0.0,-1150.4505851998981
-0.2741673753719564,0.4013078380912186,1.0,0,,0.0007199999999999984,-0.0008900000000000019,-380.78802134994027
-0.800568607479954,0.46505841207289467,1.0,0,,0.0008000000000001339,-9.999999999998899e-05,-1000.7107593497749
-1.5847552147199844,0.581708870120498,1.0,0,,0.0019999999999997797,0.0,-792.3776073600794
-0.6133305772159698,0.33058155545062307,1.0,0,,0.0015000000000000013,-0.00010000000000001674,-408.88705147731287
-3.090173082199894,0.518281649714512,1.0,0,,0.017000000000010118,-0.12299999999999045,-181.77488718812089
-2.0334338889918424,0.5474605672790193,1.0,0,,0.0,-0.8999999999999773,
-1.603494844682429,0.5971232967246085,1.0,0,,0.0,-0.00010999999999999899,
-0.9108814790400375,0.48052788490234777,,0,,0.0,0.0,
-3.505095399231865,0.5876808303260334,1.0,0,,0.0,-0.0006999999999999784,
-1.186541465839983,0.45890402032667427,1.0,0,,0.0,-0.060000000000002274,
-1.74237748799991,0.4957822884990759,1.0,0,,0.0,-0.0006000000000000449,
-2.358459227519936,0.5200642495900571,1.0,0,,0.0039999999999995595,-0.019999999999999574,-589.614806880049
-3.410082242931748,0.6014833107535911,1.0,0,,3.000000000000398e-06,-1.4999999999999389e-05,-1136694.0809770986
0.02517758164799161,0.3651319331685887,1.0,0,,0.00019999999999997797,-0.0015000000000000013,125.8879082399719
-1.912637832120113,0.5447363709408294,1.0,0,,0.0030000000000001137,-0.014000000000001123,-637.5459440400135
-1.3629205051774467,0.5669778149095746,1.0,0,,0.0,-0.00015999999999999348,
-2.388588218457362,0.5004180129915647,1.0,0,,1.7000000000003395e-09,-8.099999999999973e-09,-1405051893.2099323
-1.850691700199913,0.47677234067633567,1.0,0,,0.0,-0.00014999999999999736,
-0.007258852389564918,0.4042645024150459,1.0,0,,0.00047999999999998044,-0.00042999999999998595,-15.122609144927528
-1.4262075101951135,0.5077392287860846,1.0,0,,0.0,-0.00012999999999999123,
-2.4053098053599022,0.5733289574560818,1.0,0,,0.05000000000001137,-0.2599999999999909,-48.10619610718711
-0.47931664147197994,0.3669330125782962,1.0,0,,0.020000000000038654,-0.5399999999999636,-23.96583207355268
-0.976817813903872,0.5130593593100127,1.0,0,,8.900000000008731,-54.39999999999418,-0.10975481055088918
-1.154282654532762,0.4479737055813956,1.0,0,,0.01999999999998181,-0.2300000000000182,-57.71413272669059
-0.8144607758400577,0.5856117676948218,1.0,0,,0.0019999999999997797,0.0,-407.2303879200737
-0.6323157929917747,0.4932703320236911,1.0,0,,0.000500000000000056,0.0,-1264.6315859834078
-0.7093482926400012,0.5039531388490527,1.0,0,,0.0,-0.0005000000000000004,
-0.9019468807198838,0.4751650490045959,1.0,0,,0.15000000000009095,-1.7200000000000273,-6.012979204795579
-1.7347192326143253,0.5276382246870317,1.0,0,,0.0,-0.0019000000000000128,
-0.6354710627999309,0.34179314451158715,1.0,0,,0.0007000000000000062,-9.999999999998899e-05,-907.8158039998933
-1.5810218976236365,0.5870800763980827,1.0,0,,4.999999999999796e-06,-1.0000000000001327e-06,-316204.3795247402
-0.7921257300720279,0.38340235480239737,1.0,0,,0.0015999999999999903,0.0,-495.07858129502046
-0.6378710981118485,0.42675167870561836,1.0,0,,0.0,-0.0005000000000000004,
-2.228620775400005,0.5171717227864125,1.0,0,,0.0049999999999954525,-0.1869999999999976,-445.7241550804064
-1.8533175368639645,0.45935807334808,1.0,0,,0.00029999999999996696,-0.0017000000000000348,-6177.725122880562
-1.9541424554398628,0.5622203598371309,1.0,0,,0.0,-0.5599999999999454,
-2.261655151199744,0.4673204270524278,1.0,0,,0.0,-0.06999999999999318,
-2.349148473643349,0.48533572004346187,1.0,0,,0.0,-2.0000000000002655e-05,
-3.01155545088001,0.5256788617172333,1.0,0,,0.0,-0.015000000000000568,
-2.28159020879981,0.5859252742916908,1.0,0,,9.999999999998899e-05,-0.00040000000000001146,-22815.90208800061
-2.0255657401438967,0.50111846427275,1.0,0,,0.0,-114.60000000000582,
-1.9275655688999347,0.5129625907911927,1.0,0,,0.0,-0.00026999999999999247,
-1.5951925146526742,0.5944321389006703,,0,,0.0,0.0,
-2.712788417714952,0.5571325693809506,1.0,0,,0.0,-0.00010999999999999899,
-2.416391541999956,0.543551409933399,1.0,0,,0.002000000000000668,-0.010999999999999233,-1208.1957709995745
-1.3635473443775776,0.48265486316086365,1.0,0,,0.0,-0.0001799999999999996,
-0.8752932672342907,0.4042645024150459,1.0,0,,0.0006299999999999639,-0.000250000000000028,-1389.3543924354617
-0.9001615366798692,0.5622203598371309,1.0,0,,0.2799999999999727,0.0,-3.2148626309998463
-0.7666861271999537,0.5171717227864125,1.0,0,,0.06100000000000705,-0.027999999999991587,-12.568625036063361
-0.8373839986078894,0.45935807334808,1.0,0,,0.0008000000000001339,-0.0006999999999999229,-1046.7299982596865
-0.65518874738951,0.48156900857189544,1.0,0,,1.2000000000000902e-09,-4.599999999999922e-09,-545990622.8245507
-0.3491548802639062,0.34728417870766504,1.0,0,,0.0,-0.410000000000025,
-0.72818209967992,0.5766870532300574,1.0,0,,0.01999999999999602,-0.20000000000000284,-36.40910498400324
-0.47093724724800506,0.45032436394889985,1.0,0,,0.07999999999998408,-0.3199999999999932,-5.886715590601234
-1.1876311666080441,0.5107681691780516,1.0,0,,0.0,-0.0005000000000000004,
-1.0356258796798445,0.5856117676948218,1.0,0,,0.0009999999999998899,-0.006000000000000227,-1035.6258796799586
-0.4242464437598879,0.4751650490045959,1.0,0,,0.5399999999999636,-3.230000000000018,-0.7856415625183638
-0.42167912097595495,0.5276382246870317,1.0,0,,0.00039999999999995595,-0.0016000000000000458,-1054.1978024400034
0.34798738687207303,0.34179314451158715,1.0,0,,0.00020000000000000573,-0.00040000000000001146,1739.9369343603153
-0.5876685900480411,0.4932703320236911,1.0,0,,0.00039999999999995595,-0.000300000000000078,-1469.1714751202644
-0.49516647119997165,0.4673204270524278,1.0,0,,0.03999999999999915,0.0,-12.379161779999555
-0.3794480944463464,0.48533572004346187,1.0,0,,2.0000000000002655e-05,0.0,-18972.404722314805
-0.3216959059199871,0.5256788617172333,1.0,0,,0.006999999999999673,-0.0039999999999995595,-45.95655798857173
-0.3828733565792348,0.6934683444809538,1.0,0,,5.000000000000143e-05,-3.999999999999837e-05,-7657.467131584477
-1.303536564862315,0.5571325693809506,1.0,0,,0.00011999999999999511,0.0,-10862.8047071864
-1.1977415588157592,0.50111846427275,1.0,0,,76.80000000000291,0.0,-0.015595593213746274
-1.2302459146783886,0.5129625907911927,1.0,0,,0.00012000000000000899,0.0,-10252.049288985803
-1.001865462623842,0.543551409933399,1.0,0,,0.006999999999999673,0.0,-143.12363751769837
-1.1444636772544632,0.44762913162154316,1.0,0,,4.599999999999922e-09,0.0,-248796451.5770614
-0.6713851747679074,0.3987057277370523,1.0,0,,0.0009600000000000164,0.0,-699.3595570498916
-0.4109526387359332,0.3403489278081153,1.0,0,,0.2400000000000091,-0.11000000000001364,-1.7123026613996568
-0.9391159822079578,0.5020297398158222,1.0,0,,0.00019999999999997797,0.0,-4695.579911040306
-0.7522867805327893,0.5870800763980827,1.0,0,,4.999999999999796e-06,-5.999999999999929e-06,-150457.356106564
-0.27122283181591433,0.42675167870561836,1.0,0,,0.0005000000000000004,0.0,-542.4456636318282
-2.4062582372639016,0.5944321389006703,1.0,0,,0.0,-7.999999999999674e-05,
-0.5023040696960137,0.30564811008668896,1.0,0,,0.0004999999999997229,0.0,-1004.6081393925842
-0.4990780628160021,0.35606762398948355,1.0,0,,0.0009000000000000119,-0.00020000000000000573,-554.5311809066617
0.07591541513607769,0.45703083308552306,1.0,0,,0.6300000000000239,-0.18999999999999773,0.1205006589461505
-2.0454319404502117,0.6967892296693312,1.0,0,,7.000000000000062e-05,0.0,-29220.456292145624
-1.3257418640428793,0.57035883355889,1.0,0,,6.000000000000796e-06,0.0,-220956.97734045057
-0.7497592229119396,0.34289935809444966,1.0,0,,0.00019999999999997797,-0.0017000000000000348,-3748.796114560111
-1.3920792479999553,0.5537712038954826,1.0,0,,0.04000000000000625,-0.030000000000001137,-34.80198119999344
-1.5544248445440525,0.4991748941199874,1.0,0,,0.0,-0.0007000000000000339,
-0.9028150746879126,0.5020297398158222,1.0,0,,0.00019999999999997797,0.0,-4514.07537344006
-1.051343523839944,0.5766261461321086,1.0,0,,0.0,-0.002000000000000224,
-1.292308995671918,0.4704324145355129,1.0,0,,0.5199999999999818,-1.0900000000001455,-2.485209607061468
-0.9448986140927629,0.5006315084949764,1.0,0,,0.00040000000000006697,-9.999999999998899e-05,-2362.2465352315116
-1.3953654612159982,0.5441770488897677,1.0,0,,0.0,-0.12999999999999545,
-1.0174772023680279,0.4815918014458527,1.0,0,,0.009000000000000341,-0.046999999999997044,-113.05302248533215
-1.070485990784079,0.44363924692090134,1.0,0,,0.0,-0.001100000000000101,
-0.9552085145599984,0.4556809115155337,1.0,0,,0.0,-0.020000000000003126,
-0.47225326000318146,0.4932391436045246,1.0,0,,1.9999999999999185e-05,0.0,-23612.663000160035
-0.30672312767988263,0.4916669974484943,1.0,0,,0.009999999999999787,-0.0039999999999995595,-30.672312767988917
-0.8937251407927921,0.49486915020896177,1.0,0,,19.20000000001164,-16.39999999999418,-0.04654818441626303
-0.9296938880927585,0.4947566672190138,1.0,0,,4.999999999999449e-05,0.0,-18593.87776185722
-1.3986677001887218,0.45703083308552306,1.0,0,,0.12000000000000455,-0.5699999999999932,-11.655564168238907
-1.309778976095856,0.5237154324393174,1.0,0,,0.0,-0.004999999999999005,
-3.053468498587115,0.3987057277370523,1.0,0,,0.0,-0.0021399999999999753,
-0.21252311404793278,0.34289935809444966,1.0,0,,0.0019000000000000128,-9.999999999998899e-05,-111.85427055154281
-1.1237239613443617,0.44762913162154316,1.0,0,,7.000000000002643e-10,-2.599999999999772e-09,-1605319944.7770534
-1.2051377215199373,0.4421706124286424,1.0,0,,0.0,-0.0005000000000000004,
-1.5847085853055907,0.5890931162208408,,0,,0.0,0.0,
-0.7300872032398968,0.3403489278081153,1.0,0,,0.0,-0.30000000000001137,
-0.4174095689279488,0.30564811008668896,1.0,0,,0.0,-0.00039999999999995595,
-0.49934784979194136,0.35606762398948355,1.0,0,,0.0005000000000000004,-0.00020000000000000573,-998.6956995838818
-1.6162305541199116,0.38718833535443387,1.0,0,,0.0012999999999999678,-0.0005000000000000004,-1243.2542723999627
-0.7211914719358465,0.4449400161680867,1.0,0,,0.00040000000000001146,0.0,-1802.9786798395646
-0.5943101735998377,0.4991748941199874,1.0,0,,0.00040000000000006697,0.0,-1485.7754339993455
-0.43168438480795795,0.3390633539749182,1.0,0,,0.2599999999999909,0.0,-1.6603245569537426
-2.3308832793790217,0.5428131464234895,1.0,0,,3.0000000000002247e-05,-0.00014999999999999736,-77696.10931262824
-1.3332673583999446,0.5537712038954826,1.0,0,,0.0,-0.12000000000000455,
-0.8461685255526785,0.31124178834601995,1.0,0,,0.0,-0.00012999999999999817,
-1.8512961178799132,0.4517672884442434,1.0,0,,0.0,-0.7099999999999795,
-1.395344378768026,0.5441770488897677,1.0,0,,0.10000000000002274,-0.08000000000004093,-13.953443787677086
-1.5200709948199687,0.46794433744172653,1.0,0,,2.0000000000006124e-05,-0.00011999999999999511,-76003.54974097516
-1.1450573860479802,0.4704324145355129,1.0,0,,0.7800000000002001,-1.2899999999999636,-1.4680222898047264
-2.0561863140799717,0.4916669974484943,1.0,0,,0.0,-0.013999999999999346,
-1.197923297519853,0.4932391436045246,,0,,0.0,0.0,
-1.8313844266367738,0.5006315084949764,1.0,0,,0.000500000000000056,-0.0012999999999999678,-3662.7688532731377
-1.83157692648,0.5766261461321086,1.0,0,,0.0,-0.005999999999999783,
-1.5646122858239928,0.44363924692090134,1.0,0,,0.0,-0.0023999999999999577,
-1.3040960607199463,0.4556809115155337,1.0,0,,0.0,-0.060000000000002274,
-2.3582089037150498,0.49808392961010295,1.0,0,,0.0,-0.00024000000000001798,
-2.6478470764143274,0.57035883355889,1.0,0,,0.0,-1.299999999999999e-05,
-1.6255947527757273,0.4983471860185994,1.0,0,,0.0,-61.30000000000291,
-2.1230605823999897,0.4940424578436786,1.0,0,,0.0,-0.00030000000000002247,
-0.7365619591918275,0.49808392961010295,1.0,0,,9.000000000000674e-05,0.0,-8184.021768797471
-2.044551951000023,0.513468579856774,1.0,0,,0.0019999999999988916,-0.009999999999999787,-1022.275975500578
-2.368003128348668,0.40436143670612784,1.0,0,,0.00031000000000003247,-0.0008900000000000019,-7638.719768865871
-2.5375825134818975,0.47388022853676304,1.0,0,,1.0999999999998709e-09,-5.3000000000001864e-09,-2306893194.0747232
-1.0371456281520368,0.3569134212166935,1.0,0,,0.0,-0.0042999999999999705,
-0.659865292415832,0.530377204247489,1.0,0,,0.32000000000005,0.0,-2.0620790387991526
-0.47166466167683924,0.4613580378620658,1.0,0,,5.9999999999990616e-05,-9.999999999996123e-06,-7861.077694615216
-1.07375397271998,0.47539205535266726,1.0,0,,1.3699999999998909,-0.21000000000003638,-0.7837620238832596
-0.5497119766799301,0.3120333338304867,1.0,0,,0.0,-0.000300000000000189,
-1.0720438259199927,0.4562876586540352,1.0,0,,0.030000000000001137,0.0,-35.73479419733174
-0.9286272680639389,0.4394597403250959,1.0,0,,0.0012000000000000899,0.0,-773.8560567198912
-0.4524196224639727,0.36169413831536146,1.0,0,,0.0,-0.0013999999999999846,
-0.9832714319999777,0.4984260330775788,1.0,0,,0.0,-0.0010000000000000009,
0.9121597485839221,0.3971638188572978,1.0,0,,0.0020000000000000018,0.0,456.07987429196066
-1.0947554735999292,0.5421620496947255,1.0,0,,0.0,-0.13999999999998636,
-1.1418420544638836,0.4449400161680867,1.0,0,,0.0002999999999999947,0.0,-3806.140181546346
-1.4354466627120448,0.4983471860185994,1.0,0,,52.69999999999709,0.0,-0.027238077091311652
-1.6252438220854941,0.5404120383470841,1.0,0,,1.9999999999992246e-05,-6.0000000000004494e-05,-81262.19110430621
-0.315973817279979,0.3120333338304867,1.0,0,,0.0013999999999998458,-0.00019999999999997797,-225.6955837714384
-1.2013299110806979,0.4942509288816775,1.0,0,,0.0,-2.9999999999998778e-05,
-1.4820101383136368,0.5038030842096479,1.0,0,,0.000300000000000078,-0.00019999999999997797,-4940.033794377505
-1.7301168869598413,0.5741172888296601,1.0,0,,3.9999999999996635e-06,-1.0000000000001327e-06,-432529.2217399967
-2.660011619687943,0.5859252742916908,1.0,0,,0.00019999999999997797,-0.0011000000000000454,-13300.05809844118
-0.5649062913919756,0.3390633539749182,1.0,0,,0.05000000000001137,-0.5,-11.298125827836943
-0.8445169653759466,0.31124178834601995,1.0,0,,0.0,-3.0000000000002247e-05,
-1.5649225598183807,0.4517672884442434,1.0,0,,0.05000000000001137,-0.25,-31.298451196360496
-2.1212473710479016,0.4940424578436786,1.0,0,,9.999999999998899e-05,-0.00029999999999996696,-21212.473710481354
-1.5954970049998685,0.513468579856774,1.0,0,,0.0009999999999994458,-0.004999999999999005,-1595.4970050007528
-3.0718410082728056,0.47388022853676304,1.0,0,,0.0,-9.200000000000268e-09,
-2.047910554255978,0.694760912928576,1.0,0,,0.0,-7.000000000000062e-05,
-1.2409037210399885,0.3569134212166935,1.0,0,,0.0,-0.0043999999999999595,
-2.7765318863999084,0.5421620496947255,1.0,0,,0.0,-0.3100000000000023,
-1.4154361250760388,0.49808392961010295,1.0,0,,1.9999999999992246e-05,-2.0000000000020002e-05,-70771.80625382937
-0.7906475425967473,0.4613580378620658,1.0,0,,9.999999999996123e-06,-7.999999999999674e-05,-79064.75425970538
-1.2687018074399181,0.47539205535266726,1.0,0,,0.17000000000007276,-2.4699999999998,-7.462951808466912
-0.9145136683199706,0.4562876586540352,1.0,0,,0.0,-0.04999999999999716,
-0.4191923000880542,0.4394597403250959,1.0,0,,0.0006999999999999229,-0.000400000000000178,-598.8461429830005
-1.7623795793600219,0.4449400161680867,1.0,0,,9.999999999998899e-05,-0.00040000000000001146,-17623.79579360216
-1.2776003985600086,0.4984260330775788,1.0,0,,0.0,-0.0006000000000000449,
-1.6073619620400157,0.4983471860185994,1.0,0,,4.399999999994179,-29.10000000000582,-0.3653095368277596
-1.1159351594158238,0.530377204247489,1.0,0,,0.2900000000000773,-0.2799999999999727,-3.8480522738466423
-0.9598765700591334,0.5183856771762323,1.0,0,,1.9999999999992246e-05,0.0,-47993.82850297528
-3.005907025959767,0.49173333534519353,1.0,0,,9.999999999999593e-06,-8.000000000000021e-05,-300590.7025959889
-0.508064244671879,0.5645137011822943,1.0,0,,0.00040000000000001146,0.0,-1270.1606116796613
-0.2916171172137508,0.42895695837383474,1.0,0,,3.300000000000036e-09,-2.0000000000001503e-10,-88368823.39810532
-0.7695544438400033,0.4076640640289252,1.0,0,,0.0799999999999983,0.0,-9.619430548000246
-0.5747272473599344,0.42688974045856387,1.0,0,,0.0005999999999999339,0.0,-957.8787455999961
-0.6571185116759002,0.36672084272364314,1.0,0,,9.000000000000674e-05,0.0,-7301.316796398344
-0.6604087542718944,0.3888422343222229,1.0,0,,0.000300000000000078,-0.00039999999999995595,-2201.3625142390756
-1.7135681951427149,0.5663315814358563,1.0,0,,1.0000000000001327e-06,-3.000000000000398e-06,-1713568.1951424875
-0.8780762130878763,0.3293323574492423,1.0,0,,0.0,-0.37999999999999545,
-0.048787061399992865,0.35000117655362795,1.0,0,,0.0007000000000000062,-0.00020000000000000573,-69.69580199998919
-1.4649627772407965,0.43379192289154056,1.0,0,,0.0,-0.4200000000000159,
-0.14355401663986844,0.4815918014458527,1.0,0,,0.05499999999999261,-0.08400000000000318,-2.6100730298161405
-1.3707213467998904,0.5763804549463418,1.0,0,,0.0030000000000001137,-0.0040000000000000036,-456.90711559994617
-0.7400287108799004,0.3102405121492169,,0,,0.0,0.0,
-1.0651968539999375,0.4791746735854014,1.0,0,,0.0,-0.00020000000000003348,
-0.540946469720039,0.3849961874848841,1.0,0,,0.004999999999999005,-0.004000000000001336,-108.18929394402933
-0.7168117534775725,0.4412566019790848,1.0,0,,6.0000000000004494e-05,-1.9999999999992246e-05,-11946.862557958648
-0.7919104342398114,0.4746746197966091,1.0,0,,1.9700000000000273,-1.2300000000000182,-0.40198499199989873
-0.5588396441599344,0.48550757084933194,1.0,0,,0.0007000000000000339,0.0,-798.3423487998675
-0.7262508117598101,0.49454899374976286,1.0,0,,27.80000000000291,-35.30000000000291,-0.026124129919414894
-0.6763625255997769,0.5183856771762323,1.0,0,,4.000000000001225e-05,-3.999999999999837e-05,-16909.063139989245
-1.4929432433735235,0.7006860896505169,1.0,0,,9.999999999999593e-06,-3.0000000000002247e-05,-149294.32433735844
-0.4927224328800427,0.44751225982845083,1.0,0,,0.03999999999999915,-0.010000000000005116,-12.31806082200133
-0.8518824447967663,0.3888422343222229,1.0,0,,0.0011999999999999789,-9.999999999998899e-05,-709.9020373306511
-1.6161204933528377,0.5663315814358563,1.0,0,,9.000000000000327e-06,0.0,-179568.94370586434
-0.926051289464775,0.42895695837383474,1.0,0,,3.300000000000036e-09,-2.0000000000001503e-10,-280621602.86811054
-0.7828532742398309,0.3293323574492423,1.0,0,,0.2599999999999909,0.0,-3.0109741316917624
-0.8779023582078511,0.40522942288649183,1.0,0,,0.0010999999999999899,-0.0005000000000000004,-798.0930529162356
-0.9358994724799075,0.4076640640289252,1.0,0,,0.20000000000000284,0.0,-4.679497362399471
-0.8716111729920566,0.43379192289154056,1.0,0,,0.1699999999999875,-0.14000000000001478,-5.127124547012475
-1.1742613499997732,0.4791746735854014,1.0,0,,0.00019999999999997797,0.0,-5871.306749999512
-0.6575129394750858,0.36672084272364314,1.0,0,,0.00014999999999998348,0.0,-4383.419596501055
-2.849175796767972,0.4415073803192945,1.0,0,,0.00020000000000000573,-0.0005999999999999894,-14245.878983839451
-0.6871207723197852,0.5327614488299116,1.0,0,,0.2300000000000182,-0.4800000000000182,-2.9874816187814384
-1.1953202352638366,0.49173333534519353,,0,,0.0,0.0,
-0.716842686280025,0.35000117655362795,1.0,0,,0.001700000000000007,-9.999999999998899e-05,-421.67216840001294
-1.2390092682398337,0.5183856771762323,1.0,0,,6.999999999998674e-05,0.0,-17700.13240342955
-0.6058460267999657,0.497586853678225,1.0,0,,0.005000000000000782,-0.007999999999999119,-121.1692053599742
-0.44384874119996254,0.42688974045856387,1.0,0,,0.0006999999999999229,-0.00039999999999995595,-634.0696302857306
-0.36528654433916136,0.4412566019790848,1.0,0,,7.999999999999674e-05,-2.0000000000006124e-05,-4566.081804239703
-0.46167705737990267,0.39480911078242764,1.0,0,,0.0008000000000000229,-0.00029999999999996696,-577.0963217248618
-0.95271684203807,0.4611545302313694,1.0,0,,4.999999999999796e-06,0.0,-190543.36840762178
-0.9362739959679731,0.4490308328304894,1.0,0,,0.0002999999999999947,0.0,-3120.9133198932986
-0.7496850204200862,0.42832067256538187,1.0,0,,0.3499999999999943,0.0,-2.141957201200281
-0.4369560935999055,0.40436143670612784,1.0,0,,0.0006299999999999639,-0.0016900000000000248,-693.5811009522707
-1.0903114818239497,0.5645137011822943,1.0,0,,0.00030000000000002247,-0.00019999999999997797,-3634.37160607956
-0.6725961946798937,0.3102405121492169,1.0,0,,0.000300000000000189,0.0,-2241.987315598233
-0.025913273127980863,0.37562331208557304,1.0,0,,0.06300000000000239,-0.06699999999999307,-0.4113217956822203
-0.4075005574398334,0.5659318601214104,1.0,0,,0.0019999999999997797,-0.002000000000000224,-203.75027871993913
-0.6081191772000154,0.44751225982845083,1.0,0,,0.030000000000001137,0.0,-20.270639239999745
-0.8294827158399292,0.3720569606803479,1.0,0,,0.00019999999999997797,0.0,-4147.4135792001025
-1.194649937431937,0.5106468023265686,1.0,0,,0.016800000000000037,0.0,-71.11011532332942
-0.7887139734400349,0.3849961874848841,1.0,0,,0.0030000000000001137,-0.0019999999999988916,-262.904657813335
-1.074060906239882,0.48550757084933194,1.0,0,,0.00019999999999997797,-0.00019999999999997797,-5370.304531200001
-0.5086152730399371,0.4746746197966091,1.0,0,,0.599999999999909,-1.4600000000000364,-0.8476921217333571
0.7986326985257342,0.5637480408116358,1.0,0,,0.00010000000000001674,-0.00037999999999999146,7986.326985256004
-2.088351216045466,0.7156799345745397,1.0,0,,6.0000000000001025e-05,-9.999999999999593e-06,-34805.85360075717
-0.5952253755058703,0.3449164919646593,1.0,0,,1.299999999999886e-09,-1.6000000000001202e-09,-457865673.46609426
-0.9274602925598732,0.44269970915651424,1.0,0,,0.0005000000000000004,0.0,-1854.9205851197446
-1.6828363079679292,0.3672951107869351,1.0,0,,0.00040000000000001146,-0.0003999999999999837,-4207.090769919702
-1.598431057984008,0.5453051024157954,1.0,0,,0.08999999999991815,-0.2900000000000773,-17.76034508872735
-1.1305517509726974,0.3793003383884234,1.0,0,,3.0000000000002247e-05,-4.999999999999449e-05,-37685.05836575376
-0.8519924507039816,0.4420399466139674,1.0,0,,0.0,-0.0012999999999998568,
-0.7791900478583011,0.4513564367341092,1.0,0,,0.0,-5.9999999999990616e-05,
-0.28793487122393213,0.5637480408116358,1.0,0,,0.00028000000000000247,0.0,-1028.3388257997485
-0.8389038683927751,0.4227157252169249,1.0,0,,3.0000000000002247e-05,0.0,-27963.462279757074
-0.6036858864000079,0.31676221577435726,1.0,0,,0.0,-0.00039999999999995595,
-1.6404309331199705,0.4545620291274491,1.0,0,,0.0,-0.006999999999999673,
-0.4856598427519612,0.3324075333219829,1.0,0,,0.0005999999999999339,0.0,-809.4330712533579
-1.4205717303199146,0.44023714242913425,1.0,0,,0.0,-0.05000000000000426,
-0.7057923033039322,0.37776665949914845,1.0,0,,0.0,-0.09499999999999886,
-0.6198034790591898,0.39480911078242764,1.0,0,,9.999999999998899e-05,-0.0010999999999999899,-6198.03479059258
-0.8594061656220726,0.4611545302313694,1.0,0,,0.0,-9.000000000000327e-06,
-1.0436521105919552,0.390541020033202,1.0,0,,0.002000000000000668,-0.0039999999999995595,-521.8260552958034
-0.478908248903906,0.38542673193566,1.0,0,,0.0,-0.0010999999999999899,
-1.0818580970399458,0.48760753034165405,1.0,0,,0.12999999999988177,-2.4200000000000728,-8.321985361853306
0.17296100628801636,0.4490308328304894,1.0,0,,0.00020000000000000573,-0.0005000000000000004,864.8050314400571
-0.6175993031199078,0.3720569606803479,1.0,0,,9.999999999998899e-05,-9.999999999998899e-05,-6175.993031199759
-0.9095526131999991,0.42832067256538187,1.0,0,,0.0,-0.3400000000000034,
-0.28433798942395894,0.36152307948951545,1.0,0,,0.0013000000000000789,-0.0020999999999999908,-218.721530326109
-0.6208355326503987,0.3449164919646593,1.0,0,,5.999999999996216e-10,-3.0000000000002254e-09,-1034725887.7513171
0.5695151373520069,0.3672951107869351,1.0,0,,0.0008999999999999841,0.0,632.7945970577965
-1.8298884598560115,0.49454899374976286,1.0,0,,25.0,-91.19999999999709,-0.07319553839424046
-1.3946908228797952,0.5453051024157954,1.0,0,,0.20000000000004547,-0.06999999999993634,-6.9734541143973905
-0.7488407957038772,0.3793003383884234,,0,,0.0,0.0,
-1.1037984862118768,0.3853135356633671,1.0,0,,0.0,-9.999999999999593e-06,
-0.9566356939198526,0.3887705853467974,,0,,0.0,0.0,
-0.6578900861791068,0.426123942354222,1.0,0,,6.0000000000004494e-05,0.0,-10964.834769650959
-0.36120276341598745,0.4026505498835177,1.0,0,,0.0008000000000000229,-0.00029999999999996696,-451.50345426997137
-0.632484181183878,0.5621094107557634,1.0,0,,0.00030000000000002247,0.0,-2108.280603946102
-0.6103998340239578,0.3929254736914351,1.0,0,,0.006000000000000227,0.0,-101.73330567065578
-0.5022246525119467,0.353528227872974,1.0,0,,0.0013000000000000789,0.0,-386.3266557783971
-0.3157338840527036,0.34785130169838285,1.0,0,,2.799999999999787e-09,-1.5000000000003245e-09,-112762101.44740272
-0.5568180446400381,0.38951226261868893,1.0,0,,0.0899999999999892,-0.05000000000001137,-6.186867162667833
-0.5674701292799916,0.3907918547613688,1.0,0,,0.005000000000000782,-0.005000000000000782,-113.49402585598058
-0.88240307566552,0.4592057231104289,1.0,0,,9.999999999996123e-06,-6.0000000000004494e-05,-88240.30756658621
-0.5137758647999988,0.31630563908209697,1.0,0,,0.0004999999999997229,0.0,-1027.5517296005671
-0.9176887270079686,0.5510431621505928,1.0,0,,7.999999999999674e-05,-4.999999999999449e-05,-11471.109087600074
-0.6084788189598764,0.44806129227495606,1.0,0,,0.030000000000001137,-0.01999999999999602,-20.28262729866178
-0.13652373839984255,0.46147551420033794,1.0,0,,0.0050000000000003375,0.0,-27.304747679966667
-0.10164890505628871,0.4678574148112538,1.0,0,,6.000000000000796e-06,-6.999999999999194e-06,-16941.48417604587
0.01947510364803451,0.3744799383912955,1.0,0,,0.00030000000000002247,-9.999999999998899e-05,64.91701216011016
-0.42572158855992703,0.3324075333219829,1.0,0,,0.0005999999999999339,-0.00039999999999995595,-709.5359809332899
-0.9641281331279248,0.5127981393694927,1.0,0,,42.90000000000873,-8.30000000000291,-0.02247384925705661
-0.6276475516390911,0.38717069790700986,1.0,0,,0.00012000000000000899,0.0,-5230.396263658701
-0.9040407931919254,0.426123942354222,1.0,0,,9.000000000000674e-05,0.0,-10044.897702131753
-0.7767370433758531,0.3889204512968096,1.0,0,,0.0,-0.0011999999999999789,
-0.6480222007999612,0.4939628127261955,1.0,0,,0.6399999999998727,-2.150000000000091,-1.0125346887501407
-1.4796587423518732,0.44214624169329997,1.0,0,,0.0,-0.0007000000000000062,
-1.0556380469120081,0.3929254736914351,1.0,0,,0.005000000000000782,0.0,-211.12760938236863
-1.112164866240032,0.3953814483536534,1.0,0,,0.005999999999998451,0.0,-185.3608110400532
-0.9507656986799948,0.4592057231104289,1.0,0,,8.999999999999286e-05,0.0,-10564.063318667448
-0.2294637661999963,0.3914028760925318,1.0,0,,0.055999999999997385,-0.09199999999999875,-4.097567253571554
1.274469016420911,0.3136022566217387,1.0,0,,0.6899999999999977,0.0,1.847056545537558
-1.3146343654894252,0.5629856784619294,,0,,0.0,0.0,
-0.7097736659039791,0.5473914576855323,1.0,0,,0.2899999999999636,0.0,-2.4474953996692004
-0.9373156226399066,0.4939628127261955,1.0,0,,1.4100000000000819,-0.849999999999909,-0.6647628529360654
-1.2439827449277783,0.5127981393694927,1.0,0,,32.39999999999418,-3.400000000008731,-0.038394529164444496
-0.6496857838559638,0.353528227872974,1.0,0,,0.0033000000000000806,0.0,-196.87447995634784
-0.5680281542207333,0.4026505498835177,1.0,0,,0.0007000000000000339,-0.00029999999999996696,-811.4687917438654
-1.3130049402880117,0.5621094107557634,1.0,0,,0.00019999999999997797,0.0,-6565.024701440781
-0.6562434737855416,0.3853135356633671,,0,,0.0,0.0,
-0.7406331292798893,0.3887705853467974,,0,,0.0,0.0,
-0.46748524679991754,0.31630563908209697,,0,,0.0,0.0,
-0.19327715076795826,0.3744799383912955,1.0,0,,0.00019999999999997797,-9.999999999998899e-05,-966.3857538398977
-0.10483031759985395,0.44214624169329997,1.0,0,,0.00030000000000002247,0.0,-349.434391999487
-0.5344511602943133,0.426123942354222,1.0,0,,6.0000000000004494e-05,0.0,-8907.519338237887
-0.6722891360560348,0.3929254736914351,1.0,0,,0.006000000000000227,0.0,-112.04818934266822
-0.9065452639999243,0.402398433729561,1.0,0,,0.006000000000000227,0.0,-151.09087733331498
-0.8193532332959639,0.3674368458742616,1.0,0,,0.0,-0.0008000000000000229,
-1.0768545132798921,0.39353088203311254,1.0,0,,0.0,-0.03999999999999204,
-0.3712456641599309,0.46147551420033794,1.0,0,,0.0,-0.0030000000000001137,
-0.8677090813679904,0.4678574148112538,1.0,0,,1.0000000000001327e-06,-4.999999999999796e-06,-867709.0813678752
-0.5307007626719822,0.3324075333219829,1.0,0,,0.000300000000000189,-0.0004999999999999449,-1769.0025422388262
-0.4685259359087876,0.3200446891550922,1.0,0,,0.1599999999999966,-0.12999999999999545,-2.9282870994299848
-1.0147069717919428,0.3889204512968096,1.0,0,,0.0,-0.0006000000000000449,
-0.5312298193599483,0.34785130169838285,1.0,0,,0.0,-2.900000000000006e-09,
-0.6172722284479616,0.32325420142354533,1.0,0,,0.001100000000000101,0.0,-561.1565713162772
-0.8299738128639664,0.37364644431658744,1.0,0,,0.0006000000000000172,0.0,-1383.289688106571
-0.9672385085134831,0.3910560820894803,1.0,0,,0.0,-6.0000000000004494e-05,
-1.4764021848477498,0.5094190331015973,1.0,0,,30.0,-3.1999999999970896,-0.04921340616159166
-0.8411166616958977,0.3945662895116966,1.0,0,,0.010000000000005116,-0.09099999999999397,-84.11166616954674
-0.8273865443839832,0.3522812049210818,1.0,0,,9.999999999996123e-06,-6.0000000000004494e-05,-82738.6544384304
-1.6950419004958615,0.5500585982901843,1.0,0,,0.0011999999999999789,-0.0014000000000000123,-1412.5349170799095
-0.8422313961600516,0.3807815748470722,1.0,0,,0.0,-0.00019999999999997797,
-0.9398764768847474,0.4047274229904409,1.0,0,,9.999999999998899e-05,-0.0010999999999999899,-9398.764768848509
-0.605406553113528,0.3200446891550922,1.0,0,,0.3100000000000023,0.0,-1.952924364882334
-2.160837136799801,0.44012614356322355,1.0,0,,0.16999999999995907,-0.92999999999995,-12.710806687060714
-2.2344536447998458,0.5657934212737866,1.0,0,,0.0,-0.00039999999999995595,
-0.9686236967999082,0.39211366433496486,1.0,0,,0.0,-0.1000000000003638,
-1.3721077003999493,0.48699516185348046,1.0,0,,0.0,-1.5399999999999636,
-0.10980767425600452,0.44225929585735824,1.0,0,,0.0,-0.0005999999999999894,
-1.7807160810398375,0.3985240230677068,1.0,0,,0.01999999999999602,-0.09000000000000341,-89.03580405200958
-1.3038344222399998,0.46034344329032506,1.0,0,,0.0,-0.002000000000000224,
-1.353505115496939,0.47163967566603404,1.0,0,,0.0,-5.999999999999929e-06,
-1.6199025334237807,0.5670660901124936,,0,,0.0,0.0,
-0.33059067597116243,0.3761432451929705,1.0,0,,1.9999999999999185e-05,0.0,-16529.533798558794
-1.1260335778559578,0.4357436150965098,1.0,0,,0.0,-1.0000000000010001e-05,
-1.183068839311991,0.3958575337119573,1.0,0,,0.0,-0.011000000000001009,
4.663870463347313,0.5510431621505928,1.0,0,,0.0010499999999999954,0.0,4441.781393664127
-0.7980009794799509,0.36635835723609456,1.0,0,,0.00019999999999997797,0.0,-3990.004897400194
-1.247201582319971,0.402398433729561,1.0,0,,0.0,-0.008000000000000895,
-0.5825843540723041,0.3455107549784233,1.0,0,,2.1000000000003695e-09,-3.9999999999960654e-10,-277421120.9867627
0.014933485375063116,0.3574300822551766,1.0,0,,0.008099999999999996,0.0,1.8436401697608793
-0.5252501396160649,0.32325420142354533,1.0,0,,0.0004999999999997229,0.0,-1050.500279232712
-0.9810210119998908,0.44012614356322355,1.0,0,,0.35999999999989996,0.0,-2.7250583666671204
-0.5741044030079399,0.31659895843935504,1.0,0,,9.999999999998899e-05,-0.0004999999999999449,-5741.044030080031
-1.4668005001031255,0.3910560820894803,1.0,0,,2.0000000000020002e-05,-6.999999999998674e-05,-73340.02500508292
-1.024980334847899,0.37364644431658744,1.0,0,,0.0,-0.0012999999999999956,
-0.17665412391988278,0.44225929585735824,1.0,0,,0.00040000000000001146,0.0,-441.6353097996943
-0.46862213752795157,0.3200446891550922,1.0,0,,0.2300000000000182,-0.009999999999990905,-2.0374875544691933
-0.6520308335039805,0.3945662895116966,1.0,0,,0.0,-0.046999999999997044,
-0.39231782921516756,0.3522812049210818,1.0,0,,0.0,-3.999999999999837e-05,
-0.6522983433119707,0.3807815748470722,1.0,0,,0.0,-9.999999999998899e-05,
-0.5812499227727792,0.4047274229904409,1.0,0,,9.999999999998899e-05,-0.000500000000000056,-5812.499227728432
-1.0776933454318616,0.5094190331015973,1.0,0,,0.10000000000582077,-43.29999999998836,-10.776933453691315
-0.7706833190208714,0.5769980983644987,1.0,0,,0.00031999999999998696,0.0,-2408.3853719403214
-1.0240652762880025,0.5657934212737866,1.0,0,,0.0,-0.00040000000000001146,
-0.7406187307199075,0.39211366433496486,,0,,0.0,0.0,
-1.3004449306399182,0.48699516185348046,1.0,0,,0.6800000000000637,-0.30999999999994543,-1.9124190156467595
-0.26930687999999015,0.3761432451929705,,0,,0.0,0.0,
-0.602486758079924,0.31567860226222116,1.0,0,,0.0009000000000001229,-0.00019999999999997797,-669.4297311998241
-0.7135383475999643,0.3985240230677068,1.0,0,,0.030000000000001137,0.0,-23.784611586664575
-0.6236993447999648,0.46034344329032506,1.0,0,,0.0,-0.0019999999999997797,
-0.7756620305525688,0.47163967566603404,1.0,0,,2.0000000000002655e-06,-9.999999999992654e-07,-387831.0152762329
-0.8710134340119293,0.4357436150965098,1.0,0,,0.0,-1.9999999999992246e-05,
-0.6676873323358652,0.3958575337119573,1.0,0,,0.005000000000000782,-0.0009999999999994458,-133.53746646715217
-0.187000853599944,0.36635835723609456,1.0,0,,0.0006000000000000449,-0.0004999999999999449,-311.66808933321664
-0.4320015683198052,0.40837675605882007,1.0,0,,0.005000000000000782,-0.0030000000000001137,-86.40031366394753
-0.5958444882079261,0.32194108851124403,1.0,0,,0.000700000000000145,0.0,-851.2064117254325
-0.25906000745209956,0.33128796086453355,1.0,0,,2.499999999999976e-09,-6.999999999998408e-10,-103624002.98084082
-0.23496047265594472,0.5735031840316455,1.0,0,,2.9999999999998778e-05,0.0,-7832.015755198477
-0.6363217885990816,0.3954293572631999,1.0,0,,9.999999999998899e-05,0.0,-6363.217885991517
-0.7031957061599994,0.40241782277941374,1.0,0,,0.04600000000000648,0.0,-15.286863177389137
-0.7243349011006994,0.40334708479563425,1.0,0,,48.39999999999418,-2.0,-0.01496559713018154
-0.517183901632783,0.4116030889814509,1.0,0,,0.0007000000000000339,0.0,-738.8341451896542
-0.9859982090239332,0.32216906213771335,1.0,0,,0.2599999999999909,0.0,-3.7923008039383372
-0.8461124503678215,0.380596236046613,1.0,0,,9.999999999998899e-05,0.0,-8461.124503679146
-0.6125344781999676,0.44944332682295474,1.0,0,,0.14999999999997726,-0.03999999999996362,-4.0835631880004035
-0.4132606280400065,0.35787714752429406,1.0,0,,4.999999999999449e-05,-1.0000000000010001e-05,-8265.212560801041
-0.9459632410397798,0.45687964997974667,1.0,0,,0.0005999999999999894,0.0,-1576.605401732994
-0.7326502477439095,0.38459408371370735,1.0,0,,1.4400000000000546,0.0,-0.5087848942665846
-1.3358145988440184,0.5769980983644987,1.0,0,,0.00025999999999998247,-7.00000000000145e-05,-5137.748457092725
-0.7677314321599116,0.4037256882217948,1.0,0,,0.09000000000000341,0.0,-8.530349246220917
-0.7998511617599453,0.46404397978686596,1.0,0,,0.0019999999999997797,0.0,-399.9255808800167
-0.9675426705472439,0.47178507357162747,1.0,0,,5.999999999999929e-06,0.0,-161257.1117578759
-0.9251472379783395,0.4406085098207363,1.0,0,,3.999999999999837e-05,-2.0000000000006124e-05,-23128.68094945943
-0.8503816225279605,0.3869468215053786,1.0,0,,9.999999999998899e-05,0.0,-8503.816225280541
1.178001776640056,0.33942291799318797,1.0,0,,0.0010000000000000009,0.0,1178.001776640055
-0.9566356939198526,0.39667062609210285,1.0,0,,0.1000000000003638,0.0,-9.566356939163724
-0.4076244403199952,0.31567860226222116,1.0,0,,0.0007999999999999119,-0.0004999999999999449,-509.53055040005006
-0.5301182574985579,0.33128796086453355,1.0,0,,2.699999999999991e-09,-4.0000000000003005e-10,-196340095.3698369
-1.0566593118975898,0.3954293572631999,1.0,0,,6.999999999998674e-05,0.0,-15095.133027111286
-0.7171748190720681,0.40241782277941374,1.0,0,,0.04899999999999238,-0.0040000000000048885,-14.63622079739142
-1.0713313495040129,0.38459408371370735,1.0,0,,1.1900000000000546,-0.15999999999985448,-0.900278444961314
-2.462457271503836,0.5769980983644987,1.0,0,,0.0,-0.0005600000000000049,
-0.026978374768695468,0.5735031840316455,1.0,0,,4.000000000000184e-05,0.0,-674.4593692173556
-0.7403243045118817,0.3954736322793632,1.0,0,,0.0009999999999994458,-0.0010000000000012221,-740.324304512292
-0.6172151950719771,0.32194108851124403,1.0,0,,0.0,-0.0009999999999998899,
-0.7029736884798783,0.40837675605882007,1.0,0,,0.0,-0.0030000000000001137,
-0.782869920399989,0.36400251031560693,1.0,0,,0.0,-0.0010000000000000009,
-0.433393862976013,0.380596236046613,1.0,0,,0.0012999999999998568,0.0,-333.3798945969698
-1.1010735893167722,0.40334708479563425,1.0,0,,12.299999999988358,-12.0,-0.08951817799331824
-1.208800979279928,0.4116030889814509,1.0,0,,0.000200000000000089,-0.00029999999999996696,-6044.00489639695
-0.9289335433223467,0.35787714752429406,1.0,0,,9.999999999996123e-06,-4.999999999999449e-05,-92893.35433227068
-1.6177899709439232,0.32216906213771335,1.0,0,,0.0,-0.5900000000000034,
-0.9490387981601184,0.45687964997974667,,0,,0.0,0.0,
-0.9559650023999791,0.44944332682295474,1.0,0,,0.0,-0.10999999999989996,
-1.5723892428383794,0.5835519096909262,1.0,0,,0.00018999999999999573,-3.999999999998449e-05,-8275.732857044288
-0.06427680943190861,0.3776967845611001,1.0,0,,0.0009000000000000119,-0.0005999999999999894,-71.41867714656418
-0.9355522321598824,0.4037256882217948,1.0,0,,0.01999999999999602,0.0,-46.777611608003426
-0.4147463180799792,0.3869468215053786,1.0,0,,0.00019999999999997797,0.0,-2073.7315904001243
-0.42510287041585193,0.3300027664469708,1.0,0,,0.000600000000000156,-0.00029999999999996696,-708.5047840262357
-0.4303853864799911,0.40510580143369124,1.0,0,,0.006999999999999673,0.0,-61.483626640001596
-0.4964596261632428,0.38781452050205706,1.0,0,,28.5,0.0,-0.017419636005727816
-2.086797610815818,0.539645543484501,1.0,0,,0.0008000000000000229,-9.999999999998899e-05,-2608.497013519698
-0.9960576341905869,0.4749702796038592,1.0,0,,1.0000000000001327e-06,-2.999999999999531e-06,-996057.6341904547
-1.1383777649247242,0.44315314012022833,,0,,0.0,0.0,
-0.5294235525298772,0.35711618416326113,1.0,0,,0.0,-1.8000000000001352e-09,
-0.9677587718399622,0.46677074509853234,,0,,0.0,0.0,
-0.7406331292798893,0.40163788568816894,,0,,0.0,0.0,
-0.5869937408159935,0.39945741785806343,1.0,0,,3.0000000000002247e-05,0.0,-19566.458027198318
-1.551354228039974,0.3369450762311711,1.0,0,,0.00020000000000000573,-0.0005000000000000004,-7756.771140199648
-0.4774567008959473,0.33075958953776546,1.0,0,,0.3100000000000023,0.0,-1.5401829061159475
-0.906249646599981,0.5122681336112309,1.0,0,,0.03100000000000591,-0.03300000000000125,-29.233859567735745
-0.713848334759948,0.39390478825823483,1.0,0,,0.0009999999999994458,-0.0009999999999994458,-713.8483347603436
-0.46395513777594916,0.32403550117720437,1.0,0,,0.00019999999999997797,-0.000500000000000167,-2319.7756888800013
-0.8857875953999875,0.3652302579857556,1.0,0,,0.0,-0.0008000000000000229,
-0.8830554719839863,0.3804086802305591,1.0,0,,0.9100000000000819,-0.14000000000010004,-0.9703906285537438
-1.2766911635999243,0.39098790563562735,1.0,0,,0.0,-0.0005999999999999339,
-0.9044855820000206,0.3369450762311711,1.0,0,,0.0005000000000000004,0.0,-1808.9711640000396
-0.9276369244406679,0.35730686248801824,1.0,0,,3.0000000000002247e-05,-8.000000000001062e-05,-30921.230814686616
-1.1072666010239312,0.45415499395842196,1.0,0,,0.00020000000000003348,0.0,-5536.333005118729
-0.6171011283200081,0.32403550117720437,1.0,0,,0.0004999999999997229,0.0,-1234.2022566407002
-1.244378471999887,0.42888593536384123,1.0,0,,0.05999999999994543,-0.37000000000000455,-20.73964120001698
-1.27043063683197,0.6193395178272397,1.0,0,,0.00019999999999997797,-0.00040000000000006697,-6352.153184160549
-0.837553352443104,0.37811522591322766,,0,,0.0,0.0,
-0.796128322752036,0.3300027664469708,1.0,0,,0.00029999999999996696,-0.0012000000000000899,-2653.7610758404126
-0.858522788999887,0.39098790563562735,1.0,0,,0.0014000000000000679,0.0,-613.2305635713182
-1.2721487430400122,0.40281958048434197,1.0,0,,0.0,-0.10999999999999943,
-1.5169757491438118,0.3916312295427403,1.0,0,,0.0,-0.00029999999999996696,
-0.8617209998518952,0.44315314012022833,1.0,0,,0.0,-6.0000000000004494e-05,
-1.0380195515759891,0.5775957969246531,1.0,0,,0.0,-2.9999999999998778e-05,
-1.252724903760762,0.4749702796038592,1.0,0,,0.0,-9.999999999999593e-06,
-0.6380151630428048,0.35711618416326113,1.0,0,,1.0000000000000751e-09,-4.700000000000141e-09,-638015163.0427569
0.10321569196801972,0.364668938284373,1.0,0,,0.0006999999999999784,-0.00020000000000000573,147.450988525747
-1.0020774355200115,0.46677074509853234,1.0,0,,0.0,-0.004999999999999893,
-0.7022382167999717,0.40510580143369124,1.0,0,,0.0,-0.009999999999999787,
-0.9446290931998209,0.40163788568816894,1.0,0,,0.0,-0.1000000000003638,
-1.6840270646423776,0.5835519096909262,1.0,0,,9.000000000000674e-05,-7.999999999999674e-05,-18711.41182935835
-1.076528199999968,0.5122681336112309,1.0,0,,0.0,-0.1110000000000042,
-0.848443677059947,0.38781452050205706,1.0,0,,2.400000000008731,-38.89999999999418,-0.35351819877369184
-0.7358334102559412,0.39390478825823483,1.0,0,,0.0,-0.004000000000001336,
-0.6597070022399054,0.3652302579857556,1.0,0,,0.0,-0.0006999999999999229,
-0.8432841808327397,0.33075958953776546,1.0,0,,0.09000000000000341,-0.20000000000001705,-9.36982423147453
-0.42118780838400854,0.39612865572784617,1.0,0,,0.00019999999999997797,0.0,-2105.9390419202746
-0.6173292618239461,0.3252107169365588,1.0,0,,0.000700000000000145,0.0,-881.8989454625976
-0.6502615590239555,0.3804086802305591,1.0,0,,0.2300000000000182,-1.2699999999999818,-2.8272241696691482
-0.5873918609914506,0.47552247550742444,1.0,0,,7.999999999999327e-06,0.0,-73423.9826239375
-2.8641436729752634,0.5758534435792493,1.0,0,,0.0013199999999999878,-0.00012000000000000899,-2169.805812860068
-0.8398117702399432,0.44806129227495606,1.0,0,,0.030000000000001137,-0.03999999999999915,-27.993725674663715
-0.24882312381595373,0.41599309525589845,1.0,0,,0.0006000000000000449,-0.0006000000000000449,-414.7052063598918
-0.4457173334399961,0.39945741785806343,1.0,0,,7.999999999999674e-05,-0.00014999999999998348,-5571.466668000178
-0.5594432799200123,0.35730686248801824,1.0,0,,2.999999999998837e-05,-2.0000000000006124e-05,-18648.109330674306
-0.2999901270320029,0.45415499395842196,1.0,0,,0.0005000000000000004,-0.0001000000000000445,-599.9802540640053
-0.302324487728004,0.3369450762311711,1.0,0,,9.999999999998899e-05,-0.00040000000000001146,-3023.244877280373
-0.44403883948797435,0.42888593536384123,1.0,0,,0.4700000000000273,0.0,-0.944763488272231
-0.42698792600004776,0.4143528370585329,1.0,0,,0.0,-0.0008799999999999919,
-0.5334860635999872,0.3052173919479338,1.0,0,,0.0011999999999998678,-0.0018000000000000238,-444.57171966670495
-0.3502655027999572,0.3390280505879876,1.0,0,,0.000700000000000145,-0.00039999999999995595,-500.379289714121
-0.3461103508799649,0.4037953243725383,1.0,0,,0.15000000000000568,0.0,-2.3074023391996783
-0.2909465277599784,0.4422938058121268,1.0,0,,7.999999999999674e-05,-1.0000000000010001e-05,-3636.8315969998785
-0.29358529439994047,0.4144057119633419,1.0,0,,0.012000000000000455,0.0,-24.46544119999411
-0.40261796871289746,0.3771832342890191,1.0,0,,2.8000000000002104e-09,0.0,-143792131.68316686
-0.11980008431996725,0.4634144417484197,1.0,0,,0.0040000000000000036,-0.0009999999999998899,-29.950021079991785
-1.5631564263998126,0.5133133139934194,1.0,0,,0.09499999999999886,-0.0350000000000108,-16.454278172629802
-1.0679874131302958,0.3952004419875029,1.0,0,,59.40000000000873,-10.89999999999418,-0.017979586079631966
-1.061761380287964,0.39900636339509815,1.0,0,,0.0070000000000014495,0.0,-151.68019718396343
-0.7454636959423735,0.3225360891580597,1.0,0,,0.2400000000000091,0.0,-3.106098733093105
-0.7713727842559409,0.34002028009782753,1.0,0,,0.0007000000000000339,0.0,-1101.9611203655766
-1.1795931671680264,0.3903287998630278,1.0,0,,1.449999999999818,0.0,-0.8135125290814996
1.2811399711440445,0.32599223277272094,1.0,0,,0.0010999999999999899,0.0,1164.6727010400512
-3.7261572587519143,0.3670503899434011,1.0,0,,0.0,-0.0015000000000000013,
-5.25875244360006,0.6132608606134201,1.0,0,,0.0,-0.0014000000000000679,
-2.2816499928318508,0.3963743443239256,1.0,0,,0.0,-0.0033999999999998476,
-1.1876232621598852,0.40488557738999836,1.0,0,,0.0,-0.1000000000003638,
-1.0564847938559923,0.39612865572784617,1.0,0,,0.00040000000000001146,0.0,-2641.211984639905
-1.0202347713597586,0.4037953243725383,1.0,0,,0.09999999999999432,-0.010000000000005116,-10.202347713598165
-1.0690847532288459,0.40284994450356915,1.0,0,,9.000000000000674e-05,0.0,-11878.71948031962
-0.6179649767999477,0.3390280505879876,1.0,0,,0.0005999999999999339,-9.999999999998899e-05,-1029.9416280000262
-0.5473802072400707,0.4422938058121268,1.0,0,,6.999999999998674e-05,0.0,-7819.717246288206
-1.2859681349025944,0.47552247550742444,1.0,0,,3.9999999999996635e-06,-2.0000000000002655e-06,-321492.03372567566
-1.054381491071993,0.3421114382647107,1.0,0,,0.0008000000000000229,-0.00019999999999997797,-1317.9768638399537
-0.6855546561671427,0.4143528370585329,1.0,0,,0.0009399999999999964,-0.0013099999999999778,-729.3134640076014
-0.8719074220079195,0.3952004419875029,1.0,0,,25.29999999998836,-13.700000000011642,-0.03446274395289805
-1.3340654377391825,0.5758534435792493,1.0,0,,0.0003599999999999992,0.0,-3705.737327053293
-0.866066963840054,0.39900636339509815,1.0,0,,0.008000000000000895,0.0,-108.25837047999464
-0.628812534911946,0.34002028009782753,1.0,0,,0.0006999999999999229,0.0,-898.3036213028789
-0.5045283849598797,0.43236316278232434,1.0,0,,0.2400000000000091,-0.21000000000003638,-2.1022016039994194
-0.5671699825279644,0.4190964528507262,1.0,0,,9.999999999998899e-05,-0.000500000000000056,-5671.699825280268
-0.40788599039996964,0.347591064896076,1.0,0,,0.01999999999999602,-0.020000000000003126,-20.39429952000254
-0.2940098464238283,0.46078942370213616,1.0,0,,0.0001000000000000445,-0.00039999999999995595,-2940.098464236975
-0.4777854966719389,0.3252107169365588,,0,,0.0,0.0,
-0.7523915392800105,0.4144057119633419,1.0,0,,0.0019999999999988916,-0.004000000000001336,-376.1957696402137
-0.38172920558936685,0.3771832342890191,1.0,0,,1.4000000000001052e-09,-1.4000000000001052e-09,-272663718.2780987
-0.7496237548799215,0.4634144417484197,1.0,0,,0.0,-0.0030000000000001137,
-0.46499715181914897,0.35600173763405274,1.0,0,,0.0,-7.999999999999674e-05,
-0.7921916820000223,0.5133133139934194,1.0,0,,0.04999999999999716,-0.04599999999999227,-15.843833640001348
0.05968250326402064,0.3225360891580597,1.0,0,,0.22999999999998977,-0.020000000000010232,0.2594891446261882
-0.7347224371839947,0.3903287998630278,1.0,0,,1.0900000000001455,-0.2799999999999727,-0.6740572818200886
-0.6416575837839122,0.39612865572784617,1.0,0,,0.00030000000000002247,0.0,-2138.8586126128807
-0.8693572706559843,0.3963743443239256,1.0,0,,0.0010999999999998789,0.0,-790.3247915055274
-0.872415198968802,0.40284994450356915,1.0,0,,7.999999999999674e-05,0.0,-10905.18998711047
-0.6341674767040012,0.3390280505879876,1.0,0,,0.000600000000000156,0.0,-1056.945794506394
-0.7272281279999054,0.3052173919479338,1.0,0,,0.0023999999999999577,0.0,-303.0117199999659
-1.1670889151687471,0.47552247550742444,1.0,0,,5.999999999999929e-06,0.0,-194514.8191947935
-0.9788919130799438,0.42475357261636304,1.0,0,,0.0008400000000000074,-0.0006799999999999584,-1165.3475155713513
-2.493556017447906,0.3670503899434011,1.0,0,,0.00010000000000001674,-0.0013999999999999846,-24935.560174474886
-2.446720722879875,0.4037953243725383,1.0,0,,0.04999999999999716,-0.23999999999999488,-48.93441445760028
-0.9686236967999082,0.40488557738999836,1.0,0,,0.1000000000003638,0.0,-9.686236967963843
-1.624170067900773,0.4422938058121268,1.0,0,,0.0,-0.00012999999999999123,
-0.06799375525593765,0.3421114382647107,1.0,0,,0.00040000000000001146,-9.999999999998899e-05,-169.98438813983924
-1.6530565679998381,0.4064316735448572,1.0,0,,0.0009999999999998899,-0.004999999999999893,-1653.0565680000202
-1.0596606463999492,0.36341975145739736,1.0,0,,0.0,-0.0799999999999983,
-2.5669489333999227,0.5262534823565314,1.0,0,,0.03300000000000125,-0.17199999999999704,-77.78633131514623
-1.1326422089038846,0.41593589159133626,1.0,0,,0.0,-0.014000000000001123,
-0.7860905231040265,0.3502782742147162,1.0,0,,0.0009000000000000119,-0.00029999999999996696,-873.4339145600179
-2.040728489279826,0.43060083246703823,1.0,0,,0.0,-0.017999999999998906,
-0.9384990803519906,0.44802290789219257,1.0,0,,0.0009000000000000119,-0.0005999999999999894,-1042.7767559466424
-1.0813129958398684,0.4068995838999332,1.0,0,,0.0012000000000000899,0.0,-901.0941631998228
-0.7274181039999639,0.3056397495067704,1.0,0,,0.00529999999999986,0.0,-137.24869886792132
-1.0694453466000036,0.42475357261636304,1.0,0,,0.0009600000000000164,0.0,-1114.0055693749846
-1.387917049569662,0.41540815170245965,1.0,0,,22.59999999999127,-82.0,-0.061412258830539745
-1.5592335338000285,0.44592587535504363,1.0,0,,0.05999999999994543,-0.4800000000000182,-25.987225563357445
-1.3763314681559369,0.4289742346290193,1.0,0,,0.0,-0.0020000000000000018,
-1.8495408976989411,0.5719704473567484,1.0,0,,0.00014000000000000123,-0.0007099999999999884,-13211.006412135177
-2.225803669559848,0.4668696531694325,1.0,0,,0.0,-0.0008000000000000229,
-1.0189250628637025,0.3980786776407862,1.0,0,,2.0000000000001503e-10,-7.4000000000001324e-09,-5094625314.31813
-1.52356746463999,0.4810994712161877,1.0,0,,0.0009999999999998899,-0.004999999999999893,-1523.5674646401578
-0.7564737933438982,0.325390272792922,,0,,0.0,0.0,
-0.7475486824246855,0.36636219219660915,1.0,0,,1.9999999999992246e-05,-0.00014999999999999736,-37377.43412124877
-0.8965541896959104,0.4068683930849494,1.0,0,,0.849999999999909,-3.2200000000000273,-1.0547696349364781
-0.8003010254799203,0.40872006922003895,1.0,0,,0.0,-0.0006000000000000449,
-0.4086460863999545,0.36341975145739736,1.0,0,,0.03999999999999915,0.0,-10.21615215999908
-0.9349445615997987,0.41664525361424015,1.0,0,,0.10999999999999943,0.0,-8.499496014543668
-1.101023987148765,0.42062503991492356,1.0,0,,0.0,-0.00018999999999999573,
-0.5649612820798721,0.3540062527123996,1.0,0,,0.0,-0.0023999999999999577,
-1.6538245471254096,0.4839024792054439,1.0,0,,0.0,-8.000000000000194e-06,
-0.288248396705655,0.3578186690999995,1.0,0,,4.999999999999449e-05,0.0,-5764.967934113735
-1.0831725435328212,0.4606078911863242,1.0,0,,9.999999999996123e-06,-1.0000000000010001e-05,-108317.25435332411
-1.8209043025919978,0.36257183447050056,1.0,0,,0.0,-0.0006000000000000172,
-1.7178969381998934,0.5262534823565314,1.0,0,,0.03300000000000125,-0.07200000000000273,-52.05748297575237
-0.8432941995679295,0.37924065128925766,1.0,0,,9.999999999998899e-05,-0.0013999999999999846,-8432.941995680223
-0.9566170960798767,0.4097653840235107,,0,,0.0,0.0,
-1.504507978247851,0.41593589159133626,1.0,0,,0.0,-0.006000000000000227,
-0.7026745655440156,0.3502782742147162,1.0,0,,0.0,-0.000300000000000078,
-1.5371172719999369,0.43060083246703823,1.0,0,,0.0,-0.011000000000001009,
-1.9095493305278883,0.4064316735448572,1.0,0,,0.0,-0.0040000000000000036,
-1.6758983578558628,0.6352222383534126,1.0,0,,0.0008000000000000229,-0.00029999999999996696,-2094.8729473197686
-0.7963607308798039,0.4668696531694325,1.0,0,,0.00030000000000002247,0.0,-2654.5357695991474
-0.8060195104000154,0.4408554228574355,1.0,0,,0.06400000000000006,0.0,-12.59405485000023
-1.8102056849998682,0.44592587535504363,1.0,0,,0.0,-0.5799999999999272,
-1.4412225353231871,0.4289742346290193,1.0,0,,0.0,-0.0011999999999999789,
-2.028726501120001,0.5719704473567484,1.0,0,,5.999999999997674e-05,-0.0005200000000000204,-33812.10835201312
-0.18496315861365917,0.3980786776407862,1.0,0,,3.199999999999817e-09,-4.100000000000096e-09,-57800987.0667718
-1.586389879919956,0.4810994712161877,1.0,0,,0.0,-0.004999999999999893,
-0.6723314916319086,0.325390272792922,1.0,0,,0.00019999999999997797,-9.999999999976694e-05,-3361.6574581599134
-0.7996811813999526,0.36636219219660915,1.0,0,,9.999999999996123e-06,-0.00010000000000000286,-79968.11814002626
-1.7352756781359013,0.4068995838999332,1.0,0,,0.0,-0.0040000000000000036,
-0.3934400515999127,0.3056397495067704,1.0,0,,9.999999999998899e-05,-0.0039000000000000146,-3934.4005159995604
-0.5436223834879126,0.4068683930849494,1.0,0,,0.2899999999999636,-2.7999999999999545,-1.8745599430620028
-1.0549252906606315,0.42475357261636304,1.0,0,,0.00032000000000004247,-0.00046999999999997044,-3296.6415333140358
-0.19445193137759498,0.41347138026698127,1.0,0,,6.999999999998674e-05,-0.00010999999999999899,-2777.884733966169
-0.2092727858879655,0.3420164787882576,1.0,0,,0.0006999999999999229,-0.001000000000000112,-298.9611226971265
-0.36214140758841173,0.48885634806464895,1.0,0,,3.9999999999996635e-06,-5.999999999999929e-06,-90535.35189711055
-0.900032989067933,0.4428279809266594,1.0,0,,5.000000000000837e-05,-9.999999999996123e-06,-18000.659781355647
-0.6105945366320167,0.39218903877979494,1.0,0,,0.004999999999999005,0.0,-122.11890732642763
-0.0918373129599756,0.40609215658460873,1.0,0,,0.006000000000000227,-0.005999999999998451,-15.30621882666202
-0.64692731831998,0.3582509117842961,1.0,0,,0.0010000000000000009,-0.00020000000000000573,-646.9273183199793
0.24608373552005924,0.40872006922003895,1.0,0,,9.999999999998899e-05,-0.00040000000000001146,2460.8373552008634
-0.41964056479991474,0.34238538915700645,1.0,0,,0.0,-0.060000000000002274,
-0.55191121390242,0.40600353728919625,1.0,0,,7.80000000000291,-61.19999999999709,-0.0707578479361813
-0.516400318559884,0.40408598005011337,1.0,0,,0.0,-0.09999999999999432,
-1.4244454879617072,0.41065977411192817,1.0,0,,0.0,-0.0008000000000000229,
-0.8259662875280207,0.3692753373136173,1.0,0,,0.00020000000000000573,0.0,-4129.831437639985
-0.5309706715200115,0.40157042934156284,1.0,0,,0.04799999999998761,-0.07000000000000739,-11.061888990003096
-0.7717102668800118,0.3417553755413284,1.0,0,,0.0,-0.0005999999999999339,
-1.1726154614398459,0.41240858903473293,,0,,0.0,0.0,
-0.8570808804158903,0.39177573173816005,1.0,0,,0.0019999999999997797,0.0,-428.54044020799233
-0.9457096315918487,0.4554854343368151,1.0,0,,0.00029999999999996696,0.0,-3152.365438639843
-0.044887284800058325,0.4408554228574355,1.0,0,,0.03999999999999915,-0.017000000000001236,-1.122182120001482
-0.9561820275999237,0.44161237361371236,1.0,0,,0.4899999999998954,0.0,-1.9513918930614853
-1.0863563386271906,0.4135142962367865,1.0,0,,0.0010000000000000009,0.0,-1086.3563386271896
-0.9464965029599168,0.45301080810239447,1.0,0,,0.0040000000000000036,0.0,-236.624125739979
-0.7250781404863116,0.33639254149555464,1.0,0,,6.0000000000004494e-05,0.0,-12084.635674770954
-1.2242768577839178,0.31054282655429133,1.0,0,,0.0,-0.00670000000000015,
-11.765757321504,0.5589137379498883,1.0,0,,0.0005999999999999894,-0.0024000000000000132,-19609.595535840344
-0.38499360600802424,0.6124819002026057,1.0,0,,0.00029999999999996696,-0.0004999999999999449,-1283.3120200268888
1.7775682776864876,0.5636819262834257,1.0,0,,0.00034000000000000696,0.0,5228.141993195445
-0.7776452462479044,0.4212801432403924,1.0,0,,0.0,-0.0033000000000000806,
-0.980845902176031,0.3840117250897137,1.0,0,,0.7999999999999545,-1.0900000000001455,-1.2260573777201085
-0.04991245529605692,0.42306271883986446,1.0,0,,0.00041999999999997595,-0.0009200000000000319,-118.83917927633281
-0.8348090467828863,0.48885634806464895,1.0,0,,3.9999999999996635e-06,-3.000000000000398e-06,-208702.26169573911
-0.5841895295200794,0.33520858183655894,1.0,0,,1.9000000000003545e-09,-1.3999999999996817e-09,-307468173.4315634
-1.0874914659936024,0.41347138026698127,1.0,0,,7.999999999999674e-05,0.0,-13593.643324920584
-0.3152608312320047,0.3420164787882576,1.0,0,,0.0005999999999999339,-0.00029999999999996696,-525.4347187200657
-0.7608297567519655,0.3792543128034913,1.0,0,,0.00019999999999997797,0.0,-3804.1487837602467
-0.49934854079990487,0.34238538915700645,1.0,0,,0.020000000000003126,0.0,-24.96742703999134
-1.1570834515895991,0.4428279809266594,1.0,0,,3.999999999999837e-05,0.0,-28927.086289741157
-0.6004950846927108,0.40600353728919625,1.0,0,,29.89999999999418,-8.10000000000582,-0.020083447648589558
-0.598261240639941,0.40408598005011337,1.0,0,,0.09000000000000341,0.0,-6.647347118221315
-0.358559168519921,0.39218903877979494,1.0,0,,0.006000000000000227,-0.002000000000000668,-59.75986141998457
-0.29519806399995807,0.40609215658460873,1.0,0,,0.006999999999999673,-0.0030000000000001137,-42.17115199999598
-0.30724606295992196,0.40157042934156284,1.0,0,,0.05500000000000682,-0.06199999999999761,-5.58629205381607
-0.9444415843519207,0.4554854343368151,1.0,0,,0.0005000000000000004,0.0,-1888.8831687038398
-0.5359479483998053,0.44161237361371236,1.0,0,,0.36000000000001364,-0.19000000000005457,-1.488744301110514
-0.6289960762240275,0.3417553755413284,1.0,0,,0.0006000000000000449,0.0,-1048.3267937066341
-0.4322620631327666,0.4135142962367865,1.0,0,,0.0010000000000000009,0.0,-432.26206313276623
-0.6234315500959923,0.33639254149555464,1.0,0,,4.999999999999449e-05,0.0,-12468.631001921218
-0.1261847651998959,0.45301080810239447,1.0,0,,0.004999999999999893,0.0,-25.23695303997972
-2.1113935331999385,0.31054282655429133,1.0,0,,0.0,-0.007399999999999851,
-0.8868210217087148,0.41347138026698127,1.0,0,,7.00000000000145e-05,0.0,-12668.871738693302
-0.8533753301439351,0.3898433705867787,1.0,0,,0.00020000000000003348,0.0,-4266.876650718961
0.962816726592053,0.3582509117842961,1.0,0,,0.0002999999999999947,-0.0009000000000000119,3209.3890886402332
-0.6071872409919938,0.39177573173816005,1.0,0,,0.0,-0.0040000000000000036,
-0.0551995432870217,0.41065977411192817,1.0,0,,0.0009000000000000119,-0.00029999999999996696,-61.332825874467744
-1.7231848303999597,0.4408554228574355,1.0,0,,0.006000000000000227,-0.06700000000000017,-287.19747173331575
-0.08963051098405239,0.3692753373136173,1.0,0,,0.0002999999999999947,0.0,-298.7683699468466
-0.9566356939198526,0.41240858903473293,1.0,0,,0.1000000000003638,0.0,-9.566356939163724
-0.9423237284361041,0.4536912000425612,1.0,0,,0.00014000000000000123,0.0,-6730.883774543541
-0.6101684858878912,0.41164919309003056,1.0,0,,0.0,-0.005300000000000082,
-0.823736194772658,0.38189504029285587,1.0,0,,7.999999999999754e-09,0.0,-102967024.34658542
-0.8145778376959326,0.3744113473771399,1.0,0,,3.0699999999999363,0.0,-0.26533480055242653
-0.9332083599999123,0.4099164446425394,1.0,0,,0.0799999999999983,0.0,-11.665104499999153
-0.8651852214559006,0.396388064851522,1.0,0,,0.009999999999999787,0.0,-86.5185221455919
-0.9226322385335901,0.39756703624393847,1.0,0,,70.0,0.0,-0.01318046055047986
-0.9162927338326696,0.43523405681275307,1.0,0,,0.0002700000000000202,0.0,-3393.676791972596
-0.7008508780800197,0.3996062718866291,1.0,0,,0.019000000000000128,0.0,-36.886888320000786
-0.8064618559999914,0.3510748110095716,1.0,0,,0.07000000000000028,0.0,-11.520883657142688
-1.1235435033599557,0.4290546979139732,1.0,0,,0.42000000000007276,0.0,-2.6751035794280025
-1.184227444818518,0.4854324065380248,1.0,0,,3.9999999999996635e-06,-1.0000000000001327e-06,-296056.8612046544
-2.069554291430388,0.7076380596025326,1.0,0,,8.99999999999998e-05,0.0,-22995.047682559918
-1.132280706207968,0.3975836006273634,1.0,0,,0.08400000000000318,-0.060000000000002274,-13.479532216761013
-0.9459880439199821,0.4476652075021804,1.0,0,,0.0009999999999998899,-0.006000000000000227,-945.9880439200863
-0.8535563911680304,0.38889388639952355,1.0,0,,0.0030000000000001137,-0.0029999999999996696,-284.51879705599936
-1.4387157895679448,0.47694536609005644,1.0,0,,0.0,-0.0009000000000000119,
0.9753558701633326,0.4246676156089811,1.0,0,,0.00021000000000004349,-0.0014899999999999913,4644.5517626815745
-0.3781557650638577,0.3524980196195079,1.0,0,,0.00019999999999997797,-0.0015000000000000568,-1890.7788253194967
-0.7961429628320269,0.3310901384210301,1.0,0,,9.999999999998899e-05,-0.0010000000000000009,-7961.429628321146
-1.3290102776136274,0.4115508464066841,1.0,0,,9.999999999998899e-05,-0.0016999999999999238,-13290.102776137737
-0.4936250381759784,0.3285335508656734,1.0,0,,1.9999999999992246e-05,-9.000000000000674e-05,-24681.25190880849
-0.04616298933592944,0.3746731305169635,1.0,0,,0.0,-0.0007999999999999952,
-0.9950207360255577,0.5284676959091918,1.0,0,,3.0000000000002247e-05,-0.00012000000000000899,-33167.357867516104
-1.2526534099199533,0.4462240960321695,1.0,0,,0.03500000000000014,-0.038000000000000256,-35.790097426284234
-1.0766556046800158,0.3898433705867787,1.0,0,,0.0,-0.0005000000000000004,
-0.9435949380431876,0.4536912000425612,1.0,0,,6.0000000000004494e-05,-1.9999999999992246e-05,-15726.582300718615
-1.0845503505310221,0.4113247530686871,1.0,0,,0.0,-0.0007000000000000339,
-1.2265794076494554,0.38189504029285587,1.0,0,,0.0,-5.199999999999967e-09,
-1.2620035368079119,0.3744113473771399,1.0,0,,0.06999999999993634,-2.730000000000018,-18.028621954415136
-1.0570427437753205,0.39756703624393847,1.0,0,,48.40000000000873,-1.8999999999941792,-0.0218397261110564
-0.9167488587960188,0.43523405681275307,1.0,0,,0.00023000000000000798,0.0,-3985.8646034608128
-1.111001919359826,0.3996062718866291,1.0,0,,0.0039999999999995595,0.0,-277.75047983998707
-0.7164074783999743,0.3510748110095716,1.0,0,,0.030000000000001137,0.0,-23.88024927999824
-0.9442573330559318,0.4290546979139732,1.0,0,,0.2400000000000091,0.0,-3.934405554399567
-0.9443406192640384,0.3975836006273634,1.0,0,,0.04000000000000625,-0.003999999999990678,-23.60851548159727
-0.34566881169585023,0.41164919309003056,1.0,0,,0.0015000000000000568,-0.00019999999999997797,-230.4458744638914
-1.2396164601598878,0.38889388639952355,1.0,0,,0.0019999999999997797,-0.0009999999999998899,-619.8082300800122
-0.5804524242592036,0.4246676156089811,1.0,0,,0.0005599999999999494,-0.00018000000000001348,-1036.522186177243
-1.2414783293919633,0.3637957968382613,1.0,0,,0.00020000000000000573,-0.0007000000000000062,-6207.391646959639
-2.125137542079915,0.4099164446425394,1.0,0,,0.0,-0.14000000000000057,
-1.5361153988800558,0.396388064851522,1.0,0,,0.002000000000000668,-0.0039999999999995595,-768.0576994397713
-2.632705555667619,0.4854324065380248,1.0,0,,9.999999999992654e-07,-7.000000000000062e-06,-2632705.555669553
-1.2743161226399498,0.4476652075021804,1.0,0,,0.0,-0.0019999999999997797,
-2.7042661073999263,0.47694536609005644,1.0,0,,9.999999999998899e-05,-0.00040000000000001146,-27042.66107400224
-0.8344657412959575,0.3310901384210301,1.0,0,,0.0,-0.000500000000000056,
-4.615365769519945,0.4462240960321695,1.0,0,,0.01699999999999946,-0.15200000000000102,-271.4921040894172
-1.559217133389625,0.4536912000425612,1.0,0,,2.0000000000006124e-05,-3.999999999999837e-05,-77960.85666945738
-1.59529386151989,0.3898433705867787,1.0,0,,0.0,-0.00039999999999995595,
-2.136728810507315,0.4115508464066841,1.0,0,,0.0,-0.0013000000000000789,
-1.1340985329519877,0.3524980196195079,1.0,0,,9.999999999998899e-05,-0.001100000000000101,-11340.985329521127
-1.1433309991919052,0.3285335508656734,1.0,0,,0.0,-0.0001300000000000051,
-0.8332645349679961,0.3746731305169635,1.0,0,,0.0006000000000000172,0.0,-1388.7742249466205
-1.1479174519151907,0.5284676959091918,1.0,0,,0.0,-9.999999999998899e-05,
-1.7102386777998835,0.4386887437735154,1.0,0,,0.049999999999954525,-0.6299999999999955,-34.204773556028776
-1.030004569407908,0.3796760075710563,1.0,0,,0.002000000000000224,0.0,-515.0022847038964
-0.4191148678639083,0.40475170015475986,1.0,0,,0.0015000000000000568,0.0,-279.4099119092616
-0.9307111247999805,0.3510748110095716,1.0,0,,0.0,-0.10000000000000142,
-1.7062072294399355,0.4266186665568109,1.0,0,,0.0,-0.0799999999999983,
-1.6363696089598998,0.4043177759789393,1.0,0,,0.0,-0.007999999999999119,
-1.6409122000573975,0.41742909263515476,1.0,0,,0.0,-0.0008000000000000229,
-1.4344910606224046,0.40743562029268304,1.0,0,,1.1999999999970896,-65.69999999999709,-1.1954092171882365
-1.1116313041680155,0.38257292065975773,1.0,0,,0.13000000000010914,-1.8699999999998909,-8.551010032054478
-1.1972498866400805,0.41068341046818857,1.0,0,,0.0,-0.007999999999999119,
-1.2761725167907434,0.41776256785732313,1.0,0,,0.0,-4.100000000000096e-09,
-0.42651964315032265,0.4934640866481359,1.0,0,,0.0,-5.999999999999929e-06,
-1.3297891731984763,0.5731506513121647,1.0,0,,0.0003800000000000192,0.0,-3499.4451926273923
-7.099749801849535,0.4233485910091648,1.0,0,,0.00047999999999998044,-0.0028599999999999737,-14791.145420520468
-0.7504465175998548,0.45403453448997905,1.0,0,,0.0,-0.002000000000000224,
-0.3826363693599954,0.37583379970449193,1.0,0,,0.0,-0.0016999999999999793,
-1.411262143200042,0.47247736143139807,1.0,0,,0.0,-0.00030000000000002247,
-0.8725280559998052,0.4386887437735154,1.0,0,,0.17999999999994998,0.0,-4.847378088889154
-0.3489477333759806,0.3796760075710563,1.0,0,,0.002000000000000224,0.0,-174.47386668797077
-0.8837557183839323,0.40475170015475986,1.0,0,,0.0013999999999998458,0.0,-631.2540845600212
-0.6597566079999568,0.3566023156660281,1.0,0,,0.01999999999999602,0.0,-32.987830400004405
-1.100305876396705,0.4233485910091648,1.0,0,,0.0007800000000000029,-0.00020999999999998797,-1410.6485594829498
-0.9302409292174693,0.46503234601998034,1.0,0,,2.0000000000006124e-05,-1.9999999999992246e-05,-46512.04646085922
-0.7588262371647048,0.414868793074753,1.0,0,,0.000200000000000089,-0.0006999999999999229,-3794.1311858218355
-0.6470767754479702,0.331850752416041,1.0,0,,0.0,-3.0000000000002247e-05,
-1.021605634295911,0.47255897967952354,1.0,0,,0.00019999999999997797,-0.0006999999999999229,-5108.028171480118
-0.13032631860810262,0.3692273060145743,1.0,0,,0.0005999999999999894,-0.00020000000000000573,-217.2105310135082
-1.5622477195678812,0.5436428750665487,1.0,0,,0.0,-8.999999999997899e-05,
2.4426567000000485,0.4463845602746732,1.0,0,,0.08199999999999896,0.0,29.788496341464384
-0.7831111190398778,0.41301086994254466,1.0,0,,0.028000000000005798,-0.033999999999991815,-27.96825425141842
-0.9345973212800124,0.4266186665568109,1.0,0,,0.12999999999999545,0.0,-7.189210163692654
-0.9143394450256551,0.40743562029268304,1.0,0,,24.80000000000291,0.0,-0.03686852600909467
-17.31001909503987,0.7163800199570998,1.0,0,,1.0000000000003062e-05,-0.0001999999999999988,-1731001.909503457
-0.9069063096160177,0.4261954389675203,1.0,0,,0.0015999999999998238,0.0,-566.8164435100734
-1.0766607820798435,0.4043177759789393,,0,,0.0,0.0,
-0.9576078138119379,0.41742909263515476,1.0,0,,9.999999999998899e-05,0.0,-9576.078138120434
-0.7011387815039491,0.38257292065975773,1.0,0,,0.5900000000001455,-0.2799999999999727,-1.1883708161080953
-0.7713079193599826,0.41068341046818857,1.0,0,,0.0039999999999995595,0.0,-192.82697984001686
-1.9165846457593823,0.4934640866481359,1.0,0,,0.0,-5.000000000000664e-06,
-0.7784477738062503,0.41776256785732313,1.0,0,,2.299999999999961e-09,0.0,-338455553.8288102
-0.3191790477758929,0.37583379970449193,1.0,0,,0.00040000000000001146,0.0,-797.9476194397093
-1.1602333372798959,0.45403453448997905,,0,,0.0,0.0,
-1.4726500766318686,0.5400336108043671,1.0,0,,0.0,-5.000000000000143e-05,
-0.9698713571440278,0.47247736143139807,,0,,0.0,0.0,
-0.6865195535999389,0.4260405289899558,1.0,0,,0.06400000000000006,0.0,-10.726868024999035
-0.9290086000271698,0.3838048264783175,1.0,0,,25.29999999998836,-10.200000000011642,-0.03671970751097223
0.04660314220804518,0.4028828653521564,1.0,0,,0.00019999999999997797,-0.00020000000000003348,233.01571104025155
-1.0112316030608375,0.46476851124713525,1.0,0,,1.9999999999992246e-05,0.0,-50561.58015306148
-0.9374069404799967,0.4128109565182092,1.0,0,,0.0,-0.17999999999994998,
-0.836531694336041,0.3762073361068746,1.0,0,,0.0,-0.002000000000000224,
-0.708794139199936,0.34140452195047144,1.0,0,,0.0,-0.00999999999999801,
-1.3997721532032505,0.41949668970285453,1.0,0,,0.00021999999999999797,-0.0007599999999999829,-6362.60069637847
-0.34210540366885706,0.3180922148489378,1.0,0,,5.9999999999990616e-05,0.0,-5701.756727815176
-0.7357797055358506,0.4664878731448753,1.0,0,,0.000700000000000145,-9.999999999998899e-05,-1051.1138650509974
-0.3741239969597804,0.4085862458833688,1.0,0,,0.07000000000000739,0.0,-5.344628527996298
-1.2604380237199133,0.39377192659015453,1.0,0,,0.022999999999996135,-0.021000000000000796,-54.801653205222834
-0.8384403740061865,0.5459154823703594,1.0,0,,6.0000000000004494e-05,-1.0000000000010001e-05,-13974.006233435395
-0.5987361429279586,0.3828738250126047,1.0,0,,0.0039999999999995595,0.0,-149.68403573200615
-0.43017456199980664,0.3975976634954209,1.0,0,,0.005000000000000782,-0.002000000000000668,-86.03491239994788
-0.7041723609016817,0.4740596338418693,1.0,0,,5.000000000000664e-06,0.0,-140834.47218031765
-0.9392763845919835,0.4506246696175278,1.0,0,,0.00020000000000003348,0.0,-4696.381922959131
-0.08627610236799865,0.5731506513121647,1.0,0,,0.0002999999999999947,-0.00043999999999999595,-287.5870078933339
-2.3902194333599622,0.3585614210401379,1.0,0,,0.0,-0.0005000000000000004,
-1.0811588781887522,0.40988066544825497,,0,,0.0,0.0,
-0.9177144982650329,0.3761469240783435,1.0,0,,1.1000000000002944e-09,-6.999999999998408e-10,-834285907.513443
-0.7245732334079384,0.36510175475262807,1.0,0,,0.32999999999992724,-1.0800000000001546,-2.1956764648730247
-0.9069063096160177,0.4261954389675203,,0,,0.0,0.0,
-1.6423795780799695,0.35506377850058135,1.0,0,,0.0,-0.0007000000000000062,
-0.9464965029599168,0.43976346675574274,1.0,0,,0.0009999999999998899,0.0,-946.4965029600211
-1.011351322800062,0.46476851124713525,1.0,0,,3.999999999999837e-05,0.0,-25283.783070002577
-0.08848567119986173,0.4260405289899558,1.0,0,,0.05400000000000027,-0.02999999999999936,-1.638623540738172
-0.8082860863999834,0.34140452195047144,1.0,0,,0.030000000000001137,0.0,-26.942869546665094
-1.1991436950526877,0.41949668970285453,1.0,0,,0.0025299999999999767,0.0,-473.96983994177816
-0.4998001014159419,0.3462089685518927,1.0,0,,0.14999999999997726,0.0,-3.332000676106784
-0.6593983468798522,0.3926235009385245,1.0,0,,0.0004999999999999449,-0.000200000000000089,-1318.7966937598496
-1.04592805743994,0.4085862458833688,1.0,0,,0.0,-0.020000000000010232,
-0.6035314553855742,0.3180922148489378,1.0,0,,2.0000000000006124e-05,-2.999999999998837e-05,-30176.572769269467
-1.0718669640959448,0.4128109565182092,1.0,0,,0.06999999999993634,-0.09000000000003183,-15.312385201384567
-1.2870811561334528,0.5459154823703594,1.0,0,,0.0,-9.000000000000674e-05,
-1.0586150042559632,0.4664878731448753,1.0,0,,0.0,-0.00039999999999995595,
-0.8502368058239403,0.3838048264783175,1.0,0,,0.0,-22.89999999999418,
0.0206410213760303,0.3692186201001769,1.0,0,,0.00030000000000002247,-9.999999999998899e-05,68.80340458676251
-0.8347843314399268,0.3762073361068746,1.0,0,,0.001000000000000334,0.0,-834.784331439648
-0.7273926549117684,0.3828738250126047,1.0,0,,0.005000000000000782,-0.002000000000000668,-145.47853098233094
-0.5204697005119575,0.39377192659015453,1.0,0,,0.06799999999999784,-0.021000000000000796,-7.653966183999619
-0.6007502295999179,0.3975976634954209,1.0,0,,0.006000000000000227,0.0,-100.12503826664918
-0.45470614438954937,0.5721143069199621,1.0,0,,0.00018999999999999573,-0.00021999999999999797,-2393.190233629261
-0.46937915267761304,0.4740596338418693,1.0,0,,5.999999999999929e-06,-1.0000000000001327e-06,-78229.8587796031
-0.4542090734367802,0.415673113328642,1.0,0,,0.00039999999999995595,0.0,-1135.5226835920755
-0.5714328238110603,0.47261823074643694,1.0,0,,4.999999999999449e-05,0.0,-11428.656476222464
-0.49922452639995285,0.3500386559991913,1.0,0,,0.020000000000003126,0.0,-24.96122631999374
-0.45603822104014113,0.4563308350864848,1.0,0,,0.00029999999999996696,0.0,-1520.1274034673045
-0.7173623684079654,0.37288122963811887,1.0,0,,1.5799999999999272,-0.009999999999990905,-0.4540268154481003
-0.7348534434680316,0.42519198227941446,1.0,0,,0.0018299999999999983,0.0,-401.5592587257007
-0.9449711258399669,0.44884175314900066,1.0,0,,0.005999999999999783,0.0,-157.49518764000018
-0.618855914793506,0.332253006432469,1.0,0,,0.00010000000000000286,0.0,-6188.559147934882
-0.87191548294409,0.4027424766440894,1.0,0,,0.0007000000000000339,0.0,-1245.5935470629254
-0.9334687902398913,0.4157870526785592,1.0,0,,0.10999999999999943,0.0,-8.486079911271784
-0.9178901013119848,0.4174448121057182,1.0,0,,0.4600000000000364,0.0,-1.9954132637215483
-0.648248071679985,0.3585614210401379,1.0,0,,9.999999999998899e-05,-0.0002999999999999947,-6482.480716800564
-5.044196955199796,0.4380336003328995,1.0,0,,0.0010000000000012221,-0.09999999999999964,-5044.196955193632
-1.1221654348799504,0.43306024705503504,1.0,0,,0.0,-0.005899999999999794,
0.5474773589840333,0.35778723806834883,1.0,0,,0.0,-0.0011000000000000176,
-0.9088138672800055,0.4349017292011915,1.0,0,,0.3999999999996362,0.0,-2.27203466820208
-1.2829686526079707,0.5440426702439165,1.0,0,,4.999999999999449e-05,0.0,-25659.37305216224
-0.7938883617839174,0.3989049354189129,1.0,0,,16.5,-38.30000000000291,-0.04811444616872227
-1.3135978234079086,0.47247336276020346,1.0,0,,9.999999999998899e-05,-0.001000000000000112,-13135.978234080534
-0.7642498779918926,0.38211065563646085,1.0,0,,0.0,-9.999999999998899e-05,
-1.0485585127680375,0.39031168002234307,1.0,0,,0.0019999999999988916,-0.0010000000000012221,-524.2792563843093
-0.7498503715279805,0.3977648946768917,1.0,0,,0.0040000000000048885,-0.07500000000000284,-187.46259288176603
-2.085700957156668,0.5767664020222366,1.0,0,,1.9999999999992246e-05,-0.0005499999999999949,-104285.04785787383
-0.27157191180294493,0.4820804475747924,1.0,0,,3.000000000000398e-06,-3.9999999999996635e-06,-90523.97060096962
-0.1464507258046146,0.415673113328642,1.0,0,,0.0009000000000000119,-9.999999999998899e-05,-162.72302867179184
-1.0202157213358256,0.37288122963811887,1.0,0,,0.8800000000001091,-0.2799999999999727,-1.1593360469723852
-0.1357662880799978,0.4563308350864848,1.0,0,,0.0005000000000000004,0.0,-271.53257615999536
-1.4037840683927696,0.42519198227941446,1.0,0,,0.0005999999999999894,-0.0012800000000000034,-2339.6401139879904
-0.14089463039991346,0.44884175314900066,1.0,0,,0.004999999999999893,0.0,-28.17892607998329
-1.0680248753662958,0.4027424766440894,1.0,0,,0.0010000000000000009,0.0,-1068.0248753662947
-0.9194011859199287,0.4157870526785592,1.0,0,,0.07000000000000739,0.0,-13.134302655997596
-0.8006605676158904,0.4174448121057182,1.0,0,,0.32000000000005,0.0,-2.5020642737992667
-1.5726872701439634,0.5440426702439165,1.0,0,,6.0000000000004494e-05,0.0,-26211.454502397428
-0.1932596797551301,0.4237460481079863,1.0,0,,2.0000000000001503e-09,-1.9999999999997267e-09,-96629839.87755778
-0.6336407252799416,0.41379929633359813,1.0,0,,0.0039999999999995595,-0.004000000000001336,-158.41018132000286
-0.8371418451840298,0.37774459715888786,1.0,0,,0.0009999999999998899,-0.001000000000000334,-837.141845184122
-0.37372451433594933,0.3493685847907649,1.0,0,,0.00020000000000003348,-0.0008999999999999564,-1868.6225716794338
-0.7671521985678948,0.3462089685518927,1.0,0,,0.0,-0.5199999999999818,
-0.40788599039996964,0.3500386559991913,1.0,0,,0.01999999999999602,-0.020000000000003126,-20.39429952000254
-0.9405277959335765,0.47261823074643694,1.0,0,,0.0,-7.999999999999674e-05,
0.42679001452802157,0.3580744926078329,1.0,0,,0.0005999999999999894,0.0,711.3166908800484
-0.4795807129055789,0.332253006432469,1.0,0,,3.999999999999837e-05,-1.9999999999992246e-05,-11989.517822639962
-2.9998234327999254,0.4380336003328995,1.0,0,,0.0,-0.08799999999999919,
-0.9328642643999108,0.4349017292011915,1.0,0,,0.2000000000007276,0.0,-4.664321321982585
-0.8285579539199492,0.43306024705503504,1.0,0,,0.00039999999999995595,-0.000700000000000145,-2071.3948848001014
-1.293027988511949,0.35778723806834883,1.0,0,,0.00020000000000000573,-0.0005000000000000004,-6465.139942559559
-0.8823003256079028,0.47247336276020346,1.0,0,,0.0004999999999999449,-9.999999999998899e-05,-1764.600651216
-1.1310402295359494,0.3977648946768917,1.0,0,,0.10200000000000387,0.0,-11.088629701332417
-1.0337868071038474,0.38211065563646085,1.0,0,,0.00019999999999997797,0.0,-5168.9340355198065
-0.8883926561998525,0.415673113328642,1.0,0,,0.0010999999999999899,0.0,-807.6296874544188
-1.4521461983630881,0.5767664020222366,1.0,0,,0.00035000000000001696,-0.00017000000000000348,-4148.989138180051
-1.1064244794622042,0.42519198227941446,1.0,0,,0.0007099999999999884,-0.00034000000000000696,-1558.3443372707357
-0.6586404783999331,0.36089736962468333,1.0,0,,0.020000000000003126,0.0,-32.93202391999151
-0.9405926734336267,0.4515059987595218,1.0,0,,1.699999999999916e-09,-2.699999999999991e-09,-553289807.9021608
-0.9320798289599503,0.4360634373348178,1.0,0,,0.0799999999999983,0.0,-11.650997861999628
0.3664870848717714,0.512306052012856,1.0,0,,0.0024999999999999467,0.0,146.59483394871168
-1.7393142686955652,0.4820804475747924,1.0,0,,2.0000000000002655e-06,-1.999999999999398e-06,-869657.1343476671
-1.350724230962342,0.3989049354189129,1.0,0,,7.0,-24.89999999999418,-0.1929606044231917
-1.0427815295040253,0.39031168002234307,1.0,0,,0.0009999999999994458,-0.0030000000000001137,-1042.7815295046032
-1.1542723035198954,0.37288122963811887,1.0,0,,0.6899999999998272,-1.1100000000001273,-1.672858410898818
-0.9485501814238763,0.4563308350864848,1.0,0,,0.0001000000000000445,0.0,-9485.501814234542
-0.6376073546751864,0.34892371864738597,,0,,0.0,0.0,
-0.8541113210398908,0.44884175314900066,1.0,0,,0.0,-0.0030000000000001137,
-0.7483712125839581,0.3469528482145381,1.0,0,,0.0,-0.18000000000000682,
-0.35612538592008014,0.3929548527035341,1.0,0,,0.0019999999999997797,-0.0009999999999998899,-178.06269296005968
-0.9200509042559475,0.4330868765910342,1.0,0,,0.22000000000002728,-0.07999999999992724,-4.182049564799243
-1.2577232759521317,0.5630184231728679,1.0,0,,9.999999999982245e-06,-7.00000000000145e-05,-125772.32759543648
-1.1630611996870688,0.5977009624988141,1.0,0,,3.999999999999837e-05,0.0,-29076.529992177904
-0.4988605316112066,0.33495953076795604,1.0,0,,3.999999999999837e-05,-1.9999999999992246e-05,-12471.513290280673
-0.42933126408003575,0.4261208904997904,1.0,0,,0.0039999999999995595,-0.005000000000000782,-107.33281602002076
-2.25160891647997,0.3718586436862299,1.0,0,,0.0,-0.0007000000000000062,
-1.3889917763999609,0.44933891363036593,1.0,0,,0.0,-0.1000000000003638,
-0.8838947495040275,0.485014210477976,1.0,0,,0.0009000000000001229,-9.999999999998899e-05,-982.1052772265631
-0.23428114199994468,0.41153595143352195,1.0,0,,0.05900000000001171,-0.04399999999999693,-3.9708668135575964
-0.089631781847968,0.4111041962313926,1.0,0,,0.00020000000000003348,-9.999999999998899e-05,-448.15890923976497
-0.5441078366623995,0.4335261868709661,1.0,0,,0.0008000000000000229,-0.00039999999999995595,-680.1347958279798
-1.0880709431998996,0.4363912770471156,1.0,0,,0.0389999999999997,-0.008999999999998565,-27.899254953843794
-0.07620204604798342,0.4636655129628897,1.0,0,,0.00020999999999998797,0.0,-362.86688594279894
-1.4706901475240513,0.49472424305173,1.0,0,,2.999999999999531e-06,-1.0000000000001327e-06,-490230.0491747604
-0.6581444208000111,0.36089736962468333,1.0,0,,0.03999999999999915,0.0,-16.45361052000063
-0.9394748659186889,0.4515059987595218,1.0,0,,1.699999999999916e-09,-1.0999999999998709e-09,-552632274.0698444
-1.1419226246399903,0.4360634373348178,1.0,0,,0.060000000000002274,0.0,-19.032043743999118
-0.9139939468351506,0.41757131185163077,1.0,0,,56.30000000000291,0.0,-0.01623435074307466
-0.8878922580959101,0.4114656113301656,1.0,0,,0.006999999999999673,0.0,-126.84175115656451
-1.188669523072036,0.3855230061778868,1.0,0,,3.1099999999999,0.0,-0.38220884986240333
-1.1774398390719085,0.4814593287577421,1.0,0,,0.0005999999999999894,0.0,-1962.3997317865487
-0.9022711067759666,0.33495953076795604,1.0,0,,0.00010999999999999899,0.0,-8202.464607054317
-1.3301109244798446,0.4330868765910342,1.0,0,,0.40999999999996817,0.0,-3.244172986536458
-1.9614520510720677,0.5977009624988141,1.0,0,,0.00017000000000000348,0.0,-11537.953241600162
-1.212907990079927,0.4728452801499169,1.0,0,,0.0040000000000000036,0.0,-303.22699751998147
-0.7816819663039489,0.3469528482145381,1.0,0,,0.6700000000000159,0.0,-1.1666895019461647
-0.7837778295934426,0.4221616122113978,1.0,0,,0.0004999999999999449,-0.000500000000000056,-1567.5556591870577
-0.24541818394710674,0.45844867616931617,1.0,0,,0.000140000000000029,-0.0015100000000000113,-1752.9870281932565
-1.028797121071884,0.4242788063695504,1.0,0,,0.00019999999999997797,0.0,-5143.985605359987
-1.2136342044959847,0.5480906804950954,1.0,0,,9.999999999998899e-05,-9.999999999998899e-05,-12136.342044961184
-1.109192890879874,0.4261208904997904,1.0,0,,0.006000000000000227,0.0,-184.86548181330534
-1.6112758238718063,0.5630184231728679,1.0,0,,4.999999999999449e-05,0.0,-32225.516477439676
-1.318135444911805,0.485014210477976,1.0,0,,0.0004999999999999449,0.0,-2636.2708898239002
-0.6117953231518911,0.41153595143352195,1.0,0,,0.04800000000000182,-0.019000000000005457,-12.745735898997248
-0.7710150234880364,0.4111041962313926,1.0,0,,0.00019999999999997797,0.0,-3855.075117440607
-1.4396312311998867,0.4363912770471156,1.0,0,,0.0860000000000003,0.0,-16.739898037207926
-0.9558443983958365,0.4636655129628897,1.0,0,,0.00017000000000000348,-4.000000000001225e-05,-5622.614108210688
-0.8269329797759877,0.3718586436862299,1.0,0,,0.0007000000000000062,0.0,-1181.3328282514005
-0.9136923378863773,0.4335261868709661,1.0,0,,0.0007000000000000339,0.0,-1305.274768409047
-0.9319254011199116,0.4360634373348178,1.0,0,,0.07000000000000739,0.0,-13.313220015997333
-0.8214292242639059,0.41757131185163077,1.0,0,,22.40000000000873,-7.899999999994179,-0.036670947511767214
-1.141603343360027,0.3855230061778868,1.0,0,,1.0299999999999727,-0.2899999999999636,-1.1083527605437449
-1.0073141246878414,0.4114656113301656,1.0,0,,0.0030000000000001137,-0.0009999999999994458,-335.7713748959344
-0.2576203103999172,0.36089736962468333,1.0,0,,0.030000000000001137,-0.020000000000003126,-8.587343679996915
-0.8728039875647561,0.49472424305173,1.0,0,,3.000000000000398e-06,-3.9999999999996635e-06,-290934.66252154676
-0.7544433180671738,0.329320142314997,1.0,0,,1.9999999999999185e-05,0.0,-37722.16590336023
-1.458703273984033,0.48867648059094765,1.0,0,,0.0007000000000000339,0.0,-2083.861819977089
-0.9569146615199255,0.45602879445970607,,0,,0.0,0.0,
-0.9543218115998463,0.4434845233135496,1.0,0,,0.21000000000003638,-0.009999999999990905,-4.5443895790461
-1.972783410220909,0.6018348315269725,1.0,0,,5.000000000000837e-05,0.0,-39455.66820441157
-1.4667724531199118,0.48175932190477144,1.0,0,,0.0029999999999996696,0.0,-488.9241510400244
-1.1740290796799004,0.434982321179201,1.0,0,,0.006000000000000227,0.0,-195.67151327997598
-1.742574712319709,0.4937259247102995,1.0,0,,0.000700000000000145,-0.00019999999999997797,-2489.3924461704974
-1.9411229104798746,0.5275479689846353,1.0,0,,0.00019999999999997797,0.0,-9705.614552400442
-0.7156194528000663,0.42683309993841256,1.0,0,,0.21199999999999974,0.0,-3.3755634566040906
-0.659322557599992,0.36711444718972686,1.0,0,,0.00020000000000000573,-9.999999999998899e-05,-3296.6127879998658
-1.0478075379198528,0.37550719906256624,1.0,0,,0.01999999999999602,0.0,-52.39037689600306
0.9002582898960525,0.3929548527035341,1.0,0,,0.006000000000000227,0.0,150.04304831600305
-0.48353695336622027,0.4515059987595218,1.0,0,,1.7000000000003395e-09,-1.7999999999997117e-09,-284433501.9800728
-3.6869906004351485,0.4569107777736663,1.0,0,,0.0,-0.0017400000000000193,
-0.7724727069951971,0.3459573303504513,1.0,0,,0.0,-4.999999999999449e-05,
-0.6067880061119875,0.3165507019281316,1.0,0,,0.00019999999999997797,-0.00039999999999995595,-3033.9400305602717
-1.6219636097376533,0.5672338927779408,1.0,0,,1.9999999999992246e-05,-0.00014000000000000123,-81098.1804869141
-1.2125123027998854,0.5478494412455526,1.0,0,,0.00040000000000006697,0.0,-3031.280756999206
-0.5514880229599051,0.4704658205542205,1.0,0,,7.00000000000145e-05,-0.0005499999999999949,-7878.400327997012
-1.126724091119921,0.4246671478888301,1.0,0,,0.005000000000009663,-0.057999999999992724,-225.34481822354869
-0.9749199469566459,0.42835193573837677,1.0,0,,0.00019999999999997797,-0.0004999999999999449,-4874.5997347837665
-2.154805792292828,0.4479359390502377,1.0,0,,0.0,-0.0007000000000000339,
-1.130817915199951,0.5519567435817223,1.0,0,,0.0,-0.0899999999999892,
-0.4265386109247693,0.4193041588746016,1.0,0,,31.39999999999418,-38.90000000000873,-0.013584032195058866
-0.5745623987840107,0.39451338561201976,1.0,0,,1.0,-1.0899999999999181,-0.5745623987840107
-0.6707256077433172,0.5010018495805946,1.0,0,,2.999999999999531e-06,-5.999999999999929e-06,-223575.2025811407
-0.3568877156639543,0.329320142314997,1.0,0,,3.0000000000002247e-05,0.0,-11896.257188797585
-2.4323443305038857,0.48867648059094765,1.0,0,,0.0,-0.0005999999999999894,
-1.6827813645998948,0.4434845233135496,1.0,0,,0.0,-0.40999999999996817,
-0.6855970159999248,0.48175932190477144,1.0,0,,0.0030000000000001137,0.0,-228.53233866663297
-0.38229080112005775,0.434982321179201,1.0,0,,0.006999999999999673,-0.0009999999999994458,-54.612971588582226
-1.327572082943903,0.4937259247102995,1.0,0,,0.0004999999999999449,-9.999999999998899e-05,-2655.1441658880985
-0.32934843572788264,0.5275479689846353,1.0,0,,0.00019999999999997797,-0.0001000000000000445,-1646.7421786395946
-4.085037690399932,0.42683309993841256,1.0,0,,0.0259999999999998,-0.16300000000000026,-157.11683424615242
-0.23816661349600873,0.4086352100646235,1.0,0,,0.004999999999999005,-0.005000000000000782,-47.63332269921122
-0.8444505094399354,0.4569107777736663,1.0,0,,0.0007300000000000084,-0.0008699999999999819,-1156.7815197807201
-1.172980215359907,0.45602879445970607,,0,,0.0,0.0,
-1.7851672162559153,0.36711444718972686,1.0,0,,9.999999999998899e-05,-0.0002999999999999947,-17851.67216256112
-1.0576858670926952,0.3459573303504513,1.0,0,,7.999999999999674e-05,0.0,-13221.07333865923
-0.8542979972799214,0.37550719906256624,1.0,0,,0.030000000000001137,0.0,-28.476599909329632
-1.1839081994109977,0.4704658205542205,1.0,0,,0.0002899999999999847,0.0,-4082.44206693469
-1.117321386047977,0.4246671478888301,1.0,0,,0.07399999999999807,0.0,-15.09893764929738
-1.3160740931519306,0.42835193573837677,1.0,0,,0.0011999999999999789,0.0,-1096.7284109599614
-1.0918422571985786,0.4451242368545557,1.0,0,,4.199999999999892e-09,-1.7000000000003395e-09,-259962442.19014445
-0.9347045937358314,0.4479359390502377,1.0,0,,0.000300000000000078,0.0,-3115.681979118628
-1.5818813913597671,0.5478494412455526,1.0,0,,0.0,-0.00019999999999997797,
-1.764780297891167,0.5672338927779408,1.0,0,,3.0000000000002247e-05,-1.9999999999992246e-05,-58826.00992970116
-0.6067880061119875,0.3165507019281316,,0,,0.0,0.0,
-1.9381759889760342,0.5010018495805946,1.0,0,,0.0,-6.999999999999194e-06,
-1.4041285148799454,0.48175932190477144,1.0,0,,0.0,-0.004999999999999893,
-0.9718523883023873,0.4193041588746016,1.0,0,,5.399999999994179,-36.80000000000291,-0.1799726645006361
-0.9622290609280373,0.39451338561201976,1.0,0,,0.32999999999992724,-2.3999999999998636,-2.9158456391765135
-0.7882835657311847,0.329320142314997,1.0,0,,0.0,-3.0000000000002247e-05,
-1.230765919999961,0.5519567435817223,1.0,0,,0.030000000000001137,-0.03999999999999204,-41.02553066666381
-1.1748499833598327,0.434982321179201,1.0,0,,0.0009999999999994458,-0.0039999999999995595,-1174.8499833604837
-1.1434764165118863,0.4937259247102995,1.0,0,,0.00019999999999997797,-0.0009999999999998899,-5717.382082560061
-0.9333767616719707,0.5275479689846353,1.0,0,,0.0,-0.00019999999999997797,
-0.7537821055519278,0.4086352100646235,1.0,0,,0.0,-0.009000000000000341,
-0.9650014119999112,0.42683309993841256,1.0,0,,0.06099999999999994,-0.008999999999998565,-15.819695278687083
-0.44444537798392153,0.3500326619399957,1.0,0,,0.2400000000000091,-0.11000000000001364,-1.8518557415996029
-0.8851508991999462,0.44163831457883174,1.0,0,,0.0,-0.37000000000000455,
-2.901789889559931,0.4845701637661822,1.0,0,,0.0,-0.0014000000000000123,
-0.8834128579680077,0.4094904450392866,1.0,0,,0.0,-0.0040000000000000036,
-0.22389351989194967,0.3521480370408834,1.0,0,,3.999999999999837e-05,-5.000000000000837e-05,-5597.33799729897
-0.8953344937982122,0.43533815410428556,1.0,0,,0.0008299999999999974,0.0,-1078.7162575882107
-1.3064881536797928,0.4900106360543785,1.0,0,,0.0,-0.00999999999999801,
-0.11807479972076002,0.4664128365136717,1.0,0,,0.00021000000000001573,-7.999999999999674e-05,-562.260951051196
-0.5436662353919111,0.4221073764253077,1.0,0,,0.033999999999991815,-0.04200000000000159,-15.990183393883587
-0.5285746628903063,0.4263285645316698,1.0,0,,0.0006000000000000449,-0.00019999999999997797,-880.9577714837778
-0.6793031863199792,0.4425567083438393,1.0,0,,0.08999999999999986,-0.0039999999999995595,-7.547813181333114
-0.49115851948764655,0.5988384756575845,1.0,0,,0.00040000000000001146,0.0,-1227.8962987190812
-0.6831458233094236,0.5645313702138092,1.0,0,,0.000130000000000019,0.0,-5254.9678716101835
-0.09483542939193251,0.37895795424837875,1.0,0,,0.0002999999999999947,0.0,-316.11809797311395
-1.1955980275200073,0.48557025822560795,1.0,0,,0.0019999999999997797,0.0,-597.7990137600696
-1.2287692065598226,0.42817676461979315,1.0,0,,0.006000000000000227,0.0,-204.79486775996267
-1.9508696942398154,0.5298905533166658,1.0,0,,0.00019999999999997797,-9.999999999998899e-05,-9754.348471200152
-2.0024671754230874,0.43533815410428556,1.0,0,,0.0018999999999999573,0.0,-1053.9300923279645
-1.1705858447999349,0.44163831457883174,1.0,0,,0.32000000000005,0.0,-3.658080764999225
-1.108707949631933,0.4263285645316698,1.0,0,,0.0005999999999999339,-0.00019999999999997797,-1847.8465827200919
-0.5943774404960116,0.6018348315269725,1.0,0,,3.999999999999837e-05,-6.0000000000004494e-05,-14859.436012400896
-1.1720309183996651,0.44889466358237906,1.0,0,,0.0,-2.900000000000006e-09,
-2.551581108552093,0.552508777572362,1.0,0,,9.999999999998899e-05,-0.000200000000000089,-25515.811085523743
-1.3689658644479115,0.4536920952841825,1.0,0,,9.999999999998899e-05,0.0,-13689.658644480622
-2.2928929847039363,0.3500326619399957,1.0,0,,0.0,-0.6999999999999886,
-0.3742240606079328,0.3521480370408834,1.0,0,,3.999999999999837e-05,-3.999999999999837e-05,-9355.601515198701
-0.8817698539147532,0.502355742884741,1.0,0,,4.000000000000531e-06,0.0,-220442.46347865902
-1.2739643987135838,0.42145072720628873,1.0,0,,22.0,-12.5,-0.05790747266879926
-0.7510252067840333,0.3985371157316364,1.0,0,,1.0499999999999545,-0.44000000000005457,-0.7152621016991103
-0.7605827654784192,0.3336304443624075,,0,,0.0,0.0,
-1.5299926543998057,0.5541223343315682,1.0,0,,0.0799999999999983,0.0,-19.12490817999798
-1.9176702605279807,0.32252105236987993,1.0,0,,0.0,-0.0042999999999999705,
-1.3107906950398576,0.49447855416308995,1.0,0,,0.0005999999999999339,-0.00039999999999995595,-2184.651158400003
-0.6043553458319154,0.40744848527028055,1.0,0,,0.006000000000000227,-0.0009999999999994458,-100.72589097198208
-0.11126124667188991,0.4094904450392866,1.0,0,,0.0030000000000001137,0.0,-37.0870822239619
-1.3750931666880193,0.4221073764253077,1.0,0,,0.04800000000000182,0.0,-28.647774305999317
-0.6240573298398286,0.4900106360543785,1.0,0,,0.03999999999999915,0.0,-15.601433245996049
-1.3913073829198503,0.4664128365136717,1.0,0,,0.00037999999999999146,0.0,-3661.335218210215
-0.7681107058558716,0.5988384756575845,1.0,0,,0.00029999999999996696,0.0,-2560.369019519854
-1.0888897118960101,0.37895795424837875,1.0,0,,0.0,-0.00020000000000000573,
-0.36441546943992886,0.4425567083438393,1.0,0,,0.04899999999999949,-0.07699999999999996,-7.43705039673332
-0.7396229503440622,0.5645313702138092,1.0,0,,0.00012999999999999123,0.0,-5689.407310339324
-0.7791819276799561,0.48557025822560795,1.0,0,,0.002000000000000224,0.0,-389.59096383993443
-1.228485631999864,0.5541223343315682,1.0,0,,0.07000000000000739,0.0,-17.549794742853347
-0.7333096276797053,0.5298905533166658,1.0,0,,0.00020000000000003348,0.0,-3666.5481383979127
-1.1729345414398837,0.42817676461979315,1.0,0,,0.007999999999999119,0.0,-146.61681768000162
-1.147226320655932,0.44889466358237906,1.0,0,,1.7999999999997117e-09,-5.000000000002493e-10,-637347955.9200643
-0.665555521343927,0.3500326619399957,1.0,0,,0.47999999999996135,0.0,-1.3865740027999596
0.08015063520806054,0.552508777572362,1.0,0,,0.0010000000000000009,0.0,80.15063520806046
-1.1549061284543096,0.4536920952841825,1.0,0,,0.0008000000000000229,0.0,-1443.6326605678457
-0.45538368518393607,0.3521480370408834,1.0,0,,3.999999999999837e-05,-2.0000000000006124e-05,-11384.592129598866
-0.91103759114721,0.42145072720628873,1.0,0,,120.0,-0.09999999999126885,-0.007591979926226749
-1.2503578193278972,0.3985371157316364,1.0,0,,2.099999999999909,0.0,-0.5954084853942626
-1.1315367365943,0.43533815410428556,1.0,0,,0.0006999999999999784,-0.00010999999999999899,-1616.4810522776213
-1.1579724146398673,0.46257661562775165,1.0,0,,0.1000000000003638,0.0,-11.579724146356547
-1.227250245799988,0.44163831457883174,1.0,0,,0.43000000000006366,0.0,-2.854070339069317
-1.4863595797707583,0.502355742884741,1.0,0,,7.000000000000062e-06,0.0,-212337.08282439216
-1.959876144034952,0.5963426495727284,1.0,0,,7.999999999999674e-05,0.0,-24498.4518004379
-1.0872869241599787,0.41372146491591844,1.0,0,,0.008000000000000895,0.0,-135.91086551998214
-1.471606663680047,0.49293309300146393,1.0,0,,0.0004999999999999449,-0.00029999999999996696,-2943.213327360418
-1.0597926618240279,0.43719283992998537,1.0,0,,0.0010000000000000009,0.0,-1059.792661824027
-1.0072747424159143,0.42736986724444215,1.0,0,,0.046999999999997044,-0.04200000000000159,-21.431377498212292
-1.4899857849598392,0.49456484034107784,1.0,0,,0.030000000000001137,0.0,-49.66619283199276
-0.7866285074766978,0.4742061625805367,1.0,0,,0.00015999999999999348,-1.9999999999992246e-05,-4916.428171729562
-0.9676381760638594,0.46929161363364025,1.0,0,,0.0007999999999999674,0.0,-1209.5477200798734
-0.6682349980800264,0.44082389844577197,1.0,0,,0.005999999999998451,0.0,-111.37249968003316
-0.664870961855946,0.3631717840066868,1.0,0,,0.2300000000000182,0.0,-2.890743312416928
-0.5984188770624574,0.45826838573848805,1.0,0,,0.00029999999999996696,0.0,-1994.729590208411
-0.6584502397264345,0.4262713053749349,1.0,0,,20.19999999999709,-17.39999999999418,-0.032596546521115315
-0.7257830483200063,0.4490006196827828,1.0,0,,0.0389999999999997,-0.019999999999999574,-18.609821751795174
-1.1497385056318756,0.4677698328164299,1.0,0,,0.0,-0.0006000000000000449,
-0.6770487646719775,0.36652773044322223,1.0,0,,0.0,-0.0009999999999998899,
-0.6279221115199196,0.34008958287830543,1.0,0,,0.0,-1.0000000000003062e-05,
-0.6167973635999946,0.33030458883689184,,0,,0.0,0.0,
-2.3021296950961254,0.5941927332713125,1.0,0,,0.0001000000000000445,-9.999999999998899e-05,-23021.29695095101
-1.9207948020799424,0.5719648960280737,1.0,0,,1.0000000000010001e-05,-6.0000000000004494e-05,-192079.48020780215
-1.2286376511999464,0.5648710256622336,1.0,0,,0.030000000000001137,-0.009999999999990905,-40.95458837333
-1.1507445920879706,0.5375099191306334,1.0,0,,0.00029999999999996696,-0.00020000000000003348,-3835.8153069603245
-1.3132012706982907,0.4364230738718353,1.0,0,,0.0,-4.300000000000111e-09,
-1.0188448399358077,0.37271341737054187,1.0,0,,0.0,-0.00019999999999997797,
-1.204536141119965,0.48905982131806447,1.0,0,,0.0019999999999997797,-0.001000000000000334,-602.2680705600488
-0.9949547452000241,0.44174521577484194,1.0,0,,0.13999999999998636,-0.04000000000007731,-7.106819608572294
-0.8530393087360928,0.4019598559597386,1.0,0,,1.0899999999999181,-0.13000000000010914,-0.7826048704001439
-2.007819693297492,0.6167326193341497,1.0,0,,2.999999999999531e-06,-3.000000000000398e-06,-669273.2310992687
-1.9854058684351996,0.6069694064780091,1.0,0,,2.0000000000006124e-05,0.0,-99270.29342172958
-1.0936268848960093,0.41372146491591844,1.0,0,,0.0039999999999995595,0.0,-273.4067212240324
-1.9756729693438468,0.49293309300146393,1.0,0,,9.999999999998899e-05,-0.0008999999999999009,-19756.729693440644
-1.3821596574166892,0.43719283992998537,1.0,0,,0.0,-0.0008999999999999009,
-1.3202614500479828,0.42736986724444215,1.0,0,,0.05700000000000216,-0.01999999999999602,-23.162481579788295
-2.1104576771728043,0.45825292478033564,1.0,0,,0.000140000000000029,-0.0013499999999999623,-15074.697694088338
-1.4899857849598392,0.49456484034107784,1.0,0,,0.0,-0.010000000000005116,
-2.0127559535958714,0.4742061625805367,1.0,0,,4.000000000001225e-05,-0.0005899999999999794,-50318.89883988138
-0.5654790460319682,0.36406189325050925,1.0,0,,1.9999999999992246e-05,-3.999999999999837e-05,-28273.95230160937
-1.6638736444799767,0.4686257043794655,1.0,0,,0.0,-0.5,
-1.5211989807919348,0.4677698328164299,1.0,0,,0.00019999999999997797,-9.999999999998899e-05,-7605.994903960512
-0.683580452519838,0.36652773044322223,1.0,0,,0.000700000000000145,0.0,-976.5435035995664
-0.43918901400706795,0.34008958287830543,1.0,0,,3.0000000000002247e-05,0.0,-14639.633800234502
-0.9653030899198789,0.3631717840066868,1.0,0,,0.18999999999999773,0.0,-5.08054257852574
-0.5787956422270557,0.45826838573848805,1.0,0,,0.00040000000000006697,-9.999999999998899e-05,-1446.989105567397
-1.18176775087348,0.4262713053749349,1.0,0,,29.39999999999418,-34.60000000000582,-0.04019618200250728
-0.45207755136007277,0.44082389844577197,1.0,0,,0.006000000000000227,-0.006000000000000227,-75.34625856000928
-0.18963334871999632,0.33030458883689184,1.0,0,,0.0020999999999999908,0.0,-90.30159462857007
-0.7926581421119919,0.35502006429861316,1.0,0,,0.0007999999999999674,0.0,-990.8226776400303
-1.4616696476798599,0.4490006196827828,1.0,0,,0.07200000000000095,-0.022999999999999687,-20.300967328886674
-0.5445426419999846,0.44174521577484194,1.0,0,,0.25,-0.3100000000000591,-2.1781705679999384
-0.21779177241594772,0.4019598559597386,1.0,0,,1.5899999999999181,-1.1700000000000728,-0.1369759574943138
-0.984145377848519,0.6167326193341497,1.0,0,,3.000000000000398e-06,-2.0000000000002655e-06,-328048.45928279613
-0.6041377675360211,0.41372146491591844,1.0,0,,0.0039999999999995595,-0.0030000000000001137,-151.0344418840219
-0.10099760639989974,0.48905982131806447,1.0,0,,0.0030000000000001137,-0.0030000000000001137,-33.6658687999653
0.8872786303919824,0.5941927332713125,1.0,0,,0.00019999999999997797,-0.00030000000000002247,4436.3931519604
-0.7609570907198675,0.5719648960280737,1.0,0,,6.999999999998674e-05,-0.00012000000000000899,-10870.815581714452
1.5477179366960432,0.560956785705258,1.0,0,,0.0024999999999999467,0.0,619.0871746784304
-0.9276808436639166,0.42736986724444215,1.0,0,,0.047000000000011255,-0.03899999999998727,-19.7378902907169
-0.9868774015998973,0.5648710256622336,1.0,0,,0.060000000000002274,-0.06999999999999318,-16.447956693330998
-0.4529326074609942,0.4364230738718353,1.0,0,,4.599999999999922e-09,-1.0000000000021927e-10,-98463610.3176091
0.9715984902107687,0.3053710416018406,1.0,0,,0.010999999999999677,0.0,88.32713547370885
-1.1630826628079194,0.615164955388876,1.0,0,,6.0000000000004494e-05,-4.999999999999449e-05,-19384.711046797205
-1.57906742204788,0.5010382778909542,1.0,0,,0.0008999999999999009,-0.00029999999999996696,-1754.519357831171
-1.527052315491202,0.5459109984242824,1.0,0,,0.0011999999999999789,-0.00019999999999997797,-1272.5435962426907
-1.0207435597438543,0.37489573860012476,1.0,0,,0.0003999999999999837,0.0,-2551.85889935974
-6.054086451858548,0.4601282285710774,1.0,0,,0.00036000000000002697,-0.0025200000000000222,-16816.90681071693
-1.4885796073599988,0.5023779082185031,1.0,0,,0.04999999999999716,-0.030000000000001137,-29.77159214720167
-1.018992298560039,0.3686561276867195,1.0,0,,0.5199999999999818,0.0,-1.9596005741539897
-1.4401028887582146,0.48118242348014195,1.0,0,,0.0003700000000000092,-3.999999999998449e-05,-3892.1699696166993
-1.4364208977518227,0.5430838435139438,1.0,0,,114.69999999999709,0.0,-0.012523285943782556
-0.9928621288966282,0.48007949802965644,1.0,0,,0.00012000000000000899,-3.999999999999837e-05,-8273.851074137949
-1.996562222304023,0.3075436643131381,1.0,0,,0.0,-0.014799999999999924,
-1.6436504703998434,0.47517380512203533,1.0,0,,0.0,-0.4000000000005457,
-0.9751284917119037,0.41034791265263326,1.0,0,,8.289999999999964,0.0,-0.11762707982049554
-2.002027921397564,0.6165225085908033,1.0,0,,2.2000000000000318e-05,0.0,-91001.26915443341
-0.6729743055856836,0.344994084747832,1.0,0,,0.0003599999999999992,0.0,-1869.3730710713476
-1.8849643960000046,0.5998700896337154,1.0,0,,0.0009000000000000119,-0.00040000000000001146,-2094.404884444422
-1.5824367862798474,0.5551874456416948,1.0,0,,0.9199999999999591,-0.12000000000000455,-1.7200399850868673
-1.8703946840001229,0.5561028858245655,1.0,0,,0.040000000000000924,-0.005000000000000782,-46.75986710000199
-1.3206601114102376,0.5800777521258185,1.0,0,,0.00030999999999997696,0.0,-4260.193907775277
-1.1775977303999265,0.4670399955232266,1.0,0,,0.0026000000000000467,0.0,-452.9222039999636
-1.0406517911999429,0.5960860576359784,1.0,0,,0.016000000000000014,0.0,-65.04073694999637
-1.4583901445118186,0.5342817960245785,1.0,0,,0.03500000000000014,0.0,-41.66828984319465
-1.9876930811440139,0.5471472727875231,1.0,0,,0.0010999999999999899,0.0,-1806.9937101309383
-1.5647483655998653,0.5349113312871184,1.0,0,,0.382000000000005,0.0,-4.096199909947238
-1.721688830399931,0.5703745396492321,1.0,0,,0.39000000000000057,0.0,-4.414586744615201
-0.9018401162338099,0.42743672403855276,1.0,0,,1.2900000000000334e-08,0.0,-69910086.5297509
-2.0042274415967536,0.615164955388876,1.0,0,,8.999999999999286e-05,0.0,-22269.19379552125
-1.372354466687881,0.5010382778909542,1.0,0,,0.0015000000000000568,-0.0004999999999999449,-914.9029777918861
-1.5762490799999085,0.5459109984242824,1.0,0,,0.0020000000000000018,-0.000300000000000078,-788.1245399999535
2.9297788496159,0.6857226060435033,1.0,0,,0.0002999999999999947,0.0,9765.92949871984
-1.5259231238397863,0.5023779082185031,1.0,0,,0.10999999999999943,-0.00999999999999801,-13.872028398543584
-1.01716806815999,0.3686561276867195,1.0,0,,0.22000000000002728,-0.060000000000002274,-4.623491218908471
-1.1772591500910434,0.48118242348014195,1.0,0,,0.00022999999999998022,0.0,-5118.518043874542
-1.5520646819837929,0.5430838435139438,1.0,0,,0.0,-87.80000000000291,
-8.966838016399954,0.4515366808811331,1.0,0,,0.028999999999999915,-0.1509999999999998,-309.20131091034415
-1.6728813932038662,0.4665786333574458,1.0,0,,0.00019999999999997797,-0.0008000000000000229,-8364.406966020253
-3.642090655039099,0.4601282285710774,1.0,0,,0.0,-0.0019500000000000073,
-2.575503321623929,0.37489573860012476,1.0,0,,9.999999999998899e-05,-0.0005999999999999894,-25755.03321624213
-1.9742089141597021,0.48007949802965644,1.0,0,,0.00010999999999999899,-0.00010000000000000286,-17947.353765088366
-1.1520092800559345,0.3075436643131381,1.0,0,,0.0040000000000000036,0.0,-288.00232001398336
-1.563608866559997,0.47517380512203533,1.0,0,,0.0999999999994543,0.0,-15.636088665685296
-1.4393153940478285,0.41034791265263326,1.0,0,,0.0,-4.970000000000027,
-3.0396404913558355,0.6165225085908033,1.0,0,,0.0,-1.600000000000039e-05,
-0.7773693336191887,0.344994084747832,1.0,0,,0.0,-7.999999999999674e-05,
-1.460559150959968,0.5551874456416948,1.0,0,,0.0,-1.009999999999991,
-1.7490701340001096,0.5561028858245655,1.0,0,,0.0,-0.01899999999999835,
-1.6683865224790768,0.5800777521258185,1.0,0,,0.0,-0.00037999999999999146,
-1.069364565792024,0.4670399955232266,1.0,0,,0.00019999999999997797,-0.00039999999999995595,-5346.82282896071
-1.9643921023998836,0.5960860576359784,1.0,0,,0.0,-0.009999999999999787,
-1.908881729383733,0.5342817960245785,1.0,0,,0.0,-0.0129999999999999,
-2.4138318796797567,0.5471472727875231,1.0,0,,0.0,-0.0007000000000000062,
-1.756135562399928,0.5349113312871184,1.0,0,,0.0,-0.10799999999998988,
-1.559256167279931,0.5703745396492321,1.0,0,,0.0,-0.15000000000000568,
-0.9630857661942231,0.42743672403855276,1.0,0,,0.0,-7.899999999999958e-09,
-1.7783255990398947,0.5643805079935172,1.0,0,,0.0,-0.0011999999999999789,
-2.1713803628798667,0.5998700896337154,1.0,0,,0.0,-0.0010999999999999899,
-1.4111509096550416,0.615164955388876,1.0,0,,3.0000000000002247e-05,0.0,-47038.36365516453
-1.5756201005599495,0.5459109984242824,1.0,0,,0.0006000000000000449,0.0,-2626.0335009330524
-1.4891603207038744,0.5010382778909542,1.0,0,,0.0008999999999999009,-0.00019999999999997797,-1654.6225785600427
-0.10428346295998925,0.4515366808811331,1.0,0,,0.11500000000000021,-0.06299999999999883,-0.9068127213912092
-1.83462038087995,0.3686561276867195,1.0,0,,0.0,-0.3699999999999477,
-1.1766081985054486,0.48118242348014195,1.0,0,,0.00023999999999999022,-3.0000000000002247e-05,-4902.534160439569
-2.9686537849599466,0.5023779082185031,1.0,0,,0.010000000000005116,-0.0799999999999983,-296.8653784958428
-0.9094161973600469,0.4301516280915156,1.0,0,,0.0040000000000000036,0.0,-227.3540493400115
-0.4684386027240205,0.4484196222835023,1.0,0,,0.1599999999999966,0.0,-2.9277412670251906
-2.496118074879897,0.46481082519791667,1.0,0,,0.09999999999999432,-0.4199999999999875,-24.961180748800388
-1.6703415995112705,0.5697554863176748,1.0,0,,18.69999999999709,-17.10000000000582,-0.08932308018778237
-2.793543723203048,0.4979343977763915,1.0,0,,3.0000000000002247e-05,-0.0001300000000000051,-93118.12410676129
-1.321016890599946,0.5386873115718799,1.0,0,,1.099999999999909,-1.8700000000001182,-1.20092444600005
-1.3340539043998398,0.5667755952022608,1.0,0,,0.22000000000002728,-0.049999999999954525,-6.063881383634883
-0.21861781030876354,0.4330084752205133,1.0,0,,0.0012000000000000344,-6.999999999995898e-05,-182.18150859063107
-2.6635664592015886,0.46807528849233476,1.0,0,,9.999999999998899e-05,-0.0009000000000000119,-26635.66459201882
-1.3572810360318954,0.3872482719171826,1.0,0,,0.00019999999999997797,-0.00010000000000001674,-6786.4051801602245
-3.464178268819169,0.3367829444312551,,0,,0.0,0.0,
-3.745535810860631,0.6195255590896778,1.0,0,,0.0,-0.00014999999999999736,
-4.475882021999965,0.5639822258216118,1.0,0,,0.0030000000000001137,-0.01699999999999946,-1491.9606739999317
-3.76776173306393,0.4863584708619202,1.0,0,,0.0,-0.0009000000000000119,
-3.7026426856473407,0.6283712971922699,1.0,0,,1.0000000000001327e-06,-1.0999999999999725e-05,-3702642.685646849
-3.102335375080046,0.5441209236728397,1.0,0,,0.0,-0.015000000000000568,
-3.2641793620477717,0.5520015584298502,1.0,0,,9.999999999998899e-05,-0.0005000000000000004,-32641.793620481312
-4.466289474777486,0.5530219476269292,1.0,0,,0.0,-0.0020000000000000018,
-2.1989431482719244,0.5509325975858652,1.0,0,,0.01999999999999602,-0.11299999999999955,-109.9471574136181
-2.13797978649574,0.6726518192011279,1.0,0,,0.0020999999999999908,-0.0007000000000000339,-1018.0856126170236
-2.553256364159919,0.5819331289762026,1.0,0,,0.0,-0.23000000000000398,
-2.5109931917713855,0.5227367545257078,1.0,0,,0.0,-6.400000000000057e-09,
-3.417652864639957,0.6040744136983007,1.0,0,,0.0009999999999998899,-0.004999999999999893,-3417.652864640333
-0.9258145415999982,0.33529304503327506,1.0,0,,0.0999999999994543,0.0,-9.258145416050503
-2.5920239718860785,0.5694952964177444,1.0,0,,0.0,-0.000130000000000019,
-1.6991028509197776,0.49608523711874725,1.0,0,,0.0,-0.0022999999999999687,
-1.9483843286207732,0.5912807242320639,1.0,0,,0.00023000000000000798,-3.999999999998449e-05,-8471.236211394373
-1.5305445075198563,0.511972759648218,1.0,0,,0.030000000000001137,-0.030000000000001137,-51.01815025065994
-2.1522795145279368,0.5935789735705239,1.0,0,,9.999999999998899e-05,-0.0005000000000000004,-21522.79514528174
-1.7921948029917565,0.4301516280915156,1.0,0,,0.0,-0.009999999999999787,
-1.5836471597663069,0.4484196222835023,1.0,0,,0.0,-0.5,
-2.179603286651989,0.5697554863176748,1.0,0,,0.0,-90.40000000000873,
-2.182535783471919,0.5386873115718799,1.0,0,,0.32999999999992724,-2.5399999999999636,-6.613744798401213
-0.7359854805408239,0.46481082519791667,1.0,0,,0.03999999999999204,-0.3499999999999943,-18.39963701352426
-1.4890543396400333,0.5667755952022608,1.0,0,,0.0,-0.4800000000000182,
-2.0031944711328067,0.6143891202197553,,0,,0.0,0.0,
2.4843800760064285,0.4330084752205133,1.0,0,,0.0018799999999999928,0.0,1321.4787638332118
-1.919334033231875,0.3790085668739949,1.0,0,,0.0,-0.6700000000000159,
-0.722163502479973,0.32228734846482204,1.0,0,,0.041999999999999815,-0.006999999999999673,-17.194369106666098
-1.6192913945375662,0.46807528849233476,,0,,,,
-2.0170779286111404,0.6195255590896778,1.0,0,,0.0,-6.0000000000004494e-05,
-1.330499674859228,0.6283712971922699,1.0,0,,0.0,-7.000000000000062e-06,
-0.9997702518599343,0.4979343977763915,1.0,0,,0.0,-9.000000000000674e-05,
-0.18494198927982974,0.5819331289762026,1.0,0,,0.1700000000000017,-0.15000000000000568,-1.0878940545872229
-2.4827549933440145,0.5227367545257078,1.0,0,,3.000000000002343e-10,-3.399999999999832e-09,-8275849977.806918
-2.7135467770799164,0.49608523711874725,1.0,0,,0.0,-0.0018000000000000238,
-1.9432086829373607,0.5912807242320639,1.0,0,,0.0004599999999999882,0.0,-4224.366702037849
-2.5462938358399763,0.5530219476269292,1.0,0,,0.0,-0.0014999999999999458,
-1.6250463310848475,0.5694952964177444,1.0,0,,1.9999999999992246e-05,-3.999999999998449e-05,-81252.31655427387
-1.9983911964798142,0.6040744136983007,1.0,0,,0.0009999999999998899,0.0,-1998.3911964800343
-1.531411016959785,0.511972759648218,1.0,0,,0.0,-0.030000000000001137,
-3.404384154055732,0.6726518192011279,1.0,0,,0.0013999999999999568,-0.0010000000000000009,-2431.702967182741
-2.4998819104639605,0.3872482719171826,1.0,0,,0.0,-0.00040000000000001146,
-1.569668914015948,0.3367829444312551,1.0,0,,0.0,-5.000000000000143e-05,
-1.5752723566399918,0.5441209236728397,1.0,0,,0.0019999999999988916,-0.0039999999999995595,-787.6361783204325
-1.736015926399868,0.4863584708619202,1.0,0,,0.0,-0.000500000000000056,
-1.5945777157437309,0.5509325975858652,1.0,0,,0.007000000000005002,-0.07600000000000762,-227.7968165346559
-0.7118744164800368,0.33529304503327506,1.0,0,,0.6999999999998181,0.0,-1.0169634521146025
-1.676640335471879,0.3790085668739949,1.0,0,,0.0,-0.4900000000000091,
-0.28879495455993653,0.32228734846482204,1.0,0,,0.053999999999998494,-0.014000000000001123,-5.348054714073048
-0.2552002269934599,0.46807528849233476,1.0,0,,0.00029999999999996696,-0.000300000000000078,-850.6674233116266
-0.9323362334878171,0.5311758657926295,1.0,0,,0.8800000000001091,-0.5699999999999363,-1.0594729925996609
-1.119061597295894,0.4310379500047983,1.0,0,,0.015000000000000568,-0.022999999999999687,-74.60410648639011
-2.002839009600091,0.5709320591393098,1.0,0,,0.006000000000000227,0.0,-333.80650160000255
-7.5428660937135295,0.6220841617533278,1.0,0,,0.0,-0.00019000000000000267,
-1.9570343731200284,0.5802000557409267,1.0,0,,0.0,-0.23999999999999488,
-0.9208698370318701,0.48044517089440786,1.0,0,,0.000500000000000167,-0.0005999999999999339,-1841.7396740631252
-3.258906000767996,0.5520015584298502,1.0,0,,9.999999999998899e-05,-0.00040000000000001146,-32589.060007683547
-2.6975446229952813,0.5697554863176748,1.0,0,,16.10000000000582,-77.19999999999709,-0.16754935546548486
-1.4291439053920276,0.42019858356589856,1.0,0,,0.0,-0.001000000000000334,
-3.678868073831682,0.5915472818945717,1.0,0,,0.0,-0.0005000000000000004,
-2.144672932359809,0.5736737352628765,1.0,0,,0.07000000000005002,-0.31999999999993634,-30.638184747975373
-1.695476415867136,0.33813503207157586,1.0,0,,0.00041999999999997595,-0.0009899999999999909,-4036.848609207698
-9.215570190192256,0.6118169088382341,1.0,0,,1.9999999999992246e-05,-0.0007400000000000184,-460778.50950979145
-1.5132809031296048,0.5150954808751973,,0,,0.0,0.0,
-3.5903827439301814,0.6235284341618602,1.0,0,,0.0,-8.999999999999286e-05,
-4.833015829487849,0.6161194957925198,1.0,0,,0.0,-9.999999999999593e-06,
-2.3997223215836994,0.4957437669623924,1.0,0,,0.0,-9.000000000000674e-05,
-1.4964184113576995,0.45459214885622234,1.0,0,,1.0000000000021927e-10,-3.0999999999995976e-09,-14964184113.544182
-0.05925729709990979,0.3571228085120477,1.0,0,,3.0000000000002247e-05,-9.999999999999593e-06,-1975.2432366635117
-0.6138307177599438,0.34275112897582155,1.0,0,,0.3000000000001819,0.0,-2.0461023925319055
-3.2424344696223857,0.5453513903797753,1.0,0,,0.00019999999999997797,-0.0018000000000000238,-16212.172348113714
-2.7497696733313566,0.56037265244675,1.0,0,,0.0,-0.00011000000000002674,
-1.6136610732478212,0.3762836777330411,1.0,0,,0.0,-0.5099999999999909,
-1.4913919625598113,0.4979805688800453,1.0,0,,0.020000000000003126,-0.00999999999999801,-74.5695981279789
1.1599755798400895,0.3325903791536632,1.0,0,,0.02200000000000024,-0.05999999999999872,52.72616272000349
-1.9384961035598836,0.37133455039259267,1.0,0,,0.0,-0.0005000000000000004,
-2.0000102009599967,0.6052771262498597,1.0,0,,0.0,-0.004999999999999893,
-3.1483203289118236,0.5311758657926295,1.0,0,,0.7400000000000091,-3.6800000000000637,-4.254486930961871
-0.5781228019631317,0.4310379500047983,1.0,0,,0.020000000000003126,-0.012999999999998124,-28.90614009815207
-2.6031727508797413,0.5709320591393098,1.0,0,,0.0,-0.0129999999999999,
-2.431205347759807,0.5523413185202746,1.0,0,,0.0,-0.009999999999999787,
-2.4908983851646562,0.46229854974253726,1.0,0,,0.0,-0.0008000000000000229,
-3.2355204335999526,0.5479856541343797,1.0,0,,0.0,-0.16800000000000637,
-5.49431256572763,0.6220841617533278,1.0,0,,0.0,-0.00012000000000000205,
-2.0546458179119065,0.4843026062677912,1.0,0,,0.0,-0.0006999999999999229,
-3.879866949119907,0.5802000557409267,1.0,0,,0.0,-0.20999999999999375,
3.2845619170631863,0.6118169088382341,1.0,0,,0.0003300000000000247,0.0,9953.217930493758
-3.3572677961855986,0.5737598459936314,1.0,0,,0.09999999999126885,-101.80000000000291,-33.57267796478727
-1.100815112767856,0.42019858356589856,1.0,0,,0.0,-0.0009999999999998899,
-4.79567044655982,0.5915472818945717,1.0,0,,0.0,-0.0007000000000000339,
-2.3901574214000147,0.5736737352628765,1.0,0,,0.15000000000009095,-0.2799999999999727,-15.93438280932377
-1.2207677109599357,0.33813503207157586,1.0,0,,0.0,-0.0014899999999999913,
-3.847110860885536,0.6161194957925198,1.0,0,,0.0,-1.4000000000000123e-05,
-4.150932531960056,0.6235284341618602,1.0,0,,9.999999999996123e-06,-0.00012000000000000899,-415093.2531961665
-1.025273643663795,0.3762836777330411,1.0,0,,0.0,-0.3100000000000023,
-2.381123882239694,0.4979805688800453,1.0,0,,0.0,-0.07000000000000028,
-0.9019105262398986,0.34275112897582155,1.0,0,,0.1999999999998181,0.0,-4.5095526312035945
-1.2913838458799445,0.48044517089440786,1.0,0,,0.0,-0.0023000000000001908,
-2.0027085417597217,0.6052771262498597,1.0,0,,0.0019999999999997797,-0.0050000000000003375,-1001.3542708799711
-1.934493576600004,0.37133455039259267,1.0,0,,0.0,-0.0005000000000000004,
-1.4763154584000646,0.4957437669623924,1.0,0,,0.0,-0.00015000000000001124,
-0.8065165113600219,0.36440365288467313,1.0,0,,0.000800000000000356,0.0,-1008.1456391995788
-1.5723313153858878,0.3776883395032986,1.0,0,,0.0,-7.4000000000001324e-09,
-1.961353376015733,0.527154479943951,1.0,0,,0.0,-0.011000000000001009,
-1.1314259919999865,0.545815528167972,1.0,0,,0.0,-0.019999999999999574,
-1.5282896847169143,0.5555635645165975,1.0,0,,0.0,-0.00025999999999998247,
-1.9155413959359253,0.5329212081343131,1.0,0,,0.0,-0.00040000000000001146,
-1.1710583683919498,0.40265085136656875,1.0,0,,0.00019999999999997797,-0.0010000000000000009,-5855.291841960394
-1.5440558067439523,0.5128297917476319,1.0,0,,1.1900000000000546,-0.5399999999999636,-1.2975258880200684
-0.7410759657727429,0.3193526238876235,,0,,0.0,0.0,
-1.3445815073999507,0.5328996130661209,1.0,0,,0.04899999999999238,-0.06400000000000716,-27.440438926533872
-1.5347144527997953,0.5396995424240623,1.0,0,,0.030000000000001137,-0.060000000000002274,-51.157148426657905
-0.10927946232001318,0.3273600177725676,1.0,0,,0.13299999999999912,-0.016000000000000014,-0.8216500926316834
-1.525939085855982,0.5177478535504938,1.0,0,,0.0,-0.0001999999999999988,
-1.9004397783551723,0.524134836831173,1.0,0,,0.0,-52.5,
-2.1539713757918313,0.549168828124565,1.0,0,,0.0,-0.4800000000000182,
-0.7653376220159371,0.33657223133041936,1.0,0,,0.0,-0.0006000000000000449,
-0.732297769087898,0.3117268294010384,1.0,0,,0.0,-7.000000000000062e-05,
-0.7114338806398881,0.4527432359403133,1.0,0,,0.00029999999999996696,-0.000200000000000089,-2371.446268799888
-1.628030620000059,0.570696506010038,1.0,0,,0.0,-0.00019999999999997797,
-1.9323067020191986,0.5851818817927594,1.0,0,,3.000000000000398e-06,-2.0000000000002655e-06,-644102.2340063141
-2.9556988569573086,0.6064959436050725,1.0,0,,0.0,-0.00010999999999999899,
-1.6184314166397988,0.4805218183329999,1.0,0,,0.0,-0.03999999999999915,
-0.3642301131437501,0.600734780112491,1.0,0,,0.00017000000000000348,-0.00014000000000000123,-2142.530077316133
-0.8566406035198986,0.3057853657131858,1.0,0,,0.0,-0.0019999999999997797,
-1.2678413130238575,0.3609847271655645,1.0,0,,0.00019999999999997797,-0.0018000000000000238,-6339.2065651199855
-1.1171932252991237,0.4608499312194838,1.0,0,,0.0,-5.000000000000837e-05,
-0.8066654525439807,0.36440365288467313,1.0,0,,0.0013000000000000789,0.0,-620.5118865722552
-0.26270914558283065,0.3776883395032986,1.0,0,,2.0000000000001503e-09,-3.399999999999832e-09,-131354572.79140545
-1.4493234370558339,0.5774493707226123,1.0,0,,9.999999999998899e-05,-9.999999999998899e-05,-14493.234370559934
-1.6651195043199134,0.5778294514582737,1.0,0,,0.0,-0.0019999999999997797,
-1.1960827900078705,0.527154479943951,1.0,0,,0.0030000000000001137,0.0,-398.69426333594174
-0.28592754791035024,0.3437356261291552,1.0,0,,0.0025100000000000122,-8.999999999997899e-05,-113.91535773320672
-1.0506557475919558,0.5128297917476319,1.0,0,,1.3899999999998727,-0.20000000000004547,-0.7558674443108288
-0.961621406599848,0.5328996130661209,1.0,0,,0.06300000000000239,-0.0049999999999954525,-15.263831850790659
-0.6378687163199017,0.3430481486311362,,0,,0.0,0.0,
-1.3545668163200217,0.549168828124565,1.0,0,,0.009999999999990905,-0.35000000000002274,-135.45668163212537
-1.4250759728799942,0.3273600177725676,1.0,0,,0.0009999999999994458,-0.13100000000000023,-1425.075972880784
-1.4310845719998242,0.545815528167972,1.0,0,,0.0,-0.005000000000000782,
-1.3033361575918123,0.5555635645165975,1.0,0,,0.0,-7.999999999999674e-05,
-1.1450520483760098,0.5329212081343131,1.0,0,,0.0,-0.00019999999999997797,
-1.7335192663619479,0.5851818817927594,1.0,0,,2.0000000000002655e-06,0.0,-866759.6331808589
-1.4142662754463504,0.40265085136656875,1.0,0,,0.00029999999999996696,-0.0006000000000000449,-4714.220918155021
-2.051012377265516,0.3193526238876235,1.0,0,,0.0,-7.000000000000062e-05,
-1.9774580572798799,0.4805218183329999,1.0,0,,0.020000000000003126,-0.030000000000001137,-98.87290286397854
-1.574450424000009,0.5396995424240623,1.0,0,,0.07000000000000739,-0.01999999999999602,-22.49214891428347
-2.157473861793452,0.524134836831173,1.0,0,,30.0,-2.1999999999970896,-0.07191579539311507
0.4658228326760331,0.600734780112491,1.0,0,,9.999999999998899e-05,-0.0005300000000000027,4658.228326760844
-0.6442843380479352,0.3609847271655645,1.0,0,,9.999999999998899e-05,-0.0012000000000000899,-6442.843380480062
-0.2271247270879908,0.36440365288467313,1.0,0,,0.00019999999999997797,-0.0011999999999998678,-1135.6236354400792
-1.9842692208766637,0.6064959436050725,1.0,0,,2.999999999998837e-05,0.0,-66142.3073625811
-0.7686130609843899,0.3776883395032986,1.0,0,,3.799999999999862e-09,-2.2000000000001653e-09,-202266594.9958994
-0.6235750967639817,0.33657223133041936,1.0,0,,9.999999999998899e-05,0.0,-6235.750967640503
-1.5999846111359433,0.4527432359403133,1.0,0,,0.0,-0.0006000000000000449,
-1.628030620000059,0.570696506010038,1.0,0,,9.999999999998899e-05,-0.00030000000000002247,-16280.306200002382
-1.4403361557438823,0.527154479943951,1.0,0,,0.0,-0.009999999999999787,
-2.6185522346567898,0.3437356261291552,1.0,0,,0.0005899999999999794,-0.0023799999999999932,-4438.224126537087
-2.8345929233598506,0.5128297917476319,1.0,0,,0.5899999999999181,-1.8900000000001,-4.804394785356346
-2.225444974999809,0.5328996130661209,1.0,0,,0.0010000000000047748,-0.060000000000002274,-2225.444974989183
-0.9402530975999521,0.3057853657131858,1.0,0,,0.0,-0.0030000000000001137,
-1.1679183638974266,0.4608499312194838,1.0,0,,4.999999999999449e-05,0.0,-23358.367277951107
-2.6021838366717587,0.5774493707226123,1.0,0,,0.0,-0.0004999999999999449,
-1.6642225910399,0.5778294514582737,1.0,0,,0.002000000000000224,0.0,-832.1112955198569
-0.9682522544095564,0.44338925590878636,1.0,0,,0.0,-0.12999999999999545,
-0.6743653599199462,0.3231437636294676,1.0,0,,0.00999999999999801,-0.01999999999999602,-67.43653599200803
-0.913934524319906,0.34797721989186137,1.0,0,,0.1000000000003638,0.0,-9.139345243165812
-2.770730905579974,0.4910389120858493,1.0,0,,2.6999999999970896,-72.40000000000873,-1.026196631697393
-1.8445382345599812,0.40446726290115875,1.0,0,,0.0,-0.10000000000000853,
-1.677380910767876,0.4026139859834877,1.0,0,,0.0,-0.4800000000000182,
-0.8001758620799695,0.32841121771226356,1.0,0,,0.0389999999999997,0.0,-20.51732979692245
-1.7284066280822739,0.4563584248365097,1.0,0,,0.0,-7.000000000000062e-05,
-0.7024381171919303,0.3633920646988501,1.0,0,,0.0,-1.699999999999916e-09,
-1.16209567095991,0.4026131397286574,1.0,0,,0.0,-0.009999999999999787,
-2.1143086447835704,0.3994319580447433,1.0,0,,0.0,-9.999999999998899e-05,
-0.25372714348794223,0.38750784487337964,1.0,0,,0.0,-0.00030000000000002247,
-2.381529172517342,0.44760750118292447,1.0,0,,0.0,-1.000000000000046e-05,
-0.6571243231280559,0.3793804454643991,1.0,0,,0.0,-0.0004999999999999449,
-0.3657142874590007,0.6143158725619539,1.0,0,,0.00015999999999999348,-9.000000000000674e-05,-2285.7142966188476
-0.3091016604479119,0.3663492998984512,1.0,0,,0.0005999999999999339,-0.0017000000000000348,-515.1694340799098
-0.7564876411118538,0.4028572411023503,1.0,0,,0.000500000000000056,0.0,-1512.9752822235384
-0.7186392046079844,0.3723962372566332,1.0,0,,0.0039999999999995595,-0.0010000000000012221,-179.6598011520159
-1.4982276484559605,0.49846450072695736,1.0,0,,1.0399999999999636,-0.5800000000001546,-1.4406035081307815
-1.3821892235279634,0.4579307271393547,1.0,0,,0.0011199999999999544,-0.00031000000000003247,-1234.0975210071604
-1.524621773784966,0.44338925590878636,1.0,0,,0.15000000000000568,-0.06999999999999318,-10.164145158566056
-1.5031246484854863,0.3052282697764041,1.0,0,,0.0,-0.0005999999999999339,
-1.35654353826241,0.32738297556907203,1.0,0,,2.999999999998837e-05,-0.00012000000000000899,-45218.117942097866
-2.3464211105279356,0.5089404946909539,1.0,0,,0.02599999999999625,-0.08599999999999852,-90.24696578954901
-1.5681503207999998,0.44384890818408135,1.0,0,,0.0009999999999998899,-0.002000000000000224,-1568.1503208001725
-1.3947781230719887,0.3173236063086729,1.0,0,,0.000300000000000189,-0.0020000000000000018,-4649.260410237033
-1.9430099481600065,0.4425920863719487,1.0,0,,0.0,-0.00040000000000001146,
-7.281386382479894,0.32841121771226356,1.0,0,,0.016000000000000014,-0.1769999999999996,-455.086648904993
-1.238925294431919,0.5653043058015687,1.0,0,,0.00019999999999997797,-9.999999999998899e-05,-6194.6264721602765
-1.1495516374399581,0.3231437636294676,1.0,0,,0.010000000000005116,-0.02999999999999403,-114.955163743937
-0.7719208174400833,0.34797721989186137,1.0,0,,0.0999999999994543,0.0,-7.719208174442957
-2.1113894273039095,0.4910389120858493,1.0,0,,16.5,-56.89999999999418,-0.12796299559417634
-2.3765579421481,0.6143158725619539,1.0,0,,0.0003200000000000147,-0.00028000000000000247,-7426.743569212471
-1.7753195252798797,0.40446726290115875,1.0,0,,0.020000000000010232,-0.09000000000000341,-88.76597626394857
-1.512215651063856,0.4026139859834877,1.0,0,,0.0,-0.39999999999997726,
-1.9699244356176517,0.4563584248365097,1.0,0,,0.0,-0.00010000000000000286,
-2.007104430900038,0.3633920646988501,1.0,0,,0.0,-6.600000000000072e-09,
-2.2393508272639235,0.3723962372566332,1.0,0,,0.0030000000000001137,-0.0129999999999999,-746.4502757546129
-2.556413535599875,0.4026131397286574,1.0,0,,0.0,-0.015000000000000568,
-1.9116819780559229,0.3994319580447433,1.0,0,,0.0,-0.00018000000000001348,
-0.80673992313596,0.3663492998984512,1.0,0,,0.000300000000000189,-9.999999999976694e-05,-2689.1330771181724
-3.0352240381758646,0.49846450072695736,1.0,0,,0.39000000000010004,-4.089999999999918,-7.782625738910477
-1.1362183924007025,0.4579307271393547,1.0,0,,0.0018599999999999728,0.0,-610.8701034412469
-1.5919624069438538,0.38750784487337964,1.0,0,,0.0,-0.0005999999999999894,
-1.9598738243772047,0.44760750118292447,1.0,0,,0.0,-1.299999999999999e-05,
-2.028013889595206,0.3793804454643991,1.0,0,,0.0,-0.0019000000000000128,
-0.7373165956463206,0.3052282697764041,1.0,0,,0.0,-0.0007000000000000339,
-3.2320916029440334,0.5089404946909539,1.0,0,,0.0,-0.16100000000000136,
0.9217681864000813,0.30907691233113177,1.0,0,,0.0,-0.008299999999999974,
-1.1370622667774266,0.44338925590878636,1.0,0,,0.28999999999999204,0.0,-3.9209043681981304
-1.774601927439953,0.44384890818408135,1.0,0,,0.0,-0.004999999999999893,
-1.8249864998398886,0.33348078870874837,1.0,0,,0.0,-0.1620000000000008,
-1.1309247956159263,0.43817370685168194,1.0,0,,0.0,-0.00040000000000001146,
-1.799420423107849,0.623075166345945,1.0,0,,6.0000000000004494e-05,-0.0004599999999999882,-29990.34038512857
-1.0878598565279152,0.328722288866295,1.0,0,,0.0,-0.00014000000000000123,
-0.6507601987599048,0.342075622553714,1.0,0,,0.00047999999999998044,-0.0013199999999999878,-1355.7504140831902
-1.38891078720007,0.3554504881495539,1.0,0,,0.0,-0.0999999999994543,
-1.4288935075630866,0.37346630234858647,1.0,0,,7.5,-44.19999999999709,-0.1905191343417449
-0.9357258523199744,0.4053718955700789,1.0,0,,0.0,-0.15000000000000568,
-1.379656116744035,0.3931930870108913,1.0,0,,0.0,-0.00021999999999999797,
-0.8472552195039607,0.3848502361174376,1.0,0,,9.999999999998899e-05,-9.999999999998899e-05,-8472.55219504054
-0.8327443229759596,0.36928924677330155,1.0,0,,0.0,-0.00010000000000021103,
-1.0194352623360783,0.38900836621087753,1.0,0,,1.3199999999999363,-0.14000000000010004,-0.772299441163733
-2.2726562512750323,0.450695437009939,1.0,0,,9.999999999996123e-06,-0.00014000000000000123,-227265.62512759134
-1.31689356239981,0.3918182436031958,1.0,0,,0.009000000000000341,0.0,-146.32150693330667
-0.6579319798921011,0.36929435748582384,1.0,0,,1.9999999999997267e-09,-3.2000000000002404e-09,-328965989.94609547
-1.8064293770639903,0.3971146963568307,1.0,0,,0.01099999999999568,-0.1570000000000107,-164.22085246042724
-0.666723115519924,0.33348078870874837,1.0,0,,0.12399999999999878,-0.009999999999999787,-5.376799318709118
-1.0001081250199744,0.30999208675419154,1.0,0,,0.0,-0.00029999999999996696,
-2.391151993119952,0.4402228159581081,1.0,0,,0.0,-0.006000000000000227,
-0.03534978519998838,0.30900055758552664,1.0,0,,0.0030999999999998806,0.0,-11.403156516125723
-1.7306299958640092,0.43817370685168194,1.0,0,,0.0,-0.0006999999999999784,
-2.3614296414127964,0.623075166345945,1.0,0,,0.00025999999999998247,-2.0000000000020002e-05,-9082.421697742137
-1.087385570481529,0.328722288866295,1.0,0,,0.0,-0.0001300000000000051,
-1.4135849232000046,0.38900836621087753,1.0,0,,0.029999999999972715,-2.4300000000000637,-47.119497440043006
-1.4527633804798517,0.3918182436031958,1.0,0,,0.0,-0.009000000000000341,
-1.1728662297600585,0.3554504881495539,1.0,0,,0.0999999999994543,0.0,-11.728662297664588
-1.5592839479518665,0.37346630234858647,1.0,0,,4.600000000005821,-102.29999999998836,-0.3389747712934551
-1.4364158803999352,0.3627276965140698,1.0,0,,0.0,-0.00017999999999998573,
-0.9473835009599163,0.3605722351115483,1.0,0,,0.0,-0.00040000000000001146,
-2.7054603939024284,0.34777728032985167,1.0,0,,0.00017000000000000348,-0.0011200000000000099,-15914.472905308077
-0.9585430762143171,0.4285235657126827,1.0,0,,0.0,-3.0000000000002247e-05,
-0.4006861044479453,0.3705073248435057,1.0,0,,0.000500000000000167,-0.0015000000000000568,-801.372208895623
-6.1097458429950136,0.6049806533262709,1.0,0,,6.999999999998674e-05,-0.00035000000000001696,-87282.08347137387
-0.6032419236479598,0.3577784891026057,1.0,0,,0.04200000000000159,-0.018999999999991246,-14.362902943998499
-1.368628920204784,0.35727522630706765,1.0,0,,18.5,-69.19999999999709,-0.07397994163269103
-0.13495764595204718,0.3141680956650177,1.0,0,,0.0023999999999999577,0.0,-56.23235248002065
-1.4857698984479342,0.41858514169374483,1.0,0,,0.0,-0.00019999999999997797,
-1.2249406573440114,0.3627276965140698,1.0,0,,0.0,-0.00012000000000000899,
-1.0908149830159137,0.3038816651932337,1.0,0,,0.0,-9.999999999998899e-05,
-1.673731611439951,0.3714185329283387,1.0,0,,0.0,-2.5599999999999454,
-1.6881132492800495,0.3741651640769825,1.0,0,,0.0,-0.008000000000000895,
-0.7734920449279317,0.3705073248435057,1.0,0,,0.0011999999999998678,0.0,-644.5767041066807
-1.3526862729599398,0.3569997083040889,1.0,0,,0.0,-1.199999999999818,
-7.086355396427814,0.6049806533262709,1.0,0,,0.0,-0.0006800000000000139,
-0.8191835514719545,0.3577784891026057,1.0,0,,0.0,-0.0799999999999983,
-0.17441308851198328,0.3605722351115483,1.0,0,,0.0,-0.00029999999999996696,
-0.5817643778847158,0.34777728032985167,1.0,0,,0.0006300000000000194,-0.00034000000000000696,-923.4355204519013
-1.2716834134128887,0.4285235657126827,1.0,0,,1.9999999999992246e-05,0.0,-63584.17067066909
-2.0769491050559923,0.3141680956650177,1.0,0,,0.0,-0.00649999999999995,
-0.959588773855872,0.3705073248435057,1.0,0,,0.0008999999999996788,0.0,-1066.209748729127
-1.2175932693598883,0.3569997083040889,1.0,0,,0.0,-0.4000000000005457,
-0.6135735707006995,0.35727522630706765,1.0,0,,26.90000000000873,-2.1999999999970896,-0.02280942642009295
-0.003083718143920555,0.3027465564268299,1.0,0,,0.0026999999999999247,0.0,-1.142117831081719
-0.5088117889599999,0.408073786138868,1.0,0,,0.00029999999999996696,-0.0001000000000000445,-1696.0392965335197
-0.39195581470790924,0.33338801656073624,1.0,0,,0.0012099999999999889,0.0,-323.93042537844036
-0.5826322793279763,0.3481479674895096,1.0,0,,1.0199999999999818,-0.36999999999989086,-0.5712081169882223
-0.5916023276799558,0.3559774153288131,1.0,0,,0.0039999999999995595,-0.0009999999999994458,-147.90058192000524
-0.44265650504799536,0.4770266697629102,1.0,0,,0.0004099999999999937,0.0,-1079.6500123122005
-0.5565733035199194,0.33346292481940903,1.0,0,,0.038000000000010914,-0.012000000000000455,-14.646665882098935
-0.37433268211183607,0.34955062527257175,1.0,0,,0.00020000000000003348,-9.999999999998899e-05,-1871.6634105588669
-2.1046000236238696,0.552375248848317,1.0,0,,0.00039999999999995595,0.0,-5261.500059060253
-0.908253886087125,0.4018204413252165,1.0,0,,3.999999999999837e-05,0.0,-22706.34715217905
-0.9906891519998275,0.38600581302467585,1.0,0,,0.0009000000000001229,-0.0007999999999999119,-1100.7657244441025
-1.2399442186559488,0.3027465564268299,1.0,0,,0.0,-0.0018000000000000238,
-1.4331514307902937,0.4770266697629102,1.0,0,,0.00032999999999999696,0.0,-4342.883123606991
-0.8281090647037969,0.475595989191622,1.0,0,,0.0005999999999999894,-0.0001000000000000445,-1380.1817745063524
-0.8450325235815244,0.4018204413252165,1.0,0,,5.000000000000837e-05,0.0,-16900.650471627658
-2.162390910784003,0.3286688955028936,1.0,0,,0.0,-0.005400000000000071,
-0.5079452795199234,0.408073786138868,1.0,0,,0.00040000000000001146,-9.999999999998899e-05,-1269.8631987997721
-0.8224025976000034,0.3481479674895096,1.0,0,,0.8500000000001364,-3.3199999999999363,-0.9675324677645547
-0.7215347339199689,0.3559774153288131,1.0,0,,0.0019999999999988916,-0.008000000000000895,-360.7673669601844
-0.9257065559999252,0.3201236044455236,,0,,0.0,0.0,
0.05324305996803963,0.34955062527257175,1.0,0,,0.00030000000000002247,-9.999999999998899e-05,177.4768665601188
0.013353703512118842,0.33338801656073624,1.0,0,,0.0027499999999999747,-0.00028000000000000247,4.855892186225078
-1.853971260927874,0.38600581302467585,1.0,0,,0.00019999999999997797,-0.000300000000000189,-9269.85630464039
-0.16372882801583674,0.33346292481940903,1.0,0,,0.08599999999999852,-0.07399999999999807,-1.9038235815795297
-5.104720526879808,0.4770266697629102,1.0,0,,0.0,-0.0006400000000000017,
-0.865357003679861,0.3027465564268299,,0,,0.0,0.0,
-0.9526647563039826,0.32066545976761196,1.0,0,,0.0,-0.0023999999999999577,
-0.7778094526799586,0.40136017295058923,1.0,0,,0.0008999999999996788,0.0,-864.2327252002624
-0.9257065559999252,0.3209297243307544,,0,,0.0,0.0,
-0.28864311663346065,0.3641940139217259,1.0,0,,0.0011699999999999489,-0.00036000000000002697,-246.7035184901481
-0.5877772777439431,0.3635918197071668,1.0,0,,0.9300000000000637,-0.30999999999994543,-0.6320185782192503
-0.3497777267599339,0.49557568454042,1.0,0,,0.00017000000000000348,-9.000000000000674e-05,-2057.516039764275
-1.1120328897599296,0.40136017295058923,1.0,0,,0.00039999999999995595,-0.0015000000000000568,-2780.08222440013
-0.9171462803199285,0.42897389711416745,,0,,0.0,0.0,
-2.2062651155277586,0.5737820573449597,1.0,0,,0.0,-0.00029999999999996696,
0.014261769503907229,0.3641940139217259,1.0,0,,0.0009799999999999809,0.0,14.552826024395415
-0.5344331362239949,0.32066545976761196,1.0,0,,0.0016000000000000458,0.0,-334.0207101399873
-1.0869585378239275,0.3635918197071668,1.0,0,,0.21000000000003638,-1.650000000000091,-5.175993037255901
-0.14375635592377056,0.49557568454042,1.0,0,,0.00020000000000000573,0.0,-718.7817796188323
-0.7817132447999378,0.3209297243307544,,0,,0.0,0.0,
-0.6948824755200229,0.34776227051799113,1.0,0,,0.00039999999999995595,-0.00039999999999995595,-1737.2061888002486
0.544553819211987,0.30047063400165713,1.0,0,,0.008999999999999897,0.0,60.50597991244369
-7.672334880513428,0.48025569143207786,1.0,0,,0.00017000000000000348,-0.0020499999999999963,-45131.38165007806
-0.7364964411573955,0.49302010169199717,1.0,0,,0.00017000000000000348,0.0,-4332.33200680812
-3.6349549437837063,0.4260850778384052,1.0,0,,0.0,-0.004899999999999904,
-0.9933674827118467,0.31217649818019744,1.0,0,,0.007600000000000051,-9.999999999998899e-05,-130.70624772524212
-2.58833810995168,0.5639343997469054,1.0,0,,9.999999999998899e-05,-0.00029999999999996696,-25883.38109951965
-0.9769857750239481,0.3594396723613371,1.0,0,,0.9700000000000273,-0.9900000000000091,-1.0072018299215677
-0.9257065559999252,0.3203831579765487,1.0,0,,0.0,-0.1000000000003638,
-0.7669563943679898,0.34776227051799113,1.0,0,,0.0002999999999997449,-0.000300000000000189,-2556.5213145621397
-0.6035132115598025,0.49302010169199717,1.0,0,,0.00018000000000001348,-0.00043999999999999595,-3352.8511753319854
-0.6808263633770423,0.48025569143207786,1.0,0,,0.0010899999999999799,-0.0006500000000000394,-624.6113425477567
-3.0540633523197775,0.4260850778384052,1.0,0,,0.0,-0.0036000000000000476,
-1.035125277087843,0.40040165421790985,1.0,0,,0.0,-0.00019999999999997797,
-0.7251866054399381,0.3594396723613371,1.0,0,,0.37000000000011823,-0.7899999999999636,-1.9599637984856928
-0.381972586560033,0.31217649818019744,1.0,0,,0.0015000000000000568,0.0,-254.64839104001237
-0.13633582497899877,0.49302010169199717,1.0,0,,0.00020000000000000573,0.0,-681.6791248949743
-0.3223921257022828,0.3670497690092882,1.0,0,,4.000000000000531e-05,0.0,-8059.803142556
0.0038065747201120326,0.30047063400165713,1.0,0,,0.006000000000000227,-0.0009999999999998899,0.634429120018648
-1.6034025394557718,0.5639343997469054,1.0,0,,0.00029999999999996696,0.0,-5344.675131519828
-1.2136931783999003,0.3203831579765487,,0,,0.0,0.0,
-0.9906891519998275,0.3883059846406467,1.0,0,,0.00019999999999997797,0.0,-4953.445759999683
-6.162681778252631,0.47609748082941916,1.0,0,,0.00017000000000000348,-0.0019600000000000173,-36251.06928383827
-0.07710084782399451,0.40436316749860357,1.0,0,,0.0025999999999999357,0.0,-29.654172239998623
-0.4704158459158846,0.4902590731034586,1.0,0,,0.0002999999999999947,0.0,-1568.052819719643
-0.5513067241439735,0.42001390803343797,1.0,0,,0.0006000000000000449,0.0,-918.844540239887
-1.1261845307999452,0.3460678708189836,1.0,0,,0.38000000000010914,-1.4300000000000637,-2.9636435021042677
-0.18202479401596267,0.32520510580000406,1.0,0,,0.002100000000000213,0.0,-86.67847334092582
-0.7917032471999841,0.3180551526370543,1.0,0,,0.0,-0.1000000000003638,
-0.7350423582717749,0.3883059846406467,1.0,0,,0.001000000000000334,-0.0010999999999996568,-735.0423582715295
-0.7387692264319659,0.31699384604127273,,0,,0.0,0.0,
-0.7765513380240319,0.40436316749860357,1.0,0,,0.0012999999999998568,0.0,-597.3471830954749
-2.610292286306284,0.47609748082941916,1.0,0,,0.00028000000000000247,-0.0009399999999999964,-9322.472451093789
-0.334217095991784,0.4902590731034586,1.0,0,,0.00017000000000000348,-0.00026999999999999247,-1965.9829175986893
-0.16176019017591925,0.32520510580000406,1.0,0,,0.0022999999999999687,0.0,-70.33051746779194
-4.374932433695655,0.5607915256247797,1.0,0,,0.0,-0.0011999999999999789,
-1.8833841057200371,0.3960128371726849,1.0,0,,0.0,-0.002500000000000391,
-0.05417062954225349,0.4943931213119055,1.0,0,,0.0002600000000000102,0.0,-208.34857516250523
-0.9256885583999495,0.31875648258421196,,0,,0.0,0.0,
-0.089688978911938,0.32652932327938355,1.0,0,,0.0025999999999999357,-0.0014000000000000679,-34.495761119977004
-2.586152818871867,0.32249859221905686,1.0,0,,0.0,-0.004999999999999893,
-1.2437907122158722,0.5671661038656011,1.0,0,,0.00039999999999995595,0.0,-3109.476780540023
-1.2296178242400906,0.3960128371726849,1.0,0,,0.0005999999999999339,0.0,-2049.3630404003766
-1.7395305763918125,0.4943931213119055,1.0,0,,0.0004099999999999937,-0.00028000000000000247,-4242.75750339473
-0.7916700837404802,0.5079954413954453,1.0,0,,0.00018000000000001348,0.0,-4398.167131891228
-0.7717080443199115,0.31875648258421196,1.0,0,,0.1000000000003638,0.0,-7.7170804431710405
-0.9688906190079256,0.32652932327938355,1.0,0,,0.0,-0.0007999999999999119,
-8.886683144040068,0.48420012405140234,1.0,0,,0.0004899999999999904,-0.0022199999999999998,-18136.088049061716
-1.4084529673919697,0.31935869892228613,1.0,0,,0.0,-0.0030000000000001137,
-1.2298216782638374,0.42008734580828644,1.0,0,,0.0,-0.0019000000000000128,
-1.086836344320054,0.3911313550199861,1.0,0,,0.0,-0.000300000000000189,
-2.1025699551518264,0.5364173914788348,1.0,0,,0.00019999999999997797,-0.00029999999999996696,-10512.84977576029
-1.316942168880011,0.4259683855107701,,0,,0.0,0.0,
-0.7617332399999357,0.314646576127719,1.0,0,,0.1999999999998181,0.0,-3.8086662000031426
-1.543144565175834,0.33539450566334966,1.0,0,,0.0,-0.0028999999999999027,
-0.4727660284481202,0.5364173914788348,1.0,0,,0.0005999999999999339,0.0,-787.9433807469538
-4.246539771595843,0.476911940268663,1.0,0,,2.0000000000020002e-05,-0.0014199999999999768,-212326.98857957977
-1.0189501731838835,0.3911313550199861,1.0,0,,0.000600000000000378,-9.999999999976694e-05,-1698.2502886387358
-0.7411262841279032,0.31935869892228613,,0,,0.0,0.0,
-1.3145348053198287,0.42008734580828644,,0,,0.0,0.0,
-2.5110429286030254,0.5079954413954453,1.0,0,,0.00014000000000000123,-0.0006199999999999817,-17936.02091859288
-1.112076695104009,0.4259683855107701,,0,,0.0,0.0,
-4.897892389103881,0.41695860302385596,1.0,0,,0.0,-0.00770000000000004,
-0.9257425511998768,0.314646576127719,,0,,0.0,0.0,
-2.2302877580879326,0.334053771084146,1.0,0,,0.0,-0.00550000000000006,
-1.0551115059199834,0.39274188125772547,,0,,0.0,0.0,
-0.5022400996799012,0.3052480861757919,1.0,0,,0.0040000000000000036,0.0,-125.5600249199752
-0.0778929395037683,0.41695860302385596,1.0,0,,0.0026000000000001577,0.0,-29.95882288606291
-0.31064344015192497,0.334053771084146,1.0,0,,0.0019000000000000128,-0.00029999999999996696,-163.49654744838045
3.8239505111683196,0.49101516759295016,1.0,0,,0.0011199999999999821,0.0,3414.2415278289113
-2.1681319483040222,0.4256265627662983,1.0,0,,0.00019999999999997797,-0.0010000000000000009,-10840.659741521305
4.1766761819759335,0.3530058143331467,1.0,0,,0.0023199999999999887,0.0,1800.2914577482559
-0.9257425511998768,0.31943491657561107,1.0,0,,0.0,-0.0999999999994543,
-1.7318335336879287,0.5334671862810276,1.0,0,,0.0,-0.00029999999999996696,
-1.278887559680006,0.39274188125772547,1.0,0,,0.0,-0.001200000000000312,
-1.025972564166329,0.3775849979410663,,0,,0.0,0.0,
-1.3707150324479755,0.3052480861757919,1.0,0,,0.0,-0.0030000000000001137,
-1.6151583942400025,0.5647446614976369,,0,,0.0,0.0,
-2.7791116327726826,0.49101516759295016,1.0,0,,0.0,-0.0006000000000000172,
-0.46146856828798266,0.32683257437585,1.0,0,,0.0021999999999999797,-0.0021999999999999797,-209.75844013090315
-0.9257425511998768,0.32563009113798946,,0,,0.0,0.0,
0.4440010892798908,0.5073496196374051,1.0,0,,0.00018999999999999573,-0.00024000000000001798,2336.8478383152674
-1.4423043861601077,0.41381893311088236,1.0,0,,9.999999999976694e-05,-0.00010000000000021103,-14423.043861634691
-1.133812400319828,0.439612122948284,,0,,0.0,0.0,
-0.7498316636160067,0.3249961456856087,,0,,0.0,0.0,
-0.668918824145781,0.6252123381613884,1.0,0,,0.00023000000000000798,0.0,-2908.3427136772075
-4.218451957603963,0.36212325435547665,1.0,0,,0.0005299999999999749,-0.0020499999999999963,-7959.343316234269
-2.291194036767965,0.32683257437585,1.0,0,,0.0,-0.00649999999999995,
-0.29196531996804925,0.3077525478063998,1.0,0,,0.0019999999999997797,0.0,-145.9826599840407
-0.7917336433598529,0.32563009113798946,1.0,0,,0.0,-0.0999999999994543,
-1.1207498264159232,0.41381893311088236,1.0,0,,0.0,-0.0014999999999996128,
-0.8678815681536205,0.36642548010751747,1.0,0,,0.00039000000000000146,-0.0007900000000000129,-2225.337354240044
-0.771738440479962,0.32489432832775955,1.0,0,,0.0999999999994543,0.0,-7.7173844048417335
0.07242881968324699,0.6252123381613884,1.0,0,,0.00020999999999998797,-0.0005700000000000149,344.89914134881496
-0.7257396607999966,0.3077525478063998,,0,,0.0,0.0,
-1.9478745774798782,0.39769633660059545,1.0,0,,0.00019999999999997797,-0.0026999999999999247,-9739.372887400465
-0.4156389695999715,0.32538708048896026,1.0,0,,0.0799999999999983,0.0,-5.195487119999754
-0.3881005715599469,0.3952968936666411,1.0,0,,0.0020999999999999908,0.0,-184.80979598092793
-0.1041741775359577,0.3056971472437693,1.0,0,,0.0015000000000000568,-0.00029999999999996696,-69.44945169063584
0.13629538314239503,0.36642548010751747,1.0,0,,0.0012300000000000089,-7.00000000000145e-05,110.80925458731224
-0.5988655375999973,0.3140226808780111,,0,,0.0,0.0,
-0.9086179653200004,0.3952968936666411,1.0,0,,0.0004999999999997229,0.0,-1817.2359306410078
-0.3770689270400185,0.3008347203253056,1.0,0,,0.0004999999999999449,0.0,-754.1378540801201
7.258224195537813,0.6331424492184883,1.0,0,,0.0017900000000000138,-3.999999999998449e-05,4054.87385225573
-0.864621983199967,0.32538708048896026,1.0,0,,0.04999999999999716,0.0,-17.292439664000323
-2.0869153327359853,0.3056971472437693,1.0,0,,0.0,-0.0040000000000000036,
-0.0185814008711212,0.36017237159953586,1.0,0,,0.0006500000000000394,-0.0011999999999999789,-28.58677057095396
-0.7210189833599383,0.3952968936666411,1.0,0,,0.0013999999999998458,0.0,-515.0135595428698
-0.33240479463196504,0.36017237159953586,1.0,0,,0.0007599999999999829,0.0,-437.3747297789112
-1.9325567784426247,0.6331424492184883,1.0,0,,0.0004800000000000082,-0.0004599999999999882,-4026.1599550887327
-0.5718720014753101,0.39155168275830465,1.0,0,,2.1999999999997418e-09,0.0,-259941818.8524442
-0.4159017674240359,0.3056971472437693,1.0,0,,0.0012000000000000899,-0.0009999999999998899,-346.5848061866706
-0.6056724327838462,0.3140226808780111,1.0,0,,0.001000000000000334,0.0,-605.6724327836439
-0.7923276821887866,0.4348036458802883,1.0,0,,3.999999999999837e-05,0.0,-19808.19205472047
-0.7362374986752154,0.31558325657799763,1.0,0,,6.999999999998674e-05,0.0,-10517.67855250507
-0.4640167703999657,0.3467577461423381,1.0,0,,0.07000000000000739,0.0,-6.628811005713096
-0.7055220801600373,0.5005539562092649,1.0,0,,0.00019999999999997797,0.0,-3527.610400800575
-0.42214354367988643,0.33861246525984523,1.0,0,,0.006000000000000227,-0.0009999999999994458,-70.35725727997841
-0.6727324548798008,0.37674575558618656,1.0,0,,0.002000000000000224,-0.0009999999999998899,-336.36622743986277
-0.8845815409678994,0.4063272695956417,1.0,0,,0.00020000000000003348,-0.00019999999999997797,-4422.907704838756
-0.29700973275193665,0.31879370433141907,1.0,0,,0.0019999999999997797,0.0,-148.50486637598468
-0.06521344082076985,0.6416507775334505,1.0,0,,0.00020999999999998797,-0.00021000000000001573,-310.54019438463615
-0.5096816588751496,0.4348036458802883,1.0,0,,4.999999999999449e-05,0.0,-10193.633177504114
-0.37732837087039,0.31558325657799763,1.0,0,,0.00010999999999999899,0.0,-3430.257917003577
-1.5379236398975018,0.31558325657799763,1.0,0,,0.0,-0.00017000000000000348,
2.3573426702240052,0.3636441076234771,1.0,0,,0.0010700000000000154,0.0,2203.123990863525
-2.654100543928121,0.5005539562092649,1.0,0,,0.0,-0.00030000000000002247,
-1.382282870399966,0.33861246525984523,1.0,0,,0.0,-0.009999999999999787,
-1.7821553081599122,0.37674575558618656,1.0,0,,0.0,-0.0040000000000000036,
-1.651086747311921,0.4063272695956417,1.0,0,,0.0,-0.00020000000000003348,
-1.2039085295999175,0.3467577461423381,1.0,0,,0.029999999999986926,-0.04000000000000625,-40.13028432001474
-1.5181995666239194,0.3818853202239721,1.0,0,,0.0,-0.0005999999999999339,
-0.8203267851358556,0.4092742515479262,1.0,0,,0.00020000000000003348,0.0,-4101.633925678591
-2.04483002169614,0.6319875351326961,1.0,0,,0.00020000000000000573,0.0,-10224.150108480408
-0.21026098819995226,0.3128159478773841,1.0,0,,0.0003999999999999837,-0.00040000000000001146,-525.652470499902
-1.1858934314878389,0.31879370433141907,1.0,0,,0.0,-0.0019999999999997797,
-1.0984199769231142,0.4348036458802883,1.0,0,,2.0000000000006124e-05,-3.999999999999837e-05,-54920.99884613889
-1.3209848985600474,0.38137253535648147,1.0,0,,0.0,-7.999999999999674e-05,
-1.414167217199798,0.47245738350582767,1.0,0,,0.0,-0.11999999999997613,
-0.9062888092159295,0.5057968159354316,1.0,0,,9.999999999998899e-05,0.0,-9062.888092160292
-0.5423301081599552,0.345038762752092,1.0,0,,0.002000000000000668,0.0,-271.16505407988706
-0.8504845544798704,0.3767028262967135,,0,,0.0,0.0,
-1.2617845127999727,0.5139202772866226,1.0,0,,0.0,-0.010000000000005116,
-1.3696241675160081,0.36830088794808435,1.0,0,,6.0000000000004494e-05,-0.0011599999999999944,-22827.069458598427
0.8623886213082148,0.6319875351326961,1.0,0,,0.0008399999999999797,0.0,1026.6531206050424
-2.056694901811129,0.32763116450734325,1.0,0,,0.0,-0.00021999999999999797,
-2.3925089116480325,0.3889024376889426,1.0,0,,0.0,-0.0010999999999999899,
-0.34696499551198046,0.36830088794808435,1.0,0,,0.0005999999999999894,-0.00025999999999998247,-578.2749925199776
0.05865304032010754,0.32718322909218445,1.0,0,,0.0040000000000000036,0.0,14.663260080026872
-1.1296018485278818,0.438173640698121,1.0,0,,9.999999999996123e-06,-3.0000000000002247e-05,-112960.18485283197
-3.459263015423845,0.3128159478773841,1.0,0,,0.0,-0.0013999999999999846,
-0.8807737597919205,0.31877773667520937,1.0,0,,0.9100000000000819,0.0,-0.9678832525185069
-2.0176273260000563,0.6214753026693769,1.0,0,,0.00021999999999999797,-9.999999999982245e-06,-9171.033300000341
-1.7261325130421676,0.39155168275830465,1.0,0,,1.2000000000000902e-09,-4.999999999999952e-09,-1438443760.868365
-1.5683133255381916,0.38137253535648147,1.0,0,,0.0,-3.999999999999837e-05,
-1.9489128875997683,0.47245738350582767,1.0,0,,0.030000000000001137,-0.20000000000001705,-64.96376291998982
-1.0351446064559058,0.4092742515479262,1.0,0,,0.0001000000000000445,-9.999999999998899e-05,-10351.446064554451
-0.4866223258399979,0.32763116450734325,1.0,0,,3.999999999998449e-05,-0.00012000000000000899,-12165.558146004665
-0.7385561290495501,0.37663180783269257,1.0,0,,3.999999999999837e-05,0.0,-18463.903226239505
-1.7705864467196801,0.5057968159354316,1.0,0,,0.0,-9.999999999998899e-05,
-0.9265475231999474,0.345038762752092,1.0,0,,0.0019999999999988916,0.0,-463.27376160023044
-0.4869849394399337,0.3767028262967135,1.0,0,,0.0029999999999996696,-0.001000000000000334,-162.32831314666245
-1.2610840511999193,0.5139202772866226,1.0,0,,0.04999999999999716,0.0,-25.22168102399982
0.19425566401919714,0.36920594927026046,1.0,0,,0.0007999999999999674,-2.0000000000020002e-05,242.8195800240063
-4.222075080959926,0.3332138687641289,1.0,0,,0.0,-0.0012000000000000066,
-0.6805562490000195,0.386871547310513,1.0,0,,0.00029999999999996696,-0.000300000000000078,-2268.520830000315
-0.34045124961590006,0.4137846170561701,1.0,0,,0.00030000000000002247,0.0,-1134.8374987195818
-0.721511317871999,0.31877773667520937,1.0,0,,0.9700000000000273,0.0,-0.7438261008989471
-1.276411862375984,0.30136986538921207,1.0,0,,0.0,-0.0020999999999999908,
-1.0205528877598198,0.3219783501907383,,0,,0.0,0.0,
-0.834139445660087,0.473709281237028,1.0,0,,0.10999999999998522,0.0,-7.5830858696381735
-0.6038474265095561,0.4042561104392284,1.0,0,,2.699999999999991e-09,-9.999999999979575e-11,-223647195.00354004
-1.486317186535731,0.5008215547217134,1.0,0,,0.00020000000000003348,0.0,-7431.585932677411
-0.7822299955199001,0.3410114313834549,1.0,0,,0.004999999999999005,0.0,-156.44599910401115
-1.2332634131998836,0.37965729727064934,1.0,0,,0.002000000000000224,0.0,-616.6317065998728
-0.023314760524932532,0.36920594927026046,1.0,0,,0.0007199999999999984,-0.00018000000000001348,-32.38161184018414
0.28342009123196804,0.3332138687641289,1.0,0,,0.0007000000000000062,0.0,404.88584461709365
-0.7968232195839657,0.43868618156571837,1.0,0,,3.999999999999837e-05,-4.000000000001225e-05,-19920.580489599954
-1.373658873359829,0.5160470783322614,1.0,0,,0.060000000000002274,0.0,-22.89431455599628
-0.5625182093439389,0.30136986538921207,1.0,0,,0.0012000000000000899,0.0,-468.7651744532473
-1.2019773650640506,0.37663180783269257,1.0,0,,1.9999999999992246e-05,0.0,-60098.86825322583
-0.6280186111915218,0.4042561104392284,1.0,0,,1.9999999999997267e-09,-1.2000000000000902e-09,-314009305.5958038
-0.3147760730879007,0.31877773667520937,1.0,0,,0.7999999999999545,-0.8200000000001637,-0.3934700913598982
-0.7052446913117167,0.5008215547217134,1.0,0,,0.00020000000000003348,0.0,-3526.2234565579934
-0.7817739379198665,0.3410114313834549,1.0,0,,0.006999999999999673,0.0,-111.68199113141472
-1.041415130559903,0.37965729727064934,1.0,0,,0.002000000000000224,0.0,-520.7075652798933
-7.263921848366207,0.6214753026693769,1.0,0,,0.00015999999999999348,-0.0007800000000000029,-45399.51155229065
-3.8145244506526508,0.473709281237028,1.0,0,,0.0,-0.4399999999999977,
-2.696590478879823,0.386871547310513,1.0,0,,0.0,-0.00029999999999996696,
-1.0899700630399949,0.4137846170561701,,0,,0.0,0.0,
-0.3462297110638986,0.3219783501907383,1.0,0,,0.0019999999999997797,0.0,-173.11485553196837
-0.28997438424310545,0.3796025823063375,1.0,0,,0.0005899999999999794,-0.00043000000000004146,-491.4820071917213
-1.1731828348799402,0.3474784222173938,1.0,0,,0.0005999999999999894,-0.00030000000000002247,-1955.3047247999348
-0.4363455883967723,0.6544515639678348,1.0,0,,0.0006299999999999917,-4.999999999999449e-05,-692.6120450742509
-3.0846851925598977,0.5160470783322614,1.0,0,,0.0,-0.10999999999999943,
-0.6816115433918745,0.46511660639196184,1.0,0,,0.014000000000002899,-0.0259999999999998,-48.686538813695236
-1.3142942981598993,0.44911585980902474,1.0,0,,0.00999999999999801,0.0,-131.42942981601607
-0.5529202286399706,0.30551753333230297,1.0,0,,0.001000000000000112,0.0,-552.9202286399087
-2.1867938654761057,0.4528095032451281,1.0,0,,9.999999999996123e-06,-8.000000000001062e-05,-218679.38654769535
-1.8601105064522847,0.3863208817517104,1.0,0,,0.0,-6.200000000000042e-09,
-1.1545538094461785,0.3863208817517104,1.0,0,,1.699999999999916e-09,0.0,-679149299.6742562
-1.3842675443999464,0.44911585980902474,1.0,0,,0.01999999999999602,0.0,-69.21337722001108
-1.6863696741119725,0.39257681547357537,1.0,0,,0.0,-5.000000000000837e-05,
-0.9404019585599985,0.33697939138860844,1.0,0,,0.4699999999997999,-0.6400000000001,-2.000855230979572
-1.924848633600159,0.5198961886589626,1.0,0,,0.0,-0.00020000000000003348,
-0.7175822347199091,0.3572467902339971,1.0,0,,0.0,-0.006999999999999673,
-1.6955374143456163,0.49145148550091616,1.0,0,,0.03999999999999204,-0.12000000000000455,-42.38843535864884
-1.05888323430395,0.34203908937997035,1.0,0,,0.0,-0.0009999999999998899,
-1.4652092470400033,0.401957099811589,1.0,0,,0.0009999999999998899,0.0,-1465.2092470401647
-0.30801880595184233,0.46511660639196184,1.0,0,,0.0329999999999977,-0.03100000000000236,-9.33390321066254
-0.1725711322078959,0.3474784222173938,1.0,0,,0.0005999999999999894,-0.00020000000000000573,-287.61855367983156
-0.21991579792001248,0.30551753333230297,1.0,0,,0.0021999999999999797,0.0,-99.96172632727932
-1.6319294654255883,0.39257681547357537,1.0,0,,5.000000000000837e-05,0.0,-32638.5893085063
-0.9014235297599495,0.41749315963178774,1.0,0,,9.999999999998899e-05,0.0,-9014.235297600488
3.778517937191337,0.3796025823063375,1.0,0,,0.0022500000000000298,-9.99999999995449e-06,1679.3413054183497
-1.1692450023800411,0.32464656965674243,1.0,0,,0.0,-5.000000000000143e-05,
-1.5641816875519456,0.39963477357302785,1.0,0,,0.0,-0.0004999999999999449,
-1.3275215215998069,0.5375495296854069,1.0,0,,0.030000000000001137,0.0,-44.25071738665855
-8.447803751399984,0.6544515639678348,1.0,0,,0.0,-0.0007999999999999952,
-1.4700357193535916,0.4528095032451281,1.0,0,,3.0000000000002247e-05,-1.0000000000010001e-05,-49001.19064511605
-0.9234965681158943,0.46511660639196184,1.0,0,,0.01699999999999946,-0.01699999999999946,-54.3233275362308
-1.0281300597199396,0.35324534646985345,1.0,0,,0.0068000000000000005,0.0,-151.19559701763816
0.034503811612323354,0.3112125092897584,1.0,0,,0.009400000000000075,0.0,3.6706182566301147
-2.584866284885981,0.6438432618329215,1.0,0,,0.0005299999999999749,0.0,-4877.106197898308
-1.2020324278558934,0.33697939138860844,1.0,0,,0.0,-2.0499999999999545,
-2.322949485391862,0.5198961886589626,1.0,0,,0.0,-0.00019999999999997797,
-0.7831413127199823,0.3572467902339971,1.0,0,,0.0,-0.006999999999999673,
-2.4368232619295322,0.49145148550091616,1.0,0,,0.03999999999999204,-0.3199999999999932,-60.920581548250425
-0.9143616986399572,0.34203908937997035,,0,,0.0,0.0,
-1.831765850240016,0.401957099811589,1.0,0,,0.0,-0.0050000000000003375,
-1.530134579711759,0.41749315963178774,1.0,0,,0.0,-9.999999999998899e-05,
-2.0980523901817643,0.34087505461933815,1.0,0,,2.999999999998108e-10,-5.9000000000002315e-09,-6993507967.276958
-2.0820078506399247,0.4556490412382547,1.0,0,,0.0,-0.03999999999999915,
-1.5133078705359833,0.3272586844274116,1.0,0,,0.0,-8.99999999999998e-05,
-1.7168697454344142,0.3941724817361014,1.0,0,,0.0,-9.000000000000674e-05,
-0.9715012641215075,0.46704882717713037,1.0,0,,0.015999999999998238,-0.006000000000000227,-60.71882900760091
-0.710348652832012,0.3112125092897584,1.0,0,,0.0017000000000000348,0.0,-417.85214872470436
-1.0715833408000155,0.3916123252009488,1.0,0,,0.002000000000000224,0.0,-535.7916703999477
-1.415615459522188,0.39026470870535784,1.0,0,,0.0,-0.0008599999999999719,
-2.10716206588796,0.3853757976510468,1.0,0,,0.00019999999999997797,-0.0008000000000000229,-10535.810329440961
-3.0084172031998766,0.5323897521880561,1.0,0,,0.0,-0.10999999999999943,
-1.5600489528734973,0.44442656222641624,1.0,0,,1.9999999999992246e-05,-3.0000000000002247e-05,-78002.4476437051
-1.2987714921119464,0.32864259323011336,1.0,0,,0.0,-2.2200000000000273,
-2.274337163879916,0.5161548385683782,1.0,0,,0.0,-0.00019999999999997797,
-1.0828909759198995,0.3545741382325069,1.0,0,,0.0,-0.007999999999999119,
-0.989428343529538,0.46704882717713037,1.0,0,,0.014999999999997016,0.0,-65.96188956864899
-0.31975068403195794,0.3112125092897584,1.0,0,,0.0016000000000000458,-0.0009999999999998899,-199.84417751996799
-1.010712451439998,0.3453540752481733,1.0,0,,0.0,-0.002000000000000224,
-3.3765168838894644,0.6438432618329215,1.0,0,,0.00032999999999999696,-0.00035000000000001696,-10231.869345119683
-1.426051916855989,0.3941724817361014,1.0,0,,9.999999999996123e-06,-7.000000000000062e-05,-142605.1916856542
-1.4609823278399403,0.4556490412382547,1.0,0,,0.00999999999999801,-0.030000000000001137,-146.0982327840231
-0.8025111771740874,0.34087505461933815,1.0,0,,0.0,-3.500000000000051e-09,
-5.425521237639985,0.39026470870535784,1.0,0,,0.000260000000000038,-0.0016399999999999748,-20867.389375535357
-2.0228224052799684,0.3916123252009488,1.0,0,,0.0,-0.0050000000000003375,
-0.280128200601487,0.3272586844274116,1.0,0,,6.0000000000004494e-05,0.0,-4668.8033433577675
-3.1519189550301667,0.4697534880781845,1.0,0,,0.0,-0.0730000000000004,
-3.2401969585774877,0.4701129239786196,1.0,0,,0.10999999999998522,-0.3800000000000239,-29.456335987072027
-1.101265089599995,0.4201000553836606,1.0,0,,0.0,-0.00030000000000002247,
-3.730757591999724,0.5323897521880561,1.0,0,,0.0,-0.1699999999999875,
-0.8037630254016113,0.44442656222641624,1.0,0,,3.999999999999837e-05,-9.999999999996123e-06,-20094.0756350411
-1.2465208048798935,0.32864259323011336,1.0,0,,0.040000000000190994,-0.709999999999809,-31.16302012184854
-1.6295541225601071,0.3545741382325069,1.0,0,,0.0,-0.008000000000000895,
-0.9206658141167519,0.49846004576465425,1.0,0,,0.0010600000000000054,-0.0006900000000000239,-868.55265482712
-1.7569857376798252,0.3446798091973281,1.0,0,,0.0,-0.0029999999999996696,
-1.3774763983142635,0.37496301603095195,1.0,0,,0.0,-4.999999999999449e-05,
-2.6355975014398925,0.43547117182182477,1.0,0,,0.0,-0.0040999999999999925,
-1.6813710081598963,0.37356994336960914,1.0,0,,0.0,-0.002000000000000224,
-0.544530480327098,0.4697534880781845,1.0,0,,0.0259999999999998,-0.021000000000000796,-20.943480012580853
-10.76689452409586,0.5848174579485074,1.0,0,,1.9999999999992246e-05,-0.0010700000000000154,-538344.7262050017
-1.5108767693599932,0.4221363542559571,,0,,0.0,0.0,
-1.3635613837437908,0.4429830650985276,1.0,0,,3.0000000000002247e-05,0.0,-45452.046124789624
-0.8617715469439028,0.46129741192886864,1.0,0,,0.06999999999999318,-0.12999999999999545,-12.31102209919981
-1.1692276239999628,0.5261667226653644,1.0,0,,0.03999999999999204,0.0,-29.230690600004888
-0.7931488838397968,0.37356994336960914,1.0,0,,0.002000000000000224,-0.0009999999999998899,-396.574441919854
-0.7840542259200343,0.3322470273245314,1.0,0,,0.0009999999999994458,-0.002000000000000668,-784.0542259204688
-0.8695855809094011,0.4697534880781845,1.0,0,,0.017000000000003013,-0.012999999999998124,-51.15209299466159
-0.8428675046399513,0.4429830650985276,1.0,0,,3.999999999999837e-05,-9.999999999996123e-06,-21071.687615999643
-0.4849885967998987,0.35246114441667475,1.0,0,,0.0799999999999983,0.0,-6.0623574599988626
-1.0220195328991952,0.37496301603095195,,0,,0.0,0.0,
-1.0099573191600195,0.3446798091973281,1.0,0,,0.0,-0.001000000000000334,
-2.526237079679907,0.43547117182182477,1.0,0,,0.0,-0.0035000000000000586,
-0.528378928159925,0.35877228738397665,1.0,0,,0.0019999999999997797,0.0,-264.18946407999164
-0.3908287636200344,0.46048417776987427,1.0,0,,3.999999999999837e-05,0.0,-9770.719090501258
3.2077999478930965,0.4592617495775267,1.0,0,,0.0007300000000000084,0.0,4394.246503963095
-0.31785496697125304,0.3098272594531206,1.0,0,,4.999999999999449e-05,0.0,-6357.099339425761
-1.518605039279993,0.42530565442864005,,0,,0.0,0.0,
-2.806682451148689,0.45471762790814785,1.0,0,,0.00999999999999801,-0.0400000000000027,-280.66824511492473
-0.864872923999942,0.35246114441667475,1.0,0,,0.01999999999999602,-0.04999999999999716,-43.2436462000057
-1.6318676662798577,0.37313161629403235,1.0,0,,1.0000000000010001e-05,-4.999999999999449e-05,-163186.76662782257
-0.9620327141279321,0.4369752679236899,1.0,0,,0.0,-9.999999999998899e-05,
0.46021282368105565,0.34873809804261946,1.0,0,,0.0017000000000000348,0.0,270.7134256947331
-1.1717123213759084,0.33197505539811595,1.0,0,,0.0,-0.0009999999999998899,
-0.9026744482000136,0.45471762790814785,1.0,0,,0.01699999999999946,-0.00999999999999801,-53.09849695294366
-0.9633731768799076,0.35877228738397665,1.0,0,,0.0,-0.0009999999999998899,
-1.7475010010855536,0.3098272594531206,1.0,0,,0.0,-8.99999999999998e-05,
-0.20545267956634167,0.4592617495775267,1.0,0,,0.0004200000000000037,-4.999999999999449e-05,-489.17304658652347
-0.606063129623959,0.42530565442864005,,0,,0.0,0.0,
-0.5418150529199649,0.31594619419338643,1.0,0,,0.7999999999999545,-0.13000000000010914,-0.6772688161499947
-3.1056211358080414,0.5161548385683782,1.0,0,,9.999999999998899e-05,-0.00040000000000001146,-31056.211358083834
-0.03198279891256295,0.49846004576465425,1.0,0,,0.0017100000000000448,-0.00041999999999997595,-18.703391176936908
-1.5718961934719835,0.3502246062089349,1.0,0,,0.009999999999990905,-0.28000000000002956,-157.1896193473413
-8.67552341395198,0.4393531901197799,1.0,0,,0.0,-0.0010600000000000054,
-1.3253787384000009,0.3613293760507288,1.0,0,,0.009999999999990905,-0.060000000000002274,-132.53787384012062
-1.681727155055903,0.4118864964564957,1.0,0,,0.0,-0.0014999999999998348,
-2.523475852334239,0.46048417776987427,1.0,0,,3.0000000000002247e-05,-0.00010999999999999899,-84115.86174446833
-1.5441737439199181,0.3676239276925213,1.0,0,,0.0,-0.004999999999999893,
-1.7111038233025042,0.4510436126900328,1.0,0,,0.003999999999997783,-0.05000000000000071,-427.77595582586315
-0.7545100544959014,0.3287420938840796,,0,,0.0,0.0,
-0.415257595695946,0.4510436126900328,1.0,0,,0.03200000000000003,0.0,-12.9767998654983
-1.506055777248008,0.42775449816372724,1.0,0,,0.0,-0.00020000000000003348,
-1.0820511441200145,0.31594619419338643,1.0,0,,0.0,-1.9500000000000455,
-1.151851429727851,0.33831342780741147,1.0,0,,0.0,-0.00020000000000003348,
-0.9673985692800046,0.3502246062089349,1.0,0,,0.060000000000002274,-0.20999999999997954,-16.123309487999464
-0.04639218397276568,0.36121565035409275,1.0,0,,0.0007300000000000084,-0.0012800000000000034,-63.550936948993346
-0.724807988265505,0.4393531901197799,1.0,0,,0.0011299999999999921,-6.999999999998674e-05,-641.4229984650531
-1.2658050871999595,0.3613293760507288,1.0,0,,0.0,-0.09000000000000341,
-1.112873738239965,0.33248718355810747,1.0,0,,0.0,-0.00039999999999995595,
-0.9405788895360749,0.4118864964564957,1.0,0,,0.0009999999999998899,-0.000400000000000178,-940.5788895361785
-1.085559112835837,0.4689263323143944,1.0,0,,3.0000000000002247e-05,-3.999999999999837e-05,-36185.303761191855
-0.5459487311999359,0.358121746348736,1.0,0,,0.06999999999999318,0.0,-7.799267588571273
-1.3188754699199345,0.3676239276925213,1.0,0,,0.0,-0.0030000000000001137,
-1.067054920588627,0.45699137769596915,1.0,0,,3.0000000000002247e-05,0.0,-35568.49735295157
-0.3397647302431382,0.45288677354881446,1.0,0,,0.022000000000002018,0.0,-15.443851374686684
-0.8875615257598825,0.3252133094233487,,0,,0.0,0.0,
-1.5259224523198025,0.42870401278395937,1.0,0,,0.0,-0.00029999999999996696,
-7.854877443520914,0.40799511264034466,1.0,0,,4.999999999999449e-05,-0.0010499999999999954,-157097.5488704356
-6.191391530711829,0.37801236632939206,1.0,0,,0.00012000000000000899,-0.0017999999999999683,-51594.92942259471
-3.04011244185591,0.3252133094233487,1.0,0,,0.0,-0.008000000000000007,
-3.635279527263892,0.40727089496657,1.0,0,,0.0,-0.0040000000000000036,
-1.2289017796326696,0.45699137769596915,1.0,0,,3.0000000000002247e-05,-9.999999999996123e-06,-40963.39265441925
3.285914159438641,0.40799511264034466,1.0,0,,0.0012100000000000166,0.0,2715.6315367261122
-1.1154270223999818,0.358121746348736,1.0,0,,0.0,-0.060000000000002274,
-1.7949771573598101,0.42870401278395937,1.0,0,,0.0,-0.00019999999999997797,
-2.472173236223883,0.45288677354881446,1.0,0,,0.0,-0.04499999999999815,
-2.5758036274359353,0.37801236632939206,1.0,0,,0.00037999999999999146,-0.0015200000000000213,-6778.430598515772
-2.854065930307031,0.4789073026362022,1.0,0,,0.0,-8.999999999999286e-05,
-1.9526991251599284,0.32437448695632276,1.0,0,,0.0,-0.0005000000000000004,
-2.447462286191723,0.40727089496657,1.0,0,,0.0,-0.0029000000000001247,
-1.1572674551279654,0.3252133094233487,1.0,0,,0.0,-0.0009999999999998899,
-2.617574871999924,0.36503154872908894,1.0,0,,0.0,-0.18000000000000682,
-4.244481503247894,0.4649855151489343,1.0,0,,0.0,-0.0730000000000004,
-0.21267693774709018,0.3795545032648585,1.0,0,,0.0005399999999999849,-7.00000000000145e-05,-393.84618101314095
-4.776265790092647,0.4789073026362022,1.0,0,,0.0,-0.00015999999999999348,
-0.42670080460790666,0.3004860964133803,1.0,0,,0.0014000000000000679,0.0,-304.78628900563285
-0.028758426928003566,0.5481193664305393,1.0,0,,0.0006999999999999784,0.0,-41.08346704000636
-1.9894245965279511,0.33349986503841356,1.0,0,,0.0,-0.0040000000000000036,
-0.2545087311359385,0.32437448695632276,1.0,0,,0.00040000000000001146,0.0,-636.2718278398281
-0.7112129069949459,0.4649855151489343,1.0,0,,0.022000000000002018,0.0,-32.32785940885821
-1.4492792711998819,0.36503154872908894,1.0,0,,0.0,-0.14000000000000057,
-1.3226102730671823,0.4789073026362022,1.0,0,,2.999999999998837e-05,-3.999999999999837e-05,-44087.0091022565
-0.0390549184559662,0.5115455497938444,1.0,0,,0.0007999999999999952,-0.00010000000000001674,-48.81864806995805
-4.592113753385579,0.35859955784485625,1.0,0,,0.00015999999999999348,-0.0021100000000000008,-28700.71095866104
-0.870280121880016,0.31184684884964486,1.0,0,,0.000200000000000089,-9.999999999998899e-05,-4351.400609398143
-2.2890276610560005,0.30524692840129714,1.0,0,,0.0,-0.07000000000000028,
-0.8875413630718952,0.32544391562814257,,0,,0.0,0.0,
-7.16727465142002,0.35859955784485625,1.0,0,,0.0,-0.0030100000000000127,
-0.5989099129863218,0.30524692840129714,1.0,0,,0.018000000000000682,0.0,-33.272772943683286
-0.1375442108400039,0.4283853881192091,1.0,0,,0.0024999999999999467,0.0,-55.01768433600273
-0.09020946420789944,0.4283853881192091,1.0,0,,0.0026000000000001577,0.0,-34.69594777226691
-0.8621330742719382,0.5115455497938444,1.0,0,,0.0015000000000000013,-0.00030000000000002247,-574.7553828479582
1.736013999801662,0.3256355087094246,1.0,0,,0.00010999999999999899,0.0,15781.945452742526
-0.37075274171976247,0.4283853881192091,1.0,0,,0.0020000000000000018,0.0,-185.37637085988106
-1.0099645305598552,0.30049118748472164,1.0,0,,0.0,-0.6999999999998181,
-0.5094874926718241,0.48833977992488425,1.0,0,,0.0005999999999999894,-0.00020000000000000573,-849.1458211197219
-1.934744970076844,0.3032051353416268,1.0,0,,0.01699999999999946,-0.05700000000000216,-113.80852765158268
-0.7579335923197639,0.43378754492875793,1.0,0,,0.0014000000000000679,0.0,-541.3811373712336
-0.7752098097360185,0.35829658888386806,1.0,0,,0.0006999999999999784,-0.0005999999999999894,-1107.4425853372034
-0.14120740032002665,0.43378754492875793,1.0,0,,0.0033999999999998476,-0.000600000000000156,-41.53158832942147
-4.136800238855983,0.39341069621400937,1.0,0,,0.0,-0.0010000000000000009,
-0.9259225271998526,0.30049118748472164,,0,,0.0,0.0,
-0.3610993515200585,0.380927386883557,1.0,0,,0.0005000000000000004,0.0,-722.1987030401164
-2.0592243562558528,0.3055340635902195,1.0,0,,9.999999999998899e-05,-0.0011999999999999789,-20592.243562560794
-3.7061054981279207,0.36246001020864627,1.0,0,,0.0,-0.0016999999999999793,
-0.6395693367167078,0.3304808558232862,1.0,0,,9.999999999999593e-06,0.0,-63956.93367167339
-2.5831977412799354,0.30763234020716146,1.0,0,,0.0,-0.0040999999999999925,
-1.4248477994397826,0.46050455972903415,1.0,0,,0.0,-0.1999999999998181,
-1.961178932807919,0.3055340635902195,1.0,0,,0.0,-0.0010999999999999899,
-0.35508422892790037,0.380927386883557,1.0,0,,0.0005000000000000004,-0.0002999999999999947,-710.1684578558
-1.00109848716792,0.30763234020716146,,0,,0.0,0.0,
1.765521463528938,0.3304808558232862,1.0,0,,0.00014000000000000123,0.0,12610.86759663516
-1.3888297979998514,0.46050455972903415,,0,,0.0,0.0,
-1.9384635258240732,0.39742946867371787,1.0,0,,0.0,-0.0010000000000000009,
-0.8244735987839159,0.39742946867371787,1.0,0,,0.0009000000000000119,0.0,-916.0817764265611
-1.914813783095951,0.30021551764079263,1.0,0,,0.0013000000000000789,-0.005199999999999871,-1472.9336793044884
-1.0504327002078937,0.31369329351971065,1.0,0,,0.0008000000000000229,-0.00029999999999996696,-1313.0408752598296
-2.1155451225598894,0.46844516466117725,1.0,0,,0.0,-0.7000000000007276,
-1.4430905183997416,0.46844516466117725,1.0,0,,0.6000000000003638,0.0,-2.405150863998111
-9.493197944559888,0.4124280257249367,1.0,0,,0.00040000000000001146,-0.0015000000000000013,-23732.994861399042
-1.7067651830400297,0.46844516466117725,1.0,0,,0.5999999999994543,0.0,-2.8446086384026366
-23.416089077970916,0.6290391007774809,,0,,0.0,0.0,
-0.025538736687934993,0.4124280257249367,1.0,0,,0.0006000000000000172,-0.0002999999999999947,-42.564561146557104
-3.9939527122561094,0.3038967748107273,1.0,0,,0.0,-0.0021000000000000463,
-0.376736281536028,0.41237905680581133,1.0,0,,0.0006999999999999784,-0.0007000000000000062,-538.194687908628
0.016712370416232636,0.39153731213557075,1.0,0,,0.0005000000000000004,0.0,33.42474083246524
0.774242518175997,0.3038967748107273,1.0,0,,0.0009000000000000119,0.0,860.2694646399852
-0.5838877340799675,0.30216347537840504,1.0,0,,0.0005999999999999339,-0.00039999999999995595,-973.1462234667197
-1.073504238239987,0.30216347537840504,1.0,0,,0.0,-0.0017000000000000348,
-0.3708696296479401,0.4055578389495207,1.0,0,,0.0005000000000000004,-0.0012000000000000066,-741.7392592958796
-0.8567857579199603,0.4411975079841154,1.0,0,,0.030000000000001137,-0.02999999999999403,-28.559525263997593
-0.8733484977600197,0.4411975079841154,1.0,0,,0.01999999999999602,0.0,-43.66742488800967
-1.180298090880004,0.446997359267046,,0,,0.0,0.0,
-1.140954821184004,0.4227786067105528,,0,,0.0,0.0,
-0.8539143751198699,0.4411975079841154,1.0,0,,0.02999999999999403,-0.05000000000000426,-28.463812504001325
-1.2120695615998356,0.4702989369846786,1.0,0,,0.030000000000001137,-0.05999999999999517,-40.40231871999299
-0.8817394823998724,0.4702989369846786,1.0,0,,0.030000000000001137,0.0,-29.391316079994635
0.789749846611235,0.45825506841600394,1.0,0,,0.00037000000000003697,-0.0015099999999999558,2134.4590448950166
-1.851637572639934,0.4870919586564945,1.0,0,,0.010000000000005116,-0.04999999999999716,-185.16375726389867
0.21674285253357373,0.45825506841600394,1.0,0,,0.0009399999999999964,-0.0005499999999999949,230.57750269529208
-2.4214771034400178,0.4870919586564945,1.0,0,,0.00999999999999801,-0.030000000000001137,-242.14771034404995
-0.21840789453823767,0.4694815732863882,1.0,0,,0.0012900000000000134,0.0,-169.30844537847705
-1.2511693056799615,0.48253781014954866,1.0,0,,0.030000000000001137,0.0,-41.705643522663806
-10.674469850702339,0.4694815732863882,1.0,0,,0.0006700000000000039,-0.0032099999999999906,-15932.04455328698
-1.977032996880081,0.48253781014954866,1.0,0,,0.0,-0.030000000000001137,
-1.296926145999878,0.48334405523885016,1.0,0,,0.010000000000005116,0.0,-129.69261459992146
-0.7950764274855096,0.46292437847529855,1.0,0,,0.0035499999999999976,0.0,-223.96519084098875
-0.9104281753111896,0.4618962146065774,1.0,0,,3.0000000000002247e-05,0.0,-30347.605843704045
-10.784060201880132,0.4715397597367731,1.0,0,,9.999999999998899e-05,-0.0029899999999999927,-107840.6020188132
-3.5325873698400954,0.48334405523885016,1.0,0,,0.00999999999999801,-0.0800000000000054,-353.2587369840798
-1.9225735603255494,0.4618962146065774,1.0,0,,0.0,-0.00010999999999999899,
-1.9045701961598744,0.5079217566676157,1.0,0,,0.0,-0.04999999999999716,
-0.8888473600510847,0.4715397597367731,1.0,0,,0.0016800000000000148,-0.0006200000000000094,-529.0758095542124
-0.2640667494719831,0.4386121403213933,1.0,0,,0.0008700000000000374,-0.00039999999999995595,-303.52499939307097
-3.758139867120075,0.4899697471140974,1.0,0,,0.0,-0.0799999999999983,
-2.872249053599952,0.4899697471140974,1.0,0,,0.0,-0.07000000000000028,
-4.215353548089725,0.4386121403213933,1.0,0,,2.999999999997449e-05,-0.0015400000000000413,-140511.78493644364
-2.4924848591998785,0.4724231633553937,1.0,0,,0.00999999999999801,-0.060000000000002274,-249.24848592003744
-1.6225555369751716,0.4482920036489976,1.0,0,,0.00028000000000000247,-0.0015900000000000358,-5794.841203482705
-0.5294804759998883,0.4724231633553937,1.0,0,,0.04999999999999716,-0.030000000000001137,-10.589609519998369
-0.8588740363198687,0.4439970444654497,1.0,0,,0.030000000000001137,0.0,-28.62913454399454
-1.6101108367679924,0.3010829137851081,1.0,0,,0.001000000000000112,-0.0043999999999999595,-1610.110836767812
5.382900385231451,0.3346733390617537,1.0,0,,0.003679999999999961,0.0,1462.7446698998665
-0.04233798979193448,0.3010829137851081,1.0,0,,0.0028000000000001357,0.0,-15.120710639975869
-0.8575688623200188,0.4439970444654497,1.0,0,,0.02999999999999403,-0.010000000000005116,-28.585628744006314
-3.6106059628991334,0.3346733390617537,1.0,0,,0.0005199999999999649,-0.0013200000000000434,-6943.4730055757245
-0.8309467631999248,0.3483954307156776,1.0,0,,0.0,-0.030000000000001137,
6.618304829800545,0.4617853286849177,1.0,0,,0.005319999999999991,0.0,1244.042261240706
-0.11675295221013915,0.47451875894469053,1.0,0,,0.0008000000000000229,-6.0000000000004494e-05,-145.94119026266975
-1.311246854399928,0.3483954307156776,1.0,0,,0.0,-0.030000000000001137,
-13.214267413876733,0.47451875894469053,1.0,0,,0.0,-0.0030400000000000427,
1.2127565326969116,0.47451875894469053,1.0,0,,0.0008500000000000174,0.0,1426.772391408102
-0.7669574607998677,0.35457525715821486,1.0,0,,0.030000000000001137,-0.01999999999999602,-25.565248693327955
-1.1791112012351226,0.4659326249378931,1.0,0,,0.0008599999999999719,-0.00012000000000000899,-1371.0595363199548
-1.2389481551998565,0.35457525715821486,1.0,0,,0.00999999999999801,-0.00999999999999801,-123.8948155200103
-1.9804824831999448,0.3894462365539682,1.0,0,,0.0,-0.0011999999999998678,
1.1939596255783504,0.30288275336739645,1.0,0,,0.012600000000000167,0.0,94.75870044272497
-0.42848409569191137,0.4659326249378931,1.0,0,,0.0007400000000000184,-0.00037999999999999146,-579.0325617458118
0.0815103682960221,0.30288275336739645,1.0,0,,0.0030999999999998806,0.0,26.293667192266206
-1.3687984312799935,0.36635587468831066,1.0,0,,0.0,-0.05000000000000426,
-1.823852858879988,0.3894462365539682,1.0,0,,0.0,-0.0015000000000000568,
-0.4714867968000007,0.3617294517083402,1.0,0,,0.03999999999999915,0.0,-11.787169920000268
-4.808213735903967,0.41771470610741224,1.0,0,,0.0,-0.007900000000000018,
-0.8037255103999322,0.3617294517083402,1.0,0,,0.0,-0.030000000000001137,
-0.16828105912795843,0.41771470610741224,1.0,0,,0.0037999999999998035,-0.0013000000000000789,-44.28448924420188
-2.5012486015999036,0.3623445216512867,1.0,0,,0.0,-0.0800000000000054,
-0.3106376720719148,0.30218234773019226,1.0,0,,0.0028999999999999027,-0.0023999999999999577,-107.11643864549146
-2.0947274015999398,0.3623445216512867,1.0,0,,0.0,-0.09000000000000341,
-0.04509268239185349,0.30218234773019226,1.0,0,,0.0045999999999999375,0.0,-9.802757041707414
-9.458473544307955,0.4659326249378931,1.0,0,,0.0006800000000000139,-0.0024000000000000132,-13909.519918099648
-0.11814764639993613,0.3623445216512867,1.0,0,,0.07000000000000028,0.0,-1.6878235199990808
-0.8296109698679264,0.30719894509157225,1.0,0,,22.80000000000291,-24.19999999999709,-0.036386446046834234
-0.7108029521280078,0.31656962599813016,1.0,0,,0.000500000000000167,-0.0005999999999999339,-1421.605904255541
-0.653967850211827,0.30719894509157225,1.0,0,,43.40000000000873,-17.29999999998836,-0.01506838364543077
-0.4566602016479898,0.3658250345558304,1.0,0,,0.0017000000000000348,-0.0005999999999999339,-268.6236480282238
-1.5734928698158914,0.3658250345558304,1.0,0,,9.999999999976694e-05,-0.0020999999999999908,-15734.928698195587
-0.736233473039912,0.33641639296942155,1.0,0,,0.030000000000001137,-0.03999999999999915,-24.54111576799614
-1.273465756527997,0.3070120472797348,1.0,0,,0.0008999999999999009,-0.001100000000000101,-1414.9619516979303
-0.1224132809758961,0.3070120472797348,1.0,0,,0.0026000000000001577,0.0,-47.08203114457257
-1.2285550938239043,0.31656962599813016,1.0,0,,0.00019999999999997797,-0.0010999999999998789,-6142.775469120198
-6.436407779984051,0.48257043313982306,1.0,0,,0.0,-0.0015800000000000258,
-0.9091572047998875,0.33641639296942155,1.0,0,,0.0,-0.010000000000005116,
-0.6239062091519711,0.32251309326373445,1.0,0,,0.0006999999999999229,0.0,-891.2945845029141
-0.7883158615199082,0.30719894509157225,1.0,0,,13.10000000000582,-45.09999999999127,-0.060176783322103654
-0.5222557169086948,0.3097350766426726,1.0,0,,0.00040000000000006697,-0.0006999999999999229,-1305.6392922715183
-0.40224008537988043,0.4729453708383893,1.0,0,,0.0011899999999999689,-0.0004899999999999904,-338.0168784704966
-0.6359291534519724,0.3137071543798522,1.0,0,,30.90000000000873,-4.399999999994179,-0.020580231503294265
-0.9852429404160676,0.3658250345558304,1.0,0,,0.0,-0.00019999999999997797,
-0.445710738919978,0.4729453708383893,1.0,0,,0.0014799999999999813,0.0,-301.1559046756646
-4.818202403903923,0.424696711532741,1.0,0,,0.0016000000000000458,-0.007900000000000018,-3011.376502439866
-0.3345472103759554,0.3001286266103107,1.0,0,,0.028000000000002245,0.0,-11.948114656283163
-0.6244893313919033,0.32251309326373445,1.0,0,,0.000500000000000167,-0.0008999999999999009,-1248.9786627833896
-0.6537977929079134,0.3137071543798522,1.0,0,,23.79999999998836,-5.400000000008731,-0.027470495500345932
-1.1172149958886697,0.3097350766426726,1.0,0,,0.0,-0.0012999999999999678,
-0.3105514393743576,0.3009551176129137,1.0,0,,1.9999999999999185e-05,0.0,-15527.571968718512
-0.5014661386440629,0.36910315501962376,1.0,0,,0.0010600000000000054,-7.00000000000145e-05,-473.08126287175503
-0.501517995543969,0.32821782993899995,1.0,0,,0.0005999999999999339,0.0,-835.8633259067071
-0.19213520607596823,0.3050121910656873,1.0,0,,5.000000000000143e-05,0.0,-3842.704121519255
-0.837336778403841,0.31034142969277145,1.0,0,,21.0,-10.5,-0.03987317992399243
-2.29846594763746,0.3190403495437221,1.0,0,,0.0,-0.0016999999999999238,
-0.6067397204878785,0.3001286266103107,1.0,0,,0.022999999999999687,-0.012000000000000455,-26.379987847299425
-0.7482063075119499,0.31034142969277145,1.0,0,,33.89999999999418,-24.5,-0.02207098252248019
6.7239180699814645,0.36910315501962376,1.0,0,,0.005120000000000013,0.0,1313.2652480432514
-0.8212893382399604,0.32821782993899995,1.0,0,,0.0,-0.0012999999999998568,
-0.7203087461375086,0.3050121910656873,1.0,0,,0.0,-6.999999999999368e-05,
-0.9416450746607048,0.3190403495437221,1.0,0,,0.000300000000000078,-0.0006999999999999229,-3138.816915534867
-1.8282506950320616,0.3001286266103107,1.0,0,,0.006000000000000227,-0.07000000000000028,-304.7084491719987
-2.900486375721552,0.3884813165533819,1.0,0,,0.00041000000000002146,-0.0011599999999999944,-7074.357013954635
-1.4994122261279639,0.32024538443917755,1.0,0,,0.0,-59.5,
-1.4429617100638596,0.3293163582857718,1.0,0,,0.00019999999999997797,-0.0012000000000000899,-7214.808550320093
-1.8176797655805328,0.3028009798948698,1.0,0,,0.0,-0.00013999999999997348,
-5.827188491280013,0.45795643286348,1.0,0,,9.999999999998899e-05,-0.005600000000000049,-58271.88491280654
-1.7713650893903101,0.30199800422368117,1.0,0,,0.0,-7.000000000000062e-05,
-2.645298364719903,0.3278592426068478,1.0,0,,0.0,-0.0020999999999999908,
-1.6290183367295583,0.3063691349713058,1.0,0,,0.004000000000001336,-0.04999999999999716,-407.25458418225355
0.11058244381911436,0.3884813165533819,1.0,0,,0.0011800000000000144,-0.0011300000000000199,93.71393543992629
-1.3323424851599386,0.3293163582857718,1.0,0,,9.999999999998899e-05,-0.001100000000000101,-13323.424851600854
-0.7808528296271973,0.3028009798948698,1.0,0,,0.0,-2.0000000000020002e-05,
-4.228669846199952,0.4321970316233104,1.0,0,,0.0005999999999999339,-0.008299999999999974,-7047.783077000696
-0.5362618415519629,0.3247715210471561,1.0,0,,0.0005999999999999339,0.0,-893.7697359200366
-0.7404084340919563,0.32024538443917755,1.0,0,,27.10000000000582,-23.89999999999418,-0.027321344431431634
-0.36271282394634197,0.3278592426068478,1.0,0,,0.0008000000000000229,-0.00039999999999995595,-453.3910299329145
-0.20618417750402873,0.4321970316233104,1.0,0,,0.0029999999999998916,-0.0014000000000000679,-68.72805916801207
0.004649763024249243,0.5059308586248973,1.0,0,,0.0017900000000000138,-0.0013699999999999823,2.5976329744408977
-0.8881263307320248,0.31569773562632125,1.0,0,,2.6999999999970896,-25.10000000000582,-0.32893567804925267
-1.1062142340983723,0.31236166114591646,1.0,0,,9.999999999998899e-05,-0.0007000000000000339,-11062.142340984941
-0.7407686354997818,0.5059308586248973,1.0,0,,0.0018799999999999928,-0.0005899999999999794,-394.02586994669394
-1.5803221363246425,0.30227056486380516,1.0,0,,0.0,-2.9999999999998778e-05,
-1.0258519378559632,0.3250179253244291,1.0,0,,0.000400000000000178,-0.00029999999999996696,-2564.629844638767
-0.5469085289999357,0.3138782934044165,1.0,0,,0.000300000000000078,-0.00029999999999996696,-1823.0284299993118
-0.17419393463024835,0.30340013220617335,1.0,0,,0.00018000000000001348,-3.0000000000002247e-05,-967.744081279085
-12.31446529622387,0.5159374998191071,1.0,0,,0.0005799999999999694,-0.002640000000000031,-21231.83671762848
-0.7177030137727765,0.30227056486380516,,0,,0.0,0.0,
-0.7188012773200008,0.3250179253244291,1.0,0,,0.000400000000000178,-0.00039999999999995595,-1797.0031932992024
-1.0014134186839305,0.3138782934044165,1.0,0,,0.00040000000000006697,-0.0004999999999999449,-2503.5335467094073
-1.124300771135876,0.4127985426600915,1.0,0,,0.0020000000000000018,-0.0019000000000000128,-562.1503855679374
-0.6326687234880461,0.3171464048952131,1.0,0,,0.000500000000000056,0.0,-1265.3374469759508
-0.6942396634920205,0.3078799697709917,1.0,0,,9.999999999982245e-06,-3.0000000000002247e-05,-69423.9663493253
-3.264686559398429,0.5226248725782702,1.0,0,,0.00012999999999996348,-0.0018200000000000438,-25112.973533841126
-2.3341208201472057,0.3574843514269796,1.0,0,,0.0,-0.0011999999999999789,
-1.0189981851039833,0.3253915197833028,1.0,0,,0.000400000000000178,-0.00029999999999996696,-2547.495462758825
-0.77938083454081,0.3098106665848805,1.0,0,,0.9200000000000728,0.0,-0.8471530810225525
-1.1558343048000401,0.3058587881276949,1.0,0,,0.0,-0.0052000000000000934,
-1.0225721379839214,0.3135202443833518,1.0,0,,0.0,-5.999999999997674e-05,
-0.6080830606367484,0.3035096402819397,1.0,0,,9.999999999999593e-06,0.0,-60808.30606367732
-0.6961194198424454,0.3574843514269796,1.0,0,,9.999999999998899e-05,0.0,-6961.194198425221
-0.9886867151359315,0.3253915197833028,1.0,0,,0.0,-0.0007999999999999119,
-0.31974190975990924,0.5226248725782702,1.0,0,,0.0021700000000000053,0.0,-147.3465021935062
-0.8338605437295068,0.3098106665848805,1.0,0,,0.0,-0.27999999999974534,
-1.58549569301758,0.3171464048952131,1.0,0,,0.0,-0.0013999999999999568,
-0.5628671497800328,0.3292426123014843,1.0,0,,0.0004999999999999449,0.0,-1125.7342995601896
-1.1174837706430727,0.32559539680322236,1.0,0,,0.0,-4.999999999999449e-05,
-1.3782048038302421,0.3586861174816528,1.0,0,,0.0,-0.0005999999999999339,
-0.2925875286624261,0.50056778208896,1.0,0,,0.0011599999999999944,-0.0008199999999999874,-252.2306281572651
-0.7039385088559141,0.3244986883646145,1.0,0,,0.00039999999999995595,-0.00029999999999996696,-1759.8462721399792
-0.6090563518615251,0.3098106665848805,1.0,0,,1.449999999999818,-0.4899999999997817,-0.4200388633528286
-0.7232421373631206,0.30627779130731997,,0,,0.0,0.0,
-0.876807286079968,0.30211912376947314,1.0,0,,0.3999999999996362,0.0,-2.1920182152019136
-0.7725767485991136,0.30205528481728106,1.0,0,,0.9799999999995634,0.0,-0.7883436210198549
-0.10371853500791872,0.30103658843369197,1.0,0,,0.0037000000000000366,0.0,-28.032036488626403
-2.0277027554280083,0.32622287314177895,1.0,0,,0.0,-0.0002700000000000202,
-1.091056843065529,0.3288629799939067,1.0,0,,0.00040000000000006697,-0.0005999999999999339,-2727.6421076633656
-5.159574424068694,0.5051332181619853,1.0,0,,0.0,-0.0012300000000000089,
-0.996985513036688,0.31015611602936755,,0,,0.0,0.0,
-0.5689512893951448,0.3288629799939067,1.0,0,,0.0010999999999999899,0.0,-517.2284449046819
-0.8441184617879711,0.3166026258200085,1.0,0,,33.69999999999709,-58.09999999999127,-0.02504802557234552
-0.9727412875198927,0.30211912376947314,1.0,0,,0.0,-0.3999999999996362,
-1.0099513401599491,0.30103658843369197,1.0,0,,0.0,-0.0044999999999999485,
-0.2990960417278888,0.32622287314177895,1.0,0,,0.00015000000000001124,0.0,-1993.9736115191092
-1.204084203184774,0.30205528481728106,,0,,0.0,0.0,
-0.9673781558504004,0.30205528481728106,1.0,0,,0.4099999999998545,0.0,-2.3594589167091313
-0.8640683755199883,0.30103658843369197,1.0,0,,0.0026999999999999247,0.0,-320.02532426667125
1.4069108489573956,0.5051332181619853,1.0,0,,0.0027100000000000457,0.0,519.1552948182184
-0.39879035537924146,0.3483346982959546,1.0,0,,0.00039999999999995595,0.0,-996.9758884482135
-0.4742921451144037,0.3288629799939067,1.0,0,,0.0005999999999999339,0.0,-790.4869085240932
-0.8627715008639041,0.31015611602936755,,0,,0.0,0.0,
-0.9367772884800285,0.30211912376947314,1.0,0,,0.0,-0.2000000000007276,
-0.4173063630358925,0.32622287314177895,1.0,0,,0.00012000000000000899,-1.0000000000010001e-05,-3477.5530252988437
-0.7190231991599881,0.3108584211887002,1.0,0,,0.0024999999999999467,-0.0043999999999999595,-287.6092796640014
-0.7551319709304802,0.3126113398605911,1.0,0,,8.999999999997899e-05,0.0,-8390.35523256285
0.014227812480043955,0.3108584211887002,1.0,0,,0.0030000000000001137,0.0,4.742604160014472
-1.0982770044623076,0.3614894524760495,1.0,0,,0.0,-0.9600000000000364,
-0.9127712851199412,0.33118318423130355,1.0,0,,0.1000000000003638,0.0,-9.127712851166205
8.628702709200066,0.5170085482849325,1.0,0,,0.0020600000000000063,0.0,4188.690635534
-0.5674765216063223,0.3488810266436769,1.0,0,,0.0005999999999999339,-0.000500000000000056,-945.794202677308
-0.3805915377189774,0.32955766992970137,1.0,0,,0.000130000000000019,0.0,-2927.6272132224753
-0.5834653516800157,0.3488810266436769,1.0,0,,0.0004999999999999449,0.0,-1166.93070336016
-1.3042824724799083,0.4203066299418934,,0,,0.0,0.0,
-1.757275509199891,0.3232264118955132,1.0,0,,0.0012000000000000899,-0.0020999999999999908,-1464.3962576664662
-1.0686231427199964,0.3276516009212401,,0,,0.0,0.0,
-0.5908669449310453,0.3488810266436769,1.0,0,,0.0006000000000000449,0.0,-984.7782415516684
-1.328412797359157,0.36794949304837604,1.0,0,,0.0,-0.28000000000065484,
-9.536904004319926,0.5272111571270559,1.0,0,,0.0,-0.0022800000000000042,
-0.6973662208319438,0.32955766992970137,1.0,0,,4.999999999999449e-05,-2.0000000000020002e-05,-13947.324416640411
-0.29804930399996044,0.311243110750529,1.0,0,,0.030000000000001137,0.0,-9.934976799998305
-1.3042824724799083,0.4203066299418934,,0,,0.0,0.0,
-0.8767172740799799,0.3276516009212401,1.0,0,,0.3999999999996362,0.0,-2.191793185201943
-1.0932612787199172,0.4141070045830467,,0,,0.0,0.0,
-1.7885740199997313,0.5272111571270559,1.0,0,,0.0017100000000000448,-0.00039999999999995595,-1045.9497192980612
-0.4867958881798839,0.311243110750529,1.0,0,,0.019999999999999574,-0.0020000000000024443,-24.339794408994713
-0.36233227978548693,0.3474398589047135,1.0,0,,0.0007000000000000339,-0.00029999999999996696,-517.6175425506706
-0.8094198589463377,0.3332363755536583,1.0,0,,4.999999999999449e-05,0.0,-16188.397178928537
-1.3055068780799919,0.42376172942822143,1.0,0,,0.00039999999999995595,-0.0017000000000000348,-3263.7671952003393
-1.1963705825597921,0.3368094157626772,1.0,0,,0.1000000000003638,-0.1000000000003638,-11.963705825554397
-10.63169173897579,0.5283716527245172,1.0,0,,0.00032999999999999696,-0.0023000000000000242,-32217.247693866328
0.3105721712063462,0.3353825615309517,1.0,0,,0.00016000000000000042,0.0,1941.0760700396588
-0.7562013662848036,0.3474398589047135,1.0,0,,0.0004999999999999449,-9.999999999998899e-05,-1512.402732569774
-0.11291049201601827,0.3237776708801929,1.0,0,,0.0025999999999999357,-0.0008000000000001339,-43.42711231385425
-1.2667963664127189,0.311243110750529,1.0,0,,0.012000000000000455,-0.015999999999998238,-105.56636386772257
-0.7412934639167111,0.3332363755536583,1.0,0,,4.000000000001225e-05,0.0,-18532.336597912104
-2.024016745111971,0.42376172942822143,1.0,0,,0.0,-0.0009000000000001229,
-0.6652834794623168,0.35433260432724745,1.0,0,,30.60000000000582,-13.30000000000291,-0.02174129017850295
-0.4508843263119295,0.36264172560146146,1.0,0,,0.0006999999999999229,-0.000300000000000078,-644.1204661599702
-0.5277074349455879,0.33409396534406977,1.0,0,,0.01899999999999835,0.0,-27.774075523454407
-1.0685191283198832,0.3368094157626772,1.0,0,,0.0,-0.1000000000003638,
-0.9635079364414512,0.36264172560146146,1.0,0,,0.0006000000000000449,0.0,-1605.8465607356316
0.6708516173753961,0.40937693211950765,1.0,0,,0.0014600000000000168,-0.00023999999999996247,459.4874091612249
-0.6156234576775016,0.30475538706047484,1.0,0,,6.0000000000004494e-05,-2.999999999998837e-05,-10260.390961290925
-0.43882366099189707,0.35207190392668863,1.0,0,,0.00012000000000000899,-7.00000000000145e-05,-3656.8638415988685
-0.8588943786623795,0.35433260432724745,1.0,0,,25.10000000000582,-21.89999999999418,-0.03421889954829404
-0.578487755076057,0.33409396534406977,1.0,0,,0.015999999999998238,0.0,-36.155484692257545
-0.28726052291993165,0.30475538706047484,1.0,0,,0.00010999999999999899,0.0,-2611.45929927213
-1.3039315192800065,0.42115414469318235,,0,,0.0,0.0,
0.9332926281600199,0.4415152330566733,1.0,0,,0.0028999999999999027,-0.0015000000000000568,321.82504419312113
-3.5900639188511603,0.34972968198622545,1.0,0,,0.0,-8.000000000000021e-05,
-0.43892166401283156,0.35207190392668863,1.0,0,,0.00011999999999998123,0.0,-3657.680533440835
-0.47248733093600837,0.30950777503093985,1.0,0,,0.004999999999999005,-0.0030000000000001137,-94.49746618722047
-0.8015541420158725,0.36182037168759157,1.0,0,,34.69999999999709,-0.10000000000582077,-0.023099542997577514
0.1505254611457083,0.3713099741581054,1.0,0,,0.0007999999999999119,-0.00010000000000010001,188.1568264321561
-8.714459003327846,0.40937693211950765,1.0,0,,0.0,-0.002829999999999999,
-0.4443935308720258,0.4288628411243112,1.0,0,,0.002200000000000202,0.0,-201.99705948726594
-0.7088983316064231,0.3265358453532026,1.0,0,,0.015000000000000568,-0.009000000000000341,-47.25988877375975
-0.6537131036519321,0.3116192230962639,1.0,0,,3.999999999999837e-05,-3.999999999999837e-05,-16342.82759129897
-0.5213925508678098,0.35127689931735445,1.0,0,,0.00010000000000001674,0.0,-5213.925508677225
-0.4156117017838445,0.30950777503093985,1.0,0,,0.0070000000000014495,0.0,-59.37310025482263
-0.9634041322495627,0.36182037168759157,1.0,0,,27.19999999999709,0.0,-0.03541926956800242
-0.5729007382079174,0.3544070920269013,1.0,0,,0.0010999999999998789,-0.0013000000000000789,-520.8188529163459
-0.4859661339646171,0.3265358453532026,1.0,0,,0.02400000000000091,0.0,-20.24858891519161
-0.3036556672512088,0.3116192230962639,1.0,0,,0.00010999999999999899,0.0,-2760.5060659201054
-1.8693073512255765,0.3713099741581054,1.0,0,,0.0004999999999999449,-0.0008000000000000229,-3738.614702451565
-1.0321247858877673,0.3544070920269013,1.0,0,,0.000600000000000156,-0.0009999999999998899,-1720.2079764791652
-0.8743250557439499,0.35127689931735445,1.0,0,,7.999999999999674e-05,0.0,-10929.06319679982
-0.6501482383198386,0.30950777503093985,1.0,0,,0.006000000000000227,0.0,-108.35803971996899
-1.1409595221120044,0.36182037168759157,1.0,0,,27.79999999998836,0.0,-0.04104170942850655
-6.068910301798365,0.416082208797642,1.0,0,,0.00010999999999999899,-0.0019200000000000328,-55171.9118345311
-0.9903177587278645,0.4288628411243112,1.0,0,,0.0008000000000001339,-0.0015000000000000568,-1237.8971984096233
-1.8319975196398657,0.32072826451370434,1.0,0,,0.0,-0.0005000000000000004,
-2.4906800784525425,0.38341434539732994,1.0,0,,0.0,-0.00023000000000000798,
-1.3444552367998968,0.43974562574398046,,0,,0.0,0.0,
-1.6960584566399057,0.3544070920269013,1.0,0,,9.999999999998899e-05,-0.0019000000000000128,-16960.584566400925
-2.2406834923038996,0.366428973797401,1.0,0,,9.999999999996123e-06,-0.00016000000000000736,-224068.34923047683
-3.9240245621304033,0.3713099741581054,1.0,0,,0.0,-0.0020000000000000018,
-2.0411656083999956,0.34834573759591725,1.0,0,,0.0,-0.012000000000000455,
-1.6026538751999941,0.3650255882437237,1.0,0,,0.1000000000003638,0.0,-16.026538751941636
-4.462170815081479,0.416082208797642,1.0,0,,0.00035999999999997145,-0.0015000000000000013,-12394.91893078287
-1.8640025925119832,0.3286381185441815,1.0,0,,0.0040000000000048885,-0.13400000000000034,-466.0006481274263
-2.2430420717330266,0.523884730427342,1.0,0,,0.0,-7.00000000000145e-05,
-1.1032521674398663,0.38341434539732994,1.0,0,,6.999999999998674e-05,0.0,-15760.745249143933
-1.1559529786798617,0.34834573759591725,1.0,0,,0.0039999999999995595,0.0,-288.98824466999724
-0.5456690483254273,0.35262909741116244,1.0,0,,0.019000000000001904,-0.00999999999999801,-28.719423596072243
-2.038136046055063,0.3904101895844859,1.0,0,,13.19999999999709,-50.5,-0.1544042459132964
-2.6815707072,0.43306837755911015,1.0,0,,0.0,-0.001000000000000112,
-1.8973764447998458,0.3832295552163809,1.0,0,,0.00029999999999996696,-0.0013000000000000789,-6324.5881493335155
-3.6923624245175652,0.3931983480839317,1.0,0,,0.0,-0.0018000000000000238,
-0.5445444502239071,0.32072826451370434,1.0,0,,0.00020000000000003348,-0.00019999999999997797,-2722.7222511190794
-0.9389390888767364,0.366428973797401,1.0,0,,3.999999999999837e-05,-5.000000000000837e-05,-23473.477221919366
-0.1345893017391504,0.34609109291061224,1.0,0,,2.9999999999998778e-05,0.0,-4486.310057971863
-1.4998610420638387,0.3904101895844859,1.0,0,,23.29999999998836,-3.6000000000058208,-0.06437171854354455
-1.301987346399852,0.31929803629774167,1.0,0,,0.7200000000000273,-0.39000000000010004,-1.8083157588886147
-1.386904895999995,0.3757250497266084,1.0,0,,0.1000000000003638,0.0,-13.869048959949495
-2.1935862104829256,0.523884730427342,1.0,0,,0.0,-7.999999999996898e-05,
-0.47408547263996037,0.43306837755911015,1.0,0,,0.0018000000000000238,0.0,-263.38081813330786
-2.6825071552800344,0.32072826451370434,1.0,0,,0.0,-0.0005000000000000004,
-2.800185493919965,0.38341434539732994,1.0,0,,0.0,-0.00012000000000000899,
-1.8960995732398231,0.34834573759591725,1.0,0,,0.0,-0.010999999999999233,
-0.8706758495999967,0.3832295552163809,1.0,0,,0.0005999999999999339,-0.0009999999999998899,-1451.1264160001542
-0.1411484913113747,0.30093217347243384,1.0,0,,2.099999999999946e-09,-3.799999999999862e-09,-67213567.29113254
-0.5991532846391383,0.3026504807388715,1.0,0,,0.28999999999999204,-0.19000000000002615,-2.0660458091005336
-1.4853146049838317,0.3847423884928768,1.0,0,,28.30000000000291,0.0,-0.05248461501709113
-7.337717466242254,0.38373486198263684,1.0,0,,0.0006099999999999994,-0.0022199999999999998,-12029.045026626658
-0.5785963618632111,0.35262909741116244,1.0,0,,0.01799999999999713,-0.05799999999999983,-32.14424232573907
-1.1191115070566082,0.3931983480839317,1.0,0,,0.0009000000000000119,-0.0011999999999999789,-1243.4572300628815
-1.6587106273918475,0.36935849220734884,1.0,0,,0.0,-0.0005999999999999339,
-0.12344507567996843,0.30076146088442157,1.0,0,,0.05000000000000426,-0.030000000000001137,-2.468901513599158
-2.1422598595197853,0.3951845821305556,1.0,0,,0.1000000000003638,-0.3999999999996362,-21.42259859511992
-0.6240772638799086,0.31437888681986104,1.0,0,,2.3099999999999454,0.0,-0.2701633176969365
-0.4880857596799953,0.3256122022802529,1.0,0,,0.00019999999999997797,-0.00019999999999997797,-2440.4287984002453
-0.7319530643197592,0.43875343050041543,1.0,0,,0.0016000000000000458,0.0,-457.4706651998364
-1.4069088422606983,0.37867832529121037,1.0,0,,7.00000000000145e-05,0.0,-20098.697746577243
-1.1672067793845338,0.3847423884928768,1.0,0,,29.30000000000291,-18.39999999999418,-0.0398364088527105
-1.3256077043998826,0.31437888681986104,1.0,0,,0.8900000000001,-0.5499999999999545,-1.4894468588761052
-3.463509976499677,0.5480298662428504,1.0,0,,1.0000000000010001e-05,-0.00012000000000000899,-346350.9976496213
-1.945350668687878,0.3651364780770817,1.0,0,,0.0,-0.013999999999999346,
-2.0537895748606783,0.3480307482587164,1.0,0,,0.0,-0.06700000000000017,
-1.4707059095997468,0.3827041372894372,1.0,0,,0.00039999999999995595,-0.0014000000000000679,-3676.764773999772
-1.4099320512000342,0.30076146088442157,1.0,0,,0.0,-0.07000000000000028,
-1.7402674579005888,0.30093217347243384,1.0,0,,0.0,-6.099999999999823e-09,
-1.2247576967999134,0.36935849220734884,1.0,0,,0.00039999999999995595,0.0,-3061.894242000121
-2.2763933314304254,0.37743805521596113,1.0,0,,0.001050000000000051,-0.00012999999999996348,-2167.9936489812526
-1.5626560563999154,0.37867832529121037,1.0,0,,0.0,-0.00014000000000000123,
-0.5027081119683531,0.30093217347243384,1.0,0,,1.899999999999931e-09,0.0,-264583216.8254586
-0.644613184799998,0.3129351885336443,1.0,0,,0.020000000000003126,0.0,-32.23065923999486
-0.522606846844748,0.3580914795478746,1.0,0,,0.0006999999999999784,0.0,-746.5812097782344
-2.0836711419678,0.3026504807388715,1.0,0,,0.09000000000000341,-0.4000000000000057,-23.15190157741912
-0.7787243135999682,0.43875343050041543,1.0,0,,0.0005999999999999339,-0.0015000000000000568,-1297.87385600009
-1.368994906079966,0.3951845821305556,1.0,0,,0.0999999999994543,0.0,-13.689949060874365
-0.9369608751997718,0.3651364780770817,1.0,0,,0.002000000000000668,-0.002000000000000668,-468.48043759972944
-1.8719033795998898,0.5480298662428504,,0,,0.0,0.0,
-1.5594145297918942,0.3467586473518244,1.0,0,,0.0,-0.05600000000000094,
-1.0546472070792032,0.3908598248123888,1.0,0,,22.60000000000582,-27.89999999999418,-0.046665805622961576
-4.224260214047828,0.4488611670221926,1.0,0,,0.0,-0.0045999999999999375,
-0.8859931652880619,0.3830596971490078,1.0,0,,0.0007000000000000339,-0.0008000000000000229,-1265.7045218400272
-1.3328212549176586,0.3908598248123888,1.0,0,,15.400000000008731,-21.19999999999709,-0.08654683473486383
-1.5160893190160263,0.37818924403926735,1.0,0,,0.0019999999999988916,-0.005000000000000782,-758.0446595084333
-0.7607917661305134,0.3580914795478746,1.0,0,,0.0021599999999999953,-0.0011499999999999844,-352.2184102456088
-2.1227430275422274,0.5325843816868,1.0,0,,4.999999999999449e-05,0.0,-42454.860550849226
-0.7687949470341842,0.6464499315874576,1.0,0,,5.000000000000143e-05,0.0,-15375.898940683242
0.8872431163680832,0.4143759248759158,1.0,0,,0.0006000000000000449,-9.999999999998899e-05,1478.738527280028
-0.9312457799996926,0.3806844831005949,1.0,0,,0.000500000000000167,-0.0004999999999999449,-1862.4915599987633
-1.49555916590078,0.4169297301400914,,0,,0.0,0.0,
-1.6027474881598671,0.3993254897336565,,0,,0.0,0.0,
-0.43598117257597624,0.4488611670221926,1.0,0,,0.0020000000000000018,-0.00019999999999997797,-217.99058628798792
-1.0040461621439687,0.3718322090156853,1.0,0,,22.89999999999418,-1.3000000000029104,-0.043844810573983574
-0.7352890421759566,0.3606365822067076,1.0,0,,0.0030000000000001137,0.0,-245.09634739197625
-2.0150947831679757,0.33487033346419,1.0,0,,0.0309999999999917,-0.12600000000000477,-65.00305752156501
-1.7670967750657272,0.38314744680986995,1.0,0,,0.0,-0.0008000000000000229,
-2.3873794335116196,0.5263667043386437,,0,,0.0,0.0,
-0.8680727712959557,0.3265694651764256,1.0,0,,0.05200000000000671,0.0,-16.69370714030469
-16.669795201665693,0.644760254643494,1.0,0,,0.0,-0.00014000000000000123,
-2.2377715192559458,0.3869391265004851,1.0,0,,9.999999999998899e-05,-0.000700000000000145,-22377.715192561922
-2.1208169668709984,0.42337423782639083,,0,,0.0,0.0,
-2.25003223223981,0.3918403491852277,,0,,0.0,0.0,
-2.0342398365359524,0.4459060528456921,1.0,0,,0.0,-0.0014000000000000679,
-3.8748769858847636,0.38038798252354544,1.0,0,,0.0,-0.0019000000000000128,
-1.0360599627918283,0.3148579055940629,1.0,0,,0.0001000000000000445,0.0,-10360.599627913673
-8.973698493215956,0.40541584922201945,1.0,0,,0.00020000000000003348,-0.0024000000000000132,-44868.49246607227
-1.420172573040045,0.3606365822067076,1.0,0,,0.0009999999999994458,-0.004000000000001336,-1420.172573040832
-1.8391862827998589,0.3718322090156853,1.0,0,,0.0,-47.89999999999418,
-2.104139257295667,0.5263667043386437,,0,,0.0,0.0,
-0.7264982937601707,0.32564999749889734,1.0,0,,0.0029999999999983373,0.0,-242.16609792019113
-1.569979024847866,0.4576353842504643,1.0,0,,0.0,-0.00770000000000004,
-1.2575655717998904,0.3123824033609446,1.0,0,,0.2599999999999909,-1.6900000000000546,-4.836790660768978
8.46463978845695,0.644760254643494,1.0,0,,0.0001799999999999996,0.0,47025.77660253871
-2.3941033439422994,0.33302191349083765,1.0,0,,0.002999999999996561,-0.05700000000000216,-798.0344479816813
-1.243437086279938,0.3869391265004851,1.0,0,,0.00029999999999996696,-0.000400000000000178,-4144.79028760025
-1.368967902479839,0.3918403491852277,1.0,0,,0.1000000000003638,0.0,-13.689679024748587
-0.48076412916469047,0.3540645192270648,1.0,0,,5.000000000000837e-05,-1.9999999999992246e-05,-9615.282583292199
-0.9034507238399935,0.3229626362153939,1.0,0,,0.0519999999999925,-0.010000000000005116,-17.374052381540842
-2.000707026172687,0.400627627509499,1.0,0,,0.0,-0.0010000000000000009,
-2.513539622087933,0.42321551469762214,1.0,0,,0.0,-0.5900000000000318,
-0.8606900975040308,0.35149908728653767,1.0,0,,0.0,-9.000000000000674e-05,
-0.801696878639887,0.31801600253680196,1.0,0,,0.0,-0.05000000000000426,
-1.2107572800334796,0.3078592601344604,1.0,0,,0.07999999999998408,-0.2400000000000091,-15.134466000421506
-1.2429555349824304,0.36358166214127774,1.0,0,,0.0,-7.999999999999674e-05,
-0.8868772527360107,0.30538917804375026,1.0,0,,0.06000000000005912,-0.17999999999994998,-14.781287545585615
-1.1224719179856255,0.3764618838361914,1.0,0,,0.00019999999999997797,-0.0005999999999999339,-5612.359589928746
-1.781537549568083,0.3777643706194904,1.0,0,,0.0,-0.0009999999999998899,
-0.1942325321758171,0.3270322171842401,1.0,0,,0.00020000000000003348,-9.999999999998899e-05,-971.1626608789229
-1.5995846366398414,0.3713401749151931,1.0,0,,0.0,-0.0019999999999988916,
-1.620679284791827,0.4458143428384804,1.0,0,,0.0,-0.0005999999999999339,
-0.9758042851199428,0.3243032839770341,1.0,0,,0.0,-0.0039999999999995595,
-3.391508880586965,0.5499642285825961,1.0,0,,0.0,-0.00015999999999999348,
-0.5955743639037324,0.45601368856814883,1.0,0,,0.0028999999999999027,-0.001000000000000112,-205.37047031163877
-0.6963929694399134,0.31166430554928193,1.0,0,,0.9300000000000637,-0.7899999999999636,-0.7488096445589953
-1.4388894253438973,0.39495882044424047,1.0,0,,0.00020000000000020002,-0.0006999999999999229,-7194.447126712292
-1.3953804220319208,0.36031774657841803,1.0,0,,0.0,-5.000000000000837e-05,
-0.7327801829615884,0.4026859124185366,1.0,0,,0.00039999999999995595,0.0,-1831.9504574041728
-0.5388764169357644,0.4222526768930609,1.0,0,,0.0,-0.029999999999972715,
-1.311702586539948,0.35779777751219866,1.0,0,,2.0000000000006124e-05,-0.00010999999999999899,-65585.12932697732
-0.04187197444793944,0.308218740099059,1.0,0,,0.22999999999998977,-0.11000000000001364,-0.1820520628171361
-0.9687966876158569,0.30538917804375026,1.0,0,,0.06000000000005912,-0.12000000000000455,-16.146611460248373
-1.2963271541599741,0.3764618838361914,1.0,0,,0.00019999999999997797,-0.0008000000000000229,-6481.635770800584
-0.8908326064799492,0.3270322171842401,1.0,0,,0.0,-0.00020000000000003348,
-1.8766747233359995,0.5499642285825961,,0,,0.0,0.0,
-1.4715870556081072,0.3713401749151931,1.0,0,,0.0,-0.0030000000000001137,
-0.9426063024000375,0.3243032839770341,1.0,0,,0.005999999999998451,0.0,-157.1010504000468
-0.10563181679989136,0.31320116338056386,1.0,0,,0.0026000000000001577,0.0,-40.6276218461096
-0.6087088278239654,0.3524697186656742,1.0,0,,4.999999999999449e-05,0.0,-12174.176556480648
-0.5307878990519184,0.3518682305468026,1.0,0,,6.0000000000004494e-05,-9.999999999996123e-06,-8846.464984197977
-0.419175245760031,0.31656732516841957,1.0,0,,0.00019999999999997797,0.0,-2095.876228800386
-0.5826422592000284,0.32399077903801327,1.0,0,,0.004999999999999005,0.0,-116.52845184002886
-0.7700259913919585,0.3229626362153939,1.0,0,,0.04399999999999693,-0.04600000000000648,-17.500590713454823
-0.7182562213199495,0.3087300554054863,1.0,0,,0.9500000000000455,-0.6399999999998727,-0.7560591803367528
-1.2692981318398908,0.33135156981902225,1.0,0,,0.0,-0.00019999999999997797,
-0.9512488869597102,0.39646891852362626,1.0,0,,0.000700000000000145,0.0,-1358.9269813707333
-0.9984370590720764,0.40365328773139386,1.0,0,,0.2599999999999909,0.0,-3.8401425348927356
-0.7239412001279677,0.3049651722191329,1.0,0,,0.17999999999994998,-0.08000000000004093,-4.021895556267605
-1.8327909952799994,0.5318871608725274,,0,,0.0,0.0,
-0.5977010467680464,0.36744417470160406,1.0,0,,0.006000000000000227,0.0,-99.61684112800395
-0.8844470579998835,0.31320116338056386,1.0,0,,0.0021999999999999797,0.0,-402.02138999995077
-1.3868778924000316,0.40647024703315654,,0,,0.0,0.0,
-2.1112328113917447,0.39646891852362626,1.0,0,,0.0,-0.0023000000000001908,
-1.789847845499946,0.3524697186656742,1.0,0,,3.0000000000002247e-05,-0.00014000000000000123,-59661.59484999373
-2.2293788937335495,0.3518682305468026,1.0,0,,9.999999999996123e-06,-0.00019999999999999185,-222937.88937344137
-1.0096980962880842,0.31656732516841957,1.0,0,,0.00019999999999997797,0.0,-5048.4904814409765
-1.5195044891519982,0.32875559071244,1.0,0,,0.016999999999995907,-0.15500000000000114,-89.38261700896258
-1.24426839542397,0.39018684542697,1.0,0,,0.0018000000000000238,0.0,-691.2602196799742
-1.994842146182393,0.3052862283179452,1.0,0,,0.040000000000020464,-0.7699999999999818,-49.871053654534315
-1.3008289130159167,0.42022917469600396,,0,,0.0,0.0,
-1.0885924588800409,0.3049651722191329,1.0,0,,0.12000000000000455,-0.32000000000005,-9.071603823999997
-1.5114137289600222,0.3087300554054863,1.0,0,,0.31999999999993634,-2.3200000000001637,-4.723167903001009
-2.0220664895999305,0.32399077903801327,1.0,0,,0.0030000000000001137,-0.013999999999999346,-674.0221631999513
-0.934554900095942,0.33135156981902225,1.0,0,,0.0,-9.999999999998899e-05,
-1.5324179475678572,0.36394022041270785,1.0,0,,0.0,-0.010999999999999233,
-0.7352007364478126,0.32125345324642707,1.0,0,,0.0043999999999999595,-0.0024000000000001798,-167.0910764654135
-2.59290230639996,0.5212964085489891,1.0,0,,0.0,-4.999999999999449e-05,
-0.7646184963359116,0.39512799808687493,1.0,0,,0.0004999999999999449,-0.000400000000000178,-1529.2369926719916
-0.6820355531807207,0.36027341083873965,1.0,0,,3.999999999999837e-05,0.0,-17050.888829518713
-0.6612655505279882,0.32828131333758104,1.0,0,,0.00019999999999997797,0.0,-3306.327752640305
-2.034112227840047,0.4135215937556341,,0,,0.0,0.0,
-0.29984056039200446,0.6581035296657716,1.0,0,,3.999999999999837e-05,0.0,-7496.014009800417
1.153698288560181,0.38117170740230094,1.0,0,,0.008000000000000007,0.0,144.2122860700225
-0.6508711742400034,0.3259967296262374,1.0,0,,0.060000000000002274,-0.018000000000000682,-10.847852903999646
-0.6660620546677954,0.39018684542697,1.0,0,,0.000300000000000078,-9.999999999998899e-05,-2220.2068488920745
-1.7250945452799349,0.30867725414845487,1.0,0,,0.11000000000001364,-0.5099999999999909,-15.6826776843611
-1.305959218704042,0.33135187891096274,1.0,0,,0.0006999999999999229,-0.0021999999999999797,-1865.6560267202656
-1.7437574089437522,0.39512799808687493,1.0,0,,0.00019999999999997797,-0.001100000000000101,-8718.787044719722
-1.1648870074559197,0.36394022041270785,1.0,0,,0.002000000000000668,-0.0030000000000001137,-582.4435037277653
-1.4013401527607914,0.36027341083873965,1.0,0,,0.0,-8.999999999999286e-05,
-1.358967318143929,0.32828131333758104,1.0,0,,0.0,-0.00019999999999997797,
-2.5042521180072157,0.4244693997191734,1.0,0,,0.0,-8.000000000000368e-05,
-1.8067250712000704,0.5212964085489891,,0,,0.0,0.0,
-1.9404239316479583,0.3259967296262374,1.0,0,,0.0,-0.15900000000000603,
-2.532437502000017,0.32125345324642707,1.0,0,,0.0,-0.005900000000000016,
-0.8992147950069613,0.39018684542697,1.0,0,,0.00019999999999997797,-0.00010000000000010001,-4496.073975035302
-1.4048958967200789,0.4135215937556341,1.0,0,,0.0,-0.1000000000003638,
-1.223082700559801,0.38117170740230094,,0,,0.0,0.0,
-1.7288033855999185,0.30867725414845487,1.0,0,,0.029999999999972715,-0.6200000000000045,-57.626779520049695
-2.0492952533999844,0.3034510630256298,1.0,0,,0.0,-0.00010000000000000286,
-2.823092864856001,0.42601649500138383,1.0,0,,0.0,-0.5500000000000114,
-2.416009007232033,0.39237918997882376,1.0,0,,9.999999999998899e-05,-0.0019000000000000128,-24160.09007232299
-2.431798732759925,0.3388701579185054,1.0,0,,0.0,-0.0005000000000000004,
-2.948528468659119,0.3052862283179452,1.0,0,,0.11999999999997613,-0.6800000000000068,-24.571070572164214
-0.4155555247199879,0.32509414639029566,1.0,0,,0.0014999999999998348,0.0,-277.03701648002243
-1.929945966303984,0.42029096723937975,1.0,0,,0.0,-0.00012000000000000899,
-1.7948713891839725,0.317247372323853,1.0,0,,0.0,-0.6200000000000045,
-5.055875507612641,0.42598739773353206,1.0,0,,9.999999999998899e-05,-0.0007000000000000339,-50558.75507613198
-6.2982728183647065,0.4335232834963405,1.0,0,,0.0,-0.0001999999999999988,
-2.944061453132786,0.3034510630256298,1.0,0,,0.0,-0.00014000000000000123,
-3.8524169539319,0.4360431163707814,1.0,0,,0.0,-0.00012999999999999817,
-3.0043108996559122,0.42601649500138383,1.0,0,,0.0,-0.6299999999999955,
-2.802186711887809,0.39237918997882376,1.0,0,,9.999999999998899e-05,-0.0018000000000000238,-28021.867118881175
-2.638697779887962,0.3388701579185054,1.0,0,,0.0,-0.0005000000000000004,
-3.7254773780639643,0.32509414639029566,1.0,0,,0.0,-0.005900000000000016,
-1.7471879439358748,0.317247372323853,1.0,0,,0.0,-0.6399999999999864,
-1.1970779335198602,0.42598739773353206,1.0,0,,0.00029999999999996696,-0.0006000000000000449,-3990.2597783999736
-2.439402406127987,0.4144265169880458,1.0,0,,0.0,-0.0030000000000001137,
-1.6358445397919348,0.42029096723937975,1.0,0,,0.0,-0.00012000000000000899,
-3.1265944336510536,0.4318218459248148,1.0,0,,0.0,-0.0011999999999999789,
-0.2837870819999772,0.3158733863252349,1.0,0,,0.0020000000000000018,0.0,-141.8935409999885
-1.2969718473599885,0.41805011957569294,,0,,0.0,0.0,
0.10137838888017825,0.42648470180814635,1.0,0,,0.0017999999999999683,-0.0008000000000000229,56.321327155655574
0.0059229876000186366,0.3158733863252349,1.0,0,,0.0026999999999999247,-0.001100000000000101,2.193699111118075
-1.176452023536057,0.39578940352729697,1.0,0,,7.999999999996898e-05,-6.0000000000004494e-05,-14705.650294206413
0.4283888762244593,0.3158733863252349,1.0,0,,0.014100000000000001,-0.0017000000000000348,30.38218980315314
-0.8477876827486578,0.30032380110022033,1.0,0,,0.7800000000006548,0.0,-1.0869072855742898
-1.09401055663832,0.3612345259412246,,0,,0.0,0.0,
-1.7085774165358714,0.6793504580496235,1.0,0,,6.0000000000001025e-05,0.0,-28476.29027559737
-0.8743907369039721,0.3759480148659218,1.0,0,,0.00012000000000000899,0.0,-7286.5894741992215
-0.8842494442079651,0.30032380110022033,,0,,0.0,0.0,
-1.7172120985052974,0.3817092218730239,1.0,0,,0.0,-2.999999999997449e-05,
-1.477746547199796,0.31420677936503716,1.0,0,,0.0001000000000000445,-0.00019999999999997797,-14777.465471991383
0.6774437863204501,0.6859121527914174,1.0,0,,4.000000000000184e-05,0.0,16936.094658010472
-0.47061577219209894,0.4463833693056448,1.0,0,,0.0022999999999999687,0.0,-204.61555312700233
-1.2797649130031323,0.3817092218730239,1.0,0,,0.0,-2.0000000000020002e-05,
0.4012118915118634,0.4463833693056448,1.0,0,,0.006299999999999972,0.0,63.68442722410558
-1.8888268039598959,0.3533406478624702,1.0,0,,9.999999999998899e-05,-0.00019999999999997797,-18888.26803960104
-7.6842255199049205,0.6849914788687762,1.0,0,,9.999999999999593e-06,-3.0000000000002247e-05,-768422.5519905234
-1.8010685962750306,0.38341301165397806,,0,,0.0,0.0,
-0.35398700089578816,0.4463833693056448,1.0,0,,0.0028999999999999027,-9.999999999998899e-05,-122.06448306751726
-0.6042931763038768,0.4650066294956936,1.0,0,,0.0045999999999999375,0.0,-131.3680818051924
-3.3507102130148416,0.7062305364363457,1.0,0,,6.0000000000001025e-05,0.0,-55845.17021691307
0.455504209055864,0.4650066294956936,1.0,0,,0.0023999999999999577,-0.0020000000000000018,189.79342043994666
-3.4566364969470857,0.7008950235667029,1.0,0,,9.999999999999593e-06,0.0,-345663.64969472267
-7.8762039596239175,0.4602334676698072,1.0,0,,0.0013999999999998458,-0.009600000000000053,-5625.85997116056
-6.816135782975908,0.4602334676698072,1.0,0,,0.0014000000000000679,-0.008299999999999974,-4868.668416411127
-0.2614246607278795,0.4521418852082147,1.0,0,,0.0023999999999999577,0.0,-108.92694196995171
-4.750595851340932,0.7008950235667029,1.0,0,,1.9999999999999185e-05,-3.0000000000002247e-05,-237529.79256705625
1.9349665304988286,0.3293916124306019,1.0,0,,0.0020799999999999985,-0.00017000000000000348,930.2723704321298
0.11983513502149357,0.3293916124306019,1.0,0,,0.0007199999999999984,-7.00000000000145e-05,166.43768752985255
0.056108756087965395,0.4521418852082147,1.0,0,,0.0031000000000001027,-0.0006999999999999229,18.099598738052755
11.68932113684522,0.7059261808524264,1.0,0,,0.0001899999999999992,0.0,61522.74282550142
-0.1334410622156843,0.4521418852082147,1.0,0,,0.0027000000000001467,-0.0007999999999999119,-49.422615635435946
3.1533649612972536,0.34984948244116376,1.0,0,,0.0021700000000000053,0.0,1453.1635766346756
-0.3537823413198077,0.4529685615839475,1.0,0,,0.0045999999999999375,0.0,-76.90920463474184
-1.730046542895797,0.37146255581354554,1.0,0,,0.0,-0.0008000000000000229,
-4.667124299759876,0.34984948244116376,1.0,0,,0.0,-0.0010799999999999976,
-0.17729334823193388,0.4529685615839475,1.0,0,,0.0025999999999999357,-0.0023999999999999577,-68.18974931997626
-0.22826548567678895,0.3681392974235254,1.0,0,,0.0003599999999999992,-0.00018999999999999573,-634.0707935466373
-0.9565242296399331,0.30612416438656054,1.0,0,,0.0,-0.0002999999999997449,
-1.6941178679039637,0.3468975182887432,1.0,0,,0.0,-0.0007000000000000339,
-0.7371889039680234,0.30612416438656054,1.0,0,,0.000700000000000145,0.0,-1053.1270056683868
0.8648956490161206,0.45150392819747287,1.0,0,,0.007100000000000106,-0.0005999999999999339,121.81628859381797
-0.10097458828792882,0.3681392974235254,1.0,0,,0.0003200000000000147,-0.0005099999999999827,-315.54558839976306
4.410224428595667,0.7052512083398811,1.0,0,,0.0001799999999999996,0.0,24501.246825531536
-0.9892393526399272,0.30612416438656054,1.0,0,,0.00019999999999997797,0.0,-4946.196763200181
-0.4794432904318195,0.3532397905790981,1.0,0,,0.0008299999999999974,-0.00020000000000000573,-577.6425185925555
-1.0443236126399973,0.45150392819747287,1.0,0,,0.0019000000000000128,-0.00869999999999993,-549.6440066526264
-7.13715986491197,0.3532397905790981,1.0,0,,5.999999999997674e-05,-0.0011200000000000099,-118952.66441524561
-1.2159421940159194,0.3030359591578853,1.0,0,,0.00010000000000021103,0.0,-12159.421940133534
0.7541926582722857,0.4637299211931605,1.0,0,,0.005800000000000027,-0.0006999999999999229,130.0332169434969
-0.21644567147515853,0.3532397905790981,1.0,0,,0.00042999999999998595,-0.00021999999999999797,-503.36202668643165
0.7240073823840039,0.4646331316456518,1.0,0,,0.0050000000000001155,-0.0013000000000000789,144.80147647679743
-0.7503228965759827,0.3030359591578853,1.0,0,,0.00039999999999995595,0.0,-1875.8072414401634
-1.8645447057116635,0.4646331316456518,1.0,0,,0.0025999999999999357,0.0,-717.1325791198883
-0.6029890163999154,0.3131249930654969,1.0,0,,0.00019999999999997797,-0.00019999999999997797,-3014.9450819999092
-0.04933485058054943,0.3637869880110989,1.0,0,,0.0008000000000000229,-0.00020999999999998797,-61.66856322568502
4.027208269902786,0.4770353987942873,1.0,0,,0.025099999999999678,0.0,160.44654461764296
-0.2593383348479515,0.32227908357396934,1.0,0,,0.0022999999999999687,0.0,-112.75579775998044
-0.5821404769598699,0.32227908357396934,1.0,0,,0.00140000000000029,0.0,-415.814626399821
-6.117930208799891,0.39371198508098804,1.0,0,,0.017000000000001236,-0.11899999999999977,-359.87824757643796
-1.3356142331038208,0.32227908357396934,1.0,0,,0.0,-0.0015999999999998238,
-0.5180507250127698,0.36788425635663957,1.0,0,,6.0000000000004494e-05,-1.9999999999992246e-05,-8634.178750212184
-0.7657171793918829,0.40101251740163646,1.0,0,,1.650000000000091,-0.06999999999993634,-0.4640710178132368
-8.536337948207828,0.4770353987942873,1.0,0,,0.0022999999999999687,-0.010099999999999998,-3711.451281829541
-2.253806993687099,0.5322001452450369,1.0,0,,0.0,-8.999999999999286e-05,
-0.48489453566386814,0.31140110964137113,1.0,0,,0.18999999999999773,-0.06999999999999318,-2.5520765034940736
-8.19965127611987,0.4746977424462938,1.0,0,,0.0,-0.011500000000000066,
-2.876788443215931,0.3485173668965438,1.0,0,,0.0,-0.0009000000000000119,
-0.07141050496463708,0.36788425635663957,1.0,0,,9.000000000000674e-05,-7.000000000000062e-05,-793.4500551625748
0.5461667524481348,0.40101251740163646,1.0,0,,1.6299999999998818,-1.1900000000000546,0.3350716272688187
-0.47750990636792545,0.31140110964137113,1.0,0,,0.19999999999998863,-0.25,-2.387549531839763
8.09364043284494,0.5349065847727658,1.0,0,,0.0006400000000000017,0.0,12646.313176320184
-10.018730011199672,0.39371198508098804,1.0,0,,0.03200000000000003,-0.11399999999999899,-313.08531284998946
-1.5693172730879352,0.34993211986951417,1.0,0,,0.0,-0.0010999999999996568,
-2.4379713216215113,0.36788425635663957,1.0,0,,0.0,-0.00023999999999999022,
-3.092980767616001,0.40101251740163646,1.0,0,,0.0,-4.310000000000173,
0.1354746812320135,0.31140110964137113,1.0,0,,0.3299999999999841,-0.26000000000004775,0.4105293370667274
-0.7316587964161181,0.34993211986951417,1.0,0,,0.0006999999999997009,-0.00010000000000021103,-1045.2268520234725
7.644317870765612,0.4746977424462938,1.0,0,,0.020000000000000018,0.0,382.2158935382802
-0.09675074160004515,0.3899894667740961,1.0,0,,0.057000000000000384,-0.045999999999999375,-1.6973814315797282
-2.4821893293120563,0.3480608206557184,1.0,0,,0.00029999999999996696,-0.0020000000000000018,-8273.964431041099
-3.8776967911678693,0.4165833611054146,1.0,0,,0.3400000000001455,-4.539999999999964,-11.404990562253557
-0.43727533449598477,0.3091562147927256,1.0,0,,0.6999999999999886,0.0,-0.6246790492799884
-3.2044682428798072,0.41548640845110413,1.0,0,,9.999999999998899e-05,-0.0014999999999999458,-32044.682428801603
-3.7296317964958785,0.4120712726788125,1.0,0,,0.016000000000005343,-0.19299999999999784,-233.10198728091456
-4.164363635583869,0.38867244852538874,1.0,0,,0.0,-0.0002500000000000002,
-3.3605160976799726,0.35275255853775034,1.0,0,,0.0,-0.0009000000000000119,
-2.4534408902078866,0.3480608206557184,1.0,0,,0.0,-0.0024999999999999467,
-0.9573998989520927,0.33272810724119256,1.0,0,,0.0002999999999997449,0.0,-3191.332996509689
-0.8889591274199529,0.38867244852538874,1.0,0,,5.9999999999990616e-05,-6.0000000000004494e-05,-14815.985457001532
-1.7526247573118323,0.4165833611054146,1.0,0,,1.759999999999991,0.0,-0.9958095211999098
-0.4670601148799727,0.35275255853775034,1.0,0,,0.00029999999999996696,0.0,-1556.8670496000805
-0.7661045953439676,0.3091562147927256,1.0,0,,0.2799999999999727,0.0,-2.7360878405144367
-0.9101158377919822,0.3480608206557184,1.0,0,,0.0005999999999999339,0.0,-1516.8597296534708
1.444729855223077,0.31943500978643163,1.0,0,,0.016900000000000137,0.0,85.48697368183818
-2.2029944816159257,0.4120712726788125,1.0,0,,0.03499999999999659,-0.11199999999999477,-62.94269947474687
-1.2189215972878777,0.41548640845110413,1.0,0,,0.00019999999999997797,-0.0005999999999999339,-6094.60798644006
-1.912307567631828,0.33272810724119256,1.0,0,,0.0,-0.0025999999999997137,
7.38563167706303,0.3951443564450887,1.0,0,,0.2400000000000002,0.0,30.77346532109593
-0.4435715528958992,0.4737356293493023,1.0,0,,0.0043000000000001926,-0.0040999999999997705,-103.15617509206497
-0.5566485244318056,0.3364401105387174,1.0,0,,0.00020000000000003348,0.0,-2783.242622158562
-0.24428276394232123,0.36782079533528417,1.0,0,,5.9999999999990616e-05,-0.00012000000000000899,-4071.379399039324
-2.0179464209278155,0.40471519137789,1.0,0,,0.22000000000002728,-1.7899999999999636,-9.172483731488933
-1.0270107905519923,0.3318790333757996,1.0,0,,0.0031999999999996476,-0.000300000000000189,-320.94087204753293
-0.20656381479998687,0.3364401105387174,1.0,0,,0.00029999999999996696,-0.0001000000000000445,-688.5460493333654
-0.43513281851176927,0.36782079533528417,1.0,0,,5.9999999999990616e-05,-1.0000000000010001e-05,-7252.213641863956
-9.97690131425567,0.4737356293493023,1.0,0,,0.00010000000000021103,-0.009799999999999809,-99769.01314234616
-0.9655805887199662,0.3204570649834373,1.0,0,,0.16999999999995907,-0.05000000000001137,-5.6798858160011685
-0.8768661105437995,0.4341051585623641,1.0,0,,0.000500000000000056,-0.0006999999999999229,-1753.7322210874026
-0.9701328815198713,0.3204570649834373,1.0,0,,0.17000000000001592,0.0,-5.706664008939885
-0.7481491155359736,0.3318790333757996,1.0,0,,0.0013999999999998458,0.0,-534.3922253828972
-4.810910849919811,0.40471519137789,1.0,0,,0.39000000000010004,-4.789999999999964,-12.335668845945069
-2.6428612972799312,0.4341051585623641,1.0,0,,0.0,-0.0007000000000000339,
-0.4885453046319733,0.46388075455144107,1.0,0,,0.0028999999999999027,0.0,-168.46389814896196
-1.3328818434079226,0.3271194236551375,1.0,0,,0.0,-0.0015000000000000568,
-0.15395782252799273,0.41662641407555745,1.0,0,,0.0009000000000000119,0.0,-171.064247253323
-7.517838795199682,0.4098221581916794,1.0,0,,0.009000000000000341,-0.10299999999999976,-835.315421688822
-1.2759647656567796,0.7012189644120341,1.0,0,,9.99999999999994e-05,0.0,-12759.647656567873
-0.7587140070719884,0.41662641407555745,1.0,0,,0.0004999999999999449,0.0,-1517.428014144144
-1.5956676030398764,0.4098221581916794,1.0,0,,0.1479999999999997,-0.006000000000000227,-10.781537858377567
-0.051744219911944445,0.46388075455144107,1.0,0,,0.0028999999999999027,-0.001100000000000101,-17.842834452395234
-0.3257660604799613,0.3271194236551375,1.0,0,,0.002200000000000202,0.0,-148.07548203633246
-3.8463229133997063,0.38930529476192177,1.0,0,,0.00030000000000002247,-0.0013000000000000234,-12821.07637799806
-0.5100782990240599,0.3755317137411812,1.0,0,,1.25,-1.1100000000001273,-0.4080626392192479
-0.7715447255199342,0.3055031707944162,1.0,0,,0.0005999999999999339,-0.0010999999999998789,-1285.9078758666988
-0.9135956141759058,0.42156738254231985,1.0,0,,0.00039999999999995595,0.0,-2283.9890354400163
-0.005879017248114127,0.3628557648810216,1.0,0,,0.0007999999999999119,0.0,-7.348771560143468
-26.548978488267036,0.3553082195526964,1.0,0,,6.0000000000004494e-05,-0.00011999999999999511,-442482.97480441746
-1.1309988398400224,0.3020654369332552,1.0,0,,0.00999999999999801,-0.030000000000001137,-113.09988398402474
-0.2544277847999622,0.4129181503101059,1.0,0,,0.038000000000000256,-0.051000000000000156,-6.695468021051592
-5.341545994559728,0.4996781828178155,1.0,0,,0.0009000000000001229,-0.0041999999999999815,-5935.051105065554
4.648556501728526,0.4129181503101059,1.0,0,,0.29800000000000004,-0.02000000000000135,15.599182891706462
-1.0796058984000387,0.42427857967354576,1.0,0,,0.04499999999999993,-0.025000000000000355,-23.991242186667566
-1.0645155898559875,0.31402752380509225,1.0,0,,0.002000000000000668,-0.005000000000000782,-532.257794927816
-1.2163982636927517,0.3553082195526964,1.0,0,,0.0,-9.999999999998899e-05,
-1.7153595049920516,0.3755317137411812,1.0,0,,0.8999999999998636,-1.6600000000000819,-1.905955005547013
-0.65095795631985,0.3055031707944162,1.0,0,,0.000500000000000167,-0.0007999999999999119,-1301.9159126392651
-1.5085385256480803,0.42156738254231985,1.0,0,,9.999999999998899e-05,-0.0008000000000000229,-15085.385256482465
-1.99483366916158,0.3628557648810216,1.0,0,,9.999999999998899e-05,-0.0010999999999999899,-19948.336691618
-0.9775540555199304,0.3020654369332552,1.0,0,,0.0,-0.01999999999999602,
-0.2981254795438071,0.4996781828178155,1.0,0,,0.0034999999999998366,-0.004100000000000215,-85.17870844109171
-0.4663431704639752,0.3308800353970196,1.0,0,,0.0019999999999997797,0.0,-233.17158523201329
0.5637275280001925,0.42427857967354576,1.0,0,,0.04100000000000037,-0.014999999999998792,13.749451902443596
