t,hour_of_day,weekday,date,pnl
2026-03-07 13:32:09.346000+00:00,13,Saturday,2026-03-07,-0.06960724949118643
2026-03-07 13:32:17.420000+00:00,13,Saturday,2026-03-07,-0.19796327410399925
2026-03-07 13:34:27.029000+00:00,13,Saturday,2026-03-07,-0.7374793637087877
2026-03-07 13:32:09.346000+00:00,13,Saturday,2026-03-07,-0.30292077446397697
2026-03-07 13:32:09.346000+00:00,13,Saturday,2026-03-07,-0.3612073103832042
2026-03-07 13:32:17.420000+00:00,13,Saturday,2026-03-07,-0.28212940000000875
2026-03-07 13:32:40.757000+00:00,13,Saturday,2026-03-07,-0.45835005980798704
2026-03-07 13:32:17.420000+00:00,13,Saturday,2026-03-07,-0.29019434065438954
2026-03-07 13:34:10.242000+00:00,13,Saturday,2026-03-07,-0.10920627765600127
2026-03-07 13:36:18.560000+00:00,13,Saturday,2026-03-07,-0.09823415457920066
2026-03-07 13:36:27.727000+00:00,13,Saturday,2026-03-07,-0.13097254801677652
2026-03-07 13:35:18.177000+00:00,13,Saturday,2026-03-07,-0.09483157724797439
2026-03-07 13:35:18.177000+00:00,13,Saturday,2026-03-07,-0.40998359999995804
2026-03-07 13:35:18.746000+00:00,13,Saturday,2026-03-07,-0.32277000974401826
2026-03-07 13:38:24.546000+00:00,13,Saturday,2026-03-07,-0.19993958060799516
2026-03-07 13:38:29.618000+00:00,13,Saturday,2026-03-07,-0.3044149743199922
2026-03-07 13:38:19.514000+00:00,13,Saturday,2026-03-07,-0.379271792899984
2026-03-07 13:38:07.841000+00:00,13,Saturday,2026-03-07,-0.270009616464009
2026-03-07 13:40:30.167000+00:00,13,Saturday,2026-03-07,-0.7862895898799791
2026-03-07 13:40:20.508000+00:00,13,Saturday,2026-03-07,-0.1424098259167857
2026-03-07 13:38:46.885000+00:00,13,Saturday,2026-03-07,-0.188337199999984
2026-03-07 13:40:25.078000+00:00,13,Saturday,2026-03-07,-0.40202042908800073
2026-03-07 13:43:26.644000+00:00,13,Saturday,2026-03-07,-0.20006078060799207
2026-03-07 13:43:59.512000+00:00,13,Saturday,2026-03-07,-0.16045245035519415
2026-03-07 13:42:11.810000+00:00,13,Saturday,2026-03-07,-1.3091933737063077
2026-03-07 13:42:11.810000+00:00,13,Saturday,2026-03-07,-0.19452598060801363
2026-03-07 13:42:37.610000+00:00,13,Saturday,2026-03-07,-0.2134791820479774
2026-03-07 13:44:34.215000+00:00,13,Saturday,2026-03-07,-0.13612027822077077
2026-03-07 13:42:21.486000+00:00,13,Saturday,2026-03-07,-0.395036445935994
2026-03-07 13:43:05.052000+00:00,13,Saturday,2026-03-07,-0.4791274680815889
2026-03-07 13:46:01.429000+00:00,13,Saturday,2026-03-07,-0.16036797039357914
2026-03-07 13:45:27.633000+00:00,13,Saturday,2026-03-07,-0.44452943897599084
2026-03-07 13:46:26.660000+00:00,13,Saturday,2026-03-07,-0.13743783959359696
2026-03-07 13:43:05.052000+00:00,13,Saturday,2026-03-07,-0.29899636422398274
2026-03-07 13:45:30.670000+00:00,13,Saturday,2026-03-07,-0.4753166448800029
2026-03-07 13:45:02.545000+00:00,13,Saturday,2026-03-07,-0.18036809445598856
2026-03-07 13:46:06.589000+00:00,13,Saturday,2026-03-07,-0.19277207942243596
2026-03-07 13:45:30.670000+00:00,13,Saturday,2026-03-07,-0.2550451951520015
2026-03-07 13:48:09.411000+00:00,13,Saturday,2026-03-07,-0.18449807815034186
2026-03-07 13:45:55.321000+00:00,13,Saturday,2026-03-07,-0.2927023999999751
2026-03-07 13:47:28.483000+00:00,13,Saturday,2026-03-07,-0.18279847539998362
2026-03-07 13:46:34.935000+00:00,13,Saturday,2026-03-07,-0.3616917623000101
2026-03-07 13:49:04.147000+00:00,13,Saturday,2026-03-07,-0.16671980601602793
2026-03-07 13:48:08.789000+00:00,13,Saturday,2026-03-07,-0.18426107523358637
2026-03-07 13:48:08.789000+00:00,13,Saturday,2026-03-07,-0.24502449124001652
2026-03-07 13:50:10.125000+00:00,13,Saturday,2026-03-07,-0.1206289878815585
2026-03-07 13:48:34.469000+00:00,13,Saturday,2026-03-07,-0.3561058193919776
2026-03-07 13:48:43.225000+00:00,13,Saturday,2026-03-07,-0.48198306662398954
2026-03-07 13:51:45.375000+00:00,13,Saturday,2026-03-07,-0.06553236678398695
2026-03-07 13:51:14.240000+00:00,13,Saturday,2026-03-07,-0.1313937425231786
2026-03-07 13:49:29.152000+00:00,13,Saturday,2026-03-07,-0.36723701967997624
2026-03-07 13:49:36.857000+00:00,13,Saturday,2026-03-07,-0.2716752940719893
2026-03-07 13:53:14.849000+00:00,13,Saturday,2026-03-07,-0.2044388399999908
2026-03-07 13:52:40.406000+00:00,13,Saturday,2026-03-07,-0.15630296427358015
2026-03-07 13:51:38.730000+00:00,13,Saturday,2026-03-07,-0.387309446999965
2026-03-07 13:51:14.240000+00:00,13,Saturday,2026-03-07,-0.17187847371997428
2026-03-07 13:54:41.040000+00:00,13,Saturday,2026-03-07,-0.1519499344048324
2026-03-07 13:53:46.285000+00:00,13,Saturday,2026-03-07,0.08939477519199229
2026-03-07 13:56:41.975000+00:00,13,Saturday,2026-03-07,-0.22250786017595525
2026-03-07 13:54:37.980000+00:00,13,Saturday,2026-03-07,-0.25187687644000023
2026-03-07 13:55:15.546000+00:00,13,Saturday,2026-03-07,-0.18755549603998728
2026-03-07 13:58:16.379000+00:00,13,Saturday,2026-03-07,-0.14657776440479608
2026-03-07 13:58:46.813000+00:00,13,Saturday,2026-03-07,-0.17313446831999904
2026-03-07 13:57:03.271000+00:00,13,Saturday,2026-03-07,-0.32201919112799327
2026-03-07 13:57:29.389000+00:00,13,Saturday,2026-03-07,-0.4573800431999732
2026-03-07 14:00:01.230000+00:00,14,Saturday,2026-03-07,-0.13341596543998135
2026-03-07 13:58:46.291000+00:00,13,Saturday,2026-03-07,-0.18915117062398762
2026-03-07 13:57:59.731000+00:00,13,Saturday,2026-03-07,0.3970776701360031
2026-03-07 13:59:36.331000+00:00,13,Saturday,2026-03-07,-0.12743566444798304
2026-03-07 14:00:18.071000+00:00,14,Saturday,2026-03-07,-0.42366965088960207
2026-03-07 14:00:50.334000+00:00,14,Saturday,2026-03-07,-0.8167489229087921
2026-03-07 14:02:02.235000+00:00,14,Saturday,2026-03-07,-0.09635085667998594
2026-03-07 14:00:50.334000+00:00,14,Saturday,2026-03-07,-2.0728998312799862
2026-03-07 14:02:33.873000+00:00,14,Saturday,2026-03-07,-0.16872983492158292
2026-03-07 14:01:01.058000+00:00,14,Saturday,2026-03-07,1.4104893914400076
2026-03-07 14:02:33.873000+00:00,14,Saturday,2026-03-07,-0.2903979999999427
2026-03-07 14:02:26.203000+00:00,14,Saturday,2026-03-07,-0.14667021435917238
2026-03-07 14:02:50.941000+00:00,14,Saturday,2026-03-07,-0.37805120000000125
2026-03-07 14:01:30.787000+00:00,14,Saturday,2026-03-07,-0.13813703920477083
2026-03-07 14:03:21.747000+00:00,14,Saturday,2026-03-07,-0.2865528599999904
2026-03-07 14:02:33.873000+00:00,14,Saturday,2026-03-07,-0.4415904328320279
2026-03-07 14:03:21.747000+00:00,14,Saturday,2026-03-07,-0.17376809128798607
2026-03-07 14:04:03.051000+00:00,14,Saturday,2026-03-07,-0.2784209999999784
2026-03-07 14:02:50.941000+00:00,14,Saturday,2026-03-07,-0.05686249245604147
2026-03-07 14:04:34.656000+00:00,14,Saturday,2026-03-07,-0.2456443898239662
2026-03-07 14:01:43.102000+00:00,14,Saturday,2026-03-07,-0.21828510622560998
2026-03-07 14:04:34.656000+00:00,14,Saturday,2026-03-07,-0.13706117731601453
2026-03-07 14:04:34.656000+00:00,14,Saturday,2026-03-07,-0.16774476721599726
2026-03-07 14:02:33.873000+00:00,14,Saturday,2026-03-07,-0.11925957828476907
2026-03-07 14:05:41.105000+00:00,14,Saturday,2026-03-07,-0.138002914347985
2026-03-07 14:03:55.778000+00:00,14,Saturday,2026-03-07,-0.08747453831997717
2026-03-07 14:05:19.887000+00:00,14,Saturday,2026-03-07,-0.17507942163599022
2026-03-07 14:04:26.799000+00:00,14,Saturday,2026-03-07,-0.5476925252943823
2026-03-07 14:04:51.583000+00:00,14,Saturday,2026-03-07,-0.9334881536175801
2026-03-07 14:05:00.287000+00:00,14,Saturday,2026-03-07,-1.163668986912002
2026-03-07 14:06:03.840000+00:00,14,Saturday,2026-03-07,-0.2058055825280079
2026-03-07 14:06:58.265000+00:00,14,Saturday,2026-03-07,-0.3295165140951883
2026-03-07 14:06:35.476000+00:00,14,Saturday,2026-03-07,-0.14750020981439374
2026-03-07 14:06:58.265000+00:00,14,Saturday,2026-03-07,-0.24478556155194486
2026-03-07 14:07:00.823000+00:00,14,Saturday,2026-03-07,-0.31315811999998
2026-03-07 14:06:27.783000+00:00,14,Saturday,2026-03-07,-0.21308986501438132
2026-03-07 14:07:03.896000+00:00,14,Saturday,2026-03-07,-0.3405965348296082
2026-03-07 14:07:13.616000+00:00,14,Saturday,2026-03-07,-0.43148199999998876
2026-03-07 14:07:25.349000+00:00,14,Saturday,2026-03-07,-0.2934680456105004
2026-03-07 14:07:17.210000+00:00,14,Saturday,2026-03-07,-0.37075768078271953
2026-03-07 14:06:58.265000+00:00,14,Saturday,2026-03-07,-0.3516895884799933
2026-03-07 14:07:34.122000+00:00,14,Saturday,2026-03-07,-0.38751599999997455
2026-03-07 14:08:04.778000+00:00,14,Saturday,2026-03-07,-0.4063211999999927
2026-03-07 14:08:36.312000+00:00,14,Saturday,2026-03-07,-0.3025199000000065
2026-03-07 14:08:59.032000+00:00,14,Saturday,2026-03-07,-0.2446099615040016
2026-03-07 14:06:58.265000+00:00,14,Saturday,2026-03-07,-0.24978178987199917
2026-03-07 14:08:59.032000+00:00,14,Saturday,2026-03-07,-0.3580575900159834
2026-03-07 14:06:35.476000+00:00,14,Saturday,2026-03-07,-0.32248730770396516
2026-03-07 14:09:17.761000+00:00,14,Saturday,2026-03-07,-0.6212681746343334
2026-03-07 14:09:04.813000+00:00,14,Saturday,2026-03-07,-0.3616033298863549
2026-03-07 14:08:59.032000+00:00,14,Saturday,2026-03-07,-0.3294446840879735
2026-03-07 14:09:18.286000+00:00,14,Saturday,2026-03-07,-0.22857628480800027
2026-03-07 14:09:21.373000+00:00,14,Saturday,2026-03-07,-0.33462247655197214
2026-03-07 14:09:26.079000+00:00,14,Saturday,2026-03-07,-0.4184045502621605
2026-03-07 14:07:29.489000+00:00,14,Saturday,2026-03-07,0.25903116902402307
2026-03-07 14:08:57.987000+00:00,14,Saturday,2026-03-07,-0.20672594748556683
2026-03-07 14:09:37+00:00,14,Saturday,2026-03-07,-0.30118739999997923
2026-03-07 14:10:37.134000+00:00,14,Saturday,2026-03-07,-0.6158241186799948
2026-03-07 14:11:00.073000+00:00,14,Saturday,2026-03-07,-0.4046651999999947
2026-03-07 14:11:00.073000+00:00,14,Saturday,2026-03-07,-0.5123934832640114
2026-03-07 14:11:02.679000+00:00,14,Saturday,2026-03-07,-0.39558527999999793
2026-03-07 14:11:05.803000+00:00,14,Saturday,2026-03-07,-0.40357478000000324
2026-03-07 14:11:18.358000+00:00,14,Saturday,2026-03-07,-0.40061918399997476
2026-03-07 14:10:59.027000+00:00,14,Saturday,2026-03-07,-0.20667042747116293
2026-03-07 14:09:34.914000+00:00,14,Saturday,2026-03-07,-0.15550506418560378
2026-03-07 14:10:05.352000+00:00,14,Saturday,2026-03-07,-0.1406618362799671
2026-03-07 14:11:22.023000+00:00,14,Saturday,2026-03-07,-0.4316385999999752
2026-03-07 14:11:26.728000+00:00,14,Saturday,2026-03-07,-0.29332436340542095
2026-03-07 14:11:30.376000+00:00,14,Saturday,2026-03-07,-0.29185519999997434
2026-03-07 14:10:31.361000+00:00,14,Saturday,2026-03-07,-0.16911916563198331
2026-03-07 14:11:37.692000+00:00,14,Saturday,2026-03-07,-0.30103199999996266
2026-03-07 14:12:10.697000+00:00,14,Saturday,2026-03-07,-0.3884846799999517
2026-03-07 14:12:24.814000+00:00,14,Saturday,2026-03-07,-0.2790319999999904
2026-03-07 14:12:36.360000+00:00,14,Saturday,2026-03-07,-0.38263679999996636
2026-03-07 14:12:37.926000+00:00,14,Saturday,2026-03-07,-0.30424952000000005
2026-03-07 14:10:31.361000+00:00,14,Saturday,2026-03-07,-0.4425181589087871
2026-03-07 14:13:07.379000+00:00,14,Saturday,2026-03-07,-0.24489836140793542
2026-03-07 14:13:07.379000+00:00,14,Saturday,2026-03-07,-0.34772478771200466
2026-03-07 14:13:19.309000+00:00,14,Saturday,2026-03-07,-0.4057785300000077
2026-03-07 14:13:08.919000+00:00,14,Saturday,2026-03-07,-0.567978040166385
2026-03-07 14:13:22.959000+00:00,14,Saturday,2026-03-07,-0.5126744000000142
2026-03-07 14:12:38.978000+00:00,14,Saturday,2026-03-07,-0.8909356155599878
2026-03-07 14:13:07.379000+00:00,14,Saturday,2026-03-07,-0.5072860165559838
2026-03-07 14:13:33.240000+00:00,14,Saturday,2026-03-07,-0.30936060000000937
2026-03-07 14:13:27.648000+00:00,14,Saturday,2026-03-07,-0.6327590130579106
2026-03-07 14:13:33.771000+00:00,14,Saturday,2026-03-07,-0.2988143999999646
2026-03-07 14:13:38.464000+00:00,14,Saturday,2026-03-07,-0.30405759999999576
2026-03-07 14:15:08.012000+00:00,14,Saturday,2026-03-07,-0.40489439999999777
2026-03-07 14:13:33.240000+00:00,14,Saturday,2026-03-07,-0.393579048816001
2026-03-07 14:15:09.543000+00:00,14,Saturday,2026-03-07,-0.4003777400000085
2026-03-07 14:15:09.543000+00:00,14,Saturday,2026-03-07,-0.2616095669759775
2026-03-07 14:14:45.747000+00:00,14,Saturday,2026-03-07,-0.5263358715359518
2026-03-07 14:15:28.431000+00:00,14,Saturday,2026-03-07,-0.44639994640634073
2026-03-07 14:15:37.218000+00:00,14,Saturday,2026-03-07,-0.18919179999997615
2026-03-07 14:14:25.597000+00:00,14,Saturday,2026-03-07,-0.3191159087999688
2026-03-07 14:15:23.685000+00:00,14,Saturday,2026-03-07,-1.4444462232959743
2026-03-07 14:15:37.218000+00:00,14,Saturday,2026-03-07,-0.3853440207359997
2026-03-07 14:14:38.944000+00:00,14,Saturday,2026-03-07,-0.5515539363999631
2026-03-07 14:17:36.662000+00:00,14,Saturday,2026-03-07,-0.39908454205699984
2026-03-07 14:15:09.543000+00:00,14,Saturday,2026-03-07,-0.24159593285517603
2026-03-07 14:17:08.557000+00:00,14,Saturday,2026-03-07,-0.32537878070399895
2026-03-07 14:17:10.181000+00:00,14,Saturday,2026-03-07,-0.3065439777279829
2026-03-07 14:17:10.181000+00:00,14,Saturday,2026-03-07,-0.3793415049863894
2026-03-07 14:17:44.065000+00:00,14,Saturday,2026-03-07,-0.6001148649040056
2026-03-07 14:13:06.860000+00:00,14,Saturday,2026-03-07,-0.6918828729119975
2026-03-07 14:15:20.010000+00:00,14,Saturday,2026-03-07,-1.1155712153825803
2026-03-07 14:14:45.747000+00:00,14,Saturday,2026-03-07,-0.5697246384479915
2026-03-07 14:17:04.096000+00:00,14,Saturday,2026-03-07,-0.46157804367997546
2026-03-07 14:17:40.908000+00:00,14,Saturday,2026-03-07,-0.5593618311640114
2026-03-07 14:17:38.279000+00:00,14,Saturday,2026-03-07,-0.5584896622079799
2026-03-07 14:17:45.130000+00:00,14,Saturday,2026-03-07,-0.40086895999999017
2026-03-07 14:17:36.662000+00:00,14,Saturday,2026-03-07,-0.9776481113599329
2026-03-07 14:16:46.681000+00:00,14,Saturday,2026-03-07,-0.5785658040831976
2026-03-07 14:19:10.979000+00:00,14,Saturday,2026-03-07,-0.40506209999999077
2026-03-07 14:15:39.316000+00:00,14,Saturday,2026-03-07,-0.3602480134399744
2026-03-07 14:19:37.481000+00:00,14,Saturday,2026-03-07,-0.6458011037026479
2026-03-07 14:19:12.555000+00:00,14,Saturday,2026-03-07,-0.3433201873759887
2026-03-07 14:18:30.886000+00:00,14,Saturday,2026-03-07,-0.13242375056064948
2026-03-07 14:19:10.979000+00:00,14,Saturday,2026-03-07,-0.3658643889119942
2026-03-07 14:19:09.399000+00:00,14,Saturday,2026-03-07,-0.3350915801279989
2026-03-07 14:19:37.481000+00:00,14,Saturday,2026-03-07,-0.4087367713919715
2026-03-07 14:19:40.661000+00:00,14,Saturday,2026-03-07,-0.30145379999997246
2026-03-07 14:19:41.707000+00:00,14,Saturday,2026-03-07,-0.3037875200000033
2026-03-07 14:18:46.154000+00:00,14,Saturday,2026-03-07,-0.19429794911997758
2026-03-07 14:19:44.826000+00:00,14,Saturday,2026-03-07,-0.3116929199999911
2026-03-07 14:19:44.826000+00:00,14,Saturday,2026-03-07,-0.38528219999997115
2026-03-07 14:19:45.876000+00:00,14,Saturday,2026-03-07,-0.3774628846455924
2026-03-07 14:20:31.927000+00:00,14,Saturday,2026-03-07,-0.4045111399999769
2026-03-07 14:20:57.169000+00:00,14,Saturday,2026-03-07,-0.40587399999998464
2026-03-07 14:21:27.801000+00:00,14,Saturday,2026-03-07,-0.6721728741479501
2026-03-07 14:19:08.036000+00:00,14,Saturday,2026-03-07,1.0357375397712523
2026-03-07 14:19:39.102000+00:00,14,Saturday,2026-03-07,-0.28032619476799714
2026-03-07 14:21:39.749000+00:00,14,Saturday,2026-03-07,-0.6366847436940399
2026-03-07 14:21:39.749000+00:00,14,Saturday,2026-03-07,-0.886279785895972
2026-03-07 14:21:46.585000+00:00,14,Saturday,2026-03-07,-0.6017265582327602
2026-03-07 14:22:10.090000+00:00,14,Saturday,2026-03-07,-0.20644339999999
2026-03-07 14:20:12.023000+00:00,14,Saturday,2026-03-07,0.044128838368874046
2026-03-07 14:21:29.384000+00:00,14,Saturday,2026-03-07,-0.6000951451439261
2026-03-07 14:21:42.396000+00:00,14,Saturday,2026-03-07,-0.5251065529776079
2026-03-07 14:22:42.294000+00:00,14,Saturday,2026-03-07,-0.1155337575200017
2026-03-07 14:21:41.334000+00:00,14,Saturday,2026-03-07,-0.44578713463197417
2026-03-07 14:23:43.174000+00:00,14,Saturday,2026-03-07,-0.2180549688757045
2026-03-07 14:21:27.801000+00:00,14,Saturday,2026-03-07,-0.5958021657055749
2026-03-07 14:21:27.801000+00:00,14,Saturday,2026-03-07,-0.832730599479979
2026-03-07 14:21:47.628000+00:00,14,Saturday,2026-03-07,-0.31243239999999994
2026-03-07 14:22:10.090000+00:00,14,Saturday,2026-03-07,-0.29954999999999266
2026-03-07 14:22:10.090000+00:00,14,Saturday,2026-03-07,-0.08785587573599955
2026-03-07 14:22:40.231000+00:00,14,Saturday,2026-03-07,-0.33147401003200916
2026-03-07 14:21:47.628000+00:00,14,Saturday,2026-03-07,-0.32584558564794613
2026-03-07 14:24:22.313000+00:00,14,Saturday,2026-03-07,-0.38451070491917144
2026-03-07 14:22:53.212000+00:00,14,Saturday,2026-03-07,-0.4916975846223073
2026-03-07 14:25:49.894000+00:00,14,Saturday,2026-03-07,-0.4032875136705408
2026-03-07 14:23:28.676000+00:00,14,Saturday,2026-03-07,-0.46558681857598233
2026-03-07 14:23:42.646000+00:00,14,Saturday,2026-03-07,-0.5124040254399791
2026-03-07 14:23:43.174000+00:00,14,Saturday,2026-03-07,-0.4312335999999478
2026-03-07 14:23:44.231000+00:00,14,Saturday,2026-03-07,-0.4815327166319818
2026-03-07 14:23:45.273000+00:00,14,Saturday,2026-03-07,-0.3396122681743865
2026-03-07 14:23:47.914000+00:00,14,Saturday,2026-03-07,-0.4424245306415786
2026-03-07 14:26:52.264000+00:00,14,Saturday,2026-03-07,-0.30922061872637796
2026-03-07 14:24:45.214000+00:00,14,Saturday,2026-03-07,-0.6042433540063643
2026-03-07 14:24:12.307000+00:00,14,Saturday,2026-03-07,-0.19042849613599713
2026-03-07 14:26:22.987000+00:00,14,Saturday,2026-03-07,-0.6051211460639913
2026-03-07 14:24:29.738000+00:00,14,Saturday,2026-03-07,-0.335257180127964
2026-03-07 14:24:49.387000+00:00,14,Saturday,2026-03-07,-0.6117045747119865
2026-03-07 14:26:52.264000+00:00,14,Saturday,2026-03-07,-0.30533880000001634
2026-03-07 14:27:24.741000+00:00,14,Saturday,2026-03-07,-0.20641119999999638
2026-03-07 14:27:24.741000+00:00,14,Saturday,2026-03-07,-0.29241991999998634
2026-03-07 14:25:49.239000+00:00,14,Saturday,2026-03-07,-0.22522228192799282
2026-03-07 14:25:41.167000+00:00,14,Saturday,2026-03-07,-0.31063670501597507
2026-03-07 14:26:52.264000+00:00,14,Saturday,2026-03-07,-0.2998371746079437
2026-03-07 14:25:49.239000+00:00,14,Saturday,2026-03-07,-0.3878472837119592
2026-03-07 14:25:49.239000+00:00,14,Saturday,2026-03-07,-0.6417283269839047
2026-03-07 14:25:54.622000+00:00,14,Saturday,2026-03-07,-0.4311087291966097
2026-03-07 14:27:31.325000+00:00,14,Saturday,2026-03-07,-0.2520431602559684
2026-03-07 14:26:52.264000+00:00,14,Saturday,2026-03-07,-0.3363260817839705
2026-03-07 14:26:52.264000+00:00,14,Saturday,2026-03-07,-0.4312335999999478
2026-03-07 14:27:31.852000+00:00,14,Saturday,2026-03-07,-0.3000395999999769
2026-03-07 14:27:50.785000+00:00,14,Saturday,2026-03-07,-0.2777447561696007
2026-03-07 14:27:56.031000+00:00,14,Saturday,2026-03-07,-0.30039680000001096
2026-03-07 14:29:17.618000+00:00,14,Saturday,2026-03-07,-0.5886496453119437
2026-03-07 14:30:07.356000+00:00,14,Saturday,2026-03-07,-0.9125580160399649
2026-03-07 14:28:23.768000+00:00,14,Saturday,2026-03-07,-0.34403374467836983
2026-03-07 14:30:10.922000+00:00,14,Saturday,2026-03-07,-0.15179720647680545
2026-03-07 14:30:52.152000+00:00,14,Saturday,2026-03-07,-0.2093249525241397
2026-03-07 14:28:59.057000+00:00,14,Saturday,2026-03-07,-0.4571248401279658
2026-03-07 14:28:59.057000+00:00,14,Saturday,2026-03-07,-0.4317869982069639
2026-03-07 14:28:59.057000+00:00,14,Saturday,2026-03-07,-0.39697310275997055
2026-03-07 14:28:59.057000+00:00,14,Saturday,2026-03-07,-0.36068459857835006
2026-03-07 14:28:59.586000+00:00,14,Saturday,2026-03-07,-0.3933283199999535
2026-03-07 14:28:59.586000+00:00,14,Saturday,2026-03-07,-0.2983754599999905
2026-03-07 14:28:59.586000+00:00,14,Saturday,2026-03-07,-0.4016983999999547
2026-03-07 14:29:32.155000+00:00,14,Saturday,2026-03-07,-0.7536984799679818
2026-03-07 14:32:01.368000+00:00,14,Saturday,2026-03-07,-0.5808286838479355
2026-03-07 14:32:01.368000+00:00,14,Saturday,2026-03-07,-0.4015935999999768
2026-03-07 14:32:12.008000+00:00,14,Saturday,2026-03-07,-0.20634679999998295
2026-03-07 14:30:51.072000+00:00,14,Saturday,2026-03-07,-0.10565093260803349
2026-03-07 14:31:22.299000+00:00,14,Saturday,2026-03-07,-0.348646387711947
2026-03-07 14:30:51.072000+00:00,14,Saturday,2026-03-07,-0.3055457999999765
2026-03-07 14:26:30.272000+00:00,14,Saturday,2026-03-07,-0.4015261677143317
2026-03-07 14:32:00.757000+00:00,14,Saturday,2026-03-07,-0.2815049951769838
2026-03-07 14:33:25.762000+00:00,14,Saturday,2026-03-07,-0.29266012000000985
2026-03-07 14:34:02.137000+00:00,14,Saturday,2026-03-07,-0.289833573119995
2026-03-07 14:31:24.926000+00:00,14,Saturday,2026-03-07,-0.4078099199999585
2026-03-07 14:32:12.008000+00:00,14,Saturday,2026-03-07,-0.05428716726397846
2026-03-07 14:34:03.197000+00:00,14,Saturday,2026-03-07,-0.2854054587526045
2026-03-07 14:32:00.757000+00:00,14,Saturday,2026-03-07,-0.373775620064015
2026-03-07 14:32:01.368000+00:00,14,Saturday,2026-03-07,-0.7736202309143695
2026-03-07 14:32:07.908000+00:00,14,Saturday,2026-03-07,-0.4284599999999571
2026-03-07 14:34:02.137000+00:00,14,Saturday,2026-03-07,-0.30596397407996523
2026-03-07 14:32:12.008000+00:00,14,Saturday,2026-03-07,-0.3585432101759929
2026-03-07 14:32:12.008000+00:00,14,Saturday,2026-03-07,-0.27867599135997034
2026-03-07 14:35:07.258000+00:00,14,Saturday,2026-03-07,-0.18099174772800858
2026-03-07 14:32:00.757000+00:00,14,Saturday,2026-03-07,-0.730848082799949
2026-03-07 14:33:52.659000+00:00,14,Saturday,2026-03-07,-0.15587961566636838
2026-03-07 14:21:27.267000+00:00,14,Saturday,2026-03-07,-0.15616496271597588
2026-03-07 14:34:12.584000+00:00,14,Saturday,2026-03-07,-0.6086641628879776
2026-03-07 14:32:52.810000+00:00,14,Saturday,2026-03-07,-1.0002560060387928
2026-03-07 14:35:39.231000+00:00,14,Saturday,2026-03-07,-0.4027631999999698
2026-03-07 14:33:23.139000+00:00,14,Saturday,2026-03-07,-0.47040641689600227
2026-03-07 14:36:01.955000+00:00,14,Saturday,2026-03-07,-0.4042030279999879
2026-03-07 14:35:07.258000+00:00,14,Saturday,2026-03-07,-0.4808370453599926
2026-03-07 14:33:55.738000+00:00,14,Saturday,2026-03-07,-0.49026372220961456
2026-03-07 14:36:03.947000+00:00,14,Saturday,2026-03-07,-0.40185467999995805
2026-03-07 14:36:03.947000+00:00,14,Saturday,2026-03-07,-0.19413843487085164
2026-03-07 14:34:26.148000+00:00,14,Saturday,2026-03-07,-0.48213226565997896
2026-03-07 14:34:28.773000+00:00,14,Saturday,2026-03-07,-0.19102819999998633
2026-03-07 14:37:12.342000+00:00,14,Saturday,2026-03-07,-0.15318331403515795
2026-03-07 14:24:04.644000+00:00,14,Saturday,2026-03-07,-0.5172720510719846
2026-03-07 14:35:07.258000+00:00,14,Saturday,2026-03-07,-0.3030416399999891
2026-03-07 14:35:09.893000+00:00,14,Saturday,2026-03-07,-0.5154839999999484
2026-03-07 14:35:13.033000+00:00,14,Saturday,2026-03-07,-0.31869680057600147
2026-03-07 14:35:20.886000+00:00,14,Saturday,2026-03-07,-0.278819991359972
2026-03-07 14:35:26.653000+00:00,14,Saturday,2026-03-07,-1.1038302144143584
2026-03-07 14:37:32.413000+00:00,14,Saturday,2026-03-07,-0.6141511970663666
2026-03-07 14:37:34.495000+00:00,14,Saturday,2026-03-07,-0.482030744471997
2026-03-07 14:37:39.821000+00:00,14,Saturday,2026-03-07,-0.7474563866639832
2026-03-07 14:36:24.134000+00:00,14,Saturday,2026-03-07,-0.6274912545279722
2026-03-07 14:36:01.955000+00:00,14,Saturday,2026-03-07,-0.7834576133999633
2026-03-07 14:36:03.419000+00:00,14,Saturday,2026-03-07,-0.7924500907199893
2026-03-07 14:36:18.385000+00:00,14,Saturday,2026-03-07,-1.2185694695119444
2026-03-07 14:36:14.261000+00:00,14,Saturday,2026-03-07,-0.3583768364319918
2026-03-07 14:37:34.495000+00:00,14,Saturday,2026-03-07,-0.8490813080383894
2026-03-07 14:38:04.828000+00:00,14,Saturday,2026-03-07,-0.5614087236155711
2026-03-07 14:38:09.005000+00:00,14,Saturday,2026-03-07,-0.45606795907199715
2026-03-07 14:37:34.495000+00:00,14,Saturday,2026-03-07,-0.6396000787199975
2026-03-07 14:38:04.828000+00:00,14,Saturday,2026-03-07,-0.7458284442495887
2026-03-07 14:39:01.081000+00:00,14,Saturday,2026-03-07,-0.5161344276479702
2026-03-07 14:38:02.720000+00:00,14,Saturday,2026-03-07,-2.4840174900822465
2026-03-07 14:38:10.566000+00:00,14,Saturday,2026-03-07,-1.8892323089199077
2026-03-07 14:38:14.225000+00:00,14,Saturday,2026-03-07,-0.5621264587519781
2026-03-07 14:37:32.413000+00:00,14,Saturday,2026-03-07,-0.6384946070159765
2026-03-07 14:39:04.245000+00:00,14,Saturday,2026-03-07,-0.6259500513599927
2026-03-07 14:38:22.597000+00:00,14,Saturday,2026-03-07,-0.7120080950400101
2026-03-07 14:39:37.110000+00:00,14,Saturday,2026-03-07,-0.31266599999999123
2026-03-07 14:39:43.848000+00:00,14,Saturday,2026-03-07,-0.3873337999999519
2026-03-07 14:39:43.848000+00:00,14,Saturday,2026-03-07,-0.29473200000000876
2026-03-07 14:39:15.867000+00:00,14,Saturday,2026-03-07,-0.3337737303599908
2026-03-07 14:39:37.110000+00:00,14,Saturday,2026-03-07,-0.5925771417215783
2026-03-07 14:40:15.016000+00:00,14,Saturday,2026-03-07,-0.2794655907839822
2026-03-07 14:37:23.701000+00:00,14,Saturday,2026-03-07,0.7767389067296792
2026-03-07 14:40:08.682000+00:00,14,Saturday,2026-03-07,-0.3068450989951898
2026-03-07 14:38:27.829000+00:00,14,Saturday,2026-03-07,-0.4561417998728063
2026-03-07 14:40:23.412000+00:00,14,Saturday,2026-03-07,-0.31640400000000224
2026-03-07 14:40:08.682000+00:00,14,Saturday,2026-03-07,-0.23645006425942036
2026-03-07 14:40:16.575000+00:00,14,Saturday,2026-03-07,-0.26855279637498686
2026-03-07 14:39:05.302000+00:00,14,Saturday,2026-03-07,-0.49527771946394694
2026-03-07 14:41:25.127000+00:00,14,Saturday,2026-03-07,-1.3050388574399356
2026-03-07 14:41:43.513000+00:00,14,Saturday,2026-03-07,-0.410836399999956
2026-03-07 14:41:44.043000+00:00,14,Saturday,2026-03-07,-0.3124200000000066
2026-03-07 14:39:13.228000+00:00,14,Saturday,2026-03-07,-0.21409692699595934
2026-03-07 14:41:44.588000+00:00,14,Saturday,2026-03-07,-0.3873705999999931
2026-03-07 14:41:44.588000+00:00,14,Saturday,2026-03-07,-0.2947536000000042
2026-03-07 14:40:36.522000+00:00,14,Saturday,2026-03-07,-0.3322559769599698
2026-03-07 14:39:37.110000+00:00,14,Saturday,2026-03-07,-0.30672837782399354
2026-03-07 14:39:42.790000+00:00,14,Saturday,2026-03-07,-0.2944535245519842
2026-03-07 14:42:06.431000+00:00,14,Saturday,2026-03-07,-0.08441047112796381
2026-03-07 14:40:09.751000+00:00,14,Saturday,2026-03-07,-0.08226133948718947
2026-03-07 14:42:10.047000+00:00,14,Saturday,2026-03-07,-0.262901116632
2026-03-07 14:41:57.159000+00:00,14,Saturday,2026-03-07,-0.16304849244001
2026-03-07 14:42:10.047000+00:00,14,Saturday,2026-03-07,-0.18907744146716804
2026-03-07 14:42:09.528000+00:00,14,Saturday,2026-03-07,-0.1663883520223915
2026-03-07 14:41:01.768000+00:00,14,Saturday,2026-03-07,-0.36289919078395977
2026-03-07 14:41:20.230000+00:00,14,Saturday,2026-03-07,-0.21895770275998802
2026-03-07 14:42:17.381000+00:00,14,Saturday,2026-03-07,-0.2956594483506135
2026-03-07 14:41:44.043000+00:00,14,Saturday,2026-03-07,-0.46117279041120507
2026-03-07 14:44:10.542000+00:00,14,Saturday,2026-03-07,-0.14424761669199265
2026-03-07 14:42:09.528000+00:00,14,Saturday,2026-03-07,-0.593781339707706
2026-03-07 14:42:14.748000+00:00,14,Saturday,2026-03-07,-0.19105059999999177
2026-03-07 14:42:37.162000+00:00,14,Saturday,2026-03-07,-0.28187199999998647
2026-03-07 14:43:26.109000+00:00,14,Saturday,2026-03-07,-2.24609416501118
2026-03-07 14:42:38.732000+00:00,14,Saturday,2026-03-07,-0.19857167999998782
2026-03-07 14:45:39.575000+00:00,14,Saturday,2026-03-07,-0.10990400861436292
2026-03-07 14:43:04.806000+00:00,14,Saturday,2026-03-07,-0.19118159999999595
2026-03-07 14:44:28.141000+00:00,14,Saturday,2026-03-07,-0.14805416692127693
2026-03-07 14:42:10.047000+00:00,14,Saturday,2026-03-07,-0.17547409465441757
2026-03-07 14:46:26.613000+00:00,14,Saturday,2026-03-07,-0.11769403860476968
2026-03-07 14:43:57.743000+00:00,14,Saturday,2026-03-07,-0.24857101295999584
2026-03-07 14:44:18.827000+00:00,14,Saturday,2026-03-07,-0.15286718713599148
2026-03-07 14:44:07.429000+00:00,14,Saturday,2026-03-07,-0.36507043849598586
2026-03-07 14:44:11.067000+00:00,14,Saturday,2026-03-07,-0.33475729647357466
2026-03-07 14:44:11.067000+00:00,14,Saturday,2026-03-07,-0.8013851056127732
2026-03-07 14:44:09.502000+00:00,14,Saturday,2026-03-07,-0.15037798761598545
2026-03-07 14:45:11.294000+00:00,14,Saturday,2026-03-07,-0.24203896697903787
2026-03-07 14:46:28.699000+00:00,14,Saturday,2026-03-07,-0.20130637349981842
2026-03-07 14:47:11.719000+00:00,14,Saturday,2026-03-07,-0.2418025992479984
2026-03-07 14:46:11.453000+00:00,14,Saturday,2026-03-07,-0.12206761136878586
2026-03-07 14:47:15.345000+00:00,14,Saturday,2026-03-07,-0.14064358531197643
2026-03-07 14:47:09.127000+00:00,14,Saturday,2026-03-07,-0.12439018075200696
2026-03-07 14:47:27.286000+00:00,14,Saturday,2026-03-07,-0.6503834344184569
2026-03-07 14:45:39.575000+00:00,14,Saturday,2026-03-07,-0.06265433932797745
2026-03-07 14:45:40.618000+00:00,14,Saturday,2026-03-07,-0.1920345284231743
2026-03-07 14:48:27.604000+00:00,14,Saturday,2026-03-07,-0.2982361200000264
2026-03-07 14:46:09.887000+00:00,14,Saturday,2026-03-07,-0.19118159999999595
2026-03-07 14:47:12.242000+00:00,14,Saturday,2026-03-07,-0.12355934401437992
2026-03-07 14:48:52.026000+00:00,14,Saturday,2026-03-07,-0.13424750406398495
2026-03-07 14:49:24.423000+00:00,14,Saturday,2026-03-07,-0.2742049799999833
2026-03-07 14:46:59.292000+00:00,14,Saturday,2026-03-07,-0.19030000000001018
2026-03-07 14:47:12.242000+00:00,14,Saturday,2026-03-07,-0.08076727424797814
2026-03-07 14:49:12.459000+00:00,14,Saturday,2026-03-07,-0.3643136383039834
2026-03-07 14:50:00.535000+00:00,14,Saturday,2026-03-07,-0.16754399351999047
2026-03-07 14:48:29.696000+00:00,14,Saturday,2026-03-07,-0.5105017258563029
2026-03-07 14:49:11.934000+00:00,14,Saturday,2026-03-07,-0.11160208092000382
2026-03-07 14:47:42.898000+00:00,14,Saturday,2026-03-07,0.6418298968712058
2026-03-07 14:47:42.898000+00:00,14,Saturday,2026-03-07,0.10513551714561542
2026-03-07 14:50:32.058000+00:00,14,Saturday,2026-03-07,-0.18857393275774167
2026-03-07 14:49:28.081000+00:00,14,Saturday,2026-03-07,-0.22923235875916886
2026-03-07 14:48:12.009000+00:00,14,Saturday,2026-03-07,-0.1841369744752008
2026-03-07 14:48:52.026000+00:00,14,Saturday,2026-03-07,-0.48365489793596084
2026-03-07 14:51:28.844000+00:00,14,Saturday,2026-03-07,-0.3407012938055698
2026-03-07 14:49:09.729000+00:00,14,Saturday,2026-03-07,-0.3289818292319987
2026-03-07 14:49:16.117000+00:00,14,Saturday,2026-03-07,-0.3242145560639945
2026-03-07 14:52:05.153000+00:00,14,Saturday,2026-03-07,-0.20060800000000445
2026-03-07 14:51:25.196000+00:00,14,Saturday,2026-03-07,-0.5944884770879827
2026-03-07 14:50:13.934000+00:00,14,Saturday,2026-03-07,0.3690104691208296
2026-03-07 14:52:15.915000+00:00,14,Saturday,2026-03-07,-0.3243828960000114
2026-03-07 14:50:28.423000+00:00,14,Saturday,2026-03-07,-0.12056779754878458
2026-03-07 14:52:32.605000+00:00,14,Saturday,2026-03-07,-0.27198018799999324
2026-03-07 14:53:33.911000+00:00,14,Saturday,2026-03-07,-0.095943492119993
2026-03-07 14:51:13.790000+00:00,14,Saturday,2026-03-07,-0.2877845493367964
2026-03-07 14:51:13.790000+00:00,14,Saturday,2026-03-07,-0.19335999999997922
2026-03-07 14:51:28.844000+00:00,14,Saturday,2026-03-07,-0.6411356098752177
2026-03-07 14:51:28.844000+00:00,14,Saturday,2026-03-07,-0.31106042553600044
2026-03-07 14:51:50.529000+00:00,14,Saturday,2026-03-07,-0.38728544000000964
2026-03-07 14:51:53.669000+00:00,14,Saturday,2026-03-07,-0.06284593865597851
2026-03-07 14:52:01.479000+00:00,14,Saturday,2026-03-07,-0.26780753880000485
2026-03-07 14:54:29.556000+00:00,14,Saturday,2026-03-07,-0.18836849371197165
2026-03-07 14:52:10.841000+00:00,14,Saturday,2026-03-07,-0.28779301944
2026-03-07 14:53:26.156000+00:00,14,Saturday,2026-03-07,-0.1738481254359996
2026-03-07 14:52:16.961000+00:00,14,Saturday,2026-03-07,-0.2476056109439817
2026-03-07 14:54:21.229000+00:00,14,Saturday,2026-03-07,-0.9930016930039613
2026-03-07 14:55:37.967000+00:00,14,Saturday,2026-03-07,-0.4067538267119799
2026-03-07 14:53:29.785000+00:00,14,Saturday,2026-03-07,-0.33659026763597016
2026-03-07 14:55:04.407000+00:00,14,Saturday,2026-03-07,-0.13293718627199214
2026-03-07 14:50:45.270000+00:00,14,Saturday,2026-03-07,1.1076863158817147
2026-03-07 14:54:05.909000+00:00,14,Saturday,2026-03-07,-0.21026240230399532
2026-03-07 14:54:21.229000+00:00,14,Saturday,2026-03-07,-0.23073836553438093
2026-03-07 14:54:29.556000+00:00,14,Saturday,2026-03-07,-0.7065154679277115
2026-03-07 14:54:33.185000+00:00,14,Saturday,2026-03-07,-0.3127474217454265
2026-03-07 14:57:18.971000+00:00,14,Saturday,2026-03-07,-0.11341618055999333
2026-03-07 14:54:55.069000+00:00,14,Saturday,2026-03-07,-0.4170562310559902
2026-03-07 14:55:12.336000+00:00,14,Saturday,2026-03-07,-0.28787401943998303
2026-03-07 14:57:38.611000+00:00,14,Saturday,2026-03-07,-0.12350505696800423
2026-03-07 14:55:26.486000+00:00,14,Saturday,2026-03-07,-0.2407521099023825
2026-03-07 14:55:27.019000+00:00,14,Saturday,2026-03-07,-0.209314633980004
2026-03-07 14:57:19.489000+00:00,14,Saturday,2026-03-07,-0.2954166231839872
2026-03-07 14:56:19.822000+00:00,14,Saturday,2026-03-07,-0.8041375885607858
2026-03-07 14:56:30.235000+00:00,14,Saturday,2026-03-07,-0.17808699361599473
2026-03-07 14:56:31.278000+00:00,14,Saturday,2026-03-07,-0.27010236729200565
2026-03-07 14:55:26.486000+00:00,14,Saturday,2026-03-07,-0.15404398848000417
2026-03-07 14:57:35.006000+00:00,14,Saturday,2026-03-07,-0.19395383819616002
2026-03-07 14:57:30.878000+00:00,14,Saturday,2026-03-07,-0.18033966038956584
2026-03-07 14:57:22.079000+00:00,14,Saturday,2026-03-07,-0.21156339009837655
2026-03-07 14:58:13.775000+00:00,14,Saturday,2026-03-07,-0.08449067112799143
2026-03-07 14:59:31.630000+00:00,14,Saturday,2026-03-07,-0.1003679738879869
2026-03-07 14:59:32.661000+00:00,14,Saturday,2026-03-07,-0.14745118727036752
2026-03-07 14:58:19.845000+00:00,14,Saturday,2026-03-07,-0.17119655548799087
2026-03-07 14:59:57.772000+00:00,14,Saturday,2026-03-07,-0.27639526000000736
2026-03-07 14:59:57.772000+00:00,14,Saturday,2026-03-07,-0.23409417118318884
2026-03-07 14:59:22.353000+00:00,14,Saturday,2026-03-07,-0.16654299227197605
2026-03-07 14:58:23.404000+00:00,14,Saturday,2026-03-07,-0.29445759999997667
2026-03-07 14:59:57.772000+00:00,14,Saturday,2026-03-07,-0.2035651086871725
2026-03-07 14:59:57.772000+00:00,14,Saturday,2026-03-07,-0.18388919567998657
2026-03-07 14:58:28.005000+00:00,14,Saturday,2026-03-07,-0.510391257023995
2026-03-07 15:00:14.372000+00:00,15,Saturday,2026-03-07,-0.08425007112801983
2026-03-07 14:58:53.558000+00:00,14,Saturday,2026-03-07,-0.8051872929224002
2026-03-07 15:01:38.311000+00:00,15,Saturday,2026-03-07,-0.5185894341503934
2026-03-07 15:01:32.503000+00:00,15,Saturday,2026-03-07,-0.12710558041599068
2026-03-07 15:01:58.424000+00:00,15,Saturday,2026-03-07,-0.20167919999997766
2026-03-07 14:59:39.396000+00:00,14,Saturday,2026-03-07,-0.49785872688639127
2026-03-07 15:00:20.657000+00:00,15,Saturday,2026-03-07,-0.08841637563518343
2026-03-07 15:00:27.216000+00:00,15,Saturday,2026-03-07,0.19855683749762232
2026-03-07 15:02:40.835000+00:00,15,Saturday,2026-03-07,-0.5289968764079955
2026-03-07 15:01:30.386000+00:00,15,Saturday,2026-03-07,-0.1296141834399868
2026-03-07 15:03:58.942000+00:00,15,Saturday,2026-03-07,-0.17052719251200188
2026-03-07 15:01:29.851000+00:00,15,Saturday,2026-03-07,-0.35694101010958446
2026-03-07 15:01:29.851000+00:00,15,Saturday,2026-03-07,0.0013694794400319343
2026-03-07 15:01:33.562000+00:00,15,Saturday,2026-03-07,-0.2669678559359871
2026-03-07 15:04:27.954000+00:00,15,Saturday,2026-03-07,-0.15581438871996692
2026-03-07 15:01:58.424000+00:00,15,Saturday,2026-03-07,-0.29581174184959785
2026-03-07 15:01:58.424000+00:00,15,Saturday,2026-03-07,-0.38001800781477213
2026-03-07 15:02:07.367000+00:00,15,Saturday,2026-03-07,-0.45296798554223855
2026-03-07 15:04:59.329000+00:00,15,Saturday,2026-03-07,-0.15323461585198428
2026-03-07 15:04:59.329000+00:00,15,Saturday,2026-03-07,-0.17845520543638
2026-03-07 15:02:15.298000+00:00,15,Saturday,2026-03-07,-0.3485586023999855
2026-03-07 15:04:35.194000+00:00,15,Saturday,2026-03-07,-0.08909322246000193
2026-03-07 15:03:21.582000+00:00,15,Saturday,2026-03-07,-0.12430911799197913
2026-03-07 15:03:33.027000+00:00,15,Saturday,2026-03-07,-0.48153605068797933
2026-03-07 15:04:41.380000+00:00,15,Saturday,2026-03-07,0.9068640364084096
2026-03-07 15:06:30.840000+00:00,15,Saturday,2026-03-07,-0.28746142030398425
2026-03-07 15:04:31.074000+00:00,15,Saturday,2026-03-07,-0.2953036843007934
2026-03-07 15:04:31.074000+00:00,15,Saturday,2026-03-07,-0.23096638387199014
2026-03-07 15:07:14.313000+00:00,15,Saturday,2026-03-07,-0.6352405776879831
2026-03-07 15:07:03.470000+00:00,15,Saturday,2026-03-07,-0.1529623058879922
2026-03-07 15:05:16.558000+00:00,15,Saturday,2026-03-07,-0.3330333295919987
2026-03-07 15:06:02.604000+00:00,15,Saturday,2026-03-07,-0.8837650054559928
2026-03-07 15:05:38.353000+00:00,15,Saturday,2026-03-07,-1.573333031452811
2026-03-07 15:06:00.284000+00:00,15,Saturday,2026-03-07,-0.20358483999999683
2026-03-07 15:06:00.883000+00:00,15,Saturday,2026-03-07,-0.17652359395199668
2026-03-07 15:08:39.491000+00:00,15,Saturday,2026-03-07,-0.18154128254266005
2026-03-07 15:06:34.489000+00:00,15,Saturday,2026-03-07,-0.26977859999995824
2026-03-07 15:06:36.068000+00:00,15,Saturday,2026-03-07,-0.30512027430000616
2026-03-07 15:09:07.041000+00:00,15,Saturday,2026-03-07,-0.14582998319999668
2026-03-07 15:07:02.946000+00:00,15,Saturday,2026-03-07,-0.1666299908800004
2026-03-07 15:07:03.470000+00:00,15,Saturday,2026-03-07,-0.2446659736910351
2026-03-07 15:09:01.754000+00:00,15,Saturday,2026-03-07,-0.16775588783200035
2026-03-07 15:09:14.861000+00:00,15,Saturday,2026-03-07,-0.05525312817358055
2026-03-07 15:07:34.780000+00:00,15,Saturday,2026-03-07,-0.5153266572607687
2026-03-07 15:07:34.780000+00:00,15,Saturday,2026-03-07,-0.5152128654000157
2026-03-07 15:08:18.520000+00:00,15,Saturday,2026-03-07,-0.12179425262641064
2026-03-07 15:10:06.453000+00:00,15,Saturday,2026-03-07,-0.20159645137630455
2026-03-07 15:09:04.447000+00:00,15,Saturday,2026-03-07,-0.14114350306560913
2026-03-07 15:09:35.458000+00:00,15,Saturday,2026-03-07,-0.16437327472797256
2026-03-07 15:09:38.084000+00:00,15,Saturday,2026-03-07,-0.061987746030377794
2026-03-07 15:08:17.483000+00:00,15,Saturday,2026-03-07,-0.16920839011198213
2026-03-07 15:10:40.266000+00:00,15,Saturday,2026-03-07,-0.21102516933046386
2026-03-07 15:11:07.942000+00:00,15,Saturday,2026-03-07,-0.30085502039999656
2026-03-07 15:11:15.759000+00:00,15,Saturday,2026-03-07,-0.49404164392959526
2026-03-07 15:10:04.083000+00:00,15,Saturday,2026-03-07,-0.14753498631997863
2026-03-07 15:09:27.872000+00:00,15,Saturday,2026-03-07,-0.3531689198111935
2026-03-07 15:12:53.886000+00:00,15,Saturday,2026-03-07,-0.30195669240000483
2026-03-07 15:13:16.417000+00:00,15,Saturday,2026-03-07,-0.3217612652543952
2026-03-07 15:11:05.325000+00:00,15,Saturday,2026-03-07,-0.27074532412398916
2026-03-07 15:11:19.024000+00:00,15,Saturday,2026-03-07,-0.29284961977598273
2026-03-07 15:11:20.102000+00:00,15,Saturday,2026-03-07,-0.3020191999999761
2026-03-07 15:11:20.102000+00:00,15,Saturday,2026-03-07,-0.38092213899999205
2026-03-07 15:11:39.858000+00:00,15,Saturday,2026-03-07,-0.19563967999998017
2026-03-07 15:11:40.383000+00:00,15,Saturday,2026-03-07,-0.30456270842400146
2026-03-07 15:11:40.383000+00:00,15,Saturday,2026-03-07,-0.23744475809999435
2026-03-07 15:12:06.351000+00:00,15,Saturday,2026-03-07,-0.30820679999995887
2026-03-07 15:12:06.351000+00:00,15,Saturday,2026-03-07,-0.21143500503998877
2026-03-07 15:12:06.878000+00:00,15,Saturday,2026-03-07,-0.14757298631996726
2026-03-07 15:10:43.883000+00:00,15,Saturday,2026-03-07,-1.0748355012263822
2026-03-07 15:13:11.739000+00:00,15,Saturday,2026-03-07,-0.2792496172799917
2026-03-07 15:15:17.243000+00:00,15,Saturday,2026-03-07,-0.4045675049199772
2026-03-07 15:13:33.118000+00:00,15,Saturday,2026-03-07,-0.20888903999999672
2026-03-07 15:14:41.267000+00:00,15,Saturday,2026-03-07,-0.16268053167199578
2026-03-07 15:14:06.287000+00:00,15,Saturday,2026-03-07,-0.25489897111678794
2026-03-07 15:14:20.156000+00:00,15,Saturday,2026-03-07,-0.2901696195839938
2026-03-07 15:14:21.198000+00:00,15,Saturday,2026-03-07,-0.35091561545598526
2026-03-07 15:15:48.433000+00:00,15,Saturday,2026-03-07,-0.1736879919359952
2026-03-07 15:15:07.851000+00:00,15,Saturday,2026-03-07,-0.1483999899199875
2026-03-07 15:14:42.306000+00:00,15,Saturday,2026-03-07,-0.2694977999999979
2026-03-07 15:14:42.306000+00:00,15,Saturday,2026-03-07,-0.2788766278727933
2026-03-07 15:14:54.784000+00:00,15,Saturday,2026-03-07,-0.3618601085688383
2026-03-07 15:15:08.888000+00:00,15,Saturday,2026-03-07,-0.22353500455997702
2026-03-07 15:16:42.055000+00:00,15,Saturday,2026-03-07,-0.18354911666880638
2026-03-07 15:17:22.284000+00:00,15,Saturday,2026-03-07,-0.3582915586879989
2026-03-07 15:17:49.302000+00:00,15,Saturday,2026-03-07,-0.30430933900796997
2026-03-07 15:17:08.332000+00:00,15,Saturday,2026-03-07,-0.12737411056239645
2026-03-07 15:18:08.001000+00:00,15,Saturday,2026-03-07,-0.14997058369033356
2026-03-07 15:18:56.770000+00:00,15,Saturday,2026-03-07,-0.128881956320005
2026-03-07 15:12:07.414000+00:00,15,Saturday,2026-03-07,-0.14354617942921324
2026-03-07 15:19:50.302000+00:00,15,Saturday,2026-03-07,-0.1608370089695778
2026-03-07 15:17:44.136000+00:00,15,Saturday,2026-03-07,-0.06884380755200299
2026-03-07 15:17:18.113000+00:00,15,Saturday,2026-03-07,-1.23011006358238
2026-03-07 15:14:21.198000+00:00,15,Saturday,2026-03-07,-0.15871438564799017
2026-03-07 15:17:33.201000+00:00,15,Saturday,2026-03-07,-0.14130898823999188
2026-03-07 15:19:58.052000+00:00,15,Saturday,2026-03-07,-0.20243223523326276
2026-03-07 15:18:10.166000+00:00,15,Saturday,2026-03-07,-0.11521997599999517
2026-03-07 15:18:21.073000+00:00,15,Saturday,2026-03-07,-0.08385772699199817
2026-03-07 15:20:08.971000+00:00,15,Saturday,2026-03-07,-0.16317520705677344
2026-03-07 15:17:21.236000+00:00,15,Saturday,2026-03-07,0.2748234325200123
2026-03-07 15:20:13.071000+00:00,15,Saturday,2026-03-07,-0.19590255482557675
2026-03-07 15:18:21.073000+00:00,15,Saturday,2026-03-07,-0.12396717889920354
2026-03-07 15:17:44.136000+00:00,15,Saturday,2026-03-07,0.048923884240008375
2026-03-07 15:10:36.624000+00:00,15,Saturday,2026-03-07,-0.439054604832793
2026-03-07 15:19:23.292000+00:00,15,Saturday,2026-03-07,-0.1452323567040497
2026-03-07 15:21:24.182000+00:00,15,Saturday,2026-03-07,-0.09412345283997575
2026-03-07 15:21:51.474000+00:00,15,Saturday,2026-03-07,-0.14596916417439038
2026-03-07 15:20:20.134000+00:00,15,Saturday,2026-03-07,-0.37532003839998457
2026-03-07 15:19:50.302000+00:00,15,Saturday,2026-03-07,-0.25044961036799485
2026-03-07 15:22:13.957000+00:00,15,Saturday,2026-03-07,-0.19445997177597718
2026-03-07 15:20:20.134000+00:00,15,Saturday,2026-03-07,-0.35661640703918995
2026-03-07 15:20:20.134000+00:00,15,Saturday,2026-03-07,-0.35157723599999546
2026-03-07 15:20:21.701000+00:00,15,Saturday,2026-03-07,-0.5408578165615587
2026-03-07 15:20:22.743000+00:00,15,Saturday,2026-03-07,-0.4111107488399843
2026-03-07 15:22:53.552000+00:00,15,Saturday,2026-03-07,-0.1870868941199764
2026-03-07 15:21:19.988000+00:00,15,Saturday,2026-03-07,-0.5221452598079739
2026-03-07 15:23:57.314000+00:00,15,Saturday,2026-03-07,-0.6963480960479855
2026-03-07 15:21:58.808000+00:00,15,Saturday,2026-03-07,-1.1850913012556596
2026-03-07 15:21:52.005000+00:00,15,Saturday,2026-03-07,-0.5822697492239972
2026-03-07 15:24:14.547000+00:00,15,Saturday,2026-03-07,-0.11163945190397798
2026-03-07 15:24:30.589000+00:00,15,Saturday,2026-03-07,-0.2550643334359729
2026-03-07 15:24:21.839000+00:00,15,Saturday,2026-03-07,-0.2864359757599878
2026-03-07 15:22:06.129000+00:00,15,Saturday,2026-03-07,-0.23332140849598526
2026-03-07 15:22:06.129000+00:00,15,Saturday,2026-03-07,-0.4048034279839623
2026-03-07 15:22:06.129000+00:00,15,Saturday,2026-03-07,-0.45420259489197046
2026-03-07 15:22:09.793000+00:00,15,Saturday,2026-03-07,-0.41784608784680927
2026-03-07 15:25:04.063000+00:00,15,Saturday,2026-03-07,-0.2079805457343982
2026-03-07 15:25:07.876000+00:00,15,Saturday,2026-03-07,-0.26668040000001586
2026-03-07 15:22:35.547000+00:00,15,Saturday,2026-03-07,-0.1857629954399973
2026-03-07 15:23:22.184000+00:00,15,Saturday,2026-03-07,-0.14701828283998952
2026-03-07 15:25:10.491000+00:00,15,Saturday,2026-03-07,-0.29557638000001496
2026-03-07 15:23:14.367000+00:00,15,Saturday,2026-03-07,-0.2206999232927809
2026-03-07 15:23:16.456000+00:00,15,Saturday,2026-03-07,-0.937341500183918
2026-03-07 15:23:23.750000+00:00,15,Saturday,2026-03-07,-0.12695358036796717
2026-03-07 15:25:07.876000+00:00,15,Saturday,2026-03-07,-0.22465638473594746
2026-03-07 15:25:36.898000+00:00,15,Saturday,2026-03-07,-0.2261584018719902
2026-03-07 15:25:07.876000+00:00,15,Saturday,2026-03-07,-0.08865896817598695
2026-03-07 15:25:58.019000+00:00,15,Saturday,2026-03-07,-0.2958372000000015
2026-03-07 15:26:37.899000+00:00,15,Saturday,2026-03-07,-0.3869309999999989
2026-03-07 15:26:15.324000+00:00,15,Saturday,2026-03-07,-0.08326857040798108
2026-03-07 15:26:55.568000+00:00,15,Saturday,2026-03-07,-0.2735067999999947
2026-03-07 15:25:04.063000+00:00,15,Saturday,2026-03-07,-0.21121239999998473
2026-03-07 15:25:04.734000+00:00,15,Saturday,2026-03-07,-0.23113300470400466
2026-03-07 15:25:26.878000+00:00,15,Saturday,2026-03-07,-0.37215965279995916
2026-03-07 15:27:08.782000+00:00,15,Saturday,2026-03-07,-0.29587950251997297
2026-03-07 15:26:37.899000+00:00,15,Saturday,2026-03-07,-0.16805899016000575
2026-03-07 15:25:37.426000+00:00,15,Saturday,2026-03-07,-0.22376300455998976
2026-03-07 15:27:11.441000+00:00,15,Saturday,2026-03-07,-0.2911202870000175
2026-03-07 15:28:06.224000+00:00,15,Saturday,2026-03-07,-0.2905579999999679
2026-03-07 15:28:06.224000+00:00,15,Saturday,2026-03-07,-0.1968280964720095
2026-03-07 15:26:15.324000+00:00,15,Saturday,2026-03-07,-0.16126220397118182
2026-03-07 15:28:38.781000+00:00,15,Saturday,2026-03-07,-0.13454533927997445
2026-03-07 15:26:38.661000+00:00,15,Saturday,2026-03-07,-0.46878760665149355
2026-03-07 15:26:49.297000+00:00,15,Saturday,2026-03-07,-0.21625108176158675
2026-03-07 15:29:12.151000+00:00,15,Saturday,2026-03-07,-0.29129994239996476
2026-03-07 15:27:01.357000+00:00,15,Saturday,2026-03-07,-0.3362373343440039
2026-03-07 15:27:05.079000+00:00,15,Saturday,2026-03-07,-0.40349677119598565
2026-03-07 15:27:08.782000+00:00,15,Saturday,2026-03-07,-0.19760279999997765
2026-03-07 15:27:08.782000+00:00,15,Saturday,2026-03-07,-0.34592833866236805
2026-03-07 15:29:09.535000+00:00,15,Saturday,2026-03-07,-0.3802350316799422
2026-03-07 15:30:07.249000+00:00,15,Saturday,2026-03-07,-0.49442889839994175
2026-03-07 15:27:52.488000+00:00,15,Saturday,2026-03-07,-0.4903197243360113
2026-03-07 15:29:16.837000+00:00,15,Saturday,2026-03-07,-0.18256352130157918
2026-03-07 15:28:06.224000+00:00,15,Saturday,2026-03-07,-0.2658711999999808
2026-03-07 15:28:09.347000+00:00,15,Saturday,2026-03-07,-0.3058175999999592
2026-03-07 15:28:14.009000+00:00,15,Saturday,2026-03-07,-0.209168697815989
2026-03-07 15:30:11.478000+00:00,15,Saturday,2026-03-07,-0.15146491599599626
2026-03-07 15:28:30.051000+00:00,15,Saturday,2026-03-07,-0.23114134649919987
2026-03-07 15:30:39.610000+00:00,15,Saturday,2026-03-07,-0.23544176356799912
2026-03-07 15:28:38.781000+00:00,15,Saturday,2026-03-07,-0.12577878051199617
2026-03-07 15:30:09.901000+00:00,15,Saturday,2026-03-07,-0.10623956112000363
2026-03-07 15:31:12.907000+00:00,15,Saturday,2026-03-07,-0.3128594028461037
2026-03-07 15:30:09.901000+00:00,15,Saturday,2026-03-07,-0.0912965745119724
2026-03-07 15:31:13.431000+00:00,15,Saturday,2026-03-07,-0.28511699999998275
2026-03-07 15:29:39.706000+00:00,15,Saturday,2026-03-07,-0.14230772016143836
2026-03-07 15:31:16.080000+00:00,15,Saturday,2026-03-07,-0.2544256087359936
2026-03-07 15:31:35.196000+00:00,15,Saturday,2026-03-07,-0.20385823999999675
2026-03-07 15:31:17.664000+00:00,15,Saturday,2026-03-07,-0.567374462975986
2026-03-07 15:29:23.110000+00:00,15,Saturday,2026-03-07,-0.5571614983495953
2026-03-07 15:32:09.992000+00:00,15,Saturday,2026-03-07,-0.15953916851197927
2026-03-07 15:30:06.024000+00:00,15,Saturday,2026-03-07,-0.11357368091998296
2026-03-07 15:29:50.168000+00:00,15,Saturday,2026-03-07,-0.2804209233695667
2026-03-07 15:30:07.249000+00:00,15,Saturday,2026-03-07,-0.40864717336796264
2026-03-07 15:31:55.495000+00:00,15,Saturday,2026-03-07,-0.5326051297420853
2026-03-07 15:32:12.314000+00:00,15,Saturday,2026-03-07,-0.3151614652287879
2026-03-07 15:31:07.120000+00:00,15,Saturday,2026-03-07,-0.3683807869463622
2026-03-07 15:32:19.200000+00:00,15,Saturday,2026-03-07,-1.0768525759999852
2026-03-07 15:32:44.545000+00:00,15,Saturday,2026-03-07,-0.32875169236000057
2026-03-07 15:33:18.702000+00:00,15,Saturday,2026-03-07,-0.38198820000000155
2026-03-07 15:32:19.200000+00:00,15,Saturday,2026-03-07,-0.14566638732798018
2026-03-07 15:31:40.006000+00:00,15,Saturday,2026-03-07,-0.41018184871998975
2026-03-07 15:33:11.254000+00:00,15,Saturday,2026-03-07,-0.23667259255998058
2026-03-07 15:32:24.522000+00:00,15,Saturday,2026-03-07,-0.127513714299997
2026-03-07 15:32:10.718000+00:00,15,Saturday,2026-03-07,-0.5729811130943854
2026-03-07 15:32:10.718000+00:00,15,Saturday,2026-03-07,-0.37576754259999473
2026-03-07 15:32:40.393000+00:00,15,Saturday,2026-03-07,-0.6132108504959908
2026-03-07 15:34:41.740000+00:00,15,Saturday,2026-03-07,-0.057959949599969474
2026-03-07 15:33:11.254000+00:00,15,Saturday,2026-03-07,-0.37843460000000284
2026-03-07 15:34:45.421000+00:00,15,Saturday,2026-03-07,-0.15115598982397146
2026-03-07 15:33:13.910000+00:00,15,Saturday,2026-03-07,-0.739273798917002
2026-03-07 15:33:17.063000+00:00,15,Saturday,2026-03-07,-0.40132010110396765
2026-03-07 15:35:45.450000+00:00,15,Saturday,2026-03-07,-0.6496266507640043
2026-03-07 15:34:16.715000+00:00,15,Saturday,2026-03-07,-0.23192338382399322
2026-03-07 15:35:50.149000+00:00,15,Saturday,2026-03-07,-0.2698758400000234
2026-03-07 15:33:33.935000+00:00,15,Saturday,2026-03-07,-0.5811815477887996
2026-03-07 15:33:33.935000+00:00,15,Saturday,2026-03-07,-0.301459536799183
2026-03-07 15:33:36.049000+00:00,15,Saturday,2026-03-07,-0.16872054994878283
2026-03-07 15:34:16.715000+00:00,15,Saturday,2026-03-07,-0.1954543319400325
2026-03-07 15:34:19.876000+00:00,15,Saturday,2026-03-07,-0.14415996159999894
2026-03-07 15:33:22.361000+00:00,15,Saturday,2026-03-07,-0.2268185845919617
2026-03-07 15:36:17.855000+00:00,15,Saturday,2026-03-07,-0.1442622822159868
2026-03-07 15:36:17.330000+00:00,15,Saturday,2026-03-07,-0.13624611787843807
2026-03-07 15:33:56.055000+00:00,15,Saturday,2026-03-07,-0.29649735599997873
2026-03-07 15:36:30.005000+00:00,15,Saturday,2026-03-07,-0.37894179999996647
2026-03-07 15:36:37.196000+00:00,15,Saturday,2026-03-07,-0.31583952991357067
2026-03-07 15:36:42.469000+00:00,15,Saturday,2026-03-07,-0.057749949600013645
2026-03-07 15:34:30.869000+00:00,15,Saturday,2026-03-07,-0.19403119894399673
2026-03-07 15:35:19.234000+00:00,15,Saturday,2026-03-07,-0.09265370590000538
2026-03-07 15:36:51.939000+00:00,15,Saturday,2026-03-07,-0.27050771999997814
2026-03-07 15:35:19.234000+00:00,15,Saturday,2026-03-07,-0.0910773670719986
2026-03-07 15:36:57.169000+00:00,15,Saturday,2026-03-07,-0.28859644799996964
2026-03-07 15:35:12.070000+00:00,15,Saturday,2026-03-07,-0.5046513674080118
2026-03-07 15:36:51.939000+00:00,15,Saturday,2026-03-07,-0.1837199711999806
2026-03-07 15:35:40.775000+00:00,15,Saturday,2026-03-07,-0.319083636772783
2026-03-07 15:37:50.893000+00:00,15,Saturday,2026-03-07,-0.05396429859918492
2026-03-07 15:37:46.689000+00:00,15,Saturday,2026-03-07,-0.17049687485759857
2026-03-07 15:38:11.443000+00:00,15,Saturday,2026-03-07,0.09179302677600623
2026-03-07 15:38:18.242000+00:00,15,Saturday,2026-03-07,-0.17105544310954746
2026-03-07 15:38:18.768000+00:00,15,Saturday,2026-03-07,-0.1914335976960006
2026-03-07 15:35:50.149000+00:00,15,Saturday,2026-03-07,0.26097755254943844
2026-03-07 15:38:19.307000+00:00,15,Saturday,2026-03-07,-0.45500175550402766
2026-03-07 15:38:30.866000+00:00,15,Saturday,2026-03-07,0.25843215360004546
2026-03-07 15:38:46.235000+00:00,15,Saturday,2026-03-07,-0.20759040000000512
2026-03-07 15:37:46.163000+00:00,15,Saturday,2026-03-07,-1.4647523059567646
2026-03-07 15:36:22.607000+00:00,15,Saturday,2026-03-07,0.24048332940803666
2026-03-07 15:38:46.235000+00:00,15,Saturday,2026-03-07,-0.2052688200000043
2026-03-07 15:36:46.159000+00:00,15,Saturday,2026-03-07,-0.816332696311957
2026-03-07 15:38:52.481000+00:00,15,Saturday,2026-03-07,-0.35553997516797814
2026-03-07 15:38:53.518000+00:00,15,Saturday,2026-03-07,-0.39395399999999686
2026-03-07 15:38:58.189000+00:00,15,Saturday,2026-03-07,-0.2881572680000247
2026-03-07 15:37:08.967000+00:00,15,Saturday,2026-03-07,0.774792325562917
2026-03-07 15:39:20.754000+00:00,15,Saturday,2026-03-07,-0.29401919999996134
2026-03-07 15:39:47.433000+00:00,15,Saturday,2026-03-07,-0.19707839999999346
2026-03-07 15:40:21.508000+00:00,15,Saturday,2026-03-07,-0.3472930177826202
2026-03-07 15:40:21.508000+00:00,15,Saturday,2026-03-07,-0.229993403120008
2026-03-07 15:40:47.170000+00:00,15,Saturday,2026-03-07,-0.20777199999998322
2026-03-07 15:40:21.508000+00:00,15,Saturday,2026-03-07,-0.0946681683199754
2026-03-07 15:40:47.170000+00:00,15,Saturday,2026-03-07,-0.2056506999999744
2026-03-07 15:40:21.508000+00:00,15,Saturday,2026-03-07,-0.11876716428798823
2026-03-07 15:40:54.099000+00:00,15,Saturday,2026-03-07,-0.39481959999997507
2026-03-07 15:41:40.910000+00:00,15,Saturday,2026-03-07,-0.2933551999999832
2026-03-07 15:39:51.627000+00:00,15,Saturday,2026-03-07,-0.07892525807036574
2026-03-07 15:39:46.904000+00:00,15,Saturday,2026-03-07,-0.031867916115206146
2026-03-07 15:39:47.433000+00:00,15,Saturday,2026-03-07,-0.5555423470464183
2026-03-07 15:41:47.203000+00:00,15,Saturday,2026-03-07,-0.38035153999999816
2026-03-07 15:41:47.203000+00:00,15,Saturday,2026-03-07,-0.2966499999999771
2026-03-07 15:41:47.203000+00:00,15,Saturday,2026-03-07,-0.29513802000001516
2026-03-07 15:41:47.203000+00:00,15,Saturday,2026-03-07,-0.19352498199997384
2026-03-07 15:41:47.203000+00:00,15,Saturday,2026-03-07,-0.3033856000000129
2026-03-07 15:41:47.203000+00:00,15,Saturday,2026-03-07,-0.23461678444799305
2026-03-07 15:41:47.203000+00:00,15,Saturday,2026-03-07,-0.18002997551997113
2026-03-07 15:41:40.910000+00:00,15,Saturday,2026-03-07,-0.5402766489535888
2026-03-07 15:41:48.284000+00:00,15,Saturday,2026-03-07,-0.5285727226079737
2026-03-07 15:42:32.871000+00:00,15,Saturday,2026-03-07,-0.3982247994239897
2026-03-07 15:42:37.017000+00:00,15,Saturday,2026-03-07,-0.20394560000000067
2026-03-07 15:42:48.041000+00:00,15,Saturday,2026-03-07,-0.27014960000000054
2026-03-07 15:40:53.047000+00:00,15,Saturday,2026-03-07,-0.15103406598400088
2026-03-07 15:42:43.744000+00:00,15,Saturday,2026-03-07,-0.8229522531400184
2026-03-07 15:41:18.681000+00:00,15,Saturday,2026-03-07,-0.2714988599999793
2026-03-07 15:41:47.203000+00:00,15,Saturday,2026-03-07,-0.6097482640799763
2026-03-07 15:43:48.058000+00:00,15,Saturday,2026-03-07,-0.6023194150079392
2026-03-07 15:42:48.041000+00:00,15,Saturday,2026-03-07,-0.11454180753276919
2026-03-07 15:43:48.058000+00:00,15,Saturday,2026-03-07,-0.31397300407996764
2026-03-07 15:43:46.451000+00:00,15,Saturday,2026-03-07,-1.6697639329679002
2026-03-07 15:42:29.269000+00:00,15,Saturday,2026-03-07,-0.6390617558077123
2026-03-07 15:42:48.041000+00:00,15,Saturday,2026-03-07,-0.47394562150395725
2026-03-07 15:44:48.824000+00:00,15,Saturday,2026-03-07,-0.4007375999999827
2026-03-07 15:44:48.824000+00:00,15,Saturday,2026-03-07,-0.3102879999999821
2026-03-07 15:44:49.370000+00:00,15,Saturday,2026-03-07,-0.39275036000000607
2026-03-07 15:45:08.851000+00:00,15,Saturday,2026-03-07,-0.20465355128399462
2026-03-07 15:45:30.739000+00:00,15,Saturday,2026-03-07,-0.6766399216617905
2026-03-07 15:42:54.934000+00:00,15,Saturday,2026-03-07,-0.46801171303197203
2026-03-07 15:44:48.824000+00:00,15,Saturday,2026-03-07,-0.6442986905279547
2026-03-07 15:44:49.370000+00:00,15,Saturday,2026-03-07,-0.16396237446399697
2026-03-07 15:40:58.801000+00:00,15,Saturday,2026-03-07,-0.15842675268861084
2026-03-07 15:43:48.058000+00:00,15,Saturday,2026-03-07,-0.12216253797437543
2026-03-07 15:43:48.058000+00:00,15,Saturday,2026-03-07,-0.09337495799998535
2026-03-07 15:45:47.261000+00:00,15,Saturday,2026-03-07,-0.10205651153600598
2026-03-07 15:45:48.925000+00:00,15,Saturday,2026-03-07,-0.4796582558399675
2026-03-07 15:43:14.744000+00:00,15,Saturday,2026-03-07,0.5578089666359869
2026-03-07 15:43:48.058000+00:00,15,Saturday,2026-03-07,-0.3090816023039964
2026-03-07 15:43:48.058000+00:00,15,Saturday,2026-03-07,-0.39468808377437653
2026-03-07 15:43:48.058000+00:00,15,Saturday,2026-03-07,-0.2698863919359954
2026-03-07 15:43:49.190000+00:00,15,Saturday,2026-03-07,-0.19120859870398504
2026-03-07 15:43:54.494000+00:00,15,Saturday,2026-03-07,-0.4297070103439621
2026-03-07 15:45:48.925000+00:00,15,Saturday,2026-03-07,-0.2968880000000025
2026-03-07 15:44:19.711000+00:00,15,Saturday,2026-03-07,-0.4967055248119614
2026-03-07 15:46:11.437000+00:00,15,Saturday,2026-03-07,-0.6066376452620388
2026-03-07 15:46:13.597000+00:00,15,Saturday,2026-03-07,-0.6394834520567707
2026-03-07 15:44:48.824000+00:00,15,Saturday,2026-03-07,-0.6440579795584079
2026-03-07 15:46:58.602000+00:00,15,Saturday,2026-03-07,-0.31045199999998396
2026-03-07 15:46:57.968000+00:00,15,Saturday,2026-03-07,-0.053517351887959974
2026-03-07 15:45:50.007000+00:00,15,Saturday,2026-03-07,-0.5510016399359802
2026-03-07 15:45:56.437000+00:00,15,Saturday,2026-03-07,-1.1377324570799914
2026-03-07 15:46:57.968000+00:00,15,Saturday,2026-03-07,-0.3624221970431478
2026-03-07 15:47:09.830000+00:00,15,Saturday,2026-03-07,-0.24218455023359503
2026-03-07 15:48:51.036000+00:00,15,Saturday,2026-03-07,-0.3990130199999834
2026-03-07 15:46:13.597000+00:00,15,Saturday,2026-03-07,-0.35716201872000986
2026-03-07 15:48:59.007000+00:00,15,Saturday,2026-03-07,-1.1711588573951999
2026-03-07 15:47:48.018000+00:00,15,Saturday,2026-03-07,-0.5182651245598588
2026-03-07 15:46:57.968000+00:00,15,Saturday,2026-03-07,-0.35721601382400797
2026-03-07 15:46:57.968000+00:00,15,Saturday,2026-03-07,-0.40122339999998313
2026-03-07 15:46:57.968000+00:00,15,Saturday,2026-03-07,-0.295698680000007
2026-03-07 15:46:57.968000+00:00,15,Saturday,2026-03-07,-0.2699535919360061
2026-03-07 15:46:58.602000+00:00,15,Saturday,2026-03-07,-0.2704687999999924
2026-03-07 15:46:58.602000+00:00,15,Saturday,2026-03-07,-0.16807949114398568
2026-03-07 15:46:58.602000+00:00,15,Saturday,2026-03-07,-0.36784799193600526
2026-03-07 15:46:58.602000+00:00,15,Saturday,2026-03-07,-0.3930934399999575
2026-03-07 15:48:59.552000+00:00,15,Saturday,2026-03-07,-0.2784999759999903
2026-03-07 15:47:04.781000+00:00,15,Saturday,2026-03-07,-0.20076521999997818
2026-03-07 15:47:49.587000+00:00,15,Saturday,2026-03-07,-0.16001757062398236
2026-03-07 15:47:25.568000+00:00,15,Saturday,2026-03-07,-0.38649919999997784
2026-03-07 15:47:25.568000+00:00,15,Saturday,2026-03-07,-0.3951882799999945
2026-03-07 15:47:31.493000+00:00,15,Saturday,2026-03-07,-0.4906949624728667
2026-03-07 15:49:10.670000+00:00,15,Saturday,2026-03-07,-0.1343486529335951
2026-03-07 15:50:00.194000+00:00,15,Saturday,2026-03-07,-0.2827500180000082
2026-03-07 15:47:57.958000+00:00,15,Saturday,2026-03-07,-0.5051498551199349
2026-03-07 15:50:04.426000+00:00,15,Saturday,2026-03-07,-0.39445626000000245
2026-03-07 15:49:59.662000+00:00,15,Saturday,2026-03-07,-0.19892565598080214
2026-03-07 15:48:12.455000+00:00,15,Saturday,2026-03-07,-0.6739906647084611
2026-03-07 15:48:14.601000+00:00,15,Saturday,2026-03-07,-0.8566593225343807
2026-03-07 15:48:53.160000+00:00,15,Saturday,2026-03-07,-0.6341007389152064
2026-03-07 15:49:48.899000+00:00,15,Saturday,2026-03-07,-0.9791893352160084
2026-03-07 15:49:38.596000+00:00,15,Saturday,2026-03-07,-0.16834997599997792
2026-03-07 15:48:57.399000+00:00,15,Saturday,2026-03-07,-0.6359422525119947
2026-03-07 15:51:49.588000+00:00,15,Saturday,2026-03-07,-0.41446079999994545
2026-03-07 15:49:59.662000+00:00,15,Saturday,2026-03-07,-0.3922450191999858
2026-03-07 15:50:00.194000+00:00,15,Saturday,2026-03-07,-0.42882303815998507
2026-03-07 15:50:00.194000+00:00,15,Saturday,2026-03-07,-0.5046888247679966
2026-03-07 15:50:04.426000+00:00,15,Saturday,2026-03-07,-0.3627639135599711
2026-03-07 15:50:17.111000+00:00,15,Saturday,2026-03-07,-0.6496837774560056
2026-03-07 15:50:25.305000+00:00,15,Saturday,2026-03-07,-0.32313600979200424
2026-03-07 15:50:27.966000+00:00,15,Saturday,2026-03-07,-0.8393432419327276
2026-03-07 15:50:27.966000+00:00,15,Saturday,2026-03-07,-1.3378557775439375
2026-03-07 15:50:32.761000+00:00,15,Saturday,2026-03-07,-0.5897561632516337
2026-03-07 15:51:00.132000+00:00,15,Saturday,2026-03-07,-0.6290500600000358
2026-03-07 15:50:59.065000+00:00,15,Saturday,2026-03-07,-0.7433879122399493
2026-03-07 15:50:59.599000+00:00,15,Saturday,2026-03-07,0.2625524485632311
2026-03-07 15:51:58.274000+00:00,15,Saturday,2026-03-07,-0.23189975089916182
2026-03-07 15:51:14.439000+00:00,15,Saturday,2026-03-07,-0.5472987603177573
2026-03-07 15:51:16.573000+00:00,15,Saturday,2026-03-07,-0.48611905413199535
2026-03-07 15:51:11.260000+00:00,15,Saturday,2026-03-07,-0.3708135338255698
2026-03-07 15:51:29.113000+00:00,15,Saturday,2026-03-07,-0.44020519239357603
2026-03-07 15:52:05.400000+00:00,15,Saturday,2026-03-07,-0.6632393443103883
2026-03-07 15:51:58.274000+00:00,15,Saturday,2026-03-07,-0.6062072259999722
2026-03-07 15:51:58.814000+00:00,15,Saturday,2026-03-07,-0.9283966427039211
2026-03-07 15:52:00.457000+00:00,15,Saturday,2026-03-07,-0.6092629487424267
2026-03-07 15:52:01.019000+00:00,15,Saturday,2026-03-07,-0.2796336725759924
2026-03-07 15:54:08.658000+00:00,15,Saturday,2026-03-07,-0.207312559999997
2026-03-07 15:54:25.095000+00:00,15,Saturday,2026-03-07,-0.38143699999996467
2026-03-07 15:53:02.325000+00:00,15,Saturday,2026-03-07,-0.2711071999999761
2026-03-07 15:53:02.325000+00:00,15,Saturday,2026-03-07,-0.3648775126000191
2026-03-07 15:53:02.325000+00:00,15,Saturday,2026-03-07,-0.47012692042396853
2026-03-07 15:53:06.065000+00:00,15,Saturday,2026-03-07,-0.37423341627200946
2026-03-07 15:53:33.042000+00:00,15,Saturday,2026-03-07,-0.657150783839971
2026-03-07 15:53:33.042000+00:00,15,Saturday,2026-03-07,-0.7180102911839226
2026-03-07 15:53:34.810000+00:00,15,Saturday,2026-03-07,-0.4113729019070259
2026-03-07 15:53:43.852000+00:00,15,Saturday,2026-03-07,-0.4679046604287968
2026-03-07 15:53:43.852000+00:00,15,Saturday,2026-03-07,-0.37930000000001074
2026-03-07 15:55:02.282000+00:00,15,Saturday,2026-03-07,-0.09678597263997327
2026-03-07 15:54:08.120000+00:00,15,Saturday,2026-03-07,-0.33032802736477423
2026-03-07 15:54:08.120000+00:00,15,Saturday,2026-03-07,-0.5055544836799857
2026-03-07 15:54:08.120000+00:00,15,Saturday,2026-03-07,-0.7188324975358977
2026-03-07 15:54:08.120000+00:00,15,Saturday,2026-03-07,-0.7515635402304053
2026-03-07 15:54:15.567000+00:00,15,Saturday,2026-03-07,-0.5405534279164913
2026-03-07 15:54:17.684000+00:00,15,Saturday,2026-03-07,-0.38455900000000465
2026-03-07 15:54:30.385000+00:00,15,Saturday,2026-03-07,-0.30772014162557737
2026-03-07 15:54:58.985000+00:00,15,Saturday,2026-03-07,-0.43010760910076773
2026-03-07 15:55:00.050000+00:00,15,Saturday,2026-03-07,-0.5733343388079954
2026-03-07 15:55:00.659000+00:00,15,Saturday,2026-03-07,-0.27924000000000204
2026-03-07 15:55:02.282000+00:00,15,Saturday,2026-03-07,-0.2775473960735859
2026-03-07 15:57:04.322000+00:00,15,Saturday,2026-03-07,-0.18236833591194468
2026-03-07 15:55:35.791000+00:00,15,Saturday,2026-03-07,-0.41232366000001486
2026-03-07 15:56:04.041000+00:00,15,Saturday,2026-03-07,-0.21785398723196364
2026-03-07 15:56:04.041000+00:00,15,Saturday,2026-03-07,-0.32744000359996167
2026-03-07 15:56:04.041000+00:00,15,Saturday,2026-03-07,-0.3621763944799551
2026-03-07 15:56:07.213000+00:00,15,Saturday,2026-03-07,-0.3374000080639966
2026-03-07 15:56:09.380000+00:00,15,Saturday,2026-03-07,-0.207312559999997
2026-03-07 15:58:00.273000+00:00,15,Saturday,2026-03-07,-0.3778293199999857
2026-03-07 15:56:35.099000+00:00,15,Saturday,2026-03-07,-0.3607316193919905
2026-03-07 15:56:51.512000+00:00,15,Saturday,2026-03-07,-0.30182511391435723
2026-03-07 15:57:04.322000+00:00,15,Saturday,2026-03-07,-0.18357691176959406
2026-03-07 15:57:04.322000+00:00,15,Saturday,2026-03-07,-0.2634799904000046
2026-03-07 15:57:04.869000+00:00,15,Saturday,2026-03-07,-0.21264160000000512
2026-03-07 15:57:17.004000+00:00,15,Saturday,2026-03-07,-0.1322400092604072
2026-03-07 15:58:01.331000+00:00,15,Saturday,2026-03-07,-0.24715206162397152
2026-03-07 15:59:09.617000+00:00,15,Saturday,2026-03-07,-0.1431763580479793
2026-03-07 15:56:45.819000+00:00,15,Saturday,2026-03-07,-0.3953091150847993
2026-03-07 15:57:09.087000+00:00,15,Saturday,2026-03-07,-0.17834697143997935
2026-03-07 15:57:09.087000+00:00,15,Saturday,2026-03-07,-0.10464731209438269
2026-03-07 15:58:07.486000+00:00,15,Saturday,2026-03-07,-0.3571569354079643
2026-03-07 15:59:09.617000+00:00,15,Saturday,2026-03-07,-0.40109796459997915
2026-03-07 15:59:39.061000+00:00,15,Saturday,2026-03-07,-0.3127371365519719
2026-03-07 15:57:09.087000+00:00,15,Saturday,2026-03-07,0.01965497763834434
2026-03-07 15:59:09.617000+00:00,15,Saturday,2026-03-07,-0.3786082625279306
2026-03-07 15:59:11.226000+00:00,15,Saturday,2026-03-07,-0.46083923587519215
2026-03-07 15:58:02.421000+00:00,15,Saturday,2026-03-07,-0.20116198128000393
2026-03-07 15:57:18.601000+00:00,15,Saturday,2026-03-07,-0.3576596052791725
2026-03-07 15:57:33.843000+00:00,15,Saturday,2026-03-07,-0.16591236539197388
2026-03-07 15:57:28.204000+00:00,15,Saturday,2026-03-07,-0.3439700343199877
2026-03-07 15:59:52.887000+00:00,15,Saturday,2026-03-07,-0.2895710997423431
2026-03-07 15:59:09.617000+00:00,15,Saturday,2026-03-07,-0.12769958017600241
2026-03-07 15:59:39.061000+00:00,15,Saturday,2026-03-07,-0.22229246147996584
2026-03-07 15:59:10.158000+00:00,15,Saturday,2026-03-07,-0.23841393535513888
2026-03-07 16:00:00.891000+00:00,16,Saturday,2026-03-07,-0.37827135999995765
2026-03-07 16:00:16.236000+00:00,16,Saturday,2026-03-07,-0.21178079999998461
2026-03-07 16:00:16.236000+00:00,16,Saturday,2026-03-07,-0.2786041599999656
2026-03-07 16:00:16.236000+00:00,16,Saturday,2026-03-07,-0.29712599999996747
2026-03-07 16:00:16.236000+00:00,16,Saturday,2026-03-07,-0.1853578714240084
2026-03-07 16:00:16.236000+00:00,16,Saturday,2026-03-07,-0.22303998079997728
2026-03-07 16:00:16.236000+00:00,16,Saturday,2026-03-07,-0.3539885871839904
2026-03-07 16:00:28.806000+00:00,16,Saturday,2026-03-07,-0.5271442055527262
2026-03-07 16:01:10.617000+00:00,16,Saturday,2026-03-07,-0.5303439333999841
2026-03-07 16:01:10.617000+00:00,16,Saturday,2026-03-07,-0.5400295170399596
2026-03-07 16:01:11.156000+00:00,16,Saturday,2026-03-07,-0.6448647429223875
2026-03-07 16:01:39.886000+00:00,16,Saturday,2026-03-07,-0.27838500000001093
2026-03-07 15:59:39.061000+00:00,15,Saturday,2026-03-07,-0.4077794400000147
2026-03-07 16:00:16.236000+00:00,16,Saturday,2026-03-07,-0.2790319999999904
2026-03-07 16:00:16.236000+00:00,16,Saturday,2026-03-07,-0.49818674993980666
2026-03-07 16:00:20.125000+00:00,16,Saturday,2026-03-07,-0.7594764580759551
2026-03-07 16:00:26.126000+00:00,16,Saturday,2026-03-07,-0.4035761327975822
2026-03-07 16:00:29.912000+00:00,16,Saturday,2026-03-07,-0.3510244984399865
2026-03-07 16:01:12.248000+00:00,16,Saturday,2026-03-07,-0.32806873370875317
2026-03-07 16:01:10.617000+00:00,16,Saturday,2026-03-07,-0.44021717577596015
2026-03-07 16:01:10.617000+00:00,16,Saturday,2026-03-07,-0.7339748344559128
2026-03-07 16:03:31.711000+00:00,16,Saturday,2026-03-07,-0.34087693639997235
2026-03-07 16:02:02.128000+00:00,16,Saturday,2026-03-07,-1.6161462551863743
2026-03-07 16:02:29.378000+00:00,16,Saturday,2026-03-07,-0.6093520017575702
2026-03-07 16:02:47.435000+00:00,16,Saturday,2026-03-07,-0.9409745499791657
2026-03-07 16:01:53.661000+00:00,16,Saturday,2026-03-07,-0.03217399902227444
2026-03-07 16:03:11.549000+00:00,16,Saturday,2026-03-07,-0.30189798012798275
2026-03-07 16:03:33.321000+00:00,16,Saturday,2026-03-07,-0.32550718425596115
2026-03-07 15:57:09.087000+00:00,15,Saturday,2026-03-07,-0.22598995535992716
2026-03-07 16:03:40.541000+00:00,16,Saturday,2026-03-07,-0.28253999999998847
2026-03-07 16:04:42.692000+00:00,16,Saturday,2026-03-07,-0.2722305599999981
2026-03-07 16:02:17.101000+00:00,16,Saturday,2026-03-07,-0.2886392183359857
2026-03-07 16:02:17.101000+00:00,16,Saturday,2026-03-07,-0.31417700407998506
2026-03-07 16:02:17.101000+00:00,16,Saturday,2026-03-07,-0.31053399999996667
2026-03-07 16:02:17.101000+00:00,16,Saturday,2026-03-07,-0.46110901281597044
2026-03-07 16:04:42.692000+00:00,16,Saturday,2026-03-07,-0.5255064119519521
2026-03-07 16:03:11.549000+00:00,16,Saturday,2026-03-07,-0.2569749867999833
2026-03-07 16:04:47.972000+00:00,16,Saturday,2026-03-07,-0.27546501295677334
2026-03-07 16:05:12.328000+00:00,16,Saturday,2026-03-07,-0.40105439999996295
2026-03-07 16:03:02.752000+00:00,16,Saturday,2026-03-07,-0.0753110212583768
2026-03-07 16:03:26.947000+00:00,16,Saturday,2026-03-07,-0.16293718508560237
2026-03-07 16:03:17.965000+00:00,16,Saturday,2026-03-07,-0.20105798127999813
2026-03-07 16:03:21.655000+00:00,16,Saturday,2026-03-07,-0.401277804771176
2026-03-07 16:03:33.321000+00:00,16,Saturday,2026-03-07,-0.32025353660960576
2026-03-07 16:05:18.759000+00:00,16,Saturday,2026-03-07,-0.7028935325119312
2026-03-07 16:05:18.759000+00:00,16,Saturday,2026-03-07,-0.28439519539200364
2026-03-07 16:05:45.217000+00:00,16,Saturday,2026-03-07,-0.28221359999996654
2026-03-07 16:05:59.374000+00:00,16,Saturday,2026-03-07,-0.5338565015263818
2026-03-07 16:03:12.083000+00:00,16,Saturday,2026-03-07,-0.9235930062399622
2026-03-07 16:04:11.727000+00:00,16,Saturday,2026-03-07,-0.2720195999999985
2026-03-07 16:06:08.916000+00:00,16,Saturday,2026-03-07,-0.23705415287677303
2026-03-07 16:05:00.635000+00:00,16,Saturday,2026-03-07,-0.678002585627985
2026-03-07 16:05:00.635000+00:00,16,Saturday,2026-03-07,-0.32074971251986556
2026-03-07 16:05:02.872000+00:00,16,Saturday,2026-03-07,-0.4327700845899045
2026-03-07 16:05:14.467000+00:00,16,Saturday,2026-03-07,-0.3019895999999603
2026-03-07 16:05:18.759000+00:00,16,Saturday,2026-03-07,-0.6753198959199107
2026-03-07 16:05:18.759000+00:00,16,Saturday,2026-03-07,-0.4568805628799606
2026-03-07 16:05:32.700000+00:00,16,Saturday,2026-03-07,-0.17851899471999091
2026-03-07 16:05:33.782000+00:00,16,Saturday,2026-03-07,-0.30687499880001046
2026-03-07 16:07:13.309000+00:00,16,Saturday,2026-03-07,-0.27350985110393045
2026-03-07 16:06:43.440000+00:00,16,Saturday,2026-03-07,-0.1910518004975793
2026-03-07 16:06:19.266000+00:00,16,Saturday,2026-03-07,-0.7865231462400353
2026-03-07 16:06:22.508000+00:00,16,Saturday,2026-03-07,-0.8076549042911743
2026-03-07 16:06:43.440000+00:00,16,Saturday,2026-03-07,-0.388888219151995
2026-03-07 16:06:48.840000+00:00,16,Saturday,2026-03-07,-1.2447582922392164
2026-03-07 16:07:51.045000+00:00,16,Saturday,2026-03-07,-0.46836354428000376
2026-03-07 16:09:00.011000+00:00,16,Saturday,2026-03-07,-0.4805614714320298
2026-03-07 16:07:13.309000+00:00,16,Saturday,2026-03-07,-0.32181601267201093
2026-03-07 16:07:13.309000+00:00,16,Saturday,2026-03-07,-0.5912664455039432
2026-03-07 16:08:02.308000+00:00,16,Saturday,2026-03-07,-0.13157998183679767
2026-03-07 16:07:22.922000+00:00,16,Saturday,2026-03-07,-0.3155841115439901
2026-03-07 16:07:22.922000+00:00,16,Saturday,2026-03-07,-0.41518079999998003
2026-03-07 16:09:50.188000+00:00,16,Saturday,2026-03-07,-0.27192508000001336
2026-03-07 16:08:02.308000+00:00,16,Saturday,2026-03-07,-0.10597383793757953
2026-03-07 16:08:09.743000+00:00,16,Saturday,2026-03-07,-0.2359414856591805
2026-03-07 16:08:10.813000+00:00,16,Saturday,2026-03-07,-0.4206038200000006
2026-03-07 16:08:15.633000+00:00,16,Saturday,2026-03-07,-0.5097666493919856
2026-03-07 16:08:19.936000+00:00,16,Saturday,2026-03-07,-0.29736399999999286
2026-03-07 16:08:19.936000+00:00,16,Saturday,2026-03-07,-0.37899999999996287
2026-03-07 16:08:34.918000+00:00,16,Saturday,2026-03-07,-0.3556956074880081
2026-03-07 16:09:34.484000+00:00,16,Saturday,2026-03-07,-0.329995734878372
2026-03-07 16:08:00.157000+00:00,16,Saturday,2026-03-07,-0.10937175086158132
2026-03-07 16:09:14.167000+00:00,16,Saturday,2026-03-07,-0.174963197432806
2026-03-07 16:08:04.434000+00:00,16,Saturday,2026-03-07,-0.7539316847104098
2026-03-07 16:09:34.484000+00:00,16,Saturday,2026-03-07,-0.26279099351996815
2026-03-07 16:09:44.890000+00:00,16,Saturday,2026-03-07,-0.5943236929919451
2026-03-07 16:10:20.670000+00:00,16,Saturday,2026-03-07,-0.36614152803279837
2026-03-07 16:09:55.009000+00:00,16,Saturday,2026-03-07,-0.5242355152799338
2026-03-07 16:10:20.670000+00:00,16,Saturday,2026-03-07,-0.37477442534397176
2026-03-07 16:10:20.670000+00:00,16,Saturday,2026-03-07,-0.3802199948159597
2026-03-07 16:10:24.384000+00:00,16,Saturday,2026-03-07,-0.9219769022399508
2026-03-07 16:11:00.728000+00:00,16,Saturday,2026-03-07,-0.24291737183521322
2026-03-07 16:12:58.337000+00:00,16,Saturday,2026-03-07,-0.47362963031998184
2026-03-07 16:12:53.687000+00:00,16,Saturday,2026-03-07,-0.20501588831279216
2026-03-07 16:11:11.763000+00:00,16,Saturday,2026-03-07,-0.2593720513087892
2026-03-07 16:11:22.063000+00:00,16,Saturday,2026-03-07,-0.3824490203999807
2026-03-07 16:11:22.063000+00:00,16,Saturday,2026-03-07,-0.30372899999999525
2026-03-07 16:11:24.192000+00:00,16,Saturday,2026-03-07,-0.3788999999999839
2026-03-07 16:12:30.233000+00:00,16,Saturday,2026-03-07,-0.3213039037979124
2026-03-07 16:13:27.530000+00:00,16,Saturday,2026-03-07,-0.28163927999999044
2026-03-07 16:11:36.366000+00:00,16,Saturday,2026-03-07,-0.389534615599997
2026-03-07 16:11:39.540000+00:00,16,Saturday,2026-03-07,-0.599855482456765
2026-03-07 16:11:46.925000+00:00,16,Saturday,2026-03-07,-0.39558807999998147
2026-03-07 16:11:46.925000+00:00,16,Saturday,2026-03-07,-0.28038507999996887
2026-03-07 16:12:45.875000+00:00,16,Saturday,2026-03-07,-0.3046896606423932
2026-03-07 16:14:30.893000+00:00,16,Saturday,2026-03-07,-0.21071007768001349
2026-03-07 16:14:37.805000+00:00,16,Saturday,2026-03-07,-0.2545574861999876
2026-03-07 16:13:24.373000+00:00,16,Saturday,2026-03-07,-0.2585176696399611
2026-03-07 16:14:26.636000+00:00,16,Saturday,2026-03-07,-0.21244897960001452
2026-03-07 16:12:35.936000+00:00,16,Saturday,2026-03-07,-0.2897639999999708
2026-03-07 16:14:40.962000+00:00,16,Saturday,2026-03-07,-0.2593940116895651
2026-03-07 16:15:32.605000+00:00,16,Saturday,2026-03-07,-0.054469747727985254
2026-03-07 16:11:43.780000+00:00,16,Saturday,2026-03-07,1.098399952644039
2026-03-07 16:13:25.424000+00:00,16,Saturday,2026-03-07,-0.25157186090401673
2026-03-07 16:12:47.030000+00:00,16,Saturday,2026-03-07,-0.4047462146559966
2026-03-07 16:03:17.965000+00:00,16,Saturday,2026-03-07,-0.18530866337197746
2026-03-07 16:14:59.618000+00:00,16,Saturday,2026-03-07,-0.2724285820800017
2026-03-07 16:13:24.373000+00:00,16,Saturday,2026-03-07,-0.2676450000000126
2026-03-07 16:14:59.618000+00:00,16,Saturday,2026-03-07,-0.16285630817277483
2026-03-07 16:15:44.822000+00:00,16,Saturday,2026-03-07,-0.41496319999996545
2026-03-07 16:14:26.636000+00:00,16,Saturday,2026-03-07,-0.37293935279995216
2026-03-07 16:15:34.749000+00:00,16,Saturday,2026-03-07,-0.39647228291189085
2026-03-07 16:12:39.056000+00:00,16,Saturday,2026-03-07,-0.11383043195996038
2026-03-07 16:15:36.882000+00:00,16,Saturday,2026-03-07,-0.208628980559989
2026-03-07 16:00:16.798000+00:00,16,Saturday,2026-03-07,-0.16674872510718153
2026-03-07 16:14:13.183000+00:00,16,Saturday,2026-03-07,-0.25656478112157427
2026-03-07 16:15:45.914000+00:00,16,Saturday,2026-03-07,-0.1169608492919485
2026-03-07 16:15:48.580000+00:00,16,Saturday,2026-03-07,-0.40447963583996316
2026-03-07 16:15:50.157000+00:00,16,Saturday,2026-03-07,-0.11467151080066361
2026-03-07 16:16:37.440000+00:00,16,Saturday,2026-03-07,-0.11030216212798272
2026-03-07 16:10:24.384000+00:00,16,Saturday,2026-03-07,0.08537809235201593
2026-03-07 16:14:26.636000+00:00,16,Saturday,2026-03-07,0.07032129763202999
2026-03-07 16:16:38.365000+00:00,16,Saturday,2026-03-07,-0.30351718799998284
2026-03-07 16:16:38.916000+00:00,16,Saturday,2026-03-07,-0.3116550000000007
2026-03-07 16:16:41.652000+00:00,16,Saturday,2026-03-07,-0.3773836799999666
2026-03-07 16:16:49.787000+00:00,16,Saturday,2026-03-07,-0.2970919999999897
2026-03-07 16:16:52.099000+00:00,16,Saturday,2026-03-07,-0.5403933427200006
2026-03-07 16:17:00.166000+00:00,16,Saturday,2026-03-07,-0.36023829079035663
2026-03-07 16:17:05.071000+00:00,16,Saturday,2026-03-07,-0.20425607999999004
2026-03-07 16:15:33.147000+00:00,16,Saturday,2026-03-07,-0.31556437828240075
2026-03-07 16:17:05.071000+00:00,16,Saturday,2026-03-07,-0.49687537107995505
2026-03-07 16:17:33.355000+00:00,16,Saturday,2026-03-07,-0.46259251928481043
2026-03-07 16:17:35.511000+00:00,16,Saturday,2026-03-07,-0.6535478895359204
2026-03-07 16:17:46.771000+00:00,16,Saturday,2026-03-07,-0.8383932030791987
2026-03-07 16:18:36.283000+00:00,16,Saturday,2026-03-07,-0.2956950599999739
2026-03-07 16:18:52.142000+00:00,16,Saturday,2026-03-07,-0.3862103999999631
2026-03-07 16:16:37.440000+00:00,16,Saturday,2026-03-07,-0.29659392000000045
2026-03-07 16:17:45.697000+00:00,16,Saturday,2026-03-07,-0.487114664191957
2026-03-07 16:18:52.142000+00:00,16,Saturday,2026-03-07,-0.13079560395788206
2026-03-07 16:18:57.748000+00:00,16,Saturday,2026-03-07,-0.40310563472001376
2026-03-07 16:17:11.164000+00:00,16,Saturday,2026-03-07,-0.3990252289440115
2026-03-07 16:18:57.748000+00:00,16,Saturday,2026-03-07,-0.1347439614191949
2026-03-07 16:17:13.378000+00:00,16,Saturday,2026-03-07,-0.5929600296959261
2026-03-07 16:16:56.416000+00:00,16,Saturday,2026-03-07,-0.18682684964798352
2026-03-07 16:17:37.674000+00:00,16,Saturday,2026-03-07,-0.2356019870399917
2026-03-07 16:19:00.947000+00:00,16,Saturday,2026-03-07,-0.11901272825359904
2026-03-07 16:17:51.037000+00:00,16,Saturday,2026-03-07,-0.3079730471547174
2026-03-07 16:19:36.269000+00:00,16,Saturday,2026-03-07,-0.6074236729759708
2026-03-07 16:20:33.065000+00:00,16,Saturday,2026-03-07,-0.41822819999995886
2026-03-07 16:19:05.791000+00:00,16,Saturday,2026-03-07,-0.22922944418878963
2026-03-07 16:20:52.820000+00:00,16,Saturday,2026-03-07,-0.34598789032799204
2026-03-07 16:19:34.119000+00:00,16,Saturday,2026-03-07,-0.2675780230975734
2026-03-07 16:20:52.820000+00:00,16,Saturday,2026-03-07,-0.6716389549840275
2026-03-07 16:18:36.283000+00:00,16,Saturday,2026-03-07,0.17561402477044175
2026-03-07 16:21:00.016000+00:00,16,Saturday,2026-03-07,-0.2929400800000056
2026-03-07 16:21:00.560000+00:00,16,Saturday,2026-03-07,-0.21204231999999051
2026-03-07 16:18:51.605000+00:00,16,Saturday,2026-03-07,-0.1284839800799905
2026-03-07 16:18:52.671000+00:00,16,Saturday,2026-03-07,-0.3354269877599773
2026-03-07 16:18:57.748000+00:00,16,Saturday,2026-03-07,-0.15624268768798685
2026-03-07 16:20:08.418000+00:00,16,Saturday,2026-03-07,-0.9555475391535679
2026-03-07 16:21:59.134000+00:00,16,Saturday,2026-03-07,-0.35334997588800277
2026-03-07 16:20:13.030000+00:00,16,Saturday,2026-03-07,-0.3219580097440089
2026-03-07 16:17:49.432000+00:00,16,Saturday,2026-03-07,-0.5502112591359957
2026-03-07 16:21:35.180000+00:00,16,Saturday,2026-03-07,-0.7095145957151969
2026-03-07 16:20:39.071000+00:00,16,Saturday,2026-03-07,-0.8167740364799985
2026-03-07 16:21:53.252000+00:00,16,Saturday,2026-03-07,-0.4192745497999895
2026-03-07 16:20:37.461000+00:00,16,Saturday,2026-03-07,-0.2697710037719713
2026-03-07 16:21:01.630000+00:00,16,Saturday,2026-03-07,-0.5516323880407729
2026-03-07 16:21:11.240000+00:00,16,Saturday,2026-03-07,-0.7992430136063832
2026-03-07 16:23:14.721000+00:00,16,Saturday,2026-03-07,-0.13915646589596026
2026-03-07 16:23:20.001000+00:00,16,Saturday,2026-03-07,-0.43885497815998664
2026-03-07 16:22:53.462000+00:00,16,Saturday,2026-03-07,-0.16839589531862875
2026-03-07 16:23:16.851000+00:00,16,Saturday,2026-03-07,-0.2501706864399983
2026-03-07 16:20:33.065000+00:00,16,Saturday,2026-03-07,-0.19916861576553035
2026-03-07 16:21:00.560000+00:00,16,Saturday,2026-03-07,-0.2462109877600005
2026-03-07 16:21:37.345000+00:00,16,Saturday,2026-03-07,-0.20036215583998895
2026-03-07 16:22:53.462000+00:00,16,Saturday,2026-03-07,-0.24190396236799624
2026-03-07 16:23:07.321000+00:00,16,Saturday,2026-03-07,-0.1864213296167678
2026-03-07 16:23:07.853000+00:00,16,Saturday,2026-03-07,-0.10148161930560427
2026-03-07 16:22:05.225000+00:00,16,Saturday,2026-03-07,-0.1809047675519749
2026-03-07 16:23:07.321000+00:00,16,Saturday,2026-03-07,-0.16352487139201605
2026-03-07 16:21:54.325000+00:00,16,Saturday,2026-03-07,-0.2842739755200151
2026-03-07 16:23:41.793000+00:00,16,Saturday,2026-03-07,-0.6728051487759777
2026-03-07 16:23:53.952000+00:00,16,Saturday,2026-03-07,-0.4541618962240252
2026-03-07 16:24:02.925000+00:00,16,Saturday,2026-03-07,-0.38070815999995367
2026-03-07 16:24:19.778000+00:00,16,Saturday,2026-03-07,-0.2971135999999937
2026-03-07 16:24:25.589000+00:00,16,Saturday,2026-03-07,-0.5348033481599783
2026-03-07 16:24:25.589000+00:00,16,Saturday,2026-03-07,-0.42964954323194615
2026-03-07 16:22:12.651000+00:00,16,Saturday,2026-03-07,-0.5180648538559784
2026-03-07 16:24:30.352000+00:00,16,Saturday,2026-03-07,-0.39620339999998766
2026-03-07 16:19:28.783000+00:00,16,Saturday,2026-03-07,-0.337583352563136
2026-03-07 16:24:36.236000+00:00,16,Saturday,2026-03-07,-0.6434954199999586
2026-03-07 16:23:07.853000+00:00,16,Saturday,2026-03-07,-0.5007826854709101
2026-03-07 16:25:14.019000+00:00,16,Saturday,2026-03-07,-0.49734089793838
2026-03-07 16:25:15.637000+00:00,16,Saturday,2026-03-07,-0.47993571542398933
2026-03-07 16:25:42.545000+00:00,16,Saturday,2026-03-07,-0.6729031776951706
2026-03-07 16:23:41.255000+00:00,16,Saturday,2026-03-07,-0.4578489075327058
2026-03-07 16:26:37.905000+00:00,16,Saturday,2026-03-07,-0.27869997600003704
2026-03-07 16:24:27.178000+00:00,16,Saturday,2026-03-07,-0.7539371055359223
2026-03-07 16:24:31.962000+00:00,16,Saturday,2026-03-07,-0.6463643614719575
2026-03-07 16:24:54.112000+00:00,16,Saturday,2026-03-07,-0.3781821093999716
2026-03-07 16:24:54.641000+00:00,16,Saturday,2026-03-07,-0.4434752107519875
2026-03-07 16:27:21.957000+00:00,16,Saturday,2026-03-07,-0.2855153200000105
2026-03-07 16:26:42.681000+00:00,16,Saturday,2026-03-07,-0.41848185970081386
2026-03-07 16:25:08.116000+00:00,16,Saturday,2026-03-07,-1.1609688175359445
2026-03-07 16:25:08.683000+00:00,16,Saturday,2026-03-07,-0.27098513999997004
2026-03-07 16:25:21.040000+00:00,16,Saturday,2026-03-07,-0.3438720129599854
2026-03-07 16:27:56.015000+00:00,16,Saturday,2026-03-07,-0.34104958617596093
2026-03-07 16:25:55.015000+00:00,16,Saturday,2026-03-07,-0.26723999999999054
2026-03-07 16:26:03.514000+00:00,16,Saturday,2026-03-07,-0.3814867799999866
2026-03-07 16:26:07.291000+00:00,16,Saturday,2026-03-07,-0.2721505627142282
2026-03-07 16:26:21.629000+00:00,16,Saturday,2026-03-07,-0.3307714279631824
2026-03-07 16:26:26.455000+00:00,16,Saturday,2026-03-07,-0.35078400863998765
2026-03-07 16:26:26.455000+00:00,16,Saturday,2026-03-07,-0.28957185511199235
2026-03-07 16:27:16.370000+00:00,16,Saturday,2026-03-07,-0.3212279538479964
2026-03-07 16:28:03.436000+00:00,16,Saturday,2026-03-07,-0.42002151400319465
2026-03-07 16:27:55.483000+00:00,16,Saturday,2026-03-07,-0.12026224002234473
2026-03-07 16:26:31.211000+00:00,16,Saturday,2026-03-07,-0.31381351029601556
2026-03-07 16:29:28.750000+00:00,16,Saturday,2026-03-07,-0.29739799999997063
2026-03-07 16:27:33.716000+00:00,16,Saturday,2026-03-07,-0.27775679078397986
2026-03-07 16:27:39.298000+00:00,16,Saturday,2026-03-07,-0.39620339999998766
2026-03-07 16:27:43.967000+00:00,16,Saturday,2026-03-07,-0.7635303866879233
2026-03-07 16:27:53.365000+00:00,16,Saturday,2026-03-07,-0.38573856769839004
2026-03-07 16:28:10.566000+00:00,16,Saturday,2026-03-07,-0.30135562093437784
2026-03-07 16:28:22.191000+00:00,16,Saturday,2026-03-07,-0.23587198704000678
2026-03-07 16:28:56.238000+00:00,16,Saturday,2026-03-07,-0.17002549004000025
2026-03-07 16:29:22.903000+00:00,16,Saturday,2026-03-07,-0.23186174402560733
2026-03-07 16:30:35.806000+00:00,16,Saturday,2026-03-07,-0.24164238214398262
2026-03-07 16:28:38.939000+00:00,16,Saturday,2026-03-07,-0.27344495539204194
2026-03-07 16:29:11.811000+00:00,16,Saturday,2026-03-07,-0.19252214445915533
2026-03-07 16:29:56.834000+00:00,16,Saturday,2026-03-07,-0.48563627724794967
2026-03-07 16:30:45.330000+00:00,16,Saturday,2026-03-07,-0.39861359942396535
2026-03-07 16:30:55.383000+00:00,16,Saturday,2026-03-07,-0.36468511873274123
2026-03-07 16:30:07.665000+00:00,16,Saturday,2026-03-07,-0.13166151883680313
2026-03-07 16:28:43.053000+00:00,16,Saturday,2026-03-07,-0.6567121528799624
2026-03-07 16:28:43.585000+00:00,16,Saturday,2026-03-07,-0.30998500600000334
2026-03-07 16:29:05.203000+00:00,16,Saturday,2026-03-07,-0.5231903341591787
2026-03-07 16:29:22.903000+00:00,16,Saturday,2026-03-07,0.04364049165599371
2026-03-07 16:29:28.750000+00:00,16,Saturday,2026-03-07,-0.32781715217515095
2026-03-07 16:17:28.457000+00:00,16,Saturday,2026-03-07,-1.3278042630400089
2026-03-07 16:29:54.083000+00:00,16,Saturday,2026-03-07,-0.431325934775983
2026-03-07 16:31:45.061000+00:00,16,Saturday,2026-03-07,-0.2850199999999987
2026-03-07 16:32:56.787000+00:00,16,Saturday,2026-03-07,-0.29751699999999437
2026-03-07 16:31:04.832000+00:00,16,Saturday,2026-03-07,-0.5257142179199557
2026-03-07 16:31:04.832000+00:00,16,Saturday,2026-03-07,-0.8463527610984076
2026-03-07 16:31:04.832000+00:00,16,Saturday,2026-03-07,-0.6548874170399821
2026-03-07 16:33:47.687000+00:00,16,Saturday,2026-03-07,-0.5000739621695801
2026-03-07 16:31:22.416000+00:00,16,Saturday,2026-03-07,-1.0481625794079186
2026-03-07 16:31:23.547000+00:00,16,Saturday,2026-03-07,-0.4983347679232029
2026-03-07 16:31:24.624000+00:00,16,Saturday,2026-03-07,-0.4729057265203064
2026-03-07 16:31:29.460000+00:00,16,Saturday,2026-03-07,-0.6414014959199835
2026-03-07 16:31:43.989000+00:00,16,Saturday,2026-03-07,-0.284579975519996
2026-03-07 16:31:46.758000+00:00,16,Saturday,2026-03-07,-0.6185178473280242
2026-03-07 16:31:57.609000+00:00,16,Saturday,2026-03-07,-0.3602751907839904
2026-03-07 16:34:25.329000+00:00,16,Saturday,2026-03-07,-0.26682417082555393
2026-03-07 16:34:38.683000+00:00,16,Saturday,2026-03-07,-0.16148623638766973
2026-03-07 16:32:05.735000+00:00,16,Saturday,2026-03-07,-0.28099341553917145
2026-03-07 16:33:28.986000+00:00,16,Saturday,2026-03-07,-0.10102854916796897
2026-03-07 16:34:51.554000+00:00,16,Saturday,2026-03-07,-0.284375975519971
2026-03-07 16:32:08.398000+00:00,16,Saturday,2026-03-07,-0.3539401419135101
2026-03-07 16:32:27.793000+00:00,16,Saturday,2026-03-07,-0.3845775023440183
2026-03-07 16:32:36.861000+00:00,16,Saturday,2026-03-07,-0.5090537985920417
2026-03-07 16:34:59.412000+00:00,16,Saturday,2026-03-07,-0.6777848002559238
2026-03-07 16:32:56.787000+00:00,16,Saturday,2026-03-07,-0.2793803599999984
2026-03-07 16:32:57.328000+00:00,16,Saturday,2026-03-07,-0.5435778947759851
2026-03-07 16:35:39.201000+00:00,16,Saturday,2026-03-07,-0.537624187263966
2026-03-07 16:33:28.986000+00:00,16,Saturday,2026-03-07,-0.34588807296001955
2026-03-07 16:35:58.139000+00:00,16,Saturday,2026-03-07,-0.6769180790799543
2026-03-07 16:34:07.629000+00:00,16,Saturday,2026-03-07,-0.3221328126719735
2026-03-07 16:34:35.089000+00:00,16,Saturday,2026-03-07,-0.5470548105599773
2026-03-07 16:34:46.893000+00:00,16,Saturday,2026-03-07,-0.3148425539863801
2026-03-07 16:34:57.823000+00:00,16,Saturday,2026-03-07,-0.6347974226799359
2026-03-07 16:34:58.361000+00:00,16,Saturday,2026-03-07,-0.6168404872079819
2026-03-07 16:37:09.420000+00:00,16,Saturday,2026-03-07,-0.21296439999997946
2026-03-07 16:35:07.393000+00:00,16,Saturday,2026-03-07,-0.6126149486927863
2026-03-07 16:35:10.033000+00:00,16,Saturday,2026-03-07,-0.27606279711793574
2026-03-07 16:35:18.278000+00:00,16,Saturday,2026-03-07,-1.4791682903039938
2026-03-07 16:35:58.139000+00:00,16,Saturday,2026-03-07,0.535954355484819
2026-03-07 16:35:28.971000+00:00,16,Saturday,2026-03-07,-0.8112777177600079
2026-03-07 16:35:30.046000+00:00,16,Saturday,2026-03-07,-0.17180096606394463
2026-03-07 16:35:48.600000+00:00,16,Saturday,2026-03-07,-0.2890270787615838
2026-03-07 16:25:17.808000+00:00,16,Saturday,2026-03-07,-0.5102402488159842
2026-03-07 16:32:30.434000+00:00,16,Saturday,2026-03-07,-0.08591072209601397
2026-03-07 16:36:20.782000+00:00,16,Saturday,2026-03-07,-0.7601506775999816
2026-03-07 16:36:26.012000+00:00,16,Saturday,2026-03-07,-0.38857589999999115
2026-03-07 16:34:31.494000+00:00,16,Saturday,2026-03-07,-0.5310360518400107
2026-03-07 16:37:08.872000+00:00,16,Saturday,2026-03-07,-0.5337552633600079
2026-03-07 16:38:11.161000+00:00,16,Saturday,2026-03-07,-0.8204072282518805
2026-03-07 16:38:30.699000+00:00,16,Saturday,2026-03-07,-0.9899503067663691
2026-03-07 16:36:52.320000+00:00,16,Saturday,2026-03-07,-0.43742701224001135
2026-03-07 16:36:39.349000+00:00,16,Saturday,2026-03-07,-0.4545199823119907
2026-03-07 16:37:00.392000+00:00,16,Saturday,2026-03-07,-0.7802545825279844
2026-03-07 16:37:00.937000+00:00,16,Saturday,2026-03-07,-0.6673772396159298
2026-03-07 16:37:09.420000+00:00,16,Saturday,2026-03-07,-0.32443797988796164
2026-03-07 16:39:33.325000+00:00,16,Saturday,2026-03-07,-0.3481432702079548
2026-03-07 16:39:33.325000+00:00,16,Saturday,2026-03-07,-0.3570251999999495
2026-03-07 16:37:39.860000+00:00,16,Saturday,2026-03-07,-0.2154863758080149
2026-03-07 16:39:18.992000+00:00,16,Saturday,2026-03-07,-1.5655735641168027
2026-03-07 16:39:20.601000+00:00,16,Saturday,2026-03-07,-0.16625249099998796
2026-03-07 16:39:27.487000+00:00,16,Saturday,2026-03-07,-0.3091238204351747
2026-03-07 16:39:53.986000+00:00,16,Saturday,2026-03-07,-0.279719880000004
2026-03-07 16:39:21.677000+00:00,16,Saturday,2026-03-07,-0.09192929174397046
2026-03-07 16:39:00.740000+00:00,16,Saturday,2026-03-07,-0.09875245010396475
2026-03-07 16:37:59.589000+00:00,16,Saturday,2026-03-07,-0.31573157302400146
2026-03-07 16:38:09.574000+00:00,16,Saturday,2026-03-07,-0.2348286825023736
2026-03-07 16:37:57.471000+00:00,16,Saturday,2026-03-07,-0.054301015835982375
2026-03-07 16:37:59.057000+00:00,16,Saturday,2026-03-07,-0.19809018050238086
2026-03-07 16:37:59.589000+00:00,16,Saturday,2026-03-07,-0.33764761022397427
2026-03-07 16:39:53.986000+00:00,16,Saturday,2026-03-07,-0.46331670239997025
2026-03-07 16:40:02.512000+00:00,16,Saturday,2026-03-07,-0.5490800888320544
2026-03-07 16:40:02.512000+00:00,16,Saturday,2026-03-07,-0.429619206911956
2026-03-07 16:40:08.912000+00:00,16,Saturday,2026-03-07,-0.29149967999997145
2026-03-07 16:40:12.149000+00:00,16,Saturday,2026-03-07,-0.6606390679543723
2026-03-07 16:40:23.377000+00:00,16,Saturday,2026-03-07,-0.3159711999999869
2026-03-07 16:40:28.704000+00:00,16,Saturday,2026-03-07,-0.3236964895512111
2026-03-07 16:40:44.734000+00:00,16,Saturday,2026-03-07,-0.4898737070735734
2026-03-07 16:39:00.740000+00:00,16,Saturday,2026-03-07,-0.3016040599999875
2026-03-07 16:39:10.040000+00:00,16,Saturday,2026-03-07,-0.18415579303998098
2026-03-07 16:41:19.895000+00:00,16,Saturday,2026-03-07,-0.29377279999997374
2026-03-07 16:41:01.616000+00:00,16,Saturday,2026-03-07,-0.38280555310401576
2026-03-07 16:42:13.035000+00:00,16,Saturday,2026-03-07,-1.3012104806399842
2026-03-07 16:40:47.413000+00:00,16,Saturday,2026-03-07,-0.5405316269759767
2026-03-07 16:40:47.413000+00:00,16,Saturday,2026-03-07,-0.4172987862544026
2026-03-07 16:40:49.567000+00:00,16,Saturday,2026-03-07,-0.2624496157679995
2026-03-07 16:40:49.567000+00:00,16,Saturday,2026-03-07,-0.4766543871888117
2026-03-07 16:41:01.072000+00:00,16,Saturday,2026-03-07,-0.6296165814959462
2026-03-07 16:42:45.494000+00:00,16,Saturday,2026-03-07,-0.3222120467743931
2026-03-07 16:43:20.934000+00:00,16,Saturday,2026-03-07,-0.28587156000000197
2026-03-07 16:41:33.854000+00:00,16,Saturday,2026-03-07,-0.37082882505599307
2026-03-07 16:41:45.588000+00:00,16,Saturday,2026-03-07,-0.5744844440639869
2026-03-07 16:41:56.324000+00:00,16,Saturday,2026-03-07,-0.501046825919955
2026-03-07 16:42:03.110000+00:00,16,Saturday,2026-03-07,-0.9271883486719747
2026-03-07 16:42:08.344000+00:00,16,Saturday,2026-03-07,-0.8185407826559854
2026-03-07 16:42:09.906000+00:00,16,Saturday,2026-03-07,-0.37910651697404896
2026-03-07 16:42:13.035000+00:00,16,Saturday,2026-03-07,-0.4996674262719499
2026-03-07 16:42:13.035000+00:00,16,Saturday,2026-03-07,-0.9782160493139072
2026-03-07 16:42:17.225000+00:00,16,Saturday,2026-03-07,-0.515562044815984
2026-03-07 16:42:17.225000+00:00,16,Saturday,2026-03-07,-0.7724826818399402
2026-03-07 16:42:19.366000+00:00,16,Saturday,2026-03-07,-0.24879001079998764
2026-03-07 16:42:21.684000+00:00,16,Saturday,2026-03-07,-0.6246862227759599
2026-03-07 16:44:46.124000+00:00,16,Saturday,2026-03-07,-0.19590162145440038
2026-03-07 16:42:28.019000+00:00,16,Saturday,2026-03-07,-0.5056629045759434
2026-03-07 16:45:14.578000+00:00,16,Saturday,2026-03-07,-0.4562586712319567
2026-03-07 16:45:14.578000+00:00,16,Saturday,2026-03-07,-0.3859776233999692
2026-03-07 16:43:23.569000+00:00,16,Saturday,2026-03-07,-0.23529748351198043
2026-03-07 16:43:23.569000+00:00,16,Saturday,2026-03-07,-0.40410369999996276
2026-03-07 16:43:23.569000+00:00,16,Saturday,2026-03-07,-0.507446799999949
2026-03-07 16:43:49.110000+00:00,16,Saturday,2026-03-07,-0.7332481550399932
2026-03-07 16:43:49.110000+00:00,16,Saturday,2026-03-07,-0.6718338362176146
2026-03-07 16:43:51.261000+00:00,16,Saturday,2026-03-07,-0.23958201046397437
2026-03-07 16:43:51.261000+00:00,16,Saturday,2026-03-07,-0.28269092160317877
2026-03-07 16:44:00.515000+00:00,16,Saturday,2026-03-07,-0.27754066084159235
2026-03-07 16:44:03.234000+00:00,16,Saturday,2026-03-07,-0.34569151475999377
2026-03-07 16:44:14.010000+00:00,16,Saturday,2026-03-07,-0.2832983999999794
2026-03-07 16:47:15.244000+00:00,16,Saturday,2026-03-07,-0.2684939999999761
2026-03-07 16:44:47.316000+00:00,16,Saturday,2026-03-07,-0.43212052979676663
2026-03-07 16:44:58.520000+00:00,16,Saturday,2026-03-07,-0.21002400000000165
2026-03-07 16:45:09.675000+00:00,16,Saturday,2026-03-07,-0.42239766547195373
2026-03-07 16:45:33.629000+00:00,16,Saturday,2026-03-07,-0.37992911385597594
2026-03-07 16:47:15.244000+00:00,16,Saturday,2026-03-07,-0.24032984748422292
2026-03-07 16:45:05.213000+00:00,16,Saturday,2026-03-07,-0.7997458063359881
2026-03-07 16:45:10.751000+00:00,16,Saturday,2026-03-07,-0.2083014626083105
2026-03-07 16:45:21.042000+00:00,16,Saturday,2026-03-07,-0.23824491097599365
2026-03-07 16:45:18.890000+00:00,16,Saturday,2026-03-07,-0.3032825599999942
2026-03-07 16:45:18.890000+00:00,16,Saturday,2026-03-07,-0.2803859999999881
2026-03-07 16:45:33.629000+00:00,16,Saturday,2026-03-07,-0.6932382110079668
2026-03-07 16:46:51.288000+00:00,16,Saturday,2026-03-07,-0.31797877283200143
2026-03-07 16:47:16.363000+00:00,16,Saturday,2026-03-07,-0.28309399999996576
2026-03-07 16:47:48.303000+00:00,16,Saturday,2026-03-07,-0.39117806000000827
2026-03-07 16:48:19.674000+00:00,16,Saturday,2026-03-07,-0.6779806540799822
2026-03-07 16:48:19.674000+00:00,16,Saturday,2026-03-07,-0.35710680575997195
2026-03-07 16:48:19.674000+00:00,16,Saturday,2026-03-07,-0.27266400000000274
2026-03-07 16:45:21.589000+00:00,16,Saturday,2026-03-07,0.04075204110326458
2026-03-07 16:48:19.674000+00:00,16,Saturday,2026-03-07,-0.33236393932798247
2026-03-07 16:46:35.358000+00:00,16,Saturday,2026-03-07,-0.30392879999995687
2026-03-07 16:48:19.674000+00:00,16,Saturday,2026-03-07,-0.19778237158399042
2026-03-07 16:46:51.288000+00:00,16,Saturday,2026-03-07,-0.47420745895039657
2026-03-07 16:46:53.511000+00:00,16,Saturday,2026-03-07,-0.20693650261599067
2026-03-07 16:47:01.721000+00:00,16,Saturday,2026-03-07,0.32798778902918124
2026-03-07 16:47:04.894000+00:00,16,Saturday,2026-03-07,-0.48326421035992967
2026-03-07 16:47:06.512000+00:00,16,Saturday,2026-03-07,-0.3595343910840104
2026-03-07 16:49:38.688000+00:00,16,Saturday,2026-03-07,-0.6898352508159145
2026-03-07 16:49:38.688000+00:00,16,Saturday,2026-03-07,-0.46245847356800146
2026-03-07 16:49:46.555000+00:00,16,Saturday,2026-03-07,-0.8223430222391439
2026-03-07 16:48:19.674000+00:00,16,Saturday,2026-03-07,-0.41574376823994863
2026-03-07 16:48:19.674000+00:00,16,Saturday,2026-03-07,-0.6333581598791581
2026-03-07 16:48:19.674000+00:00,16,Saturday,2026-03-07,-0.6396000320415525
2026-03-07 16:48:35.967000+00:00,16,Saturday,2026-03-07,-0.7013226216319663
2026-03-07 16:50:20.577000+00:00,16,Saturday,2026-03-07,-0.4644183801599531
2026-03-07 16:48:51.990000+00:00,16,Saturday,2026-03-07,-0.3130175999999865
2026-03-07 16:51:47.328000+00:00,16,Saturday,2026-03-07,-0.2991413999999585
2026-03-07 16:49:38.688000+00:00,16,Saturday,2026-03-07,-0.3105647999999559
2026-03-07 16:49:38.688000+00:00,16,Saturday,2026-03-07,-0.2575301680140695
2026-03-07 16:49:49.179000+00:00,16,Saturday,2026-03-07,-0.8287011592495805
2026-03-07 16:49:55.069000+00:00,16,Saturday,2026-03-07,-0.169418814916789
2026-03-07 16:49:56.664000+00:00,16,Saturday,2026-03-07,-0.6519941706023887
2026-03-07 16:50:05.143000+00:00,16,Saturday,2026-03-07,-0.3701446424031929
2026-03-07 16:50:11.984000+00:00,16,Saturday,2026-03-07,-0.3088051469567989
2026-03-07 16:50:20.577000+00:00,16,Saturday,2026-03-07,-0.9407845670399654
2026-03-07 16:50:20.577000+00:00,16,Saturday,2026-03-07,-0.8417106448640412
2026-03-07 16:50:20.577000+00:00,16,Saturday,2026-03-07,-0.477145228799975
2026-03-07 16:52:14.288000+00:00,16,Saturday,2026-03-07,-0.17008346443917133
2026-03-07 16:49:38.688000+00:00,16,Saturday,2026-03-07,-0.04774172536320295
2026-03-07 16:51:42.676000+00:00,16,Saturday,2026-03-07,-0.10300055915200801
2026-03-07 16:51:21.430000+00:00,16,Saturday,2026-03-07,-0.24997921094397652
2026-03-07 16:51:21.430000+00:00,16,Saturday,2026-03-07,-0.4486783790170923
2026-03-07 16:51:21.430000+00:00,16,Saturday,2026-03-07,-0.36570551420317127
2026-03-07 16:53:50.943000+00:00,16,Saturday,2026-03-07,-0.43975662057596887
2026-03-07 16:52:14.288000+00:00,16,Saturday,2026-03-07,-0.21299727793997636
2026-03-07 16:52:14.288000+00:00,16,Saturday,2026-03-07,-0.864134208263978
2026-03-07 16:53:21.961000+00:00,16,Saturday,2026-03-07,-0.20834477407999882
2026-03-07 16:51:53.247000+00:00,16,Saturday,2026-03-07,-0.7790141412959395
2026-03-07 16:52:14.288000+00:00,16,Saturday,2026-03-07,-0.3198936196191787
2026-03-07 16:53:54.207000+00:00,16,Saturday,2026-03-07,-0.04864736496958581
2026-03-07 16:52:21.918000+00:00,16,Saturday,2026-03-07,-0.2059159999999917
2026-03-07 16:52:36.655000+00:00,16,Saturday,2026-03-07,-0.25547426407996243
2026-03-07 16:52:39.303000+00:00,16,Saturday,2026-03-07,-0.9536769285599009
2026-03-07 16:52:39.303000+00:00,16,Saturday,2026-03-07,-0.5038154241103043
2026-03-07 16:52:50.504000+00:00,16,Saturday,2026-03-07,-0.5737275939559627
2026-03-07 16:55:23.184000+00:00,16,Saturday,2026-03-07,-0.20597999999999983
2026-03-07 16:52:57.963000+00:00,16,Saturday,2026-03-07,-0.39705600000000935
2026-03-07 16:55:22.643000+00:00,16,Saturday,2026-03-07,-0.4094934363519238
2026-03-07 16:53:21.961000+00:00,16,Saturday,2026-03-07,-0.6017675624959232
2026-03-07 16:53:21.961000+00:00,16,Saturday,2026-03-07,-0.2851979999999759
2026-03-07 16:53:50.406000+00:00,16,Saturday,2026-03-07,-0.87216554919355
2026-03-07 16:55:54.749000+00:00,16,Saturday,2026-03-07,-0.17443565203676092
2026-03-07 16:55:51.585000+00:00,16,Saturday,2026-03-07,-0.14019719416956028
2026-03-07 16:54:07.441000+00:00,16,Saturday,2026-03-07,-0.6354898870240148
2026-03-07 16:54:22.790000+00:00,16,Saturday,2026-03-07,-0.17439878413679893
2026-03-07 16:54:22.790000+00:00,16,Saturday,2026-03-07,-0.3704082591839674
2026-03-07 16:54:22.790000+00:00,16,Saturday,2026-03-07,-0.5394181124327959
2026-03-07 16:54:36.723000+00:00,16,Saturday,2026-03-07,-0.7050003212160195
2026-03-07 16:57:23.537000+00:00,16,Saturday,2026-03-07,-0.2760591904000071
2026-03-07 16:54:54.842000+00:00,16,Saturday,2026-03-07,-0.6440282376079521
2026-03-07 16:50:20.577000+00:00,16,Saturday,2026-03-07,-0.3469032362879786
2026-03-07 16:55:25.325000+00:00,16,Saturday,2026-03-07,-0.1531822291327891
2026-03-07 16:55:38.094000+00:00,16,Saturday,2026-03-07,-0.3918670266399732
2026-03-07 16:55:40.732000+00:00,16,Saturday,2026-03-07,-0.38234241689600057
2026-03-07 16:55:40.732000+00:00,16,Saturday,2026-03-07,-0.43684404297641066
2026-03-07 16:55:52.636000+00:00,16,Saturday,2026-03-07,-0.47150529950718334
2026-03-07 16:55:58.939000+00:00,16,Saturday,2026-03-07,-0.3442031873279676
2026-03-07 16:57:56.891000+00:00,16,Saturday,2026-03-07,-0.7639531082399722
2026-03-07 16:56:26.290000+00:00,16,Saturday,2026-03-07,-0.5752416422400237
2026-03-07 16:59:24.308000+00:00,16,Saturday,2026-03-07,-0.30981119846400496
2026-03-07 16:59:27.498000+00:00,16,Saturday,2026-03-07,-0.4666278561119748
2026-03-07 16:57:11.610000+00:00,16,Saturday,2026-03-07,-0.5528061646799582
2026-03-07 16:57:17.737000+00:00,16,Saturday,2026-03-07,-0.14402318874397932
2026-03-07 16:59:57.767000+00:00,16,Saturday,2026-03-07,-0.1898986705520173
2026-03-07 16:57:24.589000+00:00,16,Saturday,2026-03-07,-0.4312151674879768
2026-03-07 16:57:24.589000+00:00,16,Saturday,2026-03-07,-0.8276177966243458
2026-03-07 16:57:52.169000+00:00,16,Saturday,2026-03-07,-0.12637554971517953
2026-03-07 16:46:53.511000+00:00,16,Saturday,2026-03-07,-0.10859440865513395
2026-03-07 16:57:50.063000+00:00,16,Saturday,2026-03-07,-0.6461026900296096
2026-03-07 16:58:04.278000+00:00,16,Saturday,2026-03-07,-0.22862710852000878
2026-03-07 16:56:48.137000+00:00,16,Saturday,2026-03-07,-0.34222803168000815
2026-03-07 16:58:39.754000+00:00,16,Saturday,2026-03-07,-0.296884020159996
2026-03-07 16:58:54.615000+00:00,16,Saturday,2026-03-07,-0.42007193669599757
2026-03-07 16:48:19.674000+00:00,16,Saturday,2026-03-07,-1.0550835142559976
2026-03-07 16:59:00.430000+00:00,16,Saturday,2026-03-07,-0.41227801290396476
2026-03-07 17:00:26.562000+00:00,17,Saturday,2026-03-07,-1.0832540685410057
2026-03-07 17:00:47.582000+00:00,17,Saturday,2026-03-07,-1.010278476475944
2026-03-07 16:58:42.413000+00:00,16,Saturday,2026-03-07,-0.5812404661439665
2026-03-07 17:01:12.421000+00:00,17,Saturday,2026-03-07,-0.28105002111997834
2026-03-07 16:58:42.413000+00:00,16,Saturday,2026-03-07,-1.3216839924429276
2026-03-07 17:00:25.478000+00:00,17,Saturday,2026-03-07,-0.9512177447039649
2026-03-07 17:00:26.562000+00:00,17,Saturday,2026-03-07,-0.3579744376319839
2026-03-07 16:58:49.245000+00:00,16,Saturday,2026-03-07,-0.3323411917223627
2026-03-07 16:58:49.245000+00:00,16,Saturday,2026-03-07,-0.6921469039800181
2026-03-07 16:57:55.323000+00:00,16,Saturday,2026-03-07,1.8627998565624415
2026-03-07 17:00:30.913000+00:00,17,Saturday,2026-03-07,-0.15130738896556786
2026-03-07 16:56:52.289000+00:00,16,Saturday,2026-03-07,-1.1731230023039343
2026-03-07 17:00:13.344000+00:00,17,Saturday,2026-03-07,-0.18088994758801266
2026-03-07 17:02:26.384000+00:00,17,Saturday,2026-03-07,-0.2817368000000021
2026-03-07 17:02:27.613000+00:00,17,Saturday,2026-03-07,-0.20121919999998178
2026-03-07 17:02:32.023000+00:00,17,Saturday,2026-03-07,-0.0878021991319875
2026-03-07 17:03:02.493000+00:00,17,Saturday,2026-03-07,-0.27525780000000555
2026-03-07 17:01:05.931000+00:00,17,Saturday,2026-03-07,-0.17904779659198886
2026-03-07 17:01:14.021000+00:00,17,Saturday,2026-03-07,-0.2504351628799927
2026-03-07 17:01:33.647000+00:00,17,Saturday,2026-03-07,-0.23625928351196102
2026-03-07 17:01:25.381000+00:00,17,Saturday,2026-03-07,-0.6182999285119778
2026-03-07 17:01:25.929000+00:00,17,Saturday,2026-03-07,-0.6537763153039771
2026-03-07 17:01:28.151000+00:00,17,Saturday,2026-03-07,-0.29893820580799224
2026-03-07 17:01:29.241000+00:00,17,Saturday,2026-03-07,-0.4305279647615747
2026-03-07 17:01:44.074000+00:00,17,Saturday,2026-03-07,-0.9584263170942957
2026-03-07 17:01:01.972000+00:00,17,Saturday,2026-03-07,0.7808859741999961
2026-03-07 17:01:58.763000+00:00,17,Saturday,2026-03-07,-0.23108498036799793
2026-03-07 17:03:01.921000+00:00,17,Saturday,2026-03-07,-0.30227086511997064
2026-03-07 17:01:14.021000+00:00,17,Saturday,2026-03-07,-0.12070747218885114
2026-03-07 17:02:03.897000+00:00,17,Saturday,2026-03-07,-0.3323411917223627
2026-03-07 17:02:03.897000+00:00,17,Saturday,2026-03-07,-0.9600557827559733
2026-03-07 17:02:27.613000+00:00,17,Saturday,2026-03-07,-0.11517198115582668
2026-03-07 17:04:28.373000+00:00,17,Saturday,2026-03-07,-0.42587330328001083
2026-03-07 17:04:28.912000+00:00,17,Saturday,2026-03-07,-0.13816896644795323
2026-03-07 17:02:18.662000+00:00,17,Saturday,2026-03-07,-0.02403679365353173
2026-03-07 17:02:03.897000+00:00,17,Saturday,2026-03-07,0.06993097029603201
2026-03-07 17:04:39.807000+00:00,17,Saturday,2026-03-07,-0.2591557555744105
2026-03-07 17:04:28.373000+00:00,17,Saturday,2026-03-07,-0.25339598483199544
2026-03-07 17:04:30.471000+00:00,17,Saturday,2026-03-07,-0.23292058996797005
2026-03-07 17:04:48.692000+00:00,17,Saturday,2026-03-07,-1.4659275217439596
2026-03-07 17:05:03.408000+00:00,17,Saturday,2026-03-07,-0.27509747999997824
2026-03-07 17:04:45.553000+00:00,17,Saturday,2026-03-07,-0.2310052432089767
2026-03-07 17:04:39.807000+00:00,17,Saturday,2026-03-07,-0.18725342399998376
2026-03-07 17:04:20.773000+00:00,17,Saturday,2026-03-07,-0.5251412261759967
2026-03-07 17:04:32.543000+00:00,17,Saturday,2026-03-07,-0.41787702684641037
2026-03-07 17:07:06.340000+00:00,17,Saturday,2026-03-07,-2.296868146070324
2026-03-07 17:03:13.444000+00:00,17,Saturday,2026-03-07,-0.24023235279995697
2026-03-07 17:05:01.111000+00:00,17,Saturday,2026-03-07,-0.5018971855359688
2026-03-07 17:05:02.836000+00:00,17,Saturday,2026-03-07,-0.35430047183993346
2026-03-07 17:06:31.085000+00:00,17,Saturday,2026-03-07,-0.3788989003359673
2026-03-07 17:05:20.276000+00:00,17,Saturday,2026-03-07,-0.4807812202223519
2026-03-07 17:07:22.850000+00:00,17,Saturday,2026-03-07,-0.5246679127679904
2026-03-07 17:08:04.300000+00:00,17,Saturday,2026-03-07,-0.3503384684799836
2026-03-07 17:06:28.953000+00:00,17,Saturday,2026-03-07,-0.3749464140160077
2026-03-07 17:06:28.953000+00:00,17,Saturday,2026-03-07,-0.3157236034559735
2026-03-07 17:06:40.510000+00:00,17,Saturday,2026-03-07,-0.2593445355695787
2026-03-07 17:06:49.394000+00:00,17,Saturday,2026-03-07,-0.19199298046399058
2026-03-07 17:09:08.963000+00:00,17,Saturday,2026-03-07,-0.23485833946398507
2026-03-07 17:07:33.966000+00:00,17,Saturday,2026-03-07,-0.08208920630720307
2026-03-07 17:07:06.340000+00:00,17,Saturday,2026-03-07,-0.6589294242399784
2026-03-07 17:07:06.340000+00:00,17,Saturday,2026-03-07,-0.4313519976672272
2026-03-07 17:07:06.340000+00:00,17,Saturday,2026-03-07,-0.9255540278942086
2026-03-07 17:07:06.340000+00:00,17,Saturday,2026-03-07,-0.34914004344000005
2026-03-07 17:07:06.963000+00:00,17,Saturday,2026-03-07,-0.5745935121127741
2026-03-07 17:08:00.349000+00:00,17,Saturday,2026-03-07,-0.21806073695998157
2026-03-07 17:09:58.919000+00:00,17,Saturday,2026-03-07,-3.0274057428383943
2026-03-07 17:09:08.963000+00:00,17,Saturday,2026-03-07,-0.5917729107040071
2026-03-07 17:09:24.073000+00:00,17,Saturday,2026-03-07,-0.23172748379998698
2026-03-07 17:08:03.169000+00:00,17,Saturday,2026-03-07,-0.6564516225919621
2026-03-07 17:08:39.861000+00:00,17,Saturday,2026-03-07,-0.41391717347200735
2026-03-07 17:10:07.885000+00:00,17,Saturday,2026-03-07,-0.2829674411557539
2026-03-07 17:08:22.411000+00:00,17,Saturday,2026-03-07,-0.48068162282550203
2026-03-07 17:11:06.045000+00:00,17,Saturday,2026-03-07,-0.2644683168959582
2026-03-07 17:11:09.723000+00:00,17,Saturday,2026-03-07,-0.1867130145711986
2026-03-07 17:11:24.402000+00:00,17,Saturday,2026-03-07,-0.3604893645120063
2026-03-07 17:11:53.520000+00:00,17,Saturday,2026-03-07,-0.19984004636641553
2026-03-07 17:09:29.846000+00:00,17,Saturday,2026-03-07,-0.5434085659199539
2026-03-07 17:09:41.853000+00:00,17,Saturday,2026-03-07,-0.7009107852607365
2026-03-07 17:10:05.275000+00:00,17,Saturday,2026-03-07,-0.8958261759999611
2026-03-07 17:11:59.773000+00:00,17,Saturday,2026-03-07,-0.48255043798063746
2026-03-07 17:10:08.927000+00:00,17,Saturday,2026-03-07,-0.4313523870391795
2026-03-07 17:11:37.064000+00:00,17,Saturday,2026-03-07,-1.0045845712063748
2026-03-07 17:10:29.187000+00:00,17,Saturday,2026-03-07,-0.3218754110879908
2026-03-07 17:10:29.187000+00:00,17,Saturday,2026-03-07,-0.28287503999994706
2026-03-07 17:11:06.045000+00:00,17,Saturday,2026-03-07,-0.33294283018801146
2026-03-07 17:13:11.558000+00:00,17,Saturday,2026-03-07,-0.0741653050743803
2026-03-07 17:11:44.736000+00:00,17,Saturday,2026-03-07,-0.2991599999999638
2026-03-07 17:12:43.549000+00:00,17,Saturday,2026-03-07,-0.29541779184797573
2026-03-07 17:13:11.030000+00:00,17,Saturday,2026-03-07,-0.21608029554958455
2026-03-07 17:13:11.558000+00:00,17,Saturday,2026-03-07,-0.5104352538559809
2026-03-07 17:12:08.761000+00:00,17,Saturday,2026-03-07,-0.4363528372595699
2026-03-07 17:12:16.661000+00:00,17,Saturday,2026-03-07,-0.17833499351999665
2026-03-07 17:12:30.751000+00:00,17,Saturday,2026-03-07,-0.4991166514079779
2026-03-07 17:09:50.632000+00:00,17,Saturday,2026-03-07,-0.14337213587196096
2026-03-07 17:15:32.169000+00:00,17,Saturday,2026-03-07,-0.30777973326405395
2026-03-07 17:13:11.030000+00:00,17,Saturday,2026-03-07,-1.0509746083199993
2026-03-07 17:13:25.217000+00:00,17,Saturday,2026-03-07,-0.23927639155198552
2026-03-07 17:13:54.179000+00:00,17,Saturday,2026-03-07,-0.6476805714015985
2026-03-07 17:14:00.406000+00:00,17,Saturday,2026-03-07,-0.9816001147567854
2026-03-07 17:16:46.024000+00:00,17,Saturday,2026-03-07,-0.46329222067197096
2026-03-07 17:16:12.918000+00:00,17,Saturday,2026-03-07,-0.5822999913599415
2026-03-07 17:15:45.148000+00:00,17,Saturday,2026-03-07,-1.394427748896023
2026-03-07 17:14:46.294000+00:00,17,Saturday,2026-03-07,-0.29960319999996377
2026-03-07 17:15:03.923000+00:00,17,Saturday,2026-03-07,-0.3306590249688105
2026-03-07 17:15:10.782000+00:00,17,Saturday,2026-03-07,-0.3240411412969048
2026-03-07 17:15:12.369000+00:00,17,Saturday,2026-03-07,-0.32369700897596715
2026-03-07 17:15:18.603000+00:00,17,Saturday,2026-03-07,-0.23233500647999072
2026-03-07 17:17:02.105000+00:00,17,Saturday,2026-03-07,-0.09479359009120958
2026-03-07 17:16:46.024000+00:00,17,Saturday,2026-03-07,-0.18850006841681924
2026-03-07 17:18:46.655000+00:00,17,Saturday,2026-03-07,-0.6457564597903833
2026-03-07 17:16:14.486000+00:00,17,Saturday,2026-03-07,-0.2835986399999786
2026-03-07 17:16:26.539000+00:00,17,Saturday,2026-03-07,-0.3053424073919839
2026-03-07 17:16:56.169000+00:00,17,Saturday,2026-03-07,-0.6476805714015985
2026-03-07 17:15:11.842000+00:00,17,Saturday,2026-03-07,-0.8848646923703677
2026-03-07 17:18:05.583000+00:00,17,Saturday,2026-03-07,-0.990251634183946
2026-03-07 17:18:12.398000+00:00,17,Saturday,2026-03-07,-1.30666734667468
2026-03-07 17:18:20.261000+00:00,17,Saturday,2026-03-07,-0.7274263276799735
2026-03-07 17:17:33.020000+00:00,17,Saturday,2026-03-07,-0.7497883087439381
2026-03-07 17:17:46.201000+00:00,17,Saturday,2026-03-07,-0.5058456524160053
2026-03-07 17:17:47.255000+00:00,17,Saturday,2026-03-07,-0.43493843244795044
2026-03-07 17:18:13.463000+00:00,17,Saturday,2026-03-07,-1.008223553584008
2026-03-07 17:18:21.311000+00:00,17,Saturday,2026-03-07,-0.04536196469119111
2026-03-07 17:20:17.506000+00:00,17,Saturday,2026-03-07,-0.934931995603178
2026-03-07 17:18:13.463000+00:00,17,Saturday,2026-03-07,-1.0511581953599993
2026-03-07 17:20:48.394000+00:00,17,Saturday,2026-03-07,-0.2419641501759519
2026-03-07 17:19:02.718000+00:00,17,Saturday,2026-03-07,1.7393159728113912
2026-03-07 17:22:07.094000+00:00,17,Saturday,2026-03-07,-0.19942150462080763
2026-03-07 17:19:27.917000+00:00,17,Saturday,2026-03-07,-0.8297771322399914
2026-03-07 17:19:28.435000+00:00,17,Saturday,2026-03-07,-0.36486782164800335
2026-03-07 17:20:05.239000+00:00,17,Saturday,2026-03-07,-0.38787583999999925
2026-03-07 17:20:17.506000+00:00,17,Saturday,2026-03-07,-0.20371847999999365
2026-03-07 17:20:18.026000+00:00,17,Saturday,2026-03-07,-0.44474118440313437
2026-03-07 17:20:36.076000+00:00,17,Saturday,2026-03-07,-0.797535968216008
2026-03-07 17:23:22.221000+00:00,17,Saturday,2026-03-07,-0.2985306373919569
2026-03-07 17:23:22.221000+00:00,17,Saturday,2026-03-07,-0.21836987272343086
2026-03-07 17:23:06.312000+00:00,17,Saturday,2026-03-07,-1.574324325580759
2026-03-07 17:23:22.221000+00:00,17,Saturday,2026-03-07,-0.14298935237273902
2026-03-07 17:21:20.870000+00:00,17,Saturday,2026-03-07,-0.2659929776543839
2026-03-07 17:21:51.507000+00:00,17,Saturday,2026-03-07,-1.039170192480053
2026-03-07 17:22:23.586000+00:00,17,Saturday,2026-03-07,-0.3063747918703872
2026-03-07 17:24:07.808000+00:00,17,Saturday,2026-03-07,-0.03810177771115322
2026-03-07 17:22:30.323000+00:00,17,Saturday,2026-03-07,-0.43923579632795706
2026-03-07 17:24:28.757000+00:00,17,Saturday,2026-03-07,-0.05692053773278524
2026-03-07 17:25:23.052000+00:00,17,Saturday,2026-03-07,-0.15517367738285112
2026-03-07 17:25:23.052000+00:00,17,Saturday,2026-03-07,-0.2644271902480022
2026-03-07 17:25:32.441000+00:00,17,Saturday,2026-03-07,-0.28961910980800887
2026-03-07 17:23:22.221000+00:00,17,Saturday,2026-03-07,-0.3017616773696074
2026-03-07 17:23:51.778000+00:00,17,Saturday,2026-03-07,-0.705172490419159
2026-03-07 17:22:08.134000+00:00,17,Saturday,2026-03-07,-0.6134748781439858
2026-03-07 17:24:53.034000+00:00,17,Saturday,2026-03-07,-1.0631665967999218
2026-03-07 17:26:29.657000+00:00,17,Saturday,2026-03-07,-0.7457145430055865
2026-03-07 17:25:25.129000+00:00,17,Saturday,2026-03-07,-0.3892069999999531
2026-03-07 17:25:25.652000+00:00,17,Saturday,2026-03-07,-0.6101924386623668
2026-03-07 17:26:08.791000+00:00,17,Saturday,2026-03-07,-0.9391932209743639
2026-03-07 17:26:23.935000+00:00,17,Saturday,2026-03-07,-0.31273263999998563
2026-03-07 17:29:29.925000+00:00,17,Saturday,2026-03-07,-0.852536380427128
2026-03-07 17:26:57.373000+00:00,17,Saturday,2026-03-07,-0.2050882623167517
2026-03-07 17:27:24.053000+00:00,17,Saturday,2026-03-07,-0.4156229872883359
2026-03-07 17:27:24.053000+00:00,17,Saturday,2026-03-07,-0.44374583489596775
2026-03-07 17:27:37.897000+00:00,17,Saturday,2026-03-07,-0.3474075587839804
2026-03-07 17:27:55.719000+00:00,17,Saturday,2026-03-07,-1.039170192480053
2026-03-07 17:28:40.934000+00:00,17,Saturday,2026-03-07,0.3116436836783884
2026-03-07 17:28:51.062000+00:00,17,Saturday,2026-03-07,-0.35236687119997007
2026-03-07 17:29:03.802000+00:00,17,Saturday,2026-03-07,-0.5312494513143247
2026-03-07 17:29:10.472000+00:00,17,Saturday,2026-03-07,-1.2880020374143637
2026-03-07 17:31:42.122000+00:00,17,Saturday,2026-03-07,-0.03287042608317825
2026-03-07 17:31:50.467000+00:00,17,Saturday,2026-03-07,-0.06874005506476524
2026-03-07 17:30:39.453000+00:00,17,Saturday,2026-03-07,-0.18170619265599164
2026-03-07 17:32:07.826000+00:00,17,Saturday,2026-03-07,-0.36743054132394837
2026-03-07 17:32:58.356000+00:00,17,Saturday,2026-03-07,-0.1530203063759793
2026-03-07 17:30:24.925000+00:00,17,Saturday,2026-03-07,-0.2963548544135642
2026-03-07 17:30:25.993000+00:00,17,Saturday,2026-03-07,-0.3496620837189415
2026-03-07 17:30:25.993000+00:00,17,Saturday,2026-03-07,-0.2026023962559806
2026-03-07 17:30:57.128000+00:00,17,Saturday,2026-03-07,-0.6183839999999876
2026-03-07 17:31:35.273000+00:00,17,Saturday,2026-03-07,-0.3775783199999537
2026-03-07 17:32:07.826000+00:00,17,Saturday,2026-03-07,-0.3124776199999624
2026-03-07 17:35:05.242000+00:00,17,Saturday,2026-03-07,-0.0920678735791958
2026-03-07 17:32:13.045000+00:00,17,Saturday,2026-03-07,-0.9314173583231897
2026-03-07 17:32:36.530000+00:00,17,Saturday,2026-03-07,-0.4158372315360089
2026-03-07 17:32:44.850000+00:00,17,Saturday,2026-03-07,-0.4085416044959753
2026-03-07 17:35:20.927000+00:00,17,Saturday,2026-03-07,-0.08585188146078324
2026-03-07 17:33:27.936000+00:00,17,Saturday,2026-03-07,-0.43022183542422326
2026-03-07 17:33:59.045000+00:00,17,Saturday,2026-03-07,-0.6183839999999876
2026-03-07 17:35:37.296000+00:00,17,Saturday,2026-03-07,-0.21463553193597595
2026-03-07 17:34:46.127000+00:00,17,Saturday,2026-03-07,-0.6428073781583074
2026-03-07 17:34:59.010000+00:00,17,Saturday,2026-03-07,-0.5345270976079933
2026-03-07 17:35:20.927000+00:00,17,Saturday,2026-03-07,-0.38339027999995384
2026-03-07 17:35:47.563000+00:00,17,Saturday,2026-03-07,-0.3405545138879711
2026-03-07 17:37:21.798000+00:00,17,Saturday,2026-03-07,-0.03788455086077869
2026-03-07 17:38:04.317000+00:00,17,Saturday,2026-03-07,-0.10302042239997611
2026-03-07 17:36:40.303000+00:00,17,Saturday,2026-03-07,-0.4183479056686131
2026-03-07 17:37:00.709000+00:00,17,Saturday,2026-03-07,-0.6004019956799584
2026-03-07 17:37:10.001000+00:00,17,Saturday,2026-03-07,-0.4068630707631916
2026-03-07 17:37:39.198000+00:00,17,Saturday,2026-03-07,-0.6227972784319817
2026-03-07 17:38:22.695000+00:00,17,Saturday,2026-03-07,-0.6531183372167075
2026-03-07 17:40:17.825000+00:00,17,Saturday,2026-03-07,-3.1129457300087595
2026-03-07 17:38:49.660000+00:00,17,Saturday,2026-03-07,-0.3813606412320113
2026-03-07 17:39:22.768000+00:00,17,Saturday,2026-03-07,-0.6435386427904135
2026-03-07 17:39:48.172000+00:00,17,Saturday,2026-03-07,-0.237221614792444
2026-03-07 17:40:02.578000+00:00,17,Saturday,2026-03-07,-1.075215795359905
2026-03-07 17:40:52.865000+00:00,17,Saturday,2026-03-07,-0.2292777338879769
2026-03-07 17:40:52.865000+00:00,17,Saturday,2026-03-07,-0.854812564479988
2026-03-07 17:41:24.311000+00:00,17,Saturday,2026-03-07,-0.6531183372167075
2026-03-07 17:41:47.972000+00:00,17,Saturday,2026-03-07,-0.2681444000000035
2026-03-07 17:43:54.282000+00:00,17,Saturday,2026-03-07,-0.11324877926400137
2026-03-07 17:42:02.632000+00:00,17,Saturday,2026-03-07,-0.3643262959279485
2026-03-07 17:42:23.932000+00:00,17,Saturday,2026-03-07,-0.5852829507839777
2026-03-07 17:42:45.337000+00:00,17,Saturday,2026-03-07,-3.0818427876936076
2026-03-07 17:42:49.945000+00:00,17,Saturday,2026-03-07,-0.21831330114323294
2026-03-07 17:43:50.181000+00:00,17,Saturday,2026-03-07,-0.6124019985600021
2026-03-07 17:47:12.694000+00:00,17,Saturday,2026-03-07,-0.10630115439999152
2026-03-07 17:44:26.031000+00:00,17,Saturday,2026-03-07,-0.6544271915999073
2026-03-07 17:44:50.076000+00:00,17,Saturday,2026-03-07,-0.46163219589766
2026-03-07 17:45:04.166000+00:00,17,Saturday,2026-03-07,-0.35412187388796124
2026-03-07 17:45:51.565000+00:00,17,Saturday,2026-03-07,-0.3695344407223858
2026-03-07 17:45:55.661000+00:00,17,Saturday,2026-03-07,-0.14575678703998704
2026-03-07 17:45:25.822000+00:00,17,Saturday,2026-03-07,-1.7443096386687629
2026-03-07 17:46:52.591000+00:00,17,Saturday,2026-03-07,-1.0512193910399268
2026-03-07 17:47:27.072000+00:00,17,Saturday,2026-03-07,-0.34175642227995157
2026-03-07 17:49:28.067000+00:00,17,Saturday,2026-03-07,-0.06972106543357405
2026-03-07 17:48:05.311000+00:00,17,Saturday,2026-03-07,-0.3929583358079799
2026-03-07 17:49:13.699000+00:00,17,Saturday,2026-03-07,-0.20262482116800884
2026-03-07 17:48:52.566000+00:00,17,Saturday,2026-03-07,-0.3317432822633933
2026-03-07 17:48:57.201000+00:00,17,Saturday,2026-03-07,-0.22678380647999644
2026-03-07 17:51:06.162000+00:00,17,Saturday,2026-03-07,-0.31009387723203513
2026-03-07 17:49:54.079000+00:00,17,Saturday,2026-03-07,-0.6184079999999633
2026-03-07 17:51:02.076000+00:00,17,Saturday,2026-03-07,-0.2010189999999758
2026-03-07 17:51:14.502000+00:00,17,Saturday,2026-03-07,-0.3238697055439674
2026-03-07 17:51:57.769000+00:00,17,Saturday,2026-03-07,-0.3432729618017636
2026-03-07 17:51:59.332000+00:00,17,Saturday,2026-03-07,-0.576925046207962
2026-03-07 17:53:00.678000+00:00,17,Saturday,2026-03-07,-0.6184079999999633
2026-03-07 17:53:06.937000+00:00,17,Saturday,2026-03-07,-0.29887660580800446
2026-03-07 17:54:03.930000+00:00,17,Saturday,2026-03-07,-0.20153223999997572
2026-03-07 17:54:15.748000+00:00,17,Saturday,2026-03-07,-0.7643923104479861
2026-03-07 17:56:08.433000+00:00,17,Saturday,2026-03-07,-0.16900397465599573
2026-03-07 17:57:06.218000+00:00,17,Saturday,2026-03-07,-0.18753019786690994
2026-03-07 17:57:06.218000+00:00,17,Saturday,2026-03-07,-0.15428720786153327
2026-03-07 17:51:29.026000+00:00,17,Saturday,2026-03-07,-2.118014463039965
2026-03-07 17:57:06.218000+00:00,17,Saturday,2026-03-07,-0.36107378168401155
2026-03-07 17:55:00.736000+00:00,17,Saturday,2026-03-07,-0.4003844275199712
2026-03-07 17:58:09.024000+00:00,17,Saturday,2026-03-07,-0.23462119049597213
2026-03-07 17:57:58.394000+00:00,17,Saturday,2026-03-07,-0.1580617171560104
2026-03-07 17:56:01.717000+00:00,17,Saturday,2026-03-07,-1.2670034428798393
2026-03-07 17:59:07.159000+00:00,17,Saturday,2026-03-07,-0.19325473630012585
2026-03-07 17:58:52.837000+00:00,17,Saturday,2026-03-07,-1.3026002774400063
2026-03-07 18:00:12.052000+00:00,18,Saturday,2026-03-07,-0.36501244964794205
2026-03-07 17:58:16.618000+00:00,17,Saturday,2026-03-07,-0.946793047703978
2026-03-07 17:57:33.505000+00:00,17,Saturday,2026-03-07,-1.7461044963431558
2026-03-07 17:59:07.159000+00:00,17,Saturday,2026-03-07,-0.7558893979560071
2026-03-07 18:01:07.710000+00:00,18,Saturday,2026-03-07,-0.18148709945215658
2026-03-07 18:02:12.988000+00:00,18,Saturday,2026-03-07,-0.46542349110400505
2026-03-07 17:59:30.235000+00:00,17,Saturday,2026-03-07,-0.3433255990375653
2026-03-07 18:00:30.078000+00:00,18,Saturday,2026-03-07,-0.5339114814079686
2026-03-07 18:00:34.708000+00:00,18,Saturday,2026-03-07,-1.5675524491872042
2026-03-07 18:02:31.713000+00:00,18,Saturday,2026-03-07,0.7210880061664052
2026-03-07 18:02:50.428000+00:00,18,Saturday,2026-03-07,0.42951998163203625
2026-03-07 18:02:50.428000+00:00,18,Saturday,2026-03-07,-0.12260976944154267
2026-03-07 18:02:50.428000+00:00,18,Saturday,2026-03-07,-0.15340537122216913
2026-03-07 18:02:50.428000+00:00,18,Saturday,2026-03-07,-0.37429763394807514
2026-03-07 18:00:53.832000+00:00,18,Saturday,2026-03-07,-1.3142211062399527
2026-03-07 18:02:08.741000+00:00,18,Saturday,2026-03-07,-0.9495940425047693
2026-03-07 18:04:51.254000+00:00,18,Saturday,2026-03-07,-0.07912544755997952
2026-03-07 18:04:25.691000+00:00,18,Saturday,2026-03-07,-0.5737590681599656
2026-03-07 18:04:51.254000+00:00,18,Saturday,2026-03-07,-0.42509809849595326
2026-03-07 18:04:53.311000+00:00,18,Saturday,2026-03-07,-0.5444254909439363
2026-03-07 18:03:52.670000+00:00,18,Saturday,2026-03-07,-1.0153136651839911
2026-03-07 18:04:51.254000+00:00,18,Saturday,2026-03-07,-0.36338854139998955
2026-03-07 18:03:19.548000+00:00,18,Saturday,2026-03-07,-0.4557640105599938
2026-03-07 18:03:20.065000+00:00,18,Saturday,2026-03-07,-0.25883645571590924
2026-03-07 18:06:51.831000+00:00,18,Saturday,2026-03-07,-0.11727865132801085
2026-03-07 18:06:59.557000+00:00,18,Saturday,2026-03-07,-0.9919207037303466
2026-03-07 18:04:25.173000+00:00,18,Saturday,2026-03-07,-0.6818998244967809
2026-03-07 18:06:59.557000+00:00,18,Saturday,2026-03-07,-0.22844598367999736
2026-03-07 18:06:51.831000+00:00,18,Saturday,2026-03-07,-0.2845439927039969
2026-03-07 18:06:26.596000+00:00,18,Saturday,2026-03-07,-0.5351465666559188
2026-03-07 18:06:59.557000+00:00,18,Saturday,2026-03-07,-0.22546084787194476
2026-03-07 18:06:21.921000+00:00,18,Saturday,2026-03-07,-0.13969440515014497
2026-03-07 18:06:59.557000+00:00,18,Saturday,2026-03-07,-0.19688291999998359
2026-03-07 18:07:20.053000+00:00,18,Saturday,2026-03-07,-0.3095499999999554
2026-03-07 18:07:26.340000+00:00,18,Saturday,2026-03-07,-0.2688938999999658
2026-03-07 18:06:08.614000+00:00,18,Saturday,2026-03-07,-0.61437699523201
2026-03-07 18:06:20.869000+00:00,18,Saturday,2026-03-07,-0.7877866147199473
2026-03-07 18:08:41.418000+00:00,18,Saturday,2026-03-07,0.22603716824801376
2026-03-07 18:06:59.557000+00:00,18,Saturday,2026-03-07,-0.20084998128000492
2026-03-07 18:06:59.557000+00:00,18,Saturday,2026-03-07,-0.12512068048799435
2026-03-07 18:08:22.953000+00:00,18,Saturday,2026-03-07,-0.9215075974910725
2026-03-07 18:08:52.542000+00:00,18,Saturday,2026-03-07,-0.7757098527999913
2026-03-07 18:08:27.154000+00:00,18,Saturday,2026-03-07,-0.6444801562319913
2026-03-07 18:07:20.053000+00:00,18,Saturday,2026-03-07,-0.6239189553119161
2026-03-07 18:09:00.495000+00:00,18,Saturday,2026-03-07,-0.4325480326400289
2026-03-07 18:06:53.918000+00:00,18,Saturday,2026-03-07,-1.2364882289279069
2026-03-07 18:09:00.495000+00:00,18,Saturday,2026-03-07,-0.3302900119420602
2026-03-07 18:07:42.529000+00:00,18,Saturday,2026-03-07,-0.35203092748799275
2026-03-07 18:07:42.529000+00:00,18,Saturday,2026-03-07,-0.8784830250560418
2026-03-07 18:08:52.542000+00:00,18,Saturday,2026-03-07,-0.13264586205597395
2026-03-07 18:09:26.931000+00:00,18,Saturday,2026-03-07,-0.24015119323198394
2026-03-07 18:09:20.625000+00:00,18,Saturday,2026-03-07,-0.5147550491999625
2026-03-07 18:10:34.280000+00:00,18,Saturday,2026-03-07,-0.6751099094399994
2026-03-07 18:11:01.532000+00:00,18,Saturday,2026-03-07,-0.4872079857599128
2026-03-07 18:09:00.495000+00:00,18,Saturday,2026-03-07,-0.8875079831471957
2026-03-07 18:09:00.495000+00:00,18,Saturday,2026-03-07,-0.7394897133120022
2026-03-07 18:11:01.532000+00:00,18,Saturday,2026-03-07,-0.12312531728198645
2026-03-07 18:11:21.540000+00:00,18,Saturday,2026-03-07,-0.14579596063999445
2026-03-07 18:10:53.135000+00:00,18,Saturday,2026-03-07,-0.38701875462400054
2026-03-07 18:10:53.135000+00:00,18,Saturday,2026-03-07,-0.07219162199995344
2026-03-07 18:10:27.963000+00:00,18,Saturday,2026-03-07,-0.5324877029999971
2026-03-07 18:12:00.198000+00:00,18,Saturday,2026-03-07,-0.32486158178717534
2026-03-07 18:12:01.258000+00:00,18,Saturday,2026-03-07,-0.6659906366254698
2026-03-07 18:10:01.435000+00:00,18,Saturday,2026-03-07,-0.3308240124799869
2026-03-07 18:10:23.762000+00:00,18,Saturday,2026-03-07,-0.43256972352771306
2026-03-07 18:12:01.258000+00:00,18,Saturday,2026-03-07,-0.21701818478395235
2026-03-07 18:10:44.216000+00:00,18,Saturday,2026-03-07,-0.20706239999999637
2026-03-07 18:10:53.691000+00:00,18,Saturday,2026-03-07,-0.18840768771999594
2026-03-07 18:14:00.879000+00:00,18,Saturday,2026-03-07,-0.18682550611195087
2026-03-07 18:13:02.433000+00:00,18,Saturday,2026-03-07,-0.843987030640017
2026-03-07 18:11:24.286000+00:00,18,Saturday,2026-03-07,-0.2579389905487921
2026-03-07 18:11:24.286000+00:00,18,Saturday,2026-03-07,-0.39227975999996245
2026-03-07 18:13:03.490000+00:00,18,Saturday,2026-03-07,-0.6413865350400068
2026-03-07 18:13:02.968000+00:00,18,Saturday,2026-03-07,-0.2007979812799836
2026-03-07 18:11:46.192000+00:00,18,Saturday,2026-03-07,-0.4562127744720124
2026-03-07 18:12:36.185000+00:00,18,Saturday,2026-03-07,-0.3804998928719864
2026-03-07 18:15:03.182000+00:00,18,Saturday,2026-03-07,-0.24549698775998471
2026-03-07 18:13:22.090000+00:00,18,Saturday,2026-03-07,-0.44474776567998103
2026-03-07 18:12:54.089000+00:00,18,Saturday,2026-03-07,-0.6976476233599747
2026-03-07 18:13:45.899000+00:00,18,Saturday,2026-03-07,-0.16232718823999026
2026-03-07 18:13:25.207000+00:00,18,Saturday,2026-03-07,-0.4932123195731975
2026-03-07 18:15:37.629000+00:00,18,Saturday,2026-03-07,-0.8495596958640428
2026-03-07 18:13:55.660000+00:00,18,Saturday,2026-03-07,-0.45940231324797753
2026-03-07 18:14:01.990000+00:00,18,Saturday,2026-03-07,-0.9063518003239298
2026-03-07 18:14:01.990000+00:00,18,Saturday,2026-03-07,-0.7304904634400051
2026-03-07 18:15:04.319000+00:00,18,Saturday,2026-03-07,-1.0017547820159063
2026-03-07 18:16:01.915000+00:00,18,Saturday,2026-03-07,-0.1712097029159775
2026-03-07 18:15:45.992000+00:00,18,Saturday,2026-03-07,-0.7729364345599832
2026-03-07 18:14:26.271000+00:00,18,Saturday,2026-03-07,-0.2893159999999774
2026-03-07 18:14:26.271000+00:00,18,Saturday,2026-03-07,-0.45331723830398235
2026-03-07 18:14:26.271000+00:00,18,Saturday,2026-03-07,-0.4400342500607659
2026-03-07 18:14:47.708000+00:00,18,Saturday,2026-03-07,-0.3882327583392008
2026-03-07 18:18:10.951000+00:00,18,Saturday,2026-03-07,-0.15578534415750944
2026-03-07 18:15:26.611000+00:00,18,Saturday,2026-03-07,-0.8943607748927731
2026-03-07 18:18:10.951000+00:00,18,Saturday,2026-03-07,-0.41150864937594595
2026-03-07 18:17:05.174000+00:00,18,Saturday,2026-03-07,-0.2455309877599625
2026-03-07 18:17:09.189000+00:00,18,Saturday,2026-03-07,-0.41632797503997865
2026-03-07 18:15:03.729000+00:00,18,Saturday,2026-03-07,-0.2658262089600242
2026-03-07 18:15:58.264000+00:00,18,Saturday,2026-03-07,-0.2850255927039834
2026-03-07 18:18:11.529000+00:00,18,Saturday,2026-03-07,-0.46002828062395823
2026-03-07 18:16:26.543000+00:00,18,Saturday,2026-03-07,-0.3377480638367415
2026-03-07 18:18:11.529000+00:00,18,Saturday,2026-03-07,-0.31790814028798564
2026-03-07 18:18:11.529000+00:00,18,Saturday,2026-03-07,-0.5269691951999931
2026-03-07 18:18:36.191000+00:00,18,Saturday,2026-03-07,-0.9139351745175508
2026-03-07 18:18:10.951000+00:00,18,Saturday,2026-03-07,-0.36988620239997666
2026-03-07 18:16:28.143000+00:00,18,Saturday,2026-03-07,-0.35946487219996787
2026-03-07 18:17:05.174000+00:00,18,Saturday,2026-03-07,-0.5555080628527851
2026-03-07 18:16:57.728000+00:00,18,Saturday,2026-03-07,0.064769065040005
2026-03-07 18:17:05.174000+00:00,18,Saturday,2026-03-07,-0.4781458290879378
2026-03-07 18:18:52.704000+00:00,18,Saturday,2026-03-07,-0.26214299352000864
2026-03-07 18:19:00.088000+00:00,18,Saturday,2026-03-07,-0.32150080153600513
2026-03-07 18:19:06.008000+00:00,18,Saturday,2026-03-07,-0.33007200815997423
2026-03-07 18:19:08.648000+00:00,18,Saturday,2026-03-07,-0.29298233102319937
2026-03-07 18:19:10.294000+00:00,18,Saturday,2026-03-07,-0.39943199999995066
2026-03-07 18:19:35.195000+00:00,18,Saturday,2026-03-07,-0.4172691160551456
2026-03-07 18:19:36.774000+00:00,18,Saturday,2026-03-07,-0.6847551562463519
2026-03-07 18:18:10.951000+00:00,18,Saturday,2026-03-07,0.22864353747022248
2026-03-07 18:18:10.951000+00:00,18,Saturday,2026-03-07,-0.8087196201840334
2026-03-07 18:20:16.373000+00:00,18,Saturday,2026-03-07,-0.2623244261783786
2026-03-07 18:21:03.281000+00:00,18,Saturday,2026-03-07,-0.5460923726719615
2026-03-07 18:19:29.370000+00:00,18,Saturday,2026-03-07,-0.36680088999996724
2026-03-07 18:20:16.373000+00:00,18,Saturday,2026-03-07,-0.4028256680593577
2026-03-07 18:18:36.191000+00:00,18,Saturday,2026-03-07,0.5846191814720243
2026-03-07 18:19:36.774000+00:00,18,Saturday,2026-03-07,-0.2925175399999805
2026-03-07 18:19:37.313000+00:00,18,Saturday,2026-03-07,-0.5862952099199654
2026-03-07 18:20:16.373000+00:00,18,Saturday,2026-03-07,-0.9368216542399996
2026-03-07 18:21:46.440000+00:00,18,Saturday,2026-03-07,-1.2319037633279817
2026-03-07 18:20:16.373000+00:00,18,Saturday,2026-03-07,-0.8320677934799273
2026-03-07 18:20:16.373000+00:00,18,Saturday,2026-03-07,-1.0343874491279497
2026-03-07 18:22:04.637000+00:00,18,Saturday,2026-03-07,-0.6092051365279703
2026-03-07 18:22:04.637000+00:00,18,Saturday,2026-03-07,-0.21531840422398374
2026-03-07 18:20:15.609000+00:00,18,Saturday,2026-03-07,-0.061527539039961415
2026-03-07 18:20:16.373000+00:00,18,Saturday,2026-03-07,-0.44405283628800407
2026-03-07 18:21:35.957000+00:00,18,Saturday,2026-03-07,-0.5555382491847685
2026-03-07 18:21:38.570000+00:00,18,Saturday,2026-03-07,-1.045116463611977
2026-03-07 18:21:42.223000+00:00,18,Saturday,2026-03-07,-0.48226599866917924
2026-03-07 18:20:26.080000+00:00,18,Saturday,2026-03-07,-0.7044017109080162
2026-03-07 18:20:53.435000+00:00,18,Saturday,2026-03-07,-0.5594940647999596
2026-03-07 18:22:32.783000+00:00,18,Saturday,2026-03-07,-0.45739628396002124
2026-03-07 18:22:37.538000+00:00,18,Saturday,2026-03-07,-0.8219533887488071
2026-03-07 18:22:41.766000+00:00,18,Saturday,2026-03-07,-0.6923371474079771
2026-03-07 18:23:17.725000+00:00,18,Saturday,2026-03-07,-0.5071423957599352
2026-03-07 18:21:24.732000+00:00,18,Saturday,2026-03-07,-0.8269201171199518
2026-03-07 18:21:34.890000+00:00,18,Saturday,2026-03-07,-0.5003100489599961
2026-03-07 18:23:36.595000+00:00,18,Saturday,2026-03-07,-0.6668936615239471
2026-03-07 18:21:55.890000+00:00,18,Saturday,2026-03-07,-0.40125833999996674
2026-03-07 18:22:04.637000+00:00,18,Saturday,2026-03-07,-1.0854096544799847
2026-03-07 18:22:04.637000+00:00,18,Saturday,2026-03-07,-0.32126351582398244
2026-03-07 18:22:17.024000+00:00,18,Saturday,2026-03-07,-0.7436919428208326
2026-03-07 18:24:38.417000+00:00,18,Saturday,2026-03-07,-0.5092471443199696
2026-03-07 18:24:33.619000+00:00,18,Saturday,2026-03-07,-0.15257618588798103
2026-03-07 18:22:35.953000+00:00,18,Saturday,2026-03-07,-0.2848019254499755
2026-03-07 18:22:40.715000+00:00,18,Saturday,2026-03-07,-0.6096088542399744
2026-03-07 18:23:43.142000+00:00,18,Saturday,2026-03-07,-0.280788030753524
2026-03-07 18:23:12.832000+00:00,18,Saturday,2026-03-07,-0.34326341817597594
2026-03-07 18:23:34.410000+00:00,18,Saturday,2026-03-07,-0.39876723263999536
2026-03-07 18:24:05.234000+00:00,18,Saturday,2026-03-07,-0.2239013851680042
2026-03-07 18:24:05.234000+00:00,18,Saturday,2026-03-07,-0.23505323670399492
2026-03-07 18:23:04.881000+00:00,18,Saturday,2026-03-07,-0.2741327900159926
2026-03-07 18:23:12.832000+00:00,18,Saturday,2026-03-07,-0.6783266526959573
2026-03-07 18:23:16.632000+00:00,18,Saturday,2026-03-07,-0.3605974921439442
2026-03-07 18:25:18.981000+00:00,18,Saturday,2026-03-07,-0.4859693290143933
2026-03-07 18:25:18.437000+00:00,18,Saturday,2026-03-07,-0.4190169719999728
2026-03-07 18:23:47.420000+00:00,18,Saturday,2026-03-07,-0.4787577477119796
2026-03-07 18:25:45.686000+00:00,18,Saturday,2026-03-07,-0.38272691777279233
2026-03-07 18:24:26.119000+00:00,18,Saturday,2026-03-07,-0.3995873970399537
2026-03-07 18:25:51.139000+00:00,18,Saturday,2026-03-07,-0.3765542820479605
2026-03-07 18:24:36.822000+00:00,18,Saturday,2026-03-07,-0.4700175694399159
2026-03-07 18:24:42.691000+00:00,18,Saturday,2026-03-07,-0.4069079999999967
2026-03-07 18:26:48.575000+00:00,18,Saturday,2026-03-07,-0.49656884866398165
2026-03-07 18:24:58.003000+00:00,18,Saturday,2026-03-07,-0.48318823818715295
2026-03-07 18:25:46.221000+00:00,18,Saturday,2026-03-07,-0.17966976385917816
2026-03-07 18:26:06.181000+00:00,18,Saturday,2026-03-07,-0.3618979670879232
2026-03-07 18:27:19.752000+00:00,18,Saturday,2026-03-07,-0.10798952282397739
2026-03-07 18:25:12.985000+00:00,18,Saturday,2026-03-07,-0.743584408879973
2026-03-07 18:25:12.985000+00:00,18,Saturday,2026-03-07,-0.6859967878847903
2026-03-07 18:25:12.985000+00:00,18,Saturday,2026-03-07,-0.3207519497159825
2026-03-07 18:26:49.116000+00:00,18,Saturday,2026-03-07,-0.3593216139391604
2026-03-07 18:25:45.146000+00:00,18,Saturday,2026-03-07,-0.22820598031999018
2026-03-07 18:25:45.146000+00:00,18,Saturday,2026-03-07,-0.17248188470302023
2026-03-07 18:25:51.139000+00:00,18,Saturday,2026-03-07,-0.3003840000000033
2026-03-07 18:27:59.973000+00:00,18,Saturday,2026-03-07,-0.3430975544947203
2026-03-07 18:26:06.181000+00:00,18,Saturday,2026-03-07,-0.32737360673597193
2026-03-07 18:27:52.150000+00:00,18,Saturday,2026-03-07,-0.5271895823639514
2026-03-07 18:27:51.623000+00:00,18,Saturday,2026-03-07,-0.26234399183995466
2026-03-07 18:27:59.446000+00:00,18,Saturday,2026-03-07,-0.4027427743079258
2026-03-07 18:28:49.414000+00:00,18,Saturday,2026-03-07,-0.23675586479998784
2026-03-07 18:28:09.790000+00:00,18,Saturday,2026-03-07,-0.2680220428031115
2026-03-07 18:26:48.575000+00:00,18,Saturday,2026-03-07,-0.3605974921439442
2026-03-07 18:30:00.138000+00:00,18,Saturday,2026-03-07,-0.27697380000000027
2026-03-07 18:27:19.227000+00:00,18,Saturday,2026-03-07,-0.3391426104639965
2026-03-07 18:30:00.708000+00:00,18,Saturday,2026-03-07,-0.356042366748385
2026-03-07 18:27:51.623000+00:00,18,Saturday,2026-03-07,-0.2344912065279896
2026-03-07 18:28:51.953000+00:00,18,Saturday,2026-03-07,-0.53792980494869
2026-03-07 18:28:14.520000+00:00,18,Saturday,2026-03-07,-0.8391008084159486
2026-03-07 18:26:06.717000+00:00,18,Saturday,2026-03-07,-0.25079598444796997
2026-03-07 18:29:52.818000+00:00,18,Saturday,2026-03-07,-0.48433709185835006
2026-03-07 18:30:20.713000+00:00,18,Saturday,2026-03-07,-0.21920988168796823
2026-03-07 18:26:14.707000+00:00,18,Saturday,2026-03-07,-0.3742232912880409
2026-03-07 18:29:52.286000+00:00,18,Saturday,2026-03-07,-0.10932695512002041
2026-03-07 18:28:51.953000+00:00,18,Saturday,2026-03-07,-0.615650555839959
2026-03-07 18:29:01.713000+00:00,18,Saturday,2026-03-07,-0.5262630838400171
2026-03-07 18:29:20.390000+00:00,18,Saturday,2026-03-07,-0.43135653144478914
2026-03-07 18:29:21.948000+00:00,18,Saturday,2026-03-07,-0.3026399999999638
2026-03-07 18:29:50.175000+00:00,18,Saturday,2026-03-07,-0.27187919999996424
2026-03-07 18:30:50.153000+00:00,18,Saturday,2026-03-07,-0.23653484920004259
2026-03-07 18:31:15.720000+00:00,18,Saturday,2026-03-07,-0.10778592350154342
2026-03-07 18:32:22.675000+00:00,18,Saturday,2026-03-07,-0.19639692000000125
2026-03-07 18:31:53.669000+00:00,18,Saturday,2026-03-07,-0.3387962572631619
2026-03-07 18:26:49.116000+00:00,18,Saturday,2026-03-07,-0.36789641644793974
2026-03-07 18:31:22.542000+00:00,18,Saturday,2026-03-07,-0.3674530218879539
2026-03-07 18:32:21.623000+00:00,18,Saturday,2026-03-07,-0.34951993540800064
2026-03-07 18:30:53.846000+00:00,18,Saturday,2026-03-07,-0.29791925862398394
2026-03-07 18:31:52.061000+00:00,18,Saturday,2026-03-07,-0.526178929663975
2026-03-07 18:31:58.401000+00:00,18,Saturday,2026-03-07,-0.3335925164000009
2026-03-07 18:32:01.650000+00:00,18,Saturday,2026-03-07,-0.18850895578616964
2026-03-07 18:32:03.340000+00:00,18,Saturday,2026-03-07,-0.37010704640002096
2026-03-07 18:33:06.462000+00:00,18,Saturday,2026-03-07,-0.5044398850079403
2026-03-07 18:33:06.462000+00:00,18,Saturday,2026-03-07,-0.3391850927871801
2026-03-07 18:33:41.293000+00:00,18,Saturday,2026-03-07,-0.42696899788799403
2026-03-07 18:33:41.293000+00:00,18,Saturday,2026-03-07,-0.7370010840959715
2026-03-07 18:32:23.774000+00:00,18,Saturday,2026-03-07,-0.062399942399969766
2026-03-07 18:33:43.448000+00:00,18,Saturday,2026-03-07,-0.6873642964080098
2026-03-07 18:33:52.637000+00:00,18,Saturday,2026-03-07,-0.6972487940880103
2026-03-07 18:33:54.484000+00:00,18,Saturday,2026-03-07,-0.7976986949759849
2026-03-07 18:33:59.276000+00:00,18,Saturday,2026-03-07,-0.5331508315199719
2026-03-07 18:34:04.120000+00:00,18,Saturday,2026-03-07,-0.4920827328000206
2026-03-07 18:32:01.084000+00:00,18,Saturday,2026-03-07,-0.2769253000000105
2026-03-07 18:32:51.070000+00:00,18,Saturday,2026-03-07,-0.16627781919997814
2026-03-07 18:32:51.606000+00:00,18,Saturday,2026-03-07,-0.45626344420798703
2026-03-07 18:32:45.134000+00:00,18,Saturday,2026-03-07,0.24730064906403043
2026-03-07 18:35:07.403000+00:00,18,Saturday,2026-03-07,-0.5075354635040148
2026-03-07 18:35:07.403000+00:00,18,Saturday,2026-03-07,-0.33934380238942013
2026-03-07 18:35:35.086000+00:00,18,Saturday,2026-03-07,-0.27731799999999274
2026-03-07 18:35:41.925000+00:00,18,Saturday,2026-03-07,-0.31508159999997576
2026-03-07 18:35:41.925000+00:00,18,Saturday,2026-03-07,-0.3997200000000009
2026-03-07 18:35:55.646000+00:00,18,Saturday,2026-03-07,-0.41003820000001007
2026-03-07 18:35:55.646000+00:00,18,Saturday,2026-03-07,-0.8024361713759685
2026-03-07 18:35:04.758000+00:00,18,Saturday,2026-03-07,-0.7249125007360293
2026-03-07 18:35:03.702000+00:00,18,Saturday,2026-03-07,-0.34081588448320677
2026-03-07 18:34:23.247000+00:00,18,Saturday,2026-03-07,-0.5518027302144148
2026-03-07 18:34:24.304000+00:00,18,Saturday,2026-03-07,-0.6090512148800031
2026-03-07 18:34:34.324000+00:00,18,Saturday,2026-03-07,-0.46651577457594806
2026-03-07 18:37:17.901000+00:00,18,Saturday,2026-03-07,-0.33988822841680255
2026-03-07 18:34:02.507000+00:00,18,Saturday,2026-03-07,-0.7684919071532766
2026-03-07 18:37:08.365000+00:00,18,Saturday,2026-03-07,-0.28276660702973333
2026-03-07 18:37:42.524000+00:00,18,Saturday,2026-03-07,-0.5358941451519841
2026-03-07 18:37:42.524000+00:00,18,Saturday,2026-03-07,-0.6798004625280304
2026-03-07 18:37:55.491000+00:00,18,Saturday,2026-03-07,-0.5157810455039681
2026-03-07 18:37:56.597000+00:00,18,Saturday,2026-03-07,-0.695098698719937
2026-03-07 18:36:11.014000+00:00,18,Saturday,2026-03-07,-0.7854640963199399
2026-03-07 18:36:14.671000+00:00,18,Saturday,2026-03-07,-0.4920827328000206
2026-03-07 18:37:05.703000+00:00,18,Saturday,2026-03-07,-0.29779200316795995
2026-03-07 18:36:38.293000+00:00,18,Saturday,2026-03-07,-0.7949843005439614
2026-03-07 18:31:43.589000+00:00,18,Saturday,2026-03-07,-0.7866281627903596
2026-03-07 18:39:18.682000+00:00,18,Saturday,2026-03-07,-0.26033521428477624
2026-03-07 18:39:36.690000+00:00,18,Saturday,2026-03-07,-0.21853918415997983
2026-03-07 18:37:03.581000+00:00,18,Saturday,2026-03-07,-1.1007832780799522
2026-03-07 18:37:03.581000+00:00,18,Saturday,2026-03-07,-0.6727412989743522
2026-03-07 18:37:03.581000+00:00,18,Saturday,2026-03-07,-0.3970525424223712
2026-03-07 18:37:04.643000+00:00,18,Saturday,2026-03-07,-0.48497096255997113
2026-03-07 18:37:08.365000+00:00,18,Saturday,2026-03-07,-0.7459527304320134
2026-03-07 18:37:25.598000+00:00,18,Saturday,2026-03-07,-0.6091906247199687
2026-03-07 18:37:35.105000+00:00,18,Saturday,2026-03-07,-0.4982057461039895
2026-03-07 18:37:56.597000+00:00,18,Saturday,2026-03-07,-0.8757055823999501
2026-03-07 18:38:25.007000+00:00,18,Saturday,2026-03-07,-1.0585297232639141
2026-03-07 18:38:53.922000+00:00,18,Saturday,2026-03-07,-1.110279516910844
2026-03-07 18:39:09.156000+00:00,18,Saturday,2026-03-07,-0.35382745438640106
2026-03-07 18:39:12.855000+00:00,18,Saturday,2026-03-07,-0.3859560172799981
2026-03-07 18:39:16.006000+00:00,18,Saturday,2026-03-07,-0.7623527976000011
2026-03-07 18:41:39.263000+00:00,18,Saturday,2026-03-07,-0.30303263420561827
2026-03-07 18:39:40.416000+00:00,18,Saturday,2026-03-07,-1.0176534019440258
2026-03-07 18:39:43.077000+00:00,18,Saturday,2026-03-07,-0.4703781399679686
2026-03-07 18:39:43.077000+00:00,18,Saturday,2026-03-07,-0.5167881281279404
2026-03-07 18:39:47.886000+00:00,18,Saturday,2026-03-07,-0.6940983017159073
2026-03-07 18:39:56.391000+00:00,18,Saturday,2026-03-07,-0.35907601324799593
2026-03-07 18:39:57.547000+00:00,18,Saturday,2026-03-07,-0.44803681022394304
2026-03-07 18:40:05.712000+00:00,18,Saturday,2026-03-07,-0.6693304435199249
2026-03-07 18:40:05.712000+00:00,18,Saturday,2026-03-07,-0.2965899158935975
2026-03-07 18:41:19.580000+00:00,18,Saturday,2026-03-07,-0.2014703686464071
2026-03-07 18:40:06.789000+00:00,18,Saturday,2026-03-07,-0.49517810378397914
2026-03-07 18:40:10.001000+00:00,18,Saturday,2026-03-07,-0.26695199193602137
2026-03-07 18:40:27.643000+00:00,18,Saturday,2026-03-07,-0.7734940739199908
2026-03-07 18:40:28.780000+00:00,18,Saturday,2026-03-07,-0.4754978048880051
2026-03-07 18:42:41.565000+00:00,18,Saturday,2026-03-07,-0.3696821694719778
2026-03-07 18:40:58.880000+00:00,18,Saturday,2026-03-07,-0.4169880015839509
2026-03-07 18:40:05.712000+00:00,18,Saturday,2026-03-07,-0.14871028259838306
2026-03-07 18:41:21.256000+00:00,18,Saturday,2026-03-07,-0.7972973960831089
2026-03-07 18:41:27.253000+00:00,18,Saturday,2026-03-07,-0.29919917999999984
2026-03-07 18:41:37.600000+00:00,18,Saturday,2026-03-07,-0.4838629926239173
2026-03-07 18:44:22.744000+00:00,18,Saturday,2026-03-07,-1.2664598214151657
2026-03-07 18:42:12.363000+00:00,18,Saturday,2026-03-07,-0.4344485380415751
2026-03-07 18:42:14.479000+00:00,18,Saturday,2026-03-07,-0.8942453697599304
2026-03-07 18:42:17.623000+00:00,18,Saturday,2026-03-07,-0.7087578170399815
2026-03-07 18:42:44.741000+00:00,18,Saturday,2026-03-07,-0.40496802150398703
2026-03-07 18:42:44.741000+00:00,18,Saturday,2026-03-07,-0.589735245503948
2026-03-07 18:42:49.452000+00:00,18,Saturday,2026-03-07,-0.6991646811143826
2026-03-07 18:45:16.146000+00:00,18,Saturday,2026-03-07,-0.4263280963200079
2026-03-07 18:45:46.106000+00:00,18,Saturday,2026-03-07,-0.31143597868797657
2026-03-07 18:43:07.197000+00:00,18,Saturday,2026-03-07,-0.8959711071358785
2026-03-07 18:43:11.274000+00:00,18,Saturday,2026-03-07,-0.7717666965119236
2026-03-07 18:43:15.869000+00:00,18,Saturday,2026-03-07,-0.3045923999999671
2026-03-07 18:45:46.106000+00:00,18,Saturday,2026-03-07,-0.2594015865599946
2026-03-07 18:43:20.557000+00:00,18,Saturday,2026-03-07,-0.5427754314943947
2026-03-07 18:43:40.194000+00:00,18,Saturday,2026-03-07,-0.23335042931680597
2026-03-07 18:43:42.826000+00:00,18,Saturday,2026-03-07,-0.2935865199999895
2026-03-07 18:43:42.826000+00:00,18,Saturday,2026-03-07,-0.43349302951998003
2026-03-07 18:46:09.105000+00:00,18,Saturday,2026-03-07,-0.5281541236320175
2026-03-07 18:43:51.827000+00:00,18,Saturday,2026-03-07,-0.30922100263998265
2026-03-07 18:44:02.661000+00:00,18,Saturday,2026-03-07,-0.7573253519039134
2026-03-07 18:45:13.496000+00:00,18,Saturday,2026-03-07,-0.10041129057958915
2026-03-07 18:45:32.230000+00:00,18,Saturday,2026-03-07,-0.3848009652000136
2026-03-07 18:46:30.795000+00:00,18,Saturday,2026-03-07,-1.1821073903520285
2026-03-07 18:46:44.530000+00:00,18,Saturday,2026-03-07,-0.5278056542399681
2026-03-07 18:44:39.394000+00:00,18,Saturday,2026-03-07,-0.5025577413999679
2026-03-07 18:44:42.563000+00:00,18,Saturday,2026-03-07,-0.6180776510719957
2026-03-07 18:46:30.795000+00:00,18,Saturday,2026-03-07,-0.2208072233740887
2026-03-07 18:45:50.838000+00:00,18,Saturday,2026-03-07,-0.4025794800000057
2026-03-07 18:46:12.781000+00:00,18,Saturday,2026-03-07,-0.4437072501119076
2026-03-07 18:46:22.274000+00:00,18,Saturday,2026-03-07,-0.28062599672960997
2026-03-07 18:47:43.839000+00:00,18,Saturday,2026-03-07,-0.245730761695996
2026-03-07 18:46:44.530000+00:00,18,Saturday,2026-03-07,-0.499061853617579
2026-03-07 18:46:53.730000+00:00,18,Saturday,2026-03-07,-0.572946593119979
2026-03-07 18:47:08.632000+00:00,18,Saturday,2026-03-07,-0.7113147774479472
2026-03-07 18:47:14.075000+00:00,18,Saturday,2026-03-07,-0.24565426382375322
2026-03-07 18:47:16.879000+00:00,18,Saturday,2026-03-07,-0.6779681136000468
2026-03-07 18:48:09.898000+00:00,18,Saturday,2026-03-07,-0.5837428981775707
2026-03-07 18:50:16.243000+00:00,18,Saturday,2026-03-07,-0.3400523035977743
2026-03-07 18:47:40.741000+00:00,18,Saturday,2026-03-07,-0.47657593828002304
2026-03-07 18:47:43.839000+00:00,18,Saturday,2026-03-07,-0.43876317167998063
2026-03-07 18:47:47.097000+00:00,18,Saturday,2026-03-07,-0.5232717555200008
2026-03-07 18:47:47.097000+00:00,18,Saturday,2026-03-07,-0.8434248401280071
2026-03-07 18:50:28.339000+00:00,18,Saturday,2026-03-07,-0.43770529963760607
2026-03-07 18:50:18.370000+00:00,18,Saturday,2026-03-07,-0.3682623694399533
2026-03-07 18:48:45.362000+00:00,18,Saturday,2026-03-07,-0.1947482783999666
2026-03-07 18:50:49.120000+00:00,18,Saturday,2026-03-07,-0.422338289023942
2026-03-07 18:49:14.016000+00:00,18,Saturday,2026-03-07,-0.4714324529759245
2026-03-07 18:48:31.653000+00:00,18,Saturday,2026-03-07,-0.3187091916500406
2026-03-07 18:48:33.768000+00:00,18,Saturday,2026-03-07,-0.6281684044799581
2026-03-07 18:50:58.778000+00:00,18,Saturday,2026-03-07,-0.37028385888003257
2026-03-07 18:48:53.240000+00:00,18,Saturday,2026-03-07,0.416607929692854
2026-03-07 18:49:25.651000+00:00,18,Saturday,2026-03-07,-0.18147223705917326
2026-03-07 18:50:58.778000+00:00,18,Saturday,2026-03-07,-0.20224098128000767
2026-03-07 18:49:45.901000+00:00,18,Saturday,2026-03-07,-0.4442519782511608
2026-03-07 18:49:45.901000+00:00,18,Saturday,2026-03-07,-0.7953460860799308
2026-03-07 18:49:54.814000+00:00,18,Saturday,2026-03-07,-0.350053513079993
2026-03-07 18:50:10.408000+00:00,18,Saturday,2026-03-07,-0.37759919208003634
2026-03-07 18:52:16.934000+00:00,18,Saturday,2026-03-07,-0.11003198039566701
2026-03-07 18:51:14.633000+00:00,18,Saturday,2026-03-07,-0.9586992648960528
2026-03-07 18:51:19.962000+00:00,18,Saturday,2026-03-07,-0.3026399999999638
2026-03-07 18:51:21.544000+00:00,18,Saturday,2026-03-07,-0.280191396015984
2026-03-07 18:53:40.483000+00:00,18,Saturday,2026-03-07,-0.11734415508478563
2026-03-07 18:51:35.790000+00:00,18,Saturday,2026-03-07,-0.8493769507199633
2026-03-07 18:51:35.790000+00:00,18,Saturday,2026-03-07,-0.5278713816434393
2026-03-07 18:51:55.240000+00:00,18,Saturday,2026-03-07,-1.0197118555967557
2026-03-07 18:51:56.377000+00:00,18,Saturday,2026-03-07,-0.33286851685758345
2026-03-07 18:52:19.079000+00:00,18,Saturday,2026-03-07,-0.6403032184000441
2026-03-07 18:52:26.357000+00:00,18,Saturday,2026-03-07,-0.39337199999998274
2026-03-07 18:52:26.357000+00:00,18,Saturday,2026-03-07,-0.3452320336943888
2026-03-07 18:52:29.034000+00:00,18,Saturday,2026-03-07,-0.6517076446463734
2026-03-07 18:52:39.647000+00:00,18,Saturday,2026-03-07,-0.3196889850208014
2026-03-07 18:52:47.088000+00:00,18,Saturday,2026-03-07,-0.2478254613359518
2026-03-07 18:54:37.660000+00:00,18,Saturday,2026-03-07,-0.18524006416793962
2026-03-07 18:55:20.059000+00:00,18,Saturday,2026-03-07,-0.3682623694399533
2026-03-07 18:52:49.744000+00:00,18,Saturday,2026-03-07,-0.31533279999997677
2026-03-07 18:54:23.349000+00:00,18,Saturday,2026-03-07,-0.23308318387200702
2026-03-07 18:52:56.067000+00:00,18,Saturday,2026-03-07,-0.546323871271982
2026-03-07 18:52:59.787000+00:00,18,Saturday,2026-03-07,-0.47644332891994046
2026-03-07 18:52:59.787000+00:00,18,Saturday,2026-03-07,-0.49244995872000635
2026-03-07 18:55:27.440000+00:00,18,Saturday,2026-03-07,-0.2852639740799853
2026-03-07 18:53:12.701000+00:00,18,Saturday,2026-03-07,-0.4884257466239307
2026-03-07 18:55:51.194000+00:00,18,Saturday,2026-03-07,-0.15274596478718178
2026-03-07 18:54:17.550000+00:00,18,Saturday,2026-03-07,-0.2216214807146413
2026-03-07 18:56:01.826000+00:00,18,Saturday,2026-03-07,-0.47695166479998774
2026-03-07 18:54:16.472000+00:00,18,Saturday,2026-03-07,-0.48830206540798404
2026-03-07 18:54:37.660000+00:00,18,Saturday,2026-03-07,-0.18244380943655322
2026-03-07 18:54:57.213000+00:00,18,Saturday,2026-03-07,-0.0879494911232262
2026-03-07 18:55:30.094000+00:00,18,Saturday,2026-03-07,-0.5860192590703155
2026-03-07 18:55:51.194000+00:00,18,Saturday,2026-03-07,-0.3731197855999796
2026-03-07 18:54:21.770000+00:00,18,Saturday,2026-03-07,-0.3026399999999638
2026-03-07 18:56:34.882000+00:00,18,Saturday,2026-03-07,-0.2878867199999918
2026-03-07 18:56:34.882000+00:00,18,Saturday,2026-03-07,-0.5103461018879522
2026-03-07 18:56:40.222000+00:00,18,Saturday,2026-03-07,-0.3424673852620658
2026-03-07 18:54:58.268000+00:00,18,Saturday,2026-03-07,-0.14993929822798163
2026-03-07 18:57:25.221000+00:00,18,Saturday,2026-03-07,-0.2961739999999867
2026-03-07 18:55:51.728000+00:00,18,Saturday,2026-03-07,-0.6114223410559758
2026-03-07 18:57:57.527000+00:00,18,Saturday,2026-03-07,-0.5204633119935358
2026-03-07 18:56:01.826000+00:00,18,Saturday,2026-03-07,-0.28965600000000313
2026-03-07 18:56:14.102000+00:00,18,Saturday,2026-03-07,-0.5222144056319549
2026-03-07 18:57:24.678000+00:00,18,Saturday,2026-03-07,-0.42908635914552373
2026-03-07 18:59:06.616000+00:00,18,Saturday,2026-03-07,-0.4688554251519871
2026-03-07 18:56:51.926000+00:00,18,Saturday,2026-03-07,-0.07429337898402688
2026-03-07 18:57:31.092000+00:00,18,Saturday,2026-03-07,-0.4926553103847462
2026-03-07 18:55:57.573000+00:00,18,Saturday,2026-03-07,-0.3282911320319576
2026-03-07 18:57:07.832000+00:00,18,Saturday,2026-03-07,-0.45446444294397714
2026-03-07 18:57:09.433000+00:00,18,Saturday,2026-03-07,-0.2905732348519608
2026-03-07 18:57:24.678000+00:00,18,Saturday,2026-03-07,-0.3543642783999435
2026-03-07 18:57:28.418000+00:00,18,Saturday,2026-03-07,-0.45219632687999767
2026-03-07 18:58:46.680000+00:00,18,Saturday,2026-03-07,-0.3825807364079504
2026-03-07 18:59:16.858000+00:00,18,Saturday,2026-03-07,-0.40692365971203776
2026-03-07 18:59:26.241000+00:00,18,Saturday,2026-03-07,-0.5902843982399821
2026-03-07 18:58:02.831000+00:00,18,Saturday,2026-03-07,-0.579553071759987
2026-03-07 18:57:52.202000+00:00,18,Saturday,2026-03-07,-0.3095846225103741
2026-03-07 18:57:52.202000+00:00,18,Saturday,2026-03-07,-0.35524138708798614
2026-03-07 18:59:25.702000+00:00,18,Saturday,2026-03-07,-0.0902860678127389
2026-03-07 19:00:10.100000+00:00,19,Saturday,2026-03-07,-0.3757631942399518
2026-03-07 18:57:57.527000+00:00,18,Saturday,2026-03-07,-0.2202676471247887
2026-03-07 18:59:47.038000+00:00,18,Saturday,2026-03-07,-0.5277260922960023
2026-03-07 19:00:08.466000+00:00,19,Saturday,2026-03-07,-0.389850321599914
2026-03-07 18:58:45.089000+00:00,18,Saturday,2026-03-07,-0.22684760317964753
2026-03-07 19:00:30.812000+00:00,19,Saturday,2026-03-07,-0.4772389850799743
2026-03-07 19:00:48.087000+00:00,19,Saturday,2026-03-07,-0.6298525435679938
2026-03-07 18:59:47.038000+00:00,18,Saturday,2026-03-07,-0.08357336601597842
2026-03-07 18:57:59.644000+00:00,18,Saturday,2026-03-07,-0.0668175756047937
2026-03-07 19:00:54.067000+00:00,19,Saturday,2026-03-07,-0.7027126397440142
2026-03-07 19:00:59.743000+00:00,19,Saturday,2026-03-07,-0.3208791526944079
2026-03-07 18:59:19.966000+00:00,18,Saturday,2026-03-07,-0.49235815224000035
2026-03-07 19:00:17.727000+00:00,19,Saturday,2026-03-07,-0.4159155009599484
2026-03-07 19:01:07.436000+00:00,19,Saturday,2026-03-07,-0.37721601868799376
2026-03-07 19:01:08.042000+00:00,19,Saturday,2026-03-07,-0.3972099851173992
2026-03-07 19:01:19.224000+00:00,19,Saturday,2026-03-07,-0.5070165868799854
2026-03-07 19:01:52.976000+00:00,19,Saturday,2026-03-07,-0.7161772266959185
2026-03-07 19:00:10.100000+00:00,19,Saturday,2026-03-07,-0.28100195583996646
2026-03-07 19:01:27.084000+00:00,19,Saturday,2026-03-07,-0.4605891796799883
2026-03-07 19:00:54.067000+00:00,19,Saturday,2026-03-07,-0.6594166081719899
2026-03-07 19:02:09.419000+00:00,19,Saturday,2026-03-07,-0.4974442312319588
2026-03-07 19:02:11.130000+00:00,19,Saturday,2026-03-07,-0.679351630848018
2026-03-07 19:02:21.190000+00:00,19,Saturday,2026-03-07,-0.27614210039999276
2026-03-07 19:02:21.190000+00:00,19,Saturday,2026-03-07,-0.175631719259913
2026-03-07 18:59:58.273000+00:00,18,Saturday,2026-03-07,-0.2639098458336256
2026-03-07 19:02:03.729000+00:00,19,Saturday,2026-03-07,-0.05864426594399879
2026-03-07 19:02:55.088000+00:00,19,Saturday,2026-03-07,-0.7025276666879392
2026-03-07 19:03:00.823000+00:00,19,Saturday,2026-03-07,-0.3205161430719584
2026-03-07 19:03:08.405000+00:00,19,Saturday,2026-03-07,-0.5019150727039496
2026-03-07 19:02:31.915000+00:00,19,Saturday,2026-03-07,-0.008770872759951143
2026-03-07 19:02:21.740000+00:00,19,Saturday,2026-03-07,-0.3795122663999933
2026-03-07 19:03:08.993000+00:00,19,Saturday,2026-03-07,-0.3506604709566801
2026-03-07 19:02:55.088000+00:00,19,Saturday,2026-03-07,-0.659517105077565
2026-03-07 19:03:41.195000+00:00,19,Saturday,2026-03-07,-0.4757221380160025
2026-03-07 19:01:52.976000+00:00,19,Saturday,2026-03-07,-0.5607663600800289
2026-03-07 19:02:38.567000+00:00,19,Saturday,2026-03-07,-0.5271086050399585
2026-03-07 19:02:52.318000+00:00,19,Saturday,2026-03-07,-0.6557566728239748
2026-03-07 19:03:22.598000+00:00,19,Saturday,2026-03-07,-0.5166425103359478
2026-03-07 19:03:28.143000+00:00,19,Saturday,2026-03-07,-0.6048556228800397
2026-03-07 19:03:38.998000+00:00,19,Saturday,2026-03-07,-0.1894064251631281
2026-03-07 19:03:58.750000+00:00,19,Saturday,2026-03-07,-0.42421920460796314
2026-03-07 19:04:04.396000+00:00,19,Saturday,2026-03-07,-0.4926263236439795
2026-03-07 19:04:29.581000+00:00,19,Saturday,2026-03-07,-0.28590081279993046
2026-03-07 19:05:01.762000+00:00,19,Saturday,2026-03-07,-0.18978424273438277
2026-03-07 19:06:41.726000+00:00,19,Saturday,2026-03-07,-0.3887007753599979
2026-03-07 19:04:11.795000+00:00,19,Saturday,2026-03-07,-0.9358903629999467
2026-03-07 19:04:29.581000+00:00,19,Saturday,2026-03-07,-0.3279080067199811
2026-03-07 19:04:29.581000+00:00,19,Saturday,2026-03-07,-0.4212482399999693
2026-03-07 19:04:32.929000+00:00,19,Saturday,2026-03-07,-0.3192540093599632
2026-03-07 19:04:54.099000+00:00,19,Saturday,2026-03-07,-0.35222406112000715
2026-03-07 19:04:55.740000+00:00,19,Saturday,2026-03-07,-0.505040679999935
2026-03-07 19:04:55.740000+00:00,19,Saturday,2026-03-07,-0.5384478269279638
2026-03-07 19:05:09.051000+00:00,19,Saturday,2026-03-07,-0.44268578060795494
2026-03-07 19:05:09.605000+00:00,19,Saturday,2026-03-07,-0.7491740032492846
2026-03-07 19:05:40.308000+00:00,19,Saturday,2026-03-07,-0.6240489326399307
2026-03-07 19:05:41.962000+00:00,19,Saturday,2026-03-07,-0.38220161132001934
2026-03-07 19:05:53.695000+00:00,19,Saturday,2026-03-07,-0.8132011361919529
2026-03-07 19:07:55.191000+00:00,19,Saturday,2026-03-07,-0.27595725900001106
2026-03-07 19:07:10.487000+00:00,19,Saturday,2026-03-07,-1.3882924271199557
2026-03-07 19:07:10.487000+00:00,19,Saturday,2026-03-07,-0.595447444353595
2026-03-07 19:07:57.871000+00:00,19,Saturday,2026-03-07,-0.4097595545567976
2026-03-07 19:00:17.727000+00:00,19,Saturday,2026-03-07,-0.6961273189315595
2026-03-07 19:04:10.049000+00:00,19,Saturday,2026-03-07,-0.4936400456960226
2026-03-07 19:07:13.298000+00:00,19,Saturday,2026-03-07,-1.1417839607999856
2026-03-07 19:06:41.726000+00:00,19,Saturday,2026-03-07,-0.8597316237959673
2026-03-07 19:06:52.229000+00:00,19,Saturday,2026-03-07,-0.6272590243199372
2026-03-07 19:06:59.884000+00:00,19,Saturday,2026-03-07,-0.5534788522079769
2026-03-07 19:09:10.834000+00:00,19,Saturday,2026-03-07,-0.3995545917599967
2026-03-07 19:09:13.682000+00:00,19,Saturday,2026-03-07,-0.32933603512863985
2026-03-07 19:07:06.029000+00:00,19,Saturday,2026-03-07,-0.3791274714935768
2026-03-07 19:09:14.220000+00:00,19,Saturday,2026-03-07,-0.41553499999998234
2026-03-07 19:07:31.288000+00:00,19,Saturday,2026-03-07,-0.6220392191999404
2026-03-07 19:07:31.288000+00:00,19,Saturday,2026-03-07,-1.0726888032671726
2026-03-07 19:09:56.547000+00:00,19,Saturday,2026-03-07,-0.718539396847973
2026-03-07 19:07:47.426000+00:00,19,Saturday,2026-03-07,-0.6140905662720064
2026-03-07 19:09:43.372000+00:00,19,Saturday,2026-03-07,-3.287724431417562
2026-03-07 19:07:57.871000+00:00,19,Saturday,2026-03-07,-0.9545650909439575
2026-03-07 19:10:10.900000+00:00,19,Saturday,2026-03-07,-0.35453816245680525
2026-03-07 19:08:23.116000+00:00,19,Saturday,2026-03-07,-0.5358560624639566
2026-03-07 19:08:42.752000+00:00,19,Saturday,2026-03-07,-0.6410140401600299
2026-03-07 19:08:43.805000+00:00,19,Saturday,2026-03-07,-0.6281029412435266
2026-03-07 19:08:57.227000+00:00,19,Saturday,2026-03-07,-0.6927082398879795
2026-03-07 19:08:57.227000+00:00,19,Saturday,2026-03-07,-0.2272907260151558
2026-03-07 19:08:57.227000+00:00,19,Saturday,2026-03-07,-0.3720824923199779
2026-03-07 19:07:34.515000+00:00,19,Saturday,2026-03-07,-0.46345242735993913
2026-03-07 19:09:11.633000+00:00,19,Saturday,2026-03-07,-0.8569231815199193
2026-03-07 19:09:11.633000+00:00,19,Saturday,2026-03-07,-0.78175752601593
2026-03-07 19:11:44.338000+00:00,19,Saturday,2026-03-07,-0.6431215296096027
2026-03-07 19:09:57.099000+00:00,19,Saturday,2026-03-07,-0.5775383191679362
2026-03-07 19:09:58.699000+00:00,19,Saturday,2026-03-07,-0.7351339125312311
2026-03-07 19:10:01.388000+00:00,19,Saturday,2026-03-07,-0.45682561915117226
2026-03-07 19:12:11.834000+00:00,19,Saturday,2026-03-07,-0.2652806238767822
2026-03-07 19:10:33.073000+00:00,19,Saturday,2026-03-07,-0.6782856460799251
2026-03-07 19:10:33.073000+00:00,19,Saturday,2026-03-07,-0.7215907722239605
2026-03-07 19:10:48.275000+00:00,19,Saturday,2026-03-07,-0.6133973105231911
2026-03-07 19:11:01.967000+00:00,19,Saturday,2026-03-07,-0.7291229838719974
2026-03-07 19:11:15.327000+00:00,19,Saturday,2026-03-07,-0.581580851599997
2026-03-07 19:11:24.787000+00:00,19,Saturday,2026-03-07,-0.45729875807998255
2026-03-07 19:11:45.489000+00:00,19,Saturday,2026-03-07,-0.5056577016428825
2026-03-07 19:11:11.544000+00:00,19,Saturday,2026-03-07,-0.4566503681759688
2026-03-07 19:11:14.762000+00:00,19,Saturday,2026-03-07,-0.36538512514112365
2026-03-07 19:13:44.938000+00:00,19,Saturday,2026-03-07,-0.6472690403544092
2026-03-07 19:13:05.421000+00:00,19,Saturday,2026-03-07,-0.6534170120176287
2026-03-07 19:13:34.182000+00:00,19,Saturday,2026-03-07,-0.2725329712559179
2026-03-07 19:11:44.919000+00:00,19,Saturday,2026-03-07,-0.38900679696001805
2026-03-07 19:12:15.965000+00:00,19,Saturday,2026-03-07,-0.5348944825760059
2026-03-07 19:14:10.295000+00:00,19,Saturday,2026-03-07,-0.5564113353999608
2026-03-07 19:12:15.965000+00:00,19,Saturday,2026-03-07,-0.4007254903199474
2026-03-07 19:12:15.965000+00:00,19,Saturday,2026-03-07,-0.47820312798400605
2026-03-07 19:12:15.965000+00:00,19,Saturday,2026-03-07,-0.2893949492591501
2026-03-07 19:12:58.584000+00:00,19,Saturday,2026-03-07,-0.27963668912001116
2026-03-07 19:14:10.295000+00:00,19,Saturday,2026-03-07,-0.3899444958079966
2026-03-07 19:14:10.295000+00:00,19,Saturday,2026-03-07,-0.3790338543203864
2026-03-07 19:14:10.295000+00:00,19,Saturday,2026-03-07,-0.38553930492804284
2026-03-07 19:12:06.654000+00:00,19,Saturday,2026-03-07,-0.4765538367199708
2026-03-07 19:14:12.486000+00:00,19,Saturday,2026-03-07,-0.3521694192631951
2026-03-07 19:14:14.160000+00:00,19,Saturday,2026-03-07,-0.5156776782080541
2026-03-07 19:12:15.965000+00:00,19,Saturday,2026-03-07,-0.5399649124799202
2026-03-07 19:12:15.965000+00:00,19,Saturday,2026-03-07,-0.6539776798720269
2026-03-07 19:12:34.226000+00:00,19,Saturday,2026-03-07,-0.2958404158079775
2026-03-07 19:14:52.522000+00:00,19,Saturday,2026-03-07,-0.5071553166719298
2026-03-07 19:13:05.421000+00:00,19,Saturday,2026-03-07,-0.8654354261280365
2026-03-07 19:13:34.182000+00:00,19,Saturday,2026-03-07,-0.5103080191999417
2026-03-07 19:15:56.083000+00:00,19,Saturday,2026-03-07,-0.6474895119159148
2026-03-07 19:14:16.292000+00:00,19,Saturday,2026-03-07,-0.4555318993981248
2026-03-07 19:16:13.217000+00:00,19,Saturday,2026-03-07,-0.2363801322607783
2026-03-07 19:16:34.976000+00:00,19,Saturday,2026-03-07,-0.5157538435840353
2026-03-07 19:16:24.017000+00:00,19,Saturday,2026-03-07,-0.6364573521999612
2026-03-07 19:14:52.522000+00:00,19,Saturday,2026-03-07,-0.35272597103999437
2026-03-07 19:15:02.932000+00:00,19,Saturday,2026-03-07,-0.8948319815199999
2026-03-07 19:15:02.932000+00:00,19,Saturday,2026-03-07,-0.5611813292638832
2026-03-07 19:15:02.932000+00:00,19,Saturday,2026-03-07,-0.5097882777448057
2026-03-07 19:15:03.557000+00:00,19,Saturday,2026-03-07,-0.43153030735998427
2026-03-07 19:16:11.112000+00:00,19,Saturday,2026-03-07,-0.4189120325119948
2026-03-07 19:16:53.289000+00:00,19,Saturday,2026-03-07,-0.2647247919359761
2026-03-07 19:17:18.619000+00:00,19,Saturday,2026-03-07,-0.23473222545919098
2026-03-07 19:15:06.414000+00:00,19,Saturday,2026-03-07,-0.4430752689967883
2026-03-07 19:15:08.567000+00:00,19,Saturday,2026-03-07,-0.46922223923197126
2026-03-07 19:15:18.268000+00:00,19,Saturday,2026-03-07,-0.20391445199995717
2026-03-07 19:15:18.268000+00:00,19,Saturday,2026-03-07,-0.17621268312479876
2026-03-07 19:15:35.146000+00:00,19,Saturday,2026-03-07,4.475436690858413
2026-03-07 19:16:14.282000+00:00,19,Saturday,2026-03-07,-0.19896810536048937
2026-03-07 19:16:36.083000+00:00,19,Saturday,2026-03-07,-0.2300279519999221
2026-03-07 19:17:46.196000+00:00,19,Saturday,2026-03-07,-0.3816786800000024
2026-03-07 19:17:56.759000+00:00,19,Saturday,2026-03-07,-0.6472571735167932
2026-03-07 19:18:04.732000+00:00,19,Saturday,2026-03-07,-0.7041250994399525
2026-03-07 19:18:04.732000+00:00,19,Saturday,2026-03-07,-0.6520249220400194
2026-03-07 19:15:35.146000+00:00,19,Saturday,2026-03-07,-0.28738917076799675
2026-03-07 19:18:04.732000+00:00,19,Saturday,2026-03-07,-0.46702541082398696
2026-03-07 19:18:10.304000+00:00,19,Saturday,2026-03-07,-0.7304212295063858
2026-03-07 19:18:10.304000+00:00,19,Saturday,2026-03-07,-0.5872180790798844
2026-03-07 19:16:34.976000+00:00,19,Saturday,2026-03-07,-0.7943066090400491
2026-03-07 19:16:34.976000+00:00,19,Saturday,2026-03-07,-0.16194827135200768
2026-03-07 19:18:10.304000+00:00,19,Saturday,2026-03-07,-0.22898332339519242
2026-03-07 19:18:04.732000+00:00,19,Saturday,2026-03-07,-0.1576769335200039
2026-03-07 19:18:11.927000+00:00,19,Saturday,2026-03-07,-0.37525204006396234
2026-03-07 19:18:13.532000+00:00,19,Saturday,2026-03-07,-0.6419653119999823
2026-03-07 19:18:15.196000+00:00,19,Saturday,2026-03-07,-0.6223911162868074
2026-03-07 19:18:24.842000+00:00,19,Saturday,2026-03-07,-0.8219857447999497
2026-03-07 19:18:31.227000+00:00,19,Saturday,2026-03-07,-0.35842949911996
2026-03-07 19:18:36.062000+00:00,19,Saturday,2026-03-07,-0.6037969589280164
2026-03-07 19:18:37.148000+00:00,19,Saturday,2026-03-07,-0.6210871519999575
2026-03-07 19:18:54.199000+00:00,19,Saturday,2026-03-07,-0.6123177341999361
2026-03-07 19:19:06.609000+00:00,19,Saturday,2026-03-07,-0.959403719807931
2026-03-07 19:20:14.316000+00:00,19,Saturday,2026-03-07,-0.6387360010239379
2026-03-07 19:20:14.316000+00:00,19,Saturday,2026-03-07,-0.6506563254399329
2026-03-07 19:20:14.316000+00:00,19,Saturday,2026-03-07,-1.0481098858207634
2026-03-07 19:19:00.699000+00:00,19,Saturday,2026-03-07,-0.8759480280095825
2026-03-07 19:19:46.952000+00:00,19,Saturday,2026-03-07,-2.0888816008368227
2026-03-07 19:20:37.090000+00:00,19,Saturday,2026-03-07,-0.5244210553440184
2026-03-07 19:22:05.995000+00:00,19,Saturday,2026-03-07,-0.26133054107756953
2026-03-07 19:21:07.159000+00:00,19,Saturday,2026-03-07,-0.5050104751439941
2026-03-07 19:22:14.923000+00:00,19,Saturday,2026-03-07,-0.34331360691197754
2026-03-07 19:22:14.923000+00:00,19,Saturday,2026-03-07,-0.6309279406463868
2026-03-07 19:20:25.826000+00:00,19,Saturday,2026-03-07,-0.5925375425999965
2026-03-07 19:20:14.316000+00:00,19,Saturday,2026-03-07,-1.0072662903199405
2026-03-07 19:20:14.316000+00:00,19,Saturday,2026-03-07,-0.9960765839599814
2026-03-07 19:20:14.316000+00:00,19,Saturday,2026-03-07,-0.42033204427435
2026-03-07 19:20:14.316000+00:00,19,Saturday,2026-03-07,-0.642305335999987
2026-03-07 19:20:14.316000+00:00,19,Saturday,2026-03-07,-0.6494922532759693
2026-03-07 19:20:16.094000+00:00,19,Saturday,2026-03-07,-0.8062894251879742
2026-03-07 19:22:46.337000+00:00,19,Saturday,2026-03-07,-0.3608572704799898
2026-03-07 19:20:32.244000+00:00,19,Saturday,2026-03-07,-0.05064497481595098
2026-03-07 19:20:38.160000+00:00,19,Saturday,2026-03-07,-0.5092607452799525
2026-03-07 19:22:46.337000+00:00,19,Saturday,2026-03-07,-0.2961463313600019
2026-03-07 19:20:55.238000+00:00,19,Saturday,2026-03-07,-0.46772523839995583
2026-03-07 19:22:37.828000+00:00,19,Saturday,2026-03-07,-0.38740669703998026
2026-03-07 19:23:14.269000+00:00,19,Saturday,2026-03-07,-0.6979997951999874
2026-03-07 19:23:16.399000+00:00,19,Saturday,2026-03-07,-0.4910287944096051
2026-03-07 19:21:22.341000+00:00,19,Saturday,2026-03-07,-1.3756955326863218
2026-03-07 19:23:16.399000+00:00,19,Saturday,2026-03-07,-0.6419653119999823
2026-03-07 19:23:17.996000+00:00,19,Saturday,2026-03-07,-0.6873375807223141
2026-03-07 19:23:16.399000+00:00,19,Saturday,2026-03-07,-0.48691912851194513
2026-03-07 19:23:56.609000+00:00,19,Saturday,2026-03-07,-0.5338655699519913
2026-03-07 19:22:02.725000+00:00,19,Saturday,2026-03-07,-1.003073973686335
2026-03-07 19:22:46.337000+00:00,19,Saturday,2026-03-07,-0.2561979514420772
2026-03-07 19:23:14.801000+00:00,19,Saturday,2026-03-07,-0.27455172416000395
2026-03-07 19:23:16.399000+00:00,19,Saturday,2026-03-07,-0.5511978082399773
2026-03-07 19:23:39.785000+00:00,19,Saturday,2026-03-07,-0.3533731942399203
2026-03-07 19:22:14.923000+00:00,19,Saturday,2026-03-07,-0.5624186937599982
2026-03-07 19:24:15.522000+00:00,19,Saturday,2026-03-07,-0.6633820839095349
2026-03-07 19:24:16.554000+00:00,19,Saturday,2026-03-07,-0.6275801131999077
2026-03-07 19:24:46.943000+00:00,19,Saturday,2026-03-07,-0.3444600934719939
2026-03-07 19:24:50.117000+00:00,19,Saturday,2026-03-07,-0.5058027207199722
2026-03-07 19:19:57.656000+00:00,19,Saturday,2026-03-07,-0.2202428014367833
2026-03-07 19:23:16.399000+00:00,19,Saturday,2026-03-07,-0.5761868769279794
2026-03-07 19:25:15.888000+00:00,19,Saturday,2026-03-07,-0.4750307243999755
2026-03-07 19:25:09.023000+00:00,19,Saturday,2026-03-07,-0.3713546991358994
2026-03-07 19:25:03.093000+00:00,19,Saturday,2026-03-07,-0.15336760370915706
2026-03-07 19:25:15.888000+00:00,19,Saturday,2026-03-07,-0.386473337599953
2026-03-07 19:25:16.993000+00:00,19,Saturday,2026-03-07,-0.627403035600002
2026-03-07 19:25:16.993000+00:00,19,Saturday,2026-03-07,-0.6611229442080198
2026-03-07 19:24:50.117000+00:00,19,Saturday,2026-03-07,-0.5079003867711605
2026-03-07 19:25:16.446000+00:00,19,Saturday,2026-03-07,-0.2800419105599771
2026-03-07 19:25:16.993000+00:00,19,Saturday,2026-03-07,-0.2973712342846979
2026-03-07 19:25:16.993000+00:00,19,Saturday,2026-03-07,-0.34183525199990317
2026-03-07 19:25:18.631000+00:00,19,Saturday,2026-03-07,-0.6832038409494834
2026-03-07 19:25:40.698000+00:00,19,Saturday,2026-03-07,-0.5271528081599725
2026-03-07 19:25:57.273000+00:00,19,Saturday,2026-03-07,-0.4216883999999429
2026-03-07 19:26:17.877000+00:00,19,Saturday,2026-03-07,-0.7185548570903119
2026-03-07 19:26:17.877000+00:00,19,Saturday,2026-03-07,-0.5590666654398853
2026-03-07 19:26:47.517000+00:00,19,Saturday,2026-03-07,-0.8661256579663883
2026-03-07 19:26:48.063000+00:00,19,Saturday,2026-03-07,-0.3133674675999639
2026-03-07 19:26:50.798000+00:00,19,Saturday,2026-03-07,-0.48250599587994525
2026-03-07 19:24:46.943000+00:00,19,Saturday,2026-03-07,-0.1505758150400002
2026-03-07 19:26:17.877000+00:00,19,Saturday,2026-03-07,-0.19167221555199282
2026-03-07 19:26:56.851000+00:00,19,Saturday,2026-03-07,-0.6570751625023984
2026-03-07 19:27:04.090000+00:00,19,Saturday,2026-03-07,-0.19672920839998786
2026-03-07 19:25:40.160000+00:00,19,Saturday,2026-03-07,-0.998414752339131
2026-03-07 19:27:11.300000+00:00,19,Saturday,2026-03-07,-0.37906280000001447
2026-03-07 19:25:09.023000+00:00,19,Saturday,2026-03-07,-0.8472598696239149
2026-03-07 19:27:16.752000+00:00,19,Saturday,2026-03-07,-0.7472302834878954
2026-03-07 19:27:16.752000+00:00,19,Saturday,2026-03-07,-0.7256710602239759
2026-03-07 19:27:23.841000+00:00,19,Saturday,2026-03-07,-0.6493846356799744
2026-03-07 19:27:24.482000+00:00,19,Saturday,2026-03-07,-0.7021223580799558
2026-03-07 19:27:24.482000+00:00,19,Saturday,2026-03-07,-0.38295799999999375
2026-03-07 19:27:24.482000+00:00,19,Saturday,2026-03-07,-0.4013537020000056
2026-03-07 19:27:24.482000+00:00,19,Saturday,2026-03-07,-0.49300276973918644
2026-03-07 19:27:24.482000+00:00,19,Saturday,2026-03-07,-0.653937557039925
2026-03-07 19:26:08.089000+00:00,19,Saturday,2026-03-07,-0.631535661820755
2026-03-07 19:27:33.652000+00:00,19,Saturday,2026-03-07,-0.2656807999999823
2026-03-07 19:27:57.907000+00:00,19,Saturday,2026-03-07,-0.716527814863889
2026-03-07 19:28:18.932000+00:00,19,Saturday,2026-03-07,-0.7100765305414991
2026-03-07 19:28:18.932000+00:00,19,Saturday,2026-03-07,-0.6243859581599686
2026-03-07 19:28:48.781000+00:00,19,Saturday,2026-03-07,-0.3504311145680028
2026-03-07 19:28:51.492000+00:00,19,Saturday,2026-03-07,-0.5279654655199737
2026-03-07 19:28:57.487000+00:00,19,Saturday,2026-03-07,-0.21758795895998448
2026-03-07 19:22:46.337000+00:00,19,Saturday,2026-03-07,-0.6918485397359275
2026-03-07 19:29:09.946000+00:00,19,Saturday,2026-03-07,-0.6563213972992343
2026-03-07 19:27:11.300000+00:00,19,Saturday,2026-03-07,-0.3203540536311711
2026-03-07 19:27:41.743000+00:00,19,Saturday,2026-03-07,-0.35258433855995086
2026-03-07 19:29:05.107000+00:00,19,Saturday,2026-03-07,-0.2861606971391125
2026-03-07 19:29:24.668000+00:00,19,Saturday,2026-03-07,-0.6491602198399908
2026-03-07 19:28:10.331000+00:00,19,Saturday,2026-03-07,-0.9674109957343935
2026-03-07 19:29:25.234000+00:00,19,Saturday,2026-03-07,-0.38465279999997354
2026-03-07 19:29:25.234000+00:00,19,Saturday,2026-03-07,-0.40378901199998096
2026-03-07 19:29:25.234000+00:00,19,Saturday,2026-03-07,-0.38464199999996246
2026-03-07 19:29:47.983000+00:00,19,Saturday,2026-03-07,-0.2929439999999873
2026-03-07 19:28:18.932000+00:00,19,Saturday,2026-03-07,-1.2001652957711237
2026-03-07 19:29:58.702000+00:00,19,Saturday,2026-03-07,-0.7171289772959477
2026-03-07 19:30:13.097000+00:00,19,Saturday,2026-03-07,-0.5271528081599725
2026-03-07 19:29:17.584000+00:00,19,Saturday,2026-03-07,-0.04915296547201797
2026-03-07 19:30:56.837000+00:00,19,Saturday,2026-03-07,-0.43602985447996445
2026-03-07 19:28:48.781000+00:00,19,Saturday,2026-03-07,-0.6969588896255836
2026-03-07 19:30:58.460000+00:00,19,Saturday,2026-03-07,-0.661324578439932
2026-03-07 19:31:06.070000+00:00,19,Saturday,2026-03-07,-0.3276071518184304
2026-03-07 19:30:56.837000+00:00,19,Saturday,2026-03-07,-0.19109110166399185
2026-03-07 19:31:10.982000+00:00,19,Saturday,2026-03-07,-0.23028067560961984
2026-03-07 19:30:19.644000+00:00,19,Saturday,2026-03-07,-0.1435939184783152
2026-03-07 19:30:19.644000+00:00,19,Saturday,2026-03-07,-0.16978770943996027
2026-03-07 19:31:18.095000+00:00,19,Saturday,2026-03-07,-0.6566036512215432
2026-03-07 19:31:25.438000+00:00,19,Saturday,2026-03-07,-0.6490106092799497
2026-03-07 19:29:25.234000+00:00,19,Saturday,2026-03-07,-0.664148953520006
2026-03-07 19:31:26.034000+00:00,19,Saturday,2026-03-07,-0.7793994291599925
2026-03-07 19:31:26.034000+00:00,19,Saturday,2026-03-07,-0.7473076543427289
2026-03-07 19:29:34.458000+00:00,19,Saturday,2026-03-07,0.11574188458802342
2026-03-07 19:29:40.957000+00:00,19,Saturday,2026-03-07,-0.3640024726463547
2026-03-07 19:29:57.058000+00:00,19,Saturday,2026-03-07,-0.44950381665598027
2026-03-07 19:31:59.271000+00:00,19,Saturday,2026-03-07,-0.7171058556639752
2026-03-07 19:30:13.097000+00:00,19,Saturday,2026-03-07,-0.18843025999998556
2026-03-07 19:29:17.584000+00:00,19,Saturday,2026-03-07,-1.2365987664159268
2026-03-07 19:32:24.060000+00:00,19,Saturday,2026-03-07,-0.8915111587839984
2026-03-07 19:31:54.081000+00:00,19,Saturday,2026-03-07,-0.2668630357439858
2026-03-07 19:32:24.605000+00:00,19,Saturday,2026-03-07,-0.5374473062927191
2026-03-07 19:30:41.004000+00:00,19,Saturday,2026-03-07,-0.42857999999994356
2026-03-07 19:31:26.034000+00:00,19,Saturday,2026-03-07,-1.1644476794399425
2026-03-07 19:32:14.134000+00:00,19,Saturday,2026-03-07,-0.8753036777599923
2026-03-07 19:32:24.605000+00:00,19,Saturday,2026-03-07,-1.232129540487956
2026-03-07 19:32:26.768000+00:00,19,Saturday,2026-03-07,-1.0201722912000382
2026-03-07 19:32:24.060000+00:00,19,Saturday,2026-03-07,-0.9822728177063789
2026-03-07 19:32:38.738000+00:00,19,Saturday,2026-03-07,-0.45493554489517685
2026-03-07 19:32:57.861000+00:00,19,Saturday,2026-03-07,-0.365659089407958
2026-03-07 19:32:59.501000+00:00,19,Saturday,2026-03-07,-0.7590891454343669
2026-03-07 19:32:24.060000+00:00,19,Saturday,2026-03-07,-2.9312062829950856
2026-03-07 19:33:42.165000+00:00,19,Saturday,2026-03-07,-0.5110528751328112
2026-03-07 19:34:00.226000+00:00,19,Saturday,2026-03-07,-0.6189591673999464
2026-03-07 19:33:28.194000+00:00,19,Saturday,2026-03-07,-0.3682836335999762
2026-03-07 19:33:32.032000+00:00,19,Saturday,2026-03-07,-1.262588429805987
2026-03-07 19:32:07.723000+00:00,19,Saturday,2026-03-07,-0.27665639999999553
2026-03-07 19:32:24.060000+00:00,19,Saturday,2026-03-07,-0.49489922457600133
2026-03-07 19:33:27.645000+00:00,19,Saturday,2026-03-07,-0.389890790015997
2026-03-07 19:34:04.058000+00:00,19,Saturday,2026-03-07,-0.6669366745599721
2026-03-07 19:34:14.998000+00:00,19,Saturday,2026-03-07,-0.654886223999998
2026-03-07 19:32:24.060000+00:00,19,Saturday,2026-03-07,-0.7009789608799972
2026-03-07 19:34:30.782000+00:00,19,Saturday,2026-03-07,-0.5254390871999781
2026-03-07 19:32:33.793000+00:00,19,Saturday,2026-03-07,-0.3773249675999875
2026-03-07 19:34:30.782000+00:00,19,Saturday,2026-03-07,-0.5290979834567788
2026-03-07 19:34:31.338000+00:00,19,Saturday,2026-03-07,-0.7401642431999114
2026-03-07 19:34:31.338000+00:00,19,Saturday,2026-03-07,-0.8688047070622683
2026-03-07 19:34:31.338000+00:00,19,Saturday,2026-03-07,-0.48410561267196855
2026-03-07 19:32:42.512000+00:00,19,Saturday,2026-03-07,-0.44670327129677523
2026-03-07 19:33:56.482000+00:00,19,Saturday,2026-03-07,-0.7429460822399909
2026-03-07 19:34:39.487000+00:00,19,Saturday,2026-03-07,-0.4739382020999164
2026-03-07 19:32:57.861000+00:00,19,Saturday,2026-03-07,-0.6288088172080016
2026-03-07 19:32:59.501000+00:00,19,Saturday,2026-03-07,-0.6577832284800402
2026-03-07 19:34:57.750000+00:00,19,Saturday,2026-03-07,-0.32978006294958023
2026-03-07 19:34:58.902000+00:00,19,Saturday,2026-03-07,-0.36543059327995664
2026-03-07 19:33:06.743000+00:00,19,Saturday,2026-03-07,-0.1428499898752123
2026-03-07 19:33:18.744000+00:00,19,Saturday,2026-03-07,-0.495375755155112
2026-03-07 19:33:20.357000+00:00,19,Saturday,2026-03-07,-0.13059841235030445
2026-03-07 19:33:28.194000+00:00,19,Saturday,2026-03-07,-0.8910653872799138
2026-03-07 19:35:00.546000+00:00,19,Saturday,2026-03-07,-1.462767669432747
2026-03-07 19:36:04.699000+00:00,19,Saturday,2026-03-07,-0.6685279868799474
2026-03-07 19:36:21.900000+00:00,19,Saturday,2026-03-07,-0.6576659201999604
2026-03-07 19:35:32.626000+00:00,19,Saturday,2026-03-07,-1.7315191540571273
2026-03-07 19:36:00.816000+00:00,19,Saturday,2026-03-07,-1.2210922915839755
2026-03-07 19:36:11.755000+00:00,19,Saturday,2026-03-07,-0.4057046497200007
2026-03-07 19:36:00.816000+00:00,19,Saturday,2026-03-07,-1.0036255014480129
2026-03-07 19:35:13.127000+00:00,19,Saturday,2026-03-07,-0.9116915190431489
2026-03-07 19:36:59.468000+00:00,19,Saturday,2026-03-07,-0.3653326663679638
2026-03-07 19:37:17.627000+00:00,19,Saturday,2026-03-07,-0.44856340130156747
2026-03-07 19:35:31.533000+00:00,19,Saturday,2026-03-07,-0.5338959808159804
2026-03-07 19:35:32.070000+00:00,19,Saturday,2026-03-07,-0.9110724729279207
2026-03-07 19:35:32.070000+00:00,19,Saturday,2026-03-07,-0.790427843295977
2026-03-07 19:35:57.038000+00:00,19,Saturday,2026-03-07,-0.7978166846720214
2026-03-07 19:38:05.485000+00:00,19,Saturday,2026-03-07,-0.655151442720032
2026-03-07 19:38:21.111000+00:00,19,Saturday,2026-03-07,-0.4602979071591877
2026-03-07 19:38:21.656000+00:00,19,Saturday,2026-03-07,-0.3590299458784507
2026-03-07 19:35:42.880000+00:00,19,Saturday,2026-03-07,-0.5746278981967372
2026-03-07 19:35:44.487000+00:00,19,Saturday,2026-03-07,-0.7151362238592152
2026-03-07 19:38:04.393000+00:00,19,Saturday,2026-03-07,-0.5014477910159941
2026-03-07 19:37:51.705000+00:00,19,Saturday,2026-03-07,-1.6512691265615125
2026-03-07 19:35:59.738000+00:00,19,Saturday,2026-03-07,-0.6718975977999517
2026-03-07 19:36:00.816000+00:00,19,Saturday,2026-03-07,-0.7876270429999055
2026-03-07 19:36:33.677000+00:00,19,Saturday,2026-03-07,-0.3635129045231465
2026-03-07 19:38:32.697000+00:00,19,Saturday,2026-03-07,-0.49149041099202123
2026-03-07 19:36:40.406000+00:00,19,Saturday,2026-03-07,-0.11142055973759099
2026-03-07 19:36:15.673000+00:00,19,Saturday,2026-03-07,-0.583181432640007
2026-03-07 19:36:20.781000+00:00,19,Saturday,2026-03-07,-0.5751480256512562
2026-03-07 19:38:33.233000+00:00,19,Saturday,2026-03-07,-0.4824277513199093
2026-03-07 19:36:30.310000+00:00,19,Saturday,2026-03-07,-0.4044247798399022
2026-03-07 19:36:31.427000+00:00,19,Saturday,2026-03-07,-0.1275629563679453
2026-03-07 19:36:31.427000+00:00,19,Saturday,2026-03-07,-0.2595513975224124
2026-03-07 19:36:32.024000+00:00,19,Saturday,2026-03-07,-0.25585995679998386
2026-03-07 19:36:32.024000+00:00,19,Saturday,2026-03-07,-0.3096268706959523
2026-03-07 19:38:33.233000+00:00,19,Saturday,2026-03-07,-0.657647558903898
2026-03-07 19:38:33.233000+00:00,19,Saturday,2026-03-07,-0.7046402357999089
2026-03-07 19:39:02.585000+00:00,19,Saturday,2026-03-07,-0.365169454847994
2026-03-07 19:39:24.245000+00:00,19,Saturday,2026-03-07,-0.48233007803198463
2026-03-07 19:39:38.131000+00:00,19,Saturday,2026-03-07,-0.5095932887519878
2026-03-07 19:39:38.131000+00:00,19,Saturday,2026-03-07,-0.5275472359999572
2026-03-07 19:38:01.576000+00:00,19,Saturday,2026-03-07,-0.6402872935599028
2026-03-07 19:39:52.512000+00:00,19,Saturday,2026-03-07,-0.5119738199999463
2026-03-07 19:38:09.795000+00:00,19,Saturday,2026-03-07,-0.7351798653864086
2026-03-07 19:38:22.749000+00:00,19,Saturday,2026-03-07,-1.5425069344127407
2026-03-07 19:40:36.333000+00:00,19,Saturday,2026-03-07,-0.6572786328640279
2026-03-07 19:38:44.497000+00:00,19,Saturday,2026-03-07,-0.47447254545594963
2026-03-07 19:38:46.652000+00:00,19,Saturday,2026-03-07,-0.20146187646718078
2026-03-07 19:39:02.585000+00:00,19,Saturday,2026-03-07,-0.4793417919999462
2026-03-07 19:39:15.452000+00:00,19,Saturday,2026-03-07,-0.37977344732151774
2026-03-07 19:39:38.131000+00:00,19,Saturday,2026-03-07,-0.3232927763199231
2026-03-07 19:39:38.131000+00:00,19,Saturday,2026-03-07,-0.30878940351989714
2026-03-07 19:39:38.131000+00:00,19,Saturday,2026-03-07,-0.34242305680001317
2026-03-07 19:39:55.759000+00:00,19,Saturday,2026-03-07,-0.25234701287275957
2026-03-07 19:40:22.357000+00:00,19,Saturday,2026-03-07,-0.12294567999886419
2026-03-07 19:40:28.885000+00:00,19,Saturday,2026-03-07,-0.26702650620787594
2026-03-07 19:40:28.885000+00:00,19,Saturday,2026-03-07,-0.38904208790393746
2026-03-07 19:39:01.928000+00:00,19,Saturday,2026-03-07,-0.7777201954800211
2026-03-07 19:39:57.405000+00:00,19,Saturday,2026-03-07,-1.3529852416079475
2026-03-07 19:40:36.333000+00:00,19,Saturday,2026-03-07,-0.39766493330391534
2026-03-07 19:41:03.851000+00:00,19,Saturday,2026-03-07,-0.36501440390396
2026-03-07 19:41:11.640000+00:00,19,Saturday,2026-03-07,-0.7340809418208245
2026-03-07 19:39:55.759000+00:00,19,Saturday,2026-03-07,-0.42542380854398504
2026-03-07 19:41:25.250000+00:00,19,Saturday,2026-03-07,-0.4929703654519549
2026-03-07 19:41:44.888000+00:00,19,Saturday,2026-03-07,-0.5095932887519878
2026-03-07 19:41:44.888000+00:00,19,Saturday,2026-03-07,-0.5854080359999567
2026-03-07 19:41:53.292000+00:00,19,Saturday,2026-03-07,-0.8680390206177742
2026-03-07 19:41:46.004000+00:00,19,Saturday,2026-03-07,-0.7284817016566816
2026-03-07 19:41:57.284000+00:00,19,Saturday,2026-03-07,-0.9149424140000025
2026-03-07 19:40:36.333000+00:00,19,Saturday,2026-03-07,-0.5233990562400044
2026-03-07 19:40:36.333000+00:00,19,Saturday,2026-03-07,-0.9999523077999477
2026-03-07 19:41:57.284000+00:00,19,Saturday,2026-03-07,-0.6852607039295471
2026-03-07 19:40:59.749000+00:00,19,Saturday,2026-03-07,-0.003656752286372078
2026-03-07 19:43:26.118000+00:00,19,Saturday,2026-03-07,-0.5057776074287834
2026-03-07 19:41:03.113000+00:00,19,Saturday,2026-03-07,-1.3259724579599113
2026-03-07 19:41:24.658000+00:00,19,Saturday,2026-03-07,-0.4843136730119859
2026-03-07 19:43:54.004000+00:00,19,Saturday,2026-03-07,-0.7822297175805926
2026-03-07 19:43:58.298000+00:00,19,Saturday,2026-03-07,-0.7176492140159482
2026-03-07 19:43:40.666000+00:00,19,Saturday,2026-03-07,-0.5749862382000193
2026-03-07 19:43:45.730000+00:00,19,Saturday,2026-03-07,-0.40767534827194557
2026-03-07 19:41:57.284000+00:00,19,Saturday,2026-03-07,-0.38206398873601494
2026-03-07 19:43:58.298000+00:00,19,Saturday,2026-03-07,-0.11269579378957997
2026-03-07 19:41:57.284000+00:00,19,Saturday,2026-03-07,-0.779490467520003
2026-03-07 19:41:57.284000+00:00,19,Saturday,2026-03-07,-0.5850212666399202
2026-03-07 19:41:57.284000+00:00,19,Saturday,2026-03-07,-0.3863922620799395
2026-03-07 19:41:57.284000+00:00,19,Saturday,2026-03-07,-0.3955256305880039
2026-03-07 19:42:04.075000+00:00,19,Saturday,2026-03-07,-0.44515092273595613
2026-03-07 19:43:04.767000+00:00,19,Saturday,2026-03-07,-0.41580031763198344
2026-03-07 19:42:23.353000+00:00,19,Saturday,2026-03-07,-0.046592038795635976
2026-03-07 19:43:45.730000+00:00,19,Saturday,2026-03-07,-0.41152981511993914
2026-03-07 19:42:29.370000+00:00,19,Saturday,2026-03-07,-0.6506860775399262
2026-03-07 19:42:29.944000+00:00,19,Saturday,2026-03-07,-0.7198484892480017
2026-03-07 19:44:26.105000+00:00,19,Saturday,2026-03-07,-0.360876867401657
2026-03-07 19:43:38.070000+00:00,19,Saturday,2026-03-07,-0.3663155456399477
2026-03-07 19:44:41.890000+00:00,19,Saturday,2026-03-07,-0.6753578704111565
2026-03-07 19:42:43.489000+00:00,19,Saturday,2026-03-07,-0.4424601404959287
2026-03-07 19:44:43.526000+00:00,19,Saturday,2026-03-07,-0.3400940449439954
2026-03-07 19:44:58.764000+00:00,19,Saturday,2026-03-07,-0.6499830779199824
2026-03-07 19:44:58.764000+00:00,19,Saturday,2026-03-07,-0.4867947475567658
2026-03-07 19:44:58.764000+00:00,19,Saturday,2026-03-07,-0.5867512479199212
2026-03-07 19:45:05.776000+00:00,19,Saturday,2026-03-07,-0.5243822926079268
2026-03-07 19:45:24.817000+00:00,19,Saturday,2026-03-07,-0.3406255473391302
2026-03-07 19:43:46.822000+00:00,19,Saturday,2026-03-07,-0.4635230744144192
2026-03-07 19:45:27.013000+00:00,19,Saturday,2026-03-07,-0.7143468515423528
2026-03-07 19:45:30.976000+00:00,19,Saturday,2026-03-07,-0.6502525469400336
2026-03-07 19:45:41.528000+00:00,19,Saturday,2026-03-07,-0.7093987195999506
2026-03-07 19:45:46.438000+00:00,19,Saturday,2026-03-07,-0.5271528081599725
2026-03-07 19:44:14.722000+00:00,19,Saturday,2026-03-07,-0.7532456793919432
2026-03-07 19:46:01.419000+00:00,19,Saturday,2026-03-07,-0.9552856310110825
2026-03-07 19:44:43.526000+00:00,19,Saturday,2026-03-07,-0.4643722729055546
2026-03-07 19:45:05.776000+00:00,19,Saturday,2026-03-07,-0.6640062141759805
2026-03-07 19:46:26.956000+00:00,19,Saturday,2026-03-07,-0.4351573488240197
2026-03-07 19:44:58.764000+00:00,19,Saturday,2026-03-07,-0.45185800911997875
2026-03-07 19:45:45.886000+00:00,19,Saturday,2026-03-07,-0.4857331248000065
2026-03-07 19:46:01.419000+00:00,19,Saturday,2026-03-07,-0.19704398390064104
2026-03-07 19:46:09.299000+00:00,19,Saturday,2026-03-07,-0.3115871732159672
2026-03-07 19:47:16.900000+00:00,19,Saturday,2026-03-07,-0.2096925828799302
2026-03-07 19:47:29.740000+00:00,19,Saturday,2026-03-07,-0.3582798885599849
2026-03-07 19:46:01.419000+00:00,19,Saturday,2026-03-07,-0.6016330050559859
2026-03-07 19:47:02.741000+00:00,19,Saturday,2026-03-07,-0.37272080951993186
2026-03-07 19:47:25.433000+00:00,19,Saturday,2026-03-07,-0.18652152199292293
2026-03-07 19:47:27.617000+00:00,19,Saturday,2026-03-07,-0.27667167079196237
2026-03-07 19:47:34.027000+00:00,19,Saturday,2026-03-07,-0.17078075575680224
2026-03-07 19:47:43.985000+00:00,19,Saturday,2026-03-07,-0.21471410495353582
2026-03-07 19:45:46.438000+00:00,19,Saturday,2026-03-07,-0.3410191339807911
2026-03-07 19:47:43.985000+00:00,19,Saturday,2026-03-07,-0.3585491875680091
2026-03-07 19:45:38.780000+00:00,19,Saturday,2026-03-07,-0.49162778068800667
2026-03-07 19:46:42.598000+00:00,19,Saturday,2026-03-07,-0.4555560925192875
2026-03-07 19:47:44.589000+00:00,19,Saturday,2026-03-07,-0.6800665828319585
2026-03-07 19:47:47.399000+00:00,19,Saturday,2026-03-07,-0.6658424175839767
2026-03-07 19:47:43.985000+00:00,19,Saturday,2026-03-07,-0.1669530154431335
2026-03-07 19:47:47.399000+00:00,19,Saturday,2026-03-07,-0.5262653455199553
2026-03-07 19:48:00.253000+00:00,19,Saturday,2026-03-07,-0.702186962639987
2026-03-07 19:40:08.184000+00:00,19,Saturday,2026-03-07,-0.030193406639969
2026-03-07 19:48:02.458000+00:00,19,Saturday,2026-03-07,-0.4130339399999836
2026-03-07 19:48:04.715000+00:00,19,Saturday,2026-03-07,-0.7636799020959462
2026-03-07 19:45:47.570000+00:00,19,Saturday,2026-03-07,0.2864649332571182
2026-03-07 19:48:06.865000+00:00,19,Saturday,2026-03-07,-0.23297506857501468
2026-03-07 19:48:14.736000+00:00,19,Saturday,2026-03-07,-0.7267655974800233
2026-03-07 19:48:16.942000+00:00,19,Saturday,2026-03-07,-0.737495054800013
2026-03-07 19:48:20.202000+00:00,19,Saturday,2026-03-07,-0.5101331108543713
2026-03-07 19:48:27.870000+00:00,19,Saturday,2026-03-07,-0.8057309902719121
2026-03-07 19:48:44.896000+00:00,19,Saturday,2026-03-07,-0.49583013730394376
2026-03-07 19:48:45.467000+00:00,19,Saturday,2026-03-07,-0.743121483699138
2026-03-07 19:49:03.392000+00:00,19,Saturday,2026-03-07,-0.7458368104799356
2026-03-07 19:49:17.768000+00:00,19,Saturday,2026-03-07,-0.6778072418399993
2026-03-07 19:49:26.066000+00:00,19,Saturday,2026-03-07,-0.444012832659605
2026-03-07 19:49:28.298000+00:00,19,Saturday,2026-03-07,-0.5032390648383388
2026-03-07 19:49:30.485000+00:00,19,Saturday,2026-03-07,-0.35758236332635196
2026-03-07 19:49:34.350000+00:00,19,Saturday,2026-03-07,-0.5324509123199713
2026-03-07 19:49:34.890000+00:00,19,Saturday,2026-03-07,-0.259546392127976
2026-03-07 19:49:49.018000+00:00,19,Saturday,2026-03-07,-0.273571319999976
2026-03-07 19:49:49.564000+00:00,19,Saturday,2026-03-07,-0.4705704343920032
2026-03-07 19:49:49.564000+00:00,19,Saturday,2026-03-07,-0.4674184759199736
2026-03-07 19:49:49.564000+00:00,19,Saturday,2026-03-07,-0.9471742762559183
2026-03-07 19:49:49.564000+00:00,19,Saturday,2026-03-07,-0.5781095831120129
2026-03-07 19:49:49.564000+00:00,19,Saturday,2026-03-07,-0.37315696017597655
2026-03-07 19:50:01.180000+00:00,19,Saturday,2026-03-07,-0.7005072440799305
2026-03-07 19:50:03.724000+00:00,19,Saturday,2026-03-07,-1.257351227801545
2026-03-07 19:50:05.398000+00:00,19,Saturday,2026-03-07,-0.6986947788799918
2026-03-07 19:50:07.653000+00:00,19,Saturday,2026-03-07,-0.7333708186979426
2026-03-07 19:50:15.378000+00:00,19,Saturday,2026-03-07,-1.0285009198078785
2026-03-07 19:50:17.669000+00:00,19,Saturday,2026-03-07,-1.0398055701598699
2026-03-07 19:50:21.012000+00:00,19,Saturday,2026-03-07,-0.7205364464399318
2026-03-07 19:50:45.635000+00:00,19,Saturday,2026-03-07,-0.7000160746079156
2026-03-07 19:50:46.186000+00:00,19,Saturday,2026-03-07,-1.1536345384446824
2026-03-07 19:51:04.321000+00:00,19,Saturday,2026-03-07,-0.7307755331999335
2026-03-07 19:51:18.539000+00:00,19,Saturday,2026-03-07,-0.7232276087199352
2026-03-07 19:51:31.281000+00:00,19,Saturday,2026-03-07,-0.35879441287679625
2026-03-07 19:51:35.335000+00:00,19,Saturday,2026-03-07,-0.4607461209599994
2026-03-07 19:51:50.381000+00:00,19,Saturday,2026-03-07,-1.0313503992479984
2026-03-07 19:51:44.196000+00:00,19,Saturday,2026-03-07,-1.3367846289503682
2026-03-07 19:50:28.648000+00:00,19,Saturday,2026-03-07,-0.7033785457606601
2026-03-07 19:52:02.123000+00:00,19,Saturday,2026-03-07,-0.7008302668799788
2026-03-07 19:52:04.582000+00:00,19,Saturday,2026-03-07,-0.7033188345311352
2026-03-07 19:52:08.571000+00:00,19,Saturday,2026-03-07,-0.7327085539531788
2026-03-07 19:52:12.584000+00:00,19,Saturday,2026-03-07,-0.6767293657599454
2026-03-07 19:52:16.516000+00:00,19,Saturday,2026-03-07,-0.7276030765919496
2026-03-07 19:52:18.305000+00:00,19,Saturday,2026-03-07,-0.7296073909599585
2026-03-07 19:52:21.699000+00:00,19,Saturday,2026-03-07,-0.5101741177488193
2026-03-07 19:52:26.014000+00:00,19,Saturday,2026-03-07,-0.35323726463519745
2026-03-07 19:52:46.294000+00:00,19,Saturday,2026-03-07,-0.5091917204079321
2026-03-07 19:51:50.381000+00:00,19,Saturday,2026-03-07,-0.35120384111998365
2026-03-07 19:51:50.381000+00:00,19,Saturday,2026-03-07,-0.25627862894398956
2026-03-07 19:52:46.839000+00:00,19,Saturday,2026-03-07,-0.84770975009763
2026-03-07 19:52:53.338000+00:00,19,Saturday,2026-03-07,-0.5840266836479322
2026-03-07 19:51:32.943000+00:00,19,Saturday,2026-03-07,-1.040049527492768
2026-03-07 19:53:05.417000+00:00,19,Saturday,2026-03-07,-0.6646843228960035
2026-03-07 19:53:19.577000+00:00,19,Saturday,2026-03-07,-0.6765559535199823
2026-03-07 19:53:34.285000+00:00,19,Saturday,2026-03-07,-0.11292517019837367
2026-03-07 19:53:35.912000+00:00,19,Saturday,2026-03-07,-0.6648149247999433
2026-03-07 19:51:26.878000+00:00,19,Saturday,2026-03-07,-0.21506012202170052
2026-03-07 19:53:51.255000+00:00,19,Saturday,2026-03-07,-0.757339195463967
2026-03-07 19:51:35.894000+00:00,19,Saturday,2026-03-07,-0.30127743483596126
2026-03-07 19:51:50.381000+00:00,19,Saturday,2026-03-07,-0.2040094519840108
2026-03-07 19:51:50.381000+00:00,19,Saturday,2026-03-07,-0.42448135739510967
2026-03-07 19:52:39.162000+00:00,19,Saturday,2026-03-07,-0.12785845572000798
2026-03-07 19:54:04.443000+00:00,19,Saturday,2026-03-07,-0.6024187365119844
2026-03-07 19:54:05.553000+00:00,19,Saturday,2026-03-07,3.0865913794080533
2026-03-07 19:53:34.829000+00:00,19,Saturday,2026-03-07,-0.6212892440927851
2026-03-07 19:54:00.524000+00:00,19,Saturday,2026-03-07,-0.4359771820799285
2026-03-07 19:54:02.799000+00:00,19,Saturday,2026-03-07,-0.44043194879984826
2026-03-07 19:54:21.812000+00:00,19,Saturday,2026-03-07,-0.3275147420158722
2026-03-07 19:54:26.403000+00:00,19,Saturday,2026-03-07,-0.8953893699198973
2026-03-07 19:54:32.065000+00:00,19,Saturday,2026-03-07,-0.43647856227355186
2026-03-07 19:54:47.204000+00:00,19,Saturday,2026-03-07,-0.20260396990398882
2026-03-07 19:54:47.733000+00:00,19,Saturday,2026-03-07,-0.8884097768520043
2026-03-07 19:50:12.645000+00:00,19,Saturday,2026-03-07,-0.2870350429159005
2026-03-07 19:54:12.016000+00:00,19,Saturday,2026-03-07,-1.7359536628895804
2026-03-07 19:54:51.788000+00:00,19,Saturday,2026-03-07,-0.5363158497279918
2026-03-07 19:54:51.788000+00:00,19,Saturday,2026-03-07,-0.8762116368675061
2026-03-07 19:54:51.788000+00:00,19,Saturday,2026-03-07,-0.4291335982453681
2026-03-07 19:54:56.609000+00:00,19,Saturday,2026-03-07,-0.40761023135988766
2026-03-07 19:54:59.787000+00:00,19,Saturday,2026-03-07,-0.9493062051200066
2026-03-07 19:54:59.787000+00:00,19,Saturday,2026-03-07,-0.4535328336448394
2026-03-07 19:55:06.252000+00:00,19,Saturday,2026-03-07,-1.1212791003919738
2026-03-07 19:55:09.991000+00:00,19,Saturday,2026-03-07,-0.9655985021950675
2026-03-07 19:55:14.358000+00:00,19,Saturday,2026-03-07,-0.8708653885119032
2026-03-07 19:55:21.081000+00:00,19,Saturday,2026-03-07,-0.8143811645599747
2026-03-07 19:55:36.539000+00:00,19,Saturday,2026-03-07,-0.664991737279992
2026-03-07 19:55:37.091000+00:00,19,Saturday,2026-03-07,-0.6626676052352072
2026-03-07 19:55:51.278000+00:00,19,Saturday,2026-03-07,-0.5091393893119771
2026-03-07 19:56:01.484000+00:00,19,Saturday,2026-03-07,-0.6523156425600336
2026-03-07 19:56:05.137000+00:00,19,Saturday,2026-03-07,-0.9466599386878852
2026-03-07 19:55:34.888000+00:00,19,Saturday,2026-03-07,-0.5541314121503378
2026-03-07 19:56:13.086000+00:00,19,Saturday,2026-03-07,-0.5154470471919909
2026-03-07 19:56:48.509000+00:00,19,Saturday,2026-03-07,-0.9699772070975949
2026-03-07 19:56:55.170000+00:00,19,Saturday,2026-03-07,-0.4856848412159718
2026-03-07 19:56:55.170000+00:00,19,Saturday,2026-03-07,-0.4916968089601788
2026-03-07 19:56:57.459000+00:00,19,Saturday,2026-03-07,-0.6553383809279782
2026-03-07 19:56:32.911000+00:00,19,Saturday,2026-03-07,-0.7083081861888203
2026-03-07 19:57:00.912000+00:00,19,Saturday,2026-03-07,-0.5594910421536327
2026-03-07 19:55:51.278000+00:00,19,Saturday,2026-03-07,-0.724581079289606
2026-03-07 19:57:28.059000+00:00,19,Saturday,2026-03-07,-0.5384961259199255
2026-03-07 19:57:35.826000+00:00,19,Saturday,2026-03-07,-0.6866104631999936
2026-03-07 19:55:55.124000+00:00,19,Saturday,2026-03-07,-0.47749500777595655
2026-03-07 19:56:03.373000+00:00,19,Saturday,2026-03-07,-0.5770119935999078
2026-03-07 19:56:06.313000+00:00,19,Saturday,2026-03-07,-1.1393352094407945
2026-03-07 19:56:21.449000+00:00,19,Saturday,2026-03-07,-2.1005928748559826
2026-03-07 19:56:22.659000+00:00,19,Saturday,2026-03-07,-0.7432593685438966
2026-03-07 19:56:27.192000+00:00,19,Saturday,2026-03-07,-0.79806198896
2026-03-07 19:58:49.150000+00:00,19,Saturday,2026-03-07,-0.8894388254856304
2026-03-07 19:58:14.198000+00:00,19,Saturday,2026-03-07,-1.2246221760303817
2026-03-07 19:56:47.923000+00:00,19,Saturday,2026-03-07,-0.4672274884800627
2026-03-07 19:56:55.170000+00:00,19,Saturday,2026-03-07,-0.7981792944847671
2026-03-07 19:57:07.368000+00:00,19,Saturday,2026-03-07,-0.6430326037519558
2026-03-07 19:57:10.782000+00:00,19,Saturday,2026-03-07,-0.8457305296159701
2026-03-07 19:57:57.617000+00:00,19,Saturday,2026-03-07,-2.1491648812798707
2026-03-07 19:59:05.161000+00:00,19,Saturday,2026-03-07,-0.36205653448797925
2026-03-07 19:57:27.471000+00:00,19,Saturday,2026-03-07,-1.2802890203599
2026-03-07 19:59:08.404000+00:00,19,Saturday,2026-03-07,-1.2697928370767573
2026-03-07 19:57:41.849000+00:00,19,Saturday,2026-03-07,-0.7694493871999172
2026-03-07 19:59:04.588000+00:00,19,Saturday,2026-03-07,-1.4814977174639872
2026-03-07 19:59:05.161000+00:00,19,Saturday,2026-03-07,-1.2236846221655886
2026-03-07 19:58:02.615000+00:00,19,Saturday,2026-03-07,-0.7443837303999368
2026-03-07 19:58:05.935000+00:00,19,Saturday,2026-03-07,-0.9135389360240413
2026-03-07 19:58:30.832000+00:00,19,Saturday,2026-03-07,-0.9539033296000066
2026-03-07 19:59:05.161000+00:00,19,Saturday,2026-03-07,-0.951874489881539
2026-03-07 20:00:14.976000+00:00,20,Saturday,2026-03-07,-0.5576494152240448
2026-03-07 20:00:22.776000+00:00,20,Saturday,2026-03-07,-0.8701418174398984
2026-03-07 19:58:33.598000+00:00,19,Saturday,2026-03-07,-0.8635358600783591
2026-03-07 19:59:05.161000+00:00,19,Saturday,2026-03-07,-1.6578882383999531
2026-03-07 19:57:38.034000+00:00,19,Saturday,2026-03-07,-1.1114755698239702
2026-03-07 19:59:05.161000+00:00,19,Saturday,2026-03-07,-1.2402768761200158
2026-03-07 19:59:23.503000+00:00,19,Saturday,2026-03-07,-4.829501367907338
2026-03-07 19:59:28.426000+00:00,19,Saturday,2026-03-07,-1.8922147801198852
2026-03-07 19:59:28.972000+00:00,19,Saturday,2026-03-07,-1.3310036083200214
2026-03-07 19:59:56.536000+00:00,19,Saturday,2026-03-07,-2.0208209907765595
2026-03-07 20:00:09.665000+00:00,20,Saturday,2026-03-07,-1.8087245206799045
2026-03-07 20:00:12.187000+00:00,20,Saturday,2026-03-07,-0.8669863543679742
2026-03-07 20:00:40.011000+00:00,20,Saturday,2026-03-07,-4.131323517600084
2026-03-07 20:01:04.880000+00:00,20,Saturday,2026-03-07,-1.2630276635999498
2026-03-07 20:01:05.436000+00:00,20,Saturday,2026-03-07,-1.8161984734560046
2026-03-07 19:59:24.053000+00:00,19,Saturday,2026-03-07,-1.3218082804079025
2026-03-07 19:59:49.505000+00:00,19,Saturday,2026-03-07,-0.7943814627840187
2026-03-07 20:01:06.038000+00:00,20,Saturday,2026-03-07,-0.5014010905199688
2026-03-07 20:01:08.244000+00:00,20,Saturday,2026-03-07,-0.9280369544160249
2026-03-07 20:01:09.332000+00:00,20,Saturday,2026-03-07,-1.0358719608383726
2026-03-07 19:59:26.764000+00:00,19,Saturday,2026-03-07,-0.7155737075199586
2026-03-07 19:59:36.529000+00:00,19,Saturday,2026-03-07,-0.6470589702527919
2026-03-07 20:00:43.381000+00:00,20,Saturday,2026-03-07,-0.9783646870399986
2026-03-07 20:00:11.495000+00:00,20,Saturday,2026-03-07,-0.9180276513198955
2026-03-07 20:02:05.319000+00:00,20,Saturday,2026-03-07,-0.7381138984799144
2026-03-07 20:02:05.319000+00:00,20,Saturday,2026-03-07,-0.7078483622399003
2026-03-07 20:02:05.319000+00:00,20,Saturday,2026-03-07,-0.8751587661525315
2026-03-07 20:02:07.013000+00:00,20,Saturday,2026-03-07,-0.6978771584399437
2026-03-07 20:01:16.519000+00:00,20,Saturday,2026-03-07,-0.8533634869195892
2026-03-07 20:02:10.389000+00:00,20,Saturday,2026-03-07,-0.7591403836719444
2026-03-07 20:02:39.791000+00:00,20,Saturday,2026-03-07,-0.5465321852639938
2026-03-07 20:01:30.314000+00:00,20,Saturday,2026-03-07,-0.7063095311999653
2026-03-07 20:01:43.215000+00:00,20,Saturday,2026-03-07,-0.8196322191999164
2026-03-07 20:03:18.300000+00:00,20,Saturday,2026-03-07,-0.870832406184028
2026-03-07 20:01:42.072000+00:00,20,Saturday,2026-03-07,-0.9598266644399905
2026-03-07 20:02:39.791000+00:00,20,Saturday,2026-03-07,-1.804857334603126
2026-03-07 20:00:50.123000+00:00,20,Saturday,2026-03-07,-1.4556781794671694
2026-03-07 20:02:54.859000+00:00,20,Saturday,2026-03-07,-0.20568329717357578
2026-03-07 20:02:01.146000+00:00,20,Saturday,2026-03-07,-0.7421655732223547
2026-03-07 20:02:01.776000+00:00,20,Saturday,2026-03-07,-0.7922171937680307
2026-03-07 20:02:05.319000+00:00,20,Saturday,2026-03-07,-0.894635786303916
2026-03-07 20:02:07.013000+00:00,20,Saturday,2026-03-07,-0.5232707541519304
2026-03-07 20:03:06.925000+00:00,20,Saturday,2026-03-07,-0.7653621924959721
2026-03-07 20:03:13.418000+00:00,20,Saturday,2026-03-07,-0.8939550023440097
2026-03-07 20:03:42.897000+00:00,20,Saturday,2026-03-07,-0.11507387659586035
2026-03-07 20:02:13.259000+00:00,20,Saturday,2026-03-07,-0.9200678136046636
2026-03-07 20:04:06.472000+00:00,20,Saturday,2026-03-07,-0.3228930297600371
2026-03-07 20:04:10.342000+00:00,20,Saturday,2026-03-07,-0.641306957531179
2026-03-07 20:04:10.889000+00:00,20,Saturday,2026-03-07,-0.8872178227199656
2026-03-07 20:04:11.453000+00:00,20,Saturday,2026-03-07,-0.7448859244639257
2026-03-07 20:04:21.894000+00:00,20,Saturday,2026-03-07,-0.6461541356607352
2026-03-07 20:03:18.300000+00:00,20,Saturday,2026-03-07,-2.3016093784319036
2026-03-07 20:03:06.386000+00:00,20,Saturday,2026-03-07,-1.4290056197279735
2026-03-07 20:04:40.667000+00:00,20,Saturday,2026-03-07,-0.988551709286341
2026-03-07 20:03:05.846000+00:00,20,Saturday,2026-03-07,-0.8197158369599301
2026-03-07 20:03:13.418000+00:00,20,Saturday,2026-03-07,-0.573476141680003
2026-03-07 20:03:18.300000+00:00,20,Saturday,2026-03-07,-0.6573401772080165
2026-03-07 20:04:40.667000+00:00,20,Saturday,2026-03-07,-0.5166967133399432
2026-03-07 20:05:09.687000+00:00,20,Saturday,2026-03-07,-0.5401605404159879
2026-03-07 20:04:06.472000+00:00,20,Saturday,2026-03-07,-1.5996344809199576
2026-03-07 20:05:38.954000+00:00,20,Saturday,2026-03-07,-0.5048405590079801
2026-03-07 20:05:24.053000+00:00,20,Saturday,2026-03-07,-1.6130679738574687
2026-03-07 20:04:06.472000+00:00,20,Saturday,2026-03-07,-2.880979547801144
2026-03-07 20:05:08.464000+00:00,20,Saturday,2026-03-07,-0.44458951357747306
2026-03-07 20:04:07.617000+00:00,20,Saturday,2026-03-07,-0.9493792726079529
2026-03-07 20:05:43.863000+00:00,20,Saturday,2026-03-07,-0.4822797103108188
2026-03-07 20:05:03.782000+00:00,20,Saturday,2026-03-07,-1.0341445652735757
2026-03-07 20:04:32.984000+00:00,20,Saturday,2026-03-07,-0.6551862160703716
2026-03-07 20:06:13.890000+00:00,20,Saturday,2026-03-07,-2.190322350719897
2026-03-07 20:06:42.452000+00:00,20,Saturday,2026-03-07,-0.6991524524543224
2026-03-07 20:04:52.549000+00:00,20,Saturday,2026-03-07,-1.8596382534286564
2026-03-07 20:06:45.424000+00:00,20,Saturday,2026-03-07,-0.7388993539199362
2026-03-07 20:07:13.723000+00:00,20,Saturday,2026-03-07,-1.1081006194966923
2026-03-07 20:07:24.738000+00:00,20,Saturday,2026-03-07,-0.8195924940783048
2026-03-07 20:07:27.206000+00:00,20,Saturday,2026-03-07,-0.6650541656863171
2026-03-07 20:06:13.890000+00:00,20,Saturday,2026-03-07,-1.1101954115118984
2026-03-07 20:05:38.954000+00:00,20,Saturday,2026-03-07,-1.0061376424320416
2026-03-07 20:07:39.871000+00:00,20,Saturday,2026-03-07,-0.3571952119999985
2026-03-07 20:07:44.742000+00:00,20,Saturday,2026-03-07,-0.4471312159777264
2026-03-07 20:07:55.347000+00:00,20,Saturday,2026-03-07,-0.8008150291753187
2026-03-07 20:07:40.443000+00:00,20,Saturday,2026-03-07,-2.4390678133439616
2026-03-07 20:06:13.304000+00:00,20,Saturday,2026-03-07,-0.8199674547199467
2026-03-07 20:06:13.890000+00:00,20,Saturday,2026-03-07,-0.8518291852800226
2026-03-07 20:06:13.890000+00:00,20,Saturday,2026-03-07,-0.8955516608128256
2026-03-07 20:06:15.009000+00:00,20,Saturday,2026-03-07,-0.786048617999987
2026-03-07 20:08:32.842000+00:00,20,Saturday,2026-03-07,-0.6330420762399513
2026-03-07 20:05:39.813000+00:00,20,Saturday,2026-03-07,-0.5945451068879413
2026-03-07 20:06:20.115000+00:00,20,Saturday,2026-03-07,-0.2858490160240307
2026-03-07 20:06:22.933000+00:00,20,Saturday,2026-03-07,-0.7319355801159465
2026-03-07 20:06:42.452000+00:00,20,Saturday,2026-03-07,-0.07026694265994993
2026-03-07 20:06:41.732000+00:00,20,Saturday,2026-03-07,-0.7023571446519905
2026-03-07 20:05:15.621000+00:00,20,Saturday,2026-03-07,-0.48416282768797797
2026-03-07 20:08:40.418000+00:00,20,Saturday,2026-03-07,-1.0182422638079673
2026-03-07 20:09:15.193000+00:00,20,Saturday,2026-03-07,-0.8194569167998688
2026-03-07 20:09:15.193000+00:00,20,Saturday,2026-03-07,-0.42480243359996184
2026-03-07 20:07:13.723000+00:00,20,Saturday,2026-03-07,-0.572204038623959
2026-03-07 20:07:14.321000+00:00,20,Saturday,2026-03-07,-0.4809247797760061
2026-03-07 20:05:08.464000+00:00,20,Saturday,2026-03-07,-0.29670864933592805
2026-03-07 20:07:34.680000+00:00,20,Saturday,2026-03-07,-0.46407658803518104
2026-03-07 20:09:16.370000+00:00,20,Saturday,2026-03-07,-0.552182357039917
2026-03-07 20:09:24.709000+00:00,20,Saturday,2026-03-07,-0.5469899350150844
2026-03-07 20:09:28.120000+00:00,20,Saturday,2026-03-07,-0.6427946985407532
2026-03-07 20:09:21.308000+00:00,20,Saturday,2026-03-07,-1.3139752922000114
2026-03-07 20:08:17.980000+00:00,20,Saturday,2026-03-07,-1.2358819724000145
2026-03-07 20:05:03.782000+00:00,20,Saturday,2026-03-07,-1.2353813759039078
2026-03-07 20:08:17.420000+00:00,20,Saturday,2026-03-07,-0.6561663300719183
2026-03-07 20:09:45.749000+00:00,20,Saturday,2026-03-07,-0.6564636314790648
2026-03-07 20:10:05.797000+00:00,20,Saturday,2026-03-07,-0.9277618869119533
2026-03-07 20:10:06.513000+00:00,20,Saturday,2026-03-07,-0.8386946159615496
2026-03-07 20:10:15.300000+00:00,20,Saturday,2026-03-07,-0.6936258383680295
2026-03-07 20:08:43.292000+00:00,20,Saturday,2026-03-07,-2.7049191894143494
2026-03-07 20:09:22.439000+00:00,20,Saturday,2026-03-07,-0.834279428735921
2026-03-07 20:09:25.868000+00:00,20,Saturday,2026-03-07,-1.4379583436511336
2026-03-07 20:10:33.677000+00:00,20,Saturday,2026-03-07,-1.0308254854399324
2026-03-07 20:10:38.790000+00:00,20,Saturday,2026-03-07,-0.8211643683839357
2026-03-07 20:09:14.616000+00:00,20,Saturday,2026-03-07,-1.8355299711597688
2026-03-07 20:09:15.193000+00:00,20,Saturday,2026-03-07,-1.399978229094395
2026-03-07 20:11:17.373000+00:00,20,Saturday,2026-03-07,-0.5100319197119292
2026-03-07 20:11:41.982000+00:00,20,Saturday,2026-03-07,-0.9945034403999589
2026-03-07 20:09:40.854000+00:00,20,Saturday,2026-03-07,-0.5652502698239376
2026-03-07 20:09:44.123000+00:00,20,Saturday,2026-03-07,-0.7044780443519904
2026-03-07 20:11:46.527000+00:00,20,Saturday,2026-03-07,-0.46457546104723046
2026-03-07 20:08:46.247000+00:00,20,Saturday,2026-03-07,-0.631753723583969
2026-03-07 20:10:05.797000+00:00,20,Saturday,2026-03-07,-0.5309510462519501
2026-03-07 20:10:05.797000+00:00,20,Saturday,2026-03-07,-0.6634608132223917
2026-03-07 20:12:16.382000+00:00,20,Saturday,2026-03-07,-0.6932365108880039
2026-03-07 20:09:47.856000+00:00,20,Saturday,2026-03-07,0.20567755273598282
2026-03-07 20:10:15.870000+00:00,20,Saturday,2026-03-07,-0.46254793075195394
2026-03-07 20:10:38.790000+00:00,20,Saturday,2026-03-07,-0.4680499724895808
2026-03-07 20:10:41.005000+00:00,20,Saturday,2026-03-07,-0.999620772863964
2026-03-07 20:11:25.829000+00:00,20,Saturday,2026-03-07,-0.3116862752639586
2026-03-07 20:11:47.621000+00:00,20,Saturday,2026-03-07,-0.45094739376000675
2026-03-07 20:12:11.333000+00:00,20,Saturday,2026-03-07,-0.5831564481279725
2026-03-07 20:12:34.457000+00:00,20,Saturday,2026-03-07,-0.6315331105599605
2026-03-07 20:11:45.373000+00:00,20,Saturday,2026-03-07,-1.9446575621975932
2026-03-07 20:12:47.545000+00:00,20,Saturday,2026-03-07,-0.5067472878719781
2026-03-07 20:11:09.391000+00:00,20,Saturday,2026-03-07,-0.5903986994399267
2026-03-07 20:12:16.382000+00:00,20,Saturday,2026-03-07,-0.20702712293910008
2026-03-07 20:13:18.459000+00:00,20,Saturday,2026-03-07,-0.34189005171200687
2026-03-07 20:13:43.874000+00:00,20,Saturday,2026-03-07,-0.3376701498575865
2026-03-07 20:11:23.422000+00:00,20,Saturday,2026-03-07,-0.48527047680000146
2026-03-07 20:11:29.112000+00:00,20,Saturday,2026-03-07,-0.5645320091999918
2026-03-07 20:11:23.422000+00:00,20,Saturday,2026-03-07,-0.5870447135999854
2026-03-07 20:11:53.649000+00:00,20,Saturday,2026-03-07,-0.21840658195199014
2026-03-07 20:12:18.074000+00:00,20,Saturday,2026-03-07,-0.34420271872318703
2026-03-07 20:13:43.874000+00:00,20,Saturday,2026-03-07,-0.7349004316159755
2026-03-07 20:13:47.208000+00:00,20,Saturday,2026-03-07,-0.35917231589038107
2026-03-07 20:13:05.572000+00:00,20,Saturday,2026-03-07,-0.04896095134400963
2026-03-07 20:13:57.633000+00:00,20,Saturday,2026-03-07,-0.5328182409480309
2026-03-07 20:12:11.333000+00:00,20,Saturday,2026-03-07,-0.6563872939503039
2026-03-07 20:12:40.914000+00:00,20,Saturday,2026-03-07,-0.15970913587196098
2026-03-07 20:12:45.331000+00:00,20,Saturday,2026-03-07,-0.7044780443519904
2026-03-07 20:14:17.993000+00:00,20,Saturday,2026-03-07,-0.6991632184575198
2026-03-07 20:14:31.075000+00:00,20,Saturday,2026-03-07,-0.3605974921439755
2026-03-07 20:13:43.874000+00:00,20,Saturday,2026-03-07,-0.3837251791999685
2026-03-07 20:13:44.488000+00:00,20,Saturday,2026-03-07,-0.38435950799998825
2026-03-07 20:14:17.457000+00:00,20,Saturday,2026-03-07,-0.351595570559974
2026-03-07 20:14:17.993000+00:00,20,Saturday,2026-03-07,-0.41101052219997253
2026-03-07 20:13:08.284000+00:00,20,Saturday,2026-03-07,-0.7324472417975229
2026-03-07 20:14:35.489000+00:00,20,Saturday,2026-03-07,-0.4487302943760245
2026-03-07 20:13:48.318000+00:00,20,Saturday,2026-03-07,-0.4363419974399543
2026-03-07 20:14:25.579000+00:00,20,Saturday,2026-03-07,-0.5697851467199642
2026-03-07 20:15:38.161000+00:00,20,Saturday,2026-03-07,-0.6854010132479987
2026-03-07 20:15:44.466000+00:00,20,Saturday,2026-03-07,-0.33770775651197715
2026-03-07 20:13:43.874000+00:00,20,Saturday,2026-03-07,-1.0510347366574742
2026-03-07 20:15:38.161000+00:00,20,Saturday,2026-03-07,-0.2627432938880111
2026-03-07 20:16:04.613000+00:00,20,Saturday,2026-03-07,-0.7274455372799651
2026-03-07 20:15:38.161000+00:00,20,Saturday,2026-03-07,-0.4021446792839326
2026-03-07 20:16:04.613000+00:00,20,Saturday,2026-03-07,-0.7151870315520372
2026-03-07 20:14:17.993000+00:00,20,Saturday,2026-03-07,-0.5253992460959791
2026-03-07 20:14:40.664000+00:00,20,Saturday,2026-03-07,-0.7251045411999606
2026-03-07 20:16:16.081000+00:00,20,Saturday,2026-03-07,-1.2299021779198944
2026-03-07 20:15:06.658000+00:00,20,Saturday,2026-03-07,-0.33824771462397907
2026-03-07 20:16:31.660000+00:00,20,Saturday,2026-03-07,-0.3610739337727996
2026-03-07 20:17:38.837000+00:00,20,Saturday,2026-03-07,-0.6868449976319222
2026-03-07 20:15:47.766000+00:00,20,Saturday,2026-03-07,-0.7026116526159903
2026-03-07 20:15:58.310000+00:00,20,Saturday,2026-03-07,0.3128763216984283
2026-03-07 20:11:53.649000+00:00,20,Saturday,2026-03-07,-1.2105429924599957
2026-03-07 20:16:09.721000+00:00,20,Saturday,2026-03-07,-0.5319286492543583
2026-03-07 20:16:18.353000+00:00,20,Saturday,2026-03-07,-0.4036917861599325
2026-03-07 20:16:18.906000+00:00,20,Saturday,2026-03-07,-0.5914965869999189
2026-03-07 20:16:18.906000+00:00,20,Saturday,2026-03-07,-0.750507579852767
2026-03-07 20:17:38.837000+00:00,20,Saturday,2026-03-07,-0.2627432938880111
2026-03-07 20:16:21.740000+00:00,20,Saturday,2026-03-07,-0.4622150246399553
2026-03-07 20:16:26.406000+00:00,20,Saturday,2026-03-07,-0.5852108220799437
2026-03-07 20:16:36.154000+00:00,20,Saturday,2026-03-07,-0.46379012226400007
2026-03-07 20:16:51.479000+00:00,20,Saturday,2026-03-07,0.040318265736036446
2026-03-07 20:15:48.391000+00:00,20,Saturday,2026-03-07,-0.28122076895385467
2026-03-07 20:17:45.402000+00:00,20,Saturday,2026-03-07,-0.2492144685855808
2026-03-07 20:18:05.658000+00:00,20,Saturday,2026-03-07,-0.20710030527998957
2026-03-07 20:18:05.658000+00:00,20,Saturday,2026-03-07,-0.32505310454398706
2026-03-07 20:18:32.718000+00:00,20,Saturday,2026-03-07,-0.2720994735167912
2026-03-07 20:14:40.078000+00:00,20,Saturday,2026-03-07,-0.26983682699999484
2026-03-07 20:14:48.428000+00:00,20,Saturday,2026-03-07,-0.44424407001598254
2026-03-07 20:17:38.837000+00:00,20,Saturday,2026-03-07,-0.2235357385680098
2026-03-07 20:19:20.159000+00:00,20,Saturday,2026-03-07,-0.2506741005599667
2026-03-07 20:19:21.258000+00:00,20,Saturday,2026-03-07,-0.38594198822393205
2026-03-07 20:19:21.258000+00:00,20,Saturday,2026-03-07,-0.3905232211687991
2026-03-07 20:19:22.909000+00:00,20,Saturday,2026-03-07,-0.4599545450879701
2026-03-07 20:17:19.970000+00:00,20,Saturday,2026-03-07,-0.43556984596797454
2026-03-07 20:18:16.735000+00:00,20,Saturday,2026-03-07,-0.011867504399946993
2026-03-07 20:19:03.055000+00:00,20,Saturday,2026-03-07,-0.17101599360549768
2026-03-07 20:19:24.043000+00:00,20,Saturday,2026-03-07,-0.07922050751998039
2026-03-07 20:19:28.442000+00:00,20,Saturday,2026-03-07,-0.3630776271999781
2026-03-07 20:17:42.526000+00:00,20,Saturday,2026-03-07,-0.6792149411998958
2026-03-07 20:19:53.689000+00:00,20,Saturday,2026-03-07,-0.4722491401919835
2026-03-07 20:19:53.689000+00:00,20,Saturday,2026-03-07,-0.4863268065279731
2026-03-07 20:19:53.689000+00:00,20,Saturday,2026-03-07,-0.40004367638398053
2026-03-07 20:20:00.078000+00:00,20,Saturday,2026-03-07,-0.337862535436753
2026-03-07 20:20:00.078000+00:00,20,Saturday,2026-03-07,-0.34194659770318675
2026-03-07 20:20:08.323000+00:00,20,Saturday,2026-03-07,-0.5280817537279795
2026-03-07 20:20:08.323000+00:00,20,Saturday,2026-03-07,-0.7311958547038228
2026-03-07 20:20:08.323000+00:00,20,Saturday,2026-03-07,-0.6405650100959546
2026-03-07 20:20:09.423000+00:00,20,Saturday,2026-03-07,-0.6850452976799088
2026-03-07 20:20:12.768000+00:00,20,Saturday,2026-03-07,-0.4997491699200037
2026-03-07 20:19:12.393000+00:00,20,Saturday,2026-03-07,-0.2734640252815409
2026-03-07 20:18:49.651000+00:00,20,Saturday,2026-03-07,-0.7026116526159903
2026-03-07 20:20:20.735000+00:00,20,Saturday,2026-03-07,-0.6774155107775172
2026-03-07 20:20:21.890000+00:00,20,Saturday,2026-03-07,-0.7270416248928333
2026-03-07 20:20:33.458000+00:00,20,Saturday,2026-03-07,-0.4967216031935833
2026-03-07 20:20:45.369000+00:00,20,Saturday,2026-03-07,-0.6665370470399901
2026-03-07 20:21:23.519000+00:00,20,Saturday,2026-03-07,-0.6491413076399055
2026-03-07 20:19:22.909000+00:00,20,Saturday,2026-03-07,-0.07305360403195882
2026-03-07 20:21:56.035000+00:00,20,Saturday,2026-03-07,-0.3589293344000073
2026-03-07 20:21:56.605000+00:00,20,Saturday,2026-03-07,-0.47993128575997246
2026-03-07 20:21:56.605000+00:00,20,Saturday,2026-03-07,-0.4005414715199894
2026-03-07 20:22:00.715000+00:00,20,Saturday,2026-03-07,-0.337862535436753
2026-03-07 20:22:00.715000+00:00,20,Saturday,2026-03-07,-0.3424858465250936
2026-03-07 20:22:09.169000+00:00,20,Saturday,2026-03-07,-0.7450066532159615
2026-03-07 20:22:09.169000+00:00,20,Saturday,2026-03-07,-0.5069186599679655
2026-03-07 20:22:10.328000+00:00,20,Saturday,2026-03-07,-0.4854060215359346
2026-03-07 20:22:34.413000+00:00,20,Saturday,2026-03-07,-0.3520124301823653
2026-03-07 20:22:53.734000+00:00,20,Saturday,2026-03-07,-0.34751132847998134
2026-03-07 20:22:53.734000+00:00,20,Saturday,2026-03-07,-0.324379835784004
2026-03-07 20:21:21.771000+00:00,20,Saturday,2026-03-07,-0.33459578885920477
2026-03-07 20:21:22.388000+00:00,20,Saturday,2026-03-07,-0.48106255495999484
2026-03-07 20:21:22.388000+00:00,20,Saturday,2026-03-07,-0.5034266165760058
2026-03-07 20:21:22.388000+00:00,20,Saturday,2026-03-07,-0.4915984315039228
2026-03-07 20:21:29.937000+00:00,20,Saturday,2026-03-07,-0.2831336175999985
2026-03-07 20:21:56.035000+00:00,20,Saturday,2026-03-07,-1.0024914391199855
2026-03-07 20:21:56.035000+00:00,20,Saturday,2026-03-07,-1.05700268215198
2026-03-07 20:22:22.998000+00:00,20,Saturday,2026-03-07,-0.19730422353598764
2026-03-07 20:21:57.732000+00:00,20,Saturday,2026-03-07,-0.9383485502744138
2026-03-07 20:23:57.420000+00:00,20,Saturday,2026-03-07,-0.5712532623359466
2026-03-07 20:22:09.169000+00:00,20,Saturday,2026-03-07,-0.4544117798616235
2026-03-07 20:22:13.923000+00:00,20,Saturday,2026-03-07,-0.5464019816639845
2026-03-07 20:22:16.734000+00:00,20,Saturday,2026-03-07,-0.9304867267800963
2026-03-07 20:22:46.255000+00:00,20,Saturday,2026-03-07,-0.8109115046399684
2026-03-07 20:22:53.734000+00:00,20,Saturday,2026-03-07,-0.29699717745599236
2026-03-07 20:23:50.870000+00:00,20,Saturday,2026-03-07,-0.16143258503999092
2026-03-07 20:25:00.482000+00:00,20,Saturday,2026-03-07,-0.5543570565791592
2026-03-07 20:23:24.756000+00:00,20,Saturday,2026-03-07,-0.6730544667166503
2026-03-07 20:23:24.756000+00:00,20,Saturday,2026-03-07,-0.9060014070814943
2026-03-07 20:25:00.482000+00:00,20,Saturday,2026-03-07,-0.6163878783599888
2026-03-07 20:14:38.267000+00:00,20,Saturday,2026-03-07,-1.3087964160239516
2026-03-07 20:23:56.826000+00:00,20,Saturday,2026-03-07,-0.6518667801599709
2026-03-07 20:23:57.420000+00:00,20,Saturday,2026-03-07,-0.7437683819999794
2026-03-07 20:24:01.324000+00:00,20,Saturday,2026-03-07,-0.3674483637560287
2026-03-07 20:24:01.324000+00:00,20,Saturday,2026-03-07,-0.4236712211765141
2026-03-07 20:24:09.746000+00:00,20,Saturday,2026-03-07,-1.0917227865599433
2026-03-07 20:24:15.062000+00:00,20,Saturday,2026-03-07,-0.5207291807999731
2026-03-07 20:24:15.062000+00:00,20,Saturday,2026-03-07,-0.6383399237279874
2026-03-07 20:25:58.257000+00:00,20,Saturday,2026-03-07,-0.8641521664000114
2026-03-07 20:24:24.012000+00:00,20,Saturday,2026-03-07,-0.6792295161599136
2026-03-07 20:24:24.012000+00:00,20,Saturday,2026-03-07,-0.7652913956158901
2026-03-07 20:24:28.486000+00:00,20,Saturday,2026-03-07,-0.8403990281951441
2026-03-07 20:24:32.347000+00:00,20,Saturday,2026-03-07,-0.63271528319995
2026-03-07 20:24:35.121000+00:00,20,Saturday,2026-03-07,-0.5003976187583832
2026-03-07 20:26:21.687000+00:00,20,Saturday,2026-03-07,-0.07163352703999148
2026-03-07 20:24:59.930000+00:00,20,Saturday,2026-03-07,-0.6504389228159959
2026-03-07 20:27:04.013000+00:00,20,Saturday,2026-03-07,-0.35836612816704494
2026-03-07 20:25:11.079000+00:00,20,Saturday,2026-03-07,-0.5690001898392091
2026-03-07 20:25:15.652000+00:00,20,Saturday,2026-03-07,-0.43707807811201094
2026-03-07 20:25:36.457000+00:00,20,Saturday,2026-03-07,-0.3478918153359699
2026-03-07 20:25:48.294000+00:00,20,Saturday,2026-03-07,-0.5365613657599069
2026-03-07 20:27:01.068000+00:00,20,Saturday,2026-03-07,-1.6955199854039904
2026-03-07 20:27:11.587000+00:00,20,Saturday,2026-03-07,-0.2346832351934067
2026-03-07 20:25:56.032000+00:00,20,Saturday,2026-03-07,-0.3599209527479787
2026-03-07 20:25:58.257000+00:00,20,Saturday,2026-03-07,-0.4464206837599946
2026-03-07 20:21:56.605000+00:00,20,Saturday,2026-03-07,-1.0535155580879418
2026-03-07 20:26:26.919000+00:00,20,Saturday,2026-03-07,-1.0452353202847684
2026-03-07 20:27:17.815000+00:00,20,Saturday,2026-03-07,-0.46990022860798364
2026-03-07 20:29:01.517000+00:00,20,Saturday,2026-03-07,-0.32493434692316525
2026-03-07 20:28:02.675000+00:00,20,Saturday,2026-03-07,-0.18748869111355826
2026-03-07 20:26:58.223000+00:00,20,Saturday,2026-03-07,-0.3832702724543866
2026-03-07 20:26:58.223000+00:00,20,Saturday,2026-03-07,-0.6058694246399985
2026-03-07 20:26:59.945000+00:00,20,Saturday,2026-03-07,-0.23764486076799632
2026-03-07 20:27:34.914000+00:00,20,Saturday,2026-03-07,-0.24687270191994812
2026-03-07 20:27:37.138000+00:00,20,Saturday,2026-03-07,-0.2887671227391675
2026-03-07 20:28:17.162000+00:00,20,Saturday,2026-03-07,-0.2852343575999619
2026-03-07 20:27:01.068000+00:00,20,Saturday,2026-03-07,-1.3587064739407881
2026-03-07 20:27:04.013000+00:00,20,Saturday,2026-03-07,-1.0479593718591642
2026-03-07 20:27:04.615000+00:00,20,Saturday,2026-03-07,-0.3672379643136002
2026-03-07 20:27:17.815000+00:00,20,Saturday,2026-03-07,-0.157822288128026
2026-03-07 20:27:30.717000+00:00,20,Saturday,2026-03-07,-0.3322449932791633
2026-03-07 20:28:50.947000+00:00,20,Saturday,2026-03-07,-0.21645890431995563
2026-03-07 20:29:05.029000+00:00,20,Saturday,2026-03-07,-0.2652831449857488
2026-03-07 20:29:12.158000+00:00,20,Saturday,2026-03-07,-0.9289332040319422
2026-03-07 20:29:25.354000+00:00,20,Saturday,2026-03-07,-0.48521427657591465
2026-03-07 20:27:17.243000+00:00,20,Saturday,2026-03-07,-1.1253608453695267
2026-03-07 20:27:25.408000+00:00,20,Saturday,2026-03-07,-0.3185457189680309
2026-03-07 20:29:51.247000+00:00,20,Saturday,2026-03-07,-0.6453937059871292
2026-03-07 20:27:34.914000+00:00,20,Saturday,2026-03-07,-0.32330963679998753
2026-03-07 20:27:59.296000+00:00,20,Saturday,2026-03-07,-0.40069247486400117
2026-03-07 20:29:55.530000+00:00,20,Saturday,2026-03-07,-0.4025425050399677
2026-03-07 20:29:56.091000+00:00,20,Saturday,2026-03-07,-0.35844418815678314
2026-03-07 20:30:04.851000+00:00,20,Saturday,2026-03-07,-0.3297274612367984
2026-03-07 20:28:12.741000+00:00,20,Saturday,2026-03-07,-0.5128525666791754
2026-03-07 20:29:32.440000+00:00,20,Saturday,2026-03-07,-0.4051854570240291
2026-03-07 20:28:38.465000+00:00,20,Saturday,2026-03-07,-0.3518789367599898
2026-03-07 20:28:55.315000+00:00,20,Saturday,2026-03-07,-0.47617815841595723
2026-03-07 20:30:15.513000+00:00,20,Saturday,2026-03-07,-0.49091189415841696
2026-03-07 20:30:17.173000+00:00,20,Saturday,2026-03-07,-0.516356026087926
2026-03-07 20:30:17.727000+00:00,20,Saturday,2026-03-07,-0.37509486299998984
2026-03-07 20:30:51.777000+00:00,20,Saturday,2026-03-07,-0.47238854272001124
2026-03-07 20:29:55.530000+00:00,20,Saturday,2026-03-07,-0.3356399333759937
2026-03-07 20:30:04.851000+00:00,20,Saturday,2026-03-07,-0.5856269227048654
2026-03-07 20:30:05.614000+00:00,20,Saturday,2026-03-07,-0.5463877935871653
2026-03-07 20:30:06.174000+00:00,20,Saturday,2026-03-07,-0.42453633310316985
2026-03-07 20:30:06.174000+00:00,20,Saturday,2026-03-07,-0.6149716019999669
2026-03-07 20:30:09.987000+00:00,20,Saturday,2026-03-07,-0.4617253900799806
2026-03-07 20:31:51.966000+00:00,20,Saturday,2026-03-07,-0.32114490423835446
2026-03-07 20:32:10.738000+00:00,20,Saturday,2026-03-07,-0.35056202380800133
2026-03-07 20:30:27.141000+00:00,20,Saturday,2026-03-07,-0.5300834118479105
2026-03-07 20:30:31.724000+00:00,20,Saturday,2026-03-07,-0.483067064444751
2026-03-07 20:29:02.141000+00:00,20,Saturday,2026-03-07,0.723554005176051
2026-03-07 20:30:36.779000+00:00,20,Saturday,2026-03-07,-0.5128832831999447
2026-03-07 20:31:04.980000+00:00,20,Saturday,2026-03-07,-0.4228790517599885
2026-03-07 20:31:04.980000+00:00,20,Saturday,2026-03-07,-0.7132784435127653
2026-03-07 20:31:05.539000+00:00,20,Saturday,2026-03-07,-0.28747516237437803
2026-03-07 20:31:06.097000+00:00,20,Saturday,2026-03-07,-0.5313221650513688
2026-03-07 20:31:12.789000+00:00,20,Saturday,2026-03-07,-1.053936990911958
2026-03-07 20:31:15.083000+00:00,20,Saturday,2026-03-07,-0.6022635206559739
2026-03-07 20:32:16.670000+00:00,20,Saturday,2026-03-07,-1.3385618530463566
2026-03-07 20:31:26.428000+00:00,20,Saturday,2026-03-07,-0.9645141934079602
2026-03-07 20:31:38.447000+00:00,20,Saturday,2026-03-07,-0.6405309471360118
2026-03-07 20:31:56.618000+00:00,20,Saturday,2026-03-07,-0.8737380943199624
2026-03-07 20:31:57.210000+00:00,20,Saturday,2026-03-07,-0.4466548986703703
2026-03-07 20:31:57.802000+00:00,20,Saturday,2026-03-07,-0.07217577797596303
2026-03-07 20:33:43.157000+00:00,20,Saturday,2026-03-07,-0.11111280764634202
2026-03-07 20:32:16.670000+00:00,20,Saturday,2026-03-07,-0.2865114292367758
2026-03-07 20:34:17.619000+00:00,20,Saturday,2026-03-07,-0.4906399429631487
2026-03-07 20:32:22.984000+00:00,20,Saturday,2026-03-07,-0.516356026087926
2026-03-07 20:34:12.039000+00:00,20,Saturday,2026-03-07,-1.1945464376159014
2026-03-07 20:34:17.619000+00:00,20,Saturday,2026-03-07,-0.27778369287357685
2026-03-07 20:34:44.590000+00:00,20,Saturday,2026-03-07,-0.5271647090000094
2026-03-07 20:34:58.630000+00:00,20,Saturday,2026-03-07,-0.7308058732799196
2026-03-07 20:32:52.625000+00:00,20,Saturday,2026-03-07,-0.5046381657600324
2026-03-07 20:32:56.956000+00:00,20,Saturday,2026-03-07,-0.5288624113359854
2026-03-07 20:33:06.806000+00:00,20,Saturday,2026-03-07,-0.6649206903727685
2026-03-07 20:33:07.892000+00:00,20,Saturday,2026-03-07,-0.3769106535359925
2026-03-07 20:33:07.892000+00:00,20,Saturday,2026-03-07,-0.44242979264636223
2026-03-07 20:33:07.892000+00:00,20,Saturday,2026-03-07,-0.5864426962559626
2026-03-07 20:33:12.934000+00:00,20,Saturday,2026-03-07,-0.25295808647996126
2026-03-07 20:33:29.252000+00:00,20,Saturday,2026-03-07,-0.31859910273593395
2026-03-07 20:33:33.656000+00:00,20,Saturday,2026-03-07,-0.48556916505116055
2026-03-07 20:33:38.629000+00:00,20,Saturday,2026-03-07,-0.5729432975999573
2026-03-07 20:33:52.951000+00:00,20,Saturday,2026-03-07,-0.662180214833552
2026-03-07 20:34:07.111000+00:00,20,Saturday,2026-03-07,-0.5190272850175666
2026-03-07 20:34:44.590000+00:00,20,Saturday,2026-03-07,-0.5139238684184171
2026-03-07 20:34:59.750000+00:00,20,Saturday,2026-03-07,-0.5955613787199997
2026-03-07 20:34:59.750000+00:00,20,Saturday,2026-03-07,-0.34329027054400696
2026-03-07 20:35:18.297000+00:00,20,Saturday,2026-03-07,-0.7620798924287884
2026-03-07 20:35:25.431000+00:00,20,Saturday,2026-03-07,-0.83897127904801
2026-03-07 20:36:26.604000+00:00,20,Saturday,2026-03-07,-0.9698892379199717
2026-03-07 20:22:23.569000+00:00,20,Saturday,2026-03-07,-1.1138196597307037
2026-03-07 20:32:18.447000+00:00,20,Saturday,2026-03-07,-0.5105104151999771
2026-03-07 20:34:29.194000+00:00,20,Saturday,2026-03-07,-0.7544220823679688
2026-03-07 20:35:43.766000+00:00,20,Saturday,2026-03-07,0.008295127584848988
2026-03-07 20:36:09.509000+00:00,20,Saturday,2026-03-07,-0.9831998967840115
2026-03-07 20:36:25.868000+00:00,20,Saturday,2026-03-07,-1.115484003839991
2026-03-07 20:36:26.604000+00:00,20,Saturday,2026-03-07,-0.9850916582688032
2026-03-07 20:35:54.580000+00:00,20,Saturday,2026-03-07,-0.9211086694399991
2026-03-07 20:35:58.798000+00:00,20,Saturday,2026-03-07,-1.4184351130320152
2026-03-07 20:36:08.337000+00:00,20,Saturday,2026-03-07,-1.000604407635132
2026-03-07 20:36:40.653000+00:00,20,Saturday,2026-03-07,-0.48380969919998695
2026-03-07 20:36:09.509000+00:00,20,Saturday,2026-03-07,-0.5733810258559778
2026-03-07 20:36:09.509000+00:00,20,Saturday,2026-03-07,-0.5000097803167431
2026-03-07 20:36:26.604000+00:00,20,Saturday,2026-03-07,-0.7187109309279736
2026-03-07 20:36:31.580000+00:00,20,Saturday,2026-03-07,-1.0957733799598746
2026-03-07 20:36:35.517000+00:00,20,Saturday,2026-03-07,-0.617617784476783
2026-03-07 20:36:45.185000+00:00,20,Saturday,2026-03-07,-0.7022887473999615
2026-03-07 20:36:55.507000+00:00,20,Saturday,2026-03-07,-0.662180214833552
2026-03-07 20:36:59.432000+00:00,20,Saturday,2026-03-07,-1.235713234559995
2026-03-07 20:38:48.829000+00:00,20,Saturday,2026-03-07,-0.34248917399998574
2026-03-07 20:38:51.006000+00:00,20,Saturday,2026-03-07,-0.5264007434671919
2026-03-07 20:37:31.575000+00:00,20,Saturday,2026-03-07,-0.66406043180156
2026-03-07 20:38:53.190000+00:00,20,Saturday,2026-03-07,-0.5079774947039559
2026-03-07 20:38:53.190000+00:00,20,Saturday,2026-03-07,-0.34565139719998744
2026-03-07 20:37:59.420000+00:00,20,Saturday,2026-03-07,-0.34106157736559856
2026-03-07 20:38:02.124000+00:00,20,Saturday,2026-03-07,-0.6260075838759745
2026-03-07 20:38:02.124000+00:00,20,Saturday,2026-03-07,-0.6778235439359545
2026-03-07 20:38:11.060000+00:00,20,Saturday,2026-03-07,-0.514688004353575
2026-03-07 20:38:11.060000+00:00,20,Saturday,2026-03-07,-1.1454290722559868
2026-03-07 20:38:20.490000+00:00,20,Saturday,2026-03-07,-0.6884395048943759
2026-03-07 20:40:32.891000+00:00,20,Saturday,2026-03-07,-0.21078035918879195
2026-03-07 20:38:27.003000+00:00,20,Saturday,2026-03-07,-0.9062912600640252
2026-03-07 20:38:28.111000+00:00,20,Saturday,2026-03-07,-0.6405032087999376
2026-03-07 20:38:45.540000+00:00,20,Saturday,2026-03-07,-0.07805718230402223
2026-03-07 20:38:47.730000+00:00,20,Saturday,2026-03-07,-0.46294947647999724
2026-03-07 20:38:47.730000+00:00,20,Saturday,2026-03-07,-0.38943391902556335
2026-03-07 20:38:48.829000+00:00,20,Saturday,2026-03-07,-0.6697542942144394
2026-03-07 20:38:53.747000+00:00,20,Saturday,2026-03-07,-0.32385367519999486
2026-03-07 20:39:00.318000+00:00,20,Saturday,2026-03-07,-0.46008224769597766
2026-03-07 20:39:34.001000+00:00,20,Saturday,2026-03-07,-0.34209790691997954
2026-03-07 20:40:51.932000+00:00,20,Saturday,2026-03-07,-0.18459975504001372
2026-03-07 20:40:53.800000+00:00,20,Saturday,2026-03-07,-0.4359238387199904
2026-03-07 20:40:53.800000+00:00,20,Saturday,2026-03-07,-0.25551037199999566
2026-03-07 20:41:23.180000+00:00,20,Saturday,2026-03-07,-0.30149269111440485
2026-03-07 20:39:16.437000+00:00,20,Saturday,2026-03-07,-0.24450014500559367
2026-03-07 20:38:49.928000+00:00,20,Saturday,2026-03-07,-0.28133897727993196
2026-03-07 20:39:28.478000+00:00,20,Saturday,2026-03-07,-0.536071200271918
2026-03-07 20:39:38.379000+00:00,20,Saturday,2026-03-07,-0.6218398945991492
2026-03-07 20:41:13.709000+00:00,20,Saturday,2026-03-07,-0.27196546615839384
2026-03-07 20:39:16.437000+00:00,20,Saturday,2026-03-07,0.7636551589680142
2026-03-07 20:39:47.855000+00:00,20,Saturday,2026-03-07,-0.4924867257999367
2026-03-07 20:41:47.244000+00:00,20,Saturday,2026-03-07,-0.3686751170879503
2026-03-07 20:39:57.722000+00:00,20,Saturday,2026-03-07,-0.6650433529231519
2026-03-07 20:40:01.140000+00:00,20,Saturday,2026-03-07,-0.7318139740799603
2026-03-07 20:41:49.485000+00:00,20,Saturday,2026-03-07,-0.31880544191997945
2026-03-07 20:40:51.932000+00:00,20,Saturday,2026-03-07,-0.49504096853753393
2026-03-07 20:41:28.756000+00:00,20,Saturday,2026-03-07,-0.44253818222402536
2026-03-07 20:41:49.485000+00:00,20,Saturday,2026-03-07,-0.290543066692791
2026-03-07 20:42:54.478000+00:00,20,Saturday,2026-03-07,-0.500623402608001
2026-03-07 20:41:01.470000+00:00,20,Saturday,2026-03-07,-0.34106157736559856
2026-03-07 20:41:04.372000+00:00,20,Saturday,2026-03-07,-0.45715220328953826
2026-03-07 20:41:04.372000+00:00,20,Saturday,2026-03-07,-0.4085633199999726
2026-03-07 20:41:30.399000+00:00,20,Saturday,2026-03-07,-0.5858485956959552
2026-03-07 20:42:52.497000+00:00,20,Saturday,2026-03-07,-0.2586101976640005
2026-03-07 20:43:48.383000+00:00,20,Saturday,2026-03-07,-0.3841519127391839
2026-03-07 20:42:30.597000+00:00,20,Saturday,2026-03-07,-0.11858293784478022
2026-03-07 20:41:51.192000+00:00,20,Saturday,2026-03-07,-0.4770008642610548
2026-03-07 20:41:55.654000+00:00,20,Saturday,2026-03-07,-0.3638256799999989
2026-03-07 20:44:19.490000+00:00,20,Saturday,2026-03-07,-0.33426127324797905
2026-03-07 20:42:03.673000+00:00,20,Saturday,2026-03-07,-0.31042413023997334
2026-03-07 20:43:02.628000+00:00,20,Saturday,2026-03-07,-0.42909894871998966
2026-03-07 20:42:25.688000+00:00,20,Saturday,2026-03-07,-0.3931772976000151
2026-03-07 20:42:25.688000+00:00,20,Saturday,2026-03-07,-0.4619760169823601
2026-03-07 20:42:54.478000+00:00,20,Saturday,2026-03-07,-0.3655143031039829
2026-03-07 20:42:56.643000+00:00,20,Saturday,2026-03-07,-0.9032093821439151
2026-03-07 20:42:59.887000+00:00,20,Saturday,2026-03-07,-0.6689481205343228
2026-03-07 20:44:13.322000+00:00,20,Saturday,2026-03-07,-0.18784023090000648
2026-03-07 20:42:33.928000+00:00,20,Saturday,2026-03-07,-0.10837340811358981
2026-03-07 20:43:14.801000+00:00,20,Saturday,2026-03-07,-0.5144454312319509
2026-03-07 20:43:50.596000+00:00,20,Saturday,2026-03-07,-0.48993698879999314
2026-03-07 20:45:56.496000+00:00,20,Saturday,2026-03-07,-0.4966562539439419
2026-03-07 20:44:13.322000+00:00,20,Saturday,2026-03-07,-0.8270879226960031
2026-03-07 20:44:13.322000+00:00,20,Saturday,2026-03-07,-0.5006067276671282
2026-03-07 20:44:13.322000+00:00,20,Saturday,2026-03-07,-0.7457497675200561
2026-03-07 20:44:31.931000+00:00,20,Saturday,2026-03-07,-0.4272810328800034
2026-03-07 20:47:14.669000+00:00,20,Saturday,2026-03-07,-0.3689306885375734
2026-03-07 20:44:53.056000+00:00,20,Saturday,2026-03-07,-0.3362878162880187
2026-03-07 20:44:53.056000+00:00,20,Saturday,2026-03-07,-0.46472869188712185
2026-03-07 20:44:55.587000+00:00,20,Saturday,2026-03-07,-0.3924847745279888
2026-03-07 20:47:33.529000+00:00,20,Saturday,2026-03-07,-0.4836003551999499
2026-03-07 20:45:23.158000+00:00,20,Saturday,2026-03-07,-0.24731473311994023
2026-03-07 20:45:26.801000+00:00,20,Saturday,2026-03-07,-0.345634395999999
2026-03-07 20:45:27.910000+00:00,20,Saturday,2026-03-07,-0.3550258588799544
2026-03-07 20:45:27.910000+00:00,20,Saturday,2026-03-07,-0.3272233884911734
2026-03-07 20:45:58.658000+00:00,20,Saturday,2026-03-07,-0.7090758174719538
2026-03-07 20:46:01.889000+00:00,20,Saturday,2026-03-07,-0.6668741101439231
2026-03-07 20:46:13.404000+00:00,20,Saturday,2026-03-07,-0.4167033325151813
2026-03-07 20:46:13.953000+00:00,20,Saturday,2026-03-07,-0.342176868633563
2026-03-07 20:46:24.409000+00:00,20,Saturday,2026-03-07,-0.5144454312319509
2026-03-07 20:46:24.983000+00:00,20,Saturday,2026-03-07,-1.1914118217119944
2026-03-07 20:45:51.554000+00:00,20,Saturday,2026-03-07,-0.026349770271953732
2026-03-07 20:48:49.796000+00:00,20,Saturday,2026-03-07,-0.3513427189119651
2026-03-07 20:49:00.026000+00:00,20,Saturday,2026-03-07,-0.507480889651954
2026-03-07 20:46:52.665000+00:00,20,Saturday,2026-03-07,-0.2929744814399887
2026-03-07 20:47:30.297000+00:00,20,Saturday,2026-03-07,-0.49486623104397837
2026-03-07 20:47:54.409000+00:00,20,Saturday,2026-03-07,-0.20163931709598226
2026-03-07 20:47:14.669000+00:00,20,Saturday,2026-03-07,-0.4199543309015827
2026-03-07 20:47:54.947000+00:00,20,Saturday,2026-03-07,-0.46987597785122837
2026-03-07 20:48:29.413000+00:00,20,Saturday,2026-03-07,-0.38671584432000883
2026-03-07 20:49:15.767000+00:00,20,Saturday,2026-03-07,-0.7116658015630781
2026-03-07 20:45:14.007000+00:00,20,Saturday,2026-03-07,-0.42728116305598685
2026-03-07 20:48:28.336000+00:00,20,Saturday,2026-03-07,-0.37385476463997425
2026-03-07 20:47:57.239000+00:00,20,Saturday,2026-03-07,-0.3454482299039868
2026-03-07 20:49:32.273000+00:00,20,Saturday,2026-03-07,-0.5027595989327226
2026-03-07 20:42:04.823000+00:00,20,Saturday,2026-03-07,-0.25573628766389833
2026-03-07 20:42:51.952000+00:00,20,Saturday,2026-03-07,-0.4822091658239255
2026-03-07 20:48:24.605000+00:00,20,Saturday,2026-03-07,-0.26605332319999647
2026-03-07 20:49:15.196000+00:00,20,Saturday,2026-03-07,-0.14133707516158464
2026-03-07 20:49:04.433000+00:00,20,Saturday,2026-03-07,-0.24274984309114245
2026-03-07 20:49:34.450000+00:00,20,Saturday,2026-03-07,-0.342341603583951
2026-03-07 20:50:09.160000+00:00,20,Saturday,2026-03-07,-0.32952643904797024
2026-03-07 20:50:14.893000+00:00,20,Saturday,2026-03-07,-0.7280207403945267
2026-03-07 20:50:16.539000+00:00,20,Saturday,2026-03-07,-0.504533136268783
2026-03-07 20:50:21.968000+00:00,20,Saturday,2026-03-07,-0.40094746017599825
2026-03-07 20:50:39.150000+00:00,20,Saturday,2026-03-07,-0.373672346400002
2026-03-07 20:49:26.357000+00:00,20,Saturday,2026-03-07,-0.12494022167988833
2026-03-07 20:49:26.357000+00:00,20,Saturday,2026-03-07,-0.5216564902119929
2026-03-07 20:49:29+00:00,20,Saturday,2026-03-07,-0.46956643994875946
2026-03-07 20:49:29+00:00,20,Saturday,2026-03-07,-0.4981546115567428
2026-03-07 20:51:05.451000+00:00,20,Saturday,2026-03-07,-0.32421365983435213
2026-03-07 20:51:01.096000+00:00,20,Saturday,2026-03-07,-1.6230656617127717
2026-03-07 20:52:22.888000+00:00,20,Saturday,2026-03-07,-0.40211193787198496
2026-03-07 20:44:50.343000+00:00,20,Saturday,2026-03-07,-0.39406918495196563
2026-03-07 20:50:09.703000+00:00,20,Saturday,2026-03-07,-0.4494063167440182
2026-03-07 20:50:38.455000+00:00,20,Saturday,2026-03-07,-0.23013300225597258
2026-03-07 20:51:15.879000+00:00,20,Saturday,2026-03-07,-0.2494354679519764
2026-03-07 20:52:17.414000+00:00,20,Saturday,2026-03-07,-0.1929460755393183
2026-03-07 20:52:23.427000+00:00,20,Saturday,2026-03-07,-0.19142774111997066
2026-03-07 20:52:30.706000+00:00,20,Saturday,2026-03-07,-0.3510484403608118
2026-03-07 20:53:03.570000+00:00,20,Saturday,2026-03-07,-0.4985440728624181
2026-03-07 20:50:39.150000+00:00,20,Saturday,2026-03-07,-0.33220570968000873
2026-03-07 20:50:46.146000+00:00,20,Saturday,2026-03-07,-0.4413355078079615
2026-03-07 20:50:46.146000+00:00,20,Saturday,2026-03-07,-0.4151786063999916
2026-03-07 20:50:51.700000+00:00,20,Saturday,2026-03-07,-0.7143586206399827
2026-03-07 20:51:16.511000+00:00,20,Saturday,2026-03-07,-0.7785825765696115
2026-03-07 20:51:35.081000+00:00,20,Saturday,2026-03-07,-0.313459901104004
2026-03-07 20:52:09.731000+00:00,20,Saturday,2026-03-07,-0.46570709405278776
2026-03-07 20:53:04.098000+00:00,20,Saturday,2026-03-07,-0.283473641599964
2026-03-07 20:52:23.427000+00:00,20,Saturday,2026-03-07,-0.4203948917999789
2026-03-07 20:52:29.618000+00:00,20,Saturday,2026-03-07,-0.5222503421280356
2026-03-07 20:53:16.709000+00:00,20,Saturday,2026-03-07,-0.07133609274879307
2026-03-07 20:53:24.680000+00:00,20,Saturday,2026-03-07,-2.7690303931414983
2026-03-07 20:53:15.646000+00:00,20,Saturday,2026-03-07,-0.9757696060799943
2026-03-07 20:55:04.324000+00:00,20,Saturday,2026-03-07,-0.9318820053311299
2026-03-07 20:52:17.414000+00:00,20,Saturday,2026-03-07,-1.0330402848191877
2026-03-07 20:53:40.517000+00:00,20,Saturday,2026-03-07,-0.9078524121599285
2026-03-07 20:53:47.509000+00:00,20,Saturday,2026-03-07,-0.6246397749599977
2026-03-07 20:53:47.509000+00:00,20,Saturday,2026-03-07,-0.5928011980799441
2026-03-07 20:53:52.899000+00:00,20,Saturday,2026-03-07,-0.7156944391999969
2026-03-07 20:54:18.443000+00:00,20,Saturday,2026-03-07,-1.0856717016050017
2026-03-07 20:54:25.433000+00:00,20,Saturday,2026-03-07,-0.9448803541887871
2026-03-07 20:54:18.988000+00:00,20,Saturday,2026-03-07,-0.6030434937999611
2026-03-07 20:54:23.805000+00:00,20,Saturday,2026-03-07,-0.4454122722719706
2026-03-07 20:54:24.341000+00:00,20,Saturday,2026-03-07,-0.359405367999964
2026-03-07 20:54:25.433000+00:00,20,Saturday,2026-03-07,-0.33414641314077287
2026-03-07 20:54:25.433000+00:00,20,Saturday,2026-03-07,-0.6939369242879281
2026-03-07 20:54:35.408000+00:00,20,Saturday,2026-03-07,-0.4954792631183248
2026-03-07 20:54:37.046000+00:00,20,Saturday,2026-03-07,-0.34283803862395773
2026-03-07 20:57:05.027000+00:00,20,Saturday,2026-03-07,-0.3251879589887458
2026-03-07 20:51:33.388000+00:00,20,Saturday,2026-03-07,-0.14346118390637652
2026-03-07 20:53:29.303000+00:00,20,Saturday,2026-03-07,-0.31498387321436006
2026-03-07 20:55:09.715000+00:00,20,Saturday,2026-03-07,-0.44363367999996955
2026-03-07 20:55:25.551000+00:00,20,Saturday,2026-03-07,-0.3454983863999587
2026-03-07 20:55:28.301000+00:00,20,Saturday,2026-03-07,-0.4299808990719788
2026-03-07 20:57:21.345000+00:00,20,Saturday,2026-03-07,-0.6791494441535685
2026-03-07 20:55:31.535000+00:00,20,Saturday,2026-03-07,-0.5222503421280356
2026-03-07 20:57:26.257000+00:00,20,Saturday,2026-03-07,-0.37204406007996
2026-03-07 20:57:43.240000+00:00,20,Saturday,2026-03-07,-0.33325208201600676
2026-03-07 20:56:07.198000+00:00,20,Saturday,2026-03-07,-1.044518963846381
2026-03-07 20:56:17.023000+00:00,20,Saturday,2026-03-07,-0.7418626862399929
2026-03-07 20:56:54.530000+00:00,20,Saturday,2026-03-07,-0.24762415495994214
2026-03-07 20:56:33.663000+00:00,20,Saturday,2026-03-07,-0.3365945070399452
2026-03-07 20:56:43.047000+00:00,20,Saturday,2026-03-07,-0.5051822041600113
2026-03-07 20:56:50.167000+00:00,20,Saturday,2026-03-07,-0.663267920159995
2026-03-07 20:56:50.167000+00:00,20,Saturday,2026-03-07,-0.7151870315519451
2026-03-07 20:57:43.240000+00:00,20,Saturday,2026-03-07,-0.4341423235967661
2026-03-07 20:59:36.272000+00:00,20,Saturday,2026-03-07,-0.4992367186799858
2026-03-07 20:57:16.410000+00:00,20,Saturday,2026-03-07,-0.10951606043517807
2026-03-07 20:57:18.051000+00:00,20,Saturday,2026-03-07,-0.4637886302255233
2026-03-07 20:57:20.255000+00:00,20,Saturday,2026-03-07,-0.47441941842240537
2026-03-07 20:57:26.257000+00:00,20,Saturday,2026-03-07,-0.5535339259679943
2026-03-07 20:57:27.359000+00:00,20,Saturday,2026-03-07,-0.4739335326143591
2026-03-07 20:57:27.359000+00:00,20,Saturday,2026-03-07,-0.7459465872000043
2026-03-07 20:58:12.104000+00:00,20,Saturday,2026-03-07,-0.6439697375999924
2026-03-07 20:59:09.871000+00:00,20,Saturday,2026-03-07,-2.6473237193039045
2026-03-07 20:59:36.272000+00:00,20,Saturday,2026-03-07,-1.1925764599000397
2026-03-07 20:59:52.189000+00:00,20,Saturday,2026-03-07,-0.627201900288005
2026-03-07 20:57:48.111000+00:00,20,Saturday,2026-03-07,-0.6819426518687738
2026-03-07 20:57:53.526000+00:00,20,Saturday,2026-03-07,-0.9233543751167128
2026-03-07 20:47:54.947000+00:00,20,Saturday,2026-03-07,-0.6570034189920053
2026-03-07 20:59:52.189000+00:00,20,Saturday,2026-03-07,-0.6872288270400126
2026-03-07 21:00:07.947000+00:00,21,Saturday,2026-03-07,-0.38500917520001376
2026-03-07 20:58:30.538000+00:00,20,Saturday,2026-03-07,-0.6726728231711598
2026-03-07 20:58:33.802000+00:00,20,Saturday,2026-03-07,-0.7380349161119893
2026-03-07 21:00:29.580000+00:00,21,Saturday,2026-03-07,-0.3540028657984027
2026-03-07 20:59:18.392000+00:00,20,Saturday,2026-03-07,-0.4573985535360007
2026-03-07 20:59:24.233000+00:00,20,Saturday,2026-03-07,-0.4844713130399581
2026-03-07 21:00:28.514000+00:00,21,Saturday,2026-03-07,-0.18267698836794133
2026-03-07 20:59:22.083000+00:00,20,Saturday,2026-03-07,-0.464035003639064
2026-03-07 21:00:38.652000+00:00,21,Saturday,2026-03-07,-0.3758553565680025
2026-03-07 21:00:39.241000+00:00,21,Saturday,2026-03-07,-0.5139393887999759
2026-03-07 20:59:26.909000+00:00,20,Saturday,2026-03-07,-0.5460208879199788
2026-03-07 21:00:50.633000+00:00,21,Saturday,2026-03-07,-0.7770044230559998
2026-03-07 21:00:55.600000+00:00,21,Saturday,2026-03-07,-0.6853416793151998
2026-03-07 21:01:11.209000+00:00,21,Saturday,2026-03-07,-0.4821150866880285
2026-03-07 20:59:44.006000+00:00,20,Saturday,2026-03-07,-0.3426277001759386
2026-03-07 21:01:32.841000+00:00,21,Saturday,2026-03-07,-0.4655386452095797
2026-03-07 21:01:40.742000+00:00,21,Saturday,2026-03-07,-0.276032818900812
2026-03-07 21:01:41.288000+00:00,21,Saturday,2026-03-07,-0.6815154567310873
2026-03-07 21:01:41.288000+00:00,21,Saturday,2026-03-07,-0.49897629263996396
2026-03-07 21:01:52.943000+00:00,21,Saturday,2026-03-07,-0.6590626996799345
2026-03-07 21:02:00.755000+00:00,21,Saturday,2026-03-07,-0.7054044917759571
2026-03-07 21:02:04.930000+00:00,21,Saturday,2026-03-07,-0.480753133119993
2026-03-07 21:00:29.580000+00:00,21,Saturday,2026-03-07,-0.47524636788479313
2026-03-07 21:00:29.580000+00:00,21,Saturday,2026-03-07,-0.4637886302255233
2026-03-07 21:00:38.652000+00:00,21,Saturday,2026-03-07,-0.3606762417023845
2026-03-07 21:02:28.988000+00:00,21,Saturday,2026-03-07,-0.37184684615995733
2026-03-07 21:02:13.821000+00:00,21,Saturday,2026-03-07,-0.2542603003200009
2026-03-07 21:02:45.004000+00:00,21,Saturday,2026-03-07,-0.3295567011840027
2026-03-07 21:00:21.588000+00:00,21,Saturday,2026-03-07,-0.10258074043593945
2026-03-07 21:03:42.211000+00:00,21,Saturday,2026-03-07,-0.48755225302398897
2026-03-07 21:04:18.718000+00:00,21,Saturday,2026-03-07,-0.6613009880732593
2026-03-07 21:01:52.943000+00:00,21,Saturday,2026-03-07,-0.7590523841279773
2026-03-07 21:02:29.580000+00:00,21,Saturday,2026-03-07,-0.37318520404799294
2026-03-07 21:02:30.750000+00:00,21,Saturday,2026-03-07,-0.35401524092479963
2026-03-07 21:02:44.459000+00:00,21,Saturday,2026-03-07,-0.6151317867360051
2026-03-07 21:02:45.004000+00:00,21,Saturday,2026-03-07,-0.6020828193600227
2026-03-07 21:02:56.405000+00:00,21,Saturday,2026-03-07,-0.8139838576351339
2026-03-07 21:03:53.970000+00:00,21,Saturday,2026-03-07,-1.128807439200033
2026-03-07 21:04:53.101000+00:00,21,Saturday,2026-03-07,-0.6395525060639894
2026-03-07 21:02:15.509000+00:00,21,Saturday,2026-03-07,-1.124188357336805
2026-03-07 21:04:05.981000+00:00,21,Saturday,2026-03-07,-1.4458560782399157
2026-03-07 21:03:31.421000+00:00,21,Saturday,2026-03-07,-0.3315647469183701
2026-03-07 21:03:33.576000+00:00,21,Saturday,2026-03-07,-0.5242484823264072
2026-03-07 21:03:41.676000+00:00,21,Saturday,2026-03-07,-0.5328574588127741
2026-03-07 21:05:52.766000+00:00,21,Saturday,2026-03-07,-0.2053021476000193
2026-03-07 21:04:29.985000+00:00,21,Saturday,2026-03-07,-0.6621369157599674
2026-03-07 21:06:29.062000+00:00,21,Saturday,2026-03-07,-0.5039736440991103
2026-03-07 21:06:19.573000+00:00,21,Saturday,2026-03-07,-0.45684679540988726
2026-03-07 21:06:53.733000+00:00,21,Saturday,2026-03-07,-0.46600755609598055
2026-03-07 21:07:14.033000+00:00,21,Saturday,2026-03-07,-0.531793251697515
2026-03-07 21:05:33.262000+00:00,21,Saturday,2026-03-07,-0.3792843554111094
2026-03-07 21:05:32.099000+00:00,21,Saturday,2026-03-07,-0.8853230513279811
2026-03-07 21:05:52.104000+00:00,21,Saturday,2026-03-07,-0.37191831511998524
2026-03-07 21:05:52.104000+00:00,21,Saturday,2026-03-07,-0.49791564159998575
2026-03-07 21:05:52.104000+00:00,21,Saturday,2026-03-07,-0.34208808168959537
2026-03-07 21:02:51.575000+00:00,21,Saturday,2026-03-07,-2.6861080957247148
2026-03-07 21:07:53.331000+00:00,21,Saturday,2026-03-07,-0.2462968981960194
2026-03-07 21:06:29.062000+00:00,21,Saturday,2026-03-07,-0.8584104513599005
2026-03-07 21:06:45.105000+00:00,21,Saturday,2026-03-07,-0.3936173721423917
2026-03-07 21:06:45.105000+00:00,21,Saturday,2026-03-07,-0.3315647469183701
2026-03-07 21:08:53.187000+00:00,21,Saturday,2026-03-07,-1.0462732461152018
2026-03-07 21:09:28.810000+00:00,21,Saturday,2026-03-07,-0.7338389125535014
2026-03-07 21:09:06.114000+00:00,21,Saturday,2026-03-07,-0.8030787411840061
2026-03-07 21:07:52.798000+00:00,21,Saturday,2026-03-07,-0.7295150656000546
2026-03-07 21:08:08.997000+00:00,21,Saturday,2026-03-07,-1.079128936367966
2026-03-07 21:08:17.719000+00:00,21,Saturday,2026-03-07,-0.6515521182719595
2026-03-07 21:08:17.719000+00:00,21,Saturday,2026-03-07,-1.0849901529599384
2026-03-07 21:08:20.390000+00:00,21,Saturday,2026-03-07,-1.3635906214442475
2026-03-07 21:08:30.047000+00:00,21,Saturday,2026-03-07,-0.9794644816318527
2026-03-07 21:08:34.349000+00:00,21,Saturday,2026-03-07,-0.8437159647359357
2026-03-07 21:11:06.990000+00:00,21,Saturday,2026-03-07,-0.1531141039023535
2026-03-07 21:08:53.187000+00:00,21,Saturday,2026-03-07,-0.25330420503997814
2026-03-07 21:08:53.187000+00:00,21,Saturday,2026-03-07,-0.46013605071996766
2026-03-07 21:08:54.278000+00:00,21,Saturday,2026-03-07,-0.5304005459999771
2026-03-07 21:09:51.060000+00:00,21,Saturday,2026-03-07,-0.1723002798000029
2026-03-07 21:11:11.274000+00:00,21,Saturday,2026-03-07,-0.5067353368800116
2026-03-07 21:11:24.643000+00:00,21,Saturday,2026-03-07,-0.4565217538511349
2026-03-07 21:11:31.902000+00:00,21,Saturday,2026-03-07,-0.41226438385434766
2026-03-07 21:09:30.938000+00:00,21,Saturday,2026-03-07,-0.32320421392002074
2026-03-07 21:10:57.090000+00:00,21,Saturday,2026-03-07,-0.34556620415995626
2026-03-07 21:09:54.279000+00:00,21,Saturday,2026-03-07,-0.0742376668192058
2026-03-07 21:09:51.060000+00:00,21,Saturday,2026-03-07,-0.33292361883196997
2026-03-07 21:12:00.683000+00:00,21,Saturday,2026-03-07,-0.47565940118395333
2026-03-07 21:12:48.794000+00:00,21,Saturday,2026-03-07,-0.16913483534635132
2026-03-07 21:13:03.433000+00:00,21,Saturday,2026-03-07,-0.2830354473599786
2026-03-07 21:13:37.667000+00:00,21,Saturday,2026-03-07,-0.3690892077263837
2026-03-07 21:05:59.098000+00:00,21,Saturday,2026-03-07,-0.4558666811663019
2026-03-07 21:11:56.818000+00:00,21,Saturday,2026-03-07,-0.12231271599998161
2026-03-07 21:06:29.062000+00:00,21,Saturday,2026-03-07,-0.2842473600799547
2026-03-07 21:11:24.643000+00:00,21,Saturday,2026-03-07,-0.461529659135973
2026-03-07 21:11:24.643000+00:00,21,Saturday,2026-03-07,-0.46270465919999393
2026-03-07 21:11:46.742000+00:00,21,Saturday,2026-03-07,-0.5239011413999665
2026-03-07 21:11:55.715000+00:00,21,Saturday,2026-03-07,-0.43164145127999687
2026-03-07 21:13:37.667000+00:00,21,Saturday,2026-03-07,-0.2378497556880039
2026-03-07 21:14:24.064000+00:00,21,Saturday,2026-03-07,-0.34551172086076426
2026-03-07 21:14:29.367000+00:00,21,Saturday,2026-03-07,-0.37534949172795884
2026-03-07 21:14:48.764000+00:00,21,Saturday,2026-03-07,-0.47345742100800525
2026-03-07 21:12:33.145000+00:00,21,Saturday,2026-03-07,-0.7328220748799412
2026-03-07 21:14:53.904000+00:00,21,Saturday,2026-03-07,-0.18144148633913076
2026-03-07 21:14:23.520000+00:00,21,Saturday,2026-03-07,-0.12033250779353247
2026-03-07 21:13:02.902000+00:00,21,Saturday,2026-03-07,-0.4771128989039738
2026-03-07 21:13:02.902000+00:00,21,Saturday,2026-03-07,-0.5009819826119454
2026-03-07 21:02:44.459000+00:00,21,Saturday,2026-03-07,-1.635533569199993
2026-03-07 21:15:56.670000+00:00,21,Saturday,2026-03-07,0.47996847044655067
2026-03-07 21:14:26.726000+00:00,21,Saturday,2026-03-07,-1.1833131152447063
2026-03-07 21:16:06.270000+00:00,21,Saturday,2026-03-07,-0.44154054322075187
2026-03-07 21:16:54.753000+00:00,21,Saturday,2026-03-07,-0.6724659115295374
2026-03-07 21:14:48.764000+00:00,21,Saturday,2026-03-07,-0.3999435595199913
2026-03-07 21:15:04.156000+00:00,21,Saturday,2026-03-07,-0.6091629263999425
2026-03-07 21:17:50.237000+00:00,21,Saturday,2026-03-07,0.1848558017600166
2026-03-07 21:15:38.606000+00:00,21,Saturday,2026-03-07,-0.9499619662344889
2026-03-07 21:15:48.418000+00:00,21,Saturday,2026-03-07,-0.6038138531647158
2026-03-07 21:16:05.208000+00:00,21,Saturday,2026-03-07,-0.7298384516719834
2026-03-07 21:16:27.833000+00:00,21,Saturday,2026-03-07,-0.5072224926455171
2026-03-07 21:16:27.833000+00:00,21,Saturday,2026-03-07,-0.7319908541375566
2026-03-07 21:16:29.995000+00:00,21,Saturday,2026-03-07,-0.4996372954239763
2026-03-07 21:18:55.346000+00:00,21,Saturday,2026-03-07,-0.21475015637033032
2026-03-07 21:16:52.090000+00:00,21,Saturday,2026-03-07,-0.36451927511998883
2026-03-07 21:11:36.273000+00:00,21,Saturday,2026-03-07,-0.386963527103951
2026-03-07 21:15:35.468000+00:00,21,Saturday,2026-03-07,-0.3258347830399304
2026-03-07 21:18:50.174000+00:00,21,Saturday,2026-03-07,-0.06400118259016246
2026-03-07 21:19:29.853000+00:00,21,Saturday,2026-03-07,-0.1868683268135774
2026-03-07 21:19:29.853000+00:00,21,Saturday,2026-03-07,-0.2388734384799739
2026-03-07 21:19:54.851000+00:00,21,Saturday,2026-03-07,-0.22761856672799063
2026-03-07 21:18:24.255000+00:00,21,Saturday,2026-03-07,-0.2970766516607524
2026-03-07 21:17:40.050000+00:00,21,Saturday,2026-03-07,-0.7136160155487831
2026-03-07 21:17:50.237000+00:00,21,Saturday,2026-03-07,-0.384449159687995
2026-03-07 21:20:33.151000+00:00,21,Saturday,2026-03-07,-0.07897413047994789
2026-03-07 21:21:30.584000+00:00,21,Saturday,2026-03-07,-0.20436719184000535
2026-03-07 21:21:30.584000+00:00,21,Saturday,2026-03-07,-0.4008707873999501
2026-03-07 21:20:41.706000+00:00,21,Saturday,2026-03-07,-0.9753222953375204
2026-03-07 21:20:51.111000+00:00,21,Saturday,2026-03-07,-0.4685626090098135
2026-03-07 21:20:56.313000+00:00,21,Saturday,2026-03-07,-1.1049888471336164
2026-03-07 21:21:09.412000+00:00,21,Saturday,2026-03-07,-0.2753882007359899
2026-03-07 21:22:09.261000+00:00,21,Saturday,2026-03-07,0.16871533208327172
2026-03-07 21:21:55.656000+00:00,21,Saturday,2026-03-07,-0.31565687025599165
2026-03-07 21:25:01.363000+00:00,21,Saturday,2026-03-07,-0.6572577559103414
2026-03-07 21:22:43.112000+00:00,21,Saturday,2026-03-07,5.5343310911919845
2026-03-07 21:23:35.270000+00:00,21,Saturday,2026-03-07,-1.8940796663999528
2026-03-07 21:23:04.813000+00:00,21,Saturday,2026-03-07,-0.7154299430399229
2026-03-07 21:23:04.813000+00:00,21,Saturday,2026-03-07,-0.4729013334047547
2026-03-07 21:24:12.930000+00:00,21,Saturday,2026-03-07,-0.25690870547996836
2026-03-07 21:25:46.923000+00:00,21,Saturday,2026-03-07,-0.33869140206718046
2026-03-07 21:24:26.786000+00:00,21,Saturday,2026-03-07,-1.0664575767456022
2026-03-07 21:23:35.270000+00:00,21,Saturday,2026-03-07,-0.9300472581456065
2026-03-07 21:23:44.060000+00:00,21,Saturday,2026-03-07,-0.6483026476415629
2026-03-07 21:24:45.254000+00:00,21,Saturday,2026-03-07,-0.8401832168399652
2026-03-07 21:24:57.704000+00:00,21,Saturday,2026-03-07,-0.3929047648239764
2026-03-07 21:27:47.174000+00:00,21,Saturday,2026-03-07,-0.30895905004797575
2026-03-07 21:26:09.885000+00:00,21,Saturday,2026-03-07,-0.9557468083199109
2026-03-07 21:26:09.885000+00:00,21,Saturday,2026-03-07,-2.2405595928799547
2026-03-07 21:26:09.885000+00:00,21,Saturday,2026-03-07,-0.4729013334047547
2026-03-07 21:26:09.885000+00:00,21,Saturday,2026-03-07,-0.6465768432191377
2026-03-07 21:26:13.618000+00:00,21,Saturday,2026-03-07,-2.8935184831727563
2026-03-07 21:26:27.386000+00:00,21,Saturday,2026-03-07,-1.0709490705724596
2026-03-07 21:27:47.698000+00:00,21,Saturday,2026-03-07,-0.2650095259239823
2026-03-07 21:26:36.940000+00:00,21,Saturday,2026-03-07,-0.23602265667677763
2026-03-07 21:28:46.588000+00:00,21,Saturday,2026-03-07,-0.29521521276697016
2026-03-07 21:26:46.596000+00:00,21,Saturday,2026-03-07,-1.0203319725982336
2026-03-07 21:29:28.416000+00:00,21,Saturday,2026-03-07,-0.7149780954604645
2026-03-07 21:29:20.087000+00:00,21,Saturday,2026-03-07,-0.6801152299199604
2026-03-07 21:29:20.087000+00:00,21,Saturday,2026-03-07,-0.37699976959992365
2026-03-07 21:00:24.790000+00:00,21,Saturday,2026-03-07,0.028522644422415533
2026-03-07 21:29:38.845000+00:00,21,Saturday,2026-03-07,-0.19187762286957794
2026-03-07 21:29:20.087000+00:00,21,Saturday,2026-03-07,-0.2418621091199351
2026-03-07 21:27:59.077000+00:00,21,Saturday,2026-03-07,-0.22277743603197542
2026-03-07 21:29:48.277000+00:00,21,Saturday,2026-03-07,-0.1789846965024402
2026-03-07 21:29:47.748000+00:00,21,Saturday,2026-03-07,-0.12369444251997466
2026-03-07 21:31:03.729000+00:00,21,Saturday,2026-03-07,-0.30427935897593333
2026-03-07 21:31:20.879000+00:00,21,Saturday,2026-03-07,-0.2804141119999621
2026-03-07 21:31:29.328000+00:00,21,Saturday,2026-03-07,-0.7149674287938741
2026-03-07 21:28:46.588000+00:00,21,Saturday,2026-03-07,3.9558214827198888
2026-03-07 21:31:39.864000+00:00,21,Saturday,2026-03-07,-0.1103047671023453
2026-03-07 21:31:20.879000+00:00,21,Saturday,2026-03-07,-0.34400083307024737
2026-03-07 21:29:20.087000+00:00,21,Saturday,2026-03-07,-0.47434018127515454
2026-03-07 21:29:20.087000+00:00,21,Saturday,2026-03-07,-0.6496811216159983
2026-03-07 21:31:20.879000+00:00,21,Saturday,2026-03-07,-1.0600335627999649
2026-03-07 21:29:48.277000+00:00,21,Saturday,2026-03-07,-1.026920705659108
2026-03-07 21:32:23.526000+00:00,21,Saturday,2026-03-07,-0.24731162623995384
2026-03-07 21:32:47.227000+00:00,21,Saturday,2026-03-07,-0.32320539288798156
2026-03-07 21:32:41.130000+00:00,21,Saturday,2026-03-07,-0.3000976761887489
2026-03-07 21:30:27.042000+00:00,21,Saturday,2026-03-07,-0.4644154769039969
2026-03-07 21:32:47.227000+00:00,21,Saturday,2026-03-07,-0.4259584005599743
2026-03-07 21:34:42.052000+00:00,21,Saturday,2026-03-07,-0.34408457449279983
2026-03-07 21:32:36.409000+00:00,21,Saturday,2026-03-07,-0.5086266720719446
2026-03-07 21:33:04.310000+00:00,21,Saturday,2026-03-07,-0.1964934295679889
2026-03-07 21:32:36.409000+00:00,21,Saturday,2026-03-07,-0.6652025135999359
2026-03-07 21:33:21.559000+00:00,21,Saturday,2026-03-07,-0.218175726215857
2026-03-07 21:32:50.703000+00:00,21,Saturday,2026-03-07,-0.8734925513495262
2026-03-07 21:34:51.740000+00:00,21,Saturday,2026-03-07,-1.2401543246400013
2026-03-07 21:35:23.274000+00:00,21,Saturday,2026-03-07,-0.25460433905599145
2026-03-07 21:35:23.274000+00:00,21,Saturday,2026-03-07,-0.2229924372479945
2026-03-07 21:35:38.457000+00:00,21,Saturday,2026-03-07,-0.34988743799993693
2026-03-07 21:34:51.178000+00:00,21,Saturday,2026-03-07,-0.41805344839995656
2026-03-07 21:34:51.178000+00:00,21,Saturday,2026-03-07,-2.421136148479959
2026-03-07 21:35:23.274000+00:00,21,Saturday,2026-03-07,-0.9568313993878164
2026-03-07 21:33:40.794000+00:00,21,Saturday,2026-03-07,-0.05588681033028958
2026-03-07 21:35:42.617000+00:00,21,Saturday,2026-03-07,-0.38368240431820333
2026-03-07 21:36:42.862000+00:00,21,Saturday,2026-03-07,-0.2687253796416053
2026-03-07 21:37:27.787000+00:00,21,Saturday,2026-03-07,-0.5402166473599079
2026-03-07 21:37:27.787000+00:00,21,Saturday,2026-03-07,-0.3313715217119695
2026-03-07 21:35:13.672000+00:00,21,Saturday,2026-03-07,-0.4787046336767083
2026-03-07 21:37:01.810000+00:00,21,Saturday,2026-03-07,-1.859083775999973
2026-03-07 21:38:13.237000+00:00,21,Saturday,2026-03-07,-0.3436660700928452
2026-03-07 21:35:52.572000+00:00,21,Saturday,2026-03-07,-0.945180808572013
2026-03-07 21:36:45.501000+00:00,21,Saturday,2026-03-07,-0.44105669955356785
2026-03-07 21:37:01.810000+00:00,21,Saturday,2026-03-07,1.4170423988000198
2026-03-07 21:39:34.661000+00:00,21,Saturday,2026-03-07,-0.5435120836799314
2026-03-07 21:37:24.160000+00:00,21,Saturday,2026-03-07,-0.31291382256000955
2026-03-07 21:37:27.787000+00:00,21,Saturday,2026-03-07,-0.6276975868799571
2026-03-07 21:38:43.528000+00:00,21,Saturday,2026-03-07,-0.44556201588957783
2026-03-07 21:40:13.773000+00:00,21,Saturday,2026-03-07,-0.27165755747754744
2026-03-07 21:40:44.137000+00:00,21,Saturday,2026-03-07,-0.5407341263279201
2026-03-07 21:38:55.276000+00:00,21,Saturday,2026-03-07,-1.2924615670270498
2026-03-07 21:41:35.489000+00:00,21,Saturday,2026-03-07,-0.7507191333599263
2026-03-07 21:39:37.715000+00:00,21,Saturday,2026-03-07,-0.25413992710397093
2026-03-07 21:39:47.452000+00:00,21,Saturday,2026-03-07,-0.8210135536559373
2026-03-07 21:40:04.451000+00:00,21,Saturday,2026-03-07,-2.9849644361599803
2026-03-07 21:40:27.064000+00:00,21,Saturday,2026-03-07,-0.3713225930720031
2026-03-07 21:43:07.010000+00:00,21,Saturday,2026-03-07,-0.36764074927997586
2026-03-07 21:42:45.012000+00:00,21,Saturday,2026-03-07,-0.2584937062656225
2026-03-07 21:40:57.429000+00:00,21,Saturday,2026-03-07,-0.334175587199961
2026-03-07 21:42:01.405000+00:00,21,Saturday,2026-03-07,-1.238369126702357
2026-03-07 21:44:45.625000+00:00,21,Saturday,2026-03-07,-0.40985808008073116
2026-03-07 21:42:16.098000+00:00,21,Saturday,2026-03-07,-0.5484962558399833
2026-03-07 21:42:31.900000+00:00,21,Saturday,2026-03-07,-0.9508298767679481
2026-03-07 21:42:39.785000+00:00,21,Saturday,2026-03-07,-0.4221556366720045
2026-03-07 21:45:04.651000+00:00,21,Saturday,2026-03-07,-1.064405082787112
2026-03-07 21:42:16.098000+00:00,21,Saturday,2026-03-07,-0.09582082291196958
2026-03-07 21:42:49.709000+00:00,21,Saturday,2026-03-07,-1.1057543089039386
2026-03-07 21:42:58.042000+00:00,21,Saturday,2026-03-07,-0.6713810942615464
2026-03-07 21:45:18.340000+00:00,21,Saturday,2026-03-07,-0.31438701215995624
2026-03-07 21:43:39.485000+00:00,21,Saturday,2026-03-07,-0.45122861160001476
2026-03-07 21:43:40.046000+00:00,21,Saturday,2026-03-07,-0.8890779885598239
2026-03-07 21:44:03.626000+00:00,21,Saturday,2026-03-07,-0.46981076155198737
2026-03-07 21:45:42.532000+00:00,21,Saturday,2026-03-07,-0.09874423637761426
2026-03-07 21:46:41.925000+00:00,21,Saturday,2026-03-07,-0.49591358639999517
2026-03-07 21:45:51.860000+00:00,21,Saturday,2026-03-07,-0.1492929971071321
2026-03-07 21:46:52.629000+00:00,21,Saturday,2026-03-07,-0.4483592418400019
2026-03-07 21:47:23.207000+00:00,21,Saturday,2026-03-07,-0.36940207359996774
2026-03-07 21:47:21.118000+00:00,21,Saturday,2026-03-07,-2.014666000780695
2026-03-07 21:45:39.602000+00:00,21,Saturday,2026-03-07,-1.0070367571407761
2026-03-07 21:45:39.602000+00:00,21,Saturday,2026-03-07,0.7397812617888544
2026-03-07 21:46:02.135000+00:00,21,Saturday,2026-03-07,-0.9711406261319454
2026-03-07 21:45:42.010000+00:00,21,Saturday,2026-03-07,-0.7880962871039352
2026-03-07 21:47:43.297000+00:00,21,Saturday,2026-03-07,-0.3315984886992369
2026-03-07 21:45:07.820000+00:00,21,Saturday,2026-03-07,-0.4502624987999803
2026-03-07 21:47:52.771000+00:00,21,Saturday,2026-03-07,-1.1250526862743775
2026-03-07 21:48:41.429000+00:00,21,Saturday,2026-03-07,-0.5184496150511617
2026-03-07 21:47:23.207000+00:00,21,Saturday,2026-03-07,-0.7368656014719681
2026-03-07 21:49:21.783000+00:00,21,Saturday,2026-03-07,-0.5112751375031153
2026-03-07 21:47:15.760000+00:00,21,Saturday,2026-03-07,-0.8142735308398545
2026-03-07 21:47:19.014000+00:00,21,Saturday,2026-03-07,-0.6259502121599494
2026-03-07 21:47:21.118000+00:00,21,Saturday,2026-03-07,-0.7290502286398911
2026-03-07 21:47:23.207000+00:00,21,Saturday,2026-03-07,-0.6745265819136392
2026-03-07 21:49:59.017000+00:00,21,Saturday,2026-03-07,-0.6551445479039093
2026-03-07 21:50:20.868000+00:00,21,Saturday,2026-03-07,-0.46979417471993
2026-03-07 21:49:00.980000+00:00,21,Saturday,2026-03-07,0.10141083456005145
2026-03-07 21:51:22.378000+00:00,21,Saturday,2026-03-07,-0.9206398006271854
2026-03-07 21:48:42.480000+00:00,21,Saturday,2026-03-07,-0.5050112928479853
2026-03-07 21:48:45.032000+00:00,21,Saturday,2026-03-07,-1.4205954033407788
2026-03-07 21:48:53.521000+00:00,21,Saturday,2026-03-07,-0.6080684169599427
2026-03-07 21:50:45.742000+00:00,21,Saturday,2026-03-07,-3.132105155982448
2026-03-07 21:49:23.894000+00:00,21,Saturday,2026-03-07,-0.5299701407999717
2026-03-07 21:49:53.735000+00:00,21,Saturday,2026-03-07,-0.34286695878961587
2026-03-07 21:49:44.254000+00:00,21,Saturday,2026-03-07,-0.5583226967615966
2026-03-07 21:52:46.051000+00:00,21,Saturday,2026-03-07,-0.3228734695031692
2026-03-07 21:51:59.954000+00:00,21,Saturday,2026-03-07,-0.40689458761597486
2026-03-07 21:50:17.695000+00:00,21,Saturday,2026-03-07,-1.3512978649726237
2026-03-07 21:50:46.276000+00:00,21,Saturday,2026-03-07,-1.3005766511999304
2026-03-07 21:50:56.400000+00:00,21,Saturday,2026-03-07,-0.42453635151998736
2026-03-07 21:51:23.454000+00:00,21,Saturday,2026-03-07,-0.6139418006399806
2026-03-07 21:54:00.580000+00:00,21,Saturday,2026-03-07,-0.3796014335039559
2026-03-07 21:51:43.836000+00:00,21,Saturday,2026-03-07,-0.4999445494560055
2026-03-07 21:51:55.142000+00:00,21,Saturday,2026-03-07,-0.33022659839994095
2026-03-07 21:53:27.236000+00:00,21,Saturday,2026-03-07,2.3626664120160346
2026-03-07 21:54:55.998000+00:00,21,Saturday,2026-03-07,-0.15224501510397753
2026-03-07 21:52:21.762000+00:00,21,Saturday,2026-03-07,-0.3848130998399829
2026-03-07 21:52:26.548000+00:00,21,Saturday,2026-03-07,-0.3901021263999457
2026-03-07 21:52:33.413000+00:00,21,Saturday,2026-03-07,-0.5428631382743916
2026-03-07 21:53:27.236000+00:00,21,Saturday,2026-03-07,-0.6846439892320868
2026-03-07 21:53:27.768000+00:00,21,Saturday,2026-03-07,-1.1149696115207146
2026-03-07 21:53:48.507000+00:00,21,Saturday,2026-03-07,-0.7792534189440817
2026-03-07 21:53:58.981000+00:00,21,Saturday,2026-03-07,-0.6951685499039929
2026-03-07 21:56:56.791000+00:00,21,Saturday,2026-03-07,-0.06451719687598367
2026-03-07 21:48:45.032000+00:00,21,Saturday,2026-03-07,-0.7032354403199902
2026-03-07 21:54:56.558000+00:00,21,Saturday,2026-03-07,-0.5705890646399829
2026-03-07 21:57:29.807000+00:00,21,Saturday,2026-03-07,-0.9599167783519753
2026-03-07 21:54:46.053000+00:00,21,Saturday,2026-03-07,-0.8512804531679901
2026-03-07 21:54:46.591000+00:00,21,Saturday,2026-03-07,-0.8880213467999233
2026-03-07 21:55:44.236000+00:00,21,Saturday,2026-03-07,-4.648831220203206
2026-03-07 21:55:31.230000+00:00,21,Saturday,2026-03-07,-0.922177851955171
2026-03-07 21:56:01.256000+00:00,21,Saturday,2026-03-07,-0.8549460338399282
2026-03-07 21:57:35.565000+00:00,21,Saturday,2026-03-07,-0.28266822144000564
2026-03-07 21:55:23.265000+00:00,21,Saturday,2026-03-07,-1.7206181615998908
2026-03-07 21:55:34.907000+00:00,21,Saturday,2026-03-07,-0.3317679892591604
2026-03-07 21:58:19.358000+00:00,21,Saturday,2026-03-07,-0.46626695150396946
2026-03-07 21:56:29.484000+00:00,21,Saturday,2026-03-07,-3.346877016251948
2026-03-07 21:57:35.565000+00:00,21,Saturday,2026-03-07,-0.13404206995196988
2026-03-07 21:56:49.302000+00:00,21,Saturday,2026-03-07,-0.4855899745199952
2026-03-07 21:56:49.832000+00:00,21,Saturday,2026-03-07,-1.2790025125127769
2026-03-07 21:57:53.023000+00:00,21,Saturday,2026-03-07,-0.29434159551997063
2026-03-07 21:58:10.903000+00:00,21,Saturday,2026-03-07,-1.1243992618767495
2026-03-07 21:58:25.153000+00:00,21,Saturday,2026-03-07,-0.7558661692799352
2026-03-07 21:59:29.039000+00:00,21,Saturday,2026-03-07,-0.2935343381880455
2026-03-07 21:58:37.312000+00:00,21,Saturday,2026-03-07,-0.583507102007975
2026-03-07 21:58:57.348000+00:00,21,Saturday,2026-03-07,-0.13284003311036502
2026-03-07 21:59:36.515000+00:00,21,Saturday,2026-03-07,-0.3927740572799613
2026-03-07 21:57:53.023000+00:00,21,Saturday,2026-03-07,-0.35724702115199714
2026-03-07 21:59:29.039000+00:00,21,Saturday,2026-03-07,-1.2900537789567261
2026-03-07 21:59:30.629000+00:00,21,Saturday,2026-03-07,-0.7015402270079419
2026-03-07 21:59:36.515000+00:00,21,Saturday,2026-03-07,-0.48663041817596797
2026-03-07 22:01:38.476000+00:00,22,Saturday,2026-03-07,-0.22175528411997758
2026-03-07 21:59:51.890000+00:00,21,Saturday,2026-03-07,1.654709943539903
2026-03-07 22:00:34.475000+00:00,22,Saturday,2026-03-07,-0.471603225887985
2026-03-07 22:00:33.634000+00:00,22,Saturday,2026-03-07,-2.9949446340799466
2026-03-07 22:01:13.373000+00:00,22,Saturday,2026-03-07,-0.359521684642332
2026-03-07 22:01:26.832000+00:00,22,Saturday,2026-03-07,-0.7700800773599366
2026-03-07 22:02:34.285000+00:00,22,Saturday,2026-03-07,-1.8327761052119387
2026-03-07 22:03:08.210000+00:00,22,Saturday,2026-03-07,-0.30887914380959447
2026-03-07 22:02:12.087000+00:00,22,Saturday,2026-03-07,-0.39260123999997476
2026-03-07 22:02:04.366000+00:00,22,Saturday,2026-03-07,-0.31770354879998364
2026-03-07 22:04:34.876000+00:00,22,Saturday,2026-03-07,-1.7405399937199348
2026-03-07 22:02:34.285000+00:00,22,Saturday,2026-03-07,0.13734224121593558
2026-03-07 22:02:39.626000+00:00,22,Saturday,2026-03-07,-0.27721835807999073
2026-03-07 22:02:43.887000+00:00,22,Saturday,2026-03-07,-2.8947333272591287
2026-03-07 22:03:39.065000+00:00,22,Saturday,2026-03-07,-0.5891436665999775
2026-03-07 22:05:37.143000+00:00,22,Saturday,2026-03-07,-0.2206634408159563
2026-03-07 22:04:03.268000+00:00,22,Saturday,2026-03-07,-1.5560292426623774
2026-03-07 22:05:41.562000+00:00,22,Saturday,2026-03-07,-0.31017729168000047
2026-03-07 22:04:28.621000+00:00,22,Saturday,2026-03-07,-0.6508028980799585
2026-03-07 22:06:35.497000+00:00,22,Saturday,2026-03-07,0.05808687193599901
2026-03-07 22:05:02.697000+00:00,22,Saturday,2026-03-07,0.3266223981456088
2026-03-07 22:05:08.857000+00:00,22,Saturday,2026-03-07,-0.19890958478157325
2026-03-07 22:05:28.112000+00:00,22,Saturday,2026-03-07,1.9753981780097314
2026-03-07 22:06:40.736000+00:00,22,Saturday,2026-03-07,-0.1653584369471627
2026-03-07 22:05:46.278000+00:00,22,Saturday,2026-03-07,-2.0974718176079246
2026-03-07 22:08:41.396000+00:00,22,Saturday,2026-03-07,-0.4529113470839834
2026-03-07 22:07:42.300000+00:00,22,Saturday,2026-03-07,-0.1756289720319814
2026-03-07 22:08:47.574000+00:00,22,Saturday,2026-03-07,-0.3499404477479243
2026-03-07 22:07:30.287000+00:00,22,Saturday,2026-03-07,-0.2381860166399961
2026-03-07 22:07:04.793000+00:00,22,Saturday,2026-03-07,-0.8889056012927279
2026-03-07 22:07:38.094000+00:00,22,Saturday,2026-03-07,-1.3799999530799418
2026-03-07 22:08:03.081000+00:00,22,Saturday,2026-03-07,-1.3793042816111174
2026-03-07 22:08:05.166000+00:00,22,Saturday,2026-03-07,-0.4536904365071726
2026-03-07 22:10:01.048000+00:00,22,Saturday,2026-03-07,-0.3264788203199545
2026-03-07 22:10:48.419000+00:00,22,Saturday,2026-03-07,-0.31624576266233584
2026-03-07 22:10:06.319000+00:00,22,Saturday,2026-03-07,-0.31090210406400187
2026-03-07 22:11:32.028000+00:00,22,Saturday,2026-03-07,-0.4533996714335651
2026-03-07 22:10:40.080000+00:00,22,Saturday,2026-03-07,-0.13327739546396516
2026-03-07 22:09:34.543000+00:00,22,Saturday,2026-03-07,-1.5973006173695643
2026-03-07 22:09:51.901000+00:00,22,Saturday,2026-03-07,-0.6688790572175651
2026-03-07 22:10:08.441000+00:00,22,Saturday,2026-03-07,-0.9993568131118324
2026-03-07 22:12:15.741000+00:00,22,Saturday,2026-03-07,-0.3229884337499827
2026-03-07 22:12:07.363000+00:00,22,Saturday,2026-03-07,-0.23353371647998533
2026-03-07 22:12:48.999000+00:00,22,Saturday,2026-03-07,-0.3432475568983458
2026-03-07 22:12:01.913000+00:00,22,Saturday,2026-03-07,-0.16366871663999716
2026-03-07 22:12:15.741000+00:00,22,Saturday,2026-03-07,-0.5294712630238865
2026-03-07 22:10:42.179000+00:00,22,Saturday,2026-03-07,0.0752892460991805
2026-03-07 22:11:04.920000+00:00,22,Saturday,2026-03-07,-3.2195479952782873
2026-03-07 22:14:15.127000+00:00,22,Saturday,2026-03-07,-4.331853095500736
2026-03-07 22:14:49.937000+00:00,22,Saturday,2026-03-07,-1.0901013022174788
2026-03-07 22:12:15.741000+00:00,22,Saturday,2026-03-07,-0.276188169062366
2026-03-07 22:12:37.968000+00:00,22,Saturday,2026-03-07,-0.7327544565599652
2026-03-07 22:12:41.115000+00:00,22,Saturday,2026-03-07,-0.9955211141119258
2026-03-07 22:15:17.303000+00:00,22,Saturday,2026-03-07,-0.352430528750395
2026-03-07 22:13:09.888000+00:00,22,Saturday,2026-03-07,-1.1043596640383226
2026-03-07 22:15:52.857000+00:00,22,Saturday,2026-03-07,-0.1323433792799924
2026-03-07 22:13:44.150000+00:00,22,Saturday,2026-03-07,-0.7978540974624
2026-03-07 22:14:02.493000+00:00,22,Saturday,2026-03-07,-0.4065229360799856
2026-03-07 22:14:15.127000+00:00,22,Saturday,2026-03-07,-1.1789409275039444
2026-03-07 22:14:16.736000+00:00,22,Saturday,2026-03-07,-0.753805106061815
2026-03-07 22:14:39.619000+00:00,22,Saturday,2026-03-07,-2.2775666216423307
2026-03-07 22:14:39.619000+00:00,22,Saturday,2026-03-07,-0.8217552148079263
2026-03-07 22:15:07.852000+00:00,22,Saturday,2026-03-07,-0.6913785709440015
2026-03-07 22:17:32.049000+00:00,22,Saturday,2026-03-07,-0.4511630460286756
2026-03-07 22:17:50.686000+00:00,22,Saturday,2026-03-07,-0.33044602187521355
2026-03-07 22:17:50.686000+00:00,22,Saturday,2026-03-07,-0.30108854451202754
2026-03-07 22:17:50.686000+00:00,22,Saturday,2026-03-07,-0.34424624102395796
2026-03-07 22:17:50.686000+00:00,22,Saturday,2026-03-07,-0.686159521144806
2026-03-07 22:17:00.435000+00:00,22,Saturday,2026-03-07,-0.10859995161596381
2026-03-07 22:16:12.573000+00:00,22,Saturday,2026-03-07,-1.270779469344054
2026-03-07 22:17:55.711000+00:00,22,Saturday,2026-03-07,-1.2429897265438847
2026-03-07 22:17:50.686000+00:00,22,Saturday,2026-03-07,-0.4018086075647853
2026-03-07 22:17:57.889000+00:00,22,Saturday,2026-03-07,-0.9052410110495644
2026-03-07 22:17:32.049000+00:00,22,Saturday,2026-03-07,-0.20554632789920285
2026-03-07 22:19:13.929000+00:00,22,Saturday,2026-03-07,-0.48440467027683876
2026-03-07 22:19:51.514000+00:00,22,Saturday,2026-03-07,-0.3789638515743583
2026-03-07 22:17:00.435000+00:00,22,Saturday,2026-03-07,-0.6549819321935892
2026-03-07 22:17:57.889000+00:00,22,Saturday,2026-03-07,18.883969783670434
2026-03-07 22:19:51.514000+00:00,22,Saturday,2026-03-07,-0.24936054975995103
2026-03-07 22:19:56.297000+00:00,22,Saturday,2026-03-07,-0.6062314476799349
2026-03-07 22:19:59.104000+00:00,22,Saturday,2026-03-07,-0.35483837518244854
2026-03-07 22:17:50.686000+00:00,22,Saturday,2026-03-07,-0.39173715359991446
2026-03-07 22:19:51.514000+00:00,22,Saturday,2026-03-07,-0.047089183666319756
2026-03-07 22:14:27.112000+00:00,22,Saturday,2026-03-07,-0.38910493124801304
2026-03-07 22:17:57.889000+00:00,22,Saturday,2026-03-07,-0.6385760035199484
2026-03-07 22:19:58.572000+00:00,22,Saturday,2026-03-07,-0.5523684064447657
2026-03-07 22:17:53.592000+00:00,22,Saturday,2026-03-07,-0.49559108614395697
2026-03-07 22:20:03.029000+00:00,22,Saturday,2026-03-07,-0.4983064336607589
2026-03-07 22:19:57.356000+00:00,22,Saturday,2026-03-07,-0.27413494234873187
2026-03-07 22:20:17.861000+00:00,22,Saturday,2026-03-07,-0.6727648498030161
2026-03-07 22:20:37.096000+00:00,22,Saturday,2026-03-07,-0.4630602959999925
2026-03-07 22:20:41.470000+00:00,22,Saturday,2026-03-07,-0.6545425677119188
2026-03-07 22:21:08.269000+00:00,22,Saturday,2026-03-07,-0.6380671526400117
2026-03-07 22:21:14.781000+00:00,22,Saturday,2026-03-07,-0.9321947392030823
2026-03-07 22:21:52.080000+00:00,22,Saturday,2026-03-07,-0.4777053657599591
2026-03-07 22:21:56.431000+00:00,22,Saturday,2026-03-07,-0.7917074954207521
2026-03-07 22:21:56.431000+00:00,22,Saturday,2026-03-07,-0.4219098921695613
2026-03-07 22:21:58.060000+00:00,22,Saturday,2026-03-07,-0.5973656147071988
2026-03-07 22:19:51.514000+00:00,22,Saturday,2026-03-07,-0.40487339289593066
2026-03-07 22:21:59.176000+00:00,22,Saturday,2026-03-07,-0.6400747785599599
2026-03-07 22:22:03.890000+00:00,22,Saturday,2026-03-07,-0.4978081438367979
2026-03-07 22:19:46.080000+00:00,22,Saturday,2026-03-07,-0.05291862224874716
2026-03-07 22:22:09.483000+00:00,22,Saturday,2026-03-07,-1.2449195195040148
2026-03-07 22:20:55.776000+00:00,22,Saturday,2026-03-07,-0.33876531122398656
2026-03-07 22:22:34.137000+00:00,22,Saturday,2026-03-07,-0.6817994051231591
2026-03-07 22:22:37.976000+00:00,22,Saturday,2026-03-07,-0.4986930643199592
2026-03-07 22:22:47.193000+00:00,22,Saturday,2026-03-07,-0.4717623715199457
2026-03-07 22:22:55.018000+00:00,22,Saturday,2026-03-07,-0.5983727697920317
2026-03-07 22:23:58.810000+00:00,22,Saturday,2026-03-07,-0.07828259913600874
2026-03-07 22:21:59.722000+00:00,22,Saturday,2026-03-07,-1.0087250344856926
2026-03-07 22:22:28.723000+00:00,22,Saturday,2026-03-07,-1.346291826431938
2026-03-07 22:22:42.371000+00:00,22,Saturday,2026-03-07,-0.6975758949119595
2026-03-07 22:23:59.340000+00:00,22,Saturday,2026-03-07,-0.410368052102374
2026-03-07 22:22:18.910000+00:00,22,Saturday,2026-03-07,1.3248184206877218
2026-03-07 22:22:34.137000+00:00,22,Saturday,2026-03-07,-0.42908806159998436
2026-03-07 22:25:35.785000+00:00,22,Saturday,2026-03-07,-0.3689600423999813
2026-03-07 22:23:08.898000+00:00,22,Saturday,2026-03-07,-0.9556219526398988
2026-03-07 22:23:15.410000+00:00,22,Saturday,2026-03-07,-1.2622632970462173
2026-03-07 22:25:59.458000+00:00,22,Saturday,2026-03-07,-0.08923681871997449
2026-03-07 22:26:02.388000+00:00,22,Saturday,2026-03-07,-0.198857755713569
2026-03-07 22:25:02.295000+00:00,22,Saturday,2026-03-07,-0.4268503037031007
2026-03-07 22:23:59.340000+00:00,22,Saturday,2026-03-07,-0.685519795631998
2026-03-07 22:23:59.340000+00:00,22,Saturday,2026-03-07,-0.5053169729408031
2026-03-07 22:23:59.340000+00:00,22,Saturday,2026-03-07,-0.23722293857759072
2026-03-07 22:23:59.898000+00:00,22,Saturday,2026-03-07,-1.3641805767742776
2026-03-07 22:24:04.802000+00:00,22,Saturday,2026-03-07,-0.4514153628671764
2026-03-07 22:26:14.583000+00:00,22,Saturday,2026-03-07,-1.0664451678318039
2026-03-07 22:24:38.874000+00:00,22,Saturday,2026-03-07,-0.6072043305600102
2026-03-07 22:25:03.416000+00:00,22,Saturday,2026-03-07,-0.4924298715840261
2026-03-07 22:27:25.506000+00:00,22,Saturday,2026-03-07,-0.4932392389919385
2026-03-07 22:25:19.834000+00:00,22,Saturday,2026-03-07,-0.5113552227887174
2026-03-07 22:27:25.506000+00:00,22,Saturday,2026-03-07,-0.23781595902765357
2026-03-07 22:27:36.702000+00:00,22,Saturday,2026-03-07,-0.2512060776000189
2026-03-07 22:25:59.987000+00:00,22,Saturday,2026-03-07,-0.3692097795551804
2026-03-07 22:28:06.233000+00:00,22,Saturday,2026-03-07,-0.5026752197279535
2026-03-07 22:26:11.433000+00:00,22,Saturday,2026-03-07,-0.8890910271999586
2026-03-07 22:27:09.666000+00:00,22,Saturday,2026-03-07,-0.04226268600798269
2026-03-07 22:26:21.248000+00:00,22,Saturday,2026-03-07,-1.9500749622862865
2026-03-07 22:27:01.260000+00:00,22,Saturday,2026-03-07,-0.30094367166719294
2026-03-07 22:27:41.530000+00:00,22,Saturday,2026-03-07,-0.3190890787200252
2026-03-07 22:28:05.163000+00:00,22,Saturday,2026-03-07,-4.1765575321280135
2026-03-07 22:27:02.988000+00:00,22,Saturday,2026-03-07,-0.35694841540656175
2026-03-07 22:27:01.260000+00:00,22,Saturday,2026-03-07,-0.5117153314560283
2026-03-07 22:27:02.395000+00:00,22,Saturday,2026-03-07,-0.3761448010320656
2026-03-07 22:27:06.411000+00:00,22,Saturday,2026-03-07,-0.92378176557117
2026-03-07 22:27:25.506000+00:00,22,Saturday,2026-03-07,-1.4924898670798867
2026-03-07 22:29:33.813000+00:00,22,Saturday,2026-03-07,-0.40358201071198263
2026-03-07 22:29:33.813000+00:00,22,Saturday,2026-03-07,-0.5577124911310809
2026-03-07 22:29:39.262000+00:00,22,Saturday,2026-03-07,-0.7506033405501217
2026-03-07 22:28:18.014000+00:00,22,Saturday,2026-03-07,-0.2464146027840053
2026-03-07 22:29:33.247000+00:00,22,Saturday,2026-03-07,-0.43338302645119675
2026-03-07 22:27:47.462000+00:00,22,Saturday,2026-03-07,-0.49471826687997394
2026-03-07 22:30:05.643000+00:00,22,Saturday,2026-03-07,-0.9197064894526932
2026-03-07 22:28:15.345000+00:00,22,Saturday,2026-03-07,-1.454417148263885
2026-03-07 22:30:06.217000+00:00,22,Saturday,2026-03-07,-0.6505240712039416
2026-03-07 22:29:00.367000+00:00,22,Saturday,2026-03-07,-0.9705566377102883
2026-03-07 22:29:10.352000+00:00,22,Saturday,2026-03-07,-0.6356817214103695
2026-03-07 22:30:08.513000+00:00,22,Saturday,2026-03-07,-0.4765864773239701
2026-03-07 22:31:34.530000+00:00,22,Saturday,2026-03-07,-0.38931552213599224
2026-03-07 22:32:16.329000+00:00,22,Saturday,2026-03-07,-0.2795307026759586
2026-03-07 22:29:33.247000+00:00,22,Saturday,2026-03-07,-0.46191505973756797
2026-03-07 22:29:37.620000+00:00,22,Saturday,2026-03-07,-0.38904805199997583
2026-03-07 22:29:42.525000+00:00,22,Saturday,2026-03-07,-0.571110716159909
2026-03-07 22:30:03.643000+00:00,22,Saturday,2026-03-07,-0.41853355891202165
2026-03-07 22:30:07.426000+00:00,22,Saturday,2026-03-07,-0.35757095422400714
2026-03-07 22:31:17.949000+00:00,22,Saturday,2026-03-07,-0.6247194624239484
2026-03-07 22:31:34.530000+00:00,22,Saturday,2026-03-07,-0.2627142815526658
2026-03-07 22:31:40.078000+00:00,22,Saturday,2026-03-07,-0.3366492730304183
2026-03-07 22:32:15.592000+00:00,22,Saturday,2026-03-07,-0.34105383109197673
2026-03-07 22:32:16.329000+00:00,22,Saturday,2026-03-07,-0.49577839857827966
2026-03-07 22:30:07.426000+00:00,22,Saturday,2026-03-07,-0.9386021388287331
2026-03-07 22:32:16.329000+00:00,22,Saturday,2026-03-07,-0.410490608378279
2026-03-07 22:32:31.605000+00:00,22,Saturday,2026-03-07,-0.7681728095999645
2026-03-07 22:32:35.324000+00:00,22,Saturday,2026-03-07,-0.3849490190079885
2026-03-07 22:32:39.603000+00:00,22,Saturday,2026-03-07,-0.7003134303999448
2026-03-07 22:29:54.353000+00:00,22,Saturday,2026-03-07,-0.3591015381599476
2026-03-07 22:30:48.735000+00:00,22,Saturday,2026-03-07,0.26252539353606164
2026-03-07 22:32:44.387000+00:00,22,Saturday,2026-03-07,-0.9556075511998572
2026-03-07 22:33:06.034000+00:00,22,Saturday,2026-03-07,-0.29845119652794216
2026-03-07 22:32:15.592000+00:00,22,Saturday,2026-03-07,0.3014941412736577
2026-03-07 22:33:10.607000+00:00,22,Saturday,2026-03-07,-0.4836385767839426
2026-03-07 22:33:18.825000+00:00,22,Saturday,2026-03-07,-0.6570000512007154
2026-03-07 22:33:35.221000+00:00,22,Saturday,2026-03-07,-0.3639453684479749
2026-03-07 22:33:35.221000+00:00,22,Saturday,2026-03-07,-0.5163764897511416
2026-03-07 22:33:40.993000+00:00,22,Saturday,2026-03-07,-1.459680013399534
2026-03-07 22:33:49.444000+00:00,22,Saturday,2026-03-07,-0.9728748777600296
2026-03-07 22:31:33.940000+00:00,22,Saturday,2026-03-07,-0.991749499084659
2026-03-07 22:33:49.444000+00:00,22,Saturday,2026-03-07,-1.1766743531279251
2026-03-07 22:31:59.197000+00:00,22,Saturday,2026-03-07,-0.18633400719351384
2026-03-07 22:34:36.248000+00:00,22,Saturday,2026-03-07,-0.48895883896313697
2026-03-07 22:34:16.542000+00:00,22,Saturday,2026-03-07,-0.2660139402958649
2026-03-07 22:34:45.413000+00:00,22,Saturday,2026-03-07,-0.6764777480000426
2026-03-07 22:35:11.443000+00:00,22,Saturday,2026-03-07,-0.6830578989599072
2026-03-07 22:34:25.182000+00:00,22,Saturday,2026-03-07,-0.10578717327348253
2026-03-07 22:34:40.559000+00:00,22,Saturday,2026-03-07,-0.13248681911991272
2026-03-07 22:35:07.066000+00:00,22,Saturday,2026-03-07,-0.20747007652797556
2026-03-07 22:35:19.664000+00:00,22,Saturday,2026-03-07,-0.929061376847909
2026-03-07 22:35:36.017000+00:00,22,Saturday,2026-03-07,-0.5134747023359895
2026-03-07 22:35:36.017000+00:00,22,Saturday,2026-03-07,-0.861809803911322
2026-03-07 22:35:41.994000+00:00,22,Saturday,2026-03-07,-1.2231075593259577
2026-03-07 22:35:50.130000+00:00,22,Saturday,2026-03-07,-0.894236938152018
2026-03-07 22:33:50.513000+00:00,22,Saturday,2026-03-07,-0.8933796186000009
2026-03-07 22:36:25.958000+00:00,22,Saturday,2026-03-07,-0.8380043747904418
2026-03-07 22:34:17.083000+00:00,22,Saturday,2026-03-07,-1.7602183539863612
2026-03-07 22:36:17.147000+00:00,22,Saturday,2026-03-07,-1.4852025086663716
2026-03-07 22:36:40.618000+00:00,22,Saturday,2026-03-07,-1.998345768479966
2026-03-07 22:36:41.174000+00:00,22,Saturday,2026-03-07,-0.5925462521471848
2026-03-07 22:36:46.136000+00:00,22,Saturday,2026-03-07,-1.1823582252800762
2026-03-07 22:34:32.486000+00:00,22,Saturday,2026-03-07,-0.677938773600063
2026-03-07 22:36:52.721000+00:00,22,Saturday,2026-03-07,-0.7176323895840508
2026-03-07 22:37:20.425000+00:00,22,Saturday,2026-03-07,-0.9293543021376013
2026-03-07 22:37:41.196000+00:00,22,Saturday,2026-03-07,-0.6404369041199218
2026-03-07 22:37:41.196000+00:00,22,Saturday,2026-03-07,-0.5195638125039393
2026-03-07 22:37:41.196000+00:00,22,Saturday,2026-03-07,-0.6538407280080257
2026-03-07 22:37:41.196000+00:00,22,Saturday,2026-03-07,-0.6996812060399591
2026-03-07 22:37:41.758000+00:00,22,Saturday,2026-03-07,-0.6640864020000257
2026-03-07 22:37:42.925000+00:00,22,Saturday,2026-03-07,-1.2473651720448862
2026-03-07 22:36:41.174000+00:00,22,Saturday,2026-03-07,-1.1020000060799247
2026-03-07 22:37:12.436000+00:00,22,Saturday,2026-03-07,-0.672654018055991
2026-03-07 22:37:41.196000+00:00,22,Saturday,2026-03-07,-1.1444005271999556
2026-03-07 22:39:45.490000+00:00,22,Saturday,2026-03-07,-1.5366973991199577
2026-03-07 22:34:17.083000+00:00,22,Saturday,2026-03-07,1.6052499908495421
2026-03-07 22:37:09.707000+00:00,22,Saturday,2026-03-07,-0.34436814662400206
2026-03-07 22:37:09.707000+00:00,22,Saturday,2026-03-07,-1.2850500878879534
2026-03-07 22:37:41.196000+00:00,22,Saturday,2026-03-07,-1.0677114704159216
2026-03-07 22:38:26.854000+00:00,22,Saturday,2026-03-07,-1.2203357687807952
2026-03-07 22:39:46.042000+00:00,22,Saturday,2026-03-07,-0.34365417139203713
2026-03-07 22:38:47.135000+00:00,22,Saturday,2026-03-07,-1.1872676025599664
2026-03-07 22:37:41.196000+00:00,22,Saturday,2026-03-07,-0.6248417844023798
2026-03-07 22:37:41.758000+00:00,22,Saturday,2026-03-07,-1.1744530540679676
2026-03-07 22:39:46.042000+00:00,22,Saturday,2026-03-07,-1.2498404915518937
2026-03-07 22:38:04.247000+00:00,22,Saturday,2026-03-07,-1.5036000171839505
2026-03-07 22:39:21.136000+00:00,22,Saturday,2026-03-07,-1.648379547115163
2026-03-07 22:38:17.956000+00:00,22,Saturday,2026-03-07,-1.1723590073520544
2026-03-07 22:39:45.490000+00:00,22,Saturday,2026-03-07,-2.0377284091999996
2026-03-07 22:39:46.042000+00:00,22,Saturday,2026-03-07,-0.870110182656006
2026-03-07 22:38:42.845000+00:00,22,Saturday,2026-03-07,-1.007874031679958
2026-03-07 22:39:46.042000+00:00,22,Saturday,2026-03-07,-0.9625495699679566
2026-03-07 22:39:46.042000+00:00,22,Saturday,2026-03-07,-0.611465714496001
2026-03-07 22:40:10.191000+00:00,22,Saturday,2026-03-07,-0.7434023327999004
2026-03-07 22:41:25.083000+00:00,22,Saturday,2026-03-07,-0.6821014389383911
2026-03-07 22:41:47.065000+00:00,22,Saturday,2026-03-07,-0.6409421797839617
2026-03-07 22:38:53.572000+00:00,22,Saturday,2026-03-07,0.3840182001040662
2026-03-07 22:39:45.490000+00:00,22,Saturday,2026-03-07,-0.6851178809375948
2026-03-07 22:39:46.042000+00:00,22,Saturday,2026-03-07,-0.7337476074240206
2026-03-07 22:41:47.065000+00:00,22,Saturday,2026-03-07,-0.5202819431920045
2026-03-07 22:40:10.191000+00:00,22,Saturday,2026-03-07,-0.7861870413600247
2026-03-07 22:40:10.734000+00:00,22,Saturday,2026-03-07,-0.7319191045919522
2026-03-07 22:40:11.813000+00:00,22,Saturday,2026-03-07,-0.8842856396879117
2026-03-07 22:40:11.813000+00:00,22,Saturday,2026-03-07,-1.2141491237831907
2026-03-07 22:40:14.959000+00:00,22,Saturday,2026-03-07,-0.3227824927966717
2026-03-07 22:41:49.880000+00:00,22,Saturday,2026-03-07,-0.3694840763120043
2026-03-07 22:42:14.947000+00:00,22,Saturday,2026-03-07,-0.7431239049600046
2026-03-07 22:41:46.455000+00:00,22,Saturday,2026-03-07,-0.6629372375998037
2026-03-07 22:40:49.540000+00:00,22,Saturday,2026-03-07,-0.6255365578727756
2026-03-07 22:41:47.065000+00:00,22,Saturday,2026-03-07,-1.96488629889457
2026-03-07 22:43:16.316000+00:00,22,Saturday,2026-03-07,-0.889832971387029
2026-03-07 22:40:56.357000+00:00,22,Saturday,2026-03-07,-1.2156759878400067
2026-03-07 22:41:08.378000+00:00,22,Saturday,2026-03-07,-1.0287891660964514
2026-03-07 22:41:44.802000+00:00,22,Saturday,2026-03-07,-0.5631226142719488
2026-03-07 22:42:20.915000+00:00,22,Saturday,2026-03-07,-0.7623507388559696
2026-03-07 22:43:48.094000+00:00,22,Saturday,2026-03-07,-1.217989489170157
2026-03-07 22:41:21.714000+00:00,22,Saturday,2026-03-07,-0.9566026907040326
2026-03-07 22:42:47.636000+00:00,22,Saturday,2026-03-07,-0.5192078855039799
2026-03-07 22:43:58.204000+00:00,22,Saturday,2026-03-07,-0.6128019223199125
2026-03-07 22:41:46.455000+00:00,22,Saturday,2026-03-07,-0.6258525261599539
2026-03-07 22:41:52.098000+00:00,22,Saturday,2026-03-07,-0.8981582917199505
2026-03-07 22:43:48.094000+00:00,22,Saturday,2026-03-07,-0.5667402905999586
2026-03-07 22:42:07.064000+00:00,22,Saturday,2026-03-07,-1.2896163087359866
2026-03-07 22:44:21.977000+00:00,22,Saturday,2026-03-07,-0.34910356679996396
2026-03-07 22:43:26.004000+00:00,22,Saturday,2026-03-07,-1.903733847247199
2026-03-07 22:41:15.449000+00:00,22,Saturday,2026-03-07,-1.0142733116279703
2026-03-07 22:43:15.245000+00:00,22,Saturday,2026-03-07,-1.1647989702639865
2026-03-07 22:44:12.719000+00:00,22,Saturday,2026-03-07,-0.670337114022298
2026-03-07 22:43:15.245000+00:00,22,Saturday,2026-03-07,-0.8913690590399989
2026-03-07 22:44:23.621000+00:00,22,Saturday,2026-03-07,-1.395684870359978
2026-03-07 22:45:17.369000+00:00,22,Saturday,2026-03-07,0.11705254257200487
2026-03-07 22:43:21.593000+00:00,22,Saturday,2026-03-07,1.7662508070313048
2026-03-07 22:45:59.231000+00:00,22,Saturday,2026-03-07,-0.733658510515267
2026-03-07 22:46:30.793000+00:00,22,Saturday,2026-03-07,-0.5167643752703386
2026-03-07 22:43:58.753000+00:00,22,Saturday,2026-03-07,-0.6975960655679766
2026-03-07 22:44:16.022000+00:00,22,Saturday,2026-03-07,-1.3082319409599152
2026-03-07 22:44:52.864000+00:00,22,Saturday,2026-03-07,-0.5920440386399022
2026-03-07 22:44:53.627000+00:00,22,Saturday,2026-03-07,-0.6702397217470539
2026-03-07 22:44:54.173000+00:00,22,Saturday,2026-03-07,-0.5153411289600073
2026-03-07 22:47:25.475000+00:00,22,Saturday,2026-03-07,-0.6559352660447206
2026-03-07 22:44:14.880000+00:00,22,Saturday,2026-03-07,-1.0947458870400038
2026-03-07 22:45:16.818000+00:00,22,Saturday,2026-03-07,-1.6842929355359082
2026-03-07 22:45:57.603000+00:00,22,Saturday,2026-03-07,-1.4840602599052284
2026-03-07 22:45:36.881000+00:00,22,Saturday,2026-03-07,-0.9295990306079605
2026-03-07 22:45:57.603000+00:00,22,Saturday,2026-03-07,-0.5670364802159834
2026-03-07 22:47:55.178000+00:00,22,Saturday,2026-03-07,-0.6104245793600237
2026-03-07 22:48:31.344000+00:00,22,Saturday,2026-03-07,-0.366680593907133
2026-03-07 22:48:40.155000+00:00,22,Saturday,2026-03-07,-0.6390718193433622
2026-03-07 22:45:59.231000+00:00,22,Saturday,2026-03-07,-0.6843483478559602
2026-03-07 22:45:59.231000+00:00,22,Saturday,2026-03-07,-0.9581470051199857
2026-03-07 22:47:59.963000+00:00,22,Saturday,2026-03-07,-0.3066203780991734
2026-03-07 22:48:53.679000+00:00,22,Saturday,2026-03-07,-0.8935150672000287
2026-03-07 22:48:53.679000+00:00,22,Saturday,2026-03-07,-0.4473057367200028
2026-03-07 22:48:58.465000+00:00,22,Saturday,2026-03-07,-0.6469384350192364
2026-03-07 22:46:30.102000+00:00,22,Saturday,2026-03-07,-0.3582292406879754
2026-03-07 22:46:30.793000+00:00,22,Saturday,2026-03-07,-0.6771290299695265
2026-03-07 22:46:36.408000+00:00,22,Saturday,2026-03-07,-1.3185606020255984
2026-03-07 22:48:59.534000+00:00,22,Saturday,2026-03-07,-0.7514330557919523
2026-03-07 22:47:01.373000+00:00,22,Saturday,2026-03-07,-0.48903654038401484
2026-03-07 22:47:24.909000+00:00,22,Saturday,2026-03-07,-0.5693675049599968
2026-03-07 22:49:27.386000+00:00,22,Saturday,2026-03-07,-0.27498066805433524
2026-03-07 22:47:47.185000+00:00,22,Saturday,2026-03-07,-0.221365282463967
2026-03-07 22:47:57.304000+00:00,22,Saturday,2026-03-07,-0.544169935871952
2026-03-07 22:49:38.160000+00:00,22,Saturday,2026-03-07,-0.7126984814399868
2026-03-07 22:50:40.736000+00:00,22,Saturday,2026-03-07,-1.0325299626720104
2026-03-07 22:49:02.640000+00:00,22,Saturday,2026-03-07,-0.8806399452000055
2026-03-07 22:49:48.798000+00:00,22,Saturday,2026-03-07,-0.09139939719115281
2026-03-07 22:50:00.619000+00:00,22,Saturday,2026-03-07,-0.5155028150159779
2026-03-07 22:51:28.221000+00:00,22,Saturday,2026-03-07,-0.48320791595999424
2026-03-07 22:51:39.022000+00:00,22,Saturday,2026-03-07,-1.2492363511439069
2026-03-07 22:49:02.640000+00:00,22,Saturday,2026-03-07,-0.427715556479918
2026-03-07 22:50:32.055000+00:00,22,Saturday,2026-03-07,-0.49036789210877874
2026-03-07 22:51:00.319000+00:00,22,Saturday,2026-03-07,-0.566444100983831
2026-03-07 22:49:31.685000+00:00,22,Saturday,2026-03-07,-0.5754534477119809
2026-03-07 22:49:32.237000+00:00,22,Saturday,2026-03-07,-0.5504618254847438
2026-03-07 22:52:04.076000+00:00,22,Saturday,2026-03-07,-0.9467737079040062
2026-03-07 22:44:10.579000+00:00,22,Saturday,2026-03-07,-2.005173771713204
2026-03-07 22:49:55.792000+00:00,22,Saturday,2026-03-07,-0.9898013702399937
2026-03-07 22:52:39.379000+00:00,22,Saturday,2026-03-07,-0.6524348905841277
2026-03-07 22:50:23.554000+00:00,22,Saturday,2026-03-07,-0.7432631188799524
2026-03-07 22:50:54.861000+00:00,22,Saturday,2026-03-07,-0.8413860671999729
2026-03-07 22:50:59.234000+00:00,22,Saturday,2026-03-07,-1.1828044837799476
2026-03-07 22:50:59.772000+00:00,22,Saturday,2026-03-07,-0.5370088187519895
2026-03-07 22:52:32.870000+00:00,22,Saturday,2026-03-07,-0.3002638607487621
2026-03-07 22:52:04.076000+00:00,22,Saturday,2026-03-07,-0.3063610286927798
2026-03-07 22:52:27.553000+00:00,22,Saturday,2026-03-07,-0.16582163174397566
2026-03-07 22:52:33.972000+00:00,22,Saturday,2026-03-07,-0.3833094287519945
2026-03-07 22:52:36.680000+00:00,22,Saturday,2026-03-07,-0.47695106339194815
2026-03-07 22:52:41.623000+00:00,22,Saturday,2026-03-07,-0.3331692476028947
2026-03-07 22:52:54.998000+00:00,22,Saturday,2026-03-07,-0.6370494508799971
2026-03-07 22:53:00.928000+00:00,22,Saturday,2026-03-07,-0.9053897299198828
2026-03-07 22:51:16.217000+00:00,22,Saturday,2026-03-07,-1.6430707610639999
2026-03-07 22:52:08.665000+00:00,22,Saturday,2026-03-07,-0.20982094944000756
2026-03-07 22:52:58.222000+00:00,22,Saturday,2026-03-07,-0.43482262128002036
2026-03-07 22:54:01.854000+00:00,22,Saturday,2026-03-07,-0.5151452693760089
2026-03-07 22:54:06.751000+00:00,22,Saturday,2026-03-07,-0.7326891015839213
2026-03-07 22:53:26.721000+00:00,22,Saturday,2026-03-07,-1.0505880167999375
2026-03-07 22:54:33.523000+00:00,22,Saturday,2026-03-07,-0.5230863204095957
2026-03-07 22:54:27.519000+00:00,22,Saturday,2026-03-07,-0.03545317070148146
2026-03-07 22:54:28.616000+00:00,22,Saturday,2026-03-07,-0.3351446496959726
2026-03-07 22:54:37.609000+00:00,22,Saturday,2026-03-07,-0.6603300762447252
2026-03-07 22:54:05.126000+00:00,22,Saturday,2026-03-07,-0.4040206753439525
2026-03-07 22:54:34.888000+00:00,22,Saturday,2026-03-07,-0.32714515447199644
2026-03-07 22:54:40.317000+00:00,22,Saturday,2026-03-07,-0.8266361973734284
2026-03-07 22:54:42.524000+00:00,22,Saturday,2026-03-07,-1.0200003450354962
2026-03-07 22:54:59.018000+00:00,22,Saturday,2026-03-07,-0.7002488258399135
2026-03-07 22:53:26.151000+00:00,22,Saturday,2026-03-07,-0.7432631188799524
2026-03-07 22:53:29.013000+00:00,22,Saturday,2026-03-07,-0.19192131851037847
2026-03-07 22:55:01.704000+00:00,22,Saturday,2026-03-07,-0.9050325742079767
2026-03-07 22:55:27.723000+00:00,22,Saturday,2026-03-07,-1.2597899663999026
2026-03-07 22:56:02.503000+00:00,22,Saturday,2026-03-07,-0.514718986751974
2026-03-07 22:56:06.200000+00:00,22,Saturday,2026-03-07,-0.6796809613438488
2026-03-07 22:56:31.270000+00:00,22,Saturday,2026-03-07,-0.13365397271994678
2026-03-07 22:56:31.830000+00:00,22,Saturday,2026-03-07,-0.3191488479359401
2026-03-07 22:56:35.723000+00:00,22,Saturday,2026-03-07,-0.505440138960022
2026-03-07 22:56:20.858000+00:00,22,Saturday,2026-03-07,-0.3722110283639677
2026-03-07 22:54:27.519000+00:00,22,Saturday,2026-03-07,1.5525656762098077
2026-03-07 22:54:27.519000+00:00,22,Saturday,2026-03-07,-1.1063758695838983
2026-03-07 22:56:34.598000+00:00,22,Saturday,2026-03-07,-0.40761747740155657
2026-03-07 22:53:39.802000+00:00,22,Saturday,2026-03-07,2.62273783235046
2026-03-07 22:56:40.915000+00:00,22,Saturday,2026-03-07,-0.5001766697799717
2026-03-07 22:56:43.107000+00:00,22,Saturday,2026-03-07,-1.020163086108022
2026-03-07 22:56:59.593000+00:00,22,Saturday,2026-03-07,-0.9872475148799773
2026-03-07 22:56:38.593000+00:00,22,Saturday,2026-03-07,-0.4562034817103632
2026-03-07 22:57:01.771000+00:00,22,Saturday,2026-03-07,-0.6774944197599133
2026-03-07 22:57:02.337000+00:00,22,Saturday,2026-03-07,-0.6468218747920476
2026-03-07 22:56:31.270000+00:00,22,Saturday,2026-03-07,-0.016630365175189427
2026-03-07 22:58:36.098000+00:00,22,Saturday,2026-03-07,-0.40382432954876984
2026-03-07 22:58:05.429000+00:00,22,Saturday,2026-03-07,-0.07516032940797851
2026-03-07 22:56:31.830000+00:00,22,Saturday,2026-03-07,-1.1105183016639995
2026-03-07 22:57:33.142000+00:00,22,Saturday,2026-03-07,-2.630472633575866
2026-03-07 22:58:04.818000+00:00,22,Saturday,2026-03-07,-1.6710103387008282
2026-03-07 22:58:39.422000+00:00,22,Saturday,2026-03-07,-0.8849733349256075
2026-03-07 22:57:33.142000+00:00,22,Saturday,2026-03-07,-2.336726059200062
2026-03-07 22:59:18.215000+00:00,22,Saturday,2026-03-07,-0.37138381183675795
2026-03-07 22:59:34.938000+00:00,22,Saturday,2026-03-07,-0.6789680837759836
2026-03-07 22:59:34.938000+00:00,22,Saturday,2026-03-07,-0.4959753275520198
2026-03-07 23:00:05.464000+00:00,23,Saturday,2026-03-07,-1.2771052977599622
2026-03-07 22:58:07.111000+00:00,22,Saturday,2026-03-07,-1.5016331043839015
2026-03-07 22:58:21.778000+00:00,22,Saturday,2026-03-07,-0.6721430383039806
2026-03-07 22:58:36.098000+00:00,22,Saturday,2026-03-07,-1.0906367049599581
2026-03-07 22:58:36.098000+00:00,22,Saturday,2026-03-07,-0.3964453724400116
2026-03-07 22:58:36.654000+00:00,22,Saturday,2026-03-07,-0.6534472703760217
2026-03-07 23:00:40.176000+00:00,23,Saturday,2026-03-07,-0.3164168885760129
2026-03-07 22:58:42.672000+00:00,22,Saturday,2026-03-07,-1.4175271613892975
2026-03-07 22:58:43.751000+00:00,22,Saturday,2026-03-07,0.2887340185599978
2026-03-07 22:59:34.938000+00:00,22,Saturday,2026-03-07,-0.0985040407439452
2026-03-07 22:59:09.072000+00:00,22,Saturday,2026-03-07,-1.1379163139999346
2026-03-07 22:59:09.072000+00:00,22,Saturday,2026-03-07,-1.0258910891998834
2026-03-07 23:01:19.242000+00:00,23,Saturday,2026-03-07,0.06470347287045153
2026-03-07 23:01:38.646000+00:00,23,Saturday,2026-03-07,-0.512246940592009
2026-03-07 23:00:40.176000+00:00,23,Saturday,2026-03-07,-1.6425084695711571
2026-03-07 23:00:40.176000+00:00,23,Saturday,2026-03-07,-2.7635849585024417
2026-03-07 23:01:24.311000+00:00,23,Saturday,2026-03-07,-1.4355353268359416
2026-03-07 22:59:09.072000+00:00,22,Saturday,2026-03-07,-2.0726989115998977
2026-03-07 23:00:06.974000+00:00,23,Saturday,2026-03-07,-0.6666117171839416
2026-03-07 23:00:06.974000+00:00,23,Saturday,2026-03-07,-3.6039225962855848
2026-03-07 23:01:38.646000+00:00,23,Saturday,2026-03-07,-0.5766426372719404
2026-03-07 23:01:45.901000+00:00,23,Saturday,2026-03-07,-1.5627260278614359
2026-03-07 23:01:11.484000+00:00,23,Saturday,2026-03-07,-3.3192710724111523
2026-03-07 23:03:14.266000+00:00,23,Saturday,2026-03-07,-0.8999752511808075
2026-03-07 23:03:14.266000+00:00,23,Saturday,2026-03-07,-0.7009594759999332
2026-03-07 23:03:14.266000+00:00,23,Saturday,2026-03-07,-0.5954844343679924
2026-03-07 23:03:14.266000+00:00,23,Saturday,2026-03-07,-0.730173458044769
2026-03-07 23:01:09.743000+00:00,23,Saturday,2026-03-07,-1.29110162764804
2026-03-07 23:01:35.926000+00:00,23,Saturday,2026-03-07,-0.6293945813791857
2026-03-07 23:01:38.646000+00:00,23,Saturday,2026-03-07,-1.0041065397599787
2026-03-07 23:01:45.336000+00:00,23,Saturday,2026-03-07,-0.7189800197016455
2026-03-07 23:01:59.154000+00:00,23,Saturday,2026-03-07,0.005520609920047048
2026-03-07 23:02:06.257000+00:00,23,Saturday,2026-03-07,-2.557065272639964
2026-03-07 23:02:54.936000+00:00,23,Saturday,2026-03-07,-0.5928055259135864
2026-03-07 23:02:11.319000+00:00,23,Saturday,2026-03-07,-0.9129125621280024
2026-03-07 23:02:11.319000+00:00,23,Saturday,2026-03-07,-0.8895196327198303
2026-03-07 23:02:54.936000+00:00,23,Saturday,2026-03-07,-0.7673165978831467
2026-03-07 23:02:54.936000+00:00,23,Saturday,2026-03-07,-1.3853616446951738
2026-03-07 23:03:19.902000+00:00,23,Saturday,2026-03-07,-2.2957006925551737
2026-03-07 23:05:14.870000+00:00,23,Saturday,2026-03-07,-0.609386080319954
2026-03-07 23:03:25.308000+00:00,23,Saturday,2026-03-07,-1.9351114031760086
2026-03-07 23:03:36.896000+00:00,23,Saturday,2026-03-07,-0.9731341036799612
2026-03-07 23:03:39.657000+00:00,23,Saturday,2026-03-07,-0.7605967079039515
2026-03-07 23:03:46.676000+00:00,23,Saturday,2026-03-07,-2.857930741156516
2026-03-07 23:04:11.636000+00:00,23,Saturday,2026-03-07,-1.8947438801279615
2026-03-07 23:06:09.932000+00:00,23,Saturday,2026-03-07,-0.46817253806395925
2026-03-07 23:06:09.932000+00:00,23,Saturday,2026-03-07,-0.17923650427663934
2026-03-07 23:06:27.447000+00:00,23,Saturday,2026-03-07,-0.8428462016758915
2026-03-07 23:04:40.569000+00:00,23,Saturday,2026-03-07,-0.7434023327999004
2026-03-07 23:05:14.291000+00:00,23,Saturday,2026-03-07,-0.7017659351999487
2026-03-07 23:04:48.010000+00:00,23,Saturday,2026-03-07,-1.015976825054284
2026-03-07 23:05:14.870000+00:00,23,Saturday,2026-03-07,-0.3141108606944011
2026-03-07 23:05:10.022000+00:00,23,Saturday,2026-03-07,-0.47744831974394264
2026-03-07 23:05:14.291000+00:00,23,Saturday,2026-03-07,-0.8170401522399697
2026-03-07 23:05:14.870000+00:00,23,Saturday,2026-03-07,-0.777164703360012
2026-03-07 23:05:14.870000+00:00,23,Saturday,2026-03-07,-1.522872602956736
2026-03-07 23:06:42.418000+00:00,23,Saturday,2026-03-07,-0.5757385962239212
2026-03-07 23:07:15.729000+00:00,23,Saturday,2026-03-07,-0.37933750943999234
2026-03-07 23:05:39.786000+00:00,23,Saturday,2026-03-07,-0.7006867016639695
2026-03-07 23:05:57.335000+00:00,23,Saturday,2026-03-07,-1.2012024015935376
2026-03-07 23:05:57.335000+00:00,23,Saturday,2026-03-07,-1.3944532021560105
2026-03-07 23:08:18.429000+00:00,23,Saturday,2026-03-07,-0.29094298062717433
2026-03-07 23:08:28.391000+00:00,23,Saturday,2026-03-07,-0.4195537936127656
2026-03-07 23:09:12.736000+00:00,23,Saturday,2026-03-07,-0.09324582602393394
2026-03-07 23:06:48.462000+00:00,23,Saturday,2026-03-07,-0.7640130376971653
2026-03-07 23:07:14.068000+00:00,23,Saturday,2026-03-07,-0.6990357755520107
2026-03-07 23:06:42.418000+00:00,23,Saturday,2026-03-07,-0.8633663833920011
2026-03-07 23:07:46.069000+00:00,23,Saturday,2026-03-07,-0.3808369044479153
2026-03-07 23:07:36.014000+00:00,23,Saturday,2026-03-07,-0.4876848907199162
2026-03-07 23:08:18.959000+00:00,23,Saturday,2026-03-07,-0.031545383327916676
2026-03-07 23:08:18.429000+00:00,23,Saturday,2026-03-07,-0.7046987200799055
2026-03-07 23:08:59.483000+00:00,23,Saturday,2026-03-07,-0.36526859876159373
2026-03-07 23:07:42.399000+00:00,23,Saturday,2026-03-07,-0.6563153119199437
2026-03-07 23:10:58.916000+00:00,23,Saturday,2026-03-07,-0.5690890771199155
2026-03-07 23:08:59.483000+00:00,23,Saturday,2026-03-07,-0.7800435663966604
2026-03-07 23:09:33.806000+00:00,23,Saturday,2026-03-07,-0.31684933895753853
2026-03-07 23:09:16.427000+00:00,23,Saturday,2026-03-07,-0.5635338180959848
2026-03-07 23:09:35.965000+00:00,23,Saturday,2026-03-07,-0.9554107315199182
2026-03-07 23:10:26.761000+00:00,23,Saturday,2026-03-07,-1.9571001730359803
2026-03-07 23:09:45.006000+00:00,23,Saturday,2026-03-07,-1.68395642188788
2026-03-07 23:10:07.885000+00:00,23,Saturday,2026-03-07,-0.9352000183679957
2026-03-07 23:10:26.232000+00:00,23,Saturday,2026-03-07,-0.49279324695039645
2026-03-07 23:10:26.761000+00:00,23,Saturday,2026-03-07,-0.9291229261600045
2026-03-07 23:10:28.934000+00:00,23,Saturday,2026-03-07,-0.4454050169279959
2026-03-07 23:13:09.596000+00:00,23,Saturday,2026-03-07,-0.6857921287437954
2026-03-07 23:11:14.992000+00:00,23,Saturday,2026-03-07,-0.48081286039675153
2026-03-07 23:12:18.432000+00:00,23,Saturday,2026-03-07,-0.4355848063583558
2026-03-07 23:12:48.911000+00:00,23,Saturday,2026-03-07,-0.08372406329983967
2026-03-07 23:12:17.900000+00:00,23,Saturday,2026-03-07,-0.5843649341039626
2026-03-07 23:14:53.272000+00:00,23,Saturday,2026-03-07,-0.11028047767189264
2026-03-07 23:12:36.046000+00:00,23,Saturday,2026-03-07,-1.2491337505041
2026-03-07 23:12:38.655000+00:00,23,Saturday,2026-03-07,-1.0318090007518355
2026-03-07 23:12:40.234000+00:00,23,Saturday,2026-03-07,-4.384071591525484
2026-03-07 23:12:40.234000+00:00,23,Saturday,2026-03-07,-2.2978217903040328
2026-03-07 23:12:59.977000+00:00,23,Saturday,2026-03-07,-0.742845477119985
2026-03-07 23:15:22.093000+00:00,23,Saturday,2026-03-07,-0.31510618055994755
2026-03-07 23:15:39.034000+00:00,23,Saturday,2026-03-07,-0.39120095545724987
2026-03-07 23:13:28.703000+00:00,23,Saturday,2026-03-07,-0.761846942880005
2026-03-07 23:13:30.808000+00:00,23,Saturday,2026-03-07,-0.7303313458319256
2026-03-07 23:13:47.917000+00:00,23,Saturday,2026-03-07,-1.2618061679999548
2026-03-07 23:14:03.191000+00:00,23,Saturday,2026-03-07,-0.5491808289359725
2026-03-07 23:10:26.761000+00:00,23,Saturday,2026-03-07,-0.16829004422860544
2026-03-07 23:14:18.962000+00:00,23,Saturday,2026-03-07,-0.556876273478311
2026-03-07 23:15:10.329000+00:00,23,Saturday,2026-03-07,-1.8074128976638093
2026-03-07 23:15:22.093000+00:00,23,Saturday,2026-03-07,-0.678980323243127
2026-03-07 23:15:40.627000+00:00,23,Saturday,2026-03-07,-1.2355209404159826
2026-03-07 23:16:51.672000+00:00,23,Saturday,2026-03-07,-0.12424311955998851
2026-03-07 23:16:02.366000+00:00,23,Saturday,2026-03-07,-0.742845477119985
2026-03-07 23:16:53.943000+00:00,23,Saturday,2026-03-07,-2.968690148351889
2026-03-07 23:18:59.742000+00:00,23,Saturday,2026-03-07,-0.11691439248318233
2026-03-07 23:16:30.301000+00:00,23,Saturday,2026-03-07,-1.7314513389599018
2026-03-07 23:16:32.437000+00:00,23,Saturday,2026-03-07,-1.2423429685919318
2026-03-07 23:17:06.791000+00:00,23,Saturday,2026-03-07,-0.4296185196959641
2026-03-07 23:19:43.388000+00:00,23,Saturday,2026-03-07,-0.3543954633408021
2026-03-07 23:17:10.378000+00:00,23,Saturday,2026-03-07,-2.0792241706048333
2026-03-07 23:17:22.059000+00:00,23,Saturday,2026-03-07,-0.9772600945966698
2026-03-07 23:17:23.175000+00:00,23,Saturday,2026-03-07,-0.5161240003439912
2026-03-07 23:18:07.656000+00:00,23,Saturday,2026-03-07,-1.3583780913600731
2026-03-07 23:18:08.196000+00:00,23,Saturday,2026-03-07,-1.5352356351000171
2026-03-07 23:19:04.442000+00:00,23,Saturday,2026-03-07,-1.399090989600054
2026-03-07 23:19:55.758000+00:00,23,Saturday,2026-03-07,0.5717139795069162
2026-03-07 23:18:42.562000+00:00,23,Saturday,2026-03-07,-1.1732556144719504
2026-03-07 23:19:01.851000+00:00,23,Saturday,2026-03-07,-1.5859961187839384
2026-03-07 23:19:43.388000+00:00,23,Saturday,2026-03-07,-1.1505539068798423
2026-03-07 23:19:55.758000+00:00,23,Saturday,2026-03-07,-2.2260893147998586
2026-03-07 23:21:10.206000+00:00,23,Saturday,2026-03-07,-0.9823105998000018
2026-03-07 23:20:08.313000+00:00,23,Saturday,2026-03-07,-0.7203178865999819
2026-03-07 23:20:14.027000+00:00,23,Saturday,2026-03-07,-3.652244387366205
2026-03-07 23:20:26.189000+00:00,23,Saturday,2026-03-07,-1.0445938459703348
2026-03-07 23:20:26.189000+00:00,23,Saturday,2026-03-07,0.020993625292828832
2026-03-07 23:21:10.206000+00:00,23,Saturday,2026-03-07,-1.3609161652318844
2026-03-07 23:21:15.437000+00:00,23,Saturday,2026-03-07,-1.0397390039999843
2026-03-07 23:21:18.014000+00:00,23,Saturday,2026-03-07,-1.6552394514431195
2026-03-07 23:21:43.963000+00:00,23,Saturday,2026-03-07,-0.6705370548576025
2026-03-07 23:21:44.499000+00:00,23,Saturday,2026-03-07,-0.9590826544398658
2026-03-07 23:23:04.229000+00:00,23,Saturday,2026-03-07,-2.3347301594399466
2026-03-07 23:25:14.297000+00:00,23,Saturday,2026-03-07,-0.3601194183999718
2026-03-07 23:22:45.206000+00:00,23,Saturday,2026-03-07,-0.9909175286399361
2026-03-07 23:24:40.127000+00:00,23,Saturday,2026-03-07,-0.08113332844794552
2026-03-07 23:23:09.985000+00:00,23,Saturday,2026-03-07,-0.6563046481392257
2026-03-07 23:23:15.739000+00:00,23,Saturday,2026-03-07,-1.2466029429599588
2026-03-07 23:24:40.127000+00:00,23,Saturday,2026-03-07,-0.4468640486400779
2026-03-07 23:24:46.442000+00:00,23,Saturday,2026-03-07,-0.2818388505599835
2026-03-07 23:25:37.560000+00:00,23,Saturday,2026-03-07,-0.7376606751359174
2026-03-07 23:23:35.294000+00:00,23,Saturday,2026-03-07,-0.6843179322455781
2026-03-07 23:24:12.986000+00:00,23,Saturday,2026-03-07,-0.24988402972799095
2026-03-07 23:24:46.442000+00:00,23,Saturday,2026-03-07,-0.19975216257596998
2026-03-07 23:25:46.609000+00:00,23,Saturday,2026-03-07,-0.5618004568799777
2026-03-07 23:25:14.868000+00:00,23,Saturday,2026-03-07,-0.35169972648795644
2026-03-07 23:26:46.638000+00:00,23,Saturday,2026-03-07,-0.3428262505103763
2026-03-07 23:24:17.665000+00:00,23,Saturday,2026-03-07,-0.45320730720000146
2026-03-07 23:24:19.745000+00:00,23,Saturday,2026-03-07,-0.7978182174719695
2026-03-07 23:24:40.127000+00:00,23,Saturday,2026-03-07,-0.8704515609599903
2026-03-07 23:24:50.104000+00:00,23,Saturday,2026-03-07,-0.43712717685843067
2026-03-07 23:27:21.734000+00:00,23,Saturday,2026-03-07,-0.06797804584317368
2026-03-07 23:26:16.181000+00:00,23,Saturday,2026-03-07,-0.3740034881391989
2026-03-07 23:26:17.262000+00:00,23,Saturday,2026-03-07,-1.669632470865614
2026-03-07 23:26:47.589000+00:00,23,Saturday,2026-03-07,-0.5250209435951793
2026-03-07 23:26:49.728000+00:00,23,Saturday,2026-03-07,-0.6116599579679765
2026-03-07 23:26:57.597000+00:00,23,Saturday,2026-03-07,-0.4749020001279558
2026-03-07 23:27:13.928000+00:00,23,Saturday,2026-03-07,-0.5900162083200096
2026-03-07 23:27:14.981000+00:00,23,Saturday,2026-03-07,-0.740660396880034
2026-03-07 23:27:15.513000+00:00,23,Saturday,2026-03-07,-0.61006093798394
2026-03-07 23:27:42.283000+00:00,23,Saturday,2026-03-07,-0.9915578658720312
2026-03-07 23:27:52.684000+00:00,23,Saturday,2026-03-07,-0.6197858987792231
2026-03-07 23:30:17.129000+00:00,23,Saturday,2026-03-07,-0.20797165559997377
2026-03-07 23:28:47.421000+00:00,23,Saturday,2026-03-07,-0.555833901470329
2026-03-07 23:29:50.387000+00:00,23,Saturday,2026-03-07,-0.33211810517751444
2026-03-07 23:29:17.877000+00:00,23,Saturday,2026-03-07,-0.5887256227775977
2026-03-07 23:29:18.926000+00:00,23,Saturday,2026-03-07,-3.023335778567974
2026-03-07 23:29:22.553000+00:00,23,Saturday,2026-03-07,-1.7121137561455906
2026-03-07 23:31:49.601000+00:00,23,Saturday,2026-03-07,-0.21956669531997772
2026-03-07 23:32:05.114000+00:00,23,Saturday,2026-03-07,-0.33191206857596867
2026-03-07 23:30:15.552000+00:00,23,Saturday,2026-03-07,-0.6742346419199846
2026-03-07 23:30:18.702000+00:00,23,Saturday,2026-03-07,-1.239930934847945
2026-03-07 23:32:25.061000+00:00,23,Saturday,2026-03-07,-0.08966634346793652
2026-03-07 23:30:44.622000+00:00,23,Saturday,2026-03-07,1.7030496574368708
2026-03-07 23:30:58.787000+00:00,23,Saturday,2026-03-07,-0.4798265058528173
2026-03-07 23:32:21.784000+00:00,23,Saturday,2026-03-07,-0.2137800135839738
2026-03-07 23:32:17.968000+00:00,23,Saturday,2026-03-07,-0.3438186678400017
2026-03-07 23:32:20.689000+00:00,23,Saturday,2026-03-07,-0.4087147646735607
2026-03-07 23:33:22.906000+00:00,23,Saturday,2026-03-07,-1.5087421092959301
2026-03-07 23:33:53.110000+00:00,23,Saturday,2026-03-07,-1.0336993812791773
2026-03-07 23:34:25.705000+00:00,23,Saturday,2026-03-07,-0.6609612326903009
2026-03-07 23:34:51.507000+00:00,23,Saturday,2026-03-07,-2.1286343154911234
2026-03-07 23:35:19.397000+00:00,23,Saturday,2026-03-07,-1.0213077845664054
2026-03-07 23:35:21.204000+00:00,23,Saturday,2026-03-07,-0.4420193997360193
2026-03-07 23:35:23.329000+00:00,23,Saturday,2026-03-07,-0.6308747740943965
2026-03-07 23:33:50.511000+00:00,23,Saturday,2026-03-07,-0.3726336398399679
2026-03-07 23:37:44.482000+00:00,23,Saturday,2026-03-07,-0.023446741315204023
2026-03-07 23:37:53.823000+00:00,23,Saturday,2026-03-07,-0.3323425689023118
2026-03-07 23:38:24.002000+00:00,23,Saturday,2026-03-07,-0.5022976306080003
2026-03-07 23:35:42.098000+00:00,23,Saturday,2026-03-07,-1.4103244471679444
2026-03-07 23:37:29.257000+00:00,23,Saturday,2026-03-07,-0.09096733409918625
2026-03-07 23:38:23.466000+00:00,23,Saturday,2026-03-07,-1.7469383327014456
2026-03-07 23:39:59.134000+00:00,23,Saturday,2026-03-07,-0.24394169684635675
2026-03-07 23:38:29.169000+00:00,23,Saturday,2026-03-07,-0.5726954497535965
2026-03-07 23:38:45.231000+00:00,23,Saturday,2026-03-07,-0.2991349442878971
2026-03-07 23:39:58.610000+00:00,23,Saturday,2026-03-07,-0.6071058604295203
2026-03-07 23:41:59.926000+00:00,23,Saturday,2026-03-07,-0.20654527121603
2026-03-07 23:40:30.330000+00:00,23,Saturday,2026-03-07,-0.6531656335199465
2026-03-07 23:41:09.006000+00:00,23,Saturday,2026-03-07,-1.0045732067423725
2026-03-07 23:42:57.597000+00:00,23,Saturday,2026-03-07,-0.14853635495999407
2026-03-07 23:41:29.361000+00:00,23,Saturday,2026-03-07,-1.3524465751342842
2026-03-07 23:41:31.512000+00:00,23,Saturday,2026-03-07,-0.5064951884544083
2026-03-07 23:43:43.991000+00:00,23,Saturday,2026-03-07,-0.283741956399976
2026-03-07 23:43:07.273000+00:00,23,Saturday,2026-03-07,-0.4588597103399431
2026-03-07 23:43:43.991000+00:00,23,Saturday,2026-03-07,-0.8377508249567382
2026-03-07 23:45:44.580000+00:00,23,Saturday,2026-03-07,-0.15450877679996777
2026-03-07 23:43:43.991000+00:00,23,Saturday,2026-03-07,-0.43118234160077584
2026-03-07 23:43:56.191000+00:00,23,Saturday,2026-03-07,-0.7909126871038454
2026-03-07 23:44:01.032000+00:00,23,Saturday,2026-03-07,-1.021060511883089
2026-03-07 23:44:10.521000+00:00,23,Saturday,2026-03-07,-0.5249087433479895
2026-03-07 23:44:31.292000+00:00,23,Saturday,2026-03-07,-1.356004738915207
2026-03-07 23:44:33.893000+00:00,23,Saturday,2026-03-07,-0.9671542283808101
2026-03-07 23:47:32.796000+00:00,23,Saturday,2026-03-07,-5.6132987996447214
2026-03-07 23:46:10.991000+00:00,23,Saturday,2026-03-07,-0.46470489784314867
2026-03-07 23:46:46.908000+00:00,23,Saturday,2026-03-07,-0.6696386382575555
2026-03-07 23:47:05.603000+00:00,23,Saturday,2026-03-07,-0.6332415214103425
2026-03-07 23:47:05.603000+00:00,23,Saturday,2026-03-07,-1.0526559966719795
2026-03-07 23:48:32.713000+00:00,23,Saturday,2026-03-07,-3.5598895133119584
2026-03-07 23:47:14.035000+00:00,23,Saturday,2026-03-07,-1.3970091953399657
2026-03-07 23:47:36.586000+00:00,23,Saturday,2026-03-07,-0.5087026411776027
2026-03-07 23:47:45.215000+00:00,23,Saturday,2026-03-07,-0.7087158959999533
2026-03-07 23:47:58.339000+00:00,23,Saturday,2026-03-07,-0.6160640618879356
2026-03-07 23:50:42.197000+00:00,23,Saturday,2026-03-07,-0.018812232119828076
2026-03-07 23:49:04.396000+00:00,23,Saturday,2026-03-07,-0.7278754202639328
2026-03-07 23:49:12.664000+00:00,23,Saturday,2026-03-07,-0.5990947162111316
2026-03-07 23:50:13.877000+00:00,23,Saturday,2026-03-07,-0.2911068273151855
2026-03-07 23:50:17.670000+00:00,23,Saturday,2026-03-07,-1.1678076894527771
2026-03-07 23:50:47.405000+00:00,23,Saturday,2026-03-07,-0.6602508422399398
2026-03-07 23:52:16.031000+00:00,23,Saturday,2026-03-07,-0.7122160036992156
2026-03-07 23:52:43.349000+00:00,23,Saturday,2026-03-07,-0.9278561651038829
2026-03-07 23:52:56.862000+00:00,23,Saturday,2026-03-07,-2.2179624979319392
2026-03-07 23:53:34.719000+00:00,23,Saturday,2026-03-07,-0.08333781668954379
2026-03-07 23:54:44.152000+00:00,23,Saturday,2026-03-07,-0.04222070269907824
2026-03-07 23:53:40.866000+00:00,23,Saturday,2026-03-07,-0.6567309484288174
2026-03-07 23:53:40.866000+00:00,23,Saturday,2026-03-07,-2.501375966399998
2026-03-07 23:55:45.048000+00:00,23,Saturday,2026-03-07,-3.8738994963358726
2026-03-07 23:53:49.606000+00:00,23,Saturday,2026-03-07,-0.8237165111999982
2026-03-07 23:54:03.394000+00:00,23,Saturday,2026-03-07,-0.7844628899999354
2026-03-07 23:56:52.499000+00:00,23,Saturday,2026-03-07,-0.5109579345840002
2026-03-07 23:56:45.185000+00:00,23,Saturday,2026-03-07,-0.9892094371775775
2026-03-07 23:55:18.613000+00:00,23,Saturday,2026-03-07,-0.4644293502912165
2026-03-07 23:55:59.704000+00:00,23,Saturday,2026-03-07,-0.7760083588222695
2026-03-07 23:56:07.630000+00:00,23,Saturday,2026-03-07,-0.7287582285360015
2026-03-07 23:56:08.520000+00:00,23,Saturday,2026-03-07,-1.342901515821597
2026-03-07 23:59:02.824000+00:00,23,Saturday,2026-03-07,-0.23509854734382496
2026-03-07 23:56:43.583000+00:00,23,Saturday,2026-03-07,-0.516351918028779
2026-03-07 23:57:45.747000+00:00,23,Saturday,2026-03-07,-0.1500947295119047
2026-03-07 23:57:05.810000+00:00,23,Saturday,2026-03-07,-0.5276402699999541
2026-03-07 23:57:07.926000+00:00,23,Saturday,2026-03-07,0.36861222240005287
2026-03-07 23:58:19.264000+00:00,23,Saturday,2026-03-07,-0.13991632327917125
2026-03-07 23:59:52.743000+00:00,23,Saturday,2026-03-07,-6.099148882752013
2026-03-07 23:58:19.264000+00:00,23,Saturday,2026-03-07,-0.43330280166713564
2026-03-07 23:58:53.400000+00:00,23,Saturday,2026-03-07,-0.49951813507197107
2026-03-08 00:01:00.078000+00:00,0,Sunday,2026-03-08,-4.449204930979088
2026-03-07 23:58:20.845000+00:00,23,Saturday,2026-03-07,-0.36519106348798647
2026-03-08 00:01:10.469000+00:00,0,Sunday,2026-03-08,-0.556581814876753
2026-03-07 23:59:46.498000+00:00,23,Saturday,2026-03-07,-1.200619557107192
2026-03-08 00:01:18.483000+00:00,0,Sunday,2026-03-08,-1.129216288415983
2026-03-07 23:59:17.746000+00:00,23,Saturday,2026-03-07,-0.91864507926392
2026-03-08 00:00:24.602000+00:00,0,Sunday,2026-03-08,-1.9390654732607864
2026-03-08 00:02:01.130000+00:00,0,Sunday,2026-03-08,-1.0706297840640067
2026-03-08 00:00:24.053000+00:00,0,Sunday,2026-03-08,-0.7296410368080014
2026-03-08 00:02:20.557000+00:00,0,Sunday,2026-03-08,-0.14183004512159425
2026-03-08 00:03:19.525000+00:00,0,Sunday,2026-03-08,-0.8578838442959934
2026-03-08 00:01:04.103000+00:00,0,Sunday,2026-03-08,-1.4229077301071795
2026-03-08 00:02:01.748000+00:00,0,Sunday,2026-03-08,-0.8195951166720126
2026-03-08 00:05:42.475000+00:00,0,Sunday,2026-03-08,-0.4313216430240092
2026-03-08 00:03:57.594000+00:00,0,Sunday,2026-03-08,-0.832987102464045
2026-03-08 00:04:02.736000+00:00,0,Sunday,2026-03-08,-0.5937685457600131
2026-03-08 00:04:06.922000+00:00,0,Sunday,2026-03-08,-1.6032003038478642
2026-03-08 00:07:43.212000+00:00,0,Sunday,2026-03-08,-0.13055706991199595
2026-03-08 00:05:04.466000+00:00,0,Sunday,2026-03-08,-0.5860083812736412
2026-03-08 00:07:05.026000+00:00,0,Sunday,2026-03-08,-0.30713192726401645
2026-03-08 00:07:00.182000+00:00,0,Sunday,2026-03-08,-0.8521976636159534
2026-03-08 00:07:10.246000+00:00,0,Sunday,2026-03-08,-0.6909653985279756
2026-03-08 00:10:25.246000+00:00,0,Sunday,2026-03-08,-2.377782403919946
2026-03-08 00:09:43.948000+00:00,0,Sunday,2026-03-08,-0.3280208561279121
2026-03-08 00:09:06.920000+00:00,0,Sunday,2026-03-08,-0.8342009484479942
2026-03-08 00:10:03.400000+00:00,0,Sunday,2026-03-08,-0.6460312304159658
2026-03-08 00:10:25.246000+00:00,0,Sunday,2026-03-08,-0.6787339459439674
2026-03-08 00:13:30.172000+00:00,0,Sunday,2026-03-08,-0.07553588114395995
2026-03-08 00:12:09.482000+00:00,0,Sunday,2026-03-08,-0.488661153119918
2026-03-08 00:13:06.321000+00:00,0,Sunday,2026-03-08,-0.36586343151353723
2026-03-08 00:12:27.716000+00:00,0,Sunday,2026-03-08,-0.6007463642880072
2026-03-08 00:13:30.172000+00:00,0,Sunday,2026-03-08,-1.5499062581815857
2026-03-08 00:16:34.338000+00:00,0,Sunday,2026-03-08,-1.9305918753279703
2026-03-08 00:15:42.098000+00:00,0,Sunday,2026-03-08,-0.39190457087991426
2026-03-08 00:15:14.206000+00:00,0,Sunday,2026-03-08,-0.45988716708480243
2026-03-08 00:17:43.128000+00:00,0,Sunday,2026-03-08,-0.23498087659195044
2026-03-08 00:16:32.263000+00:00,0,Sunday,2026-03-08,0.7418419792606107
2026-03-08 00:18:25.584000+00:00,0,Sunday,2026-03-08,-0.015936612192012145
2026-03-08 00:19:34.984000+00:00,0,Sunday,2026-03-08,-0.1983787342847756
2026-03-08 00:18:50.274000+00:00,0,Sunday,2026-03-08,-0.20985066211197778
2026-03-08 00:20:26.241000+00:00,0,Sunday,2026-03-08,-0.04985747308798655
2026-03-08 00:19:44.184000+00:00,0,Sunday,2026-03-08,-0.28863182879999966
2026-03-08 00:18:16.893000+00:00,0,Sunday,2026-03-08,-0.6350875307711865
2026-03-08 00:12:28.232000+00:00,0,Sunday,2026-03-08,-1.9564789847518869
2026-03-08 00:21:45.132000+00:00,0,Sunday,2026-03-08,-0.18361081200001123
2026-03-08 00:21:39.959000+00:00,0,Sunday,2026-03-08,-0.3453040264319979
2026-03-08 00:21:18.321000+00:00,0,Sunday,2026-03-08,-0.870634428408002
2026-03-08 00:21:21.466000+00:00,0,Sunday,2026-03-08,-0.7235317059358899
2026-03-08 00:21:36.358000+00:00,0,Sunday,2026-03-08,-0.5964359815583462
2026-03-08 00:22:33.431000+00:00,0,Sunday,2026-03-08,-0.45407615507518284
2026-03-08 00:24:13.748000+00:00,0,Sunday,2026-03-08,-0.29502292582404366
2026-03-08 00:24:47.268000+00:00,0,Sunday,2026-03-08,-0.15609235186158843
2026-03-08 00:26:19.310000+00:00,0,Sunday,2026-03-08,-0.3670212457200131
2026-03-08 00:23:45.221000+00:00,0,Sunday,2026-03-08,-1.0232119524960064
2026-03-08 00:24:19.863000+00:00,0,Sunday,2026-03-08,-0.6723116741087212
2026-03-08 00:25:58.705000+00:00,0,Sunday,2026-03-08,-0.708098815274287
2026-03-08 00:26:46.885000+00:00,0,Sunday,2026-03-08,-1.2932923983359168
2026-03-08 00:26:47.918000+00:00,0,Sunday,2026-03-08,-2.2827013687727575
2026-03-08 00:27:13.953000+00:00,0,Sunday,2026-03-08,-0.5664608872079503
2026-03-08 00:27:13.953000+00:00,0,Sunday,2026-03-08,-0.6463775010671514
2026-03-08 00:27:21.730000+00:00,0,Sunday,2026-03-08,-0.6558132281183231
2026-03-08 00:29:50.167000+00:00,0,Sunday,2026-03-08,-0.48418272808560014
2026-03-08 00:30:19.739000+00:00,0,Sunday,2026-03-08,-0.34261609139997495
2026-03-08 00:28:19.126000+00:00,0,Sunday,2026-03-08,-1.1978642769599022
2026-03-08 00:28:20.559000+00:00,0,Sunday,2026-03-08,-0.6499557499679927
2026-03-08 00:31:51.139000+00:00,0,Sunday,2026-03-08,-0.48401397014391206
2026-03-08 00:29:54.232000+00:00,0,Sunday,2026-03-08,-0.4876169168159472
2026-03-08 00:32:51.974000+00:00,0,Sunday,2026-03-08,-0.5827541202863706
2026-03-08 00:30:23.366000+00:00,0,Sunday,2026-03-08,-0.8130658558967547
2026-03-08 00:33:25.640000+00:00,0,Sunday,2026-03-08,-0.6000013328399817
2026-03-08 00:31:23.537000+00:00,0,Sunday,2026-03-08,0.00508689107764565
2026-03-08 00:31:23.537000+00:00,0,Sunday,2026-03-08,-0.45386358982076824
2026-03-08 00:33:52.196000+00:00,0,Sunday,2026-03-08,-0.19328197994635415
2026-03-08 00:31:44.776000+00:00,0,Sunday,2026-03-08,-0.5063800629096153
2026-03-08 00:31:44.776000+00:00,0,Sunday,2026-03-08,-0.4610444838383414
2026-03-08 00:34:53.131000+00:00,0,Sunday,2026-03-08,-0.7115075290799903
2026-03-08 00:34:29.997000+00:00,0,Sunday,2026-03-08,-0.33750233884802083
2026-03-08 00:32:25.640000+00:00,0,Sunday,2026-03-08,-0.5659237134959674
2026-03-08 00:33:20.411000+00:00,0,Sunday,2026-03-08,-0.9453467464895478
2026-03-08 00:32:51.974000+00:00,0,Sunday,2026-03-08,1.1162539536824714
2026-03-08 00:32:51.974000+00:00,0,Sunday,2026-03-08,-0.475613548197543
2026-03-08 00:32:56.641000+00:00,0,Sunday,2026-03-08,-1.455645494879982
2026-03-08 00:34:47.041000+00:00,0,Sunday,2026-03-08,-0.3756680309504148
2026-03-08 00:33:51.666000+00:00,0,Sunday,2026-03-08,-0.33340843411197196
2026-03-08 00:36:30.542000+00:00,0,Sunday,2026-03-08,-1.61001754833598
2026-03-08 00:36:18.656000+00:00,0,Sunday,2026-03-08,-0.1536591373199718
2026-03-08 00:36:57.325000+00:00,0,Sunday,2026-03-08,-0.22588935396952187
2026-03-08 00:36:57.848000+00:00,0,Sunday,2026-03-08,-0.47862196955757
2026-03-08 00:34:29.997000+00:00,0,Sunday,2026-03-08,-0.46863567488156727
2026-03-08 00:35:53.253000+00:00,0,Sunday,2026-03-08,-1.1279614224837389
2026-03-08 00:35:53.787000+00:00,0,Sunday,2026-03-08,6.201185631209206
2026-03-08 00:35:54.301000+00:00,0,Sunday,2026-03-08,-0.4716259418783296
2026-03-08 00:36:02.978000+00:00,0,Sunday,2026-03-08,-0.6294424928399988
2026-03-08 00:37:58.516000+00:00,0,Sunday,2026-03-08,-0.18830896800480018
2026-03-08 00:38:32.284000+00:00,0,Sunday,2026-03-08,-0.9518193284158732
2026-03-08 00:36:47.700000+00:00,0,Sunday,2026-03-08,-0.514460868321568
2026-03-08 00:37:24.853000+00:00,0,Sunday,2026-03-08,-2.0656992470399786
2026-03-08 00:37:24.853000+00:00,0,Sunday,2026-03-08,-0.6913632570119369
2026-03-08 00:37:24.853000+00:00,0,Sunday,2026-03-08,-1.1141408781118873
2026-03-08 00:40:09.166000+00:00,0,Sunday,2026-03-08,-0.03569411339992895
2026-03-08 00:37:58.516000+00:00,0,Sunday,2026-03-08,-0.4694498842943672
2026-03-08 00:40:34.329000+00:00,0,Sunday,2026-03-08,-0.027487676397549288
2026-03-08 00:40:34.329000+00:00,0,Sunday,2026-03-08,-0.2867434412479032
2026-03-08 00:39:05.238000+00:00,0,Sunday,2026-03-08,-0.334063719304016
2026-03-08 00:39:05.238000+00:00,0,Sunday,2026-03-08,-0.9222251976543734
2026-03-08 00:39:05.238000+00:00,0,Sunday,2026-03-08,-0.46349322452156894
2026-03-08 00:39:05.797000+00:00,0,Sunday,2026-03-08,-0.971806555499982
2026-03-08 00:39:05.797000+00:00,0,Sunday,2026-03-08,-0.4902195450527749
2026-03-08 00:40:27.526000+00:00,0,Sunday,2026-03-08,-0.5615600028480117
2026-03-08 00:42:09.831000+00:00,0,Sunday,2026-03-08,-0.34070864827996516
2026-03-08 00:40:15+00:00,0,Sunday,2026-03-08,-0.2873793751487576
2026-03-08 00:42:32.615000+00:00,0,Sunday,2026-03-08,-0.6804894287519841
2026-03-08 00:42:06.671000+00:00,0,Sunday,2026-03-08,-0.5737652930951967
2026-03-08 00:42:06.671000+00:00,0,Sunday,2026-03-08,-0.41594081309756414
2026-03-08 00:40:34.329000+00:00,0,Sunday,2026-03-08,-1.1559672048575185
2026-03-08 00:42:08.263000+00:00,0,Sunday,2026-03-08,-0.473044859399991
2026-03-08 00:42:08.263000+00:00,0,Sunday,2026-03-08,-0.25505953017116784
2026-03-08 00:42:35.226000+00:00,0,Sunday,2026-03-08,-0.4740700582656359
2026-03-08 00:42:35.757000+00:00,0,Sunday,2026-03-08,-0.935920782719914
2026-03-08 00:42:44.067000+00:00,0,Sunday,2026-03-08,-0.4681552428431771
2026-03-08 00:41:49.398000+00:00,0,Sunday,2026-03-08,-0.9126358173599738
2026-03-08 00:42:06.671000+00:00,0,Sunday,2026-03-08,1.3649918967568797
2026-03-08 00:44:07.442000+00:00,0,Sunday,2026-03-08,-0.5604036958727603
2026-03-08 00:44:09.075000+00:00,0,Sunday,2026-03-08,-2.498019531976813
2026-03-08 00:44:44.881000+00:00,0,Sunday,2026-03-08,-0.6832983422231506
2026-03-08 00:42:26.002000+00:00,0,Sunday,2026-03-08,-1.3504237030319908
2026-03-08 00:44:09.075000+00:00,0,Sunday,2026-03-08,-1.7941973131487654
2026-03-08 00:46:09.998000+00:00,0,Sunday,2026-03-08,-0.6501707085214701
2026-03-08 00:46:09.998000+00:00,0,Sunday,2026-03-08,-0.4338214816296016
2026-03-08 00:42:15.632000+00:00,0,Sunday,2026-03-08,-0.3525838341600054
2026-03-08 00:43:58.083000+00:00,0,Sunday,2026-03-08,-0.5229187953095463
2026-03-08 00:45:28.598000+00:00,0,Sunday,2026-03-08,-0.1060161711839267
2026-03-08 00:44:07.442000+00:00,0,Sunday,2026-03-08,-0.6686952099231607
2026-03-08 00:44:34.488000+00:00,0,Sunday,2026-03-08,-0.6801332331359544
2026-03-08 00:46:45.490000+00:00,0,Sunday,2026-03-08,-0.2531082461039985
2026-03-08 00:46:59.286000+00:00,0,Sunday,2026-03-08,-0.49543603467994735
2026-03-08 00:44:36.050000+00:00,0,Sunday,2026-03-08,-0.27807447174004557
2026-03-08 00:47:11.327000+00:00,0,Sunday,2026-03-08,-0.3092513277599528
2026-03-08 00:45:36.268000+00:00,0,Sunday,2026-03-08,0.2752922657703535
2026-03-08 00:44:57.842000+00:00,0,Sunday,2026-03-08,-2.3226310336319695
2026-03-08 00:47:11.327000+00:00,0,Sunday,2026-03-08,-0.12258838015181028
2026-03-08 00:47:15.081000+00:00,0,Sunday,2026-03-08,-0.4565981884799661
2026-03-08 00:45:09.031000+00:00,0,Sunday,2026-03-08,-1.1264258658670283
2026-03-08 00:47:47.999000+00:00,0,Sunday,2026-03-08,-0.7101703255679683
2026-03-08 00:48:10.755000+00:00,0,Sunday,2026-03-08,-0.3275816677535778
2026-03-08 00:46:08.390000+00:00,0,Sunday,2026-03-08,-0.7191366038063499
2026-03-08 00:49:00.185000+00:00,0,Sunday,2026-03-08,-0.49000419551999674
2026-03-08 00:49:11.925000+00:00,0,Sunday,2026-03-08,0.047171565304870544
2026-03-08 00:49:11.925000+00:00,0,Sunday,2026-03-08,-0.5238768451079674
2026-03-08 00:47:10.209000+00:00,0,Sunday,2026-03-08,-0.33419809678879464
2026-03-08 00:47:29.545000+00:00,0,Sunday,2026-03-08,-0.7944902319119562
2026-03-08 00:49:48.868000+00:00,0,Sunday,2026-03-08,-0.8621221619999395
2026-03-08 00:47:35.387000+00:00,0,Sunday,2026-03-08,-0.3061868514216212
2026-03-08 00:47:47.999000+00:00,0,Sunday,2026-03-08,-0.4866966647999825
2026-03-08 00:47:54.399000+00:00,0,Sunday,2026-03-08,-0.04334576767195619
2026-03-08 00:48:10.755000+00:00,0,Sunday,2026-03-08,-0.41922771695436667
2026-03-08 00:48:56.999000+00:00,0,Sunday,2026-03-08,-0.6171481124423531
2026-03-08 00:51:01.193000+00:00,0,Sunday,2026-03-08,-0.5408402712000252
2026-03-08 00:50:11.747000+00:00,0,Sunday,2026-03-08,-0.2219418630000055
2026-03-08 00:50:42.729000+00:00,0,Sunday,2026-03-08,-0.321951739132695
2026-03-08 00:51:04.325000+00:00,0,Sunday,2026-03-08,-0.777933694487956
2026-03-08 00:48:42.433000+00:00,0,Sunday,2026-03-08,-0.6294915052703829
2026-03-08 00:48:42.433000+00:00,0,Sunday,2026-03-08,0.9735408034960756
2026-03-08 00:51:22.933000+00:00,0,Sunday,2026-03-08,-0.32453462591999854
2026-03-08 00:48:42.433000+00:00,0,Sunday,2026-03-08,-0.02739592506944788
2026-03-08 00:49:10.320000+00:00,0,Sunday,2026-03-08,-0.677882141006302
2026-03-08 00:49:16.707000+00:00,0,Sunday,2026-03-08,-0.4078868190479416
2026-03-08 00:51:49.571000+00:00,0,Sunday,2026-03-08,-0.4727128665599819
2026-03-08 00:50:56.027000+00:00,0,Sunday,2026-03-08,-0.547895403408065
2026-03-08 00:51:04.859000+00:00,0,Sunday,2026-03-08,-0.19109913856002336
2026-03-08 00:50:10.672000+00:00,0,Sunday,2026-03-08,-0.3639539802959897
2026-03-08 00:52:15.886000+00:00,0,Sunday,2026-03-08,-0.790881898852787
2026-03-08 00:51:13.582000+00:00,0,Sunday,2026-03-08,-0.19066393370873713
2026-03-08 00:52:15.886000+00:00,0,Sunday,2026-03-08,-1.6375038239999422
2026-03-08 00:53:24.162000+00:00,0,Sunday,2026-03-08,-0.6638625991008278
2026-03-08 00:51:28.707000+00:00,0,Sunday,2026-03-08,-0.7035516649823697
2026-03-08 00:52:18.517000+00:00,0,Sunday,2026-03-08,-1.380586913279926
2026-03-08 00:52:15.886000+00:00,0,Sunday,2026-03-08,-0.8228443247999646
2026-03-08 00:52:57.072000+00:00,0,Sunday,2026-03-08,-2.1855891206399836
2026-03-08 00:53:11.937000+00:00,0,Sunday,2026-03-08,-0.3544423997279738
2026-03-08 00:52:08.672000+00:00,0,Sunday,2026-03-08,-1.363764750873534
2026-03-08 00:54:21.504000+00:00,0,Sunday,2026-03-08,-0.7977197279999656
2026-03-08 00:52:15.886000+00:00,0,Sunday,2026-03-08,-0.6765071265215021
2026-03-08 00:52:19.588000+00:00,0,Sunday,2026-03-08,-1.1818707142319989
2026-03-08 00:54:30.901000+00:00,0,Sunday,2026-03-08,-0.31213829537273763
2026-03-08 00:54:49.847000+00:00,0,Sunday,2026-03-08,-0.6443788223999276
2026-03-08 00:53:23.610000+00:00,0,Sunday,2026-03-08,-0.42737240671994303
2026-03-08 00:53:49.164000+00:00,0,Sunday,2026-03-08,-0.2521104861312311
2026-03-08 00:52:47.529000+00:00,0,Sunday,2026-03-08,-1.0797636772223576
2026-03-08 00:53:01.883000+00:00,0,Sunday,2026-03-08,-0.609093139151994
2026-03-08 00:53:05.067000+00:00,0,Sunday,2026-03-08,-0.9391827088799907
2026-03-08 00:54:35.589000+00:00,0,Sunday,2026-03-08,-0.6957158004719534
2026-03-08 00:55:19.318000+00:00,0,Sunday,2026-03-08,-0.0753952857359644
2026-03-08 00:55:24.740000+00:00,0,Sunday,2026-03-08,-0.6346361576447536
2026-03-08 00:53:49.164000+00:00,0,Sunday,2026-03-08,-1.7128637351759397
2026-03-08 00:53:56.491000+00:00,0,Sunday,2026-03-08,-0.5014048265039839
2026-03-08 00:54:21.504000+00:00,0,Sunday,2026-03-08,-1.0507392528479111
2026-03-08 00:56:22.064000+00:00,0,Sunday,2026-03-08,-1.0374797375999405
2026-03-08 00:55:19.318000+00:00,0,Sunday,2026-03-08,-2.747846430335947
2026-03-08 00:56:06.428000+00:00,0,Sunday,2026-03-08,-1.308832199558374
2026-03-08 00:54:57.805000+00:00,0,Sunday,2026-03-08,-1.264898232935876
2026-03-08 00:56:04.221000+00:00,0,Sunday,2026-03-08,-0.7864401186240184
2026-03-08 00:56:36.186000+00:00,0,Sunday,2026-03-08,-1.3798634208480176
2026-03-08 00:55:18.732000+00:00,0,Sunday,2026-03-08,-0.7797238313183452
2026-03-08 00:56:31.834000+00:00,0,Sunday,2026-03-08,-1.9397621494431936
2026-03-08 00:55:22.022000+00:00,0,Sunday,2026-03-08,-1.1169460425599445
2026-03-08 00:55:43.435000+00:00,0,Sunday,2026-03-08,-0.756436873919968
2026-03-08 00:58:09.846000+00:00,0,Sunday,2026-03-08,-0.7579940870087347
2026-03-08 00:55:59.573000+00:00,0,Sunday,2026-03-08,-1.137349484843977
2026-03-08 00:55:59.573000+00:00,0,Sunday,2026-03-08,1.0944486362952168
2026-03-08 00:56:58.706000+00:00,0,Sunday,2026-03-08,-0.8328698593679809
2026-03-08 00:58:05.204000+00:00,0,Sunday,2026-03-08,-0.39710379047999256
2026-03-08 00:58:36.960000+00:00,0,Sunday,2026-03-08,-0.913411331999942
2026-03-08 00:58:38.550000+00:00,0,Sunday,2026-03-08,-0.6054037157199349
2026-03-08 00:57:10.498000+00:00,0,Sunday,2026-03-08,-0.2258583155848594
2026-03-08 00:58:23.790000+00:00,0,Sunday,2026-03-08,-0.12910957259998412
2026-03-08 00:56:50.632000+00:00,0,Sunday,2026-03-08,-0.4989810931199793
2026-03-08 00:56:59.263000+00:00,0,Sunday,2026-03-08,-1.172566259699984
2026-03-08 00:57:10.498000+00:00,0,Sunday,2026-03-08,-0.48438446085113906
2026-03-08 00:57:23.562000+00:00,0,Sunday,2026-03-08,-0.22222040498235546
2026-03-08 00:58:00.554000+00:00,0,Sunday,2026-03-08,-0.7541466167039109
2026-03-08 00:58:24.323000+00:00,0,Sunday,2026-03-08,-0.9403195823999941
2026-03-08 00:58:45.501000+00:00,0,Sunday,2026-03-08,-0.30135001343997975
2026-03-08 00:59:01.732000+00:00,0,Sunday,2026-03-08,-0.34526730608954836
2026-03-08 00:59:06.035000+00:00,0,Sunday,2026-03-08,-0.4808828614079688
2026-03-08 00:59:49.462000+00:00,0,Sunday,2026-03-08,-0.8794943067631793
2026-03-08 00:57:25.677000+00:00,0,Sunday,2026-03-08,-1.9180143682559556
2026-03-08 00:58:36.422000+00:00,0,Sunday,2026-03-08,-0.59026008674872
2026-03-08 00:59:55.051000+00:00,0,Sunday,2026-03-08,-0.4989810931199793
2026-03-08 00:54:47.636000+00:00,0,Sunday,2026-03-08,-1.6030782231359666
2026-03-08 00:59:55.051000+00:00,0,Sunday,2026-03-08,-4.672617638639936
2026-03-08 01:00:07.300000+00:00,1,Sunday,2026-03-08,-0.6664256967600186
2026-03-08 01:00:12.412000+00:00,1,Sunday,2026-03-08,-0.37336590347518384
2026-03-08 00:58:16.645000+00:00,0,Sunday,2026-03-08,-1.0182750030639536
2026-03-08 01:00:14.643000+00:00,1,Sunday,2026-03-08,-0.6947874839360249
2026-03-08 01:00:28.236000+00:00,1,Sunday,2026-03-08,-0.8611650461215875
2026-03-08 01:00:06.627000+00:00,1,Sunday,2026-03-08,-0.3614417993279692
2026-03-08 01:00:39.436000+00:00,1,Sunday,2026-03-08,-0.942623533248022
2026-03-08 01:01:07.139000+00:00,1,Sunday,2026-03-08,-0.494486883744011
2026-03-08 01:00:46.081000+00:00,1,Sunday,2026-03-08,-0.5400052940799646
2026-03-08 01:01:02.599000+00:00,1,Sunday,2026-03-08,-1.932012150017525
2026-03-08 01:00:10.701000+00:00,1,Sunday,2026-03-08,-1.053880655198427
2026-03-08 01:00:27.650000+00:00,1,Sunday,2026-03-08,-1.0195315007999484
2026-03-08 01:00:27.650000+00:00,1,Sunday,2026-03-08,-0.3993612237600079
2026-03-08 01:00:37.725000+00:00,1,Sunday,2026-03-08,-0.688743343655984
2026-03-08 01:02:08.433000+00:00,1,Sunday,2026-03-08,-0.47059900562634654
2026-03-08 01:00:01.526000+00:00,1,Sunday,2026-03-08,-0.9150870835583185
2026-03-08 01:01:50.591000+00:00,1,Sunday,2026-03-08,-0.3553267576622494
2026-03-08 01:02:32.863000+00:00,1,Sunday,2026-03-08,-0.6629722401455956
2026-03-08 01:00:27.089000+00:00,1,Sunday,2026-03-08,-1.5841773721520118
2026-03-08 01:02:40.235000+00:00,1,Sunday,2026-03-08,-0.9422001480862597
2026-03-08 01:00:37.169000+00:00,1,Sunday,2026-03-08,-0.6792334458623079
2026-03-08 01:01:55.779000+00:00,1,Sunday,2026-03-08,-0.4387482614399374
2026-03-08 01:02:46.998000+00:00,1,Sunday,2026-03-08,-0.5043192268799388
2026-03-08 01:02:10.665000+00:00,1,Sunday,2026-03-08,-0.46067423067195457
2026-03-08 01:01:19.755000+00:00,1,Sunday,2026-03-08,-0.13583899900794838
2026-03-08 01:03:01.552000+00:00,1,Sunday,2026-03-08,-0.9469558861199905
2026-03-08 01:03:08.155000+00:00,1,Sunday,2026-03-08,-0.494486883744011
2026-03-08 01:03:01.552000+00:00,1,Sunday,2026-03-08,-0.6966324220799534
2026-03-08 01:01:51.151000+00:00,1,Sunday,2026-03-08,0.012528936695989895
2026-03-08 01:03:59.553000+00:00,1,Sunday,2026-03-08,-0.647511784703938
2026-03-08 01:04:09.315000+00:00,1,Sunday,2026-03-08,-0.9434721297792127
2026-03-08 01:04:11.510000+00:00,1,Sunday,2026-03-08,-0.5111359084800101
2026-03-08 01:04:42.026000+00:00,1,Sunday,2026-03-08,-0.4918281859007152
2026-03-08 01:02:15.331000+00:00,1,Sunday,2026-03-08,0.2607053704320319
2026-03-08 01:03:34.833000+00:00,1,Sunday,2026-03-08,-2.1036549699359406
2026-03-08 01:03:39.096000+00:00,1,Sunday,2026-03-08,-0.4154336185247453
2026-03-08 01:03:56.341000+00:00,1,Sunday,2026-03-08,-0.2824770124799645
2026-03-08 01:04:42.566000+00:00,1,Sunday,2026-03-08,-0.4979578708079699
2026-03-08 01:04:59.795000+00:00,1,Sunday,2026-03-08,-0.46989402470397307
2026-03-08 01:02:13.508000+00:00,1,Sunday,2026-03-08,-0.45178932838395963
2026-03-08 01:02:32.267000+00:00,1,Sunday,2026-03-08,-0.7169209649279311
2026-03-08 01:05:00.326000+00:00,1,Sunday,2026-03-08,-0.5039159865599703
2026-03-08 01:03:01.552000+00:00,1,Sunday,2026-03-08,-1.0369996895998643
2026-03-08 01:03:01.552000+00:00,1,Sunday,2026-03-08,-0.993777287567933
2026-03-08 01:03:03.790000+00:00,1,Sunday,2026-03-08,-0.4800101920222915
2026-03-08 01:05:17.002000+00:00,1,Sunday,2026-03-08,-0.9776446346879495
2026-03-08 01:05:35.429000+00:00,1,Sunday,2026-03-08,-0.2770602130400236
2026-03-08 01:05:02.564000+00:00,1,Sunday,2026-03-08,-1.5693364831871561
2026-03-08 01:06:17.032000+00:00,1,Sunday,2026-03-08,-0.7569191548799062
2026-03-08 01:06:30.492000+00:00,1,Sunday,2026-03-08,-1.35463453395672
2026-03-08 01:06:17.032000+00:00,1,Sunday,2026-03-08,-0.7150819334399403
2026-03-08 01:05:02.564000+00:00,1,Sunday,2026-03-08,-1.6091798044798833
2026-03-08 01:06:04.563000+00:00,1,Sunday,2026-03-08,-1.8184519439999063
2026-03-08 01:04:42.566000+00:00,1,Sunday,2026-03-08,-1.5208108092863248
2026-03-08 01:05:09.059000+00:00,1,Sunday,2026-03-08,-0.9431815459919022
2026-03-08 01:06:25.591000+00:00,1,Sunday,2026-03-08,-2.578727523047938
2026-03-08 01:06:42.790000+00:00,1,Sunday,2026-03-08,-0.8994358664135805
2026-03-08 01:06:43.347000+00:00,1,Sunday,2026-03-08,-1.2328473163103952
2026-03-08 01:07:04.084000+00:00,1,Sunday,2026-03-08,-0.8405208940799782
2026-03-08 01:07:05.717000+00:00,1,Sunday,2026-03-08,-1.224505784159924
2026-03-08 01:07:14.811000+00:00,1,Sunday,2026-03-08,-0.7432631188799524
2026-03-08 01:05:39.831000+00:00,1,Sunday,2026-03-08,-0.45517745370232154
2026-03-08 01:07:18.070000+00:00,1,Sunday,2026-03-08,-0.9884025103679002
2026-03-08 01:06:04.563000+00:00,1,Sunday,2026-03-08,-2.003160734120026
2026-03-08 01:07:51.361000+00:00,1,Sunday,2026-03-08,-0.49459729478395004
2026-03-08 01:08:18.069000+00:00,1,Sunday,2026-03-08,-0.6403600295999534
2026-03-08 01:08:18.069000+00:00,1,Sunday,2026-03-08,-0.9579261830399213
2026-03-08 01:08:36.654000+00:00,1,Sunday,2026-03-08,-0.9586210525198735
2026-03-08 01:06:55.830000+00:00,1,Sunday,2026-03-08,-1.7479257395999823
2026-03-08 01:08:43.785000+00:00,1,Sunday,2026-03-08,-0.4858116121920016
2026-03-08 01:09:05.752000+00:00,1,Sunday,2026-03-08,-1.2368363903999922
2026-03-08 01:09:05.752000+00:00,1,Sunday,2026-03-08,-0.19584580041598065
2026-03-08 01:07:14.811000+00:00,1,Sunday,2026-03-08,-0.3134951719296708
2026-03-08 01:07:14.811000+00:00,1,Sunday,2026-03-08,-0.6481809661708029
2026-03-08 01:07:14.811000+00:00,1,Sunday,2026-03-08,-0.3464589308640001
2026-03-08 01:07:14.811000+00:00,1,Sunday,2026-03-08,-0.6617151818927447
2026-03-08 01:07:18.070000+00:00,1,Sunday,2026-03-08,-0.6566889781919403
2026-03-08 01:08:44.335000+00:00,1,Sunday,2026-03-08,-0.08050687860478539
2026-03-08 01:07:32.852000+00:00,1,Sunday,2026-03-08,-0.09796525939200235
2026-03-08 01:07:36.123000+00:00,1,Sunday,2026-03-08,-0.39570839677590797
2026-03-08 01:08:07.142000+00:00,1,Sunday,2026-03-08,-0.22232772639986753
2026-03-08 01:08:26.255000+00:00,1,Sunday,2026-03-08,-1.563666516191979
2026-03-08 01:09:06.428000+00:00,1,Sunday,2026-03-08,-0.6511739547135253
2026-03-08 01:09:06.973000+00:00,1,Sunday,2026-03-08,-0.5889904256079346
2026-03-08 01:09:15.787000+00:00,1,Sunday,2026-03-08,-0.49577938783993347
2026-03-08 01:09:39.553000+00:00,1,Sunday,2026-03-08,-0.985250515199989
2026-03-08 01:09:04.641000+00:00,1,Sunday,2026-03-08,-0.261765634799953
2026-03-08 01:10:17.808000+00:00,1,Sunday,2026-03-08,-0.5160634891647381
2026-03-08 01:10:17.808000+00:00,1,Sunday,2026-03-08,-0.7139353159929704
2026-03-08 01:10:17.808000+00:00,1,Sunday,2026-03-08,-0.6893191650239731
2026-03-08 01:10:17.808000+00:00,1,Sunday,2026-03-08,-0.9319438250638559
2026-03-08 01:10:18.958000+00:00,1,Sunday,2026-03-08,-0.6400720008000292
2026-03-08 01:10:18.958000+00:00,1,Sunday,2026-03-08,-1.2363429586400845
2026-03-08 01:08:41.602000+00:00,1,Sunday,2026-03-08,-1.043757095635125
2026-03-08 01:10:21.159000+00:00,1,Sunday,2026-03-08,-0.8831102628318629
2026-03-08 01:10:46.061000+00:00,1,Sunday,2026-03-08,-1.3408436927998606
2026-03-08 01:10:46.061000+00:00,1,Sunday,2026-03-08,-1.1993463627598395
2026-03-08 01:10:46.061000+00:00,1,Sunday,2026-03-08,-2.012220484127988
2026-03-08 01:10:46.629000+00:00,1,Sunday,2026-03-08,-0.49572291133435264
2026-03-08 01:10:46.629000+00:00,1,Sunday,2026-03-08,-0.8923597259304836
2026-03-08 01:10:46.629000+00:00,1,Sunday,2026-03-08,-0.7423324018176058
2026-03-08 01:10:10.689000+00:00,1,Sunday,2026-03-08,-0.10350558691191392
2026-03-08 01:11:06.720000+00:00,1,Sunday,2026-03-08,-0.8218950796159086
2026-03-08 01:09:39.553000+00:00,1,Sunday,2026-03-08,-0.457466062031956
2026-03-08 01:11:16.384000+00:00,1,Sunday,2026-03-08,-0.9598838574400061
2026-03-08 01:11:17.509000+00:00,1,Sunday,2026-03-08,-0.6750475835198693
2026-03-08 01:12:28.725000+00:00,1,Sunday,2026-03-08,-0.6456823183583849
2026-03-08 01:12:32.972000+00:00,1,Sunday,2026-03-08,-0.47554482975998735
2026-03-08 01:11:07.885000+00:00,1,Sunday,2026-03-08,-1.2607278197279723
2026-03-08 01:13:03.440000+00:00,1,Sunday,2026-03-08,-0.8513475711998895
2026-03-08 01:10:46.061000+00:00,1,Sunday,2026-03-08,-0.6593531567999567
2026-03-08 01:11:07.329000+00:00,1,Sunday,2026-03-08,-0.9580200324239003
2026-03-08 01:12:47.546000+00:00,1,Sunday,2026-03-08,-0.006292964119128885
2026-03-08 01:11:43.258000+00:00,1,Sunday,2026-03-08,-0.6846377053823323
2026-03-08 01:12:29.272000+00:00,1,Sunday,2026-03-08,-0.6508216668799629
2026-03-08 01:13:51.599000+00:00,1,Sunday,2026-03-08,-0.9884534015999701
2026-03-08 01:14:10.885000+00:00,1,Sunday,2026-03-08,-3.162401665247924
2026-03-08 01:09:52.203000+00:00,1,Sunday,2026-03-08,-0.736471345991986
2026-03-08 01:12:47.546000+00:00,1,Sunday,2026-03-08,-1.6979681522495518
2026-03-08 01:15:04.293000+00:00,1,Sunday,2026-03-08,-0.9840743975998322
2026-03-08 01:12:28.725000+00:00,1,Sunday,2026-03-08,-1.0228229030880054
2026-03-08 01:12:47.017000+00:00,1,Sunday,2026-03-08,-1.329407178719956
2026-03-08 01:12:47.546000+00:00,1,Sunday,2026-03-08,-0.9102539784575975
2026-03-08 01:14:10.885000+00:00,1,Sunday,2026-03-08,-1.3994214803278673
2026-03-08 01:13:03.440000+00:00,1,Sunday,2026-03-08,-0.6309019295232086
2026-03-08 01:13:10.592000+00:00,1,Sunday,2026-03-08,-1.9331575597439108
2026-03-08 01:14:29.554000+00:00,1,Sunday,2026-03-08,-1.8867124482248139
2026-03-08 01:15:16.865000+00:00,1,Sunday,2026-03-08,-0.3877141746720023
2026-03-08 01:15:19.544000+00:00,1,Sunday,2026-03-08,-1.1888308717478582
2026-03-08 01:15:31.226000+00:00,1,Sunday,2026-03-08,-0.883171029887979
2026-03-08 01:13:58.383000+00:00,1,Sunday,2026-03-08,-0.827820284800054
2026-03-08 01:16:06.060000+00:00,1,Sunday,2026-03-08,-0.3129790343998695
2026-03-08 01:16:11.972000+00:00,1,Sunday,2026-03-08,-0.25885952639993737
2026-03-08 01:15:52.216000+00:00,1,Sunday,2026-03-08,-0.25341130079996427
2026-03-08 01:14:46.251000+00:00,1,Sunday,2026-03-08,-0.4536755879039551
2026-03-08 01:14:48.364000+00:00,1,Sunday,2026-03-08,-0.9836309557007503
2026-03-08 01:14:56.258000+00:00,1,Sunday,2026-03-08,-0.5690660157600127
2026-03-08 01:17:20.442000+00:00,1,Sunday,2026-03-08,-0.9199284156431284
2026-03-08 01:15:12.530000+00:00,1,Sunday,2026-03-08,-0.4582775831759559
2026-03-08 01:16:11.972000+00:00,1,Sunday,2026-03-08,-0.5570779301471
2026-03-08 01:17:17.744000+00:00,1,Sunday,2026-03-08,-0.32919469440001786
2026-03-08 01:17:52.861000+00:00,1,Sunday,2026-03-08,-0.5051257075199503
2026-03-08 01:17:32.149000+00:00,1,Sunday,2026-03-08,-0.45568018953582085
2026-03-08 01:17:50.697000+00:00,1,Sunday,2026-03-08,-0.4244854590144056
2026-03-08 01:18:12.796000+00:00,1,Sunday,2026-03-08,-0.7955096110175915
2026-03-08 01:18:12.796000+00:00,1,Sunday,2026-03-08,-0.7952965263359765
2026-03-08 01:15:49.006000+00:00,1,Sunday,2026-03-08,-0.8739543695999699
2026-03-08 01:15:50.606000+00:00,1,Sunday,2026-03-08,-0.5328773191319274
2026-03-08 01:16:06.060000+00:00,1,Sunday,2026-03-08,-0.44159276413439047
2026-03-08 01:18:40.027000+00:00,1,Sunday,2026-03-08,-1.0111539052798604
2026-03-08 01:18:07.038000+00:00,1,Sunday,2026-03-08,-0.12438380411992123
2026-03-08 01:18:40.027000+00:00,1,Sunday,2026-03-08,-0.4606146488591789
2026-03-08 01:16:30.115000+00:00,1,Sunday,2026-03-08,-0.9108818630784152
2026-03-08 01:17:01.453000+00:00,1,Sunday,2026-03-08,-0.026927081999936042
2026-03-08 01:19:21.390000+00:00,1,Sunday,2026-03-08,-0.7404116337599085
2026-03-08 01:17:48.030000+00:00,1,Sunday,2026-03-08,-0.4536755879039551
2026-03-08 01:19:58.488000+00:00,1,Sunday,2026-03-08,-1.0192572590087727
2026-03-08 01:18:51.218000+00:00,1,Sunday,2026-03-08,-0.9878859787199814
2026-03-08 01:18:52.788000+00:00,1,Sunday,2026-03-08,-0.6193539566240367
2026-03-08 01:19:08.130000+00:00,1,Sunday,2026-03-08,-0.4417662814806731
2026-03-08 01:19:18.714000+00:00,1,Sunday,2026-03-08,-0.5531960459519609
2026-03-08 01:20:59.926000+00:00,1,Sunday,2026-03-08,-0.34383935733833343
2026-03-08 01:22:21.853000+00:00,1,Sunday,2026-03-08,-0.34851812951996863
2026-03-08 01:19:30.291000+00:00,1,Sunday,2026-03-08,-0.24593558579989405
2026-03-08 01:20:31.850000+00:00,1,Sunday,2026-03-08,-0.7952354976000018
2026-03-08 01:21:22.211000+00:00,1,Sunday,2026-03-08,-0.532717227187189
2026-03-08 01:21:54.236000+00:00,1,Sunday,2026-03-08,-0.7026009103199613
2026-03-08 01:20:07.987000+00:00,1,Sunday,2026-03-08,-0.4952714343840362
2026-03-08 01:22:40.916000+00:00,1,Sunday,2026-03-08,-0.16770484504796834
2026-03-08 01:20:58.392000+00:00,1,Sunday,2026-03-08,-1.4520246998399222
2026-03-08 01:20:58.392000+00:00,1,Sunday,2026-03-08,-0.5979502493207718
2026-03-08 01:21:18.516000+00:00,1,Sunday,2026-03-08,-1.987601523455985
2026-03-08 01:24:41.584000+00:00,1,Sunday,2026-03-08,-0.2888232287615633
2026-03-08 01:21:56.301000+00:00,1,Sunday,2026-03-08,-0.5917286458031915
2026-03-08 01:22:21.853000+00:00,1,Sunday,2026-03-08,-0.7789627654224054
2026-03-08 01:22:58.108000+00:00,1,Sunday,2026-03-08,-0.0955029176640238
2026-03-08 01:23:01.271000+00:00,1,Sunday,2026-03-08,-0.4043992986000142
2026-03-08 01:22:38.826000+00:00,1,Sunday,2026-03-08,-0.8453783073599148
2026-03-08 01:24:22.839000+00:00,1,Sunday,2026-03-08,-0.8437175387519544
2026-03-08 01:23:01.271000+00:00,1,Sunday,2026-03-08,-1.2373419236255672
2026-03-08 01:23:10.153000+00:00,1,Sunday,2026-03-08,-0.43942042003192716
2026-03-08 01:23:23.144000+00:00,1,Sunday,2026-03-08,-1.0142059456111412
2026-03-08 01:23:54.771000+00:00,1,Sunday,2026-03-08,-1.2731710471199205
2026-03-08 01:24:18.138000+00:00,1,Sunday,2026-03-08,-0.04117423041592372
2026-03-08 01:25:42.170000+00:00,1,Sunday,2026-03-08,-0.32518269071997186
2026-03-08 01:26:03.476000+00:00,1,Sunday,2026-03-08,-1.420555834631983
2026-03-08 01:26:34.599000+00:00,1,Sunday,2026-03-08,-0.38182572489597133
2026-03-08 01:26:34.048000+00:00,1,Sunday,2026-03-08,-0.287421519907195
2026-03-08 01:26:42.521000+00:00,1,Sunday,2026-03-08,-0.27389354771998514
2026-03-08 01:24:47.343000+00:00,1,Sunday,2026-03-08,-5.624239634111975
2026-03-08 01:24:47.343000+00:00,1,Sunday,2026-03-08,-1.4104660061655183
2026-03-08 01:25:32.681000+00:00,1,Sunday,2026-03-08,-0.3492258466343041
2026-03-08 01:25:32.681000+00:00,1,Sunday,2026-03-08,-0.45392900255999835
2026-03-08 01:27:42.050000+00:00,1,Sunday,2026-03-08,-0.0759315364079253
2026-03-08 01:26:02.258000+00:00,1,Sunday,2026-03-08,-0.8783581052400313
2026-03-08 01:28:51.865000+00:00,1,Sunday,2026-03-08,-0.40445688427202847
2026-03-08 01:29:05.240000+00:00,1,Sunday,2026-03-08,-0.8997536153839715
2026-03-08 01:26:56.699000+00:00,1,Sunday,2026-03-08,-0.896248945279937
2026-03-08 01:26:59.308000+00:00,1,Sunday,2026-03-08,-2.3359712286240257
2026-03-08 01:27:50.422000+00:00,1,Sunday,2026-03-08,-0.2528436665879274
2026-03-08 01:28:04.496000+00:00,1,Sunday,2026-03-08,-0.622580731379998
2026-03-08 01:28:34.843000+00:00,1,Sunday,2026-03-08,-0.36109478471996287
2026-03-08 01:28:43.642000+00:00,1,Sunday,2026-03-08,-0.011313663087950926
2026-03-08 01:29:49.240000+00:00,1,Sunday,2026-03-08,-0.07163970091194394
2026-03-08 01:29:55.946000+00:00,1,Sunday,2026-03-08,-0.41731584191994137
2026-03-08 01:30:08.458000+00:00,1,Sunday,2026-03-08,-0.5615721149807276
2026-03-08 01:27:48.832000+00:00,1,Sunday,2026-03-08,-0.7133750903759398
2026-03-08 01:28:34.843000+00:00,1,Sunday,2026-03-08,-0.20569750679515064
2026-03-08 01:30:35.696000+00:00,1,Sunday,2026-03-08,-0.21921469287355808
2026-03-08 01:30:44.553000+00:00,1,Sunday,2026-03-08,-0.16830958463995183
2026-03-08 01:28:34.843000+00:00,1,Sunday,2026-03-08,-0.7551883427040709
2026-03-08 01:31:37.528000+00:00,1,Sunday,2026-03-08,-0.5886080024039787
2026-03-08 01:28:51.865000+00:00,1,Sunday,2026-03-08,1.2869746723246562
2026-03-08 01:32:03.603000+00:00,1,Sunday,2026-03-08,-0.5673770683199746
2026-03-08 01:32:09.527000+00:00,1,Sunday,2026-03-08,-1.1150953038687137
2026-03-08 01:32:17.393000+00:00,1,Sunday,2026-03-08,-0.988514841599996
2026-03-08 01:31:56.535000+00:00,1,Sunday,2026-03-08,-0.7008679370398808
2026-03-08 01:30:50.234000+00:00,1,Sunday,2026-03-08,-0.7133750903759398
2026-03-08 01:32:45.637000+00:00,1,Sunday,2026-03-08,-0.6439554372383567
2026-03-08 01:31:00.029000+00:00,1,Sunday,2026-03-08,-0.826660599654351
2026-03-08 01:31:33.837000+00:00,1,Sunday,2026-03-08,0.16617220275360273
2026-03-08 01:34:17.919000+00:00,1,Sunday,2026-03-08,-1.6475908415999814
2026-03-08 01:32:17.393000+00:00,1,Sunday,2026-03-08,-3.92528696639999
2026-03-08 01:32:03.603000+00:00,1,Sunday,2026-03-08,-0.8390721293198606
2026-03-08 01:32:32.792000+00:00,1,Sunday,2026-03-08,-1.1197372275934894
2026-03-08 01:32:36.557000+00:00,1,Sunday,2026-03-08,-1.471319732966272
2026-03-08 01:34:46.182000+00:00,1,Sunday,2026-03-08,-0.14046970687678723
2026-03-08 01:35:25.542000+00:00,1,Sunday,2026-03-08,0.1313292220576395
2026-03-08 01:35:11.842000+00:00,1,Sunday,2026-03-08,-0.32080149539194536
2026-03-08 01:34:55.079000+00:00,1,Sunday,2026-03-08,-0.10602650559991733
2026-03-08 01:33:42.658000+00:00,1,Sunday,2026-03-08,-0.7016979831839524
2026-03-08 01:36:18.940000+00:00,1,Sunday,2026-03-08,-0.6573926831998705
2026-03-08 01:34:04.237000+00:00,1,Sunday,2026-03-08,-0.7244228321200119
2026-03-08 01:34:10.583000+00:00,1,Sunday,2026-03-08,-1.260853931491117
2026-03-08 01:31:06.231000+00:00,1,Sunday,2026-03-08,-1.519484986727998
2026-03-08 01:35:11.842000+00:00,1,Sunday,2026-03-08,-2.436922381713395
2026-03-08 01:36:47.104000+00:00,1,Sunday,2026-03-08,-0.8525537736143606
2026-03-08 01:36:49.179000+00:00,1,Sunday,2026-03-08,-0.6745385434320077
2026-03-08 01:36:49.179000+00:00,1,Sunday,2026-03-08,-1.2712023541614796
2026-03-08 01:36:49.179000+00:00,1,Sunday,2026-03-08,-0.743541546719972
2026-03-08 01:33:57.364000+00:00,1,Sunday,2026-03-08,-1.7844951513599978
2026-03-08 01:35:38.753000+00:00,1,Sunday,2026-03-08,-1.4627011745039142
2026-03-08 01:35:35.045000+00:00,1,Sunday,2026-03-08,-0.8092784113223281
2026-03-08 01:35:06.569000+00:00,1,Sunday,2026-03-08,-0.10172183865597201
2026-03-08 01:38:47.834000+00:00,1,Sunday,2026-03-08,-0.4934072759975807
2026-03-08 01:36:49.179000+00:00,1,Sunday,2026-03-08,-0.8853629664000322
2026-03-08 01:36:14.203000+00:00,1,Sunday,2026-03-08,-1.1050208378639979
2026-03-08 01:38:19.516000+00:00,1,Sunday,2026-03-08,-1.0754964639999616
2026-03-08 01:36:49.179000+00:00,1,Sunday,2026-03-08,-0.9221727308832606
2026-03-08 01:36:45.011000+00:00,1,Sunday,2026-03-08,-0.7016979831839524
2026-03-08 01:36:49.179000+00:00,1,Sunday,2026-03-08,-1.148536866263934
2026-03-08 01:36:49.179000+00:00,1,Sunday,2026-03-08,-1.2032582828638563
2026-03-08 01:38:55.366000+00:00,1,Sunday,2026-03-08,-0.8225217875679464
2026-03-08 01:39:11.812000+00:00,1,Sunday,2026-03-08,-0.26675934983999544
2026-03-08 01:39:11.812000+00:00,1,Sunday,2026-03-08,-0.3916219420800087
2026-03-08 01:37:12.958000+00:00,1,Sunday,2026-03-08,-0.6771386526487688
2026-03-08 01:37:26.454000+00:00,1,Sunday,2026-03-08,-0.8018312214431722
2026-03-08 01:39:35.984000+00:00,1,Sunday,2026-03-08,-0.7325609767728418
2026-03-08 01:37:29.580000+00:00,1,Sunday,2026-03-08,-1.274231865816072
2026-03-08 01:37:45.271000+00:00,1,Sunday,2026-03-08,-0.8682376382327457
2026-03-08 01:37:59.636000+00:00,1,Sunday,2026-03-08,-1.341959822399998
2026-03-08 01:38:10.566000+00:00,1,Sunday,2026-03-08,-1.035547064351844
2026-03-08 01:38:40.792000+00:00,1,Sunday,2026-03-08,-1.1925482653950055
2026-03-08 01:38:49.998000+00:00,1,Sunday,2026-03-08,-0.5343912690480428
2026-03-08 01:38:49.998000+00:00,1,Sunday,2026-03-08,-1.0761869663271961
2026-03-08 01:38:49.998000+00:00,1,Sunday,2026-03-08,-0.6564545258399535
2026-03-08 01:39:33.822000+00:00,1,Sunday,2026-03-08,-0.7838804698669417
2026-03-08 01:39:47.330000+00:00,1,Sunday,2026-03-08,-0.7012182718151324
2026-03-08 01:39:51.075000+00:00,1,Sunday,2026-03-08,-0.9219365044319415
2026-03-08 01:39:51.075000+00:00,1,Sunday,2026-03-08,-1.0912072020479742
2026-03-08 01:40:15.137000+00:00,1,Sunday,2026-03-08,-1.4578500456239143
2026-03-08 01:40:20.498000+00:00,1,Sunday,2026-03-08,-1.062275025279949
2026-03-08 01:40:28.632000+00:00,1,Sunday,2026-03-08,-0.9494906330232158
2026-03-08 01:40:47.129000+00:00,1,Sunday,2026-03-08,-1.5255944958407537
2026-03-08 01:40:48.758000+00:00,1,Sunday,2026-03-08,-1.1861685519263896
2026-03-08 01:40:56.308000+00:00,1,Sunday,2026-03-08,-2.9024795180159124
2026-03-08 01:41:02.249000+00:00,1,Sunday,2026-03-08,-1.759544044799846
2026-03-08 01:41:22.823000+00:00,1,Sunday,2026-03-08,-0.8960684572799582
2026-03-08 01:43:09.226000+00:00,1,Sunday,2026-03-08,-1.1234581712423597
2026-03-08 01:41:22.119000+00:00,1,Sunday,2026-03-08,-1.3376031965277924
2026-03-08 01:41:42.462000+00:00,1,Sunday,2026-03-08,-3.203838027622219
2026-03-08 01:42:51.228000+00:00,1,Sunday,2026-03-08,1.032863868890987
2026-03-08 01:40:41.157000+00:00,1,Sunday,2026-03-08,-0.5871955941600073
2026-03-08 01:41:52.824000+00:00,1,Sunday,2026-03-08,-0.7803931936319493
2026-03-08 01:41:52.824000+00:00,1,Sunday,2026-03-08,-1.649986009463915
2026-03-08 01:41:55.993000+00:00,1,Sunday,2026-03-08,-0.7434023327999004
2026-03-08 01:43:49.990000+00:00,1,Sunday,2026-03-08,-0.4674679833455818
2026-03-08 01:44:24.967000+00:00,1,Sunday,2026-03-08,-2.645646290015859
2026-03-08 01:42:22.393000+00:00,1,Sunday,2026-03-08,0.08823761440012878
2026-03-08 01:44:58.240000+00:00,1,Sunday,2026-03-08,-0.34058611968003566
2026-03-08 01:42:35.588000+00:00,1,Sunday,2026-03-08,-0.9275949910751982
2026-03-08 01:42:49.663000+00:00,1,Sunday,2026-03-08,-0.7523939977918952
2026-03-08 01:45:48.625000+00:00,1,Sunday,2026-03-08,-1.5907012228607853
2026-03-08 01:43:30.394000+00:00,1,Sunday,2026-03-08,-0.5088478076927918
2026-03-08 01:43:30.394000+00:00,1,Sunday,2026-03-08,-1.4842739867999875
2026-03-08 01:43:48.954000+00:00,1,Sunday,2026-03-08,-1.447327525228759
2026-03-08 01:44:04.511000+00:00,1,Sunday,2026-03-08,-1.8086899094398805
2026-03-08 01:44:10.235000+00:00,1,Sunday,2026-03-08,-1.0959128654237351
2026-03-08 01:46:32.953000+00:00,1,Sunday,2026-03-08,-1.6502311055998726
2026-03-08 01:44:45.389000+00:00,1,Sunday,2026-03-08,-1.3507302169998994
2026-03-08 01:45:09.759000+00:00,1,Sunday,2026-03-08,-1.1842260676079048
2026-03-08 01:45:50.864000+00:00,1,Sunday,2026-03-08,-0.6585133026383558
2026-03-08 01:48:33.517000+00:00,1,Sunday,2026-03-08,-0.8101943870400741
2026-03-08 01:45:51.941000+00:00,1,Sunday,2026-03-08,-1.0987052171584302
2026-03-08 01:46:25.512000+00:00,1,Sunday,2026-03-08,-1.3547271584399336
2026-03-08 01:46:32.953000+00:00,1,Sunday,2026-03-08,-1.1027212300799456
2026-03-08 01:46:53.796000+00:00,1,Sunday,2026-03-08,-0.7351210247518989
2026-03-08 01:46:53.796000+00:00,1,Sunday,2026-03-08,-1.2352484696184152
2026-03-08 01:46:59.164000+00:00,1,Sunday,2026-03-08,-0.5800347563040033
2026-03-08 01:47:14.077000+00:00,1,Sunday,2026-03-08,-1.1256551367999084
2026-03-08 01:47:14.077000+00:00,1,Sunday,2026-03-08,-1.200097269951908
2026-03-08 01:49:36.223000+00:00,1,Sunday,2026-03-08,-0.2617332078591612
2026-03-08 01:48:58.594000+00:00,1,Sunday,2026-03-08,-1.2487677595847968
2026-03-08 01:50:36.664000+00:00,1,Sunday,2026-03-08,-0.3391947984238323
2026-03-08 01:45:26.470000+00:00,1,Sunday,2026-03-08,-0.3934508457599263
2026-03-08 01:47:47.535000+00:00,1,Sunday,2026-03-08,2.825146574600107
2026-03-08 01:50:59.587000+00:00,1,Sunday,2026-03-08,-0.339763039104001
2026-03-08 01:51:02.224000+00:00,1,Sunday,2026-03-08,-0.6390350971199649
2026-03-08 01:50:56.467000+00:00,1,Sunday,2026-03-08,0.05148398639999485
2026-03-08 01:48:58.594000+00:00,1,Sunday,2026-03-08,-0.7248602747232107
2026-03-08 01:49:27.431000+00:00,1,Sunday,2026-03-08,-1.214836351488026
2026-03-08 01:49:55.915000+00:00,1,Sunday,2026-03-08,-0.5497395692398789
2026-03-08 01:50:02.154000+00:00,1,Sunday,2026-03-08,-0.37572953668792486
2026-03-08 01:50:04.342000+00:00,1,Sunday,2026-03-08,-0.28891468510077895
2026-03-08 01:50:37.320000+00:00,1,Sunday,2026-03-08,-0.6488100259199212
2026-03-08 01:53:07.041000+00:00,1,Sunday,2026-03-08,-0.40549547716798395
2026-03-08 01:50:56.467000+00:00,1,Sunday,2026-03-08,-0.49704309071997743
2026-03-08 01:52:57.198000+00:00,1,Sunday,2026-03-08,-0.20590274879984372
2026-03-08 01:53:53.485000+00:00,1,Sunday,2026-03-08,-0.8373373695280717
2026-03-08 01:52:20.608000+00:00,1,Sunday,2026-03-08,-0.7083549174240105
2026-03-08 01:52:29.328000+00:00,1,Sunday,2026-03-08,-1.0179878686080217
2026-03-08 01:55:31.557000+00:00,1,Sunday,2026-03-08,-1.8876568771199844
2026-03-08 01:53:00.298000+00:00,1,Sunday,2026-03-08,-1.0520077681847897
2026-03-08 01:53:04.980000+00:00,1,Sunday,2026-03-08,-0.940257926975989
2026-03-08 01:53:27.572000+00:00,1,Sunday,2026-03-08,-0.5343808179071925
2026-03-08 01:53:27.572000+00:00,1,Sunday,2026-03-08,-0.9664737346270821
2026-03-08 01:53:27.572000+00:00,1,Sunday,2026-03-08,-1.220038539363159
2026-03-08 01:53:04.980000+00:00,1,Sunday,2026-03-08,-0.4271987865599902
2026-03-08 01:53:58.723000+00:00,1,Sunday,2026-03-08,-0.6740907993959854
2026-03-08 01:56:29.535000+00:00,1,Sunday,2026-03-08,-0.25679706589675766
2026-03-08 01:55:23.159000+00:00,1,Sunday,2026-03-08,-0.5077057192199389
2026-03-08 01:56:43.841000+00:00,1,Sunday,2026-03-08,-0.3358823596800261
2026-03-08 01:53:03.411000+00:00,1,Sunday,2026-03-08,-0.44247165601910765
2026-03-08 01:56:11.278000+00:00,1,Sunday,2026-03-08,-0.06275559220796553
2026-03-08 01:57:28.372000+00:00,1,Sunday,2026-03-08,-0.3522376716191875
2026-03-08 01:57:32.587000+00:00,1,Sunday,2026-03-08,-0.34489192680000647
2026-03-08 01:55:05.867000+00:00,1,Sunday,2026-03-08,-0.4919291519998914
2026-03-08 01:58:12.011000+00:00,1,Sunday,2026-03-08,-0.23180256579835926
2026-03-08 01:55:33.674000+00:00,1,Sunday,2026-03-08,-0.649666240127942
2026-03-08 01:56:11.278000+00:00,1,Sunday,2026-03-08,-0.33906415399200696
2026-03-08 01:58:44.738000+00:00,1,Sunday,2026-03-08,-0.8225440185599613
2026-03-08 01:58:30.271000+00:00,1,Sunday,2026-03-08,-0.13641412053359675
2026-03-08 01:56:37.923000+00:00,1,Sunday,2026-03-08,-0.7482256630847115
2026-03-08 01:57:01.518000+00:00,1,Sunday,2026-03-08,-0.7110138482663128
2026-03-08 01:59:33.358000+00:00,1,Sunday,2026-03-08,-0.1869058261919606
2026-03-08 01:59:43.526000+00:00,1,Sunday,2026-03-08,-0.35768961167995483
2026-03-08 01:57:19.345000+00:00,1,Sunday,2026-03-08,-1.299380186687936
2026-03-08 01:57:24.185000+00:00,1,Sunday,2026-03-08,-0.6288050301263504
2026-03-08 01:58:08.831000+00:00,1,Sunday,2026-03-08,-0.5488206657599503
2026-03-08 01:59:40.450000+00:00,1,Sunday,2026-03-08,-0.22015912596478587
2026-03-08 01:58:36.377000+00:00,1,Sunday,2026-03-08,3.461421931992141
2026-03-08 01:59:12.921000+00:00,1,Sunday,2026-03-08,-0.31949966853592887
2026-03-08 02:00:21.566000+00:00,2,Sunday,2026-03-08,-0.5273466135199226
2026-03-08 02:00:51.457000+00:00,2,Sunday,2026-03-08,-0.9569123179199177
2026-03-08 02:00:13.122000+00:00,2,Sunday,2026-03-08,-1.1135683187663559
2026-03-08 02:00:29.411000+00:00,2,Sunday,2026-03-08,-0.41388600991673685
2026-03-08 02:01:34.207000+00:00,2,Sunday,2026-03-08,-0.0398238240959265
2026-03-08 02:03:16.754000+00:00,2,Sunday,2026-03-08,-0.31961631704635446
2026-03-08 02:01:09.104000+00:00,2,Sunday,2026-03-08,-0.4358556626239812
2026-03-08 02:02:22.238000+00:00,2,Sunday,2026-03-08,0.019601443416020214
2026-03-08 02:03:31.706000+00:00,2,Sunday,2026-03-08,-0.6747030852767897
2026-03-08 02:01:44.049000+00:00,2,Sunday,2026-03-08,-0.7710502618272015
2026-03-08 02:01:50.913000+00:00,2,Sunday,2026-03-08,-0.7707138260640282
2026-03-08 02:00:45.684000+00:00,2,Sunday,2026-03-08,-0.6467362185600354
2026-03-08 02:03:46.018000+00:00,2,Sunday,2026-03-08,-0.015717096192025326
2026-03-08 02:04:47.137000+00:00,2,Sunday,2026-03-08,-0.3254238857447689
2026-03-08 02:02:10.202000+00:00,2,Sunday,2026-03-08,-1.1663608266262306
2026-03-08 02:02:32.387000+00:00,2,Sunday,2026-03-08,-0.6740335180487071
2026-03-08 02:05:08.543000+00:00,2,Sunday,2026-03-08,-0.6581847623999553
2026-03-08 02:04:53.467000+00:00,2,Sunday,2026-03-08,-0.3005874299999683
2026-03-08 02:03:16.754000+00:00,2,Sunday,2026-03-08,-1.1643772201599831
2026-03-08 02:04:20.323000+00:00,2,Sunday,2026-03-08,0.80618461094216
2026-03-08 02:04:24.085000+00:00,2,Sunday,2026-03-08,-0.733022089343994
2026-03-08 02:07:14.864000+00:00,2,Sunday,2026-03-08,-0.2579958064079906
2026-03-08 02:05:26.783000+00:00,2,Sunday,2026-03-08,-0.8017444882831761
2026-03-08 02:07:34.554000+00:00,2,Sunday,2026-03-08,-0.3755111952383722
2026-03-08 02:05:35.114000+00:00,2,Sunday,2026-03-08,-0.5218408186991303
2026-03-08 02:05:46.169000+00:00,2,Sunday,2026-03-08,-1.0836453431135356
2026-03-08 02:07:14.864000+00:00,2,Sunday,2026-03-08,-4.1397519940606635
2026-03-08 02:07:26.270000+00:00,2,Sunday,2026-03-08,-0.0367038436319613
2026-03-08 02:06:19.264000+00:00,2,Sunday,2026-03-08,-0.7281176044799705
2026-03-08 02:06:56.940000+00:00,2,Sunday,2026-03-08,-0.36058713395997904
2026-03-08 02:07:09.308000+00:00,2,Sunday,2026-03-08,-0.49328374919993867
2026-03-08 02:07:46.756000+00:00,2,Sunday,2026-03-08,-1.100443003655903
2026-03-08 02:09:12.771000+00:00,2,Sunday,2026-03-08,-0.32728953806637123
2026-03-08 02:06:56.940000+00:00,2,Sunday,2026-03-08,-0.6099629661839325
2026-03-08 02:09:21.372000+00:00,2,Sunday,2026-03-08,-0.06253164976074993
2026-03-08 02:09:59.160000+00:00,2,Sunday,2026-03-08,-0.08633513433602574
2026-03-08 02:09:21.372000+00:00,2,Sunday,2026-03-08,-0.2870145994895555
2026-03-08 02:08:37.290000+00:00,2,Sunday,2026-03-08,-0.6740335180487071
2026-03-08 02:02:40.597000+00:00,2,Sunday,2026-03-08,3.6254665646400275
2026-03-08 02:08:48.029000+00:00,2,Sunday,2026-03-08,-0.7487650520062736
2026-03-08 02:09:20.841000+00:00,2,Sunday,2026-03-08,-0.8509251699200283
2026-03-08 02:11:13.584000+00:00,2,Sunday,2026-03-08,-0.4151382956447163
2026-03-08 02:09:20.841000+00:00,2,Sunday,2026-03-08,1.2052095581632265
2026-03-08 02:12:01.042000+00:00,2,Sunday,2026-03-08,-0.5174371070399528
2026-03-08 02:09:27.106000+00:00,2,Sunday,2026-03-08,-0.7851061866239383
2026-03-08 02:09:35.479000+00:00,2,Sunday,2026-03-08,-0.6224890214927774
2026-03-08 02:10:19.114000+00:00,2,Sunday,2026-03-08,-0.0036185631598643075
2026-03-08 02:12:03.810000+00:00,2,Sunday,2026-03-08,-0.6690764505599389
2026-03-08 02:02:52.343000+00:00,2,Sunday,2026-03-08,-1.1038740105600668
2026-03-08 02:11:50.466000+00:00,2,Sunday,2026-03-08,-0.9444092590078389
2026-03-08 02:13:03.428000+00:00,2,Sunday,2026-03-08,-0.729288921599933
2026-03-08 02:11:22.099000+00:00,2,Sunday,2026-03-08,-0.5015579907839736
2026-03-08 02:11:22.099000+00:00,2,Sunday,2026-03-08,-0.3812651889478692
2026-03-08 02:11:39.335000+00:00,2,Sunday,2026-03-08,-0.5218408186991303
2026-03-08 02:12:01.042000+00:00,2,Sunday,2026-03-08,0.8738016162241079
2026-03-08 02:12:01.582000+00:00,2,Sunday,2026-03-08,-1.0816992819599958
2026-03-08 02:12:12.190000+00:00,2,Sunday,2026-03-08,-1.9632587666439112
2026-03-08 02:13:03.428000+00:00,2,Sunday,2026-03-08,-0.2453782481279569
2026-03-08 02:13:58.598000+00:00,2,Sunday,2026-03-08,-1.039305618181421
2026-03-08 02:12:38.289000+00:00,2,Sunday,2026-03-08,-0.9682543528680125
2026-03-08 02:15:10.923000+00:00,2,Sunday,2026-03-08,-1.8444725029960094
2026-03-08 02:10:19.114000+00:00,2,Sunday,2026-03-08,1.8732996120300185
2026-03-08 02:13:14.550000+00:00,2,Sunday,2026-03-08,-1.5440268885385091
2026-03-08 02:15:32.509000+00:00,2,Sunday,2026-03-08,-1.4552695846847856
2026-03-08 02:13:32.475000+00:00,2,Sunday,2026-03-08,4.222783514104092
2026-03-08 02:15:05.325000+00:00,2,Sunday,2026-03-08,-1.054391503795227
2026-03-08 02:15:05.325000+00:00,2,Sunday,2026-03-08,-0.38572239843989486
2026-03-08 02:14:01.770000+00:00,2,Sunday,2026-03-08,-1.7242428739198927
2026-03-08 02:14:04.390000+00:00,2,Sunday,2026-03-08,-1.6778158655999102
2026-03-08 02:12:39.879000+00:00,2,Sunday,2026-03-08,-1.823035818206207
2026-03-08 02:17:33.708000+00:00,2,Sunday,2026-03-08,-0.5781225759118928
2026-03-08 02:15:19.161000+00:00,2,Sunday,2026-03-08,-5.207024320799959
2026-03-08 02:16:17.079000+00:00,2,Sunday,2026-03-08,-0.5853194398999805
2026-03-08 02:15:51.788000+00:00,2,Sunday,2026-03-08,-1.7037370655039643
2026-03-08 02:15:51.788000+00:00,2,Sunday,2026-03-08,0.47384367973594604
2026-03-08 02:15:59.542000+00:00,2,Sunday,2026-03-08,-1.1721926508542595
2026-03-08 02:17:05.489000+00:00,2,Sunday,2026-03-08,-0.5180419675199652
2026-03-08 02:17:06.095000+00:00,2,Sunday,2026-03-08,-0.6961246723583747
2026-03-08 02:18:41.830000+00:00,2,Sunday,2026-03-08,-0.32657284747198084
2026-03-08 02:19:06.545000+00:00,2,Sunday,2026-03-08,-0.3534306012480099
2026-03-08 02:17:06.095000+00:00,2,Sunday,2026-03-08,-0.44360059147992514
2026-03-08 02:17:34.241000+00:00,2,Sunday,2026-03-08,-0.06759475117674815
2026-03-08 02:18:05.148000+00:00,2,Sunday,2026-03-08,-5.214417059999931
2026-03-08 02:19:07.076000+00:00,2,Sunday,2026-03-08,-0.7514694487991563
2026-03-08 02:19:25.910000+00:00,2,Sunday,2026-03-08,-0.9273116116927043
2026-03-08 02:18:05.148000+00:00,2,Sunday,2026-03-08,1.3279363881040371
2026-03-08 02:17:07.410000+00:00,2,Sunday,2026-03-08,-1.0062190118399172
2026-03-08 02:19:06.545000+00:00,2,Sunday,2026-03-08,-0.3431187695486789
2026-03-08 02:18:53.847000+00:00,2,Sunday,2026-03-08,-0.6136506090719863
2026-03-08 02:21:41.825000+00:00,2,Sunday,2026-03-08,-0.9362590595567122
2026-03-08 02:19:22.748000+00:00,2,Sunday,2026-03-08,-0.7990623848640043
2026-03-08 02:19:35.168000+00:00,2,Sunday,2026-03-08,-0.32214518879992216
2026-03-08 02:22:04.207000+00:00,2,Sunday,2026-03-08,-0.9819607462558622
2026-03-08 02:22:25.965000+00:00,2,Sunday,2026-03-08,-0.7290546581759699
2026-03-08 02:21:15.153000+00:00,2,Sunday,2026-03-08,-0.6900962898863672
2026-03-08 02:20:34.381000+00:00,2,Sunday,2026-03-08,-1.7888047430398701
2026-03-08 02:20:42.778000+00:00,2,Sunday,2026-03-08,-0.6807669714599826
2026-03-08 02:20:06.225000+00:00,2,Sunday,2026-03-08,-3.1698138431999983
2026-03-08 02:21:14.604000+00:00,2,Sunday,2026-03-08,-1.0062190118399172
2026-03-08 02:21:15.153000+00:00,2,Sunday,2026-03-08,-0.5258828865248056
2026-03-08 02:21:28.177000+00:00,2,Sunday,2026-03-08,-2.5964535074400334
2026-03-08 02:21:56.877000+00:00,2,Sunday,2026-03-08,-0.6207462410399684
2026-03-08 02:22:04.207000+00:00,2,Sunday,2026-03-08,-0.9401531663999356
2026-03-08 02:23:29.366000+00:00,2,Sunday,2026-03-08,-0.7687889079239475
2026-03-08 02:23:35.966000+00:00,2,Sunday,2026-03-08,-0.16948178413585113
2026-03-08 02:22:36.256000+00:00,2,Sunday,2026-03-08,-0.6688187027424004
2026-03-08 02:23:35.966000+00:00,2,Sunday,2026-03-08,-0.0059457483358977825
2026-03-08 02:25:39.682000+00:00,2,Sunday,2026-03-08,-0.5985884894304122
2026-03-08 02:25:40.224000+00:00,2,Sunday,2026-03-08,-1.3109016560638511
2026-03-08 02:23:55.584000+00:00,2,Sunday,2026-03-08,-0.5284392231040296
2026-03-08 02:24:16.368000+00:00,2,Sunday,2026-03-08,-0.8512724102399339
2026-03-08 02:23:55.584000+00:00,2,Sunday,2026-03-08,-0.814006807300766
2026-03-08 02:24:07.002000+00:00,2,Sunday,2026-03-08,0.5707847306471223
2026-03-08 02:25:08.207000+00:00,2,Sunday,2026-03-08,-0.181302646559985
2026-03-08 02:25:29.928000+00:00,2,Sunday,2026-03-08,-0.7059111223295771
2026-03-08 02:26:41.075000+00:00,2,Sunday,2026-03-08,-0.4679014281816421
2026-03-08 02:24:26.818000+00:00,2,Sunday,2026-03-08,-0.8532223660479883
2026-03-08 02:24:30.462000+00:00,2,Sunday,2026-03-08,-0.3477127413759664
2026-03-08 02:26:57.460000+00:00,2,Sunday,2026-03-08,-0.8670427385920119
2026-03-08 02:24:41.140000+00:00,2,Sunday,2026-03-08,-1.7239530766479958
2026-03-08 02:24:41.140000+00:00,2,Sunday,2026-03-08,-1.082414753760006
2026-03-08 02:27:30.025000+00:00,2,Sunday,2026-03-08,-0.5849611521599146
2026-03-08 02:27:30.554000+00:00,2,Sunday,2026-03-08,-0.8280207110015736
2026-03-08 02:27:47.969000+00:00,2,Sunday,2026-03-08,-0.29271010487038684
2026-03-08 02:28:51.631000+00:00,2,Sunday,2026-03-08,-0.837353671480739
2026-03-08 02:26:41.075000+00:00,2,Sunday,2026-03-08,-0.3330091967999014
2026-03-08 02:27:47.969000+00:00,2,Sunday,2026-03-08,-0.034669849199960745
2026-03-08 02:29:43.840000+00:00,2,Sunday,2026-03-08,-0.9389082610159671
2026-03-08 02:29:21.927000+00:00,2,Sunday,2026-03-08,-0.849188968319704
2026-03-08 02:29:43.840000+00:00,2,Sunday,2026-03-08,-0.6726399257599975
2026-03-08 02:27:33.721000+00:00,2,Sunday,2026-03-08,-0.2305695599999794
2026-03-08 02:29:48.500000+00:00,2,Sunday,2026-03-08,-0.22672672829196377
2026-03-08 02:31:09.867000+00:00,2,Sunday,2026-03-08,-0.7203808217759408
2026-03-08 02:24:58.911000+00:00,2,Sunday,2026-03-08,-1.5759253914879663
2026-03-08 02:31:22.715000+00:00,2,Sunday,2026-03-08,-2.415632181759851
2026-03-08 02:28:58.441000+00:00,2,Sunday,2026-03-08,-1.1179956136608755
2026-03-08 02:31:48.211000+00:00,2,Sunday,2026-03-08,-2.557133663739128
2026-03-08 02:32:01.362000+00:00,2,Sunday,2026-03-08,-0.5993940804047004
2026-03-08 02:32:16.503000+00:00,2,Sunday,2026-03-08,-0.6913387829038664
2026-03-08 02:32:16.503000+00:00,2,Sunday,2026-03-08,-0.6980952943999706
2026-03-08 02:32:16.503000+00:00,2,Sunday,2026-03-08,-1.4262084808880622
2026-03-08 02:32:16.503000+00:00,2,Sunday,2026-03-08,-1.7558079922471759
2026-03-08 02:32:16.503000+00:00,2,Sunday,2026-03-08,-0.9120527961598639
2026-03-08 02:31:48.211000+00:00,2,Sunday,2026-03-08,-1.450475341919899
2026-03-08 02:31:09.867000+00:00,2,Sunday,2026-03-08,-0.42134951370395235
2026-03-08 02:33:48.837000+00:00,2,Sunday,2026-03-08,-1.2748255570679952
2026-03-08 02:31:34.264000+00:00,2,Sunday,2026-03-08,-0.4913172633599771
2026-03-08 02:33:26.618000+00:00,2,Sunday,2026-03-08,-1.8992532083199065
2026-03-08 02:32:16.503000+00:00,2,Sunday,2026-03-08,-1.02837517753687
2026-03-08 02:32:16.503000+00:00,2,Sunday,2026-03-08,-1.2133870378320064
2026-03-08 02:31:49.280000+00:00,2,Sunday,2026-03-08,-1.1889300621263779
2026-03-08 02:32:26.170000+00:00,2,Sunday,2026-03-08,-1.533103759903969
2026-03-08 02:33:10.570000+00:00,2,Sunday,2026-03-08,-1.9432113019871204
2026-03-08 02:33:20.380000+00:00,2,Sunday,2026-03-08,-3.4007678853115584
2026-03-08 02:35:19.777000+00:00,2,Sunday,2026-03-08,-0.2638111372415842
2026-03-08 02:35:25.246000+00:00,2,Sunday,2026-03-08,-0.9530293574063251
2026-03-08 02:35:25.246000+00:00,2,Sunday,2026-03-08,-0.7776088398687151
2026-03-08 02:35:49.641000+00:00,2,Sunday,2026-03-08,-1.559815424431994
2026-03-08 02:33:48.837000+00:00,2,Sunday,2026-03-08,-0.7445726898239251
2026-03-08 02:33:49.956000+00:00,2,Sunday,2026-03-08,3.9184854884866365
2026-03-08 02:34:24.147000+00:00,2,Sunday,2026-03-08,-0.6911513542079275
2026-03-08 02:34:24.147000+00:00,2,Sunday,2026-03-08,-0.38447516448007624
2026-03-08 02:35:29.050000+00:00,2,Sunday,2026-03-08,-1.097805774623901
2026-03-08 02:34:02.441000+00:00,2,Sunday,2026-03-08,-0.729419050799897
2026-03-08 02:34:23.564000+00:00,2,Sunday,2026-03-08,-3.7551166421759428
2026-03-08 02:34:24.147000+00:00,2,Sunday,2026-03-08,-1.337991361599939
2026-03-08 02:34:24.147000+00:00,2,Sunday,2026-03-08,-1.0637712444718725
2026-03-08 02:35:27.400000+00:00,2,Sunday,2026-03-08,-1.0315796819200094
2026-03-08 02:37:03.240000+00:00,2,Sunday,2026-03-08,-0.8681735407104353
2026-03-08 02:34:24.147000+00:00,2,Sunday,2026-03-08,-0.0787618758239168
2026-03-08 02:34:37.150000+00:00,2,Sunday,2026-03-08,-0.4822922639359982
2026-03-08 02:37:04.330000+00:00,2,Sunday,2026-03-08,-0.9162388147200458
2026-03-08 02:37:04.330000+00:00,2,Sunday,2026-03-08,-0.9118415750400368
2026-03-08 02:37:04.924000+00:00,2,Sunday,2026-03-08,-0.5072564311359693
2026-03-08 02:35:19.777000+00:00,2,Sunday,2026-03-08,-0.07374845052957546
2026-03-08 02:37:03.240000+00:00,2,Sunday,2026-03-08,-0.17916259449595695
2026-03-08 02:35:33.989000+00:00,2,Sunday,2026-03-08,-0.5392690534078662
2026-03-08 02:37:26.120000+00:00,2,Sunday,2026-03-08,-0.9428037219287351
2026-03-08 02:37:26.663000+00:00,2,Sunday,2026-03-08,-1.2774317663999286
2026-03-08 02:37:29.910000+00:00,2,Sunday,2026-03-08,-1.0077954894719952
2026-03-08 02:37:03.240000+00:00,2,Sunday,2026-03-08,-1.5045576286398648
2026-03-08 02:37:03.240000+00:00,2,Sunday,2026-03-08,-1.176514443619233
2026-03-08 02:37:26.120000+00:00,2,Sunday,2026-03-08,-2.5638577436735224
2026-03-08 02:39:28.951000+00:00,2,Sunday,2026-03-08,-0.6313647512639198
2026-03-08 02:37:17.840000+00:00,2,Sunday,2026-03-08,2.2123618722573037
2026-03-08 02:37:26.663000+00:00,2,Sunday,2026-03-08,-1.3309767014398322
2026-03-08 02:37:26.663000+00:00,2,Sunday,2026-03-08,-2.1202684534559433
2026-03-08 02:37:38.959000+00:00,2,Sunday,2026-03-08,-0.1525568932799911
2026-03-08 02:39:04.104000+00:00,2,Sunday,2026-03-08,-3.8366979537439816
2026-03-08 02:37:54.660000+00:00,2,Sunday,2026-03-08,-0.49687593955191023
2026-03-08 02:38:06.871000+00:00,2,Sunday,2026-03-08,-1.8895789494768644
2026-03-08 02:38:06.871000+00:00,2,Sunday,2026-03-08,-1.215032069015917
2026-03-08 02:38:27.222000+00:00,2,Sunday,2026-03-08,-0.7133786669596667
2026-03-08 02:38:32.090000+00:00,2,Sunday,2026-03-08,-0.9801362841597872
2026-03-08 02:41:04.839000+00:00,2,Sunday,2026-03-08,0.22509963780484143
2026-03-08 02:39:05.161000+00:00,2,Sunday,2026-03-08,-0.917326123440011
2026-03-08 02:39:05.161000+00:00,2,Sunday,2026-03-08,-1.1768449123199334
2026-03-08 02:39:05.716000+00:00,2,Sunday,2026-03-08,-0.7162554072959145
2026-03-08 02:39:28.951000+00:00,2,Sunday,2026-03-08,-1.6605436976000545
2026-03-08 02:39:30.587000+00:00,2,Sunday,2026-03-08,-1.6286098072318205
2026-03-08 02:37:28.284000+00:00,2,Sunday,2026-03-08,-2.7339822273599474
2026-03-08 02:40:05.315000+00:00,2,Sunday,2026-03-08,-2.485834553174416
2026-03-08 02:40:10.459000+00:00,2,Sunday,2026-03-08,-1.8670798605119978
2026-03-08 02:40:30.629000+00:00,2,Sunday,2026-03-08,-2.1820901702399578
2026-03-08 02:40:59.908000+00:00,2,Sunday,2026-03-08,-1.9565145477119334
2026-03-08 02:40:59.908000+00:00,2,Sunday,2026-03-08,-2.772875828855926
2026-03-08 02:41:09.702000+00:00,2,Sunday,2026-03-08,-1.9744997899967418
2026-03-08 02:41:34.217000+00:00,2,Sunday,2026-03-08,-0.848773282655985
2026-03-08 02:41:34.764000+00:00,2,Sunday,2026-03-08,-1.6475978127359627
2026-03-08 02:42:07.374000+00:00,2,Sunday,2026-03-08,-0.8189048615999528
2026-03-08 02:40:32.243000+00:00,2,Sunday,2026-03-08,0.09446622084013279
2026-03-08 02:41:33.676000+00:00,2,Sunday,2026-03-08,-3.6463300569599357
2026-03-08 02:42:06.805000+00:00,2,Sunday,2026-03-08,-0.8856618365759585
2026-03-08 02:43:06.633000+00:00,2,Sunday,2026-03-08,-1.2345445227839384
2026-03-08 02:43:06.633000+00:00,2,Sunday,2026-03-08,-2.009734623119801
2026-03-08 02:43:07.197000+00:00,2,Sunday,2026-03-08,-0.8434549842376227
2026-03-08 02:40:59.908000+00:00,2,Sunday,2026-03-08,-1.459359839111977
2026-03-08 02:41:09.702000+00:00,2,Sunday,2026-03-08,-4.694490539270474
2026-03-08 02:42:07.374000+00:00,2,Sunday,2026-03-08,-1.811892465936028
2026-03-08 02:43:35.253000+00:00,2,Sunday,2026-03-08,-0.4824266378399357
2026-03-08 02:42:34.473000+00:00,2,Sunday,2026-03-08,-1.6020111138238997
2026-03-08 02:43:10.546000+00:00,2,Sunday,2026-03-08,-1.1079626904575837
2026-03-08 02:42:08.990000+00:00,2,Sunday,2026-03-08,-1.2409961428295682
2026-03-08 02:43:07.197000+00:00,2,Sunday,2026-03-08,-0.21382551033590058
2026-03-08 02:44:09.837000+00:00,2,Sunday,2026-03-08,-0.43436170588800727
2026-03-08 02:44:09.837000+00:00,2,Sunday,2026-03-08,-0.386798596800051
2026-03-08 02:43:08.916000+00:00,2,Sunday,2026-03-08,-0.5068794608639762
2026-03-08 02:43:35.805000+00:00,2,Sunday,2026-03-08,-0.42306031634400937
2026-03-08 02:42:34.473000+00:00,2,Sunday,2026-03-08,0.22118830560006053
2026-03-08 02:43:31.315000+00:00,2,Sunday,2026-03-08,-0.04925440072796056
2026-03-08 02:44:40.004000+00:00,2,Sunday,2026-03-08,-1.1732698548720948
2026-03-08 02:45:02.317000+00:00,2,Sunday,2026-03-08,-1.1824298371679467
2026-03-08 02:45:07.576000+00:00,2,Sunday,2026-03-08,-0.9620968400639813
2026-03-08 02:45:08.125000+00:00,2,Sunday,2026-03-08,-0.5343599194944388
2026-03-08 02:45:11.714000+00:00,2,Sunday,2026-03-08,-1.263909623558236
2026-03-08 02:43:07.197000+00:00,2,Sunday,2026-03-08,-0.46068754830555075
2026-03-08 02:44:15.201000+00:00,2,Sunday,2026-03-08,-0.12427013922474944
2026-03-08 02:45:34.510000+00:00,2,Sunday,2026-03-08,-1.2232015247150363
2026-03-08 02:43:35.253000+00:00,2,Sunday,2026-03-08,-1.4823953874399585
2026-03-08 02:45:43.693000+00:00,2,Sunday,2026-03-08,-1.1950857860406703
2026-03-08 02:45:14.346000+00:00,2,Sunday,2026-03-08,-0.5957357055998752
2026-03-08 02:45:37.202000+00:00,2,Sunday,2026-03-08,-1.1003556063999622
2026-03-08 02:45:43.693000+00:00,2,Sunday,2026-03-08,-0.3078397808416035
2026-03-08 02:45:58.394000+00:00,2,Sunday,2026-03-08,-1.3350875843998051
2026-03-08 02:46:10.731000+00:00,2,Sunday,2026-03-08,-0.4199339812799524
2026-03-08 02:46:10.731000+00:00,2,Sunday,2026-03-08,-0.9560736287198686
2026-03-08 02:43:46.030000+00:00,2,Sunday,2026-03-08,3.2188187085305753
2026-03-08 02:46:16.057000+00:00,2,Sunday,2026-03-08,-1.4404573747871585
2026-03-08 02:46:40.930000+00:00,2,Sunday,2026-03-08,-1.17316010212798
2026-03-08 02:47:03.337000+00:00,2,Sunday,2026-03-08,-1.30112436076789
2026-03-08 02:47:08.400000+00:00,2,Sunday,2026-03-08,-1.3311168377118747
2026-03-08 02:47:08.978000+00:00,2,Sunday,2026-03-08,-0.8435370197630885
2026-03-08 02:44:09.298000+00:00,2,Sunday,2026-03-08,2.3419921353120317
2026-03-08 02:47:12.322000+00:00,2,Sunday,2026-03-08,-0.9772316013887754
2026-03-08 02:47:15.155000+00:00,2,Sunday,2026-03-08,-0.9524107496958291
2026-03-08 02:47:40.565000+00:00,2,Sunday,2026-03-08,-1.0117510212263658
2026-03-08 02:47:44.340000+00:00,2,Sunday,2026-03-08,-0.7465931158463956
2026-03-08 02:45:38.800000+00:00,2,Sunday,2026-03-08,-1.2686427230398367
2026-03-08 02:45:39.889000+00:00,2,Sunday,2026-03-08,3.184876864245571
2026-03-08 02:47:44.340000+00:00,2,Sunday,2026-03-08,-0.5878649642623819
2026-03-08 02:47:59.206000+00:00,2,Sunday,2026-03-08,-0.34734917879997346
2026-03-08 02:48:11.725000+00:00,2,Sunday,2026-03-08,-0.7985508551999904
2026-03-08 02:48:41.806000+00:00,2,Sunday,2026-03-08,-1.281881143065576
2026-03-08 02:46:37.391000+00:00,2,Sunday,2026-03-08,-0.33762973463997165
2026-03-08 02:49:18.096000+00:00,2,Sunday,2026-03-08,-0.1745872606799422
2026-03-08 02:49:18.096000+00:00,2,Sunday,2026-03-08,-0.33503628048000256
2026-03-08 02:49:18.096000+00:00,2,Sunday,2026-03-08,-0.6849062269679635
2026-03-08 02:47:21.652000+00:00,2,Sunday,2026-03-08,-2.7042131293199354
2026-03-08 02:49:41.277000+00:00,2,Sunday,2026-03-08,-1.4022747032975102
2026-03-08 02:49:45.020000+00:00,2,Sunday,2026-03-08,-1.173849789947871
2026-03-08 02:49:45.020000+00:00,2,Sunday,2026-03-08,-0.4561473701759514
2026-03-08 02:48:06.885000+00:00,2,Sunday,2026-03-08,-1.6750524799277453
2026-03-08 02:49:59.835000+00:00,2,Sunday,2026-03-08,-0.5802727039199835
2026-03-08 02:50:12.736000+00:00,2,Sunday,2026-03-08,-0.9609875856000003
2026-03-08 02:48:06.885000+00:00,2,Sunday,2026-03-08,1.2201106526400223
2026-03-08 02:49:18.096000+00:00,2,Sunday,2026-03-08,-0.4113900008160257
2026-03-08 02:49:39.154000+00:00,2,Sunday,2026-03-08,-1.322823408255973
2026-03-08 02:50:42.804000+00:00,2,Sunday,2026-03-08,-1.6556082334880724
2026-03-08 02:51:19.259000+00:00,2,Sunday,2026-03-08,-0.6460471124799312
2026-03-08 02:51:42.003000+00:00,2,Sunday,2026-03-08,-0.8520867953638982
2026-03-08 02:51:45.732000+00:00,2,Sunday,2026-03-08,-0.9859210302142809
2026-03-08 02:51:47.342000+00:00,2,Sunday,2026-03-08,-0.5875648494143326
2026-03-08 02:50:15.400000+00:00,2,Sunday,2026-03-08,-0.4560983855999903
2026-03-08 02:51:57.500000+00:00,2,Sunday,2026-03-08,-0.4913785825999607
2026-03-08 02:51:57.500000+00:00,2,Sunday,2026-03-08,-1.5099910559999543
2026-03-08 02:51:57.500000+00:00,2,Sunday,2026-03-08,-1.3620873628799437
2026-03-08 02:51:57.500000+00:00,2,Sunday,2026-03-08,-0.713466539520021
2026-03-08 02:51:57.500000+00:00,2,Sunday,2026-03-08,-1.0361679584351722
2026-03-08 02:51:09.719000+00:00,2,Sunday,2026-03-08,-0.7552110159359777
2026-03-08 02:51:19.259000+00:00,2,Sunday,2026-03-08,-0.9286301203199665
2026-03-08 02:51:19.259000+00:00,2,Sunday,2026-03-08,-1.362576558599955
2026-03-08 02:51:57.500000+00:00,2,Sunday,2026-03-08,-1.536324661583941
2026-03-08 02:51:57.500000+00:00,2,Sunday,2026-03-08,-1.4028436183679698
2026-03-08 02:51:57.500000+00:00,2,Sunday,2026-03-08,-1.532271138599959
2026-03-08 02:52:42.550000+00:00,2,Sunday,2026-03-08,-0.24689204351996008
2026-03-08 02:52:42.550000+00:00,2,Sunday,2026-03-08,-0.9493141219198588
2026-03-08 02:52:54.401000+00:00,2,Sunday,2026-03-08,-0.45666415301760255
2026-03-08 02:53:42.700000+00:00,2,Sunday,2026-03-08,-0.6486778212960583
2026-03-08 02:51:19.259000+00:00,2,Sunday,2026-03-08,-1.231848578687912
2026-03-08 02:51:42.003000+00:00,2,Sunday,2026-03-08,0.0581435473920332
2026-03-08 02:51:57.500000+00:00,2,Sunday,2026-03-08,-1.3826187646559849
2026-03-08 02:51:57.500000+00:00,2,Sunday,2026-03-08,-1.1876124332519578
2026-03-08 02:52:00.848000+00:00,2,Sunday,2026-03-08,-1.5405546362398599
2026-03-08 02:53:58.156000+00:00,2,Sunday,2026-03-08,-0.5561631900719166
2026-03-08 02:53:43.271000+00:00,2,Sunday,2026-03-08,-2.0596516103798903
2026-03-08 02:52:42.550000+00:00,2,Sunday,2026-03-08,-2.0176634649599743
2026-03-08 02:53:58.156000+00:00,2,Sunday,2026-03-08,-0.7982226268800261
2026-03-08 02:54:04.687000+00:00,2,Sunday,2026-03-08,-0.8402548970879753
2026-03-08 02:54:04.687000+00:00,2,Sunday,2026-03-08,-0.8635592943358507
2026-03-08 02:54:06.351000+00:00,2,Sunday,2026-03-08,-1.0196589156960285
2026-03-08 02:53:58.156000+00:00,2,Sunday,2026-03-08,-0.7991503772159381
2026-03-08 02:54:14.657000+00:00,2,Sunday,2026-03-08,-0.9721517334527975
2026-03-08 02:54:59.752000+00:00,2,Sunday,2026-03-08,-0.6767665742591833
2026-03-08 02:54:59.752000+00:00,2,Sunday,2026-03-08,-0.3152084808399433
2026-03-08 02:53:19.864000+00:00,2,Sunday,2026-03-08,-1.5779961840558205
2026-03-08 02:53:46.566000+00:00,2,Sunday,2026-03-08,-0.26475511500623905
2026-03-08 02:53:48.239000+00:00,2,Sunday,2026-03-08,-0.31000948952319507
2026-03-08 02:53:58.156000+00:00,2,Sunday,2026-03-08,-0.6697269119999016
2026-03-08 02:53:58.156000+00:00,2,Sunday,2026-03-08,-0.45805885363207355
2026-03-08 02:53:58.156000+00:00,2,Sunday,2026-03-08,0.023407546129136425
2026-03-08 02:54:22.332000+00:00,2,Sunday,2026-03-08,-0.5360728836671679
2026-03-08 02:54:48.760000+00:00,2,Sunday,2026-03-08,-0.19043822807993094
2026-03-08 02:54:59.752000+00:00,2,Sunday,2026-03-08,-0.5232304719518576
2026-03-08 02:55:08.735000+00:00,2,Sunday,2026-03-08,-0.627995858399854
2026-03-08 02:55:44.108000+00:00,2,Sunday,2026-03-08,-0.9735404642239484
2026-03-08 02:48:45.592000+00:00,2,Sunday,2026-03-08,4.965549436292859
2026-03-08 02:54:14.657000+00:00,2,Sunday,2026-03-08,-1.3412560321920841
2026-03-08 02:54:14.657000+00:00,2,Sunday,2026-03-08,-0.4804954047359664
2026-03-08 02:54:55.328000+00:00,2,Sunday,2026-03-08,-0.7850155519007582
2026-03-08 02:55:58.798000+00:00,2,Sunday,2026-03-08,-0.4934379788640014
2026-03-08 02:55:58.798000+00:00,2,Sunday,2026-03-08,-0.15563266271994702
2026-03-08 02:56:01.023000+00:00,2,Sunday,2026-03-08,-0.8078018868319743
2026-03-08 02:56:05.604000+00:00,2,Sunday,2026-03-08,-0.7276408010639964
2026-03-08 02:56:05.604000+00:00,2,Sunday,2026-03-08,-0.7976230116479359
2026-03-08 02:55:40.086000+00:00,2,Sunday,2026-03-08,-2.4510962030399477
2026-03-08 02:56:07.277000+00:00,2,Sunday,2026-03-08,-1.0158348533278976
2026-03-08 02:56:15.701000+00:00,2,Sunday,2026-03-08,-0.9709635186430956
2026-03-08 02:56:32.174000+00:00,2,Sunday,2026-03-08,-0.9440801585759953
2026-03-08 02:56:55.228000+00:00,2,Sunday,2026-03-08,-1.0286468544000054
2026-03-08 02:56:55.228000+00:00,2,Sunday,2026-03-08,-1.1731960663039107
2026-03-08 02:56:55.228000+00:00,2,Sunday,2026-03-08,-0.6539347309342838
2026-03-08 02:56:55.228000+00:00,2,Sunday,2026-03-08,-1.0337667631395626
2026-03-08 02:56:55.228000+00:00,2,Sunday,2026-03-08,-1.2066052976350525
2026-03-08 02:54:04.687000+00:00,2,Sunday,2026-03-08,0.1200285145669906
2026-03-08 02:55:43.533000+00:00,2,Sunday,2026-03-08,-0.8386083004319987
2026-03-08 02:55:45.840000+00:00,2,Sunday,2026-03-08,-1.227405928320001
2026-03-08 02:56:55.228000+00:00,2,Sunday,2026-03-08,-0.7062882377615032
2026-03-08 02:56:55.779000+00:00,2,Sunday,2026-03-08,-0.9483204225599364
2026-03-08 02:57:00.854000+00:00,2,Sunday,2026-03-08,-1.004824952448034
2026-03-08 02:57:00.854000+00:00,2,Sunday,2026-03-08,-0.3190542651503722
2026-03-08 02:57:00.854000+00:00,2,Sunday,2026-03-08,-0.48154064111994843
2026-03-08 02:57:06.958000+00:00,2,Sunday,2026-03-08,-0.9313397326607264
2026-03-08 02:57:48.432000+00:00,2,Sunday,2026-03-08,-0.7810425283679128
2026-03-08 02:57:48.432000+00:00,2,Sunday,2026-03-08,-0.9406336539599869
2026-03-08 02:57:59.620000+00:00,2,Sunday,2026-03-08,-0.4714666619519793
2026-03-08 02:57:59.620000+00:00,2,Sunday,2026-03-08,-0.9212285689599233
2026-03-08 02:58:02.338000+00:00,2,Sunday,2026-03-08,-0.8228507402399612
2026-03-08 02:58:21.652000+00:00,2,Sunday,2026-03-08,-0.9620799903791074
2026-03-08 02:58:21.652000+00:00,2,Sunday,2026-03-08,-1.0709897466239688
2026-03-08 02:58:21.652000+00:00,2,Sunday,2026-03-08,-1.0027981897918536
2026-03-08 02:57:09.783000+00:00,2,Sunday,2026-03-08,-1.5275761192799855
2026-03-08 02:58:28.239000+00:00,2,Sunday,2026-03-08,-0.9067449054239717
2026-03-08 02:58:33.191000+00:00,2,Sunday,2026-03-08,-0.9484212326399073
2026-03-08 02:58:49.459000+00:00,2,Sunday,2026-03-08,-1.1406542434558937
2026-03-08 02:57:17.156000+00:00,2,Sunday,2026-03-08,-0.4286564048879891
2026-03-08 02:57:20.547000+00:00,2,Sunday,2026-03-08,0.44493388588006844
2026-03-08 02:58:56.115000+00:00,2,Sunday,2026-03-08,-0.8934896480399531
2026-03-08 02:59:01.612000+00:00,2,Sunday,2026-03-08,-0.8540418532240015
2026-03-08 02:58:21.652000+00:00,2,Sunday,2026-03-08,-1.8764923435198906
2026-03-08 02:58:56.115000+00:00,2,Sunday,2026-03-08,-1.3022622281535163
2026-03-08 02:59:13.398000+00:00,2,Sunday,2026-03-08,-0.9412534764584242
2026-03-08 02:59:59.809000+00:00,2,Sunday,2026-03-08,-1.0140629961599983
2026-03-08 03:00:00.358000+00:00,3,Sunday,2026-03-08,-0.4714666619519793
2026-03-08 03:00:03.320000+00:00,3,Sunday,2026-03-08,-0.693909972423971
2026-03-08 02:58:20.940000+00:00,2,Sunday,2026-03-08,-2.134653606399934
2026-03-08 02:58:56.115000+00:00,2,Sunday,2026-03-08,-2.050278555199995
2026-03-08 02:58:56.115000+00:00,2,Sunday,2026-03-08,-1.4786854752800216
2026-03-08 02:58:56.115000+00:00,2,Sunday,2026-03-08,-2.5203552828807867
2026-03-08 02:58:56.115000+00:00,2,Sunday,2026-03-08,-0.9743550291902833
2026-03-08 02:58:56.671000+00:00,2,Sunday,2026-03-08,-2.076597516879855
2026-03-08 02:59:01.612000+00:00,2,Sunday,2026-03-08,-1.515610986207947
2026-03-08 03:00:24.125000+00:00,3,Sunday,2026-03-08,-0.8189944168590695
2026-03-08 03:00:24.125000+00:00,3,Sunday,2026-03-08,-0.4667643592319325
2026-03-08 03:00:42.011000+00:00,3,Sunday,2026-03-08,-0.4627020661759216
2026-03-08 03:00:54.355000+00:00,3,Sunday,2026-03-08,-0.6223182056159525
2026-03-08 03:00:57.192000+00:00,3,Sunday,2026-03-08,-0.7260557274144065
2026-03-08 02:59:32.072000+00:00,2,Sunday,2026-03-08,-0.9157455653998972
2026-03-08 02:59:51.464000+00:00,2,Sunday,2026-03-08,-1.155949091308847
2026-03-08 03:00:00.358000+00:00,3,Sunday,2026-03-08,-0.7937746521600745
2026-03-08 03:01:02.378000+00:00,3,Sunday,2026-03-08,-0.987041949230249
2026-03-08 03:01:14.288000+00:00,3,Sunday,2026-03-08,-1.208386707732704
2026-03-08 03:01:25.511000+00:00,3,Sunday,2026-03-08,-0.6411582777599145
2026-03-08 03:01:58.798000+00:00,3,Sunday,2026-03-08,-1.6284296703998444
2026-03-08 03:01:58.798000+00:00,3,Sunday,2026-03-08,-1.5159860269677892
2026-03-08 03:01:58.798000+00:00,3,Sunday,2026-03-08,-2.4525360948130848
2026-03-08 03:01:58.798000+00:00,3,Sunday,2026-03-08,-1.443151405785662
2026-03-08 03:00:29.145000+00:00,3,Sunday,2026-03-08,-2.0588611907598304
2026-03-08 03:00:44.858000+00:00,3,Sunday,2026-03-08,-1.704941292719943
2026-03-08 03:01:56.688000+00:00,3,Sunday,2026-03-08,-1.8839849645344167
2026-03-08 03:02:00.670000+00:00,3,Sunday,2026-03-08,-1.3112662584000185
2026-03-08 03:02:04.044000+00:00,3,Sunday,2026-03-08,-0.8230535037840031
2026-03-08 03:02:04.647000+00:00,3,Sunday,2026-03-08,-1.2992058579999162
2026-03-08 03:00:54.355000+00:00,3,Sunday,2026-03-08,-2.902275038199979
2026-03-08 03:00:57.192000+00:00,3,Sunday,2026-03-08,-0.6580938229247408
2026-03-08 03:02:59.280000+00:00,3,Sunday,2026-03-08,-1.567269184319764
2026-03-08 03:02:59.280000+00:00,3,Sunday,2026-03-08,-0.9143804937918641
2026-03-08 03:03:03.329000+00:00,3,Sunday,2026-03-08,-0.746459998536014
2026-03-08 03:00:54.355000+00:00,3,Sunday,2026-03-08,-0.14606305845598525
2026-03-08 03:01:25.511000+00:00,3,Sunday,2026-03-08,-1.7414102047999473
2026-03-08 03:02:25.036000+00:00,3,Sunday,2026-03-08,-0.7339805066349918
2026-03-08 03:03:08.414000+00:00,3,Sunday,2026-03-08,-1.0239336526319496
2026-03-08 03:03:15.166000+00:00,3,Sunday,2026-03-08,-0.9644292434160873
2026-03-08 03:03:21.429000+00:00,3,Sunday,2026-03-08,-0.946858676399944
2026-03-08 03:02:01.325000+00:00,3,Sunday,2026-03-08,-0.10778676022398803
2026-03-08 03:02:25.036000+00:00,3,Sunday,2026-03-08,-0.7783512773759675
2026-03-08 03:02:25.605000+00:00,3,Sunday,2026-03-08,-0.4262645735999773
2026-03-08 03:02:25.605000+00:00,3,Sunday,2026-03-08,-1.6435142295553038
2026-03-08 03:02:25.605000+00:00,3,Sunday,2026-03-08,-0.10708165470510694
2026-03-08 03:03:03.329000+00:00,3,Sunday,2026-03-08,-0.7224369962399104
2026-03-08 03:03:59.798000+00:00,3,Sunday,2026-03-08,-0.5777317798656477
2026-03-08 03:04:00.455000+00:00,3,Sunday,2026-03-08,-0.583653445336666
2026-03-08 03:04:01.020000+00:00,3,Sunday,2026-03-08,-0.8443272395200424
2026-03-08 03:04:01.663000+00:00,3,Sunday,2026-03-08,-1.9426229529599803
2026-03-08 03:04:05.135000+00:00,3,Sunday,2026-03-08,-0.729546707375965
2026-03-08 03:01:59.410000+00:00,3,Sunday,2026-03-08,-0.3969611344798665
2026-03-08 03:02:42.665000+00:00,3,Sunday,2026-03-08,-1.3782972385199501
2026-03-08 03:02:58.708000+00:00,3,Sunday,2026-03-08,-1.1669192777429744
2026-03-08 03:05:00.052000+00:00,3,Sunday,2026-03-08,-1.2126972575999946
2026-03-08 03:05:00.052000+00:00,3,Sunday,2026-03-08,-0.8229417100631744
2026-03-08 03:05:03.017000+00:00,3,Sunday,2026-03-08,-0.9461528425811653
2026-03-08 03:03:27.725000+00:00,3,Sunday,2026-03-08,-1.2256660008790958
2026-03-08 03:03:56.967000+00:00,3,Sunday,2026-03-08,1.7836007404160206
2026-03-08 03:03:59.798000+00:00,3,Sunday,2026-03-08,-1.3956456561598065
2026-03-08 03:03:59.798000+00:00,3,Sunday,2026-03-08,-0.9071793534319598
2026-03-08 03:03:59.798000+00:00,3,Sunday,2026-03-08,-1.2913391632589193
2026-03-08 03:04:05.744000+00:00,3,Sunday,2026-03-08,-1.1926242241199454
2026-03-08 03:05:36.918000+00:00,3,Sunday,2026-03-08,-0.7045165246079064
2026-03-08 03:04:41.853000+00:00,3,Sunday,2026-03-08,-1.6778550968927584
2026-03-08 03:05:04.263000+00:00,3,Sunday,2026-03-08,-1.1449790338560004
2026-03-08 03:05:15.757000+00:00,3,Sunday,2026-03-08,-1.7604765461759193
2026-03-08 03:05:05.427000+00:00,3,Sunday,2026-03-08,-1.573843128575954
2026-03-08 03:05:08.278000+00:00,3,Sunday,2026-03-08,-1.1741041639199092
2026-03-08 03:07:32.150000+00:00,3,Sunday,2026-03-08,-0.5113447004159123
2026-03-08 03:05:22.092000+00:00,3,Sunday,2026-03-08,-1.5545044559280015
2026-03-08 03:05:27.698000+00:00,3,Sunday,2026-03-08,-1.9626253464000238
2026-03-08 03:05:27.698000+00:00,3,Sunday,2026-03-08,-1.123625871599999
2026-03-08 03:05:36.918000+00:00,3,Sunday,2026-03-08,-1.4795401485600244
2026-03-08 03:05:45.089000+00:00,3,Sunday,2026-03-08,-1.2801894899038357
2026-03-08 03:07:08.206000+00:00,3,Sunday,2026-03-08,-0.7503533295839986
2026-03-08 03:07:34.897000+00:00,3,Sunday,2026-03-08,-0.8220185123039783
2026-03-08 03:05:04.263000+00:00,3,Sunday,2026-03-08,-0.6149797810126987
2026-03-08 03:05:54.853000+00:00,3,Sunday,2026-03-08,-0.3419994796799881
2026-03-08 03:06:04.448000+00:00,3,Sunday,2026-03-08,-0.5198268010320563
2026-03-08 03:06:05.030000+00:00,3,Sunday,2026-03-08,-1.0339144809599417
2026-03-08 03:06:06.143000+00:00,3,Sunday,2026-03-08,-0.3546490969920085
2026-03-08 03:06:06.711000+00:00,3,Sunday,2026-03-08,-0.43467355372788247
2026-03-08 03:06:29.200000+00:00,3,Sunday,2026-03-08,-0.027679620067209032
2026-03-08 03:07:23.340000+00:00,3,Sunday,2026-03-08,-0.04774978137597469
2026-03-08 03:07:32.150000+00:00,3,Sunday,2026-03-08,-0.46420518640635533
2026-03-08 03:07:34.897000+00:00,3,Sunday,2026-03-08,-0.4634413566720119
2026-03-08 03:07:39.349000+00:00,3,Sunday,2026-03-08,-0.49975524165835494
2026-03-08 03:07:43.759000+00:00,3,Sunday,2026-03-08,-1.0218674245246562
2026-03-08 03:05:09.490000+00:00,3,Sunday,2026-03-08,-0.6497304397758658
2026-03-08 03:06:05.030000+00:00,3,Sunday,2026-03-08,-0.6827547136872513
2026-03-08 03:07:02.889000+00:00,3,Sunday,2026-03-08,-0.28103288131981374
2026-03-08 03:07:23.340000+00:00,3,Sunday,2026-03-08,-0.38169489316492194
2026-03-08 03:07:37.133000+00:00,3,Sunday,2026-03-08,-1.0325998371357066
2026-03-08 03:08:11.222000+00:00,3,Sunday,2026-03-08,-0.9544892310399467
2026-03-08 03:08:24.514000+00:00,3,Sunday,2026-03-08,-1.2024138589440354
2026-03-08 03:08:32.296000+00:00,3,Sunday,2026-03-08,-0.9281427959999906
2026-03-08 03:08:47.362000+00:00,3,Sunday,2026-03-08,-0.7833967501199406
2026-03-08 03:08:59.581000+00:00,3,Sunday,2026-03-08,-0.7394698266480089
2026-03-08 03:09:01.299000+00:00,3,Sunday,2026-03-08,-0.5338415180159469
2026-03-08 03:09:02.738000+00:00,3,Sunday,2026-03-08,-0.8738961569599322
2026-03-08 03:07:19.624000+00:00,3,Sunday,2026-03-08,-2.3750984548778273
2026-03-08 03:07:55.959000+00:00,3,Sunday,2026-03-08,-0.37795634284792334
2026-03-08 03:09:07.337000+00:00,3,Sunday,2026-03-08,-1.5847552147199844
2026-03-08 03:09:09.042000+00:00,3,Sunday,2026-03-08,-1.2975403446079214
2026-03-08 03:09:24.090000+00:00,3,Sunday,2026-03-08,-0.9968401717999136
2026-03-08 03:09:39.529000+00:00,3,Sunday,2026-03-08,-0.6653025319679293
2026-03-08 03:09:39.529000+00:00,3,Sunday,2026-03-08,-1.2441520245841908
2026-03-08 03:09:40.098000+00:00,3,Sunday,2026-03-08,-0.7496556886496333
2026-03-08 03:09:44.607000+00:00,3,Sunday,2026-03-08,-1.0240942711872039
2026-03-08 03:09:53.394000+00:00,3,Sunday,2026-03-08,-1.216395242400039
2026-03-08 03:08:41.296000+00:00,3,Sunday,2026-03-08,-0.9279555687288645
2026-03-08 03:08:56.805000+00:00,3,Sunday,2026-03-08,0.7550178017761868
2026-03-08 03:09:53.394000+00:00,3,Sunday,2026-03-08,-1.2224867677208027
2026-03-08 03:10:09.262000+00:00,3,Sunday,2026-03-08,-1.1988059411199012
2026-03-08 03:10:09.262000+00:00,3,Sunday,2026-03-08,-0.3435968539423502
2026-03-08 03:09:07.337000+00:00,3,Sunday,2026-03-08,-1.8187831583432308
2026-03-08 03:09:10.146000+00:00,3,Sunday,2026-03-08,-0.6423782597439901
2026-03-08 03:10:58.798000+00:00,3,Sunday,2026-03-08,-0.9203604681599129
2026-03-08 03:11:00.552000+00:00,3,Sunday,2026-03-08,-0.2741673753719564
2026-03-08 03:11:03.622000+00:00,3,Sunday,2026-03-08,-0.800568607479954
2026-03-08 03:11:08.123000+00:00,3,Sunday,2026-03-08,-1.5847552147199844
2026-03-08 03:11:24.757000+00:00,3,Sunday,2026-03-08,-0.6133305772159698
2026-03-08 03:10:33.486000+00:00,3,Sunday,2026-03-08,-3.090173082199894
2026-03-08 03:11:09.811000+00:00,3,Sunday,2026-03-08,-2.0334338889918424
2026-03-08 03:11:43.529000+00:00,3,Sunday,2026-03-08,-1.603494844682429
2026-03-08 03:10:09.262000+00:00,3,Sunday,2026-03-08,-0.9108814790400375
2026-03-08 03:10:10.977000+00:00,3,Sunday,2026-03-08,-3.505095399231865
2026-03-08 03:10:12.115000+00:00,3,Sunday,2026-03-08,-1.186541465839983
2026-03-08 03:10:25.345000+00:00,3,Sunday,2026-03-08,-1.74237748799991
2026-03-08 03:08:57.369000+00:00,3,Sunday,2026-03-08,-2.358459227519936
2026-03-08 03:10:21.835000+00:00,3,Sunday,2026-03-08,-3.410082242931748
2026-03-08 03:10:36.345000+00:00,3,Sunday,2026-03-08,0.02517758164799161
2026-03-08 03:10:48.441000+00:00,3,Sunday,2026-03-08,-1.912637832120113
2026-03-08 03:11:45.259000+00:00,3,Sunday,2026-03-08,-1.3629205051774467
2026-03-08 03:10:09.262000+00:00,3,Sunday,2026-03-08,-2.388588218457362
2026-03-08 03:11:02.387000+00:00,3,Sunday,2026-03-08,-1.850691700199913
2026-03-08 03:13:09.496000+00:00,3,Sunday,2026-03-08,-0.007258852389564918
2026-03-08 03:11:54.574000+00:00,3,Sunday,2026-03-08,-1.4262075101951135
2026-03-08 03:07:03.436000+00:00,3,Sunday,2026-03-08,-2.4053098053599022
2026-03-08 03:11:40.544000+00:00,3,Sunday,2026-03-08,-0.47931664147197994
2026-03-08 03:11:40.544000+00:00,3,Sunday,2026-03-08,-0.976817813903872
2026-03-08 03:11:41.186000+00:00,3,Sunday,2026-03-08,-1.154282654532762
2026-03-08 03:13:09.496000+00:00,3,Sunday,2026-03-08,-0.8144607758400577
2026-03-08 03:13:28.206000+00:00,3,Sunday,2026-03-08,-0.6323157929917747
2026-03-08 03:11:54.574000+00:00,3,Sunday,2026-03-08,-0.7093482926400012
2026-03-08 03:12:10.119000+00:00,3,Sunday,2026-03-08,-0.9019468807198838
2026-03-08 03:12:10.119000+00:00,3,Sunday,2026-03-08,-1.7347192326143253
2026-03-08 03:13:25.450000+00:00,3,Sunday,2026-03-08,-0.6354710627999309
2026-03-08 03:13:29.305000+00:00,3,Sunday,2026-03-08,-1.5810218976236365
2026-03-08 03:14:41.673000+00:00,3,Sunday,2026-03-08,-0.7921257300720279
2026-03-08 03:13:09.496000+00:00,3,Sunday,2026-03-08,-0.6378710981118485
2026-03-08 03:13:09.496000+00:00,3,Sunday,2026-03-08,-2.228620775400005
2026-03-08 03:13:09.496000+00:00,3,Sunday,2026-03-08,-1.8533175368639645
2026-03-08 03:13:10.693000+00:00,3,Sunday,2026-03-08,-1.9541424554398628
2026-03-08 03:13:20.435000+00:00,3,Sunday,2026-03-08,-2.261655151199744
2026-03-08 03:13:20.435000+00:00,3,Sunday,2026-03-08,-2.349148473643349
2026-03-08 03:13:29.305000+00:00,3,Sunday,2026-03-08,-3.01155545088001
2026-03-08 03:13:38.806000+00:00,3,Sunday,2026-03-08,-2.28159020879981
2026-03-08 03:14:51.377000+00:00,3,Sunday,2026-03-08,-2.0255657401438967
2026-03-08 03:14:51.377000+00:00,3,Sunday,2026-03-08,-1.9275655688999347
2026-03-08 03:13:44.266000+00:00,3,Sunday,2026-03-08,-1.5951925146526742
2026-03-08 03:13:45.890000+00:00,3,Sunday,2026-03-08,-2.712788417714952
2026-03-08 03:13:50.739000+00:00,3,Sunday,2026-03-08,-2.416391541999956
2026-03-08 03:14:15.162000+00:00,3,Sunday,2026-03-08,-1.3635473443775776
2026-03-08 03:15:42.225000+00:00,3,Sunday,2026-03-08,-0.8752932672342907
2026-03-08 03:16:14.842000+00:00,3,Sunday,2026-03-08,-0.9001615366798692
2026-03-08 03:16:14.842000+00:00,3,Sunday,2026-03-08,-0.7666861271999537
2026-03-08 03:16:14.842000+00:00,3,Sunday,2026-03-08,-0.8373839986078894
2026-03-08 03:14:33.942000+00:00,3,Sunday,2026-03-08,-0.65518874738951
2026-03-08 03:14:46.386000+00:00,3,Sunday,2026-03-08,-0.3491548802639062
2026-03-08 03:14:47.521000+00:00,3,Sunday,2026-03-08,-0.72818209967992
2026-03-08 03:14:51.377000+00:00,3,Sunday,2026-03-08,-0.47093724724800506
2026-03-08 03:14:57.661000+00:00,3,Sunday,2026-03-08,-1.1876311666080441
2026-03-08 03:15:10.418000+00:00,3,Sunday,2026-03-08,-1.0356258796798445
2026-03-08 03:15:12.084000+00:00,3,Sunday,2026-03-08,-0.4242464437598879
2026-03-08 03:15:12.084000+00:00,3,Sunday,2026-03-08,-0.42167912097595495
2026-03-08 03:15:26.016000+00:00,3,Sunday,2026-03-08,0.34798738687207303
2026-03-08 03:15:28.787000+00:00,3,Sunday,2026-03-08,-0.5876685900480411
2026-03-08 03:16:23.904000+00:00,3,Sunday,2026-03-08,-0.49516647119997165
2026-03-08 03:16:26.191000+00:00,3,Sunday,2026-03-08,-0.3794480944463464
2026-03-08 03:16:31.843000+00:00,3,Sunday,2026-03-08,-0.3216959059199871
2026-03-08 03:16:45.064000+00:00,3,Sunday,2026-03-08,-0.3828733565792348
2026-03-08 03:16:48.466000+00:00,3,Sunday,2026-03-08,-1.303536564862315
2026-03-08 03:16:52.019000+00:00,3,Sunday,2026-03-08,-1.1977415588157592
2026-03-08 03:16:52.019000+00:00,3,Sunday,2026-03-08,-1.2302459146783886
2026-03-08 03:16:53.205000+00:00,3,Sunday,2026-03-08,-1.001865462623842
2026-03-08 03:17:37.289000+00:00,3,Sunday,2026-03-08,-1.1444636772544632
2026-03-08 03:17:42.916000+00:00,3,Sunday,2026-03-08,-0.6713851747679074
2026-03-08 03:17:48.517000+00:00,3,Sunday,2026-03-08,-0.4109526387359332
2026-03-08 03:18:07.443000+00:00,3,Sunday,2026-03-08,-0.9391159822079578
2026-03-08 03:15:29.903000+00:00,3,Sunday,2026-03-08,-0.7522867805327893
2026-03-08 03:16:45.064000+00:00,3,Sunday,2026-03-08,-0.27122283181591433
2026-03-08 03:16:46.202000+00:00,3,Sunday,2026-03-08,-2.4062582372639016
2026-03-08 03:17:33.333000+00:00,3,Sunday,2026-03-08,-0.5023040696960137
2026-03-08 03:18:27.862000+00:00,3,Sunday,2026-03-08,-0.4990780628160021
2026-03-08 03:17:52.960000+00:00,3,Sunday,2026-03-08,0.07591541513607769
2026-03-08 03:18:51.731000+00:00,3,Sunday,2026-03-08,-2.0454319404502117
2026-03-08 03:19:32.827000+00:00,3,Sunday,2026-03-08,-1.3257418640428793
2026-03-08 03:17:45.181000+00:00,3,Sunday,2026-03-08,-0.7497592229119396
2026-03-08 03:17:50.153000+00:00,3,Sunday,2026-03-08,-1.3920792479999553
2026-03-08 03:18:08.034000+00:00,3,Sunday,2026-03-08,-1.5544248445440525
2026-03-08 03:20:08.479000+00:00,3,Sunday,2026-03-08,-0.9028150746879126
2026-03-08 03:18:13.090000+00:00,3,Sunday,2026-03-08,-1.051343523839944
2026-03-08 03:18:14.358000+00:00,3,Sunday,2026-03-08,-1.292308995671918
2026-03-08 03:18:14.358000+00:00,3,Sunday,2026-03-08,-0.9448986140927629
2026-03-08 03:18:15.532000+00:00,3,Sunday,2026-03-08,-1.3953654612159982
2026-03-08 03:18:15.532000+00:00,3,Sunday,2026-03-08,-1.0174772023680279
2026-03-08 03:18:15.532000+00:00,3,Sunday,2026-03-08,-1.070485990784079
2026-03-08 03:18:25.015000+00:00,3,Sunday,2026-03-08,-0.9552085145599984
2026-03-08 03:18:27.284000+00:00,3,Sunday,2026-03-08,-0.47225326000318146
2026-03-08 03:18:32.943000+00:00,3,Sunday,2026-03-08,-0.30672312767988263
2026-03-08 03:18:52.842000+00:00,3,Sunday,2026-03-08,-0.8937251407927921
2026-03-08 03:18:52.842000+00:00,3,Sunday,2026-03-08,-0.9296938880927585
2026-03-08 03:20:17.658000+00:00,3,Sunday,2026-03-08,-1.3986677001887218
2026-03-08 03:19:24.346000+00:00,3,Sunday,2026-03-08,-1.309778976095856
2026-03-08 03:19:43.560000+00:00,3,Sunday,2026-03-08,-3.053468498587115
2026-03-08 03:20:50.878000+00:00,3,Sunday,2026-03-08,-0.21252311404793278
2026-03-08 03:19:37.960000+00:00,3,Sunday,2026-03-08,-1.1237239613443617
2026-03-08 03:19:42.452000+00:00,3,Sunday,2026-03-08,-1.2051377215199373
2026-03-08 03:19:48.042000+00:00,3,Sunday,2026-03-08,-1.5847085853055907
2026-03-08 03:19:49.140000+00:00,3,Sunday,2026-03-08,-0.7300872032398968
2026-03-08 03:20:09.041000+00:00,3,Sunday,2026-03-08,-0.4174095689279488
2026-03-08 03:20:28.743000+00:00,3,Sunday,2026-03-08,-0.49934784979194136
2026-03-08 03:21:49.667000+00:00,3,Sunday,2026-03-08,-1.6162305541199116
2026-03-08 03:22:44.455000+00:00,3,Sunday,2026-03-08,-0.7211914719358465
2026-03-08 03:21:27.206000+00:00,3,Sunday,2026-03-08,-0.5943101735998377
2026-03-08 03:22:51.237000+00:00,3,Sunday,2026-03-08,-0.43168438480795795
2026-03-08 03:19:00.599000+00:00,3,Sunday,2026-03-08,-2.3308832793790217
2026-03-08 03:20:52.600000+00:00,3,Sunday,2026-03-08,-1.3332673583999446
2026-03-08 03:22:51.237000+00:00,3,Sunday,2026-03-08,-0.8461685255526785
2026-03-08 03:22:59.994000+00:00,3,Sunday,2026-03-08,-1.8512961178799132
2026-03-08 03:21:27.206000+00:00,3,Sunday,2026-03-08,-1.395344378768026
2026-03-08 03:21:27.206000+00:00,3,Sunday,2026-03-08,-1.5200709948199687
2026-03-08 03:21:27.206000+00:00,3,Sunday,2026-03-08,-1.1450573860479802
2026-03-08 03:21:27.206000+00:00,3,Sunday,2026-03-08,-2.0561863140799717
2026-03-08 03:21:27.206000+00:00,3,Sunday,2026-03-08,-1.197923297519853
2026-03-08 03:21:27.206000+00:00,3,Sunday,2026-03-08,-1.8313844266367738
2026-03-08 03:21:27.206000+00:00,3,Sunday,2026-03-08,-1.83157692648
2026-03-08 03:21:27.206000+00:00,3,Sunday,2026-03-08,-1.5646122858239928
2026-03-08 03:21:28.346000+00:00,3,Sunday,2026-03-08,-1.3040960607199463
2026-03-08 03:21:55.186000+00:00,3,Sunday,2026-03-08,-2.3582089037150498
2026-03-08 03:21:35.029000+00:00,3,Sunday,2026-03-08,-2.6478470764143274
2026-03-08 03:21:55.186000+00:00,3,Sunday,2026-03-08,-1.6255947527757273
2026-03-08 03:22:09.116000+00:00,3,Sunday,2026-03-08,-2.1230605823999897
2026-03-08 03:24:24.248000+00:00,3,Sunday,2026-03-08,-0.7365619591918275
2026-03-08 03:22:26.519000+00:00,3,Sunday,2026-03-08,-2.044551951000023
2026-03-08 03:22:36.467000+00:00,3,Sunday,2026-03-08,-2.368003128348668
2026-03-08 03:22:43.368000+00:00,3,Sunday,2026-03-08,-2.5375825134818975
2026-03-08 03:22:51.805000+00:00,3,Sunday,2026-03-08,-1.0371456281520368
2026-03-08 03:24:30.343000+00:00,3,Sunday,2026-03-08,-0.659865292415832
2026-03-08 03:24:30.343000+00:00,3,Sunday,2026-03-08,-0.47166466167683924
2026-03-08 03:24:30.343000+00:00,3,Sunday,2026-03-08,-1.07375397271998
2026-03-08 03:23:11.272000+00:00,3,Sunday,2026-03-08,-0.5497119766799301
2026-03-08 03:24:30.343000+00:00,3,Sunday,2026-03-08,-1.0720438259199927
2026-03-08 03:24:30.343000+00:00,3,Sunday,2026-03-08,-0.9286272680639389
2026-03-08 03:23:31.383000+00:00,3,Sunday,2026-03-08,-0.4524196224639727
2026-03-08 03:23:45.016000+00:00,3,Sunday,2026-03-08,-0.9832714319999777
2026-03-08 03:23:53.992000+00:00,3,Sunday,2026-03-08,0.9121597485839221
2026-03-08 03:23:54.576000+00:00,3,Sunday,2026-03-08,-1.0947554735999292
2026-03-08 03:24:45.535000+00:00,3,Sunday,2026-03-08,-1.1418420544638836
2026-03-08 03:24:59.418000+00:00,3,Sunday,2026-03-08,-1.4354466627120448
2026-03-08 03:24:02.988000+00:00,3,Sunday,2026-03-08,-1.6252438220854941
2026-03-08 03:26:14.330000+00:00,3,Sunday,2026-03-08,-0.315973817279979
2026-03-08 03:24:30.343000+00:00,3,Sunday,2026-03-08,-1.2013299110806979
2026-03-08 03:24:30.343000+00:00,3,Sunday,2026-03-08,-1.4820101383136368
2026-03-08 03:24:38.195000+00:00,3,Sunday,2026-03-08,-1.7301168869598413
2026-03-08 03:16:45.064000+00:00,3,Sunday,2026-03-08,-2.660011619687943
2026-03-08 03:24:52.271000+00:00,3,Sunday,2026-03-08,-0.5649062913919756
2026-03-08 03:24:52.271000+00:00,3,Sunday,2026-03-08,-0.8445169653759466
2026-03-08 03:25:01.103000+00:00,3,Sunday,2026-03-08,-1.5649225598183807
2026-03-08 03:25:13.856000+00:00,3,Sunday,2026-03-08,-2.1212473710479016
2026-03-08 03:25:29.996000+00:00,3,Sunday,2026-03-08,-1.5954970049998685
2026-03-08 03:25:45.813000+00:00,3,Sunday,2026-03-08,-3.0718410082728056
2026-03-08 03:26:01.155000+00:00,3,Sunday,2026-03-08,-2.047910554255978
2026-03-08 03:26:01.155000+00:00,3,Sunday,2026-03-08,-1.2409037210399885
2026-03-08 03:26:56.299000+00:00,3,Sunday,2026-03-08,-2.7765318863999084
2026-03-08 03:26:25.389000+00:00,3,Sunday,2026-03-08,-1.4154361250760388
2026-03-08 03:26:31.194000+00:00,3,Sunday,2026-03-08,-0.7906475425967473
2026-03-08 03:26:31.194000+00:00,3,Sunday,2026-03-08,-1.2687018074399181
2026-03-08 03:26:31.194000+00:00,3,Sunday,2026-03-08,-0.9145136683199706
2026-03-08 03:26:31.194000+00:00,3,Sunday,2026-03-08,-0.4191923000880542
2026-03-08 03:26:46.662000+00:00,3,Sunday,2026-03-08,-1.7623795793600219
2026-03-08 03:26:47.801000+00:00,3,Sunday,2026-03-08,-1.2776003985600086
2026-03-08 03:27:00.139000+00:00,3,Sunday,2026-03-08,-1.6073619620400157
2026-03-08 03:26:31.194000+00:00,3,Sunday,2026-03-08,-1.1159351594158238
2026-03-08 03:27:05.245000+00:00,3,Sunday,2026-03-08,-0.9598765700591334
2026-03-08 03:27:33.031000+00:00,3,Sunday,2026-03-08,-3.005907025959767
2026-03-08 03:27:50.797000+00:00,3,Sunday,2026-03-08,-0.508064244671879
2026-03-08 03:28:43.714000+00:00,3,Sunday,2026-03-08,-0.2916171172137508
2026-03-08 03:29:10.102000+00:00,3,Sunday,2026-03-08,-0.7695544438400033
2026-03-08 03:29:26.973000+00:00,3,Sunday,2026-03-08,-0.5747272473599344
2026-03-08 03:29:32.041000+00:00,3,Sunday,2026-03-08,-0.6571185116759002
2026-03-08 03:27:33.031000+00:00,3,Sunday,2026-03-08,-0.6604087542718944
2026-03-08 03:27:40.216000+00:00,3,Sunday,2026-03-08,-1.7135681951427149
2026-03-08 03:27:55.217000+00:00,3,Sunday,2026-03-08,-0.8780762130878763
2026-03-08 03:28:12.360000+00:00,3,Sunday,2026-03-08,-0.048787061399992865
2026-03-08 03:28:12.360000+00:00,3,Sunday,2026-03-08,-1.4649627772407965
2026-03-08 03:21:27.206000+00:00,3,Sunday,2026-03-08,-0.14355401663986844
2026-03-08 03:24:30.343000+00:00,3,Sunday,2026-03-08,-1.3707213467998904
2026-03-08 03:28:15.390000+00:00,3,Sunday,2026-03-08,-0.7400287108799004
2026-03-08 03:28:15.955000+00:00,3,Sunday,2026-03-08,-1.0651968539999375
2026-03-08 03:28:43.714000+00:00,3,Sunday,2026-03-08,-0.540946469720039
2026-03-08 03:29:48.510000+00:00,3,Sunday,2026-03-08,-0.7168117534775725
2026-03-08 03:29:48.510000+00:00,3,Sunday,2026-03-08,-0.7919104342398114
2026-03-08 03:29:50.588000+00:00,3,Sunday,2026-03-08,-0.5588396441599344
2026-03-08 03:30:03.670000+00:00,3,Sunday,2026-03-08,-0.7262508117598101
2026-03-08 03:30:09.999000+00:00,3,Sunday,2026-03-08,-0.6763625255997769
2026-03-08 03:29:04.096000+00:00,3,Sunday,2026-03-08,-1.4929432433735235
2026-03-08 03:30:09.999000+00:00,3,Sunday,2026-03-08,-0.4927224328800427
2026-03-08 03:30:35.049000+00:00,3,Sunday,2026-03-08,-0.8518824447967663
2026-03-08 03:30:42.494000+00:00,3,Sunday,2026-03-08,-1.6161204933528377
2026-03-08 03:30:44.757000+00:00,3,Sunday,2026-03-08,-0.926051289464775
2026-03-08 03:30:56.462000+00:00,3,Sunday,2026-03-08,-0.7828532742398309
2026-03-08 03:31:03.382000+00:00,3,Sunday,2026-03-08,-0.8779023582078511
2026-03-08 03:31:11.177000+00:00,3,Sunday,2026-03-08,-0.9358994724799075
2026-03-08 03:31:14.593000+00:00,3,Sunday,2026-03-08,-0.8716111729920566
2026-03-08 03:31:18.689000+00:00,3,Sunday,2026-03-08,-1.1742613499997732
2026-03-08 03:31:37.592000+00:00,3,Sunday,2026-03-08,-0.6575129394750858
2026-03-08 03:30:01.914000+00:00,3,Sunday,2026-03-08,-2.849175796767972
2026-03-08 03:30:13.905000+00:00,3,Sunday,2026-03-08,-0.6871207723197852
2026-03-08 03:30:22.685000+00:00,3,Sunday,2026-03-08,-1.1953202352638366
2026-03-08 03:30:35.806000+00:00,3,Sunday,2026-03-08,-0.716842686280025
2026-03-08 03:32:10.822000+00:00,3,Sunday,2026-03-08,-1.2390092682398337
2026-03-08 03:24:30.343000+00:00,3,Sunday,2026-03-08,-0.6058460267999657
2026-03-08 03:31:27.817000+00:00,3,Sunday,2026-03-08,-0.44384874119996254
2026-03-08 03:31:53.069000+00:00,3,Sunday,2026-03-08,-0.36528654433916136
2026-03-08 03:32:37.237000+00:00,3,Sunday,2026-03-08,-0.46167705737990267
2026-03-08 03:32:43.468000+00:00,3,Sunday,2026-03-08,-0.95271684203807
2026-03-08 03:33:04.739000+00:00,3,Sunday,2026-03-08,-0.9362739959679731
2026-03-08 03:33:15.425000+00:00,3,Sunday,2026-03-08,-0.7496850204200862
2026-03-08 03:26:01.155000+00:00,3,Sunday,2026-03-08,-0.4369560935999055
2026-03-08 03:30:32.791000+00:00,3,Sunday,2026-03-08,-1.0903114818239497
2026-03-08 03:31:18.689000+00:00,3,Sunday,2026-03-08,-0.6725961946798937
2026-03-08 03:31:53.069000+00:00,3,Sunday,2026-03-08,-0.025913273127980863
2026-03-08 03:31:53.069000+00:00,3,Sunday,2026-03-08,-0.4075005574398334
2026-03-08 03:32:10.822000+00:00,3,Sunday,2026-03-08,-0.6081191772000154
2026-03-08 03:33:19.355000+00:00,3,Sunday,2026-03-08,-0.8294827158399292
2026-03-08 03:33:42.796000+00:00,3,Sunday,2026-03-08,-1.194649937431937
2026-03-08 03:31:47.545000+00:00,3,Sunday,2026-03-08,-0.7887139734400349
2026-03-08 03:31:51.427000+00:00,3,Sunday,2026-03-08,-1.074060906239882
2026-03-08 03:31:53.069000+00:00,3,Sunday,2026-03-08,-0.5086152730399371
2026-03-08 03:32:11.396000+00:00,3,Sunday,2026-03-08,0.7986326985257342
2026-03-08 03:34:14.638000+00:00,3,Sunday,2026-03-08,-2.088351216045466
2026-03-08 03:32:59.020000+00:00,3,Sunday,2026-03-08,-0.5952253755058703
2026-03-08 03:34:33.163000+00:00,3,Sunday,2026-03-08,-0.9274602925598732
2026-03-08 03:33:28.291000+00:00,3,Sunday,2026-03-08,-1.6828363079679292
2026-03-08 03:33:42.796000+00:00,3,Sunday,2026-03-08,-1.598431057984008
2026-03-08 03:33:43.353000+00:00,3,Sunday,2026-03-08,-1.1305517509726974
2026-03-08 03:33:52.843000+00:00,3,Sunday,2026-03-08,-0.8519924507039816
2026-03-08 03:33:54.541000+00:00,3,Sunday,2026-03-08,-0.7791900478583011
2026-03-08 03:35:26.577000+00:00,3,Sunday,2026-03-08,-0.28793487122393213
2026-03-08 03:34:15.184000+00:00,3,Sunday,2026-03-08,-0.8389038683927751
2026-03-08 03:34:22.207000+00:00,3,Sunday,2026-03-08,-0.6036858864000079
2026-03-08 03:34:33.163000+00:00,3,Sunday,2026-03-08,-1.6404309331199705
2026-03-08 03:36:54.920000+00:00,3,Sunday,2026-03-08,-0.4856598427519612
2026-03-08 03:34:33.163000+00:00,3,Sunday,2026-03-08,-1.4205717303199146
2026-03-08 03:34:33.163000+00:00,3,Sunday,2026-03-08,-0.7057923033039322
2026-03-08 03:34:38.183000+00:00,3,Sunday,2026-03-08,-0.6198034790591898
2026-03-08 03:34:44.271000+00:00,3,Sunday,2026-03-08,-0.8594061656220726
2026-03-08 03:34:50.361000+00:00,3,Sunday,2026-03-08,-1.0436521105919552
2026-03-08 03:34:54.326000+00:00,3,Sunday,2026-03-08,-0.478908248903906
2026-03-08 03:34:56.004000+00:00,3,Sunday,2026-03-08,-1.0818580970399458
2026-03-08 03:35:05.741000+00:00,3,Sunday,2026-03-08,0.17296100628801636
2026-03-08 03:35:27.135000+00:00,3,Sunday,2026-03-08,-0.6175993031199078
2026-03-08 03:35:27.135000+00:00,3,Sunday,2026-03-08,-0.9095526131999991
2026-03-08 03:29:04.096000+00:00,3,Sunday,2026-03-08,-0.28433798942395894
2026-03-08 03:36:01.470000+00:00,3,Sunday,2026-03-08,-0.6208355326503987
2026-03-08 03:36:30.877000+00:00,3,Sunday,2026-03-08,0.5695151373520069
2026-03-08 03:32:04.633000+00:00,3,Sunday,2026-03-08,-1.8298884598560115
2026-03-08 03:36:45.788000+00:00,3,Sunday,2026-03-08,-1.3946908228797952
2026-03-08 03:36:45.788000+00:00,3,Sunday,2026-03-08,-0.7488407957038772
2026-03-08 03:36:51.206000+00:00,3,Sunday,2026-03-08,-1.1037984862118768
2026-03-08 03:36:51.206000+00:00,3,Sunday,2026-03-08,-0.9566356939198526
2026-03-08 03:37:18.475000+00:00,3,Sunday,2026-03-08,-0.6578900861791068
2026-03-08 03:37:42.121000+00:00,3,Sunday,2026-03-08,-0.36120276341598745
2026-03-08 03:37:42.121000+00:00,3,Sunday,2026-03-08,-0.632484181183878
2026-03-08 03:37:53.119000+00:00,3,Sunday,2026-03-08,-0.6103998340239578
2026-03-08 03:38:49.812000+00:00,3,Sunday,2026-03-08,-0.5022246525119467
2026-03-08 03:39:04.853000+00:00,3,Sunday,2026-03-08,-0.3157338840527036
2026-03-08 03:33:12.054000+00:00,3,Sunday,2026-03-08,-0.5568180446400381
2026-03-08 03:34:27.535000+00:00,3,Sunday,2026-03-08,-0.5674701292799916
2026-03-08 03:37:10.174000+00:00,3,Sunday,2026-03-08,-0.88240307566552
2026-03-08 03:37:23.713000+00:00,3,Sunday,2026-03-08,-0.5137758647999988
2026-03-08 03:37:27.452000+00:00,3,Sunday,2026-03-08,-0.9176887270079686
2026-03-08 03:37:35.428000+00:00,3,Sunday,2026-03-08,-0.6084788189598764
2026-03-08 03:37:42.121000+00:00,3,Sunday,2026-03-08,-0.13652373839984255
2026-03-08 03:37:47.101000+00:00,3,Sunday,2026-03-08,-0.10164890505628871
2026-03-08 03:38:33.624000+00:00,3,Sunday,2026-03-08,0.01947510364803451
2026-03-08 03:38:55.905000+00:00,3,Sunday,2026-03-08,-0.42572158855992703
2026-03-08 03:39:34.811000+00:00,3,Sunday,2026-03-08,-0.9641281331279248
2026-03-08 03:39:48.474000+00:00,3,Sunday,2026-03-08,-0.6276475516390911
2026-03-08 03:39:50.153000+00:00,3,Sunday,2026-03-08,-0.9040407931919254
2026-03-08 03:37:56.988000+00:00,3,Sunday,2026-03-08,-0.7767370433758531
2026-03-08 03:37:58.680000+00:00,3,Sunday,2026-03-08,-0.6480222007999612
2026-03-08 03:38:07.567000+00:00,3,Sunday,2026-03-08,-1.4796587423518732
2026-03-08 03:39:54.047000+00:00,3,Sunday,2026-03-08,-1.0556380469120081
2026-03-08 03:40:05.340000+00:00,3,Sunday,2026-03-08,-1.112164866240032
2026-03-08 03:40:12.651000+00:00,3,Sunday,2026-03-08,-0.9507656986799948
2026-03-08 03:37:35.428000+00:00,3,Sunday,2026-03-08,-0.2294637661999963
2026-03-08 03:38:33.624000+00:00,3,Sunday,2026-03-08,1.274469016420911
2026-03-08 03:39:13.832000+00:00,3,Sunday,2026-03-08,-1.3146343654894252
2026-03-08 03:39:48.474000+00:00,3,Sunday,2026-03-08,-0.7097736659039791
2026-03-08 03:41:01.299000+00:00,3,Sunday,2026-03-08,-0.9373156226399066
2026-03-08 03:41:35.948000+00:00,3,Sunday,2026-03-08,-1.2439827449277783
2026-03-08 03:41:46.399000+00:00,3,Sunday,2026-03-08,-0.6496857838559638
2026-03-08 03:39:51.787000+00:00,3,Sunday,2026-03-08,-0.5680281542207333
2026-03-08 03:39:51.787000+00:00,3,Sunday,2026-03-08,-1.3130049402880117
2026-03-08 03:39:53.453000+00:00,3,Sunday,2026-03-08,-0.6562434737855416
2026-03-08 03:39:53.453000+00:00,3,Sunday,2026-03-08,-0.7406331292798893
2026-03-08 03:40:05.919000+00:00,3,Sunday,2026-03-08,-0.46748524679991754
2026-03-08 03:40:34.594000+00:00,3,Sunday,2026-03-08,-0.19327715076795826
2026-03-08 03:41:09.841000+00:00,3,Sunday,2026-03-08,-0.10483031759985395
2026-03-08 03:41:50.839000+00:00,3,Sunday,2026-03-08,-0.5344511602943133
2026-03-08 03:41:54.818000+00:00,3,Sunday,2026-03-08,-0.6722891360560348
2026-03-08 03:42:06.218000+00:00,3,Sunday,2026-03-08,-0.9065452639999243
2026-03-08 03:40:15.480000+00:00,3,Sunday,2026-03-08,-0.8193532332959639
2026-03-08 03:40:25.468000+00:00,3,Sunday,2026-03-08,-1.0768545132798921
2026-03-08 03:40:28.324000+00:00,3,Sunday,2026-03-08,-0.3712456641599309
2026-03-08 03:40:32.302000+00:00,3,Sunday,2026-03-08,-0.8677090813679904
2026-03-08 03:40:56.659000+00:00,3,Sunday,2026-03-08,-0.5307007626719822
2026-03-08 03:42:32.845000+00:00,3,Sunday,2026-03-08,-0.4685259359087876
2026-03-08 03:40:59.589000+00:00,3,Sunday,2026-03-08,-1.0147069717919428
2026-03-08 03:41:05.918000+00:00,3,Sunday,2026-03-08,-0.5312298193599483
2026-03-08 03:43:19.044000+00:00,3,Sunday,2026-03-08,-0.6172722284479616
2026-03-08 03:43:19.044000+00:00,3,Sunday,2026-03-08,-0.8299738128639664
2026-03-08 03:41:58.668000+00:00,3,Sunday,2026-03-08,-0.9672385085134831
2026-03-08 03:43:36.522000+00:00,3,Sunday,2026-03-08,-1.4764021848477498
2026-03-08 03:42:28.397000+00:00,3,Sunday,2026-03-08,-0.8411166616958977
2026-03-08 03:42:28.954000+00:00,3,Sunday,2026-03-08,-0.8273865443839832
2026-03-08 03:44:19.540000+00:00,3,Sunday,2026-03-08,-1.6950419004958615
2026-03-08 03:42:37.944000+00:00,3,Sunday,2026-03-08,-0.8422313961600516
2026-03-08 03:42:39.052000+00:00,3,Sunday,2026-03-08,-0.9398764768847474
2026-03-08 03:44:47.760000+00:00,3,Sunday,2026-03-08,-0.605406553113528
2026-03-08 03:42:28.397000+00:00,3,Sunday,2026-03-08,-2.160837136799801
2026-03-08 03:43:01.374000+00:00,3,Sunday,2026-03-08,-2.2344536447998458
2026-03-08 03:43:01.374000+00:00,3,Sunday,2026-03-08,-0.9686236967999082
2026-03-08 03:43:02.768000+00:00,3,Sunday,2026-03-08,-1.3721077003999493
2026-03-08 03:43:19.572000+00:00,3,Sunday,2026-03-08,-0.10980767425600452
2026-03-08 03:43:27.724000+00:00,3,Sunday,2026-03-08,-1.7807160810398375
2026-03-08 03:43:31.010000+00:00,3,Sunday,2026-03-08,-1.3038344222399998
2026-03-08 03:43:34.863000+00:00,3,Sunday,2026-03-08,-1.353505115496939
2026-03-08 03:43:41.451000+00:00,3,Sunday,2026-03-08,-1.6199025334237807
2026-03-08 03:43:41.451000+00:00,3,Sunday,2026-03-08,-0.33059067597116243
2026-03-08 03:43:51.551000+00:00,3,Sunday,2026-03-08,-1.1260335778559578
2026-03-08 03:43:55.402000+00:00,3,Sunday,2026-03-08,-1.183068839311991
2026-03-08 03:40:30.021000+00:00,3,Sunday,2026-03-08,4.663870463347313
2026-03-08 03:44:01.604000+00:00,3,Sunday,2026-03-08,-0.7980009794799509
2026-03-08 03:44:22.730000+00:00,3,Sunday,2026-03-08,-1.247201582319971
2026-03-08 03:44:30.210000+00:00,3,Sunday,2026-03-08,-0.5825843540723041
2026-03-08 03:45:12.754000+00:00,3,Sunday,2026-03-08,0.014933485375063116
2026-03-08 03:45:19.825000+00:00,3,Sunday,2026-03-08,-0.5252501396160649
2026-03-08 03:46:07.238000+00:00,3,Sunday,2026-03-08,-0.9810210119998908
2026-03-08 03:44:47.760000+00:00,3,Sunday,2026-03-08,-0.5741044030079399
2026-03-08 03:45:00.908000+00:00,3,Sunday,2026-03-08,-1.4668005001031255
2026-03-08 03:45:19.825000+00:00,3,Sunday,2026-03-08,-1.024980334847899
2026-03-08 03:46:22.480000+00:00,3,Sunday,2026-03-08,-0.17665412391988278
2026-03-08 03:46:54.866000+00:00,3,Sunday,2026-03-08,-0.46862213752795157
2026-03-08 03:45:30.555000+00:00,3,Sunday,2026-03-08,-0.6520308335039805
2026-03-08 03:45:32.853000+00:00,3,Sunday,2026-03-08,-0.39231782921516756
2026-03-08 03:45:40.763000+00:00,3,Sunday,2026-03-08,-0.6522983433119707
2026-03-08 03:45:40.763000+00:00,3,Sunday,2026-03-08,-0.5812499227727792
2026-03-08 03:45:41.347000+00:00,3,Sunday,2026-03-08,-1.0776933454318616
2026-03-08 03:47:27.229000+00:00,3,Sunday,2026-03-08,-0.7706833190208714
2026-03-08 03:46:03.308000+00:00,3,Sunday,2026-03-08,-1.0240652762880025
2026-03-08 03:46:03.308000+00:00,3,Sunday,2026-03-08,-0.7406187307199075
2026-03-08 03:46:05.021000+00:00,3,Sunday,2026-03-08,-1.3004449306399182
2026-03-08 03:46:26.444000+00:00,3,Sunday,2026-03-08,-0.26930687999999015
2026-03-08 03:47:57.957000+00:00,3,Sunday,2026-03-08,-0.602486758079924
2026-03-08 03:46:31.041000+00:00,3,Sunday,2026-03-08,-0.7135383475999643
2026-03-08 03:46:33.955000+00:00,3,Sunday,2026-03-08,-0.6236993447999648
2026-03-08 03:46:36.787000+00:00,3,Sunday,2026-03-08,-0.7756620305525688
2026-03-08 03:46:54.866000+00:00,3,Sunday,2026-03-08,-0.8710134340119293
2026-03-08 03:46:59.407000+00:00,3,Sunday,2026-03-08,-0.6676873323358652
2026-03-08 03:47:05.092000+00:00,3,Sunday,2026-03-08,-0.187000853599944
2026-03-08 03:47:25.522000+00:00,3,Sunday,2026-03-08,-0.4320015683198052
2026-03-08 03:47:26.103000+00:00,3,Sunday,2026-03-08,-0.5958444882079261
2026-03-08 03:47:32.215000+00:00,3,Sunday,2026-03-08,-0.25906000745209956
2026-03-08 03:47:57.957000+00:00,3,Sunday,2026-03-08,-0.23496047265594472
2026-03-08 03:48:03.578000+00:00,3,Sunday,2026-03-08,-0.6363217885990816
2026-03-08 03:48:33.055000+00:00,3,Sunday,2026-03-08,-0.7031957061599994
2026-03-08 03:48:44.120000+00:00,3,Sunday,2026-03-08,-0.7243349011006994
2026-03-08 03:48:44.120000+00:00,3,Sunday,2026-03-08,-0.517183901632783
2026-03-08 03:49:05.060000+00:00,3,Sunday,2026-03-08,-0.9859982090239332
2026-03-08 03:47:25.522000+00:00,3,Sunday,2026-03-08,-0.8461124503678215
2026-03-08 03:48:08.122000+00:00,3,Sunday,2026-03-08,-0.6125344781999676
2026-03-08 03:48:35.821000+00:00,3,Sunday,2026-03-08,-0.4132606280400065
2026-03-08 03:49:05.619000+00:00,3,Sunday,2026-03-08,-0.9459632410397798
2026-03-08 03:49:08.424000+00:00,3,Sunday,2026-03-08,-0.7326502477439095
2026-03-08 03:49:28.214000+00:00,3,Sunday,2026-03-08,-1.3358145988440184
2026-03-08 03:49:33.333000+00:00,3,Sunday,2026-03-08,-0.7677314321599116
2026-03-08 03:49:36.133000+00:00,3,Sunday,2026-03-08,-0.7998511617599453
2026-03-08 03:49:40.001000+00:00,3,Sunday,2026-03-08,-0.9675426705472439
2026-03-08 03:49:57.397000+00:00,3,Sunday,2026-03-08,-0.9251472379783395
2026-03-08 03:48:44.120000+00:00,3,Sunday,2026-03-08,-0.8503816225279605
2026-03-08 03:49:03.935000+00:00,3,Sunday,2026-03-08,1.178001776640056
2026-03-08 03:49:05.619000+00:00,3,Sunday,2026-03-08,-0.9566356939198526
2026-03-08 03:49:59.082000+00:00,3,Sunday,2026-03-08,-0.4076244403199952
2026-03-08 03:50:01.358000+00:00,3,Sunday,2026-03-08,-0.5301182574985579
2026-03-08 03:50:04.416000+00:00,3,Sunday,2026-03-08,-1.0566593118975898
2026-03-08 03:50:37.079000+00:00,3,Sunday,2026-03-08,-0.7171748190720681
2026-03-08 03:51:11.097000+00:00,3,Sunday,2026-03-08,-1.0713313495040129
2026-03-08 03:51:37.472000+00:00,3,Sunday,2026-03-08,-2.462457271503836
2026-03-08 03:49:59.082000+00:00,3,Sunday,2026-03-08,-0.026978374768695468
2026-03-08 03:50:01.358000+00:00,3,Sunday,2026-03-08,-0.7403243045118817
2026-03-08 03:50:01.358000+00:00,3,Sunday,2026-03-08,-0.6172151950719771
2026-03-08 03:50:01.358000+00:00,3,Sunday,2026-03-08,-0.7029736884798783
2026-03-08 03:50:03.822000+00:00,3,Sunday,2026-03-08,-0.782869920399989
2026-03-08 03:50:54.868000+00:00,3,Sunday,2026-03-08,-0.433393862976013
2026-03-08 03:50:44.832000+00:00,3,Sunday,2026-03-08,-1.1010735893167722
2026-03-08 03:50:44.832000+00:00,3,Sunday,2026-03-08,-1.208800979279928
2026-03-08 03:51:05.918000+00:00,3,Sunday,2026-03-08,-0.9289335433223467
2026-03-08 03:51:05.918000+00:00,3,Sunday,2026-03-08,-1.6177899709439232
2026-03-08 03:51:06.486000+00:00,3,Sunday,2026-03-08,-0.9490387981601184
2026-03-08 03:51:11.097000+00:00,3,Sunday,2026-03-08,-0.9559650023999791
2026-03-08 03:53:38.367000+00:00,3,Sunday,2026-03-08,-1.5723892428383794
2026-03-08 03:48:29.708000+00:00,3,Sunday,2026-03-08,-0.06427680943190861
2026-03-08 03:51:34.282000+00:00,3,Sunday,2026-03-08,-0.9355522321598824
2026-03-08 03:51:46.076000+00:00,3,Sunday,2026-03-08,-0.4147463180799792
2026-03-08 03:52:08.975000+00:00,3,Sunday,2026-03-08,-0.42510287041585193
2026-03-08 03:53:04.502000+00:00,3,Sunday,2026-03-08,-0.4303853864799911
2026-03-08 03:53:50.215000+00:00,3,Sunday,2026-03-08,-0.4964596261632428
2026-03-08 03:54:02.832000+00:00,3,Sunday,2026-03-08,-2.086797610815818
2026-03-08 03:51:59.579000+00:00,3,Sunday,2026-03-08,-0.9960576341905869
2026-03-08 03:52:00.132000+00:00,3,Sunday,2026-03-08,-1.1383777649247242
2026-03-08 03:52:02.368000+00:00,3,Sunday,2026-03-08,-0.5294235525298772
2026-03-08 03:52:04.572000+00:00,3,Sunday,2026-03-08,-0.9677587718399622
2026-03-08 03:52:08.975000+00:00,3,Sunday,2026-03-08,-0.7406331292798893
2026-03-08 03:52:08.975000+00:00,3,Sunday,2026-03-08,-0.5869937408159935
2026-03-08 03:52:09.529000+00:00,3,Sunday,2026-03-08,-1.551354228039974
2026-03-08 03:54:07.886000+00:00,3,Sunday,2026-03-08,-0.4774567008959473
2026-03-08 03:52:37.961000+00:00,3,Sunday,2026-03-08,-0.906249646599981
2026-03-08 03:53:04.502000+00:00,3,Sunday,2026-03-08,-0.713848334759948
2026-03-08 03:53:04.502000+00:00,3,Sunday,2026-03-08,-0.46395513777594916
2026-03-08 03:53:06.792000+00:00,3,Sunday,2026-03-08,-0.8857875953999875
2026-03-08 03:53:11.814000+00:00,3,Sunday,2026-03-08,-0.8830554719839863
2026-03-08 03:53:18.418000+00:00,3,Sunday,2026-03-08,-1.2766911635999243
2026-03-08 03:55:13.160000+00:00,3,Sunday,2026-03-08,-0.9044855820000206
2026-03-08 03:54:07.886000+00:00,3,Sunday,2026-03-08,-0.9276369244406679
2026-03-08 03:54:09.543000+00:00,3,Sunday,2026-03-08,-1.1072666010239312
2026-03-08 03:56:06.672000+00:00,3,Sunday,2026-03-08,-0.6171011283200081
2026-03-08 03:54:13.498000+00:00,3,Sunday,2026-03-08,-1.244378471999887
2026-03-08 03:54:24.500000+00:00,3,Sunday,2026-03-08,-1.27043063683197
2026-03-08 03:54:24.500000+00:00,3,Sunday,2026-03-08,-0.837553352443104
2026-03-08 03:54:28.944000+00:00,3,Sunday,2026-03-08,-0.796128322752036
2026-03-08 03:56:21.992000+00:00,3,Sunday,2026-03-08,-0.858522788999887
2026-03-08 03:54:36.155000+00:00,3,Sunday,2026-03-08,-1.2721487430400122
2026-03-08 03:54:39.014000+00:00,3,Sunday,2026-03-08,-1.5169757491438118
2026-03-08 03:55:07.453000+00:00,3,Sunday,2026-03-08,-0.8617209998518952
2026-03-08 03:55:07.453000+00:00,3,Sunday,2026-03-08,-1.0380195515759891
2026-03-08 03:55:07.453000+00:00,3,Sunday,2026-03-08,-1.252724903760762
2026-03-08 03:55:07.453000+00:00,3,Sunday,2026-03-08,-0.6380151630428048
2026-03-08 03:55:07.453000+00:00,3,Sunday,2026-03-08,0.10321569196801972
2026-03-08 03:55:07.453000+00:00,3,Sunday,2026-03-08,-1.0020774355200115
2026-03-08 03:55:08.021000+00:00,3,Sunday,2026-03-08,-0.7022382167999717
2026-03-08 03:55:12.028000+00:00,3,Sunday,2026-03-08,-0.9446290931998209
2026-03-08 03:55:39.288000+00:00,3,Sunday,2026-03-08,-1.6840270646423776
2026-03-08 03:55:40.462000+00:00,3,Sunday,2026-03-08,-1.076528199999968
2026-03-08 03:55:51.326000+00:00,3,Sunday,2026-03-08,-0.848443677059947
2026-03-08 03:56:06.672000+00:00,3,Sunday,2026-03-08,-0.7358334102559412
2026-03-08 03:56:09.024000+00:00,3,Sunday,2026-03-08,-0.6597070022399054
2026-03-08 03:56:09.024000+00:00,3,Sunday,2026-03-08,-0.8432841808327397
2026-03-08 03:57:41.599000+00:00,3,Sunday,2026-03-08,-0.42118780838400854
2026-03-08 03:58:07.255000+00:00,3,Sunday,2026-03-08,-0.6173292618239461
2026-03-08 03:56:13.599000+00:00,3,Sunday,2026-03-08,-0.6502615590239555
2026-03-08 03:58:11.055000+00:00,3,Sunday,2026-03-08,-0.5873918609914506
2026-03-08 03:58:46.592000+00:00,3,Sunday,2026-03-08,-2.8641436729752634
2026-03-08 03:40:25.468000+00:00,3,Sunday,2026-03-08,-0.8398117702399432
2026-03-08 03:53:50.215000+00:00,3,Sunday,2026-03-08,-0.24882312381595373
2026-03-08 03:55:12.028000+00:00,3,Sunday,2026-03-08,-0.4457173334399961
2026-03-08 03:57:10.302000+00:00,3,Sunday,2026-03-08,-0.5594432799200123
2026-03-08 03:57:12.061000+00:00,3,Sunday,2026-03-08,-0.2999901270320029
2026-03-08 03:57:13.741000+00:00,3,Sunday,2026-03-08,-0.302324487728004
2026-03-08 03:57:16.484000+00:00,3,Sunday,2026-03-08,-0.44403883948797435
2026-03-08 03:57:18.672000+00:00,3,Sunday,2026-03-08,-0.42698792600004776
2026-03-08 03:57:18.672000+00:00,3,Sunday,2026-03-08,-0.5334860635999872
2026-03-08 03:57:35.037000+00:00,3,Sunday,2026-03-08,-0.3502655027999572
2026-03-08 03:57:39.398000+00:00,3,Sunday,2026-03-08,-0.3461103508799649
2026-03-08 03:58:11.055000+00:00,3,Sunday,2026-03-08,-0.2909465277599784
2026-03-08 03:58:11.055000+00:00,3,Sunday,2026-03-08,-0.29358529439994047
2026-03-08 03:58:11.055000+00:00,3,Sunday,2026-03-08,-0.40261796871289746
2026-03-08 03:58:11.055000+00:00,3,Sunday,2026-03-08,-0.11980008431996725
2026-03-08 03:58:50.371000+00:00,3,Sunday,2026-03-08,-1.5631564263998126
2026-03-08 03:58:53.097000+00:00,3,Sunday,2026-03-08,-1.0679874131302958
2026-03-08 03:59:09.659000+00:00,3,Sunday,2026-03-08,-1.061761380287964
2026-03-08 03:59:11.323000+00:00,3,Sunday,2026-03-08,-0.7454636959423735
2026-03-08 03:59:13.544000+00:00,3,Sunday,2026-03-08,-0.7713727842559409
2026-03-08 03:59:15.797000+00:00,3,Sunday,2026-03-08,-1.1795931671680264
2026-03-08 03:56:05.569000+00:00,3,Sunday,2026-03-08,1.2811399711440445
2026-03-08 03:58:11.055000+00:00,3,Sunday,2026-03-08,-3.7261572587519143
2026-03-08 03:58:46.592000+00:00,3,Sunday,2026-03-08,-5.25875244360006
2026-03-08 03:58:46.592000+00:00,3,Sunday,2026-03-08,-2.2816499928318508
2026-03-08 03:59:03.636000+00:00,3,Sunday,2026-03-08,-1.1876232621598852
2026-03-08 03:59:42.554000+00:00,3,Sunday,2026-03-08,-1.0564847938559923
2026-03-08 03:59:58.742000+00:00,3,Sunday,2026-03-08,-1.0202347713597586
2026-03-08 03:59:58.742000+00:00,3,Sunday,2026-03-08,-1.0690847532288459
2026-03-08 03:59:58.742000+00:00,3,Sunday,2026-03-08,-0.6179649767999477
2026-03-08 04:00:13.027000+00:00,4,Sunday,2026-03-08,-0.5473802072400707
2026-03-08 04:00:13.027000+00:00,4,Sunday,2026-03-08,-1.2859681349025944
2026-03-08 04:00:16.455000+00:00,4,Sunday,2026-03-08,-1.054381491071993
2026-03-08 04:00:21.081000+00:00,4,Sunday,2026-03-08,-0.6855546561671427
2026-03-08 04:00:53.951000+00:00,4,Sunday,2026-03-08,-0.8719074220079195
2026-03-08 04:01:07.805000+00:00,4,Sunday,2026-03-08,-1.3340654377391825
2026-03-08 04:01:10.656000+00:00,4,Sunday,2026-03-08,-0.866066963840054
2026-03-08 04:01:14.339000+00:00,4,Sunday,2026-03-08,-0.628812534911946
2026-03-08 03:59:58.742000+00:00,3,Sunday,2026-03-08,-0.5045283849598797
2026-03-08 03:59:58.742000+00:00,3,Sunday,2026-03-08,-0.5671699825279644
2026-03-08 04:00:12.344000+00:00,4,Sunday,2026-03-08,-0.40788599039996964
2026-03-08 04:00:12.344000+00:00,4,Sunday,2026-03-08,-0.2940098464238283
2026-03-08 04:00:13.027000+00:00,4,Sunday,2026-03-08,-0.4777854966719389
2026-03-08 04:00:13.027000+00:00,4,Sunday,2026-03-08,-0.7523915392800105
2026-03-08 04:00:13.027000+00:00,4,Sunday,2026-03-08,-0.38172920558936685
2026-03-08 04:00:13.027000+00:00,4,Sunday,2026-03-08,-0.7496237548799215
2026-03-08 04:00:13.612000+00:00,4,Sunday,2026-03-08,-0.46499715181914897
2026-03-08 04:00:51.132000+00:00,4,Sunday,2026-03-08,-0.7921916820000223
2026-03-08 04:01:12.452000+00:00,4,Sunday,2026-03-08,0.05968250326402064
2026-03-08 04:01:23.313000+00:00,4,Sunday,2026-03-08,-0.7347224371839947
2026-03-08 04:01:43.637000+00:00,4,Sunday,2026-03-08,-0.6416575837839122
2026-03-08 04:01:49.483000+00:00,4,Sunday,2026-03-08,-0.8693572706559843
2026-03-08 04:01:59.632000+00:00,4,Sunday,2026-03-08,-0.872415198968802
2026-03-08 04:01:59.632000+00:00,4,Sunday,2026-03-08,-0.6341674767040012
2026-03-08 04:02:07.398000+00:00,4,Sunday,2026-03-08,-0.7272281279999054
2026-03-08 04:02:13.728000+00:00,4,Sunday,2026-03-08,-1.1670889151687471
2026-03-08 04:02:21.833000+00:00,4,Sunday,2026-03-08,-0.9788919130799438
2026-03-08 04:01:13.134000+00:00,4,Sunday,2026-03-08,-2.493556017447906
2026-03-08 04:02:07.398000+00:00,4,Sunday,2026-03-08,-2.446720722879875
2026-03-08 04:02:07.398000+00:00,4,Sunday,2026-03-08,-0.9686236967999082
2026-03-08 04:02:13.728000+00:00,4,Sunday,2026-03-08,-1.624170067900773
2026-03-08 04:02:17.267000+00:00,4,Sunday,2026-03-08,-0.06799375525593765
2026-03-08 04:02:28.096000+00:00,4,Sunday,2026-03-08,-1.6530565679998381
2026-03-08 04:02:33.907000+00:00,4,Sunday,2026-03-08,-1.0596606463999492
2026-03-08 04:02:56.360000+00:00,4,Sunday,2026-03-08,-2.5669489333999227
2026-03-08 04:03:11.638000+00:00,4,Sunday,2026-03-08,-1.1326422089038846
2026-03-08 04:03:15.067000+00:00,4,Sunday,2026-03-08,-0.7860905231040265
2026-03-08 04:03:15.067000+00:00,4,Sunday,2026-03-08,-2.040728489279826
2026-03-08 04:03:39.692000+00:00,4,Sunday,2026-03-08,-0.9384990803519906
2026-03-08 04:04:18.977000+00:00,4,Sunday,2026-03-08,-1.0813129958398684
2026-03-08 04:04:19.534000+00:00,4,Sunday,2026-03-08,-0.7274181039999639
2026-03-08 04:04:32.907000+00:00,4,Sunday,2026-03-08,-1.0694453466000036
2026-03-08 04:02:54.650000+00:00,4,Sunday,2026-03-08,-1.387917049569662
2026-03-08 04:02:59.197000+00:00,4,Sunday,2026-03-08,-1.5592335338000285
2026-03-08 04:03:00.893000+00:00,4,Sunday,2026-03-08,-1.3763314681559369
2026-03-08 04:03:08.790000+00:00,4,Sunday,2026-03-08,-1.8495408976989411
2026-03-08 04:03:14.482000+00:00,4,Sunday,2026-03-08,-2.225803669559848
2026-03-08 04:03:15.067000+00:00,4,Sunday,2026-03-08,-1.0189250628637025
2026-03-08 04:03:15.067000+00:00,4,Sunday,2026-03-08,-1.52356746463999
2026-03-08 04:03:15.634000+00:00,4,Sunday,2026-03-08,-0.7564737933438982
2026-03-08 04:03:15.634000+00:00,4,Sunday,2026-03-08,-0.7475486824246855
2026-03-08 04:03:24.317000+00:00,4,Sunday,2026-03-08,-0.8965541896959104
2026-03-08 04:03:44.281000+00:00,4,Sunday,2026-03-08,-0.8003010254799203
2026-03-08 04:04:50.148000+00:00,4,Sunday,2026-03-08,-0.4086460863999545
2026-03-08 04:05:12.624000+00:00,4,Sunday,2026-03-08,-0.9349445615997987
2026-03-08 04:04:00.771000+00:00,4,Sunday,2026-03-08,-1.101023987148765
2026-03-08 04:04:00.771000+00:00,4,Sunday,2026-03-08,-0.5649612820798721
2026-03-08 04:04:19.534000+00:00,4,Sunday,2026-03-08,-1.6538245471254096
2026-03-08 04:04:32.907000+00:00,4,Sunday,2026-03-08,-0.288248396705655
2026-03-08 04:04:50.148000+00:00,4,Sunday,2026-03-08,-1.0831725435328212
2026-03-08 04:04:50.148000+00:00,4,Sunday,2026-03-08,-1.8209043025919978
2026-03-08 04:04:57.367000+00:00,4,Sunday,2026-03-08,-1.7178969381998934
2026-03-08 04:05:12.624000+00:00,4,Sunday,2026-03-08,-0.8432941995679295
2026-03-08 04:05:12.624000+00:00,4,Sunday,2026-03-08,-0.9566170960798767
2026-03-08 04:05:13.194000+00:00,4,Sunday,2026-03-08,-1.504507978247851
2026-03-08 04:05:15.963000+00:00,4,Sunday,2026-03-08,-0.7026745655440156
2026-03-08 04:05:15.963000+00:00,4,Sunday,2026-03-08,-1.5371172719999369
2026-03-08 04:05:30.688000+00:00,4,Sunday,2026-03-08,-1.9095493305278883
2026-03-08 04:06:42.458000+00:00,4,Sunday,2026-03-08,-1.6758983578558628
2026-03-08 04:06:42.458000+00:00,4,Sunday,2026-03-08,-0.7963607308798039
2026-03-08 04:06:48.220000+00:00,4,Sunday,2026-03-08,-0.8060195104000154
2026-03-08 04:06:03.546000+00:00,4,Sunday,2026-03-08,-1.8102056849998682
2026-03-08 04:06:10.804000+00:00,4,Sunday,2026-03-08,-1.4412225353231871
2026-03-08 04:06:11.363000+00:00,4,Sunday,2026-03-08,-2.028726501120001
2026-03-08 04:06:17.564000+00:00,4,Sunday,2026-03-08,-0.18496315861365917
2026-03-08 04:06:17.564000+00:00,4,Sunday,2026-03-08,-1.586389879919956
2026-03-08 04:06:18.734000+00:00,4,Sunday,2026-03-08,-0.6723314916319086
2026-03-08 04:06:18.734000+00:00,4,Sunday,2026-03-08,-0.7996811813999526
2026-03-08 04:06:19.871000+00:00,4,Sunday,2026-03-08,-1.7352756781359013
2026-03-08 04:06:22.729000+00:00,4,Sunday,2026-03-08,-0.3934400515999127
2026-03-08 04:06:26.630000+00:00,4,Sunday,2026-03-08,-0.5436223834879126
2026-03-08 04:06:33.470000+00:00,4,Sunday,2026-03-08,-1.0549252906606315
2026-03-08 04:07:03.198000+00:00,4,Sunday,2026-03-08,-0.19445193137759498
2026-03-08 04:07:03.198000+00:00,4,Sunday,2026-03-08,-0.2092727858879655
2026-03-08 04:07:22.783000+00:00,4,Sunday,2026-03-08,-0.36214140758841173
2026-03-08 04:07:52.432000+00:00,4,Sunday,2026-03-08,-0.900032989067933
2026-03-08 04:08:18.697000+00:00,4,Sunday,2026-03-08,-0.6105945366320167
2026-03-08 04:08:18.697000+00:00,4,Sunday,2026-03-08,-0.0918373129599756
2026-03-08 04:08:18.697000+00:00,4,Sunday,2026-03-08,-0.64692731831998
2026-03-08 04:06:47.094000+00:00,4,Sunday,2026-03-08,0.24608373552005924
2026-03-08 04:06:50.975000+00:00,4,Sunday,2026-03-08,-0.41964056479991474
2026-03-08 04:06:57.047000+00:00,4,Sunday,2026-03-08,-0.55191121390242
2026-03-08 04:07:13.446000+00:00,4,Sunday,2026-03-08,-0.516400318559884
2026-03-08 04:07:42.388000+00:00,4,Sunday,2026-03-08,-1.4244454879617072
2026-03-08 04:07:52.432000+00:00,4,Sunday,2026-03-08,-0.8259662875280207
2026-03-08 04:08:00.876000+00:00,4,Sunday,2026-03-08,-0.5309706715200115
2026-03-08 04:08:18.697000+00:00,4,Sunday,2026-03-08,-0.7717102668800118
2026-03-08 04:08:18.697000+00:00,4,Sunday,2026-03-08,-1.1726154614398459
2026-03-08 04:08:33.353000+00:00,4,Sunday,2026-03-08,-0.8570808804158903
2026-03-08 04:08:48.205000+00:00,4,Sunday,2026-03-08,-0.9457096315918487
2026-03-08 04:08:49.322000+00:00,4,Sunday,2026-03-08,-0.044887284800058325
2026-03-08 04:09:07.322000+00:00,4,Sunday,2026-03-08,-0.9561820275999237
2026-03-08 04:09:13.003000+00:00,4,Sunday,2026-03-08,-1.0863563386271906
2026-03-08 04:09:20.909000+00:00,4,Sunday,2026-03-08,-0.9464965029599168
2026-03-08 04:09:21.514000+00:00,4,Sunday,2026-03-08,-0.7250781404863116
2026-03-08 04:09:25.931000+00:00,4,Sunday,2026-03-08,-1.2242768577839178
2026-03-08 04:07:42.388000+00:00,4,Sunday,2026-03-08,-11.765757321504
2026-03-08 04:09:15.268000+00:00,4,Sunday,2026-03-08,-0.38499360600802424
2026-03-08 04:09:15.268000+00:00,4,Sunday,2026-03-08,1.7775682776864876
2026-03-08 04:09:22.074000+00:00,4,Sunday,2026-03-08,-0.7776452462479044
2026-03-08 04:09:29.263000+00:00,4,Sunday,2026-03-08,-0.980845902176031
2026-03-08 04:09:35.362000+00:00,4,Sunday,2026-03-08,-0.04991245529605692
2026-03-08 04:09:44.522000+00:00,4,Sunday,2026-03-08,-0.8348090467828863
2026-03-08 04:09:44.522000+00:00,4,Sunday,2026-03-08,-0.5841895295200794
2026-03-08 04:09:44.522000+00:00,4,Sunday,2026-03-08,-1.0874914659936024
2026-03-08 04:09:44.522000+00:00,4,Sunday,2026-03-08,-0.3152608312320047
2026-03-08 04:09:55.657000+00:00,4,Sunday,2026-03-08,-0.7608297567519655
2026-03-08 04:09:55.657000+00:00,4,Sunday,2026-03-08,-0.49934854079990487
2026-03-08 04:09:56.218000+00:00,4,Sunday,2026-03-08,-1.1570834515895991
2026-03-08 04:09:59.705000+00:00,4,Sunday,2026-03-08,-0.6004950846927108
2026-03-08 04:10:16.055000+00:00,4,Sunday,2026-03-08,-0.598261240639941
2026-03-08 04:10:19.537000+00:00,4,Sunday,2026-03-08,-0.358559168519921
2026-03-08 04:10:19.537000+00:00,4,Sunday,2026-03-08,-0.29519806399995807
2026-03-08 04:10:39.746000+00:00,4,Sunday,2026-03-08,-0.30724606295992196
2026-03-08 04:10:59.199000+00:00,4,Sunday,2026-03-08,-0.9444415843519207
2026-03-08 04:11:08.421000+00:00,4,Sunday,2026-03-08,-0.5359479483998053
2026-03-08 04:11:28.386000+00:00,4,Sunday,2026-03-08,-0.6289960762240275
2026-03-08 04:11:28.386000+00:00,4,Sunday,2026-03-08,-0.4322620631327666
2026-03-08 04:11:28.967000+00:00,4,Sunday,2026-03-08,-0.6234315500959923
2026-03-08 04:11:28.967000+00:00,4,Sunday,2026-03-08,-0.1261847651998959
2026-03-08 04:11:28.967000+00:00,4,Sunday,2026-03-08,-2.1113935331999385
2026-03-08 04:11:45.461000+00:00,4,Sunday,2026-03-08,-0.8868210217087148
2026-03-08 04:11:58.285000+00:00,4,Sunday,2026-03-08,-0.8533753301439351
2026-03-08 04:10:19.537000+00:00,4,Sunday,2026-03-08,0.962816726592053
2026-03-08 04:10:33.979000+00:00,4,Sunday,2026-03-08,-0.6071872409919938
2026-03-08 04:10:43.909000+00:00,4,Sunday,2026-03-08,-0.0551995432870217
2026-03-08 04:10:50.134000+00:00,4,Sunday,2026-03-08,-1.7231848303999597
2026-03-08 04:11:28.386000+00:00,4,Sunday,2026-03-08,-0.08963051098405239
2026-03-08 04:11:28.386000+00:00,4,Sunday,2026-03-08,-0.9566356939198526
2026-03-08 04:11:58.285000+00:00,4,Sunday,2026-03-08,-0.9423237284361041
2026-03-08 04:12:24.861000+00:00,4,Sunday,2026-03-08,-0.6101684858878912
2026-03-08 04:12:28.636000+00:00,4,Sunday,2026-03-08,-0.823736194772658
2026-03-08 04:12:31.924000+00:00,4,Sunday,2026-03-08,-0.8145778376959326
2026-03-08 04:12:50.208000+00:00,4,Sunday,2026-03-08,-0.9332083599999123
2026-03-08 04:12:50.208000+00:00,4,Sunday,2026-03-08,-0.8651852214559006
2026-03-08 04:12:50.208000+00:00,4,Sunday,2026-03-08,-0.9226322385335901
2026-03-08 04:12:58.531000+00:00,4,Sunday,2026-03-08,-0.9162927338326696
2026-03-08 04:13:05.516000+00:00,4,Sunday,2026-03-08,-0.7008508780800197
2026-03-08 04:13:05.516000+00:00,4,Sunday,2026-03-08,-0.8064618559999914
2026-03-08 04:13:09.331000+00:00,4,Sunday,2026-03-08,-1.1235435033599557
2026-03-08 04:13:12.546000+00:00,4,Sunday,2026-03-08,-1.184227444818518
2026-03-08 04:13:20.866000+00:00,4,Sunday,2026-03-08,-2.069554291430388
2026-03-08 04:13:20.866000+00:00,4,Sunday,2026-03-08,-1.132280706207968
2026-03-08 04:13:29.956000+00:00,4,Sunday,2026-03-08,-0.9459880439199821
2026-03-08 04:13:37.202000+00:00,4,Sunday,2026-03-08,-0.8535563911680304
2026-03-08 04:13:43.909000+00:00,4,Sunday,2026-03-08,-1.4387157895679448
2026-03-08 04:13:20.866000+00:00,4,Sunday,2026-03-08,0.9753558701633326
2026-03-08 04:13:27.508000+00:00,4,Sunday,2026-03-08,-0.3781557650638577
2026-03-08 04:13:29.394000+00:00,4,Sunday,2026-03-08,-0.7961429628320269
2026-03-08 04:13:29.394000+00:00,4,Sunday,2026-03-08,-1.3290102776136274
2026-03-08 04:13:29.956000+00:00,4,Sunday,2026-03-08,-0.4936250381759784
2026-03-08 04:13:43.909000+00:00,4,Sunday,2026-03-08,-0.04616298933592944
2026-03-08 04:13:46.192000+00:00,4,Sunday,2026-03-08,-0.9950207360255577
2026-03-08 04:13:54.121000+00:00,4,Sunday,2026-03-08,-1.2526534099199533
2026-03-08 04:13:59.230000+00:00,4,Sunday,2026-03-08,-1.0766556046800158
2026-03-08 04:13:59.230000+00:00,4,Sunday,2026-03-08,-0.9435949380431876
2026-03-08 04:14:05.460000+00:00,4,Sunday,2026-03-08,-1.0845503505310221
2026-03-08 04:14:29.729000+00:00,4,Sunday,2026-03-08,-1.2265794076494554
2026-03-08 04:14:32.549000+00:00,4,Sunday,2026-03-08,-1.2620035368079119
2026-03-08 04:14:52.050000+00:00,4,Sunday,2026-03-08,-1.0570427437753205
2026-03-08 04:14:59.340000+00:00,4,Sunday,2026-03-08,-0.9167488587960188
2026-03-08 04:15:06.561000+00:00,4,Sunday,2026-03-08,-1.111001919359826
2026-03-08 04:15:06.561000+00:00,4,Sunday,2026-03-08,-0.7164074783999743
2026-03-08 04:15:10.293000+00:00,4,Sunday,2026-03-08,-0.9442573330559318
2026-03-08 04:15:21.725000+00:00,4,Sunday,2026-03-08,-0.9443406192640384
2026-03-08 04:15:27.369000+00:00,4,Sunday,2026-03-08,-0.34566881169585023
2026-03-08 04:15:47.503000+00:00,4,Sunday,2026-03-08,-1.2396164601598878
2026-03-08 04:16:33.091000+00:00,4,Sunday,2026-03-08,-0.5804524242592036
2026-03-08 04:13:29.394000+00:00,4,Sunday,2026-03-08,-1.2414783293919633
2026-03-08 04:14:52.050000+00:00,4,Sunday,2026-03-08,-2.125137542079915
2026-03-08 04:14:52.050000+00:00,4,Sunday,2026-03-08,-1.5361153988800558
2026-03-08 04:15:21.725000+00:00,4,Sunday,2026-03-08,-2.632705555667619
2026-03-08 04:15:30.785000+00:00,4,Sunday,2026-03-08,-1.2743161226399498
2026-03-08 04:15:47.503000+00:00,4,Sunday,2026-03-08,-2.7042661073999263
2026-03-08 04:15:52.071000+00:00,4,Sunday,2026-03-08,-0.8344657412959575
2026-03-08 04:15:54.942000+00:00,4,Sunday,2026-03-08,-4.615365769519945
2026-03-08 04:16:00.020000+00:00,4,Sunday,2026-03-08,-1.559217133389625
2026-03-08 04:16:10.844000+00:00,4,Sunday,2026-03-08,-1.59529386151989
2026-03-08 04:16:32.555000+00:00,4,Sunday,2026-03-08,-2.136728810507315
2026-03-08 04:16:33.091000+00:00,4,Sunday,2026-03-08,-1.1340985329519877
2026-03-08 04:16:33.665000+00:00,4,Sunday,2026-03-08,-1.1433309991919052
2026-03-08 04:16:46.018000+00:00,4,Sunday,2026-03-08,-0.8332645349679961
2026-03-08 04:16:49.052000+00:00,4,Sunday,2026-03-08,-1.1479174519151907
2026-03-08 04:18:01.380000+00:00,4,Sunday,2026-03-08,-1.7102386777998835
2026-03-08 04:18:01.380000+00:00,4,Sunday,2026-03-08,-1.030004569407908
2026-03-08 04:18:01.380000+00:00,4,Sunday,2026-03-08,-0.4191148678639083
2026-03-08 04:17:15.609000+00:00,4,Sunday,2026-03-08,-0.9307111247999805
2026-03-08 04:18:01.380000+00:00,4,Sunday,2026-03-08,-1.7062072294399355
2026-03-08 04:18:01.380000+00:00,4,Sunday,2026-03-08,-1.6363696089598998
2026-03-08 04:18:01.380000+00:00,4,Sunday,2026-03-08,-1.6409122000573975
2026-03-08 04:18:01.380000+00:00,4,Sunday,2026-03-08,-1.4344910606224046
2026-03-08 04:18:01.380000+00:00,4,Sunday,2026-03-08,-1.1116313041680155
2026-03-08 04:18:01.380000+00:00,4,Sunday,2026-03-08,-1.1972498866400805
2026-03-08 04:18:01.380000+00:00,4,Sunday,2026-03-08,-1.2761725167907434
2026-03-08 04:18:24.593000+00:00,4,Sunday,2026-03-08,-0.42651964315032265
2026-03-08 04:18:26.371000+00:00,4,Sunday,2026-03-08,-1.3297891731984763
2026-03-08 04:18:33.856000+00:00,4,Sunday,2026-03-08,-7.099749801849535
2026-03-08 04:18:39.231000+00:00,4,Sunday,2026-03-08,-0.7504465175998548
2026-03-08 04:18:46.622000+00:00,4,Sunday,2026-03-08,-0.3826363693599954
2026-03-08 04:18:50.570000+00:00,4,Sunday,2026-03-08,-1.411262143200042
2026-03-08 04:20:10.819000+00:00,4,Sunday,2026-03-08,-0.8725280559998052
2026-03-08 04:20:10.819000+00:00,4,Sunday,2026-03-08,-0.3489477333759806
2026-03-08 04:20:10.819000+00:00,4,Sunday,2026-03-08,-0.8837557183839323
2026-03-08 04:20:12.694000+00:00,4,Sunday,2026-03-08,-0.6597566079999568
2026-03-08 04:20:34.424000+00:00,4,Sunday,2026-03-08,-1.100305876396705
2026-03-08 04:19:03.461000+00:00,4,Sunday,2026-03-08,-0.9302409292174693
2026-03-08 04:19:34.770000+00:00,4,Sunday,2026-03-08,-0.7588262371647048
2026-03-08 04:19:35.991000+00:00,4,Sunday,2026-03-08,-0.6470767754479702
2026-03-08 04:19:35.991000+00:00,4,Sunday,2026-03-08,-1.021605634295911
2026-03-08 04:20:10.137000+00:00,4,Sunday,2026-03-08,-0.13032631860810262
2026-03-08 04:20:10.137000+00:00,4,Sunday,2026-03-08,-1.5622477195678812
2026-03-08 04:20:10.819000+00:00,4,Sunday,2026-03-08,2.4426567000000485
2026-03-08 04:20:10.819000+00:00,4,Sunday,2026-03-08,-0.7831111190398778
2026-03-08 04:21:03.925000+00:00,4,Sunday,2026-03-08,-0.9345973212800124
2026-03-08 04:21:17.233000+00:00,4,Sunday,2026-03-08,-0.9143394450256551
2026-03-08 04:21:30.246000+00:00,4,Sunday,2026-03-08,-17.31001909503987
2026-03-08 04:22:14.077000+00:00,4,Sunday,2026-03-08,-0.9069063096160177
2026-03-08 04:21:06.484000+00:00,4,Sunday,2026-03-08,-1.0766607820798435
2026-03-08 04:21:11.086000+00:00,4,Sunday,2026-03-08,-0.9576078138119379
2026-03-08 04:21:19.864000+00:00,4,Sunday,2026-03-08,-0.7011387815039491
2026-03-08 04:21:34.048000+00:00,4,Sunday,2026-03-08,-0.7713079193599826
2026-03-08 04:21:37.908000+00:00,4,Sunday,2026-03-08,-1.9165846457593823
2026-03-08 04:21:37.908000+00:00,4,Sunday,2026-03-08,-0.7784477738062503
2026-03-08 04:21:49.245000+00:00,4,Sunday,2026-03-08,-0.3191790477758929
2026-03-08 04:21:52.659000+00:00,4,Sunday,2026-03-08,-1.1602333372798959
2026-03-08 04:22:03.860000+00:00,4,Sunday,2026-03-08,-1.4726500766318686
2026-03-08 04:22:03.860000+00:00,4,Sunday,2026-03-08,-0.9698713571440278
2026-03-08 04:23:13.369000+00:00,4,Sunday,2026-03-08,-0.6865195535999389
2026-03-08 04:23:17.806000+00:00,4,Sunday,2026-03-08,-0.9290086000271698
2026-03-08 04:19:13.690000+00:00,4,Sunday,2026-03-08,0.04660314220804518
2026-03-08 04:22:05.576000+00:00,4,Sunday,2026-03-08,-1.0112316030608375
2026-03-08 04:22:11.816000+00:00,4,Sunday,2026-03-08,-0.9374069404799967
2026-03-08 04:22:11.816000+00:00,4,Sunday,2026-03-08,-0.836531694336041
2026-03-08 04:22:14.077000+00:00,4,Sunday,2026-03-08,-0.708794139199936
2026-03-08 04:22:35.137000+00:00,4,Sunday,2026-03-08,-1.3997721532032505
2026-03-08 04:22:37.938000+00:00,4,Sunday,2026-03-08,-0.34210540366885706
2026-03-08 04:22:37.938000+00:00,4,Sunday,2026-03-08,-0.7357797055358506
2026-03-08 04:23:05.014000+00:00,4,Sunday,2026-03-08,-0.3741239969597804
2026-03-08 04:23:13.369000+00:00,4,Sunday,2026-03-08,-1.2604380237199133
2026-03-08 04:23:13.369000+00:00,4,Sunday,2026-03-08,-0.8384403740061865
2026-03-08 04:24:09.789000+00:00,4,Sunday,2026-03-08,-0.5987361429279586
2026-03-08 04:24:25.723000+00:00,4,Sunday,2026-03-08,-0.43017456199980664
2026-03-08 04:24:41.859000+00:00,4,Sunday,2026-03-08,-0.7041723609016817
2026-03-08 04:25:06.994000+00:00,4,Sunday,2026-03-08,-0.9392763845919835
2026-03-08 04:20:53.565000+00:00,4,Sunday,2026-03-08,-0.08627610236799865
2026-03-08 04:23:38.090000+00:00,4,Sunday,2026-03-08,-2.3902194333599622
2026-03-08 04:24:14.193000+00:00,4,Sunday,2026-03-08,-1.0811588781887522
2026-03-08 04:24:14.193000+00:00,4,Sunday,2026-03-08,-0.9177144982650329
2026-03-08 04:24:24.034000+00:00,4,Sunday,2026-03-08,-0.7245732334079384
2026-03-08 04:24:38.515000+00:00,4,Sunday,2026-03-08,-0.9069063096160177
2026-03-08 04:24:51.237000+00:00,4,Sunday,2026-03-08,-1.6423795780799695
2026-03-08 04:24:55.162000+00:00,4,Sunday,2026-03-08,-0.9464965029599168
2026-03-08 04:25:08.673000+00:00,4,Sunday,2026-03-08,-1.011351322800062
2026-03-08 04:25:14.264000+00:00,4,Sunday,2026-03-08,-0.08848567119986173
2026-03-08 04:25:16.550000+00:00,4,Sunday,2026-03-08,-0.8082860863999834
2026-03-08 04:25:47.049000+00:00,4,Sunday,2026-03-08,-1.1991436950526877
2026-03-08 04:27:22.762000+00:00,4,Sunday,2026-03-08,-0.4998001014159419
2026-03-08 04:22:36.819000+00:00,4,Sunday,2026-03-08,-0.6593983468798522
2026-03-08 04:25:13.679000+00:00,4,Sunday,2026-03-08,-1.04592805743994
2026-03-08 04:25:13.679000+00:00,4,Sunday,2026-03-08,-0.6035314553855742
2026-03-08 04:25:15.407000+00:00,4,Sunday,2026-03-08,-1.0718669640959448
2026-03-08 04:25:15.407000+00:00,4,Sunday,2026-03-08,-1.2870811561334528
2026-03-08 04:25:17.683000+00:00,4,Sunday,2026-03-08,-1.0586150042559632
2026-03-08 04:25:18.825000+00:00,4,Sunday,2026-03-08,-0.8502368058239403
2026-03-08 04:25:34.404000+00:00,4,Sunday,2026-03-08,0.0206410213760303
2026-03-08 04:25:47.049000+00:00,4,Sunday,2026-03-08,-0.8347843314399268
2026-03-08 04:26:10.928000+00:00,4,Sunday,2026-03-08,-0.7273926549117684
2026-03-08 04:26:16.890000+00:00,4,Sunday,2026-03-08,-0.5204697005119575
2026-03-08 04:26:26.383000+00:00,4,Sunday,2026-03-08,-0.6007502295999179
2026-03-08 04:26:34.188000+00:00,4,Sunday,2026-03-08,-0.45470614438954937
2026-03-08 04:26:51.498000+00:00,4,Sunday,2026-03-08,-0.46937915267761304
2026-03-08 04:27:22.762000+00:00,4,Sunday,2026-03-08,-0.4542090734367802
2026-03-08 04:27:23.531000+00:00,4,Sunday,2026-03-08,-0.5714328238110603
2026-03-08 04:27:23.531000+00:00,4,Sunday,2026-03-08,-0.49922452639995285
2026-03-08 04:27:23.531000+00:00,4,Sunday,2026-03-08,-0.45603822104014113
2026-03-08 04:27:26.862000+00:00,4,Sunday,2026-03-08,-0.7173623684079654
2026-03-08 04:27:54.594000+00:00,4,Sunday,2026-03-08,-0.7348534434680316
2026-03-08 04:28:02.970000+00:00,4,Sunday,2026-03-08,-0.9449711258399669
2026-03-08 04:28:15.461000+00:00,4,Sunday,2026-03-08,-0.618855914793506
2026-03-08 04:28:17.194000+00:00,4,Sunday,2026-03-08,-0.87191548294409
2026-03-08 04:28:17.756000+00:00,4,Sunday,2026-03-08,-0.9334687902398913
2026-03-08 04:28:18.310000+00:00,4,Sunday,2026-03-08,-0.9178901013119848
2026-03-08 04:26:50.910000+00:00,4,Sunday,2026-03-08,-0.648248071679985
2026-03-08 04:27:23.531000+00:00,4,Sunday,2026-03-08,-5.044196955199796
2026-03-08 04:27:53.680000+00:00,4,Sunday,2026-03-08,-1.1221654348799504
2026-03-08 04:27:54.594000+00:00,4,Sunday,2026-03-08,0.5474773589840333
2026-03-08 04:28:02.970000+00:00,4,Sunday,2026-03-08,-0.9088138672800055
2026-03-08 04:28:18.310000+00:00,4,Sunday,2026-03-08,-1.2829686526079707
2026-03-08 04:28:21.117000+00:00,4,Sunday,2026-03-08,-0.7938883617839174
2026-03-08 04:28:21.117000+00:00,4,Sunday,2026-03-08,-1.3135978234079086
2026-03-08 04:28:22.254000+00:00,4,Sunday,2026-03-08,-0.7642498779918926
2026-03-08 04:28:23.396000+00:00,4,Sunday,2026-03-08,-1.0485585127680375
2026-03-08 04:28:23.396000+00:00,4,Sunday,2026-03-08,-0.7498503715279805
2026-03-08 04:28:35.184000+00:00,4,Sunday,2026-03-08,-2.085700957156668
2026-03-08 04:29:17.420000+00:00,4,Sunday,2026-03-08,-0.27157191180294493
2026-03-08 04:29:23.422000+00:00,4,Sunday,2026-03-08,-0.1464507258046146
2026-03-08 04:29:27.869000+00:00,4,Sunday,2026-03-08,-1.0202157213358256
2026-03-08 04:29:34.655000+00:00,4,Sunday,2026-03-08,-0.1357662880799978
2026-03-08 04:29:55.413000+00:00,4,Sunday,2026-03-08,-1.4037840683927696
2026-03-08 04:30:08.595000+00:00,4,Sunday,2026-03-08,-0.14089463039991346
2026-03-08 04:30:18.381000+00:00,4,Sunday,2026-03-08,-1.0680248753662958
2026-03-08 04:30:18.946000+00:00,4,Sunday,2026-03-08,-0.9194011859199287
2026-03-08 04:30:18.946000+00:00,4,Sunday,2026-03-08,-0.8006605676158904
2026-03-08 04:30:18.946000+00:00,4,Sunday,2026-03-08,-1.5726872701439634
2026-03-08 04:27:22.762000+00:00,4,Sunday,2026-03-08,-0.1932596797551301
2026-03-08 04:28:27.324000+00:00,4,Sunday,2026-03-08,-0.6336407252799416
2026-03-08 04:29:13.624000+00:00,4,Sunday,2026-03-08,-0.8371418451840298
2026-03-08 04:29:17.420000+00:00,4,Sunday,2026-03-08,-0.37372451433594933
2026-03-08 04:29:23.422000+00:00,4,Sunday,2026-03-08,-0.7671521985678948
2026-03-08 04:29:24.545000+00:00,4,Sunday,2026-03-08,-0.40788599039996964
2026-03-08 04:29:25.658000+00:00,4,Sunday,2026-03-08,-0.9405277959335765
2026-03-08 04:29:53.707000+00:00,4,Sunday,2026-03-08,0.42679001452802157
2026-03-08 04:30:16.098000+00:00,4,Sunday,2026-03-08,-0.4795807129055789
2026-03-08 04:30:26.497000+00:00,4,Sunday,2026-03-08,-2.9998234327999254
2026-03-08 04:30:52.905000+00:00,4,Sunday,2026-03-08,-0.9328642643999108
2026-03-08 04:30:56.834000+00:00,4,Sunday,2026-03-08,-0.8285579539199492
2026-03-08 04:30:57.980000+00:00,4,Sunday,2026-03-08,-1.293027988511949
2026-03-08 04:31:25.170000+00:00,4,Sunday,2026-03-08,-0.8823003256079028
2026-03-08 04:31:25.779000+00:00,4,Sunday,2026-03-08,-1.1310402295359494
2026-03-08 04:31:26.493000+00:00,4,Sunday,2026-03-08,-1.0337868071038474
2026-03-08 04:31:27.641000+00:00,4,Sunday,2026-03-08,-0.8883926561998525
2026-03-08 04:31:38.876000+00:00,4,Sunday,2026-03-08,-1.4521461983630881
2026-03-08 04:31:56.303000+00:00,4,Sunday,2026-03-08,-1.1064244794622042
2026-03-08 04:32:21.801000+00:00,4,Sunday,2026-03-08,-0.6586404783999331
2026-03-08 04:32:21.801000+00:00,4,Sunday,2026-03-08,-0.9405926734336267
2026-03-08 04:32:22.393000+00:00,4,Sunday,2026-03-08,-0.9320798289599503
2026-03-08 04:31:15.244000+00:00,4,Sunday,2026-03-08,0.3664870848717714
2026-03-08 04:31:18.143000+00:00,4,Sunday,2026-03-08,-1.7393142686955652
2026-03-08 04:31:25.170000+00:00,4,Sunday,2026-03-08,-1.350724230962342
2026-03-08 04:31:27.641000+00:00,4,Sunday,2026-03-08,-1.0427815295040253
2026-03-08 04:31:28.790000+00:00,4,Sunday,2026-03-08,-1.1542723035198954
2026-03-08 04:31:35.410000+00:00,4,Sunday,2026-03-08,-0.9485501814238763
2026-03-08 04:31:47.909000+00:00,4,Sunday,2026-03-08,-0.6376073546751864
2026-03-08 04:32:09.269000+00:00,4,Sunday,2026-03-08,-0.8541113210398908
2026-03-08 04:32:21.801000+00:00,4,Sunday,2026-03-08,-0.7483712125839581
2026-03-08 04:32:21.801000+00:00,4,Sunday,2026-03-08,-0.35612538592008014
2026-03-08 04:32:22.393000+00:00,4,Sunday,2026-03-08,-0.9200509042559475
2026-03-08 04:32:22.393000+00:00,4,Sunday,2026-03-08,-1.2577232759521317
2026-03-08 04:32:28.704000+00:00,4,Sunday,2026-03-08,-1.1630611996870688
2026-03-08 04:32:36.072000+00:00,4,Sunday,2026-03-08,-0.4988605316112066
2026-03-08 04:32:37.209000+00:00,4,Sunday,2026-03-08,-0.42933126408003575
2026-03-08 04:32:56.461000+00:00,4,Sunday,2026-03-08,-2.25160891647997
2026-03-08 04:33:01.031000+00:00,4,Sunday,2026-03-08,-1.3889917763999609
2026-03-08 04:33:25.891000+00:00,4,Sunday,2026-03-08,-0.8838947495040275
2026-03-08 04:33:26.467000+00:00,4,Sunday,2026-03-08,-0.23428114199994468
2026-03-08 04:33:27.587000+00:00,4,Sunday,2026-03-08,-0.089631781847968
2026-03-08 04:33:28.723000+00:00,4,Sunday,2026-03-08,-0.5441078366623995
2026-03-08 04:33:30.450000+00:00,4,Sunday,2026-03-08,-1.0880709431998996
2026-03-08 04:33:40.053000+00:00,4,Sunday,2026-03-08,-0.07620204604798342
2026-03-08 04:34:20.872000+00:00,4,Sunday,2026-03-08,-1.4706901475240513
2026-03-08 04:34:22.630000+00:00,4,Sunday,2026-03-08,-0.6581444208000111
2026-03-08 04:34:22.630000+00:00,4,Sunday,2026-03-08,-0.9394748659186889
2026-03-08 04:34:23.204000+00:00,4,Sunday,2026-03-08,-1.1419226246399903
2026-03-08 04:34:28.196000+00:00,4,Sunday,2026-03-08,-0.9139939468351506
2026-03-08 04:34:30.961000+00:00,4,Sunday,2026-03-08,-0.8878922580959101
2026-03-08 04:34:32.099000+00:00,4,Sunday,2026-03-08,-1.188669523072036
2026-03-08 04:34:38.294000+00:00,4,Sunday,2026-03-08,-1.1774398390719085
2026-03-08 04:35:03.460000+00:00,4,Sunday,2026-03-08,-0.9022711067759666
2026-03-08 04:35:06.954000+00:00,4,Sunday,2026-03-08,-1.3301109244798446
2026-03-08 04:35:20.563000+00:00,4,Sunday,2026-03-08,-1.9614520510720677
2026-03-08 04:35:20.563000+00:00,4,Sunday,2026-03-08,-1.212907990079927
2026-03-08 04:35:24.495000+00:00,4,Sunday,2026-03-08,-0.7816819663039489
2026-03-08 04:32:22.393000+00:00,4,Sunday,2026-03-08,-0.7837778295934426
2026-03-08 04:33:57.188000+00:00,4,Sunday,2026-03-08,-0.24541818394710674
2026-03-08 04:33:59.488000+00:00,4,Sunday,2026-03-08,-1.028797121071884
2026-03-08 04:34:18.059000+00:00,4,Sunday,2026-03-08,-1.2136342044959847
2026-03-08 04:35:25.624000+00:00,4,Sunday,2026-03-08,-1.109192890879874
2026-03-08 04:35:25.624000+00:00,4,Sunday,2026-03-08,-1.6112758238718063
2026-03-08 04:35:26.752000+00:00,4,Sunday,2026-03-08,-1.318135444911805
2026-03-08 04:35:27.317000+00:00,4,Sunday,2026-03-08,-0.6117953231518911
2026-03-08 04:35:28.470000+00:00,4,Sunday,2026-03-08,-0.7710150234880364
2026-03-08 04:35:31.308000+00:00,4,Sunday,2026-03-08,-1.4396312311998867
2026-03-08 04:35:40.785000+00:00,4,Sunday,2026-03-08,-0.9558443983958365
2026-03-08 04:35:58.291000+00:00,4,Sunday,2026-03-08,-0.8269329797759877
2026-03-08 04:36:10.949000+00:00,4,Sunday,2026-03-08,-0.9136923378863773
2026-03-08 04:36:23.944000+00:00,4,Sunday,2026-03-08,-0.9319254011199116
2026-03-08 04:36:28.764000+00:00,4,Sunday,2026-03-08,-0.8214292242639059
2026-03-08 04:36:33.064000+00:00,4,Sunday,2026-03-08,-1.141603343360027
2026-03-08 04:36:36.194000+00:00,4,Sunday,2026-03-08,-1.0073141246878414
2026-03-08 04:36:36.194000+00:00,4,Sunday,2026-03-08,-0.2576203103999172
2026-03-08 04:36:40.002000+00:00,4,Sunday,2026-03-08,-0.8728039875647561
2026-03-08 04:36:53.914000+00:00,4,Sunday,2026-03-08,-0.7544433180671738
2026-03-08 04:36:53.914000+00:00,4,Sunday,2026-03-08,-1.458703273984033
2026-03-08 04:36:53.914000+00:00,4,Sunday,2026-03-08,-0.9569146615199255
2026-03-08 04:37:07.533000+00:00,4,Sunday,2026-03-08,-0.9543218115998463
2026-03-08 04:37:23.735000+00:00,4,Sunday,2026-03-08,-1.972783410220909
2026-03-08 04:37:23.735000+00:00,4,Sunday,2026-03-08,-1.4667724531199118
2026-03-08 04:37:26.559000+00:00,4,Sunday,2026-03-08,-1.1740290796799004
2026-03-08 04:37:27.680000+00:00,4,Sunday,2026-03-08,-1.742574712319709
2026-03-08 04:37:29.389000+00:00,4,Sunday,2026-03-08,-1.9411229104798746
2026-03-08 04:37:32.237000+00:00,4,Sunday,2026-03-08,-0.7156194528000663
2026-03-08 04:37:59.312000+00:00,4,Sunday,2026-03-08,-0.659322557599992
2026-03-08 04:38:37.190000+00:00,4,Sunday,2026-03-08,-1.0478075379198528
2026-03-08 04:35:20.563000+00:00,4,Sunday,2026-03-08,0.9002582898960525
2026-03-08 04:36:40.002000+00:00,4,Sunday,2026-03-08,-0.48353695336622027
2026-03-08 04:37:00.051000+00:00,4,Sunday,2026-03-08,-3.6869906004351485
2026-03-08 04:37:04.105000+00:00,4,Sunday,2026-03-08,-0.7724727069951971
2026-03-08 04:37:18.342000+00:00,4,Sunday,2026-03-08,-0.6067880061119875
2026-03-08 04:37:26.559000+00:00,4,Sunday,2026-03-08,-1.6219636097376533
2026-03-08 04:37:27.121000+00:00,4,Sunday,2026-03-08,-1.2125123027998854
2026-03-08 04:37:41.743000+00:00,4,Sunday,2026-03-08,-0.5514880229599051
2026-03-08 04:37:45.567000+00:00,4,Sunday,2026-03-08,-1.126724091119921
2026-03-08 04:37:46.691000+00:00,4,Sunday,2026-03-08,-0.9749199469566459
2026-03-08 04:38:11.820000+00:00,4,Sunday,2026-03-08,-2.154805792292828
2026-03-08 04:38:24.807000+00:00,4,Sunday,2026-03-08,-1.130817915199951
2026-03-08 04:38:29.891000+00:00,4,Sunday,2026-03-08,-0.4265386109247693
2026-03-08 04:38:33.845000+00:00,4,Sunday,2026-03-08,-0.5745623987840107
2026-03-08 04:38:41.156000+00:00,4,Sunday,2026-03-08,-0.6707256077433172
2026-03-08 04:38:58.456000+00:00,4,Sunday,2026-03-08,-0.3568877156639543
2026-03-08 04:38:58.456000+00:00,4,Sunday,2026-03-08,-2.4323443305038857
2026-03-08 04:39:08.502000+00:00,4,Sunday,2026-03-08,-1.6827813645998948
2026-03-08 04:39:24.436000+00:00,4,Sunday,2026-03-08,-0.6855970159999248
2026-03-08 04:39:27.259000+00:00,4,Sunday,2026-03-08,-0.38229080112005775
2026-03-08 04:39:28.401000+00:00,4,Sunday,2026-03-08,-1.327572082943903
2026-03-08 04:39:30.078000+00:00,4,Sunday,2026-03-08,-0.32934843572788264
2026-03-08 04:39:32.890000+00:00,4,Sunday,2026-03-08,-4.085037690399932
2026-03-08 04:39:39.128000+00:00,4,Sunday,2026-03-08,-0.23816661349600873
2026-03-08 04:40:05.627000+00:00,4,Sunday,2026-03-08,-0.8444505094399354
2026-03-08 04:40:05.627000+00:00,4,Sunday,2026-03-08,-1.172980215359907
2026-03-08 04:40:06.193000+00:00,4,Sunday,2026-03-08,-1.7851672162559153
2026-03-08 04:40:07.304000+00:00,4,Sunday,2026-03-08,-1.0576858670926952
2026-03-08 04:40:38.085000+00:00,4,Sunday,2026-03-08,-0.8542979972799214
2026-03-08 04:40:44.280000+00:00,4,Sunday,2026-03-08,-1.1839081994109977
2026-03-08 04:40:47.597000+00:00,4,Sunday,2026-03-08,-1.117321386047977
2026-03-08 04:40:48.155000+00:00,4,Sunday,2026-03-08,-1.3160740931519306
2026-03-08 04:41:10.044000+00:00,4,Sunday,2026-03-08,-1.0918422571985786
2026-03-08 04:41:14.664000+00:00,4,Sunday,2026-03-08,-0.9347045937358314
2026-03-08 04:40:29.490000+00:00,4,Sunday,2026-03-08,-1.5818813913597671
2026-03-08 04:40:29.490000+00:00,4,Sunday,2026-03-08,-1.764780297891167
2026-03-08 04:41:03.788000+00:00,4,Sunday,2026-03-08,-0.6067880061119875
2026-03-08 04:41:24.026000+00:00,4,Sunday,2026-03-08,-1.9381759889760342
2026-03-08 04:41:25.270000+00:00,4,Sunday,2026-03-08,-1.4041285148799454
2026-03-08 04:41:25.829000+00:00,4,Sunday,2026-03-08,-0.9718523883023873
2026-03-08 04:41:25.829000+00:00,4,Sunday,2026-03-08,-0.9622290609280373
2026-03-08 04:41:25.829000+00:00,4,Sunday,2026-03-08,-0.7882835657311847
2026-03-08 04:41:28.187000+00:00,4,Sunday,2026-03-08,-1.230765919999961
2026-03-08 04:41:28.187000+00:00,4,Sunday,2026-03-08,-1.1748499833598327
2026-03-08 04:41:29.367000+00:00,4,Sunday,2026-03-08,-1.1434764165118863
2026-03-08 04:41:31.145000+00:00,4,Sunday,2026-03-08,-0.9333767616719707
2026-03-08 04:41:40.049000+00:00,4,Sunday,2026-03-08,-0.7537821055519278
2026-03-08 04:41:40.658000+00:00,4,Sunday,2026-03-08,-0.9650014119999112
2026-03-08 04:42:15.994000+00:00,4,Sunday,2026-03-08,-0.44444537798392153
2026-03-08 04:42:15.994000+00:00,4,Sunday,2026-03-08,-0.8851508991999462
2026-03-08 04:42:15.994000+00:00,4,Sunday,2026-03-08,-2.901789889559931
2026-03-08 04:42:15.994000+00:00,4,Sunday,2026-03-08,-0.8834128579680077
2026-03-08 04:42:16.575000+00:00,4,Sunday,2026-03-08,-0.22389351989194967
2026-03-08 04:42:30.647000+00:00,4,Sunday,2026-03-08,-0.8953344937982122
2026-03-08 04:42:38.915000+00:00,4,Sunday,2026-03-08,-1.3064881536797928
2026-03-08 04:42:44.989000+00:00,4,Sunday,2026-03-08,-0.11807479972076002
2026-03-08 04:42:48.303000+00:00,4,Sunday,2026-03-08,-0.5436662353919111
2026-03-08 04:42:48.858000+00:00,4,Sunday,2026-03-08,-0.5285746628903063
2026-03-08 04:43:44.037000+00:00,4,Sunday,2026-03-08,-0.6793031863199792
2026-03-08 04:43:53.244000+00:00,4,Sunday,2026-03-08,-0.49115851948764655
2026-03-08 04:43:53.244000+00:00,4,Sunday,2026-03-08,-0.6831458233094236
2026-03-08 04:43:57.104000+00:00,4,Sunday,2026-03-08,-0.09483542939193251
2026-03-08 04:44:27.460000+00:00,4,Sunday,2026-03-08,-1.1955980275200073
2026-03-08 04:44:33.716000+00:00,4,Sunday,2026-03-08,-1.2287692065598226
2026-03-08 04:44:34.268000+00:00,4,Sunday,2026-03-08,-1.9508696942398154
2026-03-08 04:44:34.268000+00:00,4,Sunday,2026-03-08,-2.0024671754230874
2026-03-08 04:45:18.328000+00:00,4,Sunday,2026-03-08,-1.1705858447999349
2026-03-08 04:45:27.297000+00:00,4,Sunday,2026-03-08,-1.108707949631933
2026-03-08 04:39:24.436000+00:00,4,Sunday,2026-03-08,-0.5943774404960116
2026-03-08 04:43:39.744000+00:00,4,Sunday,2026-03-08,-1.1720309183996651
2026-03-08 04:43:57.104000+00:00,4,Sunday,2026-03-08,-2.551581108552093
2026-03-08 04:43:57.104000+00:00,4,Sunday,2026-03-08,-1.3689658644479115
2026-03-08 04:44:16.996000+00:00,4,Sunday,2026-03-08,-2.2928929847039363
2026-03-08 04:44:17.579000+00:00,4,Sunday,2026-03-08,-0.3742240606079328
2026-03-08 04:44:26.906000+00:00,4,Sunday,2026-03-08,-0.8817698539147532
2026-03-08 04:44:27.460000+00:00,4,Sunday,2026-03-08,-1.2739643987135838
2026-03-08 04:44:27.460000+00:00,4,Sunday,2026-03-08,-0.7510252067840333
2026-03-08 04:44:27.460000+00:00,4,Sunday,2026-03-08,-0.7605827654784192
2026-03-08 04:44:33.716000+00:00,4,Sunday,2026-03-08,-1.5299926543998057
2026-03-08 04:44:33.716000+00:00,4,Sunday,2026-03-08,-1.9176702605279807
2026-03-08 04:44:33.716000+00:00,4,Sunday,2026-03-08,-1.3107906950398576
2026-03-08 04:44:43.243000+00:00,4,Sunday,2026-03-08,-0.6043553458319154
2026-03-08 04:45:18.328000+00:00,4,Sunday,2026-03-08,-0.11126124667188991
2026-03-08 04:45:39.464000+00:00,4,Sunday,2026-03-08,-1.3750931666880193
2026-03-08 04:45:42.326000+00:00,4,Sunday,2026-03-08,-0.6240573298398286
2026-03-08 04:45:45.329000+00:00,4,Sunday,2026-03-08,-1.3913073829198503
2026-03-08 04:46:00.144000+00:00,4,Sunday,2026-03-08,-0.7681107058558716
2026-03-08 04:46:07.272000+00:00,4,Sunday,2026-03-08,-1.0888897118960101
2026-03-08 04:46:07.272000+00:00,4,Sunday,2026-03-08,-0.36441546943992886
2026-03-08 04:46:20.137000+00:00,4,Sunday,2026-03-08,-0.7396229503440622
2026-03-08 04:46:42.190000+00:00,4,Sunday,2026-03-08,-0.7791819276799561
2026-03-08 04:46:42.939000+00:00,4,Sunday,2026-03-08,-1.228485631999864
2026-03-08 04:46:42.939000+00:00,4,Sunday,2026-03-08,-0.7333096276797053
2026-03-08 04:46:42.939000+00:00,4,Sunday,2026-03-08,-1.1729345414398837
2026-03-08 04:46:42.939000+00:00,4,Sunday,2026-03-08,-1.147226320655932
2026-03-08 04:46:49.628000+00:00,4,Sunday,2026-03-08,-0.665555521343927
2026-03-08 04:47:00.312000+00:00,4,Sunday,2026-03-08,0.08015063520806054
2026-03-08 04:47:00.312000+00:00,4,Sunday,2026-03-08,-1.1549061284543096
2026-03-08 04:47:00.312000+00:00,4,Sunday,2026-03-08,-0.45538368518393607
2026-03-08 04:47:01.625000+00:00,4,Sunday,2026-03-08,-0.91103759114721
2026-03-08 04:47:14.437000+00:00,4,Sunday,2026-03-08,-1.2503578193278972
2026-03-08 04:47:14.437000+00:00,4,Sunday,2026-03-08,-1.1315367365943
2026-03-08 04:47:14.437000+00:00,4,Sunday,2026-03-08,-1.1579724146398673
2026-03-08 04:47:19.048000+00:00,4,Sunday,2026-03-08,-1.227250245799988
2026-03-08 04:47:22.528000+00:00,4,Sunday,2026-03-08,-1.4863595797707583
2026-03-08 04:47:23.684000+00:00,4,Sunday,2026-03-08,-1.959876144034952
2026-03-08 04:47:26.556000+00:00,4,Sunday,2026-03-08,-1.0872869241599787
2026-03-08 04:47:27.283000+00:00,4,Sunday,2026-03-08,-1.471606663680047
2026-03-08 04:47:28.465000+00:00,4,Sunday,2026-03-08,-1.0597926618240279
2026-03-08 04:47:40.186000+00:00,4,Sunday,2026-03-08,-1.0072747424159143
2026-03-08 04:47:43.060000+00:00,4,Sunday,2026-03-08,-1.4899857849598392
2026-03-08 04:47:48.177000+00:00,4,Sunday,2026-03-08,-0.7866285074766978
2026-03-08 04:48:39.508000+00:00,4,Sunday,2026-03-08,-0.9676381760638594
2026-03-08 04:48:43.765000+00:00,4,Sunday,2026-03-08,-0.6682349980800264
2026-03-08 04:48:50.746000+00:00,4,Sunday,2026-03-08,-0.664870961855946
2026-03-08 04:49:01.392000+00:00,4,Sunday,2026-03-08,-0.5984188770624574
2026-03-08 04:49:02.682000+00:00,4,Sunday,2026-03-08,-0.6584502397264345
2026-03-08 04:49:23.616000+00:00,4,Sunday,2026-03-08,-0.7257830483200063
2026-03-08 04:47:26.556000+00:00,4,Sunday,2026-03-08,-1.1497385056318756
2026-03-08 04:47:26.556000+00:00,4,Sunday,2026-03-08,-0.6770487646719775
2026-03-08 04:47:30.828000+00:00,4,Sunday,2026-03-08,-0.6279221115199196
2026-03-08 04:47:37.336000+00:00,4,Sunday,2026-03-08,-0.6167973635999946
2026-03-08 04:48:00.835000+00:00,4,Sunday,2026-03-08,-2.3021296950961254
2026-03-08 04:48:20.932000+00:00,4,Sunday,2026-03-08,-1.9207948020799424
2026-03-08 04:48:43.765000+00:00,4,Sunday,2026-03-08,-1.2286376511999464
2026-03-08 04:48:43.765000+00:00,4,Sunday,2026-03-08,-1.1507445920879706
2026-03-08 04:48:43.765000+00:00,4,Sunday,2026-03-08,-1.3132012706982907
2026-03-08 04:49:23.616000+00:00,4,Sunday,2026-03-08,-1.0188448399358077
2026-03-08 04:49:23.616000+00:00,4,Sunday,2026-03-08,-1.204536141119965
2026-03-08 04:49:24.204000+00:00,4,Sunday,2026-03-08,-0.9949547452000241
2026-03-08 04:49:24.204000+00:00,4,Sunday,2026-03-08,-0.8530393087360928
2026-03-08 04:49:24.204000+00:00,4,Sunday,2026-03-08,-2.007819693297492
2026-03-08 04:49:24.796000+00:00,4,Sunday,2026-03-08,-1.9854058684351996
2026-03-08 04:49:27.436000+00:00,4,Sunday,2026-03-08,-1.0936268848960093
2026-03-08 04:49:28.010000+00:00,4,Sunday,2026-03-08,-1.9756729693438468
2026-03-08 04:49:29.234000+00:00,4,Sunday,2026-03-08,-1.3821596574166892
2026-03-08 04:49:40.978000+00:00,4,Sunday,2026-03-08,-1.3202614500479828
2026-03-08 04:49:42.752000+00:00,4,Sunday,2026-03-08,-2.1104576771728043
2026-03-08 04:49:44.195000+00:00,4,Sunday,2026-03-08,-1.4899857849598392
2026-03-08 04:49:54.510000+00:00,4,Sunday,2026-03-08,-2.0127559535958714
2026-03-08 04:50:10.556000+00:00,4,Sunday,2026-03-08,-0.5654790460319682
2026-03-08 04:50:17.367000+00:00,4,Sunday,2026-03-08,-1.6638736444799767
2026-03-08 04:50:29.784000+00:00,4,Sunday,2026-03-08,-1.5211989807919348
2026-03-08 04:50:29.784000+00:00,4,Sunday,2026-03-08,-0.683580452519838
2026-03-08 04:50:33.203000+00:00,4,Sunday,2026-03-08,-0.43918901400706795
2026-03-08 04:50:51.430000+00:00,4,Sunday,2026-03-08,-0.9653030899198789
2026-03-08 04:51:02.075000+00:00,4,Sunday,2026-03-08,-0.5787956422270557
2026-03-08 04:51:03.744000+00:00,4,Sunday,2026-03-08,-1.18176775087348
2026-03-08 04:51:05.952000+00:00,4,Sunday,2026-03-08,-0.45207755136007277
2026-03-08 04:51:14.337000+00:00,4,Sunday,2026-03-08,-0.18963334871999632
2026-03-08 04:51:14.337000+00:00,4,Sunday,2026-03-08,-0.7926581421119919
2026-03-08 04:51:24.542000+00:00,4,Sunday,2026-03-08,-1.4616696476798599
2026-03-08 04:51:25.118000+00:00,4,Sunday,2026-03-08,-0.5445426419999846
2026-03-08 04:51:25.118000+00:00,4,Sunday,2026-03-08,-0.21779177241594772
2026-03-08 04:51:25.118000+00:00,4,Sunday,2026-03-08,-0.984145377848519
2026-03-08 04:51:28.552000+00:00,4,Sunday,2026-03-08,-0.6041377675360211
2026-03-08 04:51:28.552000+00:00,4,Sunday,2026-03-08,-0.10099760639989974
2026-03-08 04:51:28.552000+00:00,4,Sunday,2026-03-08,0.8872786303919824
2026-03-08 04:51:28.552000+00:00,4,Sunday,2026-03-08,-0.7609570907198675
2026-03-08 04:51:37.405000+00:00,4,Sunday,2026-03-08,1.5477179366960432
2026-03-08 04:51:43.722000+00:00,4,Sunday,2026-03-08,-0.9276808436639166
2026-03-08 04:51:46.061000+00:00,4,Sunday,2026-03-08,-0.9868774015998973
2026-03-08 04:51:46.061000+00:00,4,Sunday,2026-03-08,-0.4529326074609942
2026-03-08 04:51:58.169000+00:00,4,Sunday,2026-03-08,0.9715984902107687
2026-03-08 04:52:27.136000+00:00,4,Sunday,2026-03-08,-1.1630826628079194
2026-03-08 04:52:31.092000+00:00,4,Sunday,2026-03-08,-1.57906742204788
2026-03-08 04:52:31.665000+00:00,4,Sunday,2026-03-08,-1.527052315491202
2026-03-08 04:52:45.470000+00:00,4,Sunday,2026-03-08,-1.0207435597438543
2026-03-08 04:52:46.036000+00:00,4,Sunday,2026-03-08,-6.054086451858548
2026-03-08 04:52:47.716000+00:00,4,Sunday,2026-03-08,-1.4885796073599988
2026-03-08 04:52:52.191000+00:00,4,Sunday,2026-03-08,-1.018992298560039
2026-03-08 04:52:57.280000+00:00,4,Sunday,2026-03-08,-1.4401028887582146
2026-03-08 04:53:04.918000+00:00,4,Sunday,2026-03-08,-1.4364208977518227
2026-03-08 04:53:14.114000+00:00,4,Sunday,2026-03-08,-0.9928621288966282
2026-03-08 04:53:15.271000+00:00,4,Sunday,2026-03-08,-1.996562222304023
2026-03-08 04:53:19.912000+00:00,4,Sunday,2026-03-08,-1.6436504703998434
2026-03-08 04:53:26.321000+00:00,4,Sunday,2026-03-08,-0.9751284917119037
2026-03-08 04:53:26.321000+00:00,4,Sunday,2026-03-08,-2.002027921397564
2026-03-08 04:53:29.190000+00:00,4,Sunday,2026-03-08,-0.6729743055856836
2026-03-08 04:53:29.190000+00:00,4,Sunday,2026-03-08,-1.8849643960000046
2026-03-08 04:53:31.474000+00:00,4,Sunday,2026-03-08,-1.5824367862798474
2026-03-08 04:53:31.474000+00:00,4,Sunday,2026-03-08,-1.8703946840001229
2026-03-08 04:53:31.474000+00:00,4,Sunday,2026-03-08,-1.3206601114102376
2026-03-08 04:53:33.208000+00:00,4,Sunday,2026-03-08,-1.1775977303999265
2026-03-08 04:53:33.208000+00:00,4,Sunday,2026-03-08,-1.0406517911999429
2026-03-08 04:53:34.933000+00:00,4,Sunday,2026-03-08,-1.4583901445118186
2026-03-08 04:53:37.268000+00:00,4,Sunday,2026-03-08,-1.9876930811440139
2026-03-08 04:53:44.361000+00:00,4,Sunday,2026-03-08,-1.5647483655998653
2026-03-08 04:53:46.756000+00:00,4,Sunday,2026-03-08,-1.721688830399931
2026-03-08 04:53:46.756000+00:00,4,Sunday,2026-03-08,-0.9018401162338099
2026-03-08 04:54:27.913000+00:00,4,Sunday,2026-03-08,-2.0042274415967536
2026-03-08 04:54:32.040000+00:00,4,Sunday,2026-03-08,-1.372354466687881
2026-03-08 04:54:32.613000+00:00,4,Sunday,2026-03-08,-1.5762490799999085
2026-03-08 04:54:48.223000+00:00,4,Sunday,2026-03-08,2.9297788496159
2026-03-08 04:54:48.794000+00:00,4,Sunday,2026-03-08,-1.5259231238397863
2026-03-08 04:54:52.796000+00:00,4,Sunday,2026-03-08,-1.01716806815999
2026-03-08 04:54:58.013000+00:00,4,Sunday,2026-03-08,-1.1772591500910434
2026-03-08 04:55:05.850000+00:00,4,Sunday,2026-03-08,-1.5520646819837929
2026-03-08 04:53:25.720000+00:00,4,Sunday,2026-03-08,-8.966838016399954
2026-03-08 04:53:34.933000+00:00,4,Sunday,2026-03-08,-1.6728813932038662
2026-03-08 04:54:53.993000+00:00,4,Sunday,2026-03-08,-3.642090655039099
2026-03-08 04:54:59.214000+00:00,4,Sunday,2026-03-08,-2.575503321623929
2026-03-08 04:55:15.223000+00:00,4,Sunday,2026-03-08,-1.9742089141597021
2026-03-08 04:55:16.430000+00:00,4,Sunday,2026-03-08,-1.1520092800559345
2026-03-08 04:55:20.783000+00:00,4,Sunday,2026-03-08,-1.563608866559997
2026-03-08 04:55:27.319000+00:00,4,Sunday,2026-03-08,-1.4393153940478285
2026-03-08 04:55:27.319000+00:00,4,Sunday,2026-03-08,-3.0396404913558355
2026-03-08 04:55:30.272000+00:00,4,Sunday,2026-03-08,-0.7773693336191887
2026-03-08 04:55:32.689000+00:00,4,Sunday,2026-03-08,-1.460559150959968
2026-03-08 04:55:32.689000+00:00,4,Sunday,2026-03-08,-1.7490701340001096
2026-03-08 04:55:32.689000+00:00,4,Sunday,2026-03-08,-1.6683865224790768
2026-03-08 04:55:33.873000+00:00,4,Sunday,2026-03-08,-1.069364565792024
2026-03-08 04:55:33.873000+00:00,4,Sunday,2026-03-08,-1.9643921023998836
2026-03-08 04:55:35.669000+00:00,4,Sunday,2026-03-08,-1.908881729383733
2026-03-08 04:55:38.018000+00:00,4,Sunday,2026-03-08,-2.4138318796797567
2026-03-08 04:55:45.085000+00:00,4,Sunday,2026-03-08,-1.756135562399928
2026-03-08 04:55:47.429000+00:00,4,Sunday,2026-03-08,-1.559256167279931
2026-03-08 04:55:47.429000+00:00,4,Sunday,2026-03-08,-0.9630857661942231
2026-03-08 04:55:48.006000+00:00,4,Sunday,2026-03-08,-1.7783255990398947
2026-03-08 04:55:48.006000+00:00,4,Sunday,2026-03-08,-2.1713803628798667
2026-03-08 04:56:30.216000+00:00,4,Sunday,2026-03-08,-1.4111509096550416
2026-03-08 04:56:33.291000+00:00,4,Sunday,2026-03-08,-1.5756201005599495
2026-03-08 04:56:33.291000+00:00,4,Sunday,2026-03-08,-1.4891603207038744
2026-03-08 04:56:59.736000+00:00,4,Sunday,2026-03-08,-0.10428346295998925
2026-03-08 04:57:00.855000+00:00,4,Sunday,2026-03-08,-1.83462038087995
2026-03-08 04:57:00.855000+00:00,4,Sunday,2026-03-08,-1.1766081985054486
2026-03-08 04:57:00.855000+00:00,4,Sunday,2026-03-08,-2.9686537849599466
2026-03-08 04:57:22.329000+00:00,4,Sunday,2026-03-08,-0.9094161973600469
2026-03-08 04:57:22.329000+00:00,4,Sunday,2026-03-08,-0.4684386027240205
2026-03-08 04:57:22.329000+00:00,4,Sunday,2026-03-08,-2.496118074879897
2026-03-08 04:57:22.929000+00:00,4,Sunday,2026-03-08,-1.6703415995112705
2026-03-08 04:57:22.929000+00:00,4,Sunday,2026-03-08,-2.793543723203048
2026-03-08 04:57:28.060000+00:00,4,Sunday,2026-03-08,-1.321016890599946
2026-03-08 04:57:33.630000+00:00,4,Sunday,2026-03-08,-1.3340539043998398
2026-03-08 04:57:56.471000+00:00,4,Sunday,2026-03-08,-0.21861781030876354
2026-03-08 04:58:25.108000+00:00,4,Sunday,2026-03-08,-2.6635664592015886
2026-03-08 04:58:29.354000+00:00,4,Sunday,2026-03-08,-1.3572810360318954
2026-03-08 04:58:29.354000+00:00,4,Sunday,2026-03-08,-3.464178268819169
2026-03-08 04:58:30.999000+00:00,4,Sunday,2026-03-08,-3.745535810860631
2026-03-08 04:58:35.333000+00:00,4,Sunday,2026-03-08,-4.475882021999965
2026-03-08 04:58:36.446000+00:00,4,Sunday,2026-03-08,-3.76776173306393
2026-03-08 04:58:36.446000+00:00,4,Sunday,2026-03-08,-3.7026426856473407
2026-03-08 04:58:38.078000+00:00,4,Sunday,2026-03-08,-3.102335375080046
2026-03-08 04:58:41.433000+00:00,4,Sunday,2026-03-08,-3.2641793620477717
2026-03-08 04:58:45.326000+00:00,4,Sunday,2026-03-08,-4.466289474777486
2026-03-08 04:58:48.189000+00:00,4,Sunday,2026-03-08,-2.1989431482719244
2026-03-08 04:58:51.920000+00:00,4,Sunday,2026-03-08,-2.13797978649574
2026-03-08 04:58:51.920000+00:00,4,Sunday,2026-03-08,-2.553256364159919
2026-03-08 04:58:51.920000+00:00,4,Sunday,2026-03-08,-2.5109931917713855
2026-03-08 04:58:51.920000+00:00,4,Sunday,2026-03-08,-3.417652864639957
2026-03-08 04:58:51.920000+00:00,4,Sunday,2026-03-08,-0.9258145415999982
2026-03-08 04:58:51.920000+00:00,4,Sunday,2026-03-08,-2.5920239718860785
2026-03-08 04:58:51.920000+00:00,4,Sunday,2026-03-08,-1.6991028509197776
2026-03-08 04:59:01.712000+00:00,4,Sunday,2026-03-08,-1.9483843286207732
2026-03-08 04:59:14.835000+00:00,4,Sunday,2026-03-08,-1.5305445075198563
2026-03-08 04:59:15.989000+00:00,4,Sunday,2026-03-08,-2.1522795145279368
2026-03-08 04:59:23.059000+00:00,4,Sunday,2026-03-08,-1.7921948029917565
2026-03-08 04:59:23.059000+00:00,4,Sunday,2026-03-08,-1.5836471597663069
2026-03-08 04:59:23.622000+00:00,4,Sunday,2026-03-08,-2.179603286651989
2026-03-08 04:59:28.713000+00:00,4,Sunday,2026-03-08,-2.182535783471919
2026-03-08 04:59:30.983000+00:00,4,Sunday,2026-03-08,-0.7359854805408239
2026-03-08 04:59:34.377000+00:00,4,Sunday,2026-03-08,-1.4890543396400333
2026-03-08 04:59:52.607000+00:00,4,Sunday,2026-03-08,-2.0031944711328067
2026-03-08 04:59:57.183000+00:00,4,Sunday,2026-03-08,2.4843800760064285
2026-03-08 05:00:13.287000+00:00,5,Sunday,2026-03-08,-1.919334033231875
2026-03-08 05:00:24.178000+00:00,5,Sunday,2026-03-08,-0.722163502479973
2026-03-08 05:00:25.957000+00:00,5,Sunday,2026-03-08,-1.6192913945375662
2026-03-08 05:00:31.905000+00:00,5,Sunday,2026-03-08,-2.0170779286111404
2026-03-08 05:00:37.308000+00:00,5,Sunday,2026-03-08,-1.330499674859228
2026-03-08 05:00:41.753000+00:00,5,Sunday,2026-03-08,-0.9997702518599343
2026-03-08 05:00:52.962000+00:00,5,Sunday,2026-03-08,-0.18494198927982974
2026-03-08 05:00:52.962000+00:00,5,Sunday,2026-03-08,-2.4827549933440145
2026-03-08 05:00:52.962000+00:00,5,Sunday,2026-03-08,-2.7135467770799164
2026-03-08 05:01:02.925000+00:00,5,Sunday,2026-03-08,-1.9432086829373607
2026-03-08 05:01:08.074000+00:00,5,Sunday,2026-03-08,-2.5462938358399763
2026-03-08 05:01:08.074000+00:00,5,Sunday,2026-03-08,-1.6250463310848475
2026-03-08 05:01:09.389000+00:00,5,Sunday,2026-03-08,-1.9983911964798142
2026-03-08 05:01:15.731000+00:00,5,Sunday,2026-03-08,-1.531411016959785
2026-03-08 05:01:24.873000+00:00,5,Sunday,2026-03-08,-3.404384154055732
2026-03-08 05:01:24.873000+00:00,5,Sunday,2026-03-08,-2.4998819104639605
2026-03-08 05:01:31.050000+00:00,5,Sunday,2026-03-08,-1.569668914015948
2026-03-08 05:01:36.452000+00:00,5,Sunday,2026-03-08,-1.5752723566399918
2026-03-08 05:01:39.446000+00:00,5,Sunday,2026-03-08,-1.736015926399868
2026-03-08 05:01:51.999000+00:00,5,Sunday,2026-03-08,-1.5945777157437309
2026-03-08 05:01:55.667000+00:00,5,Sunday,2026-03-08,-0.7118744164800368
2026-03-08 05:02:14.368000+00:00,5,Sunday,2026-03-08,-1.676640335471879
2026-03-08 05:02:24.947000+00:00,5,Sunday,2026-03-08,-0.28879495455993653
2026-03-08 05:02:26.522000+00:00,5,Sunday,2026-03-08,-0.2552002269934599
2026-03-08 05:02:31.206000+00:00,5,Sunday,2026-03-08,-0.9323362334878171
2026-03-08 05:02:31.206000+00:00,5,Sunday,2026-03-08,-1.119061597295894
2026-03-08 05:02:33.031000+00:00,5,Sunday,2026-03-08,-2.002839009600091
2026-03-08 05:02:55.427000+00:00,5,Sunday,2026-03-08,-7.5428660937135295
2026-03-08 05:03:06.843000+00:00,5,Sunday,2026-03-08,-1.9570343731200284
2026-03-08 05:03:48.095000+00:00,5,Sunday,2026-03-08,-0.9208698370318701
2026-03-08 05:00:42.343000+00:00,5,Sunday,2026-03-08,-3.258906000767996
2026-03-08 05:01:24.286000+00:00,5,Sunday,2026-03-08,-2.6975446229952813
2026-03-08 05:02:31.206000+00:00,5,Sunday,2026-03-08,-1.4291439053920276
2026-03-08 05:02:31.206000+00:00,5,Sunday,2026-03-08,-3.678868073831682
2026-03-08 05:02:37.622000+00:00,5,Sunday,2026-03-08,-2.144672932359809
2026-03-08 05:02:59.656000+00:00,5,Sunday,2026-03-08,-1.695476415867136
2026-03-08 05:03:03.830000+00:00,5,Sunday,2026-03-08,-9.215570190192256
2026-03-08 05:03:30.958000+00:00,5,Sunday,2026-03-08,-1.5132809031296048
2026-03-08 05:03:35.192000+00:00,5,Sunday,2026-03-08,-3.5903827439301814
2026-03-08 05:03:40.484000+00:00,5,Sunday,2026-03-08,-4.833015829487849
2026-03-08 05:03:45.173000+00:00,5,Sunday,2026-03-08,-2.3997223215836994
2026-03-08 05:03:55.583000+00:00,5,Sunday,2026-03-08,-1.4964184113576995
2026-03-08 05:04:11.309000+00:00,5,Sunday,2026-03-08,-0.05925729709990979
2026-03-08 05:04:11.309000+00:00,5,Sunday,2026-03-08,-0.6138307177599438
2026-03-08 05:04:11.893000+00:00,5,Sunday,2026-03-08,-3.2424344696223857
2026-03-08 05:04:11.893000+00:00,5,Sunday,2026-03-08,-2.7497696733313566
2026-03-08 05:04:15.458000+00:00,5,Sunday,2026-03-08,-1.6136610732478212
2026-03-08 05:04:19.435000+00:00,5,Sunday,2026-03-08,-1.4913919625598113
2026-03-08 05:04:25.786000+00:00,5,Sunday,2026-03-08,1.1599755798400895
2026-03-08 05:04:28.172000+00:00,5,Sunday,2026-03-08,-1.9384961035598836
2026-03-08 05:04:31+00:00,5,Sunday,2026-03-08,-2.0000102009599967
2026-03-08 05:04:32.233000+00:00,5,Sunday,2026-03-08,-3.1483203289118236
2026-03-08 05:04:32.233000+00:00,5,Sunday,2026-03-08,-0.5781228019631317
2026-03-08 05:04:34.002000+00:00,5,Sunday,2026-03-08,-2.6031727508797413
2026-03-08 05:04:59.657000+00:00,5,Sunday,2026-03-08,-2.431205347759807
2026-03-08 05:04:59.657000+00:00,5,Sunday,2026-03-08,-2.4908983851646562
2026-03-08 05:04:59.657000+00:00,5,Sunday,2026-03-08,-3.2355204335999526
2026-03-08 05:05:00.251000+00:00,5,Sunday,2026-03-08,-5.49431256572763
2026-03-08 05:05:01.991000+00:00,5,Sunday,2026-03-08,-2.0546458179119065
2026-03-08 05:05:07.817000+00:00,5,Sunday,2026-03-08,-3.879866949119907
2026-03-08 05:05:12.240000+00:00,5,Sunday,2026-03-08,3.2845619170631863
2026-03-08 05:05:30.491000+00:00,5,Sunday,2026-03-08,-3.3572677961855986
2026-03-08 05:05:34.427000+00:00,5,Sunday,2026-03-08,-1.100815112767856
2026-03-08 05:05:34.427000+00:00,5,Sunday,2026-03-08,-4.79567044655982
2026-03-08 05:05:48.232000+00:00,5,Sunday,2026-03-08,-2.3901574214000147
2026-03-08 05:06:06.420000+00:00,5,Sunday,2026-03-08,-1.2207677109599357
2026-03-08 05:06:14.291000+00:00,5,Sunday,2026-03-08,-3.847110860885536
2026-03-08 05:06:15.483000+00:00,5,Sunday,2026-03-08,-4.150932531960056
2026-03-08 05:06:16.049000+00:00,5,Sunday,2026-03-08,-1.025273643663795
2026-03-08 05:06:20.078000+00:00,5,Sunday,2026-03-08,-2.381123882239694
2026-03-08 05:06:33.252000+00:00,5,Sunday,2026-03-08,-0.9019105262398986
2026-03-08 05:06:33.252000+00:00,5,Sunday,2026-03-08,-1.2913838458799445
2026-03-08 05:06:33.826000+00:00,5,Sunday,2026-03-08,-2.0027085417597217
2026-03-08 05:06:37.266000+00:00,5,Sunday,2026-03-08,-1.934493576600004
2026-03-08 05:06:48.054000+00:00,5,Sunday,2026-03-08,-1.4763154584000646
2026-03-08 05:06:56.030000+00:00,5,Sunday,2026-03-08,-0.8065165113600219
2026-03-08 05:06:57.701000+00:00,5,Sunday,2026-03-08,-1.5723313153858878
2026-03-08 05:07:07.015000+00:00,5,Sunday,2026-03-08,-1.961353376015733
2026-03-08 05:07:07.015000+00:00,5,Sunday,2026-03-08,-1.1314259919999865
2026-03-08 05:07:07.015000+00:00,5,Sunday,2026-03-08,-1.5282896847169143
2026-03-08 05:07:11.564000+00:00,5,Sunday,2026-03-08,-1.9155413959359253
2026-03-08 05:07:13.275000+00:00,5,Sunday,2026-03-08,-1.1710583683919498
2026-03-08 05:07:14.979000+00:00,5,Sunday,2026-03-08,-1.5440558067439523
2026-03-08 05:07:14.979000+00:00,5,Sunday,2026-03-08,-0.7410759657727429
2026-03-08 05:07:14.979000+00:00,5,Sunday,2026-03-08,-1.3445815073999507
2026-03-08 05:07:20.727000+00:00,5,Sunday,2026-03-08,-1.5347144527997953
2026-03-08 05:07:28.802000+00:00,5,Sunday,2026-03-08,-0.10927946232001318
2026-03-08 05:07:28.802000+00:00,5,Sunday,2026-03-08,-1.525939085855982
2026-03-08 05:07:31.068000+00:00,5,Sunday,2026-03-08,-1.9004397783551723
2026-03-08 05:07:49.295000+00:00,5,Sunday,2026-03-08,-2.1539713757918313
2026-03-08 05:07:59.486000+00:00,5,Sunday,2026-03-08,-0.7653376220159371
2026-03-08 05:07:59.486000+00:00,5,Sunday,2026-03-08,-0.732297769087898
2026-03-08 05:08:04.315000+00:00,5,Sunday,2026-03-08,-0.7114338806398881
2026-03-08 05:08:04.315000+00:00,5,Sunday,2026-03-08,-1.628030620000059
2026-03-08 05:08:15.358000+00:00,5,Sunday,2026-03-08,-1.9323067020191986
2026-03-08 05:08:16.632000+00:00,5,Sunday,2026-03-08,-2.9556988569573086
2026-03-08 05:08:20.781000+00:00,5,Sunday,2026-03-08,-1.6184314166397988
2026-03-08 05:08:37.691000+00:00,5,Sunday,2026-03-08,-0.3642301131437501
2026-03-08 05:08:37.691000+00:00,5,Sunday,2026-03-08,-0.8566406035198986
2026-03-08 05:08:38.261000+00:00,5,Sunday,2026-03-08,-1.2678413130238575
2026-03-08 05:08:49.083000+00:00,5,Sunday,2026-03-08,-1.1171932252991237
2026-03-08 05:08:56.965000+00:00,5,Sunday,2026-03-08,-0.8066654525439807
2026-03-08 05:08:58.644000+00:00,5,Sunday,2026-03-08,-0.26270914558283065
2026-03-08 05:09:01.573000+00:00,5,Sunday,2026-03-08,-1.4493234370558339
2026-03-08 05:09:01.573000+00:00,5,Sunday,2026-03-08,-1.6651195043199134
2026-03-08 05:09:08.218000+00:00,5,Sunday,2026-03-08,-1.1960827900078705
2026-03-08 05:09:09.391000+00:00,5,Sunday,2026-03-08,-0.28592754791035024
2026-03-08 05:09:15.969000+00:00,5,Sunday,2026-03-08,-1.0506557475919558
2026-03-08 05:09:15.969000+00:00,5,Sunday,2026-03-08,-0.961621406599848
2026-03-08 05:09:27.379000+00:00,5,Sunday,2026-03-08,-0.6378687163199017
2026-03-08 05:09:50.422000+00:00,5,Sunday,2026-03-08,-1.3545668163200217
2026-03-08 05:10:02.973000+00:00,5,Sunday,2026-03-08,-1.4250759728799942
2026-03-08 05:10:10.467000+00:00,5,Sunday,2026-03-08,-1.4310845719998242
2026-03-08 05:10:10.467000+00:00,5,Sunday,2026-03-08,-1.3033361575918123
2026-03-08 05:10:15.044000+00:00,5,Sunday,2026-03-08,-1.1450520483760098
2026-03-08 05:10:16.246000+00:00,5,Sunday,2026-03-08,-1.7335192663619479
2026-03-08 05:10:16.246000+00:00,5,Sunday,2026-03-08,-1.4142662754463504
2026-03-08 05:10:18.542000+00:00,5,Sunday,2026-03-08,-2.051012377265516
2026-03-08 05:10:21.441000+00:00,5,Sunday,2026-03-08,-1.9774580572798799
2026-03-08 05:10:23.150000+00:00,5,Sunday,2026-03-08,-1.574450424000009
2026-03-08 05:10:34.554000+00:00,5,Sunday,2026-03-08,-2.157473861793452
2026-03-08 05:10:38.525000+00:00,5,Sunday,2026-03-08,0.4658228326760331
2026-03-08 05:10:56.808000+00:00,5,Sunday,2026-03-08,-0.6442843380479352
2026-03-08 05:10:57.991000+00:00,5,Sunday,2026-03-08,-0.2271247270879908
2026-03-08 05:10:57.991000+00:00,5,Sunday,2026-03-08,-1.9842692208766637
2026-03-08 05:10:59.708000+00:00,5,Sunday,2026-03-08,-0.7686130609843899
2026-03-08 05:11:02.691000+00:00,5,Sunday,2026-03-08,-0.6235750967639817
2026-03-08 05:11:07.907000+00:00,5,Sunday,2026-03-08,-1.5999846111359433
2026-03-08 05:11:07.907000+00:00,5,Sunday,2026-03-08,-1.628030620000059
2026-03-08 05:11:09.140000+00:00,5,Sunday,2026-03-08,-1.4403361557438823
2026-03-08 05:11:10.339000+00:00,5,Sunday,2026-03-08,-2.6185522346567898
2026-03-08 05:11:16.877000+00:00,5,Sunday,2026-03-08,-2.8345929233598506
2026-03-08 05:11:16.877000+00:00,5,Sunday,2026-03-08,-2.225444974999809
2026-03-08 05:11:40.540000+00:00,5,Sunday,2026-03-08,-0.9402530975999521
2026-03-08 05:11:52.315000+00:00,5,Sunday,2026-03-08,-1.1679183638974266
2026-03-08 05:12:04.731000+00:00,5,Sunday,2026-03-08,-2.6021838366717587
2026-03-08 05:12:04.731000+00:00,5,Sunday,2026-03-08,-1.6642225910399
2026-03-08 05:12:15.295000+00:00,5,Sunday,2026-03-08,-0.9682522544095564
2026-03-08 05:12:22.137000+00:00,5,Sunday,2026-03-08,-0.6743653599199462
2026-03-08 05:12:29.983000+00:00,5,Sunday,2026-03-08,-0.913934524319906
2026-03-08 05:12:35.566000+00:00,5,Sunday,2026-03-08,-2.770730905579974
2026-03-08 05:12:45.125000+00:00,5,Sunday,2026-03-08,-1.8445382345599812
2026-03-08 05:13:06.565000+00:00,5,Sunday,2026-03-08,-1.677380910767876
2026-03-08 05:13:06.565000+00:00,5,Sunday,2026-03-08,-0.8001758620799695
2026-03-08 05:13:07.126000+00:00,5,Sunday,2026-03-08,-1.7284066280822739
2026-03-08 05:13:07.126000+00:00,5,Sunday,2026-03-08,-0.7024381171919303
2026-03-08 05:13:13.850000+00:00,5,Sunday,2026-03-08,-1.16209567095991
2026-03-08 05:13:13.850000+00:00,5,Sunday,2026-03-08,-2.1143086447835704
2026-03-08 05:13:18.300000+00:00,5,Sunday,2026-03-08,-0.25372714348794223
2026-03-08 05:13:19.406000+00:00,5,Sunday,2026-03-08,-2.381529172517342
2026-03-08 05:13:19.406000+00:00,5,Sunday,2026-03-08,-0.6571243231280559
2026-03-08 05:13:43.344000+00:00,5,Sunday,2026-03-08,-0.3657142874590007
2026-03-08 05:14:00.873000+00:00,5,Sunday,2026-03-08,-0.3091016604479119
2026-03-08 05:14:09.159000+00:00,5,Sunday,2026-03-08,-0.7564876411118538
2026-03-08 05:14:15.304000+00:00,5,Sunday,2026-03-08,-0.7186392046079844
2026-03-08 05:14:19.013000+00:00,5,Sunday,2026-03-08,-1.4982276484559605
2026-03-08 05:14:19.013000+00:00,5,Sunday,2026-03-08,-1.3821892235279634
2026-03-08 05:15:18.115000+00:00,5,Sunday,2026-03-08,-1.524621773784966
2026-03-08 05:14:06.559000+00:00,5,Sunday,2026-03-08,-1.5031246484854863
2026-03-08 05:14:06.559000+00:00,5,Sunday,2026-03-08,-1.35654353826241
2026-03-08 05:14:34.742000+00:00,5,Sunday,2026-03-08,-2.3464211105279356
2026-03-08 05:14:39.142000+00:00,5,Sunday,2026-03-08,-1.5681503207999998
2026-03-08 05:14:46.105000+00:00,5,Sunday,2026-03-08,-1.3947781230719887
2026-03-08 05:14:48.325000+00:00,5,Sunday,2026-03-08,-1.9430099481600065
2026-03-08 05:15:07.676000+00:00,5,Sunday,2026-03-08,-7.281386382479894
2026-03-08 05:15:11.078000+00:00,5,Sunday,2026-03-08,-1.238925294431919
2026-03-08 05:15:24.343000+00:00,5,Sunday,2026-03-08,-1.1495516374399581
2026-03-08 05:15:32.185000+00:00,5,Sunday,2026-03-08,-0.7719208174400833
2026-03-08 05:15:39.702000+00:00,5,Sunday,2026-03-08,-2.1113894273039095
2026-03-08 05:15:47.693000+00:00,5,Sunday,2026-03-08,-2.3765579421481
2026-03-08 05:15:48.855000+00:00,5,Sunday,2026-03-08,-1.7753195252798797
2026-03-08 05:16:09.321000+00:00,5,Sunday,2026-03-08,-1.512215651063856
2026-03-08 05:16:11.150000+00:00,5,Sunday,2026-03-08,-1.9699244356176517
2026-03-08 05:16:11.150000+00:00,5,Sunday,2026-03-08,-2.007104430900038
2026-03-08 05:16:16.270000+00:00,5,Sunday,2026-03-08,-2.2393508272639235
2026-03-08 05:16:16.867000+00:00,5,Sunday,2026-03-08,-2.556413535599875
2026-03-08 05:16:16.867000+00:00,5,Sunday,2026-03-08,-1.9116819780559229
2026-03-08 05:16:17.509000+00:00,5,Sunday,2026-03-08,-0.80673992313596
2026-03-08 05:16:19.861000+00:00,5,Sunday,2026-03-08,-3.0352240381758646
2026-03-08 05:16:19.861000+00:00,5,Sunday,2026-03-08,-1.1362183924007025
2026-03-08 05:16:21.100000+00:00,5,Sunday,2026-03-08,-1.5919624069438538
2026-03-08 05:16:22.874000+00:00,5,Sunday,2026-03-08,-1.9598738243772047
2026-03-08 05:16:22.874000+00:00,5,Sunday,2026-03-08,-2.028013889595206
2026-03-08 05:17:09.054000+00:00,5,Sunday,2026-03-08,-0.7373165956463206
2026-03-08 05:17:38.284000+00:00,5,Sunday,2026-03-08,-3.2320916029440334
2026-03-08 05:17:38.284000+00:00,5,Sunday,2026-03-08,0.9217681864000813
2026-03-08 05:17:38.867000+00:00,5,Sunday,2026-03-08,-1.1370622667774266
2026-03-08 05:17:41.680000+00:00,5,Sunday,2026-03-08,-1.774601927439953
2026-03-08 05:17:53.138000+00:00,5,Sunday,2026-03-08,-1.8249864998398886
2026-03-08 05:17:53.138000+00:00,5,Sunday,2026-03-08,-1.1309247956159263
2026-03-08 05:17:53.734000+00:00,5,Sunday,2026-03-08,-1.799420423107849
2026-03-08 05:18:09.774000+00:00,5,Sunday,2026-03-08,-1.0878598565279152
2026-03-08 05:18:26.916000+00:00,5,Sunday,2026-03-08,-0.6507601987599048
2026-03-08 05:18:35.028000+00:00,5,Sunday,2026-03-08,-1.38891078720007
2026-03-08 05:18:43.730000+00:00,5,Sunday,2026-03-08,-1.4288935075630866
2026-03-08 05:18:55.416000+00:00,5,Sunday,2026-03-08,-0.9357258523199744
2026-03-08 05:19:00.334000+00:00,5,Sunday,2026-03-08,-1.379656116744035
2026-03-08 05:19:11.005000+00:00,5,Sunday,2026-03-08,-0.8472552195039607
2026-03-08 05:19:27.758000+00:00,5,Sunday,2026-03-08,-0.8327443229759596
2026-03-08 05:19:27.758000+00:00,5,Sunday,2026-03-08,-1.0194352623360783
2026-03-08 05:19:27.758000+00:00,5,Sunday,2026-03-08,-2.2726562512750323
2026-03-08 05:19:27.758000+00:00,5,Sunday,2026-03-08,-1.31689356239981
2026-03-08 05:19:27.758000+00:00,5,Sunday,2026-03-08,-0.6579319798921011
2026-03-08 05:19:39.234000+00:00,5,Sunday,2026-03-08,-1.8064293770639903
2026-03-08 05:19:54.108000+00:00,5,Sunday,2026-03-08,-0.666723115519924
2026-03-08 05:20:12.834000+00:00,5,Sunday,2026-03-08,-1.0001081250199744
2026-03-08 05:20:54.420000+00:00,5,Sunday,2026-03-08,-2.391151993119952
2026-03-08 05:20:54.420000+00:00,5,Sunday,2026-03-08,-0.03534978519998838
2026-03-08 05:20:56.082000+00:00,5,Sunday,2026-03-08,-1.7306299958640092
2026-03-08 05:20:57.235000+00:00,5,Sunday,2026-03-08,-2.3614296414127964
2026-03-08 05:21:12.757000+00:00,5,Sunday,2026-03-08,-1.087385570481529
2026-03-08 05:21:28.348000+00:00,5,Sunday,2026-03-08,-1.4135849232000046
2026-03-08 05:21:28.348000+00:00,5,Sunday,2026-03-08,-1.4527633804798517
2026-03-08 05:21:41.286000+00:00,5,Sunday,2026-03-08,-1.1728662297600585
2026-03-08 05:21:47.207000+00:00,5,Sunday,2026-03-08,-1.5592839479518665
2026-03-08 05:22:00.774000+00:00,5,Sunday,2026-03-08,-1.4364158803999352
2026-03-08 05:22:14.453000+00:00,5,Sunday,2026-03-08,-0.9473835009599163
2026-03-08 05:22:18.129000+00:00,5,Sunday,2026-03-08,-2.7054603939024284
2026-03-08 05:22:24.762000+00:00,5,Sunday,2026-03-08,-0.9585430762143171
2026-03-08 05:22:35.444000+00:00,5,Sunday,2026-03-08,-0.4006861044479453
2026-03-08 05:22:57.893000+00:00,5,Sunday,2026-03-08,-6.1097458429950136
2026-03-08 05:23:04.718000+00:00,5,Sunday,2026-03-08,-0.6032419236479598
2026-03-08 05:23:48.082000+00:00,5,Sunday,2026-03-08,-1.368628920204784
2026-03-08 05:23:55.298000+00:00,5,Sunday,2026-03-08,-0.13495764595204718
2026-03-08 05:23:57.965000+00:00,5,Sunday,2026-03-08,-1.4857698984479342
2026-03-08 05:24:01.709000+00:00,5,Sunday,2026-03-08,-1.2249406573440114
2026-03-08 05:24:15.579000+00:00,5,Sunday,2026-03-08,-1.0908149830159137
2026-03-08 05:24:31.728000+00:00,5,Sunday,2026-03-08,-1.673731611439951
2026-03-08 05:24:31.728000+00:00,5,Sunday,2026-03-08,-1.6881132492800495
2026-03-08 05:24:36.487000+00:00,5,Sunday,2026-03-08,-0.7734920449279317
2026-03-08 05:24:43.919000+00:00,5,Sunday,2026-03-08,-1.3526862729599398
2026-03-08 05:24:59.432000+00:00,5,Sunday,2026-03-08,-7.086355396427814
2026-03-08 05:25:05.444000+00:00,5,Sunday,2026-03-08,-0.8191835514719545
2026-03-08 05:25:17.850000+00:00,5,Sunday,2026-03-08,-0.17441308851198328
2026-03-08 05:25:21.096000+00:00,5,Sunday,2026-03-08,-0.5817643778847158
2026-03-08 05:25:34.003000+00:00,5,Sunday,2026-03-08,-1.2716834134128887
2026-03-08 05:25:56.090000+00:00,5,Sunday,2026-03-08,-2.0769491050559923
2026-03-08 05:26:37.086000+00:00,5,Sunday,2026-03-08,-0.959588773855872
2026-03-08 05:26:44.524000+00:00,5,Sunday,2026-03-08,-1.2175932693598883
2026-03-08 05:26:51.457000+00:00,5,Sunday,2026-03-08,-0.6135735707006995
2026-03-08 05:27:06.303000+00:00,5,Sunday,2026-03-08,-0.003083718143920555
2026-03-08 05:27:06.303000+00:00,5,Sunday,2026-03-08,-0.5088117889599999
2026-03-08 05:27:22.084000+00:00,5,Sunday,2026-03-08,-0.39195581470790924
2026-03-08 05:27:38.908000+00:00,5,Sunday,2026-03-08,-0.5826322793279763
2026-03-08 05:27:38.908000+00:00,5,Sunday,2026-03-08,-0.5916023276799558
2026-03-08 05:27:46.905000+00:00,5,Sunday,2026-03-08,-0.44265650504799536
2026-03-08 05:28:09.019000+00:00,5,Sunday,2026-03-08,-0.5565733035199194
2026-03-08 05:28:20.124000+00:00,5,Sunday,2026-03-08,-0.37433268211183607
2026-03-08 05:28:31.237000+00:00,5,Sunday,2026-03-08,-2.1046000236238696
2026-03-08 05:28:37.589000+00:00,5,Sunday,2026-03-08,-0.908253886087125
2026-03-08 05:28:38.124000+00:00,5,Sunday,2026-03-08,-0.9906891519998275
2026-03-08 05:29:07.390000+00:00,5,Sunday,2026-03-08,-1.2399442186559488
2026-03-08 05:29:47.808000+00:00,5,Sunday,2026-03-08,-1.4331514307902937
2026-03-08 05:30:03.397000+00:00,5,Sunday,2026-03-08,-0.8281090647037969
2026-03-08 05:30:38.462000+00:00,5,Sunday,2026-03-08,-0.8450325235815244
2026-03-08 05:29:22.681000+00:00,5,Sunday,2026-03-08,-2.162390910784003
2026-03-08 05:29:25.326000+00:00,5,Sunday,2026-03-08,-0.5079452795199234
2026-03-08 05:29:39.915000+00:00,5,Sunday,2026-03-08,-0.8224025976000034
2026-03-08 05:29:39.915000+00:00,5,Sunday,2026-03-08,-0.7215347339199689
2026-03-08 05:29:47.277000+00:00,5,Sunday,2026-03-08,-0.9257065559999252
2026-03-08 05:30:20.921000+00:00,5,Sunday,2026-03-08,0.05324305996803963
2026-03-08 05:30:36.340000+00:00,5,Sunday,2026-03-08,0.013353703512118842
2026-03-08 05:30:39.028000+00:00,5,Sunday,2026-03-08,-1.853971260927874
2026-03-08 05:30:53.712000+00:00,5,Sunday,2026-03-08,-0.16372882801583674
2026-03-08 05:31:48.451000+00:00,5,Sunday,2026-03-08,-5.104720526879808
2026-03-08 05:32:10.642000+00:00,5,Sunday,2026-03-08,-0.865357003679861
2026-03-08 05:32:26.468000+00:00,5,Sunday,2026-03-08,-0.9526647563039826
2026-03-08 05:32:42.799000+00:00,5,Sunday,2026-03-08,-0.7778094526799586
2026-03-08 05:32:50.504000+00:00,5,Sunday,2026-03-08,-0.9257065559999252
2026-03-08 05:33:03.415000+00:00,5,Sunday,2026-03-08,-0.28864311663346065
2026-03-08 05:33:43.264000+00:00,5,Sunday,2026-03-08,-0.5877772777439431
2026-03-08 05:33:49.476000+00:00,5,Sunday,2026-03-08,-0.3497777267599339
2026-03-08 05:34:43.739000+00:00,5,Sunday,2026-03-08,-1.1120328897599296
2026-03-08 05:35:14.721000+00:00,5,Sunday,2026-03-08,-0.9171462803199285
2026-03-08 05:35:19.413000+00:00,5,Sunday,2026-03-08,-2.2062651155277586
2026-03-08 05:35:19.413000+00:00,5,Sunday,2026-03-08,0.014261769503907229
2026-03-08 05:35:29.219000+00:00,5,Sunday,2026-03-08,-0.5344331362239949
2026-03-08 05:35:44.289000+00:00,5,Sunday,2026-03-08,-1.0869585378239275
2026-03-08 05:35:50.503000+00:00,5,Sunday,2026-03-08,-0.14375635592377056
2026-03-08 05:35:53.604000+00:00,5,Sunday,2026-03-08,-0.7817132447999378
2026-03-08 05:36:54.951000+00:00,5,Sunday,2026-03-08,-0.6948824755200229
2026-03-08 05:36:54.951000+00:00,5,Sunday,2026-03-08,0.544553819211987
2026-03-08 05:37:20.156000+00:00,5,Sunday,2026-03-08,-7.672334880513428
2026-03-08 05:38:15.504000+00:00,5,Sunday,2026-03-08,-0.7364964411573955
2026-03-08 05:38:18.583000+00:00,5,Sunday,2026-03-08,-3.6349549437837063
2026-03-08 05:38:32.988000+00:00,5,Sunday,2026-03-08,-0.9933674827118467
2026-03-08 05:38:46.778000+00:00,5,Sunday,2026-03-08,-2.58833810995168
2026-03-08 05:38:46.778000+00:00,5,Sunday,2026-03-08,-0.9769857750239481
2026-03-08 05:38:56.584000+00:00,5,Sunday,2026-03-08,-0.9257065559999252
2026-03-08 05:39:29.043000+00:00,5,Sunday,2026-03-08,-0.7669563943679898
2026-03-08 05:40:16.562000+00:00,5,Sunday,2026-03-08,-0.6035132115598025
2026-03-08 05:40:23.834000+00:00,5,Sunday,2026-03-08,-0.6808263633770423
2026-03-08 05:40:54.439000+00:00,5,Sunday,2026-03-08,-3.0540633523197775
2026-03-08 05:41:27.815000+00:00,5,Sunday,2026-03-08,-1.035125277087843
2026-03-08 05:41:27.815000+00:00,5,Sunday,2026-03-08,-0.7251866054399381
2026-03-08 05:41:27.815000+00:00,5,Sunday,2026-03-08,-0.381972586560033
2026-03-08 05:42:21.592000+00:00,5,Sunday,2026-03-08,-0.13633582497899877
2026-03-08 05:42:23.179000+00:00,5,Sunday,2026-03-08,-0.3223921257022828
2026-03-08 05:40:13.408000+00:00,5,Sunday,2026-03-08,0.0038065747201120326
2026-03-08 05:41:59.546000+00:00,5,Sunday,2026-03-08,-1.6034025394557718
2026-03-08 05:42:00.595000+00:00,5,Sunday,2026-03-08,-1.2136931783999003
2026-03-08 05:42:31.507000+00:00,5,Sunday,2026-03-08,-0.9906891519998275
2026-03-08 05:43:00.105000+00:00,5,Sunday,2026-03-08,-6.162681778252631
2026-03-08 05:43:56.943000+00:00,5,Sunday,2026-03-08,-0.07710084782399451
2026-03-08 05:44:29.534000+00:00,5,Sunday,2026-03-08,-0.4704158459158846
2026-03-08 05:44:30.567000+00:00,5,Sunday,2026-03-08,-0.5513067241439735
2026-03-08 05:44:30.567000+00:00,5,Sunday,2026-03-08,-1.1261845307999452
2026-03-08 05:44:30.567000+00:00,5,Sunday,2026-03-08,-0.18202479401596267
2026-03-08 05:45:04.577000+00:00,5,Sunday,2026-03-08,-0.7917032471999841
2026-03-08 05:45:35.607000+00:00,5,Sunday,2026-03-08,-0.7350423582717749
2026-03-08 05:45:39.226000+00:00,5,Sunday,2026-03-08,-0.7387692264319659
2026-03-08 05:46:01.510000+00:00,5,Sunday,2026-03-08,-0.7765513380240319
2026-03-08 05:46:04.685000+00:00,5,Sunday,2026-03-08,-2.610292286306284
2026-03-08 05:46:30.509000+00:00,5,Sunday,2026-03-08,-0.334217095991784
2026-03-08 05:46:31.588000+00:00,5,Sunday,2026-03-08,-0.16176019017591925
2026-03-08 05:46:53.909000+00:00,5,Sunday,2026-03-08,-4.374932433695655
2026-03-08 05:48:17.035000+00:00,5,Sunday,2026-03-08,-1.8833841057200371
2026-03-08 05:48:35.444000+00:00,5,Sunday,2026-03-08,-0.05417062954225349
2026-03-08 05:48:07.821000+00:00,5,Sunday,2026-03-08,-0.9256885583999495
2026-03-08 05:48:35.444000+00:00,5,Sunday,2026-03-08,-0.089688978911938
2026-03-08 05:48:42.134000+00:00,5,Sunday,2026-03-08,-2.586152818871867
2026-03-08 05:50:12.231000+00:00,5,Sunday,2026-03-08,-1.2437907122158722
2026-03-08 05:50:17.971000+00:00,5,Sunday,2026-03-08,-1.2296178242400906
2026-03-08 05:50:36.097000+00:00,5,Sunday,2026-03-08,-1.7395305763918125
2026-03-08 05:52:52.547000+00:00,5,Sunday,2026-03-08,-0.7916700837404802
2026-03-08 05:51:10.783000+00:00,5,Sunday,2026-03-08,-0.7717080443199115
2026-03-08 05:51:19.054000+00:00,5,Sunday,2026-03-08,-0.9688906190079256
2026-03-08 05:49:27.502000+00:00,5,Sunday,2026-03-08,-8.886683144040068
2026-03-08 05:52:14.705000+00:00,5,Sunday,2026-03-08,-1.4084529673919697
2026-03-08 05:52:14.705000+00:00,5,Sunday,2026-03-08,-1.2298216782638374
2026-03-08 05:52:18.815000+00:00,5,Sunday,2026-03-08,-1.086836344320054
2026-03-08 05:52:37.168000+00:00,5,Sunday,2026-03-08,-2.1025699551518264
2026-03-08 05:53:02.261000+00:00,5,Sunday,2026-03-08,-1.316942168880011
2026-03-08 05:54:13.528000+00:00,5,Sunday,2026-03-08,-0.7617332399999357
2026-03-08 05:54:22.364000+00:00,5,Sunday,2026-03-08,-1.543144565175834
2026-03-08 05:55:40.174000+00:00,5,Sunday,2026-03-08,-0.4727660284481202
2026-03-08 05:54:56.920000+00:00,5,Sunday,2026-03-08,-4.246539771595843
2026-03-08 05:55:21.235000+00:00,5,Sunday,2026-03-08,-1.0189501731838835
2026-03-08 05:55:17.641000+00:00,5,Sunday,2026-03-08,-0.7411262841279032
2026-03-08 05:55:40.770000+00:00,5,Sunday,2026-03-08,-1.3145348053198287
2026-03-08 05:54:53.298000+00:00,5,Sunday,2026-03-08,-2.5110429286030254
2026-03-08 05:56:05.686000+00:00,5,Sunday,2026-03-08,-1.112076695104009
2026-03-08 05:58:49.498000+00:00,5,Sunday,2026-03-08,-4.897892389103881
2026-03-08 05:57:16.498000+00:00,5,Sunday,2026-03-08,-0.9257425511998768
2026-03-08 05:57:24.731000+00:00,5,Sunday,2026-03-08,-2.2302877580879326
2026-03-08 05:58:02.475000+00:00,5,Sunday,2026-03-08,-1.0551115059199834
2026-03-08 05:58:22.874000+00:00,5,Sunday,2026-03-08,-0.5022400996799012
2026-03-08 06:01:05.419000+00:00,6,Sunday,2026-03-08,-0.0778929395037683
2026-03-08 06:00:27.836000+00:00,6,Sunday,2026-03-08,-0.31064344015192497
2026-03-08 05:58:56.728000+00:00,5,Sunday,2026-03-08,3.8239505111683196
2026-03-08 05:59:09.124000+00:00,5,Sunday,2026-03-08,-2.1681319483040222
2026-03-08 05:57:59.877000+00:00,5,Sunday,2026-03-08,4.1766761819759335
2026-03-08 06:00:20.093000+00:00,6,Sunday,2026-03-08,-0.9257425511998768
2026-03-08 06:00:48.028000+00:00,6,Sunday,2026-03-08,-1.7318335336879287
2026-03-08 06:01:05.950000+00:00,6,Sunday,2026-03-08,-1.278887559680006
2026-03-08 06:01:18.243000+00:00,6,Sunday,2026-03-08,-1.025972564166329
2026-03-08 06:01:21.916000+00:00,6,Sunday,2026-03-08,-1.3707150324479755
2026-03-08 06:01:29.132000+00:00,6,Sunday,2026-03-08,-1.6151583942400025
2026-03-08 06:02:14.257000+00:00,6,Sunday,2026-03-08,-2.7791116327726826
2026-03-08 06:02:28.732000+00:00,6,Sunday,2026-03-08,-0.46146856828798266
2026-03-08 06:03:24.375000+00:00,6,Sunday,2026-03-08,-0.9257425511998768
2026-03-08 06:05:29.442000+00:00,6,Sunday,2026-03-08,0.4440010892798908
2026-03-08 06:04:09.501000+00:00,6,Sunday,2026-03-08,-1.4423043861601077
2026-03-08 06:04:21.762000+00:00,6,Sunday,2026-03-08,-1.133812400319828
2026-03-08 06:04:24.902000+00:00,6,Sunday,2026-03-08,-0.7498316636160067
2026-03-08 06:07:36.777000+00:00,6,Sunday,2026-03-08,-0.668918824145781
2026-03-08 06:03:30.634000+00:00,6,Sunday,2026-03-08,-4.218451957603963
2026-03-08 06:05:09.102000+00:00,6,Sunday,2026-03-08,-2.291194036767965
2026-03-08 06:07:36.250000+00:00,6,Sunday,2026-03-08,-0.29196531996804925
2026-03-08 06:06:28.451000+00:00,6,Sunday,2026-03-08,-0.7917336433598529
2026-03-08 06:07:13.814000+00:00,6,Sunday,2026-03-08,-1.1207498264159232
2026-03-08 06:08:46.589000+00:00,6,Sunday,2026-03-08,-0.8678815681536205
2026-03-08 06:09:31.545000+00:00,6,Sunday,2026-03-08,-0.771738440479962
2026-03-08 06:09:37.753000+00:00,6,Sunday,2026-03-08,0.07242881968324699
2026-03-08 06:09:37.196000+00:00,6,Sunday,2026-03-08,-0.7257396607999966
2026-03-08 06:10:16.453000+00:00,6,Sunday,2026-03-08,-1.9478745774798782
2026-03-08 06:12:17.127000+00:00,6,Sunday,2026-03-08,-0.4156389695999715
2026-03-08 06:12:40.408000+00:00,6,Sunday,2026-03-08,-0.3881005715599469
2026-03-08 06:12:17.127000+00:00,6,Sunday,2026-03-08,-0.1041741775359577
2026-03-08 06:11:55.097000+00:00,6,Sunday,2026-03-08,0.13629538314239503
2026-03-08 06:12:40.408000+00:00,6,Sunday,2026-03-08,-0.5988655375999973
2026-03-08 06:14:40.963000+00:00,6,Sunday,2026-03-08,-0.9086179653200004
2026-03-08 06:16:00.830000+00:00,6,Sunday,2026-03-08,-0.3770689270400185
2026-03-08 06:12:34.531000+00:00,6,Sunday,2026-03-08,7.258224195537813
2026-03-08 06:14:17.751000+00:00,6,Sunday,2026-03-08,-0.864621983199967
2026-03-08 06:14:17.751000+00:00,6,Sunday,2026-03-08,-2.0869153327359853
2026-03-08 06:14:57.854000+00:00,6,Sunday,2026-03-08,-0.0185814008711212
2026-03-08 06:16:53.545000+00:00,6,Sunday,2026-03-08,-0.7210189833599383
2026-03-08 06:17:30.200000+00:00,6,Sunday,2026-03-08,-0.33240479463196504
2026-03-08 06:17:30.200000+00:00,6,Sunday,2026-03-08,-1.9325567784426247
2026-03-08 06:17:38.309000+00:00,6,Sunday,2026-03-08,-0.5718720014753101
2026-03-08 06:17:30.200000+00:00,6,Sunday,2026-03-08,-0.4159017674240359
2026-03-08 06:16:00.830000+00:00,6,Sunday,2026-03-08,-0.6056724327838462
2026-03-08 06:17:38.309000+00:00,6,Sunday,2026-03-08,-0.7923276821887866
2026-03-08 06:17:52.165000+00:00,6,Sunday,2026-03-08,-0.7362374986752154
2026-03-08 06:17:38.309000+00:00,6,Sunday,2026-03-08,-0.4640167703999657
2026-03-08 06:17:38.309000+00:00,6,Sunday,2026-03-08,-0.7055220801600373
2026-03-08 06:17:38.309000+00:00,6,Sunday,2026-03-08,-0.42214354367988643
2026-03-08 06:17:52.165000+00:00,6,Sunday,2026-03-08,-0.6727324548798008
2026-03-08 06:17:52.165000+00:00,6,Sunday,2026-03-08,-0.8845815409678994
2026-03-08 06:19:04.157000+00:00,6,Sunday,2026-03-08,-0.29700973275193665
2026-03-08 06:19:31.201000+00:00,6,Sunday,2026-03-08,-0.06521344082076985
2026-03-08 06:19:39.289000+00:00,6,Sunday,2026-03-08,-0.5096816588751496
2026-03-08 06:19:53.054000+00:00,6,Sunday,2026-03-08,-0.37732837087039
2026-03-08 06:21:53.810000+00:00,6,Sunday,2026-03-08,-1.5379236398975018
2026-03-08 06:19:31.201000+00:00,6,Sunday,2026-03-08,2.3573426702240052
2026-03-08 06:19:56.782000+00:00,6,Sunday,2026-03-08,-2.654100543928121
2026-03-08 06:19:56.782000+00:00,6,Sunday,2026-03-08,-1.382282870399966
2026-03-08 06:19:56.782000+00:00,6,Sunday,2026-03-08,-1.7821553081599122
2026-03-08 06:19:56.782000+00:00,6,Sunday,2026-03-08,-1.651086747311921
2026-03-08 06:19:58.933000+00:00,6,Sunday,2026-03-08,-1.2039085295999175
2026-03-08 06:20:43.375000+00:00,6,Sunday,2026-03-08,-1.5181995666239194
2026-03-08 06:22:59.945000+00:00,6,Sunday,2026-03-08,-0.8203267851358556
2026-03-08 06:23:26.172000+00:00,6,Sunday,2026-03-08,-2.04483002169614
2026-03-08 06:23:56.136000+00:00,6,Sunday,2026-03-08,-0.21026098819995226
2026-03-08 06:21:18.305000+00:00,6,Sunday,2026-03-08,-1.1858934314878389
2026-03-08 06:21:50.068000+00:00,6,Sunday,2026-03-08,-1.0984199769231142
2026-03-08 06:22:27.285000+00:00,6,Sunday,2026-03-08,-1.3209848985600474
2026-03-08 06:22:27.285000+00:00,6,Sunday,2026-03-08,-1.414167217199798
2026-03-08 06:22:59.945000+00:00,6,Sunday,2026-03-08,-0.9062888092159295
2026-03-08 06:22:59.945000+00:00,6,Sunday,2026-03-08,-0.5423301081599552
2026-03-08 06:22:59.945000+00:00,6,Sunday,2026-03-08,-0.8504845544798704
2026-03-08 06:23:02.654000+00:00,6,Sunday,2026-03-08,-1.2617845127999727
2026-03-08 06:23:09.569000+00:00,6,Sunday,2026-03-08,-1.3696241675160081
2026-03-08 06:25:26.981000+00:00,6,Sunday,2026-03-08,0.8623886213082148
2026-03-08 06:24:18.815000+00:00,6,Sunday,2026-03-08,-2.056694901811129
2026-03-08 06:25:16.666000+00:00,6,Sunday,2026-03-08,-2.3925089116480325
2026-03-08 06:26:17.629000+00:00,6,Sunday,2026-03-08,-0.34696499551198046
2026-03-08 06:24:20.414000+00:00,6,Sunday,2026-03-08,0.05865304032010754
2026-03-08 06:24:53.114000+00:00,6,Sunday,2026-03-08,-1.1296018485278818
2026-03-08 06:26:17.629000+00:00,6,Sunday,2026-03-08,-3.459263015423845
2026-03-08 06:27:04.301000+00:00,6,Sunday,2026-03-08,-0.8807737597919205
2026-03-08 06:27:27.946000+00:00,6,Sunday,2026-03-08,-2.0176273260000563
2026-03-08 06:19:39.289000+00:00,6,Sunday,2026-03-08,-1.7261325130421676
2026-03-08 06:25:30.623000+00:00,6,Sunday,2026-03-08,-1.5683133255381916
2026-03-08 06:25:50.527000+00:00,6,Sunday,2026-03-08,-1.9489128875997683
2026-03-08 06:25:55.806000+00:00,6,Sunday,2026-03-08,-1.0351446064559058
2026-03-08 06:26:53.640000+00:00,6,Sunday,2026-03-08,-0.4866223258399979
2026-03-08 06:28:34.004000+00:00,6,Sunday,2026-03-08,-0.7385561290495501
2026-03-08 06:26:03.861000+00:00,6,Sunday,2026-03-08,-1.7705864467196801
2026-03-08 06:26:03.861000+00:00,6,Sunday,2026-03-08,-0.9265475231999474
2026-03-08 06:26:03.861000+00:00,6,Sunday,2026-03-08,-0.4869849394399337
2026-03-08 06:26:06.167000+00:00,6,Sunday,2026-03-08,-1.2610840511999193
2026-03-08 06:28:18.427000+00:00,6,Sunday,2026-03-08,0.19425566401919714
2026-03-08 06:28:18.427000+00:00,6,Sunday,2026-03-08,-4.222075080959926
2026-03-08 06:28:57.150000+00:00,6,Sunday,2026-03-08,-0.6805562490000195
2026-03-08 06:28:58.775000+00:00,6,Sunday,2026-03-08,-0.34045124961590006
2026-03-08 06:29:05.287000+00:00,6,Sunday,2026-03-08,-0.721511317871999
2026-03-08 06:27:13.817000+00:00,6,Sunday,2026-03-08,-1.276411862375984
2026-03-08 06:28:22.732000+00:00,6,Sunday,2026-03-08,-1.0205528877598198
2026-03-08 06:28:57.150000+00:00,6,Sunday,2026-03-08,-0.834139445660087
2026-03-08 06:28:58.775000+00:00,6,Sunday,2026-03-08,-0.6038474265095561
2026-03-08 06:29:06.391000+00:00,6,Sunday,2026-03-08,-1.486317186535731
2026-03-08 06:29:06.391000+00:00,6,Sunday,2026-03-08,-0.7822299955199001
2026-03-08 06:29:37.897000+00:00,6,Sunday,2026-03-08,-1.2332634131998836
2026-03-08 06:30:19.098000+00:00,6,Sunday,2026-03-08,-0.023314760524932532
2026-03-08 06:30:30.074000+00:00,6,Sunday,2026-03-08,0.28342009123196804
2026-03-08 06:27:55.924000+00:00,6,Sunday,2026-03-08,-0.7968232195839657
2026-03-08 06:29:09.105000+00:00,6,Sunday,2026-03-08,-1.373658873359829
2026-03-08 06:30:17.310000+00:00,6,Sunday,2026-03-08,-0.5625182093439389
2026-03-08 06:30:34.672000+00:00,6,Sunday,2026-03-08,-1.2019773650640506
2026-03-08 06:30:59.842000+00:00,6,Sunday,2026-03-08,-0.6280186111915218
2026-03-08 06:31:05.948000+00:00,6,Sunday,2026-03-08,-0.3147760730879007
2026-03-08 06:31:07.036000+00:00,6,Sunday,2026-03-08,-0.7052446913117167
2026-03-08 06:31:07.036000+00:00,6,Sunday,2026-03-08,-0.7817739379198665
2026-03-08 06:31:49.047000+00:00,6,Sunday,2026-03-08,-1.041415130559903
2026-03-08 06:29:38.431000+00:00,6,Sunday,2026-03-08,-7.263921848366207
2026-03-08 06:30:58.114000+00:00,6,Sunday,2026-03-08,-3.8145244506526508
2026-03-08 06:30:59.298000+00:00,6,Sunday,2026-03-08,-2.696590478879823
2026-03-08 06:30:59.842000+00:00,6,Sunday,2026-03-08,-1.0899700630399949
2026-03-08 06:31:34.748000+00:00,6,Sunday,2026-03-08,-0.3462297110638986
2026-03-08 06:32:20.187000+00:00,6,Sunday,2026-03-08,-0.28997438424310545
2026-03-08 06:32:30.788000+00:00,6,Sunday,2026-03-08,-1.1731828348799402
2026-03-08 06:33:17.333000+00:00,6,Sunday,2026-03-08,-0.4363455883967723
2026-03-08 06:32:09.703000+00:00,6,Sunday,2026-03-08,-3.0846851925598977
2026-03-08 06:32:13.031000+00:00,6,Sunday,2026-03-08,-0.6816115433918745
2026-03-08 06:32:13.031000+00:00,6,Sunday,2026-03-08,-1.3142942981598993
2026-03-08 06:32:17.921000+00:00,6,Sunday,2026-03-08,-0.5529202286399706
2026-03-08 06:32:22.394000+00:00,6,Sunday,2026-03-08,-2.1867938654761057
2026-03-08 06:33:06.635000+00:00,6,Sunday,2026-03-08,-1.8601105064522847
2026-03-08 06:35:07.681000+00:00,6,Sunday,2026-03-08,-1.1545538094461785
2026-03-08 06:35:15.821000+00:00,6,Sunday,2026-03-08,-1.3842675443999464
2026-03-08 06:32:52.293000+00:00,6,Sunday,2026-03-08,-1.6863696741119725
2026-03-08 06:33:06.635000+00:00,6,Sunday,2026-03-08,-0.9404019585599985
2026-03-08 06:33:07.695000+00:00,6,Sunday,2026-03-08,-1.924848633600159
2026-03-08 06:33:07.695000+00:00,6,Sunday,2026-03-08,-0.7175822347199091
2026-03-08 06:33:21.702000+00:00,6,Sunday,2026-03-08,-1.6955374143456163
2026-03-08 06:33:35.766000+00:00,6,Sunday,2026-03-08,-1.05888323430395
2026-03-08 06:33:49.968000+00:00,6,Sunday,2026-03-08,-1.4652092470400033
2026-03-08 06:34:37.779000+00:00,6,Sunday,2026-03-08,-0.30801880595184233
2026-03-08 06:35:06.027000+00:00,6,Sunday,2026-03-08,-0.1725711322078959
2026-03-08 06:35:21.802000+00:00,6,Sunday,2026-03-08,-0.21991579792001248
2026-03-08 06:35:54.721000+00:00,6,Sunday,2026-03-08,-1.6319294654255883
2026-03-08 06:34:02.246000+00:00,6,Sunday,2026-03-08,-0.9014235297599495
2026-03-08 06:34:20.898000+00:00,6,Sunday,2026-03-08,3.778517937191337
2026-03-08 06:34:32.944000+00:00,6,Sunday,2026-03-08,-1.1692450023800411
2026-03-08 06:35:06.027000+00:00,6,Sunday,2026-03-08,-1.5641816875519456
2026-03-08 06:35:12.544000+00:00,6,Sunday,2026-03-08,-1.3275215215998069
2026-03-08 06:35:26.233000+00:00,6,Sunday,2026-03-08,-8.447803751399984
2026-03-08 06:35:26.802000+00:00,6,Sunday,2026-03-08,-1.4700357193535916
2026-03-08 06:36:38.530000+00:00,6,Sunday,2026-03-08,-0.9234965681158943
2026-03-08 06:37:07.094000+00:00,6,Sunday,2026-03-08,-1.0281300597199396
2026-03-08 06:37:22.715000+00:00,6,Sunday,2026-03-08,0.034503811612323354
2026-03-08 06:37:44.420000+00:00,6,Sunday,2026-03-08,-2.584866284885981
2026-03-08 06:36:09.608000+00:00,6,Sunday,2026-03-08,-1.2020324278558934
2026-03-08 06:36:10.688000+00:00,6,Sunday,2026-03-08,-2.322949485391862
2026-03-08 06:36:10.688000+00:00,6,Sunday,2026-03-08,-0.7831413127199823
2026-03-08 06:36:25.731000+00:00,6,Sunday,2026-03-08,-2.4368232619295322
2026-03-08 06:36:38.530000+00:00,6,Sunday,2026-03-08,-0.9143616986399572
2026-03-08 06:36:53.643000+00:00,6,Sunday,2026-03-08,-1.831765850240016
2026-03-08 06:37:05.340000+00:00,6,Sunday,2026-03-08,-1.530134579711759
2026-03-08 06:37:08.774000+00:00,6,Sunday,2026-03-08,-2.0980523901817643
2026-03-08 06:37:16.608000+00:00,6,Sunday,2026-03-08,-2.0820078506399247
2026-03-08 06:37:44.420000+00:00,6,Sunday,2026-03-08,-1.5133078705359833
2026-03-08 06:37:55.834000+00:00,6,Sunday,2026-03-08,-1.7168697454344142
2026-03-08 06:38:39.103000+00:00,6,Sunday,2026-03-08,-0.9715012641215075
2026-03-08 06:39:23.620000+00:00,6,Sunday,2026-03-08,-0.710348652832012
2026-03-08 06:39:25.235000+00:00,6,Sunday,2026-03-08,-1.0715833408000155
2026-03-08 06:37:23.834000+00:00,6,Sunday,2026-03-08,-1.415615459522188
2026-03-08 06:38:10.656000+00:00,6,Sunday,2026-03-08,-2.10716206588796
2026-03-08 06:38:16.145000+00:00,6,Sunday,2026-03-08,-3.0084172031998766
2026-03-08 06:38:30.376000+00:00,6,Sunday,2026-03-08,-1.5600489528734973
2026-03-08 06:39:12.425000+00:00,6,Sunday,2026-03-08,-1.2987714921119464
2026-03-08 06:39:13.502000+00:00,6,Sunday,2026-03-08,-2.274337163879916
2026-03-08 06:39:13.502000+00:00,6,Sunday,2026-03-08,-1.0828909759198995
2026-03-08 06:40:39.997000+00:00,6,Sunday,2026-03-08,-0.989428343529538
2026-03-08 06:41:24.273000+00:00,6,Sunday,2026-03-08,-0.31975068403195794
2026-03-08 06:39:41.987000+00:00,6,Sunday,2026-03-08,-1.010712451439998
2026-03-08 06:40:08.112000+00:00,6,Sunday,2026-03-08,-3.3765168838894644
2026-03-08 06:40:11.208000+00:00,6,Sunday,2026-03-08,-1.426051916855989
2026-03-08 06:40:21.216000+00:00,6,Sunday,2026-03-08,-1.4609823278399403
2026-03-08 06:40:23.467000+00:00,6,Sunday,2026-03-08,-0.8025111771740874
2026-03-08 06:40:27.842000+00:00,6,Sunday,2026-03-08,-5.425521237639985
2026-03-08 06:41:25.972000+00:00,6,Sunday,2026-03-08,-2.0228224052799684
2026-03-08 06:42:13.128000+00:00,6,Sunday,2026-03-08,-0.280128200601487
2026-03-08 06:42:42.183000+00:00,6,Sunday,2026-03-08,-3.1519189550301667
2026-03-08 06:39:28.948000+00:00,6,Sunday,2026-03-08,-3.2401969585774877
2026-03-08 06:41:09.150000+00:00,6,Sunday,2026-03-08,-1.101265089599995
2026-03-08 06:41:19.435000+00:00,6,Sunday,2026-03-08,-3.730757591999724
2026-03-08 06:41:34.204000+00:00,6,Sunday,2026-03-08,-0.8037630254016113
2026-03-08 06:42:16.405000+00:00,6,Sunday,2026-03-08,-1.2465208048798935
2026-03-08 06:42:16.936000+00:00,6,Sunday,2026-03-08,-1.6295541225601071
2026-03-08 06:43:31.683000+00:00,6,Sunday,2026-03-08,-0.9206658141167519
2026-03-08 06:42:45.911000+00:00,6,Sunday,2026-03-08,-1.7569857376798252
2026-03-08 06:43:14.611000+00:00,6,Sunday,2026-03-08,-1.3774763983142635
2026-03-08 06:43:25.305000+00:00,6,Sunday,2026-03-08,-2.6355975014398925
2026-03-08 06:43:26.958000+00:00,6,Sunday,2026-03-08,-1.6813710081598963
2026-03-08 06:44:43.146000+00:00,6,Sunday,2026-03-08,-0.544530480327098
2026-03-08 06:45:23.850000+00:00,6,Sunday,2026-03-08,-10.76689452409586
2026-03-08 06:44:12.018000+00:00,6,Sunday,2026-03-08,-1.5108767693599932
2026-03-08 06:44:16.266000+00:00,6,Sunday,2026-03-08,-1.3635613837437908
2026-03-08 06:44:20.977000+00:00,6,Sunday,2026-03-08,-0.8617715469439028
2026-03-08 06:44:23.138000+00:00,6,Sunday,2026-03-08,-1.1692276239999628
2026-03-08 06:46:43.998000+00:00,6,Sunday,2026-03-08,-0.7931488838397968
2026-03-08 06:45:23.850000+00:00,6,Sunday,2026-03-08,-0.7840542259200343
2026-03-08 06:46:44.545000+00:00,6,Sunday,2026-03-08,-0.8695855809094011
2026-03-08 06:47:19.989000+00:00,6,Sunday,2026-03-08,-0.8428675046399513
2026-03-08 06:47:26.192000+00:00,6,Sunday,2026-03-08,-0.4849885967998987
2026-03-08 06:46:28.174000+00:00,6,Sunday,2026-03-08,-1.0220195328991952
2026-03-08 06:46:28.174000+00:00,6,Sunday,2026-03-08,-1.0099573191600195
2026-03-08 06:46:43.998000+00:00,6,Sunday,2026-03-08,-2.526237079679907
2026-03-08 06:48:50.252000+00:00,6,Sunday,2026-03-08,-0.528378928159925
2026-03-08 06:49:20.983000+00:00,6,Sunday,2026-03-08,-0.3908287636200344
2026-03-08 06:47:46.508000+00:00,6,Sunday,2026-03-08,3.2077999478930965
2026-03-08 06:48:10.388000+00:00,6,Sunday,2026-03-08,-0.31785496697125304
2026-03-08 06:48:20.107000+00:00,6,Sunday,2026-03-08,-1.518605039279993
2026-03-08 06:48:50.252000+00:00,6,Sunday,2026-03-08,-2.806682451148689
2026-03-08 06:49:26.789000+00:00,6,Sunday,2026-03-08,-0.864872923999942
2026-03-08 06:49:30.977000+00:00,6,Sunday,2026-03-08,-1.6318676662798577
2026-03-08 06:49:51.703000+00:00,6,Sunday,2026-03-08,-0.9620327141279321
2026-03-08 06:50:22.358000+00:00,6,Sunday,2026-03-08,0.46021282368105565
2026-03-08 06:50:22.358000+00:00,6,Sunday,2026-03-08,-1.1717123213759084
2026-03-08 06:51:55.621000+00:00,6,Sunday,2026-03-08,-0.9026744482000136
2026-03-08 06:50:51.128000+00:00,6,Sunday,2026-03-08,-0.9633731768799076
2026-03-08 06:51:25.667000+00:00,6,Sunday,2026-03-08,-1.7475010010855536
2026-03-08 06:51:55.621000+00:00,6,Sunday,2026-03-08,-0.20545267956634167
2026-03-08 06:51:35.441000+00:00,6,Sunday,2026-03-08,-0.606063129623959
2026-03-08 06:52:28.781000+00:00,6,Sunday,2026-03-08,-0.5418150529199649
2026-03-08 06:42:16.936000+00:00,6,Sunday,2026-03-08,-3.1056211358080414
2026-03-08 06:46:28.174000+00:00,6,Sunday,2026-03-08,-0.03198279891256295
2026-03-08 06:52:28.781000+00:00,6,Sunday,2026-03-08,-1.5718961934719835
2026-03-08 06:54:05.011000+00:00,6,Sunday,2026-03-08,-8.67552341395198
2026-03-08 06:52:29.735000+00:00,6,Sunday,2026-03-08,-1.3253787384000009
2026-03-08 06:52:56.006000+00:00,6,Sunday,2026-03-08,-1.681727155055903
2026-03-08 06:51:26.276000+00:00,6,Sunday,2026-03-08,-2.523475852334239
2026-03-08 06:54:21.880000+00:00,6,Sunday,2026-03-08,-1.5441737439199181
2026-03-08 06:53:56.182000+00:00,6,Sunday,2026-03-08,-1.7111038233025042
2026-03-08 06:54:21.880000+00:00,6,Sunday,2026-03-08,-0.7545100544959014
2026-03-08 06:57:00.244000+00:00,6,Sunday,2026-03-08,-0.415257595695946
2026-03-08 06:54:38.091000+00:00,6,Sunday,2026-03-08,-1.506055777248008
2026-03-08 06:54:41.765000+00:00,6,Sunday,2026-03-08,-1.0820511441200145
2026-03-08 06:54:58.677000+00:00,6,Sunday,2026-03-08,-1.151851429727851
2026-03-08 06:55:09.878000+00:00,6,Sunday,2026-03-08,-0.9673985692800046
2026-03-08 06:55:24.730000+00:00,6,Sunday,2026-03-08,-0.04639218397276568
2026-03-08 06:56:05.630000+00:00,6,Sunday,2026-03-08,-0.724807988265505
2026-03-08 06:55:33.740000+00:00,6,Sunday,2026-03-08,-1.2658050871999595
2026-03-08 06:55:53.222000+00:00,6,Sunday,2026-03-08,-1.112873738239965
2026-03-08 06:55:58.744000+00:00,6,Sunday,2026-03-08,-0.9405788895360749
2026-03-08 06:56:23.582000+00:00,6,Sunday,2026-03-08,-1.085559112835837
2026-03-08 06:58:37.459000+00:00,6,Sunday,2026-03-08,-0.5459487311999359
2026-03-08 06:56:24.142000+00:00,6,Sunday,2026-03-08,-1.3188754699199345
2026-03-08 06:58:48.564000+00:00,6,Sunday,2026-03-08,-1.067054920588627
2026-03-08 06:59:04.801000+00:00,6,Sunday,2026-03-08,-0.3397647302431382
2026-03-08 06:57:26.741000+00:00,6,Sunday,2026-03-08,-0.8875615257598825
2026-03-08 06:57:41.852000+00:00,6,Sunday,2026-03-08,-1.5259224523198025
2026-03-08 06:58:28.041000+00:00,6,Sunday,2026-03-08,-7.854877443520914
2026-03-08 06:58:04.527000+00:00,6,Sunday,2026-03-08,-6.191391530711829
2026-03-08 07:00:31.012000+00:00,7,Sunday,2026-03-08,-3.04011244185591
2026-03-08 06:59:04.280000+00:00,6,Sunday,2026-03-08,-3.635279527263892
2026-03-08 07:00:49.262000+00:00,7,Sunday,2026-03-08,-1.2289017796326696
2026-03-08 07:00:29.404000+00:00,7,Sunday,2026-03-08,3.285914159438641
2026-03-08 07:00:38.073000+00:00,7,Sunday,2026-03-08,-1.1154270223999818
2026-03-08 07:00:44.436000+00:00,7,Sunday,2026-03-08,-1.7949771573598101
2026-03-08 07:01:05.852000+00:00,7,Sunday,2026-03-08,-2.472173236223883
2026-03-08 07:01:09.631000+00:00,7,Sunday,2026-03-08,-2.5758036274359353
2026-03-08 07:03:02.907000+00:00,7,Sunday,2026-03-08,-2.854065930307031
2026-03-08 07:03:48.476000+00:00,7,Sunday,2026-03-08,-1.9526991251599284
2026-03-08 07:02:07.984000+00:00,7,Sunday,2026-03-08,-2.447462286191723
2026-03-08 07:02:31.802000+00:00,7,Sunday,2026-03-08,-1.1572674551279654
2026-03-08 07:03:41.742000+00:00,7,Sunday,2026-03-08,-2.617574871999924
2026-03-08 07:04:09.938000+00:00,7,Sunday,2026-03-08,-4.244481503247894
2026-03-08 07:05:00.623000+00:00,7,Sunday,2026-03-08,-0.21267693774709018
2026-03-08 07:05:04.039000+00:00,7,Sunday,2026-03-08,-4.776265790092647
2026-03-08 07:05:12.351000+00:00,7,Sunday,2026-03-08,-0.42670080460790666
2026-03-08 07:05:31.578000+00:00,7,Sunday,2026-03-08,-0.028758426928003566
2026-03-08 07:05:35.265000+00:00,7,Sunday,2026-03-08,-1.9894245965279511
2026-03-08 07:05:49.186000+00:00,7,Sunday,2026-03-08,-0.2545087311359385
2026-03-08 07:06:10.942000+00:00,7,Sunday,2026-03-08,-0.7112129069949459
2026-03-08 07:05:42.798000+00:00,7,Sunday,2026-03-08,-1.4492792711998819
2026-03-08 07:07:04.987000+00:00,7,Sunday,2026-03-08,-1.3226102730671823
2026-03-08 07:08:23.422000+00:00,7,Sunday,2026-03-08,-0.0390549184559662
2026-03-08 07:07:43.136000+00:00,7,Sunday,2026-03-08,-4.592113753385579
2026-03-08 07:08:06.604000+00:00,7,Sunday,2026-03-08,-0.870280121880016
2026-03-08 07:08:11.729000+00:00,7,Sunday,2026-03-08,-2.2890276610560005
2026-03-08 07:08:36.214000+00:00,7,Sunday,2026-03-08,-0.8875413630718952
2026-03-08 07:10:45.479000+00:00,7,Sunday,2026-03-08,-7.16727465142002
2026-03-08 07:11:14.795000+00:00,7,Sunday,2026-03-08,-0.5989099129863218
2026-03-08 07:12:12.115000+00:00,7,Sunday,2026-03-08,-0.1375442108400039
2026-03-08 07:14:20.907000+00:00,7,Sunday,2026-03-08,-0.09020946420789944
2026-03-08 07:10:40.368000+00:00,7,Sunday,2026-03-08,-0.8621330742719382
2026-03-08 07:13:15.940000+00:00,7,Sunday,2026-03-08,1.736013999801662
2026-03-08 07:16:28.614000+00:00,7,Sunday,2026-03-08,-0.37075274171976247
2026-03-08 07:18:27.441000+00:00,7,Sunday,2026-03-08,-1.0099645305598552
2026-03-08 07:18:01.174000+00:00,7,Sunday,2026-03-08,-0.5094874926718241
2026-03-08 07:13:16.463000+00:00,7,Sunday,2026-03-08,-1.934744970076844
2026-03-08 07:18:29.243000+00:00,7,Sunday,2026-03-08,-0.7579335923197639
2026-03-08 07:20:20.132000+00:00,7,Sunday,2026-03-08,-0.7752098097360185
2026-03-08 07:21:07.070000+00:00,7,Sunday,2026-03-08,-0.14120740032002665
2026-03-08 07:20:01.824000+00:00,7,Sunday,2026-03-08,-4.136800238855983
2026-03-08 07:20:28.338000+00:00,7,Sunday,2026-03-08,-0.9259225271998526
2026-03-08 07:23:04.914000+00:00,7,Sunday,2026-03-08,-0.3610993515200585
2026-03-08 07:22:58.769000+00:00,7,Sunday,2026-03-08,-2.0592243562558528
2026-03-08 07:22:58.769000+00:00,7,Sunday,2026-03-08,-3.7061054981279207
2026-03-08 07:22:24.763000+00:00,7,Sunday,2026-03-08,-0.6395693367167078
2026-03-08 07:23:07.997000+00:00,7,Sunday,2026-03-08,-2.5831977412799354
2026-03-08 07:23:31.406000+00:00,7,Sunday,2026-03-08,-1.4248477994397826
2026-03-08 07:24:59.514000+00:00,7,Sunday,2026-03-08,-1.961178932807919
2026-03-08 07:26:16.434000+00:00,7,Sunday,2026-03-08,-0.35508422892790037
2026-03-08 07:25:42.574000+00:00,7,Sunday,2026-03-08,-1.00109848716792
2026-03-08 07:26:16.434000+00:00,7,Sunday,2026-03-08,1.765521463528938
2026-03-08 07:26:35.702000+00:00,7,Sunday,2026-03-08,-1.3888297979998514
2026-03-08 07:28:37.562000+00:00,7,Sunday,2026-03-08,-1.9384635258240732
2026-03-08 07:31:41.917000+00:00,7,Sunday,2026-03-08,-0.8244735987839159
2026-03-08 07:28:46.223000+00:00,7,Sunday,2026-03-08,-1.914813783095951
2026-03-08 07:32:42.777000+00:00,7,Sunday,2026-03-08,-1.0504327002078937
2026-03-08 07:32:42.777000+00:00,7,Sunday,2026-03-08,-2.1155451225598894
2026-03-08 07:34:43.717000+00:00,7,Sunday,2026-03-08,-1.4430905183997416
2026-03-08 07:33:42.513000+00:00,7,Sunday,2026-03-08,-9.493197944559888
2026-03-08 07:36:44.476000+00:00,7,Sunday,2026-03-08,-1.7067651830400297
2026-03-08 07:36:11.359000+00:00,7,Sunday,2026-03-08,-23.416089077970916
2026-03-08 07:36:46.009000+00:00,7,Sunday,2026-03-08,-0.025538736687934993
2026-03-08 07:42:12.546000+00:00,7,Sunday,2026-03-08,-3.9939527122561094
2026-03-08 07:39:17.907000+00:00,7,Sunday,2026-03-08,-0.376736281536028
2026-03-08 07:46:05.459000+00:00,7,Sunday,2026-03-08,0.016712370416232636
2026-03-08 07:44:13.112000+00:00,7,Sunday,2026-03-08,0.774242518175997
2026-03-08 07:47:25.118000+00:00,7,Sunday,2026-03-08,-0.5838877340799675
2026-03-08 07:49:26.701000+00:00,7,Sunday,2026-03-08,-1.073504238239987
2026-03-08 07:48:06.659000+00:00,7,Sunday,2026-03-08,-0.3708696296479401
2026-03-08 08:07:15.358000+00:00,8,Sunday,2026-03-08,-0.8567857579199603
2026-03-08 08:09:16.336000+00:00,8,Sunday,2026-03-08,-0.8733484977600197
2026-03-08 08:06:50.098000+00:00,8,Sunday,2026-03-08,-1.180298090880004
2026-03-08 08:09:53.895000+00:00,8,Sunday,2026-03-08,-1.140954821184004
2026-03-08 08:11:16.937000+00:00,8,Sunday,2026-03-08,-0.8539143751198699
2026-03-08 08:13:34.515000+00:00,8,Sunday,2026-03-08,-1.2120695615998356
2026-03-08 08:15:35.377000+00:00,8,Sunday,2026-03-08,-0.8817394823998724
2026-03-08 08:18:04.630000+00:00,8,Sunday,2026-03-08,0.789749846611235
2026-03-08 08:18:14.826000+00:00,8,Sunday,2026-03-08,-1.851637572639934
2026-03-08 08:21:08.066000+00:00,8,Sunday,2026-03-08,0.21674285253357373
2026-03-08 08:21:17.707000+00:00,8,Sunday,2026-03-08,-2.4214771034400178
2026-03-08 08:23:08.623000+00:00,8,Sunday,2026-03-08,-0.21840789453823767
2026-03-08 08:24:21.056000+00:00,8,Sunday,2026-03-08,-1.2511693056799615
2026-03-08 08:25:15.301000+00:00,8,Sunday,2026-03-08,-10.674469850702339
2026-03-08 08:26:24.878000+00:00,8,Sunday,2026-03-08,-1.977032996880081
2026-03-08 08:29:28.718000+00:00,8,Sunday,2026-03-08,-1.296926145999878
2026-03-08 08:30:20.592000+00:00,8,Sunday,2026-03-08,-0.7950764274855096
2026-03-08 08:32:35.213000+00:00,8,Sunday,2026-03-08,-0.9104281753111896
2026-03-08 08:32:54.023000+00:00,8,Sunday,2026-03-08,-10.784060201880132
2026-03-08 08:32:31.130000+00:00,8,Sunday,2026-03-08,-3.5325873698400954
2026-03-08 08:34:35.918000+00:00,8,Sunday,2026-03-08,-1.9225735603255494
2026-03-08 08:35:34.583000+00:00,8,Sunday,2026-03-08,-1.9045701961598744
2026-03-08 08:35:11.648000+00:00,8,Sunday,2026-03-08,-0.8888473600510847
2026-03-08 08:39:38.624000+00:00,8,Sunday,2026-03-08,-0.2640667494719831
2026-03-08 08:38:38.321000+00:00,8,Sunday,2026-03-08,-3.758139867120075
2026-03-08 08:40:46.005000+00:00,8,Sunday,2026-03-08,-2.872249053599952
2026-03-08 08:41:39.350000+00:00,8,Sunday,2026-03-08,-4.215353548089725
2026-03-08 08:43:49.726000+00:00,8,Sunday,2026-03-08,-2.4924848591998785
2026-03-08 08:45:04.048000+00:00,8,Sunday,2026-03-08,-1.6225555369751716
2026-03-08 08:46:52.768000+00:00,8,Sunday,2026-03-08,-0.5294804759998883
2026-03-08 08:48:53.546000+00:00,8,Sunday,2026-03-08,-0.8588740363198687
2026-03-08 08:47:36.195000+00:00,8,Sunday,2026-03-08,-1.6101108367679924
2026-03-08 08:48:08.822000+00:00,8,Sunday,2026-03-08,5.382900385231451
2026-03-08 08:50:39.786000+00:00,8,Sunday,2026-03-08,-0.04233798979193448
2026-03-08 08:50:54.581000+00:00,8,Sunday,2026-03-08,-0.8575688623200188
2026-03-08 08:51:11.843000+00:00,8,Sunday,2026-03-08,-3.6106059628991334
2026-03-08 08:52:55.272000+00:00,8,Sunday,2026-03-08,-0.8309467631999248
2026-03-08 08:54:15.583000+00:00,8,Sunday,2026-03-08,6.618304829800545
2026-03-08 08:57:19.026000+00:00,8,Sunday,2026-03-08,-0.11675295221013915
2026-03-08 08:55:59.717000+00:00,8,Sunday,2026-03-08,-1.311246854399928
2026-03-08 08:59:19.768000+00:00,8,Sunday,2026-03-08,-13.214267413876733
2026-03-08 09:01:21.092000+00:00,9,Sunday,2026-03-08,1.2127565326969116
2026-03-08 08:59:21.292000+00:00,8,Sunday,2026-03-08,-0.7669574607998677
2026-03-08 09:03:22.031000+00:00,9,Sunday,2026-03-08,-1.1791112012351226
2026-03-08 09:02:02.416000+00:00,9,Sunday,2026-03-08,-1.2389481551998565
2026-03-08 09:02:47.215000+00:00,9,Sunday,2026-03-08,-1.9804824831999448
2026-03-08 09:02:47.215000+00:00,9,Sunday,2026-03-08,1.1939596255783504
2026-03-08 09:05:22.580000+00:00,9,Sunday,2026-03-08,-0.42848409569191137
2026-03-08 09:05:50.554000+00:00,9,Sunday,2026-03-08,0.0815103682960221
2026-03-08 09:05:06.199000+00:00,9,Sunday,2026-03-08,-1.3687984312799935
2026-03-08 09:05:50.554000+00:00,9,Sunday,2026-03-08,-1.823852858879988
2026-03-08 09:08:13.203000+00:00,9,Sunday,2026-03-08,-0.4714867968000007
2026-03-08 09:07:51.523000+00:00,9,Sunday,2026-03-08,-4.808213735903967
2026-03-08 09:10:14.032000+00:00,9,Sunday,2026-03-08,-0.8037255103999322
2026-03-08 09:11:38.050000+00:00,9,Sunday,2026-03-08,-0.16828105912795843
2026-03-08 09:13:18.231000+00:00,9,Sunday,2026-03-08,-2.5012486015999036
2026-03-08 09:14:24.400000+00:00,9,Sunday,2026-03-08,-0.3106376720719148
2026-03-08 09:15:18.960000+00:00,9,Sunday,2026-03-08,-2.0947274015999398
2026-03-08 09:16:28.094000+00:00,9,Sunday,2026-03-08,-0.04509268239185349
2026-03-08 09:07:23.288000+00:00,9,Sunday,2026-03-08,-9.458473544307955
2026-03-08 09:17:21.725000+00:00,9,Sunday,2026-03-08,-0.11814764639993613
2026-03-08 09:17:44.110000+00:00,9,Sunday,2026-03-08,-0.8296109698679264
2026-03-08 09:17:44.110000+00:00,9,Sunday,2026-03-08,-0.7108029521280078
2026-03-08 09:19:45.492000+00:00,9,Sunday,2026-03-08,-0.653967850211827
2026-03-08 09:17:44.110000+00:00,9,Sunday,2026-03-08,-0.4566602016479898
2026-03-08 09:20:22.895000+00:00,9,Sunday,2026-03-08,-1.5734928698158914
2026-03-08 09:19:22.455000+00:00,9,Sunday,2026-03-08,-0.736233473039912
2026-03-08 09:18:45.380000+00:00,9,Sunday,2026-03-08,-1.273465756527997
2026-03-08 09:21:57.523000+00:00,9,Sunday,2026-03-08,-0.1224132809758961
2026-03-08 09:20:07.984000+00:00,9,Sunday,2026-03-08,-1.2285550938239043
2026-03-08 09:20:22.302000+00:00,9,Sunday,2026-03-08,-6.436407779984051
2026-03-08 09:21:34.766000+00:00,9,Sunday,2026-03-08,-0.9091572047998875
2026-03-08 09:23:11.133000+00:00,9,Sunday,2026-03-08,-0.6239062091519711
2026-03-08 09:21:46.409000+00:00,9,Sunday,2026-03-08,-0.7883158615199082
2026-03-08 09:22:55.156000+00:00,9,Sunday,2026-03-08,-0.5222557169086948
2026-03-08 09:23:33.937000+00:00,9,Sunday,2026-03-08,-0.40224008537988043
2026-03-08 09:24:49.717000+00:00,9,Sunday,2026-03-08,-0.6359291534519724
2026-03-08 09:22:30.898000+00:00,9,Sunday,2026-03-08,-0.9852429404160676
2026-03-08 09:25:49.353000+00:00,9,Sunday,2026-03-08,-0.445710738919978
2026-03-08 09:25:24.747000+00:00,9,Sunday,2026-03-08,-4.818202403903923
2026-03-08 09:27:13.023000+00:00,9,Sunday,2026-03-08,-0.3345472103759554
2026-03-08 09:25:25.268000+00:00,9,Sunday,2026-03-08,-0.6244893313919033
2026-03-08 09:26:56.915000+00:00,9,Sunday,2026-03-08,-0.6537977929079134
2026-03-08 09:25:24.747000+00:00,9,Sunday,2026-03-08,-1.1172149958886697
2026-03-08 09:27:51.997000+00:00,9,Sunday,2026-03-08,-0.3105514393743576
2026-03-08 09:27:51.997000+00:00,9,Sunday,2026-03-08,-0.5014661386440629
2026-03-08 09:28:08.479000+00:00,9,Sunday,2026-03-08,-0.501517995543969
2026-03-08 09:27:27.836000+00:00,9,Sunday,2026-03-08,-0.19213520607596823
2026-03-08 09:29:04.738000+00:00,9,Sunday,2026-03-08,-0.837336778403841
2026-03-08 09:28:32.183000+00:00,9,Sunday,2026-03-08,-2.29846594763746
2026-03-08 09:29:13.988000+00:00,9,Sunday,2026-03-08,-0.6067397204878785
2026-03-08 09:31:05.690000+00:00,9,Sunday,2026-03-08,-0.7482063075119499
2026-03-08 09:29:52.541000+00:00,9,Sunday,2026-03-08,6.7239180699814645
2026-03-08 09:30:09.480000+00:00,9,Sunday,2026-03-08,-0.8212893382399604
2026-03-08 09:30:31.717000+00:00,9,Sunday,2026-03-08,-0.7203087461375086
2026-03-08 09:30:38.632000+00:00,9,Sunday,2026-03-08,-0.9416450746607048
2026-03-08 09:31:14.986000+00:00,9,Sunday,2026-03-08,-1.8282506950320616
2026-03-08 09:32:56.753000+00:00,9,Sunday,2026-03-08,-2.900486375721552
2026-03-08 09:33:13.043000+00:00,9,Sunday,2026-03-08,-1.4994122261279639
2026-03-08 09:33:13.043000+00:00,9,Sunday,2026-03-08,-1.4429617100638596
2026-03-08 09:33:14.590000+00:00,9,Sunday,2026-03-08,-1.8176797655805328
2026-03-08 09:33:36.686000+00:00,9,Sunday,2026-03-08,-5.827188491280013
2026-03-08 09:33:36.686000+00:00,9,Sunday,2026-03-08,-1.7713650893903101
2026-03-08 09:33:42.367000+00:00,9,Sunday,2026-03-08,-2.645298364719903
2026-03-08 09:34:15.862000+00:00,9,Sunday,2026-03-08,-1.6290183367295583
2026-03-08 09:35:59.521000+00:00,9,Sunday,2026-03-08,0.11058244381911436
2026-03-08 09:36:16.455000+00:00,9,Sunday,2026-03-08,-1.3323424851599386
2026-03-08 09:36:18.623000+00:00,9,Sunday,2026-03-08,-0.7808528296271973
2026-03-08 09:37:06.118000+00:00,9,Sunday,2026-03-08,-4.228669846199952
2026-03-08 09:39:19.874000+00:00,9,Sunday,2026-03-08,-0.5362618415519629
2026-03-08 09:36:17.013000+00:00,9,Sunday,2026-03-08,-0.7404084340919563
2026-03-08 09:36:45.871000+00:00,9,Sunday,2026-03-08,-0.36271282394634197
2026-03-08 09:39:48.724000+00:00,9,Sunday,2026-03-08,-0.20618417750402873
2026-03-08 09:38:49.660000+00:00,9,Sunday,2026-03-08,0.004649763024249243
2026-03-08 09:40:06.373000+00:00,9,Sunday,2026-03-08,-0.8881263307320248
2026-03-08 09:40:06.373000+00:00,9,Sunday,2026-03-08,-1.1062142340983723
2026-03-08 09:41:47.317000+00:00,9,Sunday,2026-03-08,-0.7407686354997818
2026-03-08 09:42:16.856000+00:00,9,Sunday,2026-03-08,-1.5803221363246425
2026-03-08 09:42:16.856000+00:00,9,Sunday,2026-03-08,-1.0258519378559632
2026-03-08 09:43:08.412000+00:00,9,Sunday,2026-03-08,-0.5469085289999357
2026-03-08 09:39:22.435000+00:00,9,Sunday,2026-03-08,-0.17419393463024835
2026-03-08 09:43:53.042000+00:00,9,Sunday,2026-03-08,-12.31446529622387
2026-03-08 09:45:21.428000+00:00,9,Sunday,2026-03-08,-0.7177030137727765
2026-03-08 09:45:21.428000+00:00,9,Sunday,2026-03-08,-0.7188012773200008
2026-03-08 09:46:11.791000+00:00,9,Sunday,2026-03-08,-1.0014134186839305
2026-03-08 09:47:37.446000+00:00,9,Sunday,2026-03-08,-1.124300771135876
2026-03-08 09:49:57.135000+00:00,9,Sunday,2026-03-08,-0.6326687234880461
2026-03-08 09:47:37.446000+00:00,9,Sunday,2026-03-08,-0.6942396634920205
2026-03-08 09:48:06.528000+00:00,9,Sunday,2026-03-08,-3.264686559398429
2026-03-08 09:48:24.445000+00:00,9,Sunday,2026-03-08,-2.3341208201472057
2026-03-08 09:48:24.445000+00:00,9,Sunday,2026-03-08,-1.0189981851039833
2026-03-08 09:52:17.109000+00:00,9,Sunday,2026-03-08,-0.77938083454081
2026-03-08 09:50:02.287000+00:00,9,Sunday,2026-03-08,-1.1558343048000401
2026-03-08 09:50:39.993000+00:00,9,Sunday,2026-03-08,-1.0225721379839214
2026-03-08 09:50:55.376000+00:00,9,Sunday,2026-03-08,-0.6080830606367484
2026-03-08 09:51:11.552000+00:00,9,Sunday,2026-03-08,-0.6961194198424454
2026-03-08 09:51:28.759000+00:00,9,Sunday,2026-03-08,-0.9886867151359315
2026-03-08 09:51:56.260000+00:00,9,Sunday,2026-03-08,-0.31974190975990924
2026-03-08 09:54:18.006000+00:00,9,Sunday,2026-03-08,-0.8338605437295068
2026-03-08 09:51:57.820000+00:00,9,Sunday,2026-03-08,-1.58549569301758
2026-03-08 09:55:01.172000+00:00,9,Sunday,2026-03-08,-0.5628671497800328
2026-03-08 09:53:44.404000+00:00,9,Sunday,2026-03-08,-1.1174837706430727
2026-03-08 09:54:37.750000+00:00,9,Sunday,2026-03-08,-1.3782048038302421
2026-03-08 09:54:37.750000+00:00,9,Sunday,2026-03-08,-0.2925875286624261
2026-03-08 09:54:37.750000+00:00,9,Sunday,2026-03-08,-0.7039385088559141
2026-03-08 09:56:18.752000+00:00,9,Sunday,2026-03-08,-0.6090563518615251
2026-03-08 09:55:07.616000+00:00,9,Sunday,2026-03-08,-0.7232421373631206
2026-03-08 09:57:36.146000+00:00,9,Sunday,2026-03-08,-0.876807286079968
2026-03-08 09:58:19.595000+00:00,9,Sunday,2026-03-08,-0.7725767485991136
2026-03-08 09:57:38.362000+00:00,9,Sunday,2026-03-08,-0.10371853500791872
2026-03-08 09:57:36.146000+00:00,9,Sunday,2026-03-08,-2.0277027554280083
2026-03-08 09:57:31.005000+00:00,9,Sunday,2026-03-08,-1.091056843065529
2026-03-08 09:57:41.505000+00:00,9,Sunday,2026-03-08,-5.159574424068694
2026-03-08 09:58:11.368000+00:00,9,Sunday,2026-03-08,-0.996985513036688
2026-03-08 10:00:34.941000+00:00,10,Sunday,2026-03-08,-0.5689512893951448
2026-03-08 09:43:08.412000+00:00,9,Sunday,2026-03-08,-0.8441184617879711
2026-03-08 09:59:36.738000+00:00,9,Sunday,2026-03-08,-0.9727412875198927
2026-03-08 09:59:39.314000+00:00,9,Sunday,2026-03-08,-1.0099513401599491
2026-03-08 10:00:14.646000+00:00,10,Sunday,2026-03-08,-0.2990960417278888
2026-03-08 10:00:20.362000+00:00,10,Sunday,2026-03-08,-1.204084203184774
2026-03-08 10:02:30.426000+00:00,10,Sunday,2026-03-08,-0.9673781558504004
2026-03-08 10:02:42.989000+00:00,10,Sunday,2026-03-08,-0.8640683755199883
2026-03-08 10:00:46.507000+00:00,10,Sunday,2026-03-08,1.4069108489573956
2026-03-08 10:02:17.904000+00:00,10,Sunday,2026-03-08,-0.39879035537924146
2026-03-08 10:02:36.184000+00:00,10,Sunday,2026-03-08,-0.4742921451144037
2026-03-08 10:02:17.904000+00:00,10,Sunday,2026-03-08,-0.8627715008639041
2026-03-08 10:02:40.365000+00:00,10,Sunday,2026-03-08,-0.9367772884800285
2026-03-08 10:02:41.408000+00:00,10,Sunday,2026-03-08,-0.4173063630358925
2026-03-08 10:04:43.860000+00:00,10,Sunday,2026-03-08,-0.7190231991599881
2026-03-08 10:05:42.878000+00:00,10,Sunday,2026-03-08,-0.7551319709304802
2026-03-08 10:06:44.452000+00:00,10,Sunday,2026-03-08,0.014227812480043955
2026-03-08 10:06:53.170000+00:00,10,Sunday,2026-03-08,-1.0982770044623076
2026-03-08 10:05:43.911000+00:00,10,Sunday,2026-03-08,-0.9127712851199412
2026-03-08 10:03:43.241000+00:00,10,Sunday,2026-03-08,8.628702709200066
2026-03-08 10:07:19.445000+00:00,10,Sunday,2026-03-08,-0.5674765216063223
2026-03-08 10:07:43.584000+00:00,10,Sunday,2026-03-08,-0.3805915377189774
2026-03-08 10:09:20.055000+00:00,10,Sunday,2026-03-08,-0.5834653516800157
2026-03-08 10:07:42.968000+00:00,10,Sunday,2026-03-08,-1.3042824724799083
2026-03-08 10:08:45.254000+00:00,10,Sunday,2026-03-08,-1.757275509199891
2026-03-08 10:08:47.335000+00:00,10,Sunday,2026-03-08,-1.0686231427199964
2026-03-08 10:11:20.925000+00:00,10,Sunday,2026-03-08,-0.5908669449310453
2026-03-08 10:08:54.048000+00:00,10,Sunday,2026-03-08,-1.328412797359157
2026-03-08 10:08:59.773000+00:00,10,Sunday,2026-03-08,-9.536904004319926
2026-03-08 10:09:44.379000+00:00,10,Sunday,2026-03-08,-0.6973662208319438
2026-03-08 10:12:18.264000+00:00,10,Sunday,2026-03-08,-0.29804930399996044
2026-03-08 10:10:49.906000+00:00,10,Sunday,2026-03-08,-1.3042824724799083
2026-03-08 10:11:53.949000+00:00,10,Sunday,2026-03-08,-0.8767172740799799
2026-03-08 10:11:21.476000+00:00,10,Sunday,2026-03-08,-1.0932612787199172
2026-03-08 10:12:03.860000+00:00,10,Sunday,2026-03-08,-1.7885740199997313
2026-03-08 10:14:19.016000+00:00,10,Sunday,2026-03-08,-0.4867958881798839
2026-03-08 10:13:25.727000+00:00,10,Sunday,2026-03-08,-0.36233227978548693
2026-03-08 10:13:40.273000+00:00,10,Sunday,2026-03-08,-0.8094198589463377
2026-03-08 10:13:53.767000+00:00,10,Sunday,2026-03-08,-1.3055068780799919
2026-03-08 10:13:54.816000+00:00,10,Sunday,2026-03-08,-1.1963705825597921
2026-03-08 10:14:26.774000+00:00,10,Sunday,2026-03-08,-10.63169173897579
2026-03-08 10:16:18.508000+00:00,10,Sunday,2026-03-08,0.3105721712063462
2026-03-08 10:16:32.207000+00:00,10,Sunday,2026-03-08,-0.7562013662848036
2026-03-08 10:18:04.900000+00:00,10,Sunday,2026-03-08,-0.11291049201601827
2026-03-08 10:16:19.575000+00:00,10,Sunday,2026-03-08,-1.2667963664127189
2026-03-08 10:16:44.229000+00:00,10,Sunday,2026-03-08,-0.7412934639167111
2026-03-08 10:16:58.279000+00:00,10,Sunday,2026-03-08,-2.024016745111971
2026-03-08 10:18:15.584000+00:00,10,Sunday,2026-03-08,-0.6652834794623168
2026-03-08 10:18:33.003000+00:00,10,Sunday,2026-03-08,-0.4508843263119295
2026-03-08 10:19:42.356000+00:00,10,Sunday,2026-03-08,-0.5277074349455879
2026-03-08 10:16:59.893000+00:00,10,Sunday,2026-03-08,-1.0685191283198832
2026-03-08 10:20:35.720000+00:00,10,Sunday,2026-03-08,-0.9635079364414512
2026-03-08 10:18:26.611000+00:00,10,Sunday,2026-03-08,0.6708516173753961
2026-03-08 10:18:15.584000+00:00,10,Sunday,2026-03-08,-0.6156234576775016
2026-03-08 10:19:47.229000+00:00,10,Sunday,2026-03-08,-0.43882366099189707
2026-03-08 10:20:35.720000+00:00,10,Sunday,2026-03-08,-0.8588943786623795
2026-03-08 10:21:45.280000+00:00,10,Sunday,2026-03-08,-0.578487755076057
2026-03-08 10:22:17.803000+00:00,10,Sunday,2026-03-08,-0.28726052291993165
2026-03-08 10:20:01.556000+00:00,10,Sunday,2026-03-08,-1.3039315192800065
2026-03-08 10:20:05.522000+00:00,10,Sunday,2026-03-08,0.9332926281600199
2026-03-08 10:21:21.425000+00:00,10,Sunday,2026-03-08,-3.5900639188511603
2026-03-08 10:22:23.934000+00:00,10,Sunday,2026-03-08,-0.43892166401283156
2026-03-08 10:22:36.138000+00:00,10,Sunday,2026-03-08,-0.47248733093600837
2026-03-08 10:22:38.683000+00:00,10,Sunday,2026-03-08,-0.8015541420158725
2026-03-08 10:23:15.798000+00:00,10,Sunday,2026-03-08,0.1505254611457083
2026-03-08 10:21:35.195000+00:00,10,Sunday,2026-03-08,-8.714459003327846
2026-03-08 10:23:05.836000+00:00,10,Sunday,2026-03-08,-0.4443935308720258
2026-03-08 10:23:46.200000+00:00,10,Sunday,2026-03-08,-0.7088983316064231
2026-03-08 10:24:18.817000+00:00,10,Sunday,2026-03-08,-0.6537131036519321
2026-03-08 10:24:24.987000+00:00,10,Sunday,2026-03-08,-0.5213925508678098
2026-03-08 10:24:37.076000+00:00,10,Sunday,2026-03-08,-0.4156117017838445
2026-03-08 10:24:39.735000+00:00,10,Sunday,2026-03-08,-0.9634041322495627
2026-03-08 10:23:26.029000+00:00,10,Sunday,2026-03-08,-0.5729007382079174
2026-03-08 10:25:47.284000+00:00,10,Sunday,2026-03-08,-0.4859661339646171
2026-03-08 10:26:27.632000+00:00,10,Sunday,2026-03-08,-0.3036556672512088
2026-03-08 10:25:16.698000+00:00,10,Sunday,2026-03-08,-1.8693073512255765
2026-03-08 10:25:29.204000+00:00,10,Sunday,2026-03-08,-1.0321247858877673
2026-03-08 10:26:26.009000+00:00,10,Sunday,2026-03-08,-0.8743250557439499
2026-03-08 10:26:38.143000+00:00,10,Sunday,2026-03-08,-0.6501482383198386
2026-03-08 10:26:40.342000+00:00,10,Sunday,2026-03-08,-1.1409595221120044
2026-03-08 10:24:57.142000+00:00,10,Sunday,2026-03-08,-6.068910301798365
2026-03-08 10:25:06.401000+00:00,10,Sunday,2026-03-08,-0.9903177587278645
2026-03-08 10:28:16.056000+00:00,10,Sunday,2026-03-08,-1.8319975196398657
2026-03-08 10:28:26.662000+00:00,10,Sunday,2026-03-08,-2.4906800784525425
2026-03-08 10:26:27.632000+00:00,10,Sunday,2026-03-08,-1.3444552367998968
2026-03-08 10:27:29.938000+00:00,10,Sunday,2026-03-08,-1.6960584566399057
2026-03-08 10:28:28.401000+00:00,10,Sunday,2026-03-08,-2.2406834923038996
2026-03-08 10:27:17.648000+00:00,10,Sunday,2026-03-08,-3.9240245621304033
2026-03-08 10:28:39.231000+00:00,10,Sunday,2026-03-08,-2.0411656083999956
2026-03-08 10:27:51.012000+00:00,10,Sunday,2026-03-08,-1.6026538751999941
2026-03-08 10:28:00.620000+00:00,10,Sunday,2026-03-08,-4.462170815081479
2026-03-08 10:28:16.056000+00:00,10,Sunday,2026-03-08,-1.8640025925119832
2026-03-08 10:28:16.056000+00:00,10,Sunday,2026-03-08,-2.2430420717330266
2026-03-08 10:30:32.462000+00:00,10,Sunday,2026-03-08,-1.1032521674398663
2026-03-08 10:31:00.952000+00:00,10,Sunday,2026-03-08,-1.1559529786798617
2026-03-08 10:31:02.962000+00:00,10,Sunday,2026-03-08,-0.5456690483254273
2026-03-08 10:28:41.400000+00:00,10,Sunday,2026-03-08,-2.038136046055063
2026-03-08 10:29:01.366000+00:00,10,Sunday,2026-03-08,-2.6815707072
2026-03-08 10:29:43.931000+00:00,10,Sunday,2026-03-08,-1.8973764447998458
2026-03-08 10:30:08.261000+00:00,10,Sunday,2026-03-08,-3.6923624245175652
2026-03-08 10:30:16.815000+00:00,10,Sunday,2026-03-08,-0.5445444502239071
2026-03-08 10:30:33.687000+00:00,10,Sunday,2026-03-08,-0.9389390888767364
2026-03-08 10:31:00.952000+00:00,10,Sunday,2026-03-08,-0.1345893017391504
2026-03-08 10:32:03.470000+00:00,10,Sunday,2026-03-08,-1.4998610420638387
2026-03-08 10:32:03.470000+00:00,10,Sunday,2026-03-08,-1.301987346399852
2026-03-08 10:30:56.981000+00:00,10,Sunday,2026-03-08,-1.386904895999995
2026-03-08 10:31:19.398000+00:00,10,Sunday,2026-03-08,-2.1935862104829256
2026-03-08 10:32:26.825000+00:00,10,Sunday,2026-03-08,-0.47408547263996037
2026-03-08 10:32:37.927000+00:00,10,Sunday,2026-03-08,-2.6825071552800344
2026-03-08 10:32:50.829000+00:00,10,Sunday,2026-03-08,-2.800185493919965
2026-03-08 10:33:04.816000+00:00,10,Sunday,2026-03-08,-1.8960995732398231
2026-03-08 10:33:10.720000+00:00,10,Sunday,2026-03-08,-0.8706758495999967
2026-03-08 10:33:15.057000+00:00,10,Sunday,2026-03-08,-0.1411484913113747
2026-03-08 10:33:15.057000+00:00,10,Sunday,2026-03-08,-0.5991532846391383
2026-03-08 10:34:08.175000+00:00,10,Sunday,2026-03-08,-1.4853146049838317
2026-03-08 10:31:05.643000+00:00,10,Sunday,2026-03-08,-7.337717466242254
2026-03-08 10:33:04.816000+00:00,10,Sunday,2026-03-08,-0.5785963618632111
2026-03-08 10:33:08.108000+00:00,10,Sunday,2026-03-08,-1.1191115070566082
2026-03-08 10:33:12.879000+00:00,10,Sunday,2026-03-08,-1.6587106273918475
2026-03-08 10:33:12.879000+00:00,10,Sunday,2026-03-08,-0.12344507567996843
2026-03-08 10:34:01.451000+00:00,10,Sunday,2026-03-08,-2.1422598595197853
2026-03-08 10:34:08.175000+00:00,10,Sunday,2026-03-08,-0.6240772638799086
2026-03-08 10:34:38.705000+00:00,10,Sunday,2026-03-08,-0.4880857596799953
2026-03-08 10:34:40.940000+00:00,10,Sunday,2026-03-08,-0.7319530643197592
2026-03-08 10:34:51.599000+00:00,10,Sunday,2026-03-08,-1.4069088422606983
2026-03-08 10:36:08.874000+00:00,10,Sunday,2026-03-08,-1.1672067793845338
2026-03-08 10:36:08.874000+00:00,10,Sunday,2026-03-08,-1.3256077043998826
2026-03-08 10:34:23.084000+00:00,10,Sunday,2026-03-08,-3.463509976499677
2026-03-08 10:35:09.764000+00:00,10,Sunday,2026-03-08,-1.945350668687878
2026-03-08 10:35:09.764000+00:00,10,Sunday,2026-03-08,-2.0537895748606783
2026-03-08 10:35:11.486000+00:00,10,Sunday,2026-03-08,-1.4707059095997468
2026-03-08 10:35:13.837000+00:00,10,Sunday,2026-03-08,-1.4099320512000342
2026-03-08 10:35:16.126000+00:00,10,Sunday,2026-03-08,-1.7402674579005888
2026-03-08 10:36:17.149000+00:00,10,Sunday,2026-03-08,-1.2247576967999134
2026-03-08 10:36:31.435000+00:00,10,Sunday,2026-03-08,-2.2763933314304254
2026-03-08 10:36:52.608000+00:00,10,Sunday,2026-03-08,-1.5626560563999154
2026-03-08 10:37:21.387000+00:00,10,Sunday,2026-03-08,-0.5027081119683531
2026-03-08 10:37:55.914000+00:00,10,Sunday,2026-03-08,-0.644613184799998
2026-03-08 10:38:32.322000+00:00,10,Sunday,2026-03-08,-0.522606846844748
2026-03-08 10:35:16.126000+00:00,10,Sunday,2026-03-08,-2.0836711419678
2026-03-08 10:36:45.432000+00:00,10,Sunday,2026-03-08,-0.7787243135999682
2026-03-08 10:37:17.525000+00:00,10,Sunday,2026-03-08,-1.368994906079966
2026-03-08 10:37:19.729000+00:00,10,Sunday,2026-03-08,-0.9369608751997718
2026-03-08 10:37:26.795000+00:00,10,Sunday,2026-03-08,-1.8719033795998898
2026-03-08 10:37:42.844000+00:00,10,Sunday,2026-03-08,-1.5594145297918942
2026-03-08 10:38:09.537000+00:00,10,Sunday,2026-03-08,-1.0546472070792032
2026-03-08 10:39:48.397000+00:00,10,Sunday,2026-03-08,-4.224260214047828
2026-03-08 10:35:09.764000+00:00,10,Sunday,2026-03-08,-0.8859931652880619
2026-03-08 10:40:10.878000+00:00,10,Sunday,2026-03-08,-1.3328212549176586
2026-03-08 10:40:22.647000+00:00,10,Sunday,2026-03-08,-1.5160893190160263
2026-03-08 10:40:45.492000+00:00,10,Sunday,2026-03-08,-0.7607917661305134
2026-03-08 10:41:06.112000+00:00,10,Sunday,2026-03-08,-2.1227430275422274
2026-03-08 10:41:13.339000+00:00,10,Sunday,2026-03-08,-0.7687949470341842
2026-03-08 10:41:13.339000+00:00,10,Sunday,2026-03-08,0.8872431163680832
2026-03-08 10:39:39.496000+00:00,10,Sunday,2026-03-08,-0.9312457799996926
2026-03-08 10:41:13.339000+00:00,10,Sunday,2026-03-08,-1.49555916590078
2026-03-08 10:41:13.339000+00:00,10,Sunday,2026-03-08,-1.6027474881598671
2026-03-08 10:41:49.179000+00:00,10,Sunday,2026-03-08,-0.43598117257597624
2026-03-08 10:43:20.757000+00:00,10,Sunday,2026-03-08,-1.0040461621439687
2026-03-08 10:43:26.135000+00:00,10,Sunday,2026-03-08,-0.7352890421759566
2026-03-08 10:39:29.096000+00:00,10,Sunday,2026-03-08,-2.0150947831679757
2026-03-08 10:42:17.164000+00:00,10,Sunday,2026-03-08,-1.7670967750657272
2026-03-08 10:43:06.827000+00:00,10,Sunday,2026-03-08,-2.3873794335116196
2026-03-08 10:46:00.115000+00:00,10,Sunday,2026-03-08,-0.8680727712959557
2026-03-08 10:43:51.487000+00:00,10,Sunday,2026-03-08,-16.669795201665693
2026-03-08 10:44:11.547000+00:00,10,Sunday,2026-03-08,-2.2377715192559458
2026-03-08 10:44:16.313000+00:00,10,Sunday,2026-03-08,-2.1208169668709984
2026-03-08 10:44:16.313000+00:00,10,Sunday,2026-03-08,-2.25003223223981
2026-03-08 10:44:47.886000+00:00,10,Sunday,2026-03-08,-2.0342398365359524
2026-03-08 10:45:26.898000+00:00,10,Sunday,2026-03-08,-3.8748769858847636
2026-03-08 10:46:29.235000+00:00,10,Sunday,2026-03-08,-1.0360599627918283
2026-03-08 10:46:29.235000+00:00,10,Sunday,2026-03-08,-8.973698493215956
2026-03-08 10:45:27.432000+00:00,10,Sunday,2026-03-08,-1.420172573040045
2026-03-08 10:45:27.432000+00:00,10,Sunday,2026-03-08,-1.8391862827998589
2026-03-08 10:46:11.321000+00:00,10,Sunday,2026-03-08,-2.104139257295667
2026-03-08 10:47:04.705000+00:00,10,Sunday,2026-03-08,-0.7264982937601707
2026-03-08 10:47:41.904000+00:00,10,Sunday,2026-03-08,-1.569979024847866
2026-03-08 10:47:04.705000+00:00,10,Sunday,2026-03-08,-1.2575655717998904
2026-03-08 10:47:04.705000+00:00,10,Sunday,2026-03-08,8.46463978845695
2026-03-08 10:47:04.705000+00:00,10,Sunday,2026-03-08,-2.3941033439422994
2026-03-08 10:47:17.392000+00:00,10,Sunday,2026-03-08,-1.243437086279938
2026-03-08 10:47:22.974000+00:00,10,Sunday,2026-03-08,-1.368967902479839
2026-03-08 10:47:45.691000+00:00,10,Sunday,2026-03-08,-0.48076412916469047
2026-03-08 10:48:00.777000+00:00,10,Sunday,2026-03-08,-0.9034507238399935
2026-03-08 10:47:41.904000+00:00,10,Sunday,2026-03-08,-2.000707026172687
2026-03-08 10:47:45.691000+00:00,10,Sunday,2026-03-08,-2.513539622087933
2026-03-08 10:47:45.691000+00:00,10,Sunday,2026-03-08,-0.8606900975040308
2026-03-08 10:47:45.691000+00:00,10,Sunday,2026-03-08,-0.801696878639887
2026-03-08 10:47:45.691000+00:00,10,Sunday,2026-03-08,-1.2107572800334796
2026-03-08 10:47:45.691000+00:00,10,Sunday,2026-03-08,-1.2429555349824304
2026-03-08 10:47:51.990000+00:00,10,Sunday,2026-03-08,-0.8868772527360107
2026-03-08 10:47:51.990000+00:00,10,Sunday,2026-03-08,-1.1224719179856255
2026-03-08 10:48:16.759000+00:00,10,Sunday,2026-03-08,-1.781537549568083
2026-03-08 10:48:30.097000+00:00,10,Sunday,2026-03-08,-0.1942325321758171
2026-03-08 10:48:30.613000+00:00,10,Sunday,2026-03-08,-1.5995846366398414
2026-03-08 10:48:55.902000+00:00,10,Sunday,2026-03-08,-1.620679284791827
2026-03-08 10:49:05.586000+00:00,10,Sunday,2026-03-08,-0.9758042851199428
2026-03-08 10:49:14.774000+00:00,10,Sunday,2026-03-08,-3.391508880586965
2026-03-08 10:49:42.513000+00:00,10,Sunday,2026-03-08,-0.5955743639037324
2026-03-08 10:50:09.699000+00:00,10,Sunday,2026-03-08,-0.6963929694399134
2026-03-08 10:50:28.332000+00:00,10,Sunday,2026-03-08,-1.4388894253438973
2026-03-08 10:50:44.408000+00:00,10,Sunday,2026-03-08,-1.3953804220319208
2026-03-08 10:50:45.480000+00:00,10,Sunday,2026-03-08,-0.7327801829615884
2026-03-08 10:50:49.238000+00:00,10,Sunday,2026-03-08,-0.5388764169357644
2026-03-08 10:50:49.238000+00:00,10,Sunday,2026-03-08,-1.311702586539948
2026-03-08 10:50:49.238000+00:00,10,Sunday,2026-03-08,-0.04187197444793944
2026-03-08 10:50:55.910000+00:00,10,Sunday,2026-03-08,-0.9687966876158569
2026-03-08 10:50:55.910000+00:00,10,Sunday,2026-03-08,-1.2963271541599741
2026-03-08 10:51:10.043000+00:00,10,Sunday,2026-03-08,-0.8908326064799492
2026-03-08 10:51:28.268000+00:00,10,Sunday,2026-03-08,-1.8766747233359995
2026-03-08 10:51:35.488000+00:00,10,Sunday,2026-03-08,-1.4715870556081072
2026-03-08 10:52:08.354000+00:00,10,Sunday,2026-03-08,-0.9426063024000375
2026-03-08 10:53:10.107000+00:00,10,Sunday,2026-03-08,-0.10563181679989136
2026-03-08 10:53:47.620000+00:00,10,Sunday,2026-03-08,-0.6087088278239654
2026-03-08 10:53:52.434000+00:00,10,Sunday,2026-03-08,-0.5307878990519184
2026-03-08 10:54:19.733000+00:00,10,Sunday,2026-03-08,-0.419175245760031
2026-03-08 10:54:19.733000+00:00,10,Sunday,2026-03-08,-0.5826422592000284
2026-03-08 10:50:02.270000+00:00,10,Sunday,2026-03-08,-0.7700259913919585
2026-03-08 10:53:39.644000+00:00,10,Sunday,2026-03-08,-0.7182562213199495
2026-03-08 10:53:39.644000+00:00,10,Sunday,2026-03-08,-1.2692981318398908
2026-03-08 10:53:39.644000+00:00,10,Sunday,2026-03-08,-0.9512488869597102
2026-03-08 10:53:52.434000+00:00,10,Sunday,2026-03-08,-0.9984370590720764
2026-03-08 10:53:58.899000+00:00,10,Sunday,2026-03-08,-0.7239412001279677
2026-03-08 10:54:31.550000+00:00,10,Sunday,2026-03-08,-1.8327909952799994
2026-03-08 10:54:39.054000+00:00,10,Sunday,2026-03-08,-0.5977010467680464
2026-03-08 10:55:11.503000+00:00,10,Sunday,2026-03-08,-0.8844470579998835
2026-03-08 10:55:21.196000+00:00,10,Sunday,2026-03-08,-1.3868778924000316
2026-03-08 10:55:40.275000+00:00,10,Sunday,2026-03-08,-2.1112328113917447
2026-03-08 10:55:48.367000+00:00,10,Sunday,2026-03-08,-1.789847845499946
2026-03-08 10:56:19.232000+00:00,10,Sunday,2026-03-08,-2.2293788937335495
2026-03-08 10:56:20.285000+00:00,10,Sunday,2026-03-08,-1.0096980962880842
2026-03-08 10:56:50.853000+00:00,10,Sunday,2026-03-08,-1.5195044891519982
2026-03-08 10:56:58.279000+00:00,10,Sunday,2026-03-08,-1.24426839542397
2026-03-08 10:56:58.279000+00:00,10,Sunday,2026-03-08,-1.994842146182393
2026-03-08 10:55:27.100000+00:00,10,Sunday,2026-03-08,-1.3008289130159167
2026-03-08 10:56:13.586000+00:00,10,Sunday,2026-03-08,-1.0885924588800409
2026-03-08 10:56:19.232000+00:00,10,Sunday,2026-03-08,-1.5114137289600222
2026-03-08 10:56:36.663000+00:00,10,Sunday,2026-03-08,-2.0220664895999305
2026-03-08 10:56:43.506000+00:00,10,Sunday,2026-03-08,-0.934554900095942
2026-03-08 10:57:04.968000+00:00,10,Sunday,2026-03-08,-1.5324179475678572
2026-03-08 10:57:12.483000+00:00,10,Sunday,2026-03-08,-0.7352007364478126
2026-03-08 10:57:35.602000+00:00,10,Sunday,2026-03-08,-2.59290230639996
2026-03-08 10:58:06.655000+00:00,10,Sunday,2026-03-08,-0.7646184963359116
2026-03-08 10:58:18.397000+00:00,10,Sunday,2026-03-08,-0.6820355531807207
2026-03-08 10:58:21.102000+00:00,10,Sunday,2026-03-08,-0.6612655505279882
2026-03-08 10:58:24.844000+00:00,10,Sunday,2026-03-08,-2.034112227840047
2026-03-08 10:58:38.885000+00:00,10,Sunday,2026-03-08,-0.29984056039200446
2026-03-08 10:58:38.885000+00:00,10,Sunday,2026-03-08,1.153698288560181
2026-03-08 10:58:51.734000+00:00,10,Sunday,2026-03-08,-0.6508711742400034
2026-03-08 10:58:58.851000+00:00,10,Sunday,2026-03-08,-0.6660620546677954
2026-03-08 10:59:17.637000+00:00,10,Sunday,2026-03-08,-1.7250945452799349
2026-03-08 10:59:46.981000+00:00,10,Sunday,2026-03-08,-1.305959218704042
2026-03-08 11:00:07.767000+00:00,11,Sunday,2026-03-08,-1.7437574089437522
2026-03-08 11:00:10.101000+00:00,11,Sunday,2026-03-08,-1.1648870074559197
2026-03-08 11:00:19.207000+00:00,11,Sunday,2026-03-08,-1.4013401527607914
2026-03-08 11:00:21.940000+00:00,11,Sunday,2026-03-08,-1.358967318143929
2026-03-08 11:00:47.495000+00:00,11,Sunday,2026-03-08,-2.5042521180072157
2026-03-08 11:00:47.495000+00:00,11,Sunday,2026-03-08,-1.8067250712000704
2026-03-08 11:00:52.413000+00:00,11,Sunday,2026-03-08,-1.9404239316479583
2026-03-08 11:00:55.093000+00:00,11,Sunday,2026-03-08,-2.532437502000017
2026-03-08 11:00:59.930000+00:00,11,Sunday,2026-03-08,-0.8992147950069613
2026-03-08 11:01:28.883000+00:00,11,Sunday,2026-03-08,-1.4048958967200789
2026-03-08 11:01:43.010000+00:00,11,Sunday,2026-03-08,-1.223082700559801
2026-03-08 11:02:22.237000+00:00,11,Sunday,2026-03-08,-1.7288033855999185
2026-03-08 11:02:52.058000+00:00,11,Sunday,2026-03-08,-2.0492952533999844
2026-03-08 11:03:16.330000+00:00,11,Sunday,2026-03-08,-2.823092864856001
2026-03-08 11:03:16.330000+00:00,11,Sunday,2026-03-08,-2.416009007232033
2026-03-08 11:03:25.772000+00:00,11,Sunday,2026-03-08,-2.431798732759925
2026-03-08 10:58:58.851000+00:00,10,Sunday,2026-03-08,-2.948528468659119
2026-03-08 11:03:40.578000+00:00,11,Sunday,2026-03-08,-0.4155555247199879
2026-03-08 11:03:53.036000+00:00,11,Sunday,2026-03-08,-1.929945966303984
2026-03-08 11:04:23.204000+00:00,11,Sunday,2026-03-08,-1.7948713891839725
2026-03-08 11:04:37.019000+00:00,11,Sunday,2026-03-08,-5.055875507612641
2026-03-08 11:04:45.238000+00:00,11,Sunday,2026-03-08,-6.2982728183647065
2026-03-08 11:04:53.296000+00:00,11,Sunday,2026-03-08,-2.944061453132786
2026-03-08 11:05:14.212000+00:00,11,Sunday,2026-03-08,-3.8524169539319
2026-03-08 11:05:17.369000+00:00,11,Sunday,2026-03-08,-3.0043108996559122
2026-03-08 11:05:17.369000+00:00,11,Sunday,2026-03-08,-2.802186711887809
2026-03-08 11:05:26.742000+00:00,11,Sunday,2026-03-08,-2.638697779887962
2026-03-08 11:05:44.425000+00:00,11,Sunday,2026-03-08,-3.7254773780639643
2026-03-08 11:06:23.755000+00:00,11,Sunday,2026-03-08,-1.7471879439358748
2026-03-08 11:06:38.030000+00:00,11,Sunday,2026-03-08,-1.1970779335198602
2026-03-08 11:06:48.298000+00:00,11,Sunday,2026-03-08,-2.439402406127987
2026-03-08 11:06:56.217000+00:00,11,Sunday,2026-03-08,-1.6358445397919348
2026-03-08 11:09:27.714000+00:00,11,Sunday,2026-03-08,-3.1265944336510536
2026-03-08 11:12:54.283000+00:00,11,Sunday,2026-03-08,-0.2837870819999772
2026-03-08 11:10:46.446000+00:00,11,Sunday,2026-03-08,-1.2969718473599885
2026-03-08 11:10:46.446000+00:00,11,Sunday,2026-03-08,0.10137838888017825
2026-03-08 11:14:55.055000+00:00,11,Sunday,2026-03-08,0.0059229876000186366
2026-03-08 11:09:59.175000+00:00,11,Sunday,2026-03-08,-1.176452023536057
2026-03-08 11:16:55.817000+00:00,11,Sunday,2026-03-08,0.4283888762244593
2026-03-08 11:19:18.383000+00:00,11,Sunday,2026-03-08,-0.8477876827486578
2026-03-08 11:17:48.850000+00:00,11,Sunday,2026-03-08,-1.09401055663832
2026-03-08 11:20:36.082000+00:00,11,Sunday,2026-03-08,-1.7085774165358714
2026-03-08 11:21:06.095000+00:00,11,Sunday,2026-03-08,-0.8743907369039721
2026-03-08 11:21:18.899000+00:00,11,Sunday,2026-03-08,-0.8842494442079651
2026-03-08 11:23:07.091000+00:00,11,Sunday,2026-03-08,-1.7172120985052974
2026-03-08 11:23:45.534000+00:00,11,Sunday,2026-03-08,-1.477746547199796
2026-03-08 11:24:17.191000+00:00,11,Sunday,2026-03-08,0.6774437863204501
2026-03-08 11:28:14.900000+00:00,11,Sunday,2026-03-08,-0.47061577219209894
2026-03-08 11:26:12.492000+00:00,11,Sunday,2026-03-08,-1.2797649130031323
2026-03-08 11:30:18.561000+00:00,11,Sunday,2026-03-08,0.4012118915118634
2026-03-08 11:29:10.395000+00:00,11,Sunday,2026-03-08,-1.8888268039598959
2026-03-08 11:29:10.395000+00:00,11,Sunday,2026-03-08,-7.6842255199049205
2026-03-08 11:29:28.299000+00:00,11,Sunday,2026-03-08,-1.8010685962750306
2026-03-08 11:32:37.583000+00:00,11,Sunday,2026-03-08,-0.35398700089578816
2026-03-08 11:34:38.183000+00:00,11,Sunday,2026-03-08,-0.6042931763038768
2026-03-08 11:33:04.916000+00:00,11,Sunday,2026-03-08,-3.3507102130148416
2026-03-08 11:36:38.778000+00:00,11,Sunday,2026-03-08,0.455504209055864
2026-03-08 11:37:25.571000+00:00,11,Sunday,2026-03-08,-3.4566364969470857
2026-03-08 11:38:39.497000+00:00,11,Sunday,2026-03-08,-7.8762039596239175
2026-03-08 11:40:40.435000+00:00,11,Sunday,2026-03-08,-6.816135782975908
2026-03-08 11:42:41.613000+00:00,11,Sunday,2026-03-08,-0.2614246607278795
2026-03-08 11:40:29.225000+00:00,11,Sunday,2026-03-08,-4.750595851340932
2026-03-08 11:42:26.955000+00:00,11,Sunday,2026-03-08,1.9349665304988286
2026-03-08 11:44:40+00:00,11,Sunday,2026-03-08,0.11983513502149357
2026-03-08 11:45:18.529000+00:00,11,Sunday,2026-03-08,0.056108756087965395
2026-03-08 11:43:38.554000+00:00,11,Sunday,2026-03-08,11.68932113684522
2026-03-08 11:47:19.487000+00:00,11,Sunday,2026-03-08,-0.1334410622156843
2026-03-08 11:48:15.092000+00:00,11,Sunday,2026-03-08,3.1533649612972536
2026-03-08 11:49:20.417000+00:00,11,Sunday,2026-03-08,-0.3537823413198077
2026-03-08 11:48:44.579000+00:00,11,Sunday,2026-03-08,-1.730046542895797
2026-03-08 11:51:44.288000+00:00,11,Sunday,2026-03-08,-4.667124299759876
2026-03-08 11:51:44.805000+00:00,11,Sunday,2026-03-08,-0.17729334823193388
2026-03-08 11:53:48.198000+00:00,11,Sunday,2026-03-08,-0.22826548567678895
2026-03-08 11:52:09.187000+00:00,11,Sunday,2026-03-08,-0.9565242296399331
2026-03-08 11:52:47.053000+00:00,11,Sunday,2026-03-08,-1.6941178679039637
2026-03-08 11:55:12.604000+00:00,11,Sunday,2026-03-08,-0.7371889039680234
2026-03-08 11:53:48.198000+00:00,11,Sunday,2026-03-08,0.8648956490161206
2026-03-08 11:56:55.554000+00:00,11,Sunday,2026-03-08,-0.10097458828792882
2026-03-08 11:56:55.554000+00:00,11,Sunday,2026-03-08,4.410224428595667
2026-03-08 11:57:13.490000+00:00,11,Sunday,2026-03-08,-0.9892393526399272
2026-03-08 11:59:07.002000+00:00,11,Sunday,2026-03-08,-0.4794432904318195
2026-03-08 11:56:53.002000+00:00,11,Sunday,2026-03-08,-1.0443236126399973
2026-03-08 12:01:10.008000+00:00,12,Sunday,2026-03-08,-7.13715986491197
2026-03-08 12:00:16.994000+00:00,12,Sunday,2026-03-08,-1.2159421940159194
2026-03-08 12:00:58.038000+00:00,12,Sunday,2026-03-08,0.7541926582722857
2026-03-08 12:03:10.960000+00:00,12,Sunday,2026-03-08,-0.21644567147515853
2026-03-08 12:03:52.017000+00:00,12,Sunday,2026-03-08,0.7240073823840039
2026-03-08 12:03:21.426000+00:00,12,Sunday,2026-03-08,-0.7503228965759827
2026-03-08 12:05:52.871000+00:00,12,Sunday,2026-03-08,-1.8645447057116635
2026-03-08 12:05:22.226000+00:00,12,Sunday,2026-03-08,-0.6029890163999154
2026-03-08 12:05:36.391000+00:00,12,Sunday,2026-03-08,-0.04933485058054943
2026-03-08 12:07:53.513000+00:00,12,Sunday,2026-03-08,4.027208269902786
2026-03-08 12:08:26.324000+00:00,12,Sunday,2026-03-08,-0.2593383348479515
2026-03-08 12:10:30.488000+00:00,12,Sunday,2026-03-08,-0.5821404769598699
2026-03-08 12:07:44.849000+00:00,12,Sunday,2026-03-08,-6.117930208799891
2026-03-08 12:12:31.310000+00:00,12,Sunday,2026-03-08,-1.3356142331038208
2026-03-08 12:12:41.392000+00:00,12,Sunday,2026-03-08,-0.5180507250127698
2026-03-08 12:12:41.392000+00:00,12,Sunday,2026-03-08,-0.7657171793918829
2026-03-08 12:10:08.029000+00:00,12,Sunday,2026-03-08,-8.536337948207828
2026-03-08 12:10:30.488000+00:00,12,Sunday,2026-03-08,-2.253806993687099
2026-03-08 12:12:49.702000+00:00,12,Sunday,2026-03-08,-0.48489453566386814
2026-03-08 12:13:37.349000+00:00,12,Sunday,2026-03-08,-8.19965127611987
2026-03-08 12:13:38.432000+00:00,12,Sunday,2026-03-08,-2.876788443215931
2026-03-08 12:14:42.084000+00:00,12,Sunday,2026-03-08,-0.07141050496463708
2026-03-08 12:14:42.084000+00:00,12,Sunday,2026-03-08,0.5461667524481348
2026-03-08 12:14:50.454000+00:00,12,Sunday,2026-03-08,-0.47750990636792545
2026-03-08 12:13:38.432000+00:00,12,Sunday,2026-03-08,8.09364043284494
2026-03-08 12:11:06.953000+00:00,12,Sunday,2026-03-08,-10.018730011199672
2026-03-08 12:14:32.127000+00:00,12,Sunday,2026-03-08,-1.5693172730879352
2026-03-08 12:16:42.655000+00:00,12,Sunday,2026-03-08,-2.4379713216215113
2026-03-08 12:16:42.655000+00:00,12,Sunday,2026-03-08,-3.092980767616001
2026-03-08 12:17:26.714000+00:00,12,Sunday,2026-03-08,0.1354746812320135
2026-03-08 12:17:38.076000+00:00,12,Sunday,2026-03-08,-0.7316587964161181
2026-03-08 12:16:13.548000+00:00,12,Sunday,2026-03-08,7.644317870765612
2026-03-08 12:17:38.076000+00:00,12,Sunday,2026-03-08,-0.09675074160004515
2026-03-08 12:17:52.395000+00:00,12,Sunday,2026-03-08,-2.4821893293120563
2026-03-08 12:18:45.454000+00:00,12,Sunday,2026-03-08,-3.8776967911678693
2026-03-08 12:19:27.626000+00:00,12,Sunday,2026-03-08,-0.43727533449598477
2026-03-08 12:17:50.146000+00:00,12,Sunday,2026-03-08,-3.2044682428798072
2026-03-08 12:17:52.395000+00:00,12,Sunday,2026-03-08,-3.7296317964958785
2026-03-08 12:18:43.362000+00:00,12,Sunday,2026-03-08,-4.164363635583869
2026-03-08 12:19:25.037000+00:00,12,Sunday,2026-03-08,-3.3605160976799726
2026-03-08 12:20:22.039000+00:00,12,Sunday,2026-03-08,-2.4534408902078866
2026-03-08 12:19:43.017000+00:00,12,Sunday,2026-03-08,-0.9573998989520927
2026-03-08 12:20:52.020000+00:00,12,Sunday,2026-03-08,-0.8889591274199529
2026-03-08 12:20:52.020000+00:00,12,Sunday,2026-03-08,-1.7526247573118323
2026-03-08 12:21:25.930000+00:00,12,Sunday,2026-03-08,-0.4670601148799727
2026-03-08 12:21:28.251000+00:00,12,Sunday,2026-03-08,-0.7661045953439676
2026-03-08 12:22:22.995000+00:00,12,Sunday,2026-03-08,-0.9101158377919822
2026-03-08 12:19:59.251000+00:00,12,Sunday,2026-03-08,1.444729855223077
2026-03-08 12:20:29.986000+00:00,12,Sunday,2026-03-08,-2.2029944816159257
2026-03-08 12:20:51.468000+00:00,12,Sunday,2026-03-08,-1.2189215972878777
2026-03-08 12:22:46.612000+00:00,12,Sunday,2026-03-08,-1.912307567631828
2026-03-08 12:19:57.678000+00:00,12,Sunday,2026-03-08,7.38563167706303
2026-03-08 12:23:02.954000+00:00,12,Sunday,2026-03-08,-0.4435715528958992
2026-03-08 12:23:26.554000+00:00,12,Sunday,2026-03-08,-0.5566485244318056
2026-03-08 12:22:52.983000+00:00,12,Sunday,2026-03-08,-0.24428276394232123
2026-03-08 12:22:52.983000+00:00,12,Sunday,2026-03-08,-2.0179464209278155
2026-03-08 12:24:57.215000+00:00,12,Sunday,2026-03-08,-1.0270107905519923
2026-03-08 12:25:27.274000+00:00,12,Sunday,2026-03-08,-0.20656381479998687
2026-03-08 12:25:39.392000+00:00,12,Sunday,2026-03-08,-0.43513281851176927
2026-03-08 12:25:44.674000+00:00,12,Sunday,2026-03-08,-9.97690131425567
2026-03-08 12:23:29.195000+00:00,12,Sunday,2026-03-08,-0.9655805887199662
2026-03-08 12:23:56.569000+00:00,12,Sunday,2026-03-08,-0.8768661105437995
2026-03-08 12:26:33.836000+00:00,12,Sunday,2026-03-08,-0.9701328815198713
2026-03-08 12:26:57.819000+00:00,12,Sunday,2026-03-08,-0.7481491155359736
2026-03-08 12:25:57.196000+00:00,12,Sunday,2026-03-08,-4.810910849919811
2026-03-08 12:26:53.639000+00:00,12,Sunday,2026-03-08,-2.6428612972799312
2026-03-08 12:28:32.350000+00:00,12,Sunday,2026-03-08,-0.4885453046319733
2026-03-08 12:28:58.420000+00:00,12,Sunday,2026-03-08,-1.3328818434079226
2026-03-08 12:28:54.326000+00:00,12,Sunday,2026-03-08,-0.15395782252799273
2026-03-08 12:27:20.104000+00:00,12,Sunday,2026-03-08,-7.517838795199682
2026-03-08 12:30:19.973000+00:00,12,Sunday,2026-03-08,-1.2759647656567796
2026-03-08 12:31:05.751000+00:00,12,Sunday,2026-03-08,-0.7587140070719884
2026-03-08 12:30:56.500000+00:00,12,Sunday,2026-03-08,-1.5956676030398764
2026-03-08 12:31:22.702000+00:00,12,Sunday,2026-03-08,-0.051744219911944445
2026-03-08 12:32:26.123000+00:00,12,Sunday,2026-03-08,-0.3257660604799613
2026-03-08 12:30:56.500000+00:00,12,Sunday,2026-03-08,-3.8463229133997063
2026-03-08 12:33:02.847000+00:00,12,Sunday,2026-03-08,-0.5100782990240599
2026-03-08 12:33:02.847000+00:00,12,Sunday,2026-03-08,-0.7715447255199342
2026-03-08 12:33:06.592000+00:00,12,Sunday,2026-03-08,-0.9135956141759058
2026-03-08 12:33:30.905000+00:00,12,Sunday,2026-03-08,-0.005879017248114127
2026-03-08 12:33:02.847000+00:00,12,Sunday,2026-03-08,-26.548978488267036
2026-03-08 12:33:02.847000+00:00,12,Sunday,2026-03-08,-1.1309988398400224
2026-03-08 12:33:03.410000+00:00,12,Sunday,2026-03-08,-0.2544277847999622
2026-03-08 12:33:30.905000+00:00,12,Sunday,2026-03-08,-5.341545994559728
2026-03-08 12:35:08.370000+00:00,12,Sunday,2026-03-08,4.648556501728526
2026-03-08 12:37:08.960000+00:00,12,Sunday,2026-03-08,-1.0796058984000387
2026-03-08 12:34:56.770000+00:00,12,Sunday,2026-03-08,-1.0645155898559875
2026-03-08 12:35:03.625000+00:00,12,Sunday,2026-03-08,-1.2163982636927517
2026-03-08 12:35:03.625000+00:00,12,Sunday,2026-03-08,-1.7153595049920516
2026-03-08 12:35:03.625000+00:00,12,Sunday,2026-03-08,-0.65095795631985
2026-03-08 12:35:07.317000+00:00,12,Sunday,2026-03-08,-1.5085385256480803
2026-03-08 12:35:58.008000+00:00,12,Sunday,2026-03-08,-1.99483366916158
2026-03-08 12:36:11.398000+00:00,12,Sunday,2026-03-08,-0.9775540555199304
2026-03-08 12:36:37.123000+00:00,12,Sunday,2026-03-08,-0.2981254795438071
2026-03-08 12:37:02.600000+00:00,12,Sunday,2026-03-08,-0.4663431704639752
2026-03-08 12:39:09.930000+00:00,12,Sunday,2026-03-08,0.5637275280001925
